stage,q,domain,A_reference,A_comparator,value_retained
PRE,0.05,F,0.0,0.0,
PRE,0.05,F,0.0,0.0,
PRE,0.05,F,0.0,0.0,
PRE,0.05,F,0.6975518192753524,0.6975518192753524,1.0
PRE,0.05,F,0.6975518192753524,0.6975518192753524,1.0
PRE,0.05,F,0.6975518192753524,0.6975518192753524,1.0
PRE,0.05,F,0.6975518192753524,0.6975518192753524,1.0
PRE,0.05,F,0.6975518192753524,0.6975518192753524,1.0
PRE,0.05,F,0.6975518192753524,0.6975518192753524,1.0
PRE,0.05,F,0.6975518192753524,0.6975518192753524,1.0
PRE,0.05,F,1.1523638527267428,0.6975518192753524,0.6053225442856381
PRE,0.05,F,1.1523638527267428,0.6975518192753524,0.6053225442856381
PRE,0.05,F,1.1523638527267428,0.6975518192753524,0.6053225442856381
PRE,0.05,F,1.1523638527267428,0.6975518192753524,0.6053225442856381
PRE,0.05,F,1.1523638527267428,0.6975518192753524,0.6053225442856381
PRE,0.05,F,1.1523638527267428,0.6975518192753524,0.6053225442856381
PRE,0.05,F,1.1523638527267428,0.6975518192753524,0.6053225442856381
PRE,0.05,F,1.1523638527267428,0.6975518192753524,0.6053225442856381
PRE,0.05,F,1.1523638527267428,0.6975518192753524,0.6053225442856381
PRE,0.05,F,1.1523638527267428,0.6975518192753524,0.6053225442856381
PRE,0.05,F,1.1523638527267428,0.6975518192753524,0.6053225442856381
PRE,0.05,F,1.1523638527267428,0.6975518192753524,0.6053225442856381
PRE,0.05,F,1.1523638527267428,0.6975518192753524,0.6053225442856381
PRE,0.05,F,1.1523638527267428,0.6975518192753524,0.6053225442856381
PRE,0.05,F,1.1523638527267428,0.6975518192753524,0.6053225442856381
PRE,0.05,F,1.1523638527267428,0.6975518192753524,0.6053225442856381
PRE,0.05,F,1.1523638527267428,0.6975518192753524,0.6053225442856381
PRE,0.05,F,1.1523638527267428,0.6975518192753524,0.6053225442856381
PRE,0.05,F,1.1523638527267428,0.6975518192753524,0.6053225442856381
PRE,0.05,F,1.1523638527267428,0.6975518192753524,0.6053225442856381
PRE,0.05,F,1.1523638527267428,0.6975518192753524,0.6053225442856381
PRE,0.05,F,1.1523638527267428,1.336956746804382,1.1601862932795508
PRE,0.05,F,1.1523638527267428,1.336956746804382,1.1601862932795508
PRE,0.05,F,1.1523638527267428,1.336956746804382,1.1601862932795508
PRE,0.05,F,1.1523638527267428,1.336956746804382,1.1601862932795508
PRE,0.05,F,1.1523638527267428,1.336956746804382,1.1601862932795508
PRE,0.05,F,1.1523638527267428,1.336956746804382,1.1601862932795508
PRE,0.05,F,1.1523638527267428,1.336956746804382,1.1601862932795508
PRE,0.05,F,1.1523638527267428,1.336956746804382,1.1601862932795508
PRE,0.05,F,1.1523638527267428,1.336956746804382,1.1601862932795508
PRE,0.05,F,1.8152599567930925,1.9998528508707314,1.1016895092005157
PRE,0.05,F,1.8152599567930925,1.9998528508707314,1.1016895092005157
PRE,0.05,F,1.8152599567930925,1.9998528508707314,1.1016895092005157
PRE,0.05,F,1.8152599567930925,1.9998528508707314,1.1016895092005157
PRE,0.05,F,1.8152599567930925,1.9998528508707314,1.1016895092005157
PRE,0.05,F,1.8152599567930925,1.9998528508707314,1.1016895092005157
PRE,0.05,F,1.8152599567930925,1.9998528508707314,1.1016895092005157
PRE,0.05,F,1.8152599567930925,1.9998528508707314,1.1016895092005157
PRE,0.05,P,0.0,0.0,
PRE,0.05,P,0.0,0.0,
PRE,0.05,P,0.0,0.0,
PRE,0.05,P,2.0354340981549894,2.0354340981549894,1.0
PRE,0.05,P,2.0354340981549894,2.0354340981549894,1.0
PRE,0.05,P,2.0354340981549894,2.0354340981549894,1.0
PRE,0.05,P,2.0354340981549894,2.0354340981549894,1.0
PRE,0.05,P,2.0354340981549894,2.0354340981549894,1.0
PRE,0.05,P,2.0354340981549894,2.0354340981549894,1.0
PRE,0.05,P,2.0354340981549894,2.0354340981549894,1.0
PRE,0.05,P,4.290483328505835,2.0354340981549894,0.4744067141880333
PRE,0.05,P,4.290483328505835,2.0354340981549894,0.4744067141880333
PRE,0.05,P,4.290483328505835,2.0354340981549894,0.4744067141880333
PRE,0.05,P,4.290483328505835,2.0354340981549894,0.4744067141880333
PRE,0.05,P,4.290483328505835,2.0354340981549894,0.4744067141880333
PRE,0.05,P,4.290483328505835,2.0354340981549894,0.4744067141880333
PRE,0.05,P,4.290483328505835,2.0354340981549894,0.4744067141880333
PRE,0.05,P,4.290483328505835,2.0354340981549894,0.4744067141880333
PRE,0.05,P,4.290483328505835,2.0354340981549894,0.4744067141880333
PRE,0.05,P,4.290483328505835,2.0354340981549894,0.4744067141880333
PRE,0.05,P,4.290483328505835,2.0354340981549894,0.4744067141880333
PRE,0.05,P,4.290483328505835,2.0354340981549894,0.4744067141880333
PRE,0.05,P,4.290483328505835,2.0354340981549894,0.4744067141880333
PRE,0.05,P,4.290483328505835,2.0354340981549894,0.4744067141880333
PRE,0.05,P,4.290483328505835,2.0354340981549894,0.4744067141880333
PRE,0.05,P,4.290483328505835,2.0354340981549894,0.4744067141880333
PRE,0.05,P,4.290483328505835,2.0354340981549894,0.4744067141880333
PRE,0.05,P,4.290483328505835,2.0354340981549894,0.4744067141880333
PRE,0.05,P,4.290483328505835,2.0354340981549894,0.4744067141880333
PRE,0.05,P,4.290483328505835,2.0354340981549894,0.4744067141880333
PRE,0.05,P,4.290483328505835,2.0354340981549894,0.4744067141880333
PRE,0.05,P,4.290483328505835,3.223520372418374,0.7513187036531309
PRE,0.05,P,4.290483328505835,3.223520372418374,0.7513187036531309
PRE,0.05,P,4.290483328505835,3.223520372418374,0.7513187036531309
PRE,0.05,P,4.290483328505835,3.223520372418374,0.7513187036531309
PRE,0.05,P,4.290483328505835,3.223520372418374,0.7513187036531309
PRE,0.05,P,4.290483328505835,3.223520372418374,0.7513187036531309
PRE,0.05,P,4.290483328505835,3.223520372418374,0.7513187036531309
PRE,0.05,P,4.290483328505835,3.223520372418374,0.7513187036531309
PRE,0.05,P,4.290483328505835,3.223520372418374,0.7513187036531309
PRE,0.05,P,6.130694046177252,5.063731090089791,0.8259637574390525
PRE,0.05,P,6.130694046177252,5.063731090089791,0.8259637574390525
PRE,0.05,P,6.130694046177252,5.063731090089791,0.8259637574390525
PRE,0.05,P,6.130694046177252,5.063731090089791,0.8259637574390525
PRE,0.05,P,6.130694046177252,5.063731090089791,0.8259637574390525
PRE,0.05,P,6.130694046177252,5.063731090089791,0.8259637574390525
PRE,0.05,P,6.130694046177252,5.063731090089791,0.8259637574390525
PRE,0.05,P,6.130694046177252,5.063731090089791,0.8259637574390525
PRE,0.05,R,0.0,0.0,
PRE,0.05,R,0.0,0.0,
PRE,0.05,R,0.0,0.0,
PRE,0.05,R,0.2904508229345084,0.2904508229345084,1.0
PRE,0.05,R,0.2904508229345084,0.2904508229345084,1.0
PRE,0.05,R,0.2904508229345084,0.2904508229345084,1.0
PRE,0.05,R,0.2904508229345084,0.2904508229345084,1.0
PRE,0.05,R,0.2904508229345084,0.2904508229345084,1.0
PRE,0.05,R,0.2904508229345084,0.2904508229345084,1.0
PRE,0.05,R,0.2904508229345084,0.2904508229345084,1.0
PRE,0.05,R,0.5375887297792361,0.2904508229345084,0.5402844346342299
PRE,0.05,R,0.5375887297792361,0.2904508229345084,0.5402844346342299
PRE,0.05,R,0.5375887297792361,0.2904508229345084,0.5402844346342299
PRE,0.05,R,0.5375887297792361,0.2904508229345084,0.5402844346342299
PRE,0.05,R,0.5375887297792361,0.2904508229345084,0.5402844346342299
PRE,0.05,R,0.5375887297792361,0.2904508229345084,0.5402844346342299
PRE,0.05,R,0.5375887297792361,0.2904508229345084,0.5402844346342299
PRE,0.05,R,0.5375887297792361,0.2904508229345084,0.5402844346342299
PRE,0.05,R,0.5375887297792361,0.2904508229345084,0.5402844346342299
PRE,0.05,R,0.5375887297792361,0.2904508229345084,0.5402844346342299
PRE,0.05,R,0.5375887297792361,0.2904508229345084,0.5402844346342299
PRE,0.05,R,0.5375887297792361,0.2904508229345084,0.5402844346342299
PRE,0.05,R,0.5375887297792361,0.2904508229345084,0.5402844346342299
PRE,0.05,R,0.5375887297792361,0.2904508229345084,0.5402844346342299
PRE,0.05,R,0.5375887297792361,0.2904508229345084,0.5402844346342299
PRE,0.05,R,0.5375887297792361,0.2904508229345084,0.5402844346342299
PRE,0.05,R,0.5375887297792361,0.2904508229345084,0.5402844346342299
PRE,0.05,R,0.5375887297792361,0.2904508229345084,0.5402844346342299
PRE,0.05,R,0.5375887297792361,0.2904508229345084,0.5402844346342299
PRE,0.05,R,0.5375887297792361,0.2904508229345084,0.5402844346342299
PRE,0.05,R,0.5375887297792361,0.2904508229345084,0.5402844346342299
PRE,0.05,R,0.5375887297792361,0.30413534305989753,0.5657398048221592
PRE,0.05,R,0.5375887297792361,0.30413534305989753,0.5657398048221592
PRE,0.05,R,0.5375887297792361,0.30413534305989753,0.5657398048221592
PRE,0.05,R,0.5375887297792361,0.30413534305989753,0.5657398048221592
PRE,0.05,R,0.5375887297792361,0.30413534305989753,0.5657398048221592
PRE,0.05,R,0.5375887297792361,0.30413534305989753,0.5657398048221592
PRE,0.05,R,0.5375887297792361,0.30413534305989753,0.5657398048221592
PRE,0.05,R,0.5375887297792361,0.30413534305989753,0.5657398048221592
PRE,0.05,R,0.5375887297792361,0.30413534305989753,0.5657398048221592
PRE,0.05,R,0.9253539152909069,0.6919005285715685,0.7477144875472356
PRE,0.05,R,0.9253539152909069,0.6919005285715685,0.7477144875472356
PRE,0.05,R,0.9253539152909069,0.6919005285715685,0.7477144875472356
PRE,0.05,R,0.9253539152909069,0.6919005285715685,0.7477144875472356
PRE,0.05,R,0.9253539152909069,0.6919005285715685,0.7477144875472356
PRE,0.05,R,0.9253539152909069,0.6919005285715685,0.7477144875472356
PRE,0.05,R,0.9253539152909069,0.6919005285715685,0.7477144875472356
PRE,0.05,R,0.9253539152909069,0.6919005285715685,0.7477144875472356
PRE,0.05,F_continuity,0.0,0.0,
PRE,0.05,F_continuity,0.0,0.0,
PRE,0.05,F_continuity,0.0,0.0,
PRE,0.05,F_continuity,0.0,0.0,
PRE,0.05,F_continuity,0.0,0.0,
PRE,0.05,F_continuity,0.0,0.0,
PRE,0.05,F_continuity,0.0,0.0,
PRE,0.05,F_continuity,0.0,0.0,
PRE,0.05,F_continuity,0.0,0.0,
PRE,0.05,F_continuity,0.0,0.0,
PRE,0.05,F_continuity,0.0,0.0,
PRE,0.05,F_continuity,0.0,0.0,
PRE,0.05,F_continuity,0.0,0.0,
PRE,0.05,F_continuity,0.0,0.0,
PRE,0.05,F_continuity,0.0,0.0,
PRE,0.05,F_continuity,0.0,0.0,
PRE,0.05,F_continuity,0.0,0.0,
PRE,0.05,F_continuity,0.0,0.0,
PRE,0.05,F_continuity,0.0,0.0,
PRE,0.05,F_continuity,0.0,0.0,
PRE,0.05,F_continuity,0.0,0.0,
PRE,0.05,F_continuity,0.0,0.0,
PRE,0.05,F_continuity,0.0,0.0,
PRE,0.05,F_continuity,0.0,0.0,
PRE,0.05,F_continuity,0.0,0.0,
PRE,0.05,F_continuity,0.0,0.0,
PRE,0.05,F_continuity,0.0,0.0,
PRE,0.05,F_continuity,0.0,0.0,
PRE,0.05,F_continuity,0.0,0.0,
PRE,0.05,F_continuity,0.0,0.0,
PRE,0.05,F_continuity,0.0,0.0,
PRE,0.05,F_continuity,0.0,0.023970170454545452,
PRE,0.05,F_continuity,0.0,0.023970170454545452,
PRE,0.05,F_continuity,0.0,0.023970170454545452,
PRE,0.05,F_continuity,0.0,0.023970170454545452,
PRE,0.05,F_continuity,0.0,0.023970170454545452,
PRE,0.05,F_continuity,0.0,0.023970170454545452,
PRE,0.05,F_continuity,0.0,0.023970170454545452,
PRE,0.05,F_continuity,0.0,0.023970170454545452,
PRE,0.05,F_continuity,0.0,0.023970170454545452,
PRE,0.05,F_continuity,0.0,0.023970170454545452,
PRE,0.05,F_continuity,0.0,0.023970170454545452,
PRE,0.05,F_continuity,0.0,0.023970170454545452,
PRE,0.05,F_continuity,0.0,0.023970170454545452,
PRE,0.05,F_continuity,0.0,0.023970170454545452,
PRE,0.05,F_continuity,0.0,0.023970170454545452,
PRE,0.05,F_continuity,0.0,0.023970170454545452,
PRE,0.05,F_continuity,0.0,0.023970170454545452,
PRE,0.05,F_execution,0.0,0.0,
PRE,0.05,F_execution,0.0,0.0,
PRE,0.05,F_execution,0.0,0.0,
PRE,0.05,F_execution,0.7212703875402974,0.7212703875402974,1.0
PRE,0.05,F_execution,0.7212703875402974,0.7212703875402974,1.0
PRE,0.05,F_execution,0.7212703875402974,0.7212703875402974,1.0
PRE,0.05,F_execution,0.7212703875402974,0.7212703875402974,1.0
PRE,0.05,F_execution,0.7212703875402974,0.7212703875402974,1.0
PRE,0.05,F_execution,0.7212703875402974,0.7212703875402974,1.0
PRE,0.05,F_execution,0.7212703875402974,0.7212703875402974,1.0
PRE,0.05,F_execution,1.1808508123298558,0.7212703875402974,0.6108056835030737
PRE,0.05,F_execution,1.1808508123298558,0.7212703875402974,0.6108056835030737
PRE,0.05,F_execution,1.1808508123298558,0.7212703875402974,0.6108056835030737
PRE,0.05,F_execution,1.1808508123298558,0.7212703875402974,0.6108056835030737
PRE,0.05,F_execution,1.1808508123298558,0.7212703875402974,0.6108056835030737
PRE,0.05,F_execution,1.1808508123298558,0.7212703875402974,0.6108056835030737
PRE,0.05,F_execution,1.1808508123298558,0.7212703875402974,0.6108056835030737
PRE,0.05,F_execution,1.1808508123298558,0.7212703875402974,0.6108056835030737
PRE,0.05,F_execution,1.1808508123298558,0.7212703875402974,0.6108056835030737
PRE,0.05,F_execution,1.1808508123298558,0.7212703875402974,0.6108056835030737
PRE,0.05,F_execution,1.1808508123298558,0.7212703875402974,0.6108056835030737
PRE,0.05,F_execution,1.1808508123298558,0.7212703875402974,0.6108056835030737
PRE,0.05,F_execution,1.1808508123298558,0.7212703875402974,0.6108056835030737
PRE,0.05,F_execution,1.1808508123298558,0.7212703875402974,0.6108056835030737
PRE,0.05,F_execution,1.1808508123298558,0.7212703875402974,0.6108056835030737
PRE,0.05,F_execution,1.1808508123298558,0.7212703875402974,0.6108056835030737
PRE,0.05,F_execution,1.1808508123298558,0.7212703875402974,0.6108056835030737
PRE,0.05,F_execution,1.1808508123298558,0.7212703875402974,0.6108056835030737
PRE,0.05,F_execution,1.1808508123298558,0.7212703875402974,0.6108056835030737
PRE,0.05,F_execution,1.1808508123298558,0.7212703875402974,0.6108056835030737
PRE,0.05,F_execution,1.1808508123298558,0.7212703875402974,0.6108056835030737
PRE,0.05,F_execution,1.1808508123298558,1.4203082957143156,1.2027838579473071
PRE,0.05,F_execution,1.1808508123298558,1.4203082957143156,1.2027838579473071
PRE,0.05,F_execution,1.1808508123298558,1.4203082957143156,1.2027838579473071
PRE,0.05,F_execution,1.1808508123298558,1.4203082957143156,1.2027838579473071
PRE,0.05,F_execution,1.1808508123298558,1.4203082957143156,1.2027838579473071
PRE,0.05,F_execution,1.1808508123298558,1.4203082957143156,1.2027838579473071
PRE,0.05,F_execution,1.1808508123298558,1.4203082957143156,1.2027838579473071
PRE,0.05,F_execution,1.1808508123298558,1.4203082957143156,1.2027838579473071
PRE,0.05,F_execution,1.1808508123298558,1.4203082957143156,1.2027838579473071
PRE,0.05,F_execution,1.8455936713828978,2.0850511547673576,1.1297455052525376
PRE,0.05,F_execution,1.8455936713828978,2.0850511547673576,1.1297455052525376
PRE,0.05,F_execution,1.8455936713828978,2.0850511547673576,1.1297455052525376
PRE,0.05,F_execution,1.8455936713828978,2.0850511547673576,1.1297455052525376
PRE,0.05,F_execution,1.8455936713828978,2.0850511547673576,1.1297455052525376
PRE,0.05,F_execution,1.8455936713828978,2.0850511547673576,1.1297455052525376
PRE,0.05,F_execution,1.8455936713828978,2.0850511547673576,1.1297455052525376
PRE,0.05,F_execution,1.8455936713828978,2.0850511547673576,1.1297455052525376
PRE,0.05,F_propagation,0.0,0.0,
PRE,0.05,F_propagation,0.0,0.0,
PRE,0.05,F_propagation,0.0,0.0,
PRE,0.05,F_propagation,1.37138507028576,1.37138507028576,1.0
PRE,0.05,F_propagation,1.37138507028576,1.37138507028576,1.0
PRE,0.05,F_propagation,1.37138507028576,1.37138507028576,1.0
PRE,0.05,F_propagation,1.37138507028576,1.37138507028576,1.0
PRE,0.05,F_propagation,1.37138507028576,1.37138507028576,1.0
PRE,0.05,F_propagation,1.37138507028576,1.37138507028576,1.0
PRE,0.05,F_propagation,1.37138507028576,1.37138507028576,1.0
PRE,0.05,F_propagation,2.276240745850373,1.37138507028576,0.602478043144522
PRE,0.05,F_propagation,2.276240745850373,1.37138507028576,0.602478043144522
PRE,0.05,F_propagation,2.276240745850373,1.37138507028576,0.602478043144522
PRE,0.05,F_propagation,2.276240745850373,1.37138507028576,0.602478043144522
PRE,0.05,F_propagation,2.276240745850373,1.37138507028576,0.602478043144522
PRE,0.05,F_propagation,2.276240745850373,1.37138507028576,0.602478043144522
PRE,0.05,F_propagation,2.276240745850373,1.37138507028576,0.602478043144522
PRE,0.05,F_propagation,2.276240745850373,1.37138507028576,0.602478043144522
PRE,0.05,F_propagation,2.276240745850373,1.37138507028576,0.602478043144522
PRE,0.05,F_propagation,2.276240745850373,1.37138507028576,0.602478043144522
PRE,0.05,F_propagation,2.276240745850373,1.37138507028576,0.602478043144522
PRE,0.05,F_propagation,2.276240745850373,1.37138507028576,0.602478043144522
PRE,0.05,F_propagation,2.276240745850373,1.37138507028576,0.602478043144522
PRE,0.05,F_propagation,2.276240745850373,1.37138507028576,0.602478043144522
PRE,0.05,F_propagation,2.276240745850373,1.37138507028576,0.602478043144522
PRE,0.05,F_propagation,2.276240745850373,1.37138507028576,0.602478043144522
PRE,0.05,F_propagation,2.276240745850373,1.37138507028576,0.602478043144522
PRE,0.05,F_propagation,2.276240745850373,1.37138507028576,0.602478043144522
PRE,0.05,F_propagation,2.276240745850373,1.37138507028576,0.602478043144522
PRE,0.05,F_propagation,2.276240745850373,1.37138507028576,0.602478043144522
PRE,0.05,F_propagation,2.276240745850373,1.37138507028576,0.602478043144522
PRE,0.05,F_propagation,2.276240745850373,2.5665917742442854,1.1275572581341526
PRE,0.05,F_propagation,2.276240745850373,2.5665917742442854,1.1275572581341526
PRE,0.05,F_propagation,2.276240745850373,2.5665917742442854,1.1275572581341526
PRE,0.05,F_propagation,2.276240745850373,2.5665917742442854,1.1275572581341526
PRE,0.05,F_propagation,2.276240745850373,2.5665917742442854,1.1275572581341526
PRE,0.05,F_propagation,2.276240745850373,2.5665917742442854,1.1275572581341526
PRE,0.05,F_propagation,2.276240745850373,2.5665917742442854,1.1275572581341526
PRE,0.05,F_propagation,2.276240745850373,2.5665917742442854,1.1275572581341526
PRE,0.05,F_propagation,2.276240745850373,2.5665917742442854,1.1275572581341526
PRE,0.05,F_propagation,3.60018619899638,3.8905372273902925,1.0806488921253166
PRE,0.05,F_propagation,3.60018619899638,3.8905372273902925,1.0806488921253166
PRE,0.05,F_propagation,3.60018619899638,3.8905372273902925,1.0806488921253166
PRE,0.05,F_propagation,3.60018619899638,3.8905372273902925,1.0806488921253166
PRE,0.05,F_propagation,3.60018619899638,3.8905372273902925,1.0806488921253166
PRE,0.05,F_propagation,3.60018619899638,3.8905372273902925,1.0806488921253166
PRE,0.05,F_propagation,3.60018619899638,3.8905372273902925,1.0806488921253166
PRE,0.05,F_propagation,3.60018619899638,3.8905372273902925,1.0806488921253166
PRE,0.05,P_time,0.0,0.0,
PRE,0.05,P_time,0.0,0.0,
PRE,0.05,P_time,0.0,0.0,
PRE,0.05,P_time,1.782930277502933,1.782930277502933,1.0
PRE,0.05,P_time,1.782930277502933,1.782930277502933,1.0
PRE,0.05,P_time,1.782930277502933,1.782930277502933,1.0
PRE,0.05,P_time,1.782930277502933,1.782930277502933,1.0
PRE,0.05,P_time,1.782930277502933,1.782930277502933,1.0
PRE,0.05,P_time,1.782930277502933,1.782930277502933,1.0
PRE,0.05,P_time,1.782930277502933,1.782930277502933,1.0
PRE,0.05,P_time,3.0824404174576303,1.782930277502933,0.5784151633248691
PRE,0.05,P_time,3.0824404174576303,1.782930277502933,0.5784151633248691
PRE,0.05,P_time,3.0824404174576303,1.782930277502933,0.5784151633248691
PRE,0.05,P_time,3.0824404174576303,1.782930277502933,0.5784151633248691
PRE,0.05,P_time,3.0824404174576303,1.782930277502933,0.5784151633248691
PRE,0.05,P_time,3.0824404174576303,1.782930277502933,0.5784151633248691
PRE,0.05,P_time,3.0824404174576303,1.782930277502933,0.5784151633248691
PRE,0.05,P_time,3.0824404174576303,1.782930277502933,0.5784151633248691
PRE,0.05,P_time,3.0824404174576303,1.782930277502933,0.5784151633248691
PRE,0.05,P_time,3.0824404174576303,1.782930277502933,0.5784151633248691
PRE,0.05,P_time,3.0824404174576303,1.782930277502933,0.5784151633248691
PRE,0.05,P_time,3.0824404174576303,1.782930277502933,0.5784151633248691
PRE,0.05,P_time,3.0824404174576303,1.782930277502933,0.5784151633248691
PRE,0.05,P_time,3.0824404174576303,1.782930277502933,0.5784151633248691
PRE,0.05,P_time,3.0824404174576303,1.782930277502933,0.5784151633248691
PRE,0.05,P_time,3.0824404174576303,1.782930277502933,0.5784151633248691
PRE,0.05,P_time,3.0824404174576303,1.782930277502933,0.5784151633248691
PRE,0.05,P_time,3.0824404174576303,1.782930277502933,0.5784151633248691
PRE,0.05,P_time,3.0824404174576303,1.782930277502933,0.5784151633248691
PRE,0.05,P_time,3.0824404174576303,1.782930277502933,0.5784151633248691
PRE,0.05,P_time,3.0824404174576303,1.782930277502933,0.5784151633248691
PRE,0.05,P_time,3.0824404174576303,2.6275643618794984,0.852429895156478
PRE,0.05,P_time,3.0824404174576303,2.6275643618794984,0.852429895156478
PRE,0.05,P_time,3.0824404174576303,2.6275643618794984,0.852429895156478
PRE,0.05,P_time,3.0824404174576303,2.6275643618794984,0.852429895156478
PRE,0.05,P_time,3.0824404174576303,2.6275643618794984,0.852429895156478
PRE,0.05,P_time,3.0824404174576303,2.6275643618794984,0.852429895156478
PRE,0.05,P_time,3.0824404174576303,2.6275643618794984,0.852429895156478
PRE,0.05,P_time,3.0824404174576303,2.6275643618794984,0.852429895156478
PRE,0.05,P_time,3.0824404174576303,2.6275643618794984,0.852429895156478
PRE,0.05,P_time,4.539852632361,4.084976576782868,0.8998037838638897
PRE,0.05,P_time,4.539852632361,4.084976576782868,0.8998037838638897
PRE,0.05,P_time,4.539852632361,4.084976576782868,0.8998037838638897
PRE,0.05,P_time,4.539852632361,4.084976576782868,0.8998037838638897
PRE,0.05,P_time,4.539852632361,4.084976576782868,0.8998037838638897
PRE,0.05,P_time,4.539852632361,4.084976576782868,0.8998037838638897
PRE,0.05,P_time,4.539852632361,4.084976576782868,0.8998037838638897
PRE,0.05,P_time,4.539852632361,4.084976576782868,0.8998037838638897
PRE,0.05,P_itinerary,0.0,0.0,
PRE,0.05,P_itinerary,0.0,0.0,
PRE,0.05,P_itinerary,0.0,0.0,
PRE,0.05,P_itinerary,0.2997599044890719,0.2997599044890719,1.0
PRE,0.05,P_itinerary,0.2997599044890719,0.2997599044890719,1.0
PRE,0.05,P_itinerary,0.2997599044890719,0.2997599044890719,1.0
PRE,0.05,P_itinerary,0.2997599044890719,0.2997599044890719,1.0
PRE,0.05,P_itinerary,0.2997599044890719,0.2997599044890719,1.0
PRE,0.05,P_itinerary,0.2997599044890719,0.2997599044890719,1.0
PRE,0.05,P_itinerary,0.2997599044890719,0.2997599044890719,1.0
PRE,0.05,P_itinerary,3.54305222183965,0.2997599044890719,0.08460499188844255
PRE,0.05,P_itinerary,3.54305222183965,0.2997599044890719,0.08460499188844255
PRE,0.05,P_itinerary,3.54305222183965,0.2997599044890719,0.08460499188844255
PRE,0.05,P_itinerary,3.54305222183965,0.2997599044890719,0.08460499188844255
PRE,0.05,P_itinerary,3.54305222183965,0.2997599044890719,0.08460499188844255
PRE,0.05,P_itinerary,3.54305222183965,0.2997599044890719,0.08460499188844255
PRE,0.05,P_itinerary,3.54305222183965,0.2997599044890719,0.08460499188844255
PRE,0.05,P_itinerary,3.54305222183965,0.2997599044890719,0.08460499188844255
PRE,0.05,P_itinerary,3.54305222183965,0.2997599044890719,0.08460499188844255
PRE,0.05,P_itinerary,3.54305222183965,0.2997599044890719,0.08460499188844255
PRE,0.05,P_itinerary,3.54305222183965,0.2997599044890719,0.08460499188844255
PRE,0.05,P_itinerary,3.54305222183965,0.2997599044890719,0.08460499188844255
PRE,0.05,P_itinerary,3.54305222183965,0.2997599044890719,0.08460499188844255
PRE,0.05,P_itinerary,3.54305222183965,0.2997599044890719,0.08460499188844255
PRE,0.05,P_itinerary,3.54305222183965,0.2997599044890719,0.08460499188844255
PRE,0.05,P_itinerary,3.54305222183965,0.2997599044890719,0.08460499188844255
PRE,0.05,P_itinerary,3.54305222183965,0.2997599044890719,0.08460499188844255
PRE,0.05,P_itinerary,3.54305222183965,0.2997599044890719,0.08460499188844255
PRE,0.05,P_itinerary,3.54305222183965,0.2997599044890719,0.08460499188844255
PRE,0.05,P_itinerary,3.54305222183965,0.2997599044890719,0.08460499188844255
PRE,0.05,P_itinerary,3.54305222183965,0.2997599044890719,0.08460499188844255
PRE,0.05,P_itinerary,3.54305222183965,0.8322941821494534,0.23490881026791735
PRE,0.05,P_itinerary,3.54305222183965,0.8322941821494534,0.23490881026791735
PRE,0.05,P_itinerary,3.54305222183965,0.8322941821494534,0.23490881026791735
PRE,0.05,P_itinerary,3.54305222183965,0.8322941821494534,0.23490881026791735
PRE,0.05,P_itinerary,3.54305222183965,0.8322941821494534,0.23490881026791735
PRE,0.05,P_itinerary,3.54305222183965,0.8322941821494534,0.23490881026791735
PRE,0.05,P_itinerary,3.54305222183965,0.8322941821494534,0.23490881026791735
PRE,0.05,P_itinerary,3.54305222183965,0.8322941821494534,0.23490881026791735
PRE,0.05,P_itinerary,3.54305222183965,0.8322941821494534,0.23490881026791735
PRE,0.05,P_itinerary,4.199418519534485,1.4886604798442882,0.3544920500110833
PRE,0.05,P_itinerary,4.199418519534485,1.4886604798442882,0.3544920500110833
PRE,0.05,P_itinerary,4.199418519534485,1.4886604798442882,0.3544920500110833
PRE,0.05,P_itinerary,4.199418519534485,1.4886604798442882,0.3544920500110833
PRE,0.05,P_itinerary,4.199418519534485,1.4886604798442882,0.3544920500110833
PRE,0.05,P_itinerary,4.199418519534485,1.4886604798442882,0.3544920500110833
PRE,0.05,P_itinerary,4.199418519534485,1.4886604798442882,0.3544920500110833
PRE,0.05,P_itinerary,4.199418519534485,1.4886604798442882,0.3544920500110833
PRE,0.05,P_service,0.0,0.0,
PRE,0.05,P_service,0.0,0.0,
PRE,0.05,P_service,0.0,0.0,
PRE,0.05,P_service,4.023612112472963,4.023612112472963,1.0
PRE,0.05,P_service,4.023612112472963,4.023612112472963,1.0
PRE,0.05,P_service,4.023612112472963,4.023612112472963,1.0
PRE,0.05,P_service,4.023612112472963,4.023612112472963,1.0
PRE,0.05,P_service,4.023612112472963,4.023612112472963,1.0
PRE,0.05,P_service,4.023612112472963,4.023612112472963,1.0
PRE,0.05,P_service,4.023612112472963,4.023612112472963,1.0
PRE,0.05,P_service,6.245957346220225,4.023612112472963,0.6441946189254517
PRE,0.05,P_service,6.245957346220225,4.023612112472963,0.6441946189254517
PRE,0.05,P_service,6.245957346220225,4.023612112472963,0.6441946189254517
PRE,0.05,P_service,6.245957346220225,4.023612112472963,0.6441946189254517
PRE,0.05,P_service,6.245957346220225,4.023612112472963,0.6441946189254517
PRE,0.05,P_service,6.245957346220225,4.023612112472963,0.6441946189254517
PRE,0.05,P_service,6.245957346220225,4.023612112472963,0.6441946189254517
PRE,0.05,P_service,6.245957346220225,4.023612112472963,0.6441946189254517
PRE,0.05,P_service,6.245957346220225,4.023612112472963,0.6441946189254517
PRE,0.05,P_service,6.245957346220225,4.023612112472963,0.6441946189254517
PRE,0.05,P_service,6.245957346220225,4.023612112472963,0.6441946189254517
PRE,0.05,P_service,6.245957346220225,4.023612112472963,0.6441946189254517
PRE,0.05,P_service,6.245957346220225,4.023612112472963,0.6441946189254517
PRE,0.05,P_service,6.245957346220225,4.023612112472963,0.6441946189254517
PRE,0.05,P_service,6.245957346220225,4.023612112472963,0.6441946189254517
PRE,0.05,P_service,6.245957346220225,4.023612112472963,0.6441946189254517
PRE,0.05,P_service,6.245957346220225,4.023612112472963,0.6441946189254517
PRE,0.05,P_service,6.245957346220225,4.023612112472963,0.6441946189254517
PRE,0.05,P_service,6.245957346220225,4.023612112472963,0.6441946189254517
PRE,0.05,P_service,6.245957346220225,4.023612112472963,0.6441946189254517
PRE,0.05,P_service,6.245957346220225,4.023612112472963,0.6441946189254517
PRE,0.05,P_service,6.245957346220225,6.21070257322617,0.9943555853746922
PRE,0.05,P_service,6.245957346220225,6.21070257322617,0.9943555853746922
PRE,0.05,P_service,6.245957346220225,6.21070257322617,0.9943555853746922
PRE,0.05,P_service,6.245957346220225,6.21070257322617,0.9943555853746922
PRE,0.05,P_service,6.245957346220225,6.21070257322617,0.9943555853746922
PRE,0.05,P_service,6.245957346220225,6.21070257322617,0.9943555853746922
PRE,0.05,P_service,6.245957346220225,6.21070257322617,0.9943555853746922
PRE,0.05,P_service,6.245957346220225,6.21070257322617,0.9943555853746922
PRE,0.05,P_service,6.245957346220225,6.21070257322617,0.9943555853746922
PRE,0.05,P_service,9.652810986636272,9.617556213642217,0.9963477195354946
PRE,0.05,P_service,9.652810986636272,9.617556213642217,0.9963477195354946
PRE,0.05,P_service,9.652810986636272,9.617556213642217,0.9963477195354946
PRE,0.05,P_service,9.652810986636272,9.617556213642217,0.9963477195354946
PRE,0.05,P_service,9.652810986636272,9.617556213642217,0.9963477195354946
PRE,0.05,P_service,9.652810986636272,9.617556213642217,0.9963477195354946
PRE,0.05,P_service,9.652810986636272,9.617556213642217,0.9963477195354946
PRE,0.05,P_service,9.652810986636272,9.617556213642217,0.9963477195354946
PRE,0.05,R_operating,0.0,0.0,
PRE,0.05,R_operating,0.0,0.0,
PRE,0.05,R_operating,0.0,0.0,
PRE,0.05,R_operating,0.2904508229345084,0.2904508229345084,1.0
PRE,0.05,R_operating,0.2904508229345084,0.2904508229345084,1.0
PRE,0.05,R_operating,0.2904508229345084,0.2904508229345084,1.0
PRE,0.05,R_operating,0.2904508229345084,0.2904508229345084,1.0
PRE,0.05,R_operating,0.2904508229345084,0.2904508229345084,1.0
PRE,0.05,R_operating,0.2904508229345084,0.2904508229345084,1.0
PRE,0.05,R_operating,0.2904508229345084,0.2904508229345084,1.0
PRE,0.05,R_operating,0.5375887297792361,0.2904508229345084,0.5402844346342299
PRE,0.05,R_operating,0.5375887297792361,0.2904508229345084,0.5402844346342299
PRE,0.05,R_operating,0.5375887297792361,0.2904508229345084,0.5402844346342299
PRE,0.05,R_operating,0.5375887297792361,0.2904508229345084,0.5402844346342299
PRE,0.05,R_operating,0.5375887297792361,0.2904508229345084,0.5402844346342299
PRE,0.05,R_operating,0.5375887297792361,0.2904508229345084,0.5402844346342299
PRE,0.05,R_operating,0.5375887297792361,0.2904508229345084,0.5402844346342299
PRE,0.05,R_operating,0.5375887297792361,0.2904508229345084,0.5402844346342299
PRE,0.05,R_operating,0.5375887297792361,0.2904508229345084,0.5402844346342299
PRE,0.05,R_operating,0.5375887297792361,0.2904508229345084,0.5402844346342299
PRE,0.05,R_operating,0.5375887297792361,0.2904508229345084,0.5402844346342299
PRE,0.05,R_operating,0.5375887297792361,0.2904508229345084,0.5402844346342299
PRE,0.05,R_operating,0.5375887297792361,0.2904508229345084,0.5402844346342299
PRE,0.05,R_operating,0.5375887297792361,0.2904508229345084,0.5402844346342299
PRE,0.05,R_operating,0.5375887297792361,0.2904508229345084,0.5402844346342299
PRE,0.05,R_operating,0.5375887297792361,0.2904508229345084,0.5402844346342299
PRE,0.05,R_operating,0.5375887297792361,0.2904508229345084,0.5402844346342299
PRE,0.05,R_operating,0.5375887297792361,0.2904508229345084,0.5402844346342299
PRE,0.05,R_operating,0.5375887297792361,0.2904508229345084,0.5402844346342299
PRE,0.05,R_operating,0.5375887297792361,0.2904508229345084,0.5402844346342299
PRE,0.05,R_operating,0.5375887297792361,0.2904508229345084,0.5402844346342299
PRE,0.05,R_operating,0.5375887297792361,0.30413534305989753,0.5657398048221592
PRE,0.05,R_operating,0.5375887297792361,0.30413534305989753,0.5657398048221592
PRE,0.05,R_operating,0.5375887297792361,0.30413534305989753,0.5657398048221592
PRE,0.05,R_operating,0.5375887297792361,0.30413534305989753,0.5657398048221592
PRE,0.05,R_operating,0.5375887297792361,0.30413534305989753,0.5657398048221592
PRE,0.05,R_operating,0.5375887297792361,0.30413534305989753,0.5657398048221592
PRE,0.05,R_operating,0.5375887297792361,0.30413534305989753,0.5657398048221592
PRE,0.05,R_operating,0.5375887297792361,0.30413534305989753,0.5657398048221592
PRE,0.05,R_operating,0.5375887297792361,0.30413534305989753,0.5657398048221592
PRE,0.05,R_operating,0.9253539152909069,0.6919005285715685,0.7477144875472356
PRE,0.05,R_operating,0.9253539152909069,0.6919005285715685,0.7477144875472356
PRE,0.05,R_operating,0.9253539152909069,0.6919005285715685,0.7477144875472356
PRE,0.05,R_operating,0.9253539152909069,0.6919005285715685,0.7477144875472356
PRE,0.05,R_operating,0.9253539152909069,0.6919005285715685,0.7477144875472356
PRE,0.05,R_operating,0.9253539152909069,0.6919005285715685,0.7477144875472356
PRE,0.05,R_operating,0.9253539152909069,0.6919005285715685,0.7477144875472356
PRE,0.05,R_operating,0.9253539152909069,0.6919005285715685,0.7477144875472356
TURN,0.05,F,0.0,0.0,
TURN,0.05,F,0.0,0.0,
TURN,0.05,F,0.0,0.0,
TURN,0.05,F,0.0,0.0,
TURN,0.05,F,0.6428345565604247,0.6428345565604247,1.0
TURN,0.05,F,0.6428345565604247,0.6428345565604247,1.0
TURN,0.05,F,0.6428345565604247,0.6428345565604247,1.0
TURN,0.05,F,1.2442910524802628,0.6428345565604247,0.5166271631376385
TURN,0.05,F,1.2442910524802628,0.6428345565604247,0.5166271631376385
TURN,0.05,F,1.2442910524802628,0.6428345565604247,0.5166271631376385
TURN,0.05,F,1.2442910524802628,0.6428345565604247,0.5166271631376385
TURN,0.05,F,1.2442910524802628,0.6428345565604247,0.5166271631376385
TURN,0.05,F,1.2442910524802628,0.6428345565604247,0.5166271631376385
TURN,0.05,F,1.2442910524802628,0.6428345565604247,0.5166271631376385
TURN,0.05,F,1.2442910524802628,1.5373857077987243,1.2355515252916363
TURN,0.05,F,1.2442910524802628,1.5373857077987243,1.2355515252916363
TURN,0.05,F,1.2442910524802628,1.5373857077987243,1.2355515252916363
TURN,0.05,F,1.2442910524802628,1.5373857077987243,1.2355515252916363
TURN,0.05,F,1.2442910524802628,1.5373857077987243,1.2355515252916363
TURN,0.05,F,1.2442910524802628,1.5373857077987243,1.2355515252916363
TURN,0.05,F,1.2442910524802628,1.5373857077987243,1.2355515252916363
TURN,0.05,F,1.2442910524802628,1.5373857077987243,1.2355515252916363
TURN,0.05,F,1.2442910524802628,1.5373857077987243,1.2355515252916363
TURN,0.05,F,1.2442910524802628,1.5373857077987243,1.2355515252916363
TURN,0.05,F,1.97323325434935,2.2663279096678117,1.1485352300202878
TURN,0.05,F,1.97323325434935,2.2663279096678117,1.1485352300202878
TURN,0.05,F,1.97323325434935,2.2663279096678117,1.1485352300202878
TURN,0.05,F,1.97323325434935,2.2663279096678117,1.1485352300202878
TURN,0.05,F,1.97323325434935,2.2663279096678117,1.1485352300202878
TURN,0.05,F,1.97323325434935,2.2663279096678117,1.1485352300202878
TURN,0.05,F,1.97323325434935,2.2663279096678117,1.1485352300202878
TURN,0.05,F,1.97323325434935,2.9617340842101423,1.5009548808697422
TURN,0.05,F,1.97323325434935,2.9617340842101423,1.5009548808697422
TURN,0.05,F,1.97323325434935,2.9617340842101423,1.5009548808697422
TURN,0.05,F,1.97323325434935,2.9617340842101423,1.5009548808697422
TURN,0.05,F,1.97323325434935,2.9617340842101423,1.5009548808697422
TURN,0.05,F,1.97323325434935,2.9617340842101423,1.5009548808697422
TURN,0.05,F,1.97323325434935,2.9617340842101423,1.5009548808697422
TURN,0.05,F,1.97323325434935,2.9617340842101423,1.5009548808697422
TURN,0.05,F,1.97323325434935,2.9617340842101423,1.5009548808697422
TURN,0.05,F,1.97323325434935,2.9617340842101423,1.5009548808697422
TURN,0.05,F,1.97323325434935,2.9617340842101423,1.5009548808697422
TURN,0.05,F,1.97323325434935,2.9617340842101423,1.5009548808697422
TURN,0.05,F,1.97323325434935,2.9617340842101423,1.5009548808697422
TURN,0.05,F,1.97323325434935,2.9617340842101423,1.5009548808697422
TURN,0.05,F,1.97323325434935,2.9617340842101423,1.5009548808697422
TURN,0.05,F,1.97323325434935,2.9617340842101423,1.5009548808697422
TURN,0.05,F,1.97323325434935,2.9617340842101423,1.5009548808697422
TURN,0.05,F,1.97323325434935,2.9617340842101423,1.5009548808697422
TURN,0.05,F,1.97323325434935,2.9617340842101423,1.5009548808697422
TURN,0.05,F,1.97323325434935,2.9617340842101423,1.5009548808697422
TURN,0.05,F,1.97323325434935,2.9617340842101423,1.5009548808697422
TURN,0.05,F,1.97323325434935,2.9617340842101423,1.5009548808697422
TURN,0.05,F,1.97323325434935,2.9617340842101423,1.5009548808697422
TURN,0.05,F,1.97323325434935,2.9617340842101423,1.5009548808697422
TURN,0.05,F,1.97323325434935,2.9617340842101423,1.5009548808697422
TURN,0.05,F,1.97323325434935,2.9617340842101423,1.5009548808697422
TURN,0.05,F,1.97323325434935,2.9617340842101423,1.5009548808697422
TURN,0.05,F,1.97323325434935,2.9617340842101423,1.5009548808697422
TURN,0.05,F,1.97323325434935,2.9617340842101423,1.5009548808697422
TURN,0.05,F,2.496904782321165,2.9617340842101423,1.1861622057757701
TURN,0.05,F,2.496904782321165,2.9617340842101423,1.1861622057757701
TURN,0.05,F,2.496904782321165,2.9617340842101423,1.1861622057757701
TURN,0.05,F,2.9923019840109113,2.9617340842101423,0.9897844870056212
TURN,0.05,F,2.9923019840109113,2.9617340842101423,0.9897844870056212
TURN,0.05,F,2.9923019840109113,2.9617340842101423,0.9897844870056212
TURN,0.05,F,2.9923019840109113,2.9617340842101423,0.9897844870056212
TURN,0.05,F,2.9923019840109113,2.9617340842101423,0.9897844870056212
TURN,0.05,F,2.9923019840109113,2.9617340842101423,0.9897844870056212
TURN,0.05,F,2.9923019840109113,2.9617340842101423,0.9897844870056212
TURN,0.05,F,2.9923019840109113,2.9617340842101423,0.9897844870056212
TURN,0.05,F,2.9923019840109113,2.9617340842101423,0.9897844870056212
TURN,0.05,F,2.9923019840109113,2.9617340842101423,0.9897844870056212
TURN,0.05,F,2.9923019840109113,2.9617340842101423,0.9897844870056212
TURN,0.05,F,2.9923019840109113,2.9617340842101423,0.9897844870056212
TURN,0.05,F,3.623350507126816,2.9617340842101423,0.8174020367018505
TURN,0.05,F,3.623350507126816,2.9617340842101423,0.8174020367018505
TURN,0.05,F,3.623350507126816,2.9617340842101423,0.8174020367018505
TURN,0.05,F,3.623350507126816,2.9617340842101423,0.8174020367018505
TURN,0.05,F,3.623350507126816,2.9617340842101423,0.8174020367018505
TURN,0.05,F,3.623350507126816,2.9617340842101423,0.8174020367018505
TURN,0.05,F,3.623350507126816,2.9617340842101423,0.8174020367018505
TURN,0.05,F,3.623350507126816,3.7431406951361197,1.0330606127598438
TURN,0.05,F,3.623350507126816,3.7431406951361197,1.0330606127598438
TURN,0.05,F,3.623350507126816,3.7431406951361197,1.0330606127598438
TURN,0.05,F,3.623350507126816,3.7431406951361197,1.0330606127598438
TURN,0.05,F,3.623350507126816,3.7431406951361197,1.0330606127598438
TURN,0.05,F,3.623350507126816,3.7431406951361197,1.0330606127598438
TURN,0.05,F,3.623350507126816,3.7431406951361197,1.0330606127598438
TURN,0.05,F,3.623350507126816,3.7431406951361197,1.0330606127598438
TURN,0.05,F,3.623350507126816,3.7431406951361197,1.0330606127598438
TURN,0.05,F,3.623350507126816,3.7431406951361197,1.0330606127598438
TURN,0.05,F,3.623350507126816,4.589876980522626,1.2667493722991294
TURN,0.05,F,3.623350507126816,4.589876980522626,1.2667493722991294
TURN,0.05,F,3.623350507126816,4.589876980522626,1.2667493722991294
TURN,0.05,F,3.623350507126816,4.589876980522626,1.2667493722991294
TURN,0.05,F,3.623350507126816,4.589876980522626,1.2667493722991294
TURN,0.05,F,3.623350507126816,4.589876980522626,1.2667493722991294
TURN,0.05,F,3.623350507126816,4.589876980522626,1.2667493722991294
TURN,0.05,F,3.623350507126816,4.589876980522626,1.2667493722991294
TURN,0.05,F,3.623350507126816,4.589876980522626,1.2667493722991294
TURN,0.05,F,3.623350507126816,4.589876980522626,1.2667493722991294
TURN,0.05,F,3.623350507126816,4.589876980522626,1.2667493722991294
TURN,0.05,F,3.623350507126816,4.589876980522626,1.2667493722991294
TURN,0.05,F,3.623350507126816,4.589876980522626,1.2667493722991294
TURN,0.05,F,3.623350507126816,4.589876980522626,1.2667493722991294
TURN,0.05,F,3.623350507126816,4.589876980522626,1.2667493722991294
TURN,0.05,F,3.623350507126816,4.589876980522626,1.2667493722991294
TURN,0.05,F,3.623350507126816,4.589876980522626,1.2667493722991294
TURN,0.05,F,3.623350507126816,4.589876980522626,1.2667493722991294
TURN,0.05,F,3.623350507126816,4.589876980522626,1.2667493722991294
TURN,0.05,F,3.623350507126816,4.589876980522626,1.2667493722991294
TURN,0.05,F,3.623350507126816,4.589876980522626,1.2667493722991294
TURN,0.05,F,3.623350507126816,4.589876980522626,1.2667493722991294
TURN,0.05,F,3.623350507126816,4.589876980522626,1.2667493722991294
TURN,0.05,F,3.623350507126816,4.589876980522626,1.2667493722991294
TURN,0.05,F,3.623350507126816,4.589876980522626,1.2667493722991294
TURN,0.05,F,3.623350507126816,4.589876980522626,1.2667493722991294
TURN,0.05,F,3.623350507126816,4.589876980522626,1.2667493722991294
TURN,0.05,F,3.623350507126816,4.589876980522626,1.2667493722991294
TURN,0.05,P,0.0,0.0,
TURN,0.05,P,0.0,0.0,
TURN,0.05,P,0.0,0.0,
TURN,0.05,P,0.0,0.0,
TURN,0.05,P,1.82915080201459,1.82915080201459,1.0
TURN,0.05,P,1.82915080201459,1.82915080201459,1.0
TURN,0.05,P,1.82915080201459,1.82915080201459,1.0
TURN,0.05,P,4.0285998014477205,1.82915080201459,0.4540413275494044
TURN,0.05,P,4.0285998014477205,1.82915080201459,0.4540413275494044
TURN,0.05,P,4.0285998014477205,1.82915080201459,0.4540413275494044
TURN,0.05,P,4.0285998014477205,1.82915080201459,0.4540413275494044
TURN,0.05,P,4.0285998014477205,1.82915080201459,0.4540413275494044
TURN,0.05,P,4.0285998014477205,1.82915080201459,0.4540413275494044
TURN,0.05,P,4.0285998014477205,1.82915080201459,0.4540413275494044
TURN,0.05,P,4.0285998014477205,3.5767969866397333,0.8878511549730934
TURN,0.05,P,4.0285998014477205,3.5767969866397333,0.8878511549730934
TURN,0.05,P,4.0285998014477205,3.5767969866397333,0.8878511549730934
TURN,0.05,P,4.0285998014477205,3.5767969866397333,0.8878511549730934
TURN,0.05,P,4.0285998014477205,3.5767969866397333,0.8878511549730934
TURN,0.05,P,4.0285998014477205,3.5767969866397333,0.8878511549730934
TURN,0.05,P,4.0285998014477205,3.5767969866397333,0.8878511549730934
TURN,0.05,P,4.0285998014477205,3.5767969866397333,0.8878511549730934
TURN,0.05,P,4.0285998014477205,3.5767969866397333,0.8878511549730934
TURN,0.05,P,4.0285998014477205,3.5767969866397333,0.8878511549730934
TURN,0.05,P,6.108453096357492,5.6566502815495046,0.9260364600200663
TURN,0.05,P,6.108453096357492,5.6566502815495046,0.9260364600200663
TURN,0.05,P,6.108453096357492,5.6566502815495046,0.9260364600200663
TURN,0.05,P,6.108453096357492,5.6566502815495046,0.9260364600200663
TURN,0.05,P,6.108453096357492,5.6566502815495046,0.9260364600200663
TURN,0.05,P,6.108453096357492,5.6566502815495046,0.9260364600200663
TURN,0.05,P,6.108453096357492,5.6566502815495046,0.9260364600200663
TURN,0.05,P,6.108453096357492,6.87261250254697,1.1250986778706955
TURN,0.05,P,6.108453096357492,6.87261250254697,1.1250986778706955
TURN,0.05,P,6.108453096357492,6.87261250254697,1.1250986778706955
TURN,0.05,P,6.108453096357492,6.87261250254697,1.1250986778706955
TURN,0.05,P,6.108453096357492,6.87261250254697,1.1250986778706955
TURN,0.05,P,6.108453096357492,6.87261250254697,1.1250986778706955
TURN,0.05,P,6.108453096357492,6.87261250254697,1.1250986778706955
TURN,0.05,P,6.108453096357492,6.87261250254697,1.1250986778706955
TURN,0.05,P,6.108453096357492,6.87261250254697,1.1250986778706955
TURN,0.05,P,6.108453096357492,6.87261250254697,1.1250986778706955
TURN,0.05,P,6.108453096357492,6.87261250254697,1.1250986778706955
TURN,0.05,P,6.108453096357492,6.87261250254697,1.1250986778706955
TURN,0.05,P,6.108453096357492,6.87261250254697,1.1250986778706955
TURN,0.05,P,6.108453096357492,6.87261250254697,1.1250986778706955
TURN,0.05,P,6.108453096357492,6.87261250254697,1.1250986778706955
TURN,0.05,P,6.108453096357492,6.87261250254697,1.1250986778706955
TURN,0.05,P,6.108453096357492,6.87261250254697,1.1250986778706955
TURN,0.05,P,6.108453096357492,6.87261250254697,1.1250986778706955
TURN,0.05,P,6.108453096357492,6.87261250254697,1.1250986778706955
TURN,0.05,P,6.108453096357492,6.87261250254697,1.1250986778706955
TURN,0.05,P,6.108453096357492,6.87261250254697,1.1250986778706955
TURN,0.05,P,6.108453096357492,6.87261250254697,1.1250986778706955
TURN,0.05,P,6.108453096357492,6.87261250254697,1.1250986778706955
TURN,0.05,P,6.108453096357492,6.87261250254697,1.1250986778706955
TURN,0.05,P,6.108453096357492,6.87261250254697,1.1250986778706955
TURN,0.05,P,6.108453096357492,6.87261250254697,1.1250986778706955
TURN,0.05,P,6.108453096357492,6.87261250254697,1.1250986778706955
TURN,0.05,P,6.108453096357492,6.87261250254697,1.1250986778706955
TURN,0.05,P,6.108453096357492,6.87261250254697,1.1250986778706955
TURN,0.05,P,8.47441341734573,6.87261250254697,0.8109838597772282
TURN,0.05,P,8.47441341734573,6.87261250254697,0.8109838597772282
TURN,0.05,P,8.47441341734573,6.87261250254697,0.8109838597772282
TURN,0.05,P,10.787734250854983,6.87261250254697,0.6370765484886023
TURN,0.05,P,10.787734250854983,6.87261250254697,0.6370765484886023
TURN,0.05,P,10.787734250854983,6.87261250254697,0.6370765484886023
TURN,0.05,P,10.787734250854983,6.87261250254697,0.6370765484886023
TURN,0.05,P,10.787734250854983,6.87261250254697,0.6370765484886023
TURN,0.05,P,10.787734250854983,6.87261250254697,0.6370765484886023
TURN,0.05,P,10.787734250854983,6.87261250254697,0.6370765484886023
TURN,0.05,P,10.787734250854983,6.87261250254697,0.6370765484886023
TURN,0.05,P,10.787734250854983,6.87261250254697,0.6370765484886023
TURN,0.05,P,10.787734250854983,6.87261250254697,0.6370765484886023
TURN,0.05,P,10.787734250854983,6.87261250254697,0.6370765484886023
TURN,0.05,P,10.787734250854983,6.87261250254697,0.6370765484886023
TURN,0.05,P,13.445004090157305,6.87261250254697,0.5111647758871423
TURN,0.05,P,13.445004090157305,6.87261250254697,0.5111647758871423
TURN,0.05,P,13.445004090157305,6.87261250254697,0.5111647758871423
TURN,0.05,P,13.445004090157305,6.87261250254697,0.5111647758871423
TURN,0.05,P,13.445004090157305,6.87261250254697,0.5111647758871423
TURN,0.05,P,13.445004090157305,6.87261250254697,0.5111647758871423
TURN,0.05,P,13.445004090157305,6.87261250254697,0.5111647758871423
TURN,0.05,P,13.445004090157305,7.77025081361146,0.5779284826919342
TURN,0.05,P,13.445004090157305,7.77025081361146,0.5779284826919342
TURN,0.05,P,13.445004090157305,7.77025081361146,0.5779284826919342
TURN,0.05,P,13.445004090157305,7.77025081361146,0.5779284826919342
TURN,0.05,P,13.445004090157305,7.77025081361146,0.5779284826919342
TURN,0.05,P,13.445004090157305,7.77025081361146,0.5779284826919342
TURN,0.05,P,13.445004090157305,7.77025081361146,0.5779284826919342
TURN,0.05,P,13.445004090157305,7.77025081361146,0.5779284826919342
TURN,0.05,P,13.445004090157305,7.77025081361146,0.5779284826919342
TURN,0.05,P,13.445004090157305,7.77025081361146,0.5779284826919342
TURN,0.05,P,13.445004090157305,9.171197127945717,0.682126763699513
TURN,0.05,P,13.445004090157305,9.171197127945717,0.682126763699513
TURN,0.05,P,13.445004090157305,9.171197127945717,0.682126763699513
TURN,0.05,P,13.445004090157305,9.171197127945717,0.682126763699513
TURN,0.05,P,13.445004090157305,9.171197127945717,0.682126763699513
TURN,0.05,P,13.445004090157305,9.171197127945717,0.682126763699513
TURN,0.05,P,13.445004090157305,9.171197127945717,0.682126763699513
TURN,0.05,P,13.445004090157305,9.171197127945717,0.682126763699513
TURN,0.05,P,13.445004090157305,9.171197127945717,0.682126763699513
TURN,0.05,P,13.445004090157305,9.171197127945717,0.682126763699513
TURN,0.05,P,13.445004090157305,9.171197127945717,0.682126763699513
TURN,0.05,P,13.445004090157305,9.171197127945717,0.682126763699513
TURN,0.05,P,13.445004090157305,9.171197127945717,0.682126763699513
TURN,0.05,P,13.445004090157305,9.171197127945717,0.682126763699513
TURN,0.05,P,13.445004090157305,9.171197127945717,0.682126763699513
TURN,0.05,P,13.445004090157305,9.171197127945717,0.682126763699513
TURN,0.05,P,13.445004090157305,9.171197127945717,0.682126763699513
TURN,0.05,P,13.445004090157305,9.171197127945717,0.682126763699513
TURN,0.05,P,13.445004090157305,9.171197127945717,0.682126763699513
TURN,0.05,P,13.445004090157305,9.171197127945717,0.682126763699513
TURN,0.05,P,13.445004090157305,9.171197127945717,0.682126763699513
TURN,0.05,P,13.445004090157305,9.171197127945717,0.682126763699513
TURN,0.05,P,13.445004090157305,9.171197127945717,0.682126763699513
TURN,0.05,P,13.445004090157305,9.171197127945717,0.682126763699513
TURN,0.05,P,13.445004090157305,9.171197127945717,0.682126763699513
TURN,0.05,P,13.445004090157305,9.171197127945717,0.682126763699513
TURN,0.05,P,13.445004090157305,9.171197127945717,0.682126763699513
TURN,0.05,P,13.445004090157305,9.171197127945717,0.682126763699513
TURN,0.05,R,0.0,0.0,
TURN,0.05,R,0.0,0.0,
TURN,0.05,R,0.0,0.0,
TURN,0.05,R,0.0,0.0,
TURN,0.05,R,0.42963040823815396,0.42963040823815396,1.0
TURN,0.05,R,0.42963040823815396,0.42963040823815396,1.0
TURN,0.05,R,0.42963040823815396,0.42963040823815396,1.0
TURN,0.05,R,0.5579333069850692,0.42963040823815396,0.7700390044103449
TURN,0.05,R,0.5579333069850692,0.42963040823815396,0.7700390044103449
TURN,0.05,R,0.5579333069850692,0.42963040823815396,0.7700390044103449
TURN,0.05,R,0.5579333069850692,0.42963040823815396,0.7700390044103449
TURN,0.05,R,0.5579333069850692,0.42963040823815396,0.7700390044103449
TURN,0.05,R,0.5579333069850692,0.42963040823815396,0.7700390044103449
TURN,0.05,R,0.5579333069850692,0.42963040823815396,0.7700390044103449
TURN,0.05,R,0.5579333069850692,0.42963040823815396,0.7700390044103449
TURN,0.05,R,0.5579333069850692,0.42963040823815396,0.7700390044103449
TURN,0.05,R,0.5579333069850692,0.42963040823815396,0.7700390044103449
TURN,0.05,R,0.5579333069850692,0.42963040823815396,0.7700390044103449
TURN,0.05,R,0.5579333069850692,0.42963040823815396,0.7700390044103449
TURN,0.05,R,0.5579333069850692,0.42963040823815396,0.7700390044103449
TURN,0.05,R,0.5579333069850692,0.42963040823815396,0.7700390044103449
TURN,0.05,R,0.5579333069850692,0.42963040823815396,0.7700390044103449
TURN,0.05,R,0.5579333069850692,0.42963040823815396,0.7700390044103449
TURN,0.05,R,0.5579333069850692,0.42963040823815396,0.7700390044103449
TURN,0.05,R,1.0816934936796314,0.9533905949327164,0.8813870107414042
TURN,0.05,R,1.0816934936796314,0.9533905949327164,0.8813870107414042
TURN,0.05,R,1.0816934936796314,0.9533905949327164,0.8813870107414042
TURN,0.05,R,1.0816934936796314,0.9533905949327164,0.8813870107414042
TURN,0.05,R,1.0816934936796314,0.9533905949327164,0.8813870107414042
TURN,0.05,R,1.0816934936796314,0.9533905949327164,0.8813870107414042
TURN,0.05,R,1.0816934936796314,0.9533905949327164,0.8813870107414042
TURN,0.05,R,1.0816934936796314,0.9533905949327164,0.8813870107414042
TURN,0.05,R,1.0816934936796314,0.9533905949327164,0.8813870107414042
TURN,0.05,R,1.0816934936796314,0.9533905949327164,0.8813870107414042
TURN,0.05,R,1.0816934936796314,0.9533905949327164,0.8813870107414042
TURN,0.05,R,1.0816934936796314,0.9533905949327164,0.8813870107414042
TURN,0.05,R,1.0816934936796314,0.9533905949327164,0.8813870107414042
TURN,0.05,R,1.0816934936796314,0.9533905949327164,0.8813870107414042
TURN,0.05,R,1.0816934936796314,0.9533905949327164,0.8813870107414042
TURN,0.05,R,1.0816934936796314,0.9533905949327164,0.8813870107414042
TURN,0.05,R,1.0816934936796314,0.9533905949327164,0.8813870107414042
TURN,0.05,R,1.0816934936796314,0.9533905949327164,0.8813870107414042
TURN,0.05,R,1.0816934936796314,0.9533905949327164,0.8813870107414042
TURN,0.05,R,1.0816934936796314,0.9533905949327164,0.8813870107414042
TURN,0.05,R,1.0816934936796314,0.9533905949327164,0.8813870107414042
TURN,0.05,R,1.0816934936796314,0.9533905949327164,0.8813870107414042
TURN,0.05,R,1.0816934936796314,0.9533905949327164,0.8813870107414042
TURN,0.05,R,1.0816934936796314,0.9533905949327164,0.8813870107414042
TURN,0.05,R,1.0816934936796314,0.9533905949327164,0.8813870107414042
TURN,0.05,R,1.0816934936796314,0.9533905949327164,0.8813870107414042
TURN,0.05,R,1.0816934936796314,0.9533905949327164,0.8813870107414042
TURN,0.05,R,1.0816934936796314,0.9533905949327164,0.8813870107414042
TURN,0.05,R,1.0816934936796314,0.9533905949327164,0.8813870107414042
TURN,0.05,R,1.0816934936796314,0.9533905949327164,0.8813870107414042
TURN,0.05,R,1.0816934936796314,0.9533905949327164,0.8813870107414042
TURN,0.05,R,1.0816934936796314,0.9533905949327164,0.8813870107414042
TURN,0.05,R,1.0816934936796314,0.9533905949327164,0.8813870107414042
TURN,0.05,R,1.0816934936796314,0.9533905949327164,0.8813870107414042
TURN,0.05,R,1.0816934936796314,0.9533905949327164,0.8813870107414042
TURN,0.05,R,1.0816934936796314,0.9533905949327164,0.8813870107414042
TURN,0.05,R,1.6979367440915667,0.9533905949327164,0.5614994776750657
TURN,0.05,R,1.6979367440915667,0.9533905949327164,0.5614994776750657
TURN,0.05,R,1.6979367440915667,0.9533905949327164,0.5614994776750657
TURN,0.05,R,2.1884180291934174,0.9533905949327164,0.43565286988798313
TURN,0.05,R,2.1884180291934174,0.9533905949327164,0.43565286988798313
TURN,0.05,R,2.1884180291934174,0.9533905949327164,0.43565286988798313
TURN,0.05,R,2.1884180291934174,0.9533905949327164,0.43565286988798313
TURN,0.05,R,2.1884180291934174,0.9533905949327164,0.43565286988798313
TURN,0.05,R,2.1884180291934174,0.9533905949327164,0.43565286988798313
TURN,0.05,R,2.1884180291934174,0.9533905949327164,0.43565286988798313
TURN,0.05,R,2.1884180291934174,0.9533905949327164,0.43565286988798313
TURN,0.05,R,2.1884180291934174,0.9533905949327164,0.43565286988798313
TURN,0.05,R,2.1884180291934174,0.9533905949327164,0.43565286988798313
TURN,0.05,R,2.1884180291934174,0.9533905949327164,0.43565286988798313
TURN,0.05,R,2.1884180291934174,0.9533905949327164,0.43565286988798313
TURN,0.05,R,2.4856388586020333,0.9533905949327164,0.38355957931431756
TURN,0.05,R,2.4856388586020333,0.9533905949327164,0.38355957931431756
TURN,0.05,R,2.4856388586020333,0.9533905949327164,0.38355957931431756
TURN,0.05,R,2.4856388586020333,0.9533905949327164,0.38355957931431756
TURN,0.05,R,2.4856388586020333,0.9533905949327164,0.38355957931431756
TURN,0.05,R,2.4856388586020333,0.9533905949327164,0.38355957931431756
TURN,0.05,R,2.4856388586020333,0.9533905949327164,0.38355957931431756
TURN,0.05,R,2.4856388586020333,1.0258469544234685,0.4127095739887261
TURN,0.05,R,2.4856388586020333,1.0258469544234685,0.4127095739887261
TURN,0.05,R,2.4856388586020333,1.0258469544234685,0.4127095739887261
TURN,0.05,R,2.4856388586020333,1.0258469544234685,0.4127095739887261
TURN,0.05,R,2.4856388586020333,1.0258469544234685,0.4127095739887261
TURN,0.05,R,2.4856388586020333,1.0258469544234685,0.4127095739887261
TURN,0.05,R,2.4856388586020333,1.0258469544234685,0.4127095739887261
TURN,0.05,R,2.4856388586020333,1.0258469544234685,0.4127095739887261
TURN,0.05,R,2.4856388586020333,1.0258469544234685,0.4127095739887261
TURN,0.05,R,2.4856388586020333,1.0258469544234685,0.4127095739887261
TURN,0.05,R,2.4856388586020333,1.2086865470861083,0.4862679640299375
TURN,0.05,R,2.4856388586020333,1.2086865470861083,0.4862679640299375
TURN,0.05,R,2.4856388586020333,1.2086865470861083,0.4862679640299375
TURN,0.05,R,2.4856388586020333,1.2086865470861083,0.4862679640299375
TURN,0.05,R,2.4856388586020333,1.2086865470861083,0.4862679640299375
TURN,0.05,R,2.4856388586020333,1.2086865470861083,0.4862679640299375
TURN,0.05,R,2.4856388586020333,1.2086865470861083,0.4862679640299375
TURN,0.05,R,2.4856388586020333,1.2086865470861083,0.4862679640299375
TURN,0.05,R,2.4856388586020333,1.2086865470861083,0.4862679640299375
TURN,0.05,R,2.4856388586020333,1.2086865470861083,0.4862679640299375
TURN,0.05,R,2.4856388586020333,1.2086865470861083,0.4862679640299375
TURN,0.05,R,2.4856388586020333,1.2086865470861083,0.4862679640299375
TURN,0.05,R,2.4856388586020333,1.2086865470861083,0.4862679640299375
TURN,0.05,R,2.4856388586020333,1.2086865470861083,0.4862679640299375
TURN,0.05,R,2.4856388586020333,1.2086865470861083,0.4862679640299375
TURN,0.05,R,2.4856388586020333,1.2086865470861083,0.4862679640299375
TURN,0.05,R,2.4856388586020333,1.2086865470861083,0.4862679640299375
TURN,0.05,R,2.4856388586020333,1.2086865470861083,0.4862679640299375
TURN,0.05,R,2.4856388586020333,1.2086865470861083,0.4862679640299375
TURN,0.05,R,2.4856388586020333,1.2086865470861083,0.4862679640299375
TURN,0.05,R,2.4856388586020333,1.2086865470861083,0.4862679640299375
TURN,0.05,R,2.4856388586020333,1.2086865470861083,0.4862679640299375
TURN,0.05,R,2.4856388586020333,1.2086865470861083,0.4862679640299375
TURN,0.05,R,2.4856388586020333,1.2086865470861083,0.4862679640299375
TURN,0.05,R,2.4856388586020333,1.2086865470861083,0.4862679640299375
TURN,0.05,R,2.4856388586020333,1.2086865470861083,0.4862679640299375
TURN,0.05,R,2.4856388586020333,1.2086865470861083,0.4862679640299375
TURN,0.05,R,2.4856388586020333,1.2086865470861083,0.4862679640299375
TURN,0.05,F_continuity,0.0,0.0,
TURN,0.05,F_continuity,0.0,0.0,
TURN,0.05,F_continuity,0.0,0.0,
TURN,0.05,F_continuity,0.0,0.0,
TURN,0.05,F_continuity,0.0,0.0,
TURN,0.05,F_continuity,0.0,0.0,
TURN,0.05,F_continuity,0.0,0.0,
TURN,0.05,F_continuity,0.0,0.0,
TURN,0.05,F_continuity,0.0,0.0,
TURN,0.05,F_continuity,0.0,0.0,
TURN,0.05,F_continuity,0.0,0.0,
TURN,0.05,F_continuity,0.0,0.0,
TURN,0.05,F_continuity,0.0,0.0,
TURN,0.05,F_continuity,0.0,0.0,
TURN,0.05,F_continuity,0.0,0.0,
TURN,0.05,F_continuity,0.0,0.0,
TURN,0.05,F_continuity,0.0,0.0,
TURN,0.05,F_continuity,0.0,0.0,
TURN,0.05,F_continuity,0.0,0.0,
TURN,0.05,F_continuity,0.0,0.0,
TURN,0.05,F_continuity,0.0,0.0,
TURN,0.05,F_continuity,0.0,0.0,
TURN,0.05,F_continuity,0.0,0.0,
TURN,0.05,F_continuity,0.0,0.0,
TURN,0.05,F_continuity,0.0,0.0,
TURN,0.05,F_continuity,0.0,0.0,
TURN,0.05,F_continuity,0.0,0.0,
TURN,0.05,F_continuity,0.0,0.0,
TURN,0.05,F_continuity,0.0,0.0,
TURN,0.05,F_continuity,0.0,0.0,
TURN,0.05,F_continuity,0.0,0.0,
TURN,0.05,F_continuity,0.0,0.0,
TURN,0.05,F_continuity,0.0,0.0,
TURN,0.05,F_continuity,0.0,0.0,
TURN,0.05,F_continuity,0.0,0.0,
TURN,0.05,F_continuity,0.0,0.0,
TURN,0.05,F_continuity,0.0,0.0,
TURN,0.05,F_continuity,0.0,0.0,
TURN,0.05,F_continuity,0.0,0.0,
TURN,0.05,F_continuity,0.0,0.0,
TURN,0.05,F_continuity,0.0,0.0,
TURN,0.05,F_continuity,0.0,0.0,
TURN,0.05,F_continuity,0.0,0.0,
TURN,0.05,F_continuity,0.0,0.0,
TURN,0.05,F_continuity,0.0,0.0,
TURN,0.05,F_continuity,0.0,0.0,
TURN,0.05,F_continuity,0.0,0.0,
TURN,0.05,F_continuity,0.0,0.0,
TURN,0.05,F_continuity,0.0,0.0,
TURN,0.05,F_continuity,0.0,0.0,
TURN,0.05,F_continuity,0.0,0.0,
TURN,0.05,F_continuity,0.0,0.0,
TURN,0.05,F_continuity,0.0,0.0,
TURN,0.05,F_continuity,0.0,0.0,
TURN,0.05,F_continuity,0.0,0.0,
TURN,0.05,F_continuity,0.0,0.0,
TURN,0.05,F_continuity,0.0,0.0,
TURN,0.05,F_continuity,0.0,0.0,
TURN,0.05,F_continuity,0.0,0.0,
TURN,0.05,F_continuity,0.0,0.0,
TURN,0.05,F_continuity,0.0,0.0,
TURN,0.05,F_continuity,0.0,0.0,
TURN,0.05,F_continuity,0.0,0.0,
TURN,0.05,F_continuity,0.0,0.0,
TURN,0.05,F_continuity,0.0,0.0,
TURN,0.05,F_continuity,0.0,0.0,
TURN,0.05,F_continuity,0.0,0.0,
TURN,0.05,F_continuity,0.0,0.0,
TURN,0.05,F_continuity,0.0,0.0,
TURN,0.05,F_continuity,0.0,0.0,
TURN,0.05,F_continuity,0.0,0.0,
TURN,0.05,F_continuity,0.0,0.0,
TURN,0.05,F_continuity,0.0,0.0,
TURN,0.05,F_continuity,0.0,0.0,
TURN,0.05,F_continuity,0.0,0.0,
TURN,0.05,F_continuity,0.0,0.0,
TURN,0.05,F_continuity,0.0,0.0,
TURN,0.05,F_continuity,0.0,0.0,
TURN,0.05,F_continuity,0.0,0.0,
TURN,0.05,F_continuity,0.0,0.0,
TURN,0.05,F_continuity,0.0,0.0,
TURN,0.05,F_continuity,0.0,0.0,
TURN,0.05,F_continuity,0.0,0.0,
TURN,0.05,F_continuity,0.0,0.0,
TURN,0.05,F_continuity,0.0,0.0,
TURN,0.05,F_continuity,0.0,0.0,
TURN,0.05,F_continuity,0.0,0.0,
TURN,0.05,F_continuity,0.0,0.0,
TURN,0.05,F_continuity,0.0,0.0,
TURN,0.05,F_continuity,0.0,0.0,
TURN,0.05,F_continuity,0.0,0.0,
TURN,0.05,F_continuity,0.0,0.0,
TURN,0.05,F_continuity,0.0,0.0,
TURN,0.05,F_continuity,0.0,0.0,
TURN,0.05,F_continuity,0.0,0.0,
TURN,0.05,F_continuity,0.0,0.0,
TURN,0.05,F_continuity,0.0,0.0,
TURN,0.05,F_continuity,0.0,0.0,
TURN,0.05,F_continuity,0.0,0.0,
TURN,0.05,F_continuity,0.0,0.0,
TURN,0.05,F_continuity,0.0,0.0,
TURN,0.05,F_continuity,0.0,0.0,
TURN,0.05,F_continuity,0.0,0.0,
TURN,0.05,F_continuity,0.0,0.0,
TURN,0.05,F_continuity,0.0,0.0,
TURN,0.05,F_continuity,0.0,0.0,
TURN,0.05,F_continuity,0.0,0.0,
TURN,0.05,F_continuity,0.0,0.0,
TURN,0.05,F_continuity,0.0,0.0,
TURN,0.05,F_continuity,0.0,0.0,
TURN,0.05,F_continuity,0.0,0.0,
TURN,0.05,F_continuity,0.0,0.0,
TURN,0.05,F_continuity,0.0,0.0,
TURN,0.05,F_continuity,0.0,0.0,
TURN,0.05,F_continuity,0.0,0.0,
TURN,0.05,F_continuity,0.0,0.0,
TURN,0.05,F_continuity,0.0,0.0,
TURN,0.05,F_continuity,0.0,0.0,
TURN,0.05,F_continuity,0.0,0.0,
TURN,0.05,F_continuity,0.0,0.0,
TURN,0.05,F_execution,0.0,0.0,
TURN,0.05,F_execution,0.0,0.0,
TURN,0.05,F_execution,0.0,0.0,
TURN,0.05,F_execution,0.0,0.0,
TURN,0.05,F_execution,0.6346994316897026,0.6346994316897026,1.0
TURN,0.05,F_execution,0.6346994316897026,0.6346994316897026,1.0
TURN,0.05,F_execution,0.6346994316897026,0.6346994316897026,1.0
TURN,0.05,F_execution,1.2792246310919462,0.6346994316897026,0.49615948306742896
TURN,0.05,F_execution,1.2792246310919462,0.6346994316897026,0.49615948306742896
TURN,0.05,F_execution,1.2792246310919462,0.6346994316897026,0.49615948306742896
TURN,0.05,F_execution,1.2792246310919462,0.6346994316897026,0.49615948306742896
TURN,0.05,F_execution,1.2792246310919462,0.6346994316897026,0.49615948306742896
TURN,0.05,F_execution,1.2792246310919462,0.6346994316897026,0.49615948306742896
TURN,0.05,F_execution,1.2792246310919462,0.6346994316897026,0.49615948306742896
TURN,0.05,F_execution,1.2792246310919462,1.6286451552878132,1.2731502471912237
TURN,0.05,F_execution,1.2792246310919462,1.6286451552878132,1.2731502471912237
TURN,0.05,F_execution,1.2792246310919462,1.6286451552878132,1.2731502471912237
TURN,0.05,F_execution,1.2792246310919462,1.6286451552878132,1.2731502471912237
TURN,0.05,F_execution,1.2792246310919462,1.6286451552878132,1.2731502471912237
TURN,0.05,F_execution,1.2792246310919462,1.6286451552878132,1.2731502471912237
TURN,0.05,F_execution,1.2792246310919462,1.6286451552878132,1.2731502471912237
TURN,0.05,F_execution,1.2792246310919462,1.6286451552878132,1.2731502471912237
TURN,0.05,F_execution,1.2792246310919462,1.6286451552878132,1.2731502471912237
TURN,0.05,F_execution,1.2792246310919462,1.6286451552878132,1.2731502471912237
TURN,0.05,F_execution,1.992167783780828,2.341588307976695,1.175397136245583
TURN,0.05,F_execution,1.992167783780828,2.341588307976695,1.175397136245583
TURN,0.05,F_execution,1.992167783780828,2.341588307976695,1.175397136245583
TURN,0.05,F_execution,1.992167783780828,2.341588307976695,1.175397136245583
TURN,0.05,F_execution,1.992167783780828,2.341588307976695,1.175397136245583
TURN,0.05,F_execution,1.992167783780828,2.341588307976695,1.175397136245583
TURN,0.05,F_execution,1.992167783780828,2.341588307976695,1.175397136245583
TURN,0.05,F_execution,1.992167783780828,3.114261835245951,1.5632527845298057
TURN,0.05,F_execution,1.992167783780828,3.114261835245951,1.5632527845298057
TURN,0.05,F_execution,1.992167783780828,3.114261835245951,1.5632527845298057
TURN,0.05,F_execution,1.992167783780828,3.114261835245951,1.5632527845298057
TURN,0.05,F_execution,1.992167783780828,3.114261835245951,1.5632527845298057
TURN,0.05,F_execution,1.992167783780828,3.114261835245951,1.5632527845298057
TURN,0.05,F_execution,1.992167783780828,3.114261835245951,1.5632527845298057
TURN,0.05,F_execution,1.992167783780828,3.114261835245951,1.5632527845298057
TURN,0.05,F_execution,1.992167783780828,3.114261835245951,1.5632527845298057
TURN,0.05,F_execution,1.992167783780828,3.114261835245951,1.5632527845298057
TURN,0.05,F_execution,1.992167783780828,3.114261835245951,1.5632527845298057
TURN,0.05,F_execution,1.992167783780828,3.114261835245951,1.5632527845298057
TURN,0.05,F_execution,1.992167783780828,3.114261835245951,1.5632527845298057
TURN,0.05,F_execution,1.992167783780828,3.114261835245951,1.5632527845298057
TURN,0.05,F_execution,1.992167783780828,3.114261835245951,1.5632527845298057
TURN,0.05,F_execution,1.992167783780828,3.114261835245951,1.5632527845298057
TURN,0.05,F_execution,1.992167783780828,3.114261835245951,1.5632527845298057
TURN,0.05,F_execution,1.992167783780828,3.114261835245951,1.5632527845298057
TURN,0.05,F_execution,1.992167783780828,3.114261835245951,1.5632527845298057
TURN,0.05,F_execution,1.992167783780828,3.114261835245951,1.5632527845298057
TURN,0.05,F_execution,1.992167783780828,3.114261835245951,1.5632527845298057
TURN,0.05,F_execution,1.992167783780828,3.114261835245951,1.5632527845298057
TURN,0.05,F_execution,1.992167783780828,3.114261835245951,1.5632527845298057
TURN,0.05,F_execution,1.992167783780828,3.114261835245951,1.5632527845298057
TURN,0.05,F_execution,1.992167783780828,3.114261835245951,1.5632527845298057
TURN,0.05,F_execution,1.992167783780828,3.114261835245951,1.5632527845298057
TURN,0.05,F_execution,1.992167783780828,3.114261835245951,1.5632527845298057
TURN,0.05,F_execution,1.992167783780828,3.114261835245951,1.5632527845298057
TURN,0.05,F_execution,1.992167783780828,3.114261835245951,1.5632527845298057
TURN,0.05,F_execution,2.45990591663619,3.114261835245951,1.2660085144656927
TURN,0.05,F_execution,2.45990591663619,3.114261835245951,1.2660085144656927
TURN,0.05,F_execution,2.45990591663619,3.114261835245951,1.2660085144656927
TURN,0.05,F_execution,2.919517384235566,3.114261835245951,1.066704329990272
TURN,0.05,F_execution,2.919517384235566,3.114261835245951,1.066704329990272
TURN,0.05,F_execution,2.919517384235566,3.114261835245951,1.066704329990272
TURN,0.05,F_execution,2.919517384235566,3.114261835245951,1.066704329990272
TURN,0.05,F_execution,2.919517384235566,3.114261835245951,1.066704329990272
TURN,0.05,F_execution,2.919517384235566,3.114261835245951,1.066704329990272
TURN,0.05,F_execution,2.919517384235566,3.114261835245951,1.066704329990272
TURN,0.05,F_execution,2.919517384235566,3.114261835245951,1.066704329990272
TURN,0.05,F_execution,2.919517384235566,3.114261835245951,1.066704329990272
TURN,0.05,F_execution,2.919517384235566,3.114261835245951,1.066704329990272
TURN,0.05,F_execution,2.919517384235566,3.114261835245951,1.066704329990272
TURN,0.05,F_execution,2.919517384235566,3.114261835245951,1.066704329990272
TURN,0.05,F_execution,3.565641515584976,3.114261835245951,0.8734085638261445
TURN,0.05,F_execution,3.565641515584976,3.114261835245951,0.8734085638261445
TURN,0.05,F_execution,3.565641515584976,3.114261835245951,0.8734085638261445
TURN,0.05,F_execution,3.565641515584976,3.114261835245951,0.8734085638261445
TURN,0.05,F_execution,3.565641515584976,3.114261835245951,0.8734085638261445
TURN,0.05,F_execution,3.565641515584976,3.114261835245951,0.8734085638261445
TURN,0.05,F_execution,3.565641515584976,3.114261835245951,0.8734085638261445
TURN,0.05,F_execution,3.565641515584976,3.969073558591342,1.1131443083223636
TURN,0.05,F_execution,3.565641515584976,3.969073558591342,1.1131443083223636
TURN,0.05,F_execution,3.565641515584976,3.969073558591342,1.1131443083223636
TURN,0.05,F_execution,3.565641515584976,3.969073558591342,1.1131443083223636
TURN,0.05,F_execution,3.565641515584976,3.969073558591342,1.1131443083223636
TURN,0.05,F_execution,3.565641515584976,3.969073558591342,1.1131443083223636
TURN,0.05,F_execution,3.565641515584976,3.969073558591342,1.1131443083223636
TURN,0.05,F_execution,3.565641515584976,3.969073558591342,1.1131443083223636
TURN,0.05,F_execution,3.565641515584976,3.969073558591342,1.1131443083223636
TURN,0.05,F_execution,3.565641515584976,3.969073558591342,1.1131443083223636
TURN,0.05,F_execution,3.565641515584976,4.876032469638823,1.36750496322367
TURN,0.05,F_execution,3.565641515584976,4.876032469638823,1.36750496322367
TURN,0.05,F_execution,3.565641515584976,4.876032469638823,1.36750496322367
TURN,0.05,F_execution,3.565641515584976,4.876032469638823,1.36750496322367
TURN,0.05,F_execution,3.565641515584976,4.876032469638823,1.36750496322367
TURN,0.05,F_execution,3.565641515584976,4.876032469638823,1.36750496322367
TURN,0.05,F_execution,3.565641515584976,4.876032469638823,1.36750496322367
TURN,0.05,F_execution,3.565641515584976,4.876032469638823,1.36750496322367
TURN,0.05,F_execution,3.565641515584976,4.876032469638823,1.36750496322367
TURN,0.05,F_execution,3.565641515584976,4.876032469638823,1.36750496322367
TURN,0.05,F_execution,3.565641515584976,4.876032469638823,1.36750496322367
TURN,0.05,F_execution,3.565641515584976,4.876032469638823,1.36750496322367
TURN,0.05,F_execution,3.565641515584976,4.876032469638823,1.36750496322367
TURN,0.05,F_execution,3.565641515584976,4.876032469638823,1.36750496322367
TURN,0.05,F_execution,3.565641515584976,4.876032469638823,1.36750496322367
TURN,0.05,F_execution,3.565641515584976,4.876032469638823,1.36750496322367
TURN,0.05,F_execution,3.565641515584976,4.876032469638823,1.36750496322367
TURN,0.05,F_execution,3.565641515584976,4.876032469638823,1.36750496322367
TURN,0.05,F_execution,3.565641515584976,4.876032469638823,1.36750496322367
TURN,0.05,F_execution,3.565641515584976,4.876032469638823,1.36750496322367
TURN,0.05,F_execution,3.565641515584976,4.876032469638823,1.36750496322367
TURN,0.05,F_execution,3.565641515584976,4.876032469638823,1.36750496322367
TURN,0.05,F_execution,3.565641515584976,4.876032469638823,1.36750496322367
TURN,0.05,F_execution,3.565641515584976,4.876032469638823,1.36750496322367
TURN,0.05,F_execution,3.565641515584976,4.876032469638823,1.36750496322367
TURN,0.05,F_execution,3.565641515584976,4.876032469638823,1.36750496322367
TURN,0.05,F_execution,3.565641515584976,4.876032469638823,1.36750496322367
TURN,0.05,F_execution,3.565641515584976,4.876032469638823,1.36750496322367
TURN,0.05,F_propagation,0.0,0.0,
TURN,0.05,F_propagation,0.0,0.0,
TURN,0.05,F_propagation,0.0,0.0,
TURN,0.05,F_propagation,0.0,0.0,
TURN,0.05,F_propagation,1.2938042379915713,1.2938042379915713,1.0
TURN,0.05,F_propagation,1.2938042379915713,1.2938042379915713,1.0
TURN,0.05,F_propagation,1.2938042379915713,1.2938042379915713,1.0
TURN,0.05,F_propagation,2.4536485263488426,1.2938042379915713,0.5272981130336625
TURN,0.05,F_propagation,2.4536485263488426,1.2938042379915713,0.5272981130336625
TURN,0.05,F_propagation,2.4536485263488426,1.2938042379915713,0.5272981130336625
TURN,0.05,F_propagation,2.4536485263488426,1.2938042379915713,0.5272981130336625
TURN,0.05,F_propagation,2.4536485263488426,1.2938042379915713,0.5272981130336625
TURN,0.05,F_propagation,2.4536485263488426,1.2938042379915713,0.5272981130336625
TURN,0.05,F_propagation,2.4536485263488426,1.2938042379915713,0.5272981130336625
TURN,0.05,F_propagation,2.4536485263488426,2.9835119681083597,1.215949202206227
TURN,0.05,F_propagation,2.4536485263488426,2.9835119681083597,1.215949202206227
TURN,0.05,F_propagation,2.4536485263488426,2.9835119681083597,1.215949202206227
TURN,0.05,F_propagation,2.4536485263488426,2.9835119681083597,1.215949202206227
TURN,0.05,F_propagation,2.4536485263488426,2.9835119681083597,1.215949202206227
TURN,0.05,F_propagation,2.4536485263488426,2.9835119681083597,1.215949202206227
TURN,0.05,F_propagation,2.4536485263488426,2.9835119681083597,1.215949202206227
TURN,0.05,F_propagation,2.4536485263488426,2.9835119681083597,1.215949202206227
TURN,0.05,F_propagation,2.4536485263488426,2.9835119681083597,1.215949202206227
TURN,0.05,F_propagation,2.4536485263488426,2.9835119681083597,1.215949202206227
TURN,0.05,F_propagation,3.9275319792672225,4.45739542102674,1.1349100260816658
TURN,0.05,F_propagation,3.9275319792672225,4.45739542102674,1.1349100260816658
TURN,0.05,F_propagation,3.9275319792672225,4.45739542102674,1.1349100260816658
TURN,0.05,F_propagation,3.9275319792672225,4.45739542102674,1.1349100260816658
TURN,0.05,F_propagation,3.9275319792672225,4.45739542102674,1.1349100260816658
TURN,0.05,F_propagation,3.9275319792672225,4.45739542102674,1.1349100260816658
TURN,0.05,F_propagation,3.9275319792672225,4.45739542102674,1.1349100260816658
TURN,0.05,F_propagation,3.9275319792672225,5.770940417384475,1.4693554241819784
TURN,0.05,F_propagation,3.9275319792672225,5.770940417384475,1.4693554241819784
TURN,0.05,F_propagation,3.9275319792672225,5.770940417384475,1.4693554241819784
TURN,0.05,F_propagation,3.9275319792672225,5.770940417384475,1.4693554241819784
TURN,0.05,F_propagation,3.9275319792672225,5.770940417384475,1.4693554241819784
TURN,0.05,F_propagation,3.9275319792672225,5.770940417384475,1.4693554241819784
TURN,0.05,F_propagation,3.9275319792672225,5.770940417384475,1.4693554241819784
TURN,0.05,F_propagation,3.9275319792672225,5.770940417384475,1.4693554241819784
TURN,0.05,F_propagation,3.9275319792672225,5.770940417384475,1.4693554241819784
TURN,0.05,F_propagation,3.9275319792672225,5.770940417384475,1.4693554241819784
TURN,0.05,F_propagation,3.9275319792672225,5.770940417384475,1.4693554241819784
TURN,0.05,F_propagation,3.9275319792672225,5.770940417384475,1.4693554241819784
TURN,0.05,F_propagation,3.9275319792672225,5.770940417384475,1.4693554241819784
TURN,0.05,F_propagation,3.9275319792672225,5.770940417384475,1.4693554241819784
TURN,0.05,F_propagation,3.9275319792672225,5.770940417384475,1.4693554241819784
TURN,0.05,F_propagation,3.9275319792672225,5.770940417384475,1.4693554241819784
TURN,0.05,F_propagation,3.9275319792672225,5.770940417384475,1.4693554241819784
TURN,0.05,F_propagation,3.9275319792672225,5.770940417384475,1.4693554241819784
TURN,0.05,F_propagation,3.9275319792672225,5.770940417384475,1.4693554241819784
TURN,0.05,F_propagation,3.9275319792672225,5.770940417384475,1.4693554241819784
TURN,0.05,F_propagation,3.9275319792672225,5.770940417384475,1.4693554241819784
TURN,0.05,F_propagation,3.9275319792672225,5.770940417384475,1.4693554241819784
TURN,0.05,F_propagation,3.9275319792672225,5.770940417384475,1.4693554241819784
TURN,0.05,F_propagation,3.9275319792672225,5.770940417384475,1.4693554241819784
TURN,0.05,F_propagation,3.9275319792672225,5.770940417384475,1.4693554241819784
TURN,0.05,F_propagation,3.9275319792672225,5.770940417384475,1.4693554241819784
TURN,0.05,F_propagation,3.9275319792672225,5.770940417384475,1.4693554241819784
TURN,0.05,F_propagation,3.9275319792672225,5.770940417384475,1.4693554241819784
TURN,0.05,F_propagation,3.9275319792672225,5.770940417384475,1.4693554241819784
TURN,0.05,F_propagation,5.030808430327305,5.770940417384475,1.1471198908301536
TURN,0.05,F_propagation,5.030808430327305,5.770940417384475,1.1471198908301536
TURN,0.05,F_propagation,5.030808430327305,5.770940417384475,1.1471198908301536
TURN,0.05,F_propagation,6.057388567797169,5.770940417384475,0.9527109500725222
TURN,0.05,F_propagation,6.057388567797169,5.770940417384475,0.9527109500725222
TURN,0.05,F_propagation,6.057388567797169,5.770940417384475,0.9527109500725222
TURN,0.05,F_propagation,6.057388567797169,5.770940417384475,0.9527109500725222
TURN,0.05,F_propagation,6.057388567797169,5.770940417384475,0.9527109500725222
TURN,0.05,F_propagation,6.057388567797169,5.770940417384475,0.9527109500725222
TURN,0.05,F_propagation,6.057388567797169,5.770940417384475,0.9527109500725222
TURN,0.05,F_propagation,6.057388567797169,5.770940417384475,0.9527109500725222
TURN,0.05,F_propagation,6.057388567797169,5.770940417384475,0.9527109500725222
TURN,0.05,F_propagation,6.057388567797169,5.770940417384475,0.9527109500725222
TURN,0.05,F_propagation,6.057388567797169,5.770940417384475,0.9527109500725222
TURN,0.05,F_propagation,6.057388567797169,5.770940417384475,0.9527109500725222
TURN,0.05,F_propagation,7.304410005795473,5.770940417384475,0.7900624982449902
TURN,0.05,F_propagation,7.304410005795473,5.770940417384475,0.7900624982449902
TURN,0.05,F_propagation,7.304410005795473,5.770940417384475,0.7900624982449902
TURN,0.05,F_propagation,7.304410005795473,5.770940417384475,0.7900624982449902
TURN,0.05,F_propagation,7.304410005795473,5.770940417384475,0.7900624982449902
TURN,0.05,F_propagation,7.304410005795473,5.770940417384475,0.7900624982449902
TURN,0.05,F_propagation,7.304410005795473,5.770940417384475,0.7900624982449902
TURN,0.05,F_propagation,7.304410005795473,7.260348526817016,0.9939678250613674
TURN,0.05,F_propagation,7.304410005795473,7.260348526817016,0.9939678250613674
TURN,0.05,F_propagation,7.304410005795473,7.260348526817016,0.9939678250613674
TURN,0.05,F_propagation,7.304410005795473,7.260348526817016,0.9939678250613674
TURN,0.05,F_propagation,7.304410005795473,7.260348526817016,0.9939678250613674
TURN,0.05,F_propagation,7.304410005795473,7.260348526817016,0.9939678250613674
TURN,0.05,F_propagation,7.304410005795473,7.260348526817016,0.9939678250613674
TURN,0.05,F_propagation,7.304410005795473,7.260348526817016,0.9939678250613674
TURN,0.05,F_propagation,7.304410005795473,7.260348526817016,0.9939678250613674
TURN,0.05,F_propagation,7.304410005795473,7.260348526817016,0.9939678250613674
TURN,0.05,F_propagation,7.304410005795473,8.893598471929055,1.217565616507382
TURN,0.05,F_propagation,7.304410005795473,8.893598471929055,1.217565616507382
TURN,0.05,F_propagation,7.304410005795473,8.893598471929055,1.217565616507382
TURN,0.05,F_propagation,7.304410005795473,8.893598471929055,1.217565616507382
TURN,0.05,F_propagation,7.304410005795473,8.893598471929055,1.217565616507382
TURN,0.05,F_propagation,7.304410005795473,8.893598471929055,1.217565616507382
TURN,0.05,F_propagation,7.304410005795473,8.893598471929055,1.217565616507382
TURN,0.05,F_propagation,7.304410005795473,8.893598471929055,1.217565616507382
TURN,0.05,F_propagation,7.304410005795473,8.893598471929055,1.217565616507382
TURN,0.05,F_propagation,7.304410005795473,8.893598471929055,1.217565616507382
TURN,0.05,F_propagation,7.304410005795473,8.893598471929055,1.217565616507382
TURN,0.05,F_propagation,7.304410005795473,8.893598471929055,1.217565616507382
TURN,0.05,F_propagation,7.304410005795473,8.893598471929055,1.217565616507382
TURN,0.05,F_propagation,7.304410005795473,8.893598471929055,1.217565616507382
TURN,0.05,F_propagation,7.304410005795473,8.893598471929055,1.217565616507382
TURN,0.05,F_propagation,7.304410005795473,8.893598471929055,1.217565616507382
TURN,0.05,F_propagation,7.304410005795473,8.893598471929055,1.217565616507382
TURN,0.05,F_propagation,7.304410005795473,8.893598471929055,1.217565616507382
TURN,0.05,F_propagation,7.304410005795473,8.893598471929055,1.217565616507382
TURN,0.05,F_propagation,7.304410005795473,8.893598471929055,1.217565616507382
TURN,0.05,F_propagation,7.304410005795473,8.893598471929055,1.217565616507382
TURN,0.05,F_propagation,7.304410005795473,8.893598471929055,1.217565616507382
TURN,0.05,F_propagation,7.304410005795473,8.893598471929055,1.217565616507382
TURN,0.05,F_propagation,7.304410005795473,8.893598471929055,1.217565616507382
TURN,0.05,F_propagation,7.304410005795473,8.893598471929055,1.217565616507382
TURN,0.05,F_propagation,7.304410005795473,8.893598471929055,1.217565616507382
TURN,0.05,F_propagation,7.304410005795473,8.893598471929055,1.217565616507382
TURN,0.05,F_propagation,7.304410005795473,8.893598471929055,1.217565616507382
TURN,0.05,P_time,0.0,0.0,
TURN,0.05,P_time,0.0,0.0,
TURN,0.05,P_time,0.0,0.0,
TURN,0.05,P_time,0.0,0.0,
TURN,0.05,P_time,1.4242324679328868,1.4242324679328868,1.0
TURN,0.05,P_time,1.4242324679328868,1.4242324679328868,1.0
TURN,0.05,P_time,1.4242324679328868,1.4242324679328868,1.0
TURN,0.05,P_time,3.1431103053814087,1.4242324679328868,0.45312837589390925
TURN,0.05,P_time,3.1431103053814087,1.4242324679328868,0.45312837589390925
TURN,0.05,P_time,3.1431103053814087,1.4242324679328868,0.45312837589390925
TURN,0.05,P_time,3.1431103053814087,1.4242324679328868,0.45312837589390925
TURN,0.05,P_time,3.1431103053814087,1.4242324679328868,0.45312837589390925
TURN,0.05,P_time,3.1431103053814087,1.4242324679328868,0.45312837589390925
TURN,0.05,P_time,3.1431103053814087,1.4242324679328868,0.45312837589390925
TURN,0.05,P_time,3.1431103053814087,2.129410168640365,0.6774850265339212
TURN,0.05,P_time,3.1431103053814087,2.129410168640365,0.6774850265339212
TURN,0.05,P_time,3.1431103053814087,2.129410168640365,0.6774850265339212
TURN,0.05,P_time,3.1431103053814087,2.129410168640365,0.6774850265339212
TURN,0.05,P_time,3.1431103053814087,2.129410168640365,0.6774850265339212
TURN,0.05,P_time,3.1431103053814087,2.129410168640365,0.6774850265339212
TURN,0.05,P_time,3.1431103053814087,2.129410168640365,0.6774850265339212
TURN,0.05,P_time,3.1431103053814087,2.129410168640365,0.6774850265339212
TURN,0.05,P_time,3.1431103053814087,2.129410168640365,0.6774850265339212
TURN,0.05,P_time,3.1431103053814087,2.129410168640365,0.6774850265339212
TURN,0.05,P_time,5.0592981731486875,4.045598036407643,0.7996362139474058
TURN,0.05,P_time,5.0592981731486875,4.045598036407643,0.7996362139474058
TURN,0.05,P_time,5.0592981731486875,4.045598036407643,0.7996362139474058
TURN,0.05,P_time,5.0592981731486875,4.045598036407643,0.7996362139474058
TURN,0.05,P_time,5.0592981731486875,4.045598036407643,0.7996362139474058
TURN,0.05,P_time,5.0592981731486875,4.045598036407643,0.7996362139474058
TURN,0.05,P_time,5.0592981731486875,4.045598036407643,0.7996362139474058
TURN,0.05,P_time,5.0592981731486875,4.973859960986451,0.9831126355399087
TURN,0.05,P_time,5.0592981731486875,4.973859960986451,0.9831126355399087
TURN,0.05,P_time,5.0592981731486875,4.973859960986451,0.9831126355399087
TURN,0.05,P_time,5.0592981731486875,4.973859960986451,0.9831126355399087
TURN,0.05,P_time,5.0592981731486875,4.973859960986451,0.9831126355399087
TURN,0.05,P_time,5.0592981731486875,4.973859960986451,0.9831126355399087
TURN,0.05,P_time,5.0592981731486875,4.973859960986451,0.9831126355399087
TURN,0.05,P_time,5.0592981731486875,4.973859960986451,0.9831126355399087
TURN,0.05,P_time,5.0592981731486875,4.973859960986451,0.9831126355399087
TURN,0.05,P_time,5.0592981731486875,4.973859960986451,0.9831126355399087
TURN,0.05,P_time,5.0592981731486875,4.973859960986451,0.9831126355399087
TURN,0.05,P_time,5.0592981731486875,4.973859960986451,0.9831126355399087
TURN,0.05,P_time,5.0592981731486875,4.973859960986451,0.9831126355399087
TURN,0.05,P_time,5.0592981731486875,4.973859960986451,0.9831126355399087
TURN,0.05,P_time,5.0592981731486875,4.973859960986451,0.9831126355399087
TURN,0.05,P_time,5.0592981731486875,4.973859960986451,0.9831126355399087
TURN,0.05,P_time,5.0592981731486875,4.973859960986451,0.9831126355399087
TURN,0.05,P_time,5.0592981731486875,4.973859960986451,0.9831126355399087
TURN,0.05,P_time,5.0592981731486875,4.973859960986451,0.9831126355399087
TURN,0.05,P_time,5.0592981731486875,4.973859960986451,0.9831126355399087
TURN,0.05,P_time,5.0592981731486875,4.973859960986451,0.9831126355399087
TURN,0.05,P_time,5.0592981731486875,4.973859960986451,0.9831126355399087
TURN,0.05,P_time,5.0592981731486875,4.973859960986451,0.9831126355399087
TURN,0.05,P_time,5.0592981731486875,4.973859960986451,0.9831126355399087
TURN,0.05,P_time,5.0592981731486875,4.973859960986451,0.9831126355399087
TURN,0.05,P_time,5.0592981731486875,4.973859960986451,0.9831126355399087
TURN,0.05,P_time,5.0592981731486875,4.973859960986451,0.9831126355399087
TURN,0.05,P_time,5.0592981731486875,4.973859960986451,0.9831126355399087
TURN,0.05,P_time,5.0592981731486875,4.973859960986451,0.9831126355399087
TURN,0.05,P_time,6.841979418426012,4.973859960986451,0.7269621343191179
TURN,0.05,P_time,6.841979418426012,4.973859960986451,0.7269621343191179
TURN,0.05,P_time,6.841979418426012,4.973859960986451,0.7269621343191179
TURN,0.05,P_time,8.316304367855935,4.973859960986451,0.5980853683291519
TURN,0.05,P_time,8.316304367855935,4.973859960986451,0.5980853683291519
TURN,0.05,P_time,8.316304367855935,4.973859960986451,0.5980853683291519
TURN,0.05,P_time,8.316304367855935,4.973859960986451,0.5980853683291519
TURN,0.05,P_time,8.316304367855935,4.973859960986451,0.5980853683291519
TURN,0.05,P_time,8.316304367855935,4.973859960986451,0.5980853683291519
TURN,0.05,P_time,8.316304367855935,4.973859960986451,0.5980853683291519
TURN,0.05,P_time,8.316304367855935,4.973859960986451,0.5980853683291519
TURN,0.05,P_time,8.316304367855935,4.973859960986451,0.5980853683291519
TURN,0.05,P_time,8.316304367855935,4.973859960986451,0.5980853683291519
TURN,0.05,P_time,8.316304367855935,4.973859960986451,0.5980853683291519
TURN,0.05,P_time,8.316304367855935,4.973859960986451,0.5980853683291519
TURN,0.05,P_time,10.26077913805439,4.973859960986451,0.4847448613857968
TURN,0.05,P_time,10.26077913805439,4.973859960986451,0.4847448613857968
TURN,0.05,P_time,10.26077913805439,4.973859960986451,0.4847448613857968
TURN,0.05,P_time,10.26077913805439,4.973859960986451,0.4847448613857968
TURN,0.05,P_time,10.26077913805439,4.973859960986451,0.4847448613857968
TURN,0.05,P_time,10.26077913805439,4.973859960986451,0.4847448613857968
TURN,0.05,P_time,10.26077913805439,4.973859960986451,0.4847448613857968
TURN,0.05,P_time,10.26077913805439,5.620427537841472,0.5477583585243406
TURN,0.05,P_time,10.26077913805439,5.620427537841472,0.5477583585243406
TURN,0.05,P_time,10.26077913805439,5.620427537841472,0.5477583585243406
TURN,0.05,P_time,10.26077913805439,5.620427537841472,0.5477583585243406
TURN,0.05,P_time,10.26077913805439,5.620427537841472,0.5477583585243406
TURN,0.05,P_time,10.26077913805439,5.620427537841472,0.5477583585243406
TURN,0.05,P_time,10.26077913805439,5.620427537841472,0.5477583585243406
TURN,0.05,P_time,10.26077913805439,5.620427537841472,0.5477583585243406
TURN,0.05,P_time,10.26077913805439,5.620427537841472,0.5477583585243406
TURN,0.05,P_time,10.26077913805439,5.620427537841472,0.5477583585243406
TURN,0.05,P_time,10.26077913805439,7.057534916532241,0.6878166678744498
TURN,0.05,P_time,10.26077913805439,7.057534916532241,0.6878166678744498
TURN,0.05,P_time,10.26077913805439,7.057534916532241,0.6878166678744498
TURN,0.05,P_time,10.26077913805439,7.057534916532241,0.6878166678744498
TURN,0.05,P_time,10.26077913805439,7.057534916532241,0.6878166678744498
TURN,0.05,P_time,10.26077913805439,7.057534916532241,0.6878166678744498
TURN,0.05,P_time,10.26077913805439,7.057534916532241,0.6878166678744498
TURN,0.05,P_time,10.26077913805439,7.057534916532241,0.6878166678744498
TURN,0.05,P_time,10.26077913805439,7.057534916532241,0.6878166678744498
TURN,0.05,P_time,10.26077913805439,7.057534916532241,0.6878166678744498
TURN,0.05,P_time,10.26077913805439,7.057534916532241,0.6878166678744498
TURN,0.05,P_time,10.26077913805439,7.057534916532241,0.6878166678744498
TURN,0.05,P_time,10.26077913805439,7.057534916532241,0.6878166678744498
TURN,0.05,P_time,10.26077913805439,7.057534916532241,0.6878166678744498
TURN,0.05,P_time,10.26077913805439,7.057534916532241,0.6878166678744498
TURN,0.05,P_time,10.26077913805439,7.057534916532241,0.6878166678744498
TURN,0.05,P_time,10.26077913805439,7.057534916532241,0.6878166678744498
TURN,0.05,P_time,10.26077913805439,7.057534916532241,0.6878166678744498
TURN,0.05,P_time,10.26077913805439,7.057534916532241,0.6878166678744498
TURN,0.05,P_time,10.26077913805439,7.057534916532241,0.6878166678744498
TURN,0.05,P_time,10.26077913805439,7.057534916532241,0.6878166678744498
TURN,0.05,P_time,10.26077913805439,7.057534916532241,0.6878166678744498
TURN,0.05,P_time,10.26077913805439,7.057534916532241,0.6878166678744498
TURN,0.05,P_time,10.26077913805439,7.057534916532241,0.6878166678744498
TURN,0.05,P_time,10.26077913805439,7.057534916532241,0.6878166678744498
TURN,0.05,P_time,10.26077913805439,7.057534916532241,0.6878166678744498
TURN,0.05,P_time,10.26077913805439,7.057534916532241,0.6878166678744498
TURN,0.05,P_time,10.26077913805439,7.057534916532241,0.6878166678744498
TURN,0.05,P_itinerary,0.0,0.0,
TURN,0.05,P_itinerary,0.0,0.0,
TURN,0.05,P_itinerary,0.0,0.0,
TURN,0.05,P_itinerary,0.0,0.0,
TURN,0.05,P_itinerary,0.6563662976948349,0.6563662976948349,1.0
TURN,0.05,P_itinerary,0.6563662976948349,0.6563662976948349,1.0
TURN,0.05,P_itinerary,0.6563662976948349,0.6563662976948349,1.0
TURN,0.05,P_itinerary,0.9492817053650437,0.6563662976948349,0.6914346858106056
TURN,0.05,P_itinerary,0.9492817053650437,0.6563662976948349,0.6914346858106056
TURN,0.05,P_itinerary,0.9492817053650437,0.6563662976948349,0.6914346858106056
TURN,0.05,P_itinerary,0.9492817053650437,0.6563662976948349,0.6914346858106056
TURN,0.05,P_itinerary,0.9492817053650437,0.6563662976948349,0.6914346858106056
TURN,0.05,P_itinerary,0.9492817053650437,0.6563662976948349,0.6914346858106056
TURN,0.05,P_itinerary,0.9492817053650437,0.6563662976948349,0.6914346858106056
TURN,0.05,P_itinerary,0.9492817053650437,3.25672667315578,3.430727311766126
TURN,0.05,P_itinerary,0.9492817053650437,3.25672667315578,3.430727311766126
TURN,0.05,P_itinerary,0.9492817053650437,3.25672667315578,3.430727311766126
TURN,0.05,P_itinerary,0.9492817053650437,3.25672667315578,3.430727311766126
TURN,0.05,P_itinerary,0.9492817053650437,3.25672667315578,3.430727311766126
TURN,0.05,P_itinerary,0.9492817053650437,3.25672667315578,3.430727311766126
TURN,0.05,P_itinerary,0.9492817053650437,3.25672667315578,3.430727311766126
TURN,0.05,P_itinerary,0.9492817053650437,3.25672667315578,3.430727311766126
TURN,0.05,P_itinerary,0.9492817053650437,3.25672667315578,3.430727311766126
TURN,0.05,P_itinerary,0.9492817053650437,3.25672667315578,3.430727311766126
TURN,0.05,P_itinerary,1.2490416098541157,3.556486577644852,2.8473723770181194
TURN,0.05,P_itinerary,1.2490416098541157,3.556486577644852,2.8473723770181194
TURN,0.05,P_itinerary,1.2490416098541157,3.556486577644852,2.8473723770181194
TURN,0.05,P_itinerary,1.2490416098541157,3.556486577644852,2.8473723770181194
TURN,0.05,P_itinerary,1.2490416098541157,3.556486577644852,2.8473723770181194
TURN,0.05,P_itinerary,1.2490416098541157,3.556486577644852,2.8473723770181194
TURN,0.05,P_itinerary,1.2490416098541157,3.556486577644852,2.8473723770181194
TURN,0.05,P_itinerary,1.2490416098541157,4.089020855305233,3.2737266901643243
TURN,0.05,P_itinerary,1.2490416098541157,4.089020855305233,3.2737266901643243
TURN,0.05,P_itinerary,1.2490416098541157,4.089020855305233,3.2737266901643243
TURN,0.05,P_itinerary,1.2490416098541157,4.089020855305233,3.2737266901643243
TURN,0.05,P_itinerary,1.2490416098541157,4.089020855305233,3.2737266901643243
TURN,0.05,P_itinerary,1.2490416098541157,4.089020855305233,3.2737266901643243
TURN,0.05,P_itinerary,1.2490416098541157,4.089020855305233,3.2737266901643243
TURN,0.05,P_itinerary,1.2490416098541157,4.089020855305233,3.2737266901643243
TURN,0.05,P_itinerary,1.2490416098541157,4.089020855305233,3.2737266901643243
TURN,0.05,P_itinerary,1.2490416098541157,4.089020855305233,3.2737266901643243
TURN,0.05,P_itinerary,1.2490416098541157,4.089020855305233,3.2737266901643243
TURN,0.05,P_itinerary,1.2490416098541157,4.089020855305233,3.2737266901643243
TURN,0.05,P_itinerary,1.2490416098541157,4.089020855305233,3.2737266901643243
TURN,0.05,P_itinerary,1.2490416098541157,4.089020855305233,3.2737266901643243
TURN,0.05,P_itinerary,1.2490416098541157,4.089020855305233,3.2737266901643243
TURN,0.05,P_itinerary,1.2490416098541157,4.089020855305233,3.2737266901643243
TURN,0.05,P_itinerary,1.2490416098541157,4.089020855305233,3.2737266901643243
TURN,0.05,P_itinerary,1.2490416098541157,4.089020855305233,3.2737266901643243
TURN,0.05,P_itinerary,1.2490416098541157,4.089020855305233,3.2737266901643243
TURN,0.05,P_itinerary,1.2490416098541157,4.089020855305233,3.2737266901643243
TURN,0.05,P_itinerary,1.2490416098541157,4.089020855305233,3.2737266901643243
TURN,0.05,P_itinerary,1.2490416098541157,4.089020855305233,3.2737266901643243
TURN,0.05,P_itinerary,1.2490416098541157,4.089020855305233,3.2737266901643243
TURN,0.05,P_itinerary,1.2490416098541157,4.089020855305233,3.2737266901643243
TURN,0.05,P_itinerary,1.2490416098541157,4.089020855305233,3.2737266901643243
TURN,0.05,P_itinerary,1.2490416098541157,4.089020855305233,3.2737266901643243
TURN,0.05,P_itinerary,1.2490416098541157,4.089020855305233,3.2737266901643243
TURN,0.05,P_itinerary,1.2490416098541157,4.089020855305233,3.2737266901643243
TURN,0.05,P_itinerary,1.2490416098541157,4.089020855305233,3.2737266901643243
TURN,0.05,P_itinerary,4.0638929995160264,4.089020855305233,1.006183198177757
TURN,0.05,P_itinerary,4.0638929995160264,4.089020855305233,1.006183198177757
TURN,0.05,P_itinerary,4.0638929995160264,4.089020855305233,1.006183198177757
TURN,0.05,P_itinerary,7.3071853168666046,4.089020855305233,0.5595890453013237
TURN,0.05,P_itinerary,7.3071853168666046,4.089020855305233,0.5595890453013237
TURN,0.05,P_itinerary,7.3071853168666046,4.089020855305233,0.5595890453013237
TURN,0.05,P_itinerary,7.3071853168666046,4.089020855305233,0.5595890453013237
TURN,0.05,P_itinerary,7.3071853168666046,4.089020855305233,0.5595890453013237
TURN,0.05,P_itinerary,7.3071853168666046,4.089020855305233,0.5595890453013237
TURN,0.05,P_itinerary,7.3071853168666046,4.089020855305233,0.5595890453013237
TURN,0.05,P_itinerary,7.3071853168666046,4.089020855305233,0.5595890453013237
TURN,0.05,P_itinerary,7.3071853168666046,4.089020855305233,0.5595890453013237
TURN,0.05,P_itinerary,7.3071853168666046,4.089020855305233,0.5595890453013237
TURN,0.05,P_itinerary,7.3071853168666046,4.089020855305233,0.5595890453013237
TURN,0.05,P_itinerary,7.3071853168666046,4.089020855305233,0.5595890453013237
TURN,0.05,P_itinerary,10.92161874449689,4.089020855305233,0.374396959916366
TURN,0.05,P_itinerary,10.92161874449689,4.089020855305233,0.374396959916366
TURN,0.05,P_itinerary,10.92161874449689,4.089020855305233,0.374396959916366
TURN,0.05,P_itinerary,10.92161874449689,4.089020855305233,0.374396959916366
TURN,0.05,P_itinerary,10.92161874449689,4.089020855305233,0.374396959916366
TURN,0.05,P_itinerary,10.92161874449689,4.089020855305233,0.374396959916366
TURN,0.05,P_itinerary,10.92161874449689,4.089020855305233,0.374396959916366
TURN,0.05,P_itinerary,10.92161874449689,4.120101036071161,0.3772427084718709
TURN,0.05,P_itinerary,10.92161874449689,4.120101036071161,0.3772427084718709
TURN,0.05,P_itinerary,10.92161874449689,4.120101036071161,0.3772427084718709
TURN,0.05,P_itinerary,10.92161874449689,4.120101036071161,0.3772427084718709
TURN,0.05,P_itinerary,10.92161874449689,4.120101036071161,0.3772427084718709
TURN,0.05,P_itinerary,10.92161874449689,4.120101036071161,0.3772427084718709
TURN,0.05,P_itinerary,10.92161874449689,4.120101036071161,0.3772427084718709
TURN,0.05,P_itinerary,10.92161874449689,4.120101036071161,0.3772427084718709
TURN,0.05,P_itinerary,10.92161874449689,4.120101036071161,0.3772427084718709
TURN,0.05,P_itinerary,10.92161874449689,4.120101036071161,0.3772427084718709
TURN,0.05,P_itinerary,10.92161874449689,4.16264393467298,0.3811380008820052
TURN,0.05,P_itinerary,10.92161874449689,4.16264393467298,0.3811380008820052
TURN,0.05,P_itinerary,10.92161874449689,4.16264393467298,0.3811380008820052
TURN,0.05,P_itinerary,10.92161874449689,4.16264393467298,0.3811380008820052
TURN,0.05,P_itinerary,10.92161874449689,4.16264393467298,0.3811380008820052
TURN,0.05,P_itinerary,10.92161874449689,4.16264393467298,0.3811380008820052
TURN,0.05,P_itinerary,10.92161874449689,4.16264393467298,0.3811380008820052
TURN,0.05,P_itinerary,10.92161874449689,4.16264393467298,0.3811380008820052
TURN,0.05,P_itinerary,10.92161874449689,4.16264393467298,0.3811380008820052
TURN,0.05,P_itinerary,10.92161874449689,4.16264393467298,0.3811380008820052
TURN,0.05,P_itinerary,10.92161874449689,4.16264393467298,0.3811380008820052
TURN,0.05,P_itinerary,10.92161874449689,4.16264393467298,0.3811380008820052
TURN,0.05,P_itinerary,10.92161874449689,4.16264393467298,0.3811380008820052
TURN,0.05,P_itinerary,10.92161874449689,4.16264393467298,0.3811380008820052
TURN,0.05,P_itinerary,10.92161874449689,4.16264393467298,0.3811380008820052
TURN,0.05,P_itinerary,10.92161874449689,4.16264393467298,0.3811380008820052
TURN,0.05,P_itinerary,10.92161874449689,4.16264393467298,0.3811380008820052
TURN,0.05,P_itinerary,10.92161874449689,4.16264393467298,0.3811380008820052
TURN,0.05,P_itinerary,10.92161874449689,4.16264393467298,0.3811380008820052
TURN,0.05,P_itinerary,10.92161874449689,4.16264393467298,0.3811380008820052
TURN,0.05,P_itinerary,10.92161874449689,4.16264393467298,0.3811380008820052
TURN,0.05,P_itinerary,10.92161874449689,4.16264393467298,0.3811380008820052
TURN,0.05,P_itinerary,10.92161874449689,4.16264393467298,0.3811380008820052
TURN,0.05,P_itinerary,10.92161874449689,4.16264393467298,0.3811380008820052
TURN,0.05,P_itinerary,10.92161874449689,4.16264393467298,0.3811380008820052
TURN,0.05,P_itinerary,10.92161874449689,4.16264393467298,0.3811380008820052
TURN,0.05,P_itinerary,10.92161874449689,4.16264393467298,0.3811380008820052
TURN,0.05,P_itinerary,10.92161874449689,4.16264393467298,0.3811380008820052
TURN,0.05,P_service,0.0,0.0,
TURN,0.05,P_service,0.0,0.0,
TURN,0.05,P_service,0.0,0.0,
TURN,0.05,P_service,0.0,0.0,
TURN,0.05,P_service,3.4068536404160477,3.4068536404160477,1.0
TURN,0.05,P_service,3.4068536404160477,3.4068536404160477,1.0
TURN,0.05,P_service,3.4068536404160477,3.4068536404160477,1.0
TURN,0.05,P_service,7.9934073935967085,3.4068536404160477,0.4262079326952835
TURN,0.05,P_service,7.9934073935967085,3.4068536404160477,0.4262079326952835
TURN,0.05,P_service,7.9934073935967085,3.4068536404160477,0.4262079326952835
TURN,0.05,P_service,7.9934073935967085,3.4068536404160477,0.4262079326952835
TURN,0.05,P_service,7.9934073935967085,3.4068536404160477,0.4262079326952835
TURN,0.05,P_service,7.9934073935967085,3.4068536404160477,0.4262079326952835
TURN,0.05,P_service,7.9934073935967085,3.4068536404160477,0.4262079326952835
TURN,0.05,P_service,7.9934073935967085,5.344254118123054,0.6685827276117797
TURN,0.05,P_service,7.9934073935967085,5.344254118123054,0.6685827276117797
TURN,0.05,P_service,7.9934073935967085,5.344254118123054,0.6685827276117797
TURN,0.05,P_service,7.9934073935967085,5.344254118123054,0.6685827276117797
TURN,0.05,P_service,7.9934073935967085,5.344254118123054,0.6685827276117797
TURN,0.05,P_service,7.9934073935967085,5.344254118123054,0.6685827276117797
TURN,0.05,P_service,7.9934073935967085,5.344254118123054,0.6685827276117797
TURN,0.05,P_service,7.9934073935967085,5.344254118123054,0.6685827276117797
TURN,0.05,P_service,7.9934073935967085,5.344254118123054,0.6685827276117797
TURN,0.05,P_service,7.9934073935967085,5.344254118123054,0.6685827276117797
TURN,0.05,P_service,12.017019506069673,9.367866230596018,0.7795498897097076
TURN,0.05,P_service,12.017019506069673,9.367866230596018,0.7795498897097076
TURN,0.05,P_service,12.017019506069673,9.367866230596018,0.7795498897097076
TURN,0.05,P_service,12.017019506069673,9.367866230596018,0.7795498897097076
TURN,0.05,P_service,12.017019506069673,9.367866230596018,0.7795498897097076
TURN,0.05,P_service,12.017019506069673,9.367866230596018,0.7795498897097076
TURN,0.05,P_service,12.017019506069673,9.367866230596018,0.7795498897097076
TURN,0.05,P_service,12.017019506069673,11.554956691349226,0.9615492997671291
TURN,0.05,P_service,12.017019506069673,11.554956691349226,0.9615492997671291
TURN,0.05,P_service,12.017019506069673,11.554956691349226,0.9615492997671291
TURN,0.05,P_service,12.017019506069673,11.554956691349226,0.9615492997671291
TURN,0.05,P_service,12.017019506069673,11.554956691349226,0.9615492997671291
TURN,0.05,P_service,12.017019506069673,11.554956691349226,0.9615492997671291
TURN,0.05,P_service,12.017019506069673,11.554956691349226,0.9615492997671291
TURN,0.05,P_service,12.017019506069673,11.554956691349226,0.9615492997671291
TURN,0.05,P_service,12.017019506069673,11.554956691349226,0.9615492997671291
TURN,0.05,P_service,12.017019506069673,11.554956691349226,0.9615492997671291
TURN,0.05,P_service,12.017019506069673,11.554956691349226,0.9615492997671291
TURN,0.05,P_service,12.017019506069673,11.554956691349226,0.9615492997671291
TURN,0.05,P_service,12.017019506069673,11.554956691349226,0.9615492997671291
TURN,0.05,P_service,12.017019506069673,11.554956691349226,0.9615492997671291
TURN,0.05,P_service,12.017019506069673,11.554956691349226,0.9615492997671291
TURN,0.05,P_service,12.017019506069673,11.554956691349226,0.9615492997671291
TURN,0.05,P_service,12.017019506069673,11.554956691349226,0.9615492997671291
TURN,0.05,P_service,12.017019506069673,11.554956691349226,0.9615492997671291
TURN,0.05,P_service,12.017019506069673,11.554956691349226,0.9615492997671291
TURN,0.05,P_service,12.017019506069673,11.554956691349226,0.9615492997671291
TURN,0.05,P_service,12.017019506069673,11.554956691349226,0.9615492997671291
TURN,0.05,P_service,12.017019506069673,11.554956691349226,0.9615492997671291
TURN,0.05,P_service,12.017019506069673,11.554956691349226,0.9615492997671291
TURN,0.05,P_service,12.017019506069673,11.554956691349226,0.9615492997671291
TURN,0.05,P_service,12.017019506069673,11.554956691349226,0.9615492997671291
TURN,0.05,P_service,12.017019506069673,11.554956691349226,0.9615492997671291
TURN,0.05,P_service,12.017019506069673,11.554956691349226,0.9615492997671291
TURN,0.05,P_service,12.017019506069673,11.554956691349226,0.9615492997671291
TURN,0.05,P_service,12.017019506069673,11.554956691349226,0.9615492997671291
TURN,0.05,P_service,14.51736783409515,11.554956691349226,0.7959402023424332
TURN,0.05,P_service,14.51736783409515,11.554956691349226,0.7959402023424332
TURN,0.05,P_service,14.51736783409515,11.554956691349226,0.7959402023424332
TURN,0.05,P_service,16.739713067842413,11.554956691349226,0.6902720879694593
TURN,0.05,P_service,16.739713067842413,11.554956691349226,0.6902720879694593
TURN,0.05,P_service,16.739713067842413,11.554956691349226,0.6902720879694593
TURN,0.05,P_service,16.739713067842413,11.554956691349226,0.6902720879694593
TURN,0.05,P_service,16.739713067842413,11.554956691349226,0.6902720879694593
TURN,0.05,P_service,16.739713067842413,11.554956691349226,0.6902720879694593
TURN,0.05,P_service,16.739713067842413,11.554956691349226,0.6902720879694593
TURN,0.05,P_service,16.739713067842413,11.554956691349226,0.6902720879694593
TURN,0.05,P_service,16.739713067842413,11.554956691349226,0.6902720879694593
TURN,0.05,P_service,16.739713067842413,11.554956691349226,0.6902720879694593
TURN,0.05,P_service,16.739713067842413,11.554956691349226,0.6902720879694593
TURN,0.05,P_service,16.739713067842413,11.554956691349226,0.6902720879694593
TURN,0.05,P_service,19.15261438792064,11.554956691349226,0.6033096295530713
TURN,0.05,P_service,19.15261438792064,11.554956691349226,0.6033096295530713
TURN,0.05,P_service,19.15261438792064,11.554956691349226,0.6033096295530713
TURN,0.05,P_service,19.15261438792064,11.554956691349226,0.6033096295530713
TURN,0.05,P_service,19.15261438792064,11.554956691349226,0.6033096295530713
TURN,0.05,P_service,19.15261438792064,11.554956691349226,0.6033096295530713
TURN,0.05,P_service,19.15261438792064,11.554956691349226,0.6033096295530713
TURN,0.05,P_service,19.15261438792064,13.570223866921744,0.708531148388825
TURN,0.05,P_service,19.15261438792064,13.570223866921744,0.708531148388825
TURN,0.05,P_service,19.15261438792064,13.570223866921744,0.708531148388825
TURN,0.05,P_service,19.15261438792064,13.570223866921744,0.708531148388825
TURN,0.05,P_service,19.15261438792064,13.570223866921744,0.708531148388825
TURN,0.05,P_service,19.15261438792064,13.570223866921744,0.708531148388825
TURN,0.05,P_service,19.15261438792064,13.570223866921744,0.708531148388825
TURN,0.05,P_service,19.15261438792064,13.570223866921744,0.708531148388825
TURN,0.05,P_service,19.15261438792064,13.570223866921744,0.708531148388825
TURN,0.05,P_service,19.15261438792064,13.570223866921744,0.708531148388825
TURN,0.05,P_service,19.15261438792064,16.29341253263193,0.8507148007380142
TURN,0.05,P_service,19.15261438792064,16.29341253263193,0.8507148007380142
TURN,0.05,P_service,19.15261438792064,16.29341253263193,0.8507148007380142
TURN,0.05,P_service,19.15261438792064,16.29341253263193,0.8507148007380142
TURN,0.05,P_service,19.15261438792064,16.29341253263193,0.8507148007380142
TURN,0.05,P_service,19.15261438792064,16.29341253263193,0.8507148007380142
TURN,0.05,P_service,19.15261438792064,16.29341253263193,0.8507148007380142
TURN,0.05,P_service,19.15261438792064,16.29341253263193,0.8507148007380142
TURN,0.05,P_service,19.15261438792064,16.29341253263193,0.8507148007380142
TURN,0.05,P_service,19.15261438792064,16.29341253263193,0.8507148007380142
TURN,0.05,P_service,19.15261438792064,16.29341253263193,0.8507148007380142
TURN,0.05,P_service,19.15261438792064,16.29341253263193,0.8507148007380142
TURN,0.05,P_service,19.15261438792064,16.29341253263193,0.8507148007380142
TURN,0.05,P_service,19.15261438792064,16.29341253263193,0.8507148007380142
TURN,0.05,P_service,19.15261438792064,16.29341253263193,0.8507148007380142
TURN,0.05,P_service,19.15261438792064,16.29341253263193,0.8507148007380142
TURN,0.05,P_service,19.15261438792064,16.29341253263193,0.8507148007380142
TURN,0.05,P_service,19.15261438792064,16.29341253263193,0.8507148007380142
TURN,0.05,P_service,19.15261438792064,16.29341253263193,0.8507148007380142
TURN,0.05,P_service,19.15261438792064,16.29341253263193,0.8507148007380142
TURN,0.05,P_service,19.15261438792064,16.29341253263193,0.8507148007380142
TURN,0.05,P_service,19.15261438792064,16.29341253263193,0.8507148007380142
TURN,0.05,P_service,19.15261438792064,16.29341253263193,0.8507148007380142
TURN,0.05,P_service,19.15261438792064,16.29341253263193,0.8507148007380142
TURN,0.05,P_service,19.15261438792064,16.29341253263193,0.8507148007380142
TURN,0.05,P_service,19.15261438792064,16.29341253263193,0.8507148007380142
TURN,0.05,P_service,19.15261438792064,16.29341253263193,0.8507148007380142
TURN,0.05,P_service,19.15261438792064,16.29341253263193,0.8507148007380142
TURN,0.05,R_operating,0.0,0.0,
TURN,0.05,R_operating,0.0,0.0,
TURN,0.05,R_operating,0.0,0.0,
TURN,0.05,R_operating,0.0,0.0,
TURN,0.05,R_operating,0.42963040823815396,0.42963040823815396,1.0
TURN,0.05,R_operating,0.42963040823815396,0.42963040823815396,1.0
TURN,0.05,R_operating,0.42963040823815396,0.42963040823815396,1.0
TURN,0.05,R_operating,0.5579333069850692,0.42963040823815396,0.7700390044103449
TURN,0.05,R_operating,0.5579333069850692,0.42963040823815396,0.7700390044103449
TURN,0.05,R_operating,0.5579333069850692,0.42963040823815396,0.7700390044103449
TURN,0.05,R_operating,0.5579333069850692,0.42963040823815396,0.7700390044103449
TURN,0.05,R_operating,0.5579333069850692,0.42963040823815396,0.7700390044103449
TURN,0.05,R_operating,0.5579333069850692,0.42963040823815396,0.7700390044103449
TURN,0.05,R_operating,0.5579333069850692,0.42963040823815396,0.7700390044103449
TURN,0.05,R_operating,0.5579333069850692,0.42963040823815396,0.7700390044103449
TURN,0.05,R_operating,0.5579333069850692,0.42963040823815396,0.7700390044103449
TURN,0.05,R_operating,0.5579333069850692,0.42963040823815396,0.7700390044103449
TURN,0.05,R_operating,0.5579333069850692,0.42963040823815396,0.7700390044103449
TURN,0.05,R_operating,0.5579333069850692,0.42963040823815396,0.7700390044103449
TURN,0.05,R_operating,0.5579333069850692,0.42963040823815396,0.7700390044103449
TURN,0.05,R_operating,0.5579333069850692,0.42963040823815396,0.7700390044103449
TURN,0.05,R_operating,0.5579333069850692,0.42963040823815396,0.7700390044103449
TURN,0.05,R_operating,0.5579333069850692,0.42963040823815396,0.7700390044103449
TURN,0.05,R_operating,0.5579333069850692,0.42963040823815396,0.7700390044103449
TURN,0.05,R_operating,1.0816934936796314,0.9533905949327164,0.8813870107414042
TURN,0.05,R_operating,1.0816934936796314,0.9533905949327164,0.8813870107414042
TURN,0.05,R_operating,1.0816934936796314,0.9533905949327164,0.8813870107414042
TURN,0.05,R_operating,1.0816934936796314,0.9533905949327164,0.8813870107414042
TURN,0.05,R_operating,1.0816934936796314,0.9533905949327164,0.8813870107414042
TURN,0.05,R_operating,1.0816934936796314,0.9533905949327164,0.8813870107414042
TURN,0.05,R_operating,1.0816934936796314,0.9533905949327164,0.8813870107414042
TURN,0.05,R_operating,1.0816934936796314,0.9533905949327164,0.8813870107414042
TURN,0.05,R_operating,1.0816934936796314,0.9533905949327164,0.8813870107414042
TURN,0.05,R_operating,1.0816934936796314,0.9533905949327164,0.8813870107414042
TURN,0.05,R_operating,1.0816934936796314,0.9533905949327164,0.8813870107414042
TURN,0.05,R_operating,1.0816934936796314,0.9533905949327164,0.8813870107414042
TURN,0.05,R_operating,1.0816934936796314,0.9533905949327164,0.8813870107414042
TURN,0.05,R_operating,1.0816934936796314,0.9533905949327164,0.8813870107414042
TURN,0.05,R_operating,1.0816934936796314,0.9533905949327164,0.8813870107414042
TURN,0.05,R_operating,1.0816934936796314,0.9533905949327164,0.8813870107414042
TURN,0.05,R_operating,1.0816934936796314,0.9533905949327164,0.8813870107414042
TURN,0.05,R_operating,1.0816934936796314,0.9533905949327164,0.8813870107414042
TURN,0.05,R_operating,1.0816934936796314,0.9533905949327164,0.8813870107414042
TURN,0.05,R_operating,1.0816934936796314,0.9533905949327164,0.8813870107414042
TURN,0.05,R_operating,1.0816934936796314,0.9533905949327164,0.8813870107414042
TURN,0.05,R_operating,1.0816934936796314,0.9533905949327164,0.8813870107414042
TURN,0.05,R_operating,1.0816934936796314,0.9533905949327164,0.8813870107414042
TURN,0.05,R_operating,1.0816934936796314,0.9533905949327164,0.8813870107414042
TURN,0.05,R_operating,1.0816934936796314,0.9533905949327164,0.8813870107414042
TURN,0.05,R_operating,1.0816934936796314,0.9533905949327164,0.8813870107414042
TURN,0.05,R_operating,1.0816934936796314,0.9533905949327164,0.8813870107414042
TURN,0.05,R_operating,1.0816934936796314,0.9533905949327164,0.8813870107414042
TURN,0.05,R_operating,1.0816934936796314,0.9533905949327164,0.8813870107414042
TURN,0.05,R_operating,1.0816934936796314,0.9533905949327164,0.8813870107414042
TURN,0.05,R_operating,1.0816934936796314,0.9533905949327164,0.8813870107414042
TURN,0.05,R_operating,1.0816934936796314,0.9533905949327164,0.8813870107414042
TURN,0.05,R_operating,1.0816934936796314,0.9533905949327164,0.8813870107414042
TURN,0.05,R_operating,1.0816934936796314,0.9533905949327164,0.8813870107414042
TURN,0.05,R_operating,1.0816934936796314,0.9533905949327164,0.8813870107414042
TURN,0.05,R_operating,1.0816934936796314,0.9533905949327164,0.8813870107414042
TURN,0.05,R_operating,1.6979367440915667,0.9533905949327164,0.5614994776750657
TURN,0.05,R_operating,1.6979367440915667,0.9533905949327164,0.5614994776750657
TURN,0.05,R_operating,1.6979367440915667,0.9533905949327164,0.5614994776750657
TURN,0.05,R_operating,2.1884180291934174,0.9533905949327164,0.43565286988798313
TURN,0.05,R_operating,2.1884180291934174,0.9533905949327164,0.43565286988798313
TURN,0.05,R_operating,2.1884180291934174,0.9533905949327164,0.43565286988798313
TURN,0.05,R_operating,2.1884180291934174,0.9533905949327164,0.43565286988798313
TURN,0.05,R_operating,2.1884180291934174,0.9533905949327164,0.43565286988798313
TURN,0.05,R_operating,2.1884180291934174,0.9533905949327164,0.43565286988798313
TURN,0.05,R_operating,2.1884180291934174,0.9533905949327164,0.43565286988798313
TURN,0.05,R_operating,2.1884180291934174,0.9533905949327164,0.43565286988798313
TURN,0.05,R_operating,2.1884180291934174,0.9533905949327164,0.43565286988798313
TURN,0.05,R_operating,2.1884180291934174,0.9533905949327164,0.43565286988798313
TURN,0.05,R_operating,2.1884180291934174,0.9533905949327164,0.43565286988798313
TURN,0.05,R_operating,2.1884180291934174,0.9533905949327164,0.43565286988798313
TURN,0.05,R_operating,2.4856388586020333,0.9533905949327164,0.38355957931431756
TURN,0.05,R_operating,2.4856388586020333,0.9533905949327164,0.38355957931431756
TURN,0.05,R_operating,2.4856388586020333,0.9533905949327164,0.38355957931431756
TURN,0.05,R_operating,2.4856388586020333,0.9533905949327164,0.38355957931431756
TURN,0.05,R_operating,2.4856388586020333,0.9533905949327164,0.38355957931431756
TURN,0.05,R_operating,2.4856388586020333,0.9533905949327164,0.38355957931431756
TURN,0.05,R_operating,2.4856388586020333,0.9533905949327164,0.38355957931431756
TURN,0.05,R_operating,2.4856388586020333,1.0258469544234685,0.4127095739887261
TURN,0.05,R_operating,2.4856388586020333,1.0258469544234685,0.4127095739887261
TURN,0.05,R_operating,2.4856388586020333,1.0258469544234685,0.4127095739887261
TURN,0.05,R_operating,2.4856388586020333,1.0258469544234685,0.4127095739887261
TURN,0.05,R_operating,2.4856388586020333,1.0258469544234685,0.4127095739887261
TURN,0.05,R_operating,2.4856388586020333,1.0258469544234685,0.4127095739887261
TURN,0.05,R_operating,2.4856388586020333,1.0258469544234685,0.4127095739887261
TURN,0.05,R_operating,2.4856388586020333,1.0258469544234685,0.4127095739887261
TURN,0.05,R_operating,2.4856388586020333,1.0258469544234685,0.4127095739887261
TURN,0.05,R_operating,2.4856388586020333,1.0258469544234685,0.4127095739887261
TURN,0.05,R_operating,2.4856388586020333,1.2086865470861083,0.4862679640299375
TURN,0.05,R_operating,2.4856388586020333,1.2086865470861083,0.4862679640299375
TURN,0.05,R_operating,2.4856388586020333,1.2086865470861083,0.4862679640299375
TURN,0.05,R_operating,2.4856388586020333,1.2086865470861083,0.4862679640299375
TURN,0.05,R_operating,2.4856388586020333,1.2086865470861083,0.4862679640299375
TURN,0.05,R_operating,2.4856388586020333,1.2086865470861083,0.4862679640299375
TURN,0.05,R_operating,2.4856388586020333,1.2086865470861083,0.4862679640299375
TURN,0.05,R_operating,2.4856388586020333,1.2086865470861083,0.4862679640299375
TURN,0.05,R_operating,2.4856388586020333,1.2086865470861083,0.4862679640299375
TURN,0.05,R_operating,2.4856388586020333,1.2086865470861083,0.4862679640299375
TURN,0.05,R_operating,2.4856388586020333,1.2086865470861083,0.4862679640299375
TURN,0.05,R_operating,2.4856388586020333,1.2086865470861083,0.4862679640299375
TURN,0.05,R_operating,2.4856388586020333,1.2086865470861083,0.4862679640299375
TURN,0.05,R_operating,2.4856388586020333,1.2086865470861083,0.4862679640299375
TURN,0.05,R_operating,2.4856388586020333,1.2086865470861083,0.4862679640299375
TURN,0.05,R_operating,2.4856388586020333,1.2086865470861083,0.4862679640299375
TURN,0.05,R_operating,2.4856388586020333,1.2086865470861083,0.4862679640299375
TURN,0.05,R_operating,2.4856388586020333,1.2086865470861083,0.4862679640299375
TURN,0.05,R_operating,2.4856388586020333,1.2086865470861083,0.4862679640299375
TURN,0.05,R_operating,2.4856388586020333,1.2086865470861083,0.4862679640299375
TURN,0.05,R_operating,2.4856388586020333,1.2086865470861083,0.4862679640299375
TURN,0.05,R_operating,2.4856388586020333,1.2086865470861083,0.4862679640299375
TURN,0.05,R_operating,2.4856388586020333,1.2086865470861083,0.4862679640299375
TURN,0.05,R_operating,2.4856388586020333,1.2086865470861083,0.4862679640299375
TURN,0.05,R_operating,2.4856388586020333,1.2086865470861083,0.4862679640299375
TURN,0.05,R_operating,2.4856388586020333,1.2086865470861083,0.4862679640299375
TURN,0.05,R_operating,2.4856388586020333,1.2086865470861083,0.4862679640299375
TURN,0.05,R_operating,2.4856388586020333,1.2086865470861083,0.4862679640299375
TAXI,0.05,F,0.0,0.0,
TAXI,0.05,F,0.0,0.0,
TAXI,0.05,F,0.0,0.0,
TAXI,0.05,F,0.0,0.0,
TAXI,0.05,F,0.0,0.0,
TAXI,0.05,F,0.0,0.0,
TAXI,0.05,F,0.0,0.0,
TAXI,0.05,F,0.0,0.0,
TAXI,0.05,F,0.0,0.0,
TAXI,0.05,F,0.1257620657892757,0.1257620657892757,1.0
TAXI,0.05,F,0.1257620657892757,0.1257620657892757,1.0
TAXI,0.05,F,0.1257620657892757,0.1257620657892757,1.0
TAXI,0.05,F,0.1257620657892757,0.1257620657892757,1.0
TAXI,0.05,F,0.1257620657892757,0.1257620657892757,1.0
TAXI,0.05,F,0.1257620657892757,0.1257620657892757,1.0
TAXI,0.05,F,0.1257620657892757,0.1257620657892757,1.0
TAXI,0.05,F,0.1257620657892757,0.1257620657892757,1.0
TAXI,0.05,F,0.23182343913810866,0.23182343913810866,1.0
TAXI,0.05,F,0.23182343913810866,0.23182343913810866,1.0
TAXI,0.05,F,0.23182343913810866,0.23182343913810866,1.0
TAXI,0.05,F,0.23182343913810866,0.23182343913810866,1.0
TAXI,0.05,F,0.23182343913810866,0.23182343913810866,1.0
TAXI,0.05,F,0.23182343913810866,0.23182343913810866,1.0
TAXI,0.05,F,0.23182343913810866,0.23182343913810866,1.0
TAXI,0.05,F,0.23182343913810866,0.23182343913810866,1.0
TAXI,0.05,F,0.23182343913810866,0.23182343913810866,1.0
TAXI,0.05,F,0.23182343913810866,0.23182343913810866,1.0
TAXI,0.05,F,0.23182343913810866,0.23182343913810866,1.0
TAXI,0.05,F,0.23182343913810866,0.23182343913810866,1.0
TAXI,0.05,F,0.23182343913810866,0.23182343913810866,1.0
TAXI,0.05,F,0.23182343913810866,0.23182343913810866,1.0
TAXI,0.05,F,0.23182343913810866,0.23182343913810866,1.0
TAXI,0.05,F,0.23182343913810866,0.23182343913810866,1.0
TAXI,0.05,F,0.32677146250562655,0.32677146250562655,1.0
TAXI,0.05,F,0.32677146250562655,0.32677146250562655,1.0
TAXI,0.05,F,0.32677146250562655,0.32677146250562655,1.0
TAXI,0.05,F,0.42426827730539324,0.42426827730539324,1.0
TAXI,0.05,F,0.42426827730539324,0.42426827730539324,1.0
TAXI,0.05,F,0.42426827730539324,0.42426827730539324,1.0
TAXI,0.05,F,0.42426827730539324,0.42426827730539324,1.0
TAXI,0.05,F,0.42426827730539324,0.42426827730539324,1.0
TAXI,0.05,F,0.42426827730539324,0.42426827730539324,1.0
TAXI,0.05,F,0.42426827730539324,0.42426827730539324,1.0
TAXI,0.05,F,0.42426827730539324,0.42426827730539324,1.0
TAXI,0.05,F,0.42426827730539324,0.42426827730539324,1.0
TAXI,0.05,F,0.42426827730539324,0.42426827730539324,1.0
TAXI,0.05,F,0.42426827730539324,0.42426827730539324,1.0
TAXI,0.05,F,0.42426827730539324,0.42426827730539324,1.0
TAXI,0.05,F,0.42426827730539324,0.42426827730539324,1.0
TAXI,0.05,F,0.42426827730539324,0.42426827730539324,1.0
TAXI,0.05,F,0.42426827730539324,0.42426827730539324,1.0
TAXI,0.05,F,0.42426827730539324,0.42426827730539324,1.0
TAXI,0.05,F,0.42426827730539324,0.42426827730539324,1.0
TAXI,0.05,F,0.42426827730539324,0.42426827730539324,1.0
TAXI,0.05,F,0.42426827730539324,0.42426827730539324,1.0
TAXI,0.05,F,0.42426827730539324,0.42426827730539324,1.0
TAXI,0.05,F,0.42426827730539324,0.42426827730539324,1.0
TAXI,0.05,F,0.42426827730539324,0.42426827730539324,1.0
TAXI,0.05,F,0.42426827730539324,0.42426827730539324,1.0
TAXI,0.05,F,0.42426827730539324,0.42426827730539324,1.0
TAXI,0.05,F,0.42426827730539324,0.42426827730539324,1.0
TAXI,0.05,F,0.42426827730539324,0.42426827730539324,1.0
TAXI,0.05,F,0.42426827730539324,0.42426827730539324,1.0
TAXI,0.05,F,0.42426827730539324,0.42426827730539324,1.0
TAXI,0.05,F,0.42426827730539324,0.42426827730539324,1.0
TAXI,0.05,F,0.42426827730539324,0.42426827730539324,1.0
TAXI,0.05,F,0.42426827730539324,0.42426827730539324,1.0
TAXI,0.05,P,0.0,0.0,
TAXI,0.05,P,0.0,0.0,
TAXI,0.05,P,0.0,0.0,
TAXI,0.05,P,0.0,0.0,
TAXI,0.05,P,0.0,0.0,
TAXI,0.05,P,0.0,0.0,
TAXI,0.05,P,0.0,0.0,
TAXI,0.05,P,0.0,0.0,
TAXI,0.05,P,0.0,0.0,
TAXI,0.05,P,0.18659700148950864,0.18659700148950864,1.0
TAXI,0.05,P,0.18659700148950864,0.18659700148950864,1.0
TAXI,0.05,P,0.18659700148950864,0.18659700148950864,1.0
TAXI,0.05,P,0.18659700148950864,0.18659700148950864,1.0
TAXI,0.05,P,0.18659700148950864,0.18659700148950864,1.0
TAXI,0.05,P,0.18659700148950864,0.18659700148950864,1.0
TAXI,0.05,P,0.18659700148950864,0.18659700148950864,1.0
TAXI,0.05,P,0.18659700148950864,0.18659700148950864,1.0
TAXI,0.05,P,0.3579716564417188,0.3579716564417188,1.0
TAXI,0.05,P,0.3579716564417188,0.3579716564417188,1.0
TAXI,0.05,P,0.3579716564417188,0.3579716564417188,1.0
TAXI,0.05,P,0.3579716564417188,0.3579716564417188,1.0
TAXI,0.05,P,0.3579716564417188,0.3579716564417188,1.0
TAXI,0.05,P,0.3579716564417188,0.3579716564417188,1.0
TAXI,0.05,P,0.3579716564417188,0.3579716564417188,1.0
TAXI,0.05,P,0.3579716564417188,0.3579716564417188,1.0
TAXI,0.05,P,0.3579716564417188,0.3579716564417188,1.0
TAXI,0.05,P,0.3579716564417188,0.3579716564417188,1.0
TAXI,0.05,P,0.3579716564417188,0.3579716564417188,1.0
TAXI,0.05,P,0.3579716564417188,0.3579716564417188,1.0
TAXI,0.05,P,0.3579716564417188,0.3579716564417188,1.0
TAXI,0.05,P,0.3579716564417188,0.3579716564417188,1.0
TAXI,0.05,P,0.3579716564417188,0.3579716564417188,1.0
TAXI,0.05,P,0.3579716564417188,0.3579716564417188,1.0
TAXI,0.05,P,0.49297371379607247,0.49297371379607247,1.0
TAXI,0.05,P,0.49297371379607247,0.49297371379607247,1.0
TAXI,0.05,P,0.49297371379607247,0.49297371379607247,1.0
TAXI,0.05,P,0.6125008086128386,0.6125008086128386,1.0
TAXI,0.05,P,0.6125008086128386,0.6125008086128386,1.0
TAXI,0.05,P,0.6125008086128386,0.6125008086128386,1.0
TAXI,0.05,P,0.6125008086128386,0.6125008086128386,1.0
TAXI,0.05,P,0.6125008086128386,0.6125008086128386,1.0
TAXI,0.05,P,0.6125008086128386,0.6125008086128386,1.0
TAXI,0.05,P,0.6125008086128386,0.6125008086128386,1.0
TAXI,0.05,P,0.6125008086128386,0.6125008086128386,1.0
TAXI,0.05,P,0.6125008086128386,0.6125008086128386,1.0
TAXI,0.05,P,0.6125008086128386,0.6125008086128386,1.0
TAXI,0.05,P,0.6125008086128386,0.6125008086128386,1.0
TAXI,0.05,P,0.6125008086128386,0.6125008086128386,1.0
TAXI,0.05,P,0.6125008086128386,0.6125008086128386,1.0
TAXI,0.05,P,0.6125008086128386,0.6125008086128386,1.0
TAXI,0.05,P,0.6125008086128386,0.6125008086128386,1.0
TAXI,0.05,P,0.6125008086128386,0.6125008086128386,1.0
TAXI,0.05,P,0.6125008086128386,0.6125008086128386,1.0
TAXI,0.05,P,0.6125008086128386,0.6125008086128386,1.0
TAXI,0.05,P,0.6125008086128386,0.6125008086128386,1.0
TAXI,0.05,P,0.6125008086128386,0.6125008086128386,1.0
TAXI,0.05,P,0.6125008086128386,0.6125008086128386,1.0
TAXI,0.05,P,0.6125008086128386,0.6125008086128386,1.0
TAXI,0.05,P,0.6125008086128386,0.6125008086128386,1.0
TAXI,0.05,P,0.6125008086128386,0.6125008086128386,1.0
TAXI,0.05,P,0.6125008086128386,0.6125008086128386,1.0
TAXI,0.05,P,0.6125008086128386,0.6125008086128386,1.0
TAXI,0.05,P,0.6125008086128386,0.6125008086128386,1.0
TAXI,0.05,P,0.6125008086128386,0.6125008086128386,1.0
TAXI,0.05,P,0.6125008086128386,0.6125008086128386,1.0
TAXI,0.05,P,0.6125008086128386,0.6125008086128386,1.0
TAXI,0.05,P,0.6125008086128386,0.6125008086128386,1.0
TAXI,0.05,R,0.0,0.0,
TAXI,0.05,R,0.0,0.0,
TAXI,0.05,R,0.0,0.0,
TAXI,0.05,R,0.0,0.0,
TAXI,0.05,R,0.0,0.0,
TAXI,0.05,R,0.0,0.0,
TAXI,0.05,R,0.0,0.0,
TAXI,0.05,R,0.0,0.0,
TAXI,0.05,R,0.0,0.0,
TAXI,0.05,R,0.7545723947356542,0.7545723947356542,1.0
TAXI,0.05,R,0.7545723947356542,0.7545723947356542,1.0
TAXI,0.05,R,0.7545723947356542,0.7545723947356542,1.0
TAXI,0.05,R,0.7545723947356542,0.7545723947356542,1.0
TAXI,0.05,R,0.7545723947356542,0.7545723947356542,1.0
TAXI,0.05,R,0.7545723947356542,0.7545723947356542,1.0
TAXI,0.05,R,0.7545723947356542,0.7545723947356542,1.0
TAXI,0.05,R,0.7545723947356542,0.7545723947356542,1.0
TAXI,0.05,R,1.390940634828652,1.390940634828652,1.0
TAXI,0.05,R,1.390940634828652,1.390940634828652,1.0
TAXI,0.05,R,1.390940634828652,1.390940634828652,1.0
TAXI,0.05,R,1.390940634828652,1.390940634828652,1.0
TAXI,0.05,R,1.390940634828652,1.390940634828652,1.0
TAXI,0.05,R,1.390940634828652,1.390940634828652,1.0
TAXI,0.05,R,1.390940634828652,1.390940634828652,1.0
TAXI,0.05,R,1.390940634828652,1.390940634828652,1.0
TAXI,0.05,R,1.390940634828652,1.390940634828652,1.0
TAXI,0.05,R,1.390940634828652,1.390940634828652,1.0
TAXI,0.05,R,1.390940634828652,1.390940634828652,1.0
TAXI,0.05,R,1.390940634828652,1.390940634828652,1.0
TAXI,0.05,R,1.390940634828652,1.390940634828652,1.0
TAXI,0.05,R,1.390940634828652,1.390940634828652,1.0
TAXI,0.05,R,1.390940634828652,1.390940634828652,1.0
TAXI,0.05,R,1.390940634828652,1.390940634828652,1.0
TAXI,0.05,R,1.9606287750337594,1.9606287750337594,1.0
TAXI,0.05,R,1.9606287750337594,1.9606287750337594,1.0
TAXI,0.05,R,1.9606287750337594,1.9606287750337594,1.0
TAXI,0.05,R,2.5456096638323595,2.5456096638323595,1.0
TAXI,0.05,R,2.5456096638323595,2.5456096638323595,1.0
TAXI,0.05,R,2.5456096638323595,2.5456096638323595,1.0
TAXI,0.05,R,2.5456096638323595,2.5456096638323595,1.0
TAXI,0.05,R,2.5456096638323595,2.5456096638323595,1.0
TAXI,0.05,R,2.5456096638323595,2.5456096638323595,1.0
TAXI,0.05,R,2.5456096638323595,2.5456096638323595,1.0
TAXI,0.05,R,2.5456096638323595,2.5456096638323595,1.0
TAXI,0.05,R,2.5456096638323595,2.5456096638323595,1.0
TAXI,0.05,R,2.5456096638323595,2.5456096638323595,1.0
TAXI,0.05,R,2.5456096638323595,2.5456096638323595,1.0
TAXI,0.05,R,2.5456096638323595,2.5456096638323595,1.0
TAXI,0.05,R,2.5456096638323595,2.5456096638323595,1.0
TAXI,0.05,R,2.5456096638323595,2.5456096638323595,1.0
TAXI,0.05,R,2.5456096638323595,2.5456096638323595,1.0
TAXI,0.05,R,2.5456096638323595,2.5456096638323595,1.0
TAXI,0.05,R,2.5456096638323595,2.5456096638323595,1.0
TAXI,0.05,R,2.5456096638323595,2.5456096638323595,1.0
TAXI,0.05,R,2.5456096638323595,2.5456096638323595,1.0
TAXI,0.05,R,2.5456096638323595,2.5456096638323595,1.0
TAXI,0.05,R,2.5456096638323595,2.5456096638323595,1.0
TAXI,0.05,R,2.5456096638323595,2.5456096638323595,1.0
TAXI,0.05,R,2.5456096638323595,2.5456096638323595,1.0
TAXI,0.05,R,2.5456096638323595,2.5456096638323595,1.0
TAXI,0.05,R,2.5456096638323595,2.5456096638323595,1.0
TAXI,0.05,R,2.5456096638323595,2.5456096638323595,1.0
TAXI,0.05,R,2.5456096638323595,2.5456096638323595,1.0
TAXI,0.05,R,2.5456096638323595,2.5456096638323595,1.0
TAXI,0.05,R,2.5456096638323595,2.5456096638323595,1.0
TAXI,0.05,R,2.5456096638323595,2.5456096638323595,1.0
TAXI,0.05,R,2.5456096638323595,2.5456096638323595,1.0
TAXI,0.05,F_continuity,0.0,0.0,
TAXI,0.05,F_continuity,0.0,0.0,
TAXI,0.05,F_continuity,0.0,0.0,
TAXI,0.05,F_continuity,0.0,0.0,
TAXI,0.05,F_continuity,0.0,0.0,
TAXI,0.05,F_continuity,0.0,0.0,
TAXI,0.05,F_continuity,0.0,0.0,
TAXI,0.05,F_continuity,0.0,0.0,
TAXI,0.05,F_continuity,0.0,0.0,
TAXI,0.05,F_continuity,0.0,0.0,
TAXI,0.05,F_continuity,0.0,0.0,
TAXI,0.05,F_continuity,0.0,0.0,
TAXI,0.05,F_continuity,0.0,0.0,
TAXI,0.05,F_continuity,0.0,0.0,
TAXI,0.05,F_continuity,0.0,0.0,
TAXI,0.05,F_continuity,0.0,0.0,
TAXI,0.05,F_continuity,0.0,0.0,
TAXI,0.05,F_continuity,0.0,0.0,
TAXI,0.05,F_continuity,0.0,0.0,
TAXI,0.05,F_continuity,0.0,0.0,
TAXI,0.05,F_continuity,0.0,0.0,
TAXI,0.05,F_continuity,0.0,0.0,
TAXI,0.05,F_continuity,0.0,0.0,
TAXI,0.05,F_continuity,0.0,0.0,
TAXI,0.05,F_continuity,0.0,0.0,
TAXI,0.05,F_continuity,0.0,0.0,
TAXI,0.05,F_continuity,0.0,0.0,
TAXI,0.05,F_continuity,0.0,0.0,
TAXI,0.05,F_continuity,0.0,0.0,
TAXI,0.05,F_continuity,0.0,0.0,
TAXI,0.05,F_continuity,0.0,0.0,
TAXI,0.05,F_continuity,0.0,0.0,
TAXI,0.05,F_continuity,0.0,0.0,
TAXI,0.05,F_continuity,0.0,0.0,
TAXI,0.05,F_continuity,0.0,0.0,
TAXI,0.05,F_continuity,0.0,0.0,
TAXI,0.05,F_continuity,0.0,0.0,
TAXI,0.05,F_continuity,0.0,0.0,
TAXI,0.05,F_continuity,0.0,0.0,
TAXI,0.05,F_continuity,0.0,0.0,
TAXI,0.05,F_continuity,0.0,0.0,
TAXI,0.05,F_continuity,0.0,0.0,
TAXI,0.05,F_continuity,0.0,0.0,
TAXI,0.05,F_continuity,0.0,0.0,
TAXI,0.05,F_continuity,0.0,0.0,
TAXI,0.05,F_continuity,0.0,0.0,
TAXI,0.05,F_continuity,0.0,0.0,
TAXI,0.05,F_continuity,0.0,0.0,
TAXI,0.05,F_continuity,0.0,0.0,
TAXI,0.05,F_continuity,0.0,0.0,
TAXI,0.05,F_continuity,0.0,0.0,
TAXI,0.05,F_continuity,0.0,0.0,
TAXI,0.05,F_continuity,0.0,0.0,
TAXI,0.05,F_continuity,0.0,0.0,
TAXI,0.05,F_continuity,0.0,0.0,
TAXI,0.05,F_continuity,0.0,0.0,
TAXI,0.05,F_continuity,0.0,0.0,
TAXI,0.05,F_continuity,0.0,0.0,
TAXI,0.05,F_continuity,0.0,0.0,
TAXI,0.05,F_continuity,0.0,0.0,
TAXI,0.05,F_continuity,0.0,0.0,
TAXI,0.05,F_continuity,0.0,0.0,
TAXI,0.05,F_continuity,0.0,0.0,
TAXI,0.05,F_continuity,0.0,0.0,
TAXI,0.05,F_continuity,0.0,0.0,
TAXI,0.05,F_continuity,0.0,0.0,
TAXI,0.05,F_continuity,0.0,0.0,
TAXI,0.05,F_execution,0.0,0.0,
TAXI,0.05,F_execution,0.0,0.0,
TAXI,0.05,F_execution,0.0,0.0,
TAXI,0.05,F_execution,0.0,0.0,
TAXI,0.05,F_execution,0.0,0.0,
TAXI,0.05,F_execution,0.0,0.0,
TAXI,0.05,F_execution,0.0,0.0,
TAXI,0.05,F_execution,0.0,0.0,
TAXI,0.05,F_execution,0.0,0.0,
TAXI,0.05,F_execution,0.0,0.0,
TAXI,0.05,F_execution,0.0,0.0,
TAXI,0.05,F_execution,0.0,0.0,
TAXI,0.05,F_execution,0.0,0.0,
TAXI,0.05,F_execution,0.0,0.0,
TAXI,0.05,F_execution,0.0,0.0,
TAXI,0.05,F_execution,0.0,0.0,
TAXI,0.05,F_execution,0.0,0.0,
TAXI,0.05,F_execution,0.0,0.0,
TAXI,0.05,F_execution,0.0,0.0,
TAXI,0.05,F_execution,0.0,0.0,
TAXI,0.05,F_execution,0.0,0.0,
TAXI,0.05,F_execution,0.0,0.0,
TAXI,0.05,F_execution,0.0,0.0,
TAXI,0.05,F_execution,0.0,0.0,
TAXI,0.05,F_execution,0.0,0.0,
TAXI,0.05,F_execution,0.0,0.0,
TAXI,0.05,F_execution,0.0,0.0,
TAXI,0.05,F_execution,0.0,0.0,
TAXI,0.05,F_execution,0.0,0.0,
TAXI,0.05,F_execution,0.0,0.0,
TAXI,0.05,F_execution,0.0,0.0,
TAXI,0.05,F_execution,0.0,0.0,
TAXI,0.05,F_execution,0.0,0.0,
TAXI,0.05,F_execution,0.0,0.0,
TAXI,0.05,F_execution,0.0,0.0,
TAXI,0.05,F_execution,0.0,0.0,
TAXI,0.05,F_execution,0.0,0.0,
TAXI,0.05,F_execution,0.0,0.0,
TAXI,0.05,F_execution,0.0,0.0,
TAXI,0.05,F_execution,0.0,0.0,
TAXI,0.05,F_execution,0.0,0.0,
TAXI,0.05,F_execution,0.0,0.0,
TAXI,0.05,F_execution,0.0,0.0,
TAXI,0.05,F_execution,0.0,0.0,
TAXI,0.05,F_execution,0.0,0.0,
TAXI,0.05,F_execution,0.0,0.0,
TAXI,0.05,F_execution,0.0,0.0,
TAXI,0.05,F_execution,0.0,0.0,
TAXI,0.05,F_execution,0.0,0.0,
TAXI,0.05,F_execution,0.0,0.0,
TAXI,0.05,F_execution,0.0,0.0,
TAXI,0.05,F_execution,0.0,0.0,
TAXI,0.05,F_execution,0.0,0.0,
TAXI,0.05,F_execution,0.0,0.0,
TAXI,0.05,F_execution,0.0,0.0,
TAXI,0.05,F_execution,0.0,0.0,
TAXI,0.05,F_execution,0.0,0.0,
TAXI,0.05,F_execution,0.0,0.0,
TAXI,0.05,F_execution,0.0,0.0,
TAXI,0.05,F_execution,0.0,0.0,
TAXI,0.05,F_execution,0.0,0.0,
TAXI,0.05,F_execution,0.0,0.0,
TAXI,0.05,F_execution,0.0,0.0,
TAXI,0.05,F_execution,0.0,0.0,
TAXI,0.05,F_execution,0.0,0.0,
TAXI,0.05,F_execution,0.0,0.0,
TAXI,0.05,F_execution,0.0,0.0,
TAXI,0.05,F_propagation,0.0,0.0,
TAXI,0.05,F_propagation,0.0,0.0,
TAXI,0.05,F_propagation,0.0,0.0,
TAXI,0.05,F_propagation,0.0,0.0,
TAXI,0.05,F_propagation,0.0,0.0,
TAXI,0.05,F_propagation,0.0,0.0,
TAXI,0.05,F_propagation,0.0,0.0,
TAXI,0.05,F_propagation,0.0,0.0,
TAXI,0.05,F_propagation,0.0,0.0,
TAXI,0.05,F_propagation,0.3772861973678271,0.3772861973678271,1.0
TAXI,0.05,F_propagation,0.3772861973678271,0.3772861973678271,1.0
TAXI,0.05,F_propagation,0.3772861973678271,0.3772861973678271,1.0
TAXI,0.05,F_propagation,0.3772861973678271,0.3772861973678271,1.0
TAXI,0.05,F_propagation,0.3772861973678271,0.3772861973678271,1.0
TAXI,0.05,F_propagation,0.3772861973678271,0.3772861973678271,1.0
TAXI,0.05,F_propagation,0.3772861973678271,0.3772861973678271,1.0
TAXI,0.05,F_propagation,0.3772861973678271,0.3772861973678271,1.0
TAXI,0.05,F_propagation,0.695470317414326,0.695470317414326,1.0
TAXI,0.05,F_propagation,0.695470317414326,0.695470317414326,1.0
TAXI,0.05,F_propagation,0.695470317414326,0.695470317414326,1.0
TAXI,0.05,F_propagation,0.695470317414326,0.695470317414326,1.0
TAXI,0.05,F_propagation,0.695470317414326,0.695470317414326,1.0
TAXI,0.05,F_propagation,0.695470317414326,0.695470317414326,1.0
TAXI,0.05,F_propagation,0.695470317414326,0.695470317414326,1.0
TAXI,0.05,F_propagation,0.695470317414326,0.695470317414326,1.0
TAXI,0.05,F_propagation,0.695470317414326,0.695470317414326,1.0
TAXI,0.05,F_propagation,0.695470317414326,0.695470317414326,1.0
TAXI,0.05,F_propagation,0.695470317414326,0.695470317414326,1.0
TAXI,0.05,F_propagation,0.695470317414326,0.695470317414326,1.0
TAXI,0.05,F_propagation,0.695470317414326,0.695470317414326,1.0
TAXI,0.05,F_propagation,0.695470317414326,0.695470317414326,1.0
TAXI,0.05,F_propagation,0.695470317414326,0.695470317414326,1.0
TAXI,0.05,F_propagation,0.695470317414326,0.695470317414326,1.0
TAXI,0.05,F_propagation,0.9803143875168797,0.9803143875168797,1.0
TAXI,0.05,F_propagation,0.9803143875168797,0.9803143875168797,1.0
TAXI,0.05,F_propagation,0.9803143875168797,0.9803143875168797,1.0
TAXI,0.05,F_propagation,1.2728048319161798,1.2728048319161798,1.0
TAXI,0.05,F_propagation,1.2728048319161798,1.2728048319161798,1.0
TAXI,0.05,F_propagation,1.2728048319161798,1.2728048319161798,1.0
TAXI,0.05,F_propagation,1.2728048319161798,1.2728048319161798,1.0
TAXI,0.05,F_propagation,1.2728048319161798,1.2728048319161798,1.0
TAXI,0.05,F_propagation,1.2728048319161798,1.2728048319161798,1.0
TAXI,0.05,F_propagation,1.2728048319161798,1.2728048319161798,1.0
TAXI,0.05,F_propagation,1.2728048319161798,1.2728048319161798,1.0
TAXI,0.05,F_propagation,1.2728048319161798,1.2728048319161798,1.0
TAXI,0.05,F_propagation,1.2728048319161798,1.2728048319161798,1.0
TAXI,0.05,F_propagation,1.2728048319161798,1.2728048319161798,1.0
TAXI,0.05,F_propagation,1.2728048319161798,1.2728048319161798,1.0
TAXI,0.05,F_propagation,1.2728048319161798,1.2728048319161798,1.0
TAXI,0.05,F_propagation,1.2728048319161798,1.2728048319161798,1.0
TAXI,0.05,F_propagation,1.2728048319161798,1.2728048319161798,1.0
TAXI,0.05,F_propagation,1.2728048319161798,1.2728048319161798,1.0
TAXI,0.05,F_propagation,1.2728048319161798,1.2728048319161798,1.0
TAXI,0.05,F_propagation,1.2728048319161798,1.2728048319161798,1.0
TAXI,0.05,F_propagation,1.2728048319161798,1.2728048319161798,1.0
TAXI,0.05,F_propagation,1.2728048319161798,1.2728048319161798,1.0
TAXI,0.05,F_propagation,1.2728048319161798,1.2728048319161798,1.0
TAXI,0.05,F_propagation,1.2728048319161798,1.2728048319161798,1.0
TAXI,0.05,F_propagation,1.2728048319161798,1.2728048319161798,1.0
TAXI,0.05,F_propagation,1.2728048319161798,1.2728048319161798,1.0
TAXI,0.05,F_propagation,1.2728048319161798,1.2728048319161798,1.0
TAXI,0.05,F_propagation,1.2728048319161798,1.2728048319161798,1.0
TAXI,0.05,F_propagation,1.2728048319161798,1.2728048319161798,1.0
TAXI,0.05,F_propagation,1.2728048319161798,1.2728048319161798,1.0
TAXI,0.05,F_propagation,1.2728048319161798,1.2728048319161798,1.0
TAXI,0.05,F_propagation,1.2728048319161798,1.2728048319161798,1.0
TAXI,0.05,F_propagation,1.2728048319161798,1.2728048319161798,1.0
TAXI,0.05,P_time,0.0,0.0,
TAXI,0.05,P_time,0.0,0.0,
TAXI,0.05,P_time,0.0,0.0,
TAXI,0.05,P_time,0.0,0.0,
TAXI,0.05,P_time,0.0,0.0,
TAXI,0.05,P_time,0.0,0.0,
TAXI,0.05,P_time,0.0,0.0,
TAXI,0.05,P_time,0.0,0.0,
TAXI,0.05,P_time,0.0,0.0,
TAXI,0.05,P_time,0.5597910044685259,0.5597910044685259,1.0
TAXI,0.05,P_time,0.5597910044685259,0.5597910044685259,1.0
TAXI,0.05,P_time,0.5597910044685259,0.5597910044685259,1.0
TAXI,0.05,P_time,0.5597910044685259,0.5597910044685259,1.0
TAXI,0.05,P_time,0.5597910044685259,0.5597910044685259,1.0
TAXI,0.05,P_time,0.5597910044685259,0.5597910044685259,1.0
TAXI,0.05,P_time,0.5597910044685259,0.5597910044685259,1.0
TAXI,0.05,P_time,0.5597910044685259,0.5597910044685259,1.0
TAXI,0.05,P_time,1.0739149693251564,1.0739149693251564,1.0
TAXI,0.05,P_time,1.0739149693251564,1.0739149693251564,1.0
TAXI,0.05,P_time,1.0739149693251564,1.0739149693251564,1.0
TAXI,0.05,P_time,1.0739149693251564,1.0739149693251564,1.0
TAXI,0.05,P_time,1.0739149693251564,1.0739149693251564,1.0
TAXI,0.05,P_time,1.0739149693251564,1.0739149693251564,1.0
TAXI,0.05,P_time,1.0739149693251564,1.0739149693251564,1.0
TAXI,0.05,P_time,1.0739149693251564,1.0739149693251564,1.0
TAXI,0.05,P_time,1.0739149693251564,1.0739149693251564,1.0
TAXI,0.05,P_time,1.0739149693251564,1.0739149693251564,1.0
TAXI,0.05,P_time,1.0739149693251564,1.0739149693251564,1.0
TAXI,0.05,P_time,1.0739149693251564,1.0739149693251564,1.0
TAXI,0.05,P_time,1.0739149693251564,1.0739149693251564,1.0
TAXI,0.05,P_time,1.0739149693251564,1.0739149693251564,1.0
TAXI,0.05,P_time,1.0739149693251564,1.0739149693251564,1.0
TAXI,0.05,P_time,1.0739149693251564,1.0739149693251564,1.0
TAXI,0.05,P_time,1.4789211413882175,1.4789211413882175,1.0
TAXI,0.05,P_time,1.4789211413882175,1.4789211413882175,1.0
TAXI,0.05,P_time,1.4789211413882175,1.4789211413882175,1.0
TAXI,0.05,P_time,1.837502425838516,1.837502425838516,1.0
TAXI,0.05,P_time,1.837502425838516,1.837502425838516,1.0
TAXI,0.05,P_time,1.837502425838516,1.837502425838516,1.0
TAXI,0.05,P_time,1.837502425838516,1.837502425838516,1.0
TAXI,0.05,P_time,1.837502425838516,1.837502425838516,1.0
TAXI,0.05,P_time,1.837502425838516,1.837502425838516,1.0
TAXI,0.05,P_time,1.837502425838516,1.837502425838516,1.0
TAXI,0.05,P_time,1.837502425838516,1.837502425838516,1.0
TAXI,0.05,P_time,1.837502425838516,1.837502425838516,1.0
TAXI,0.05,P_time,1.837502425838516,1.837502425838516,1.0
TAXI,0.05,P_time,1.837502425838516,1.837502425838516,1.0
TAXI,0.05,P_time,1.837502425838516,1.837502425838516,1.0
TAXI,0.05,P_time,1.837502425838516,1.837502425838516,1.0
TAXI,0.05,P_time,1.837502425838516,1.837502425838516,1.0
TAXI,0.05,P_time,1.837502425838516,1.837502425838516,1.0
TAXI,0.05,P_time,1.837502425838516,1.837502425838516,1.0
TAXI,0.05,P_time,1.837502425838516,1.837502425838516,1.0
TAXI,0.05,P_time,1.837502425838516,1.837502425838516,1.0
TAXI,0.05,P_time,1.837502425838516,1.837502425838516,1.0
TAXI,0.05,P_time,1.837502425838516,1.837502425838516,1.0
TAXI,0.05,P_time,1.837502425838516,1.837502425838516,1.0
TAXI,0.05,P_time,1.837502425838516,1.837502425838516,1.0
TAXI,0.05,P_time,1.837502425838516,1.837502425838516,1.0
TAXI,0.05,P_time,1.837502425838516,1.837502425838516,1.0
TAXI,0.05,P_time,1.837502425838516,1.837502425838516,1.0
TAXI,0.05,P_time,1.837502425838516,1.837502425838516,1.0
TAXI,0.05,P_time,1.837502425838516,1.837502425838516,1.0
TAXI,0.05,P_time,1.837502425838516,1.837502425838516,1.0
TAXI,0.05,P_time,1.837502425838516,1.837502425838516,1.0
TAXI,0.05,P_time,1.837502425838516,1.837502425838516,1.0
TAXI,0.05,P_time,1.837502425838516,1.837502425838516,1.0
TAXI,0.05,P_itinerary,0.0,0.0,
TAXI,0.05,P_itinerary,0.0,0.0,
TAXI,0.05,P_itinerary,0.0,0.0,
TAXI,0.05,P_itinerary,0.0,0.0,
TAXI,0.05,P_itinerary,0.0,0.0,
TAXI,0.05,P_itinerary,0.0,0.0,
TAXI,0.05,P_itinerary,0.0,0.0,
TAXI,0.05,P_itinerary,0.0,0.0,
TAXI,0.05,P_itinerary,0.0,0.0,
TAXI,0.05,P_itinerary,0.0,0.0,
TAXI,0.05,P_itinerary,0.0,0.0,
TAXI,0.05,P_itinerary,0.0,0.0,
TAXI,0.05,P_itinerary,0.0,0.0,
TAXI,0.05,P_itinerary,0.0,0.0,
TAXI,0.05,P_itinerary,0.0,0.0,
TAXI,0.05,P_itinerary,0.0,0.0,
TAXI,0.05,P_itinerary,0.0,0.0,
TAXI,0.05,P_itinerary,0.0,0.0,
TAXI,0.05,P_itinerary,0.0,0.0,
TAXI,0.05,P_itinerary,0.0,0.0,
TAXI,0.05,P_itinerary,0.0,0.0,
TAXI,0.05,P_itinerary,0.0,0.0,
TAXI,0.05,P_itinerary,0.0,0.0,
TAXI,0.05,P_itinerary,0.0,0.0,
TAXI,0.05,P_itinerary,0.0,0.0,
TAXI,0.05,P_itinerary,0.0,0.0,
TAXI,0.05,P_itinerary,0.0,0.0,
TAXI,0.05,P_itinerary,0.0,0.0,
TAXI,0.05,P_itinerary,0.0,0.0,
TAXI,0.05,P_itinerary,0.0,0.0,
TAXI,0.05,P_itinerary,0.0,0.0,
TAXI,0.05,P_itinerary,0.0,0.0,
TAXI,0.05,P_itinerary,0.0,0.0,
TAXI,0.05,P_itinerary,0.0,0.0,
TAXI,0.05,P_itinerary,0.0,0.0,
TAXI,0.05,P_itinerary,0.0,0.0,
TAXI,0.05,P_itinerary,0.0,0.0,
TAXI,0.05,P_itinerary,0.0,0.0,
TAXI,0.05,P_itinerary,0.0,0.0,
TAXI,0.05,P_itinerary,0.0,0.0,
TAXI,0.05,P_itinerary,0.0,0.0,
TAXI,0.05,P_itinerary,0.0,0.0,
TAXI,0.05,P_itinerary,0.0,0.0,
TAXI,0.05,P_itinerary,0.0,0.0,
TAXI,0.05,P_itinerary,0.0,0.0,
TAXI,0.05,P_itinerary,0.0,0.0,
TAXI,0.05,P_itinerary,0.0,0.0,
TAXI,0.05,P_itinerary,0.0,0.0,
TAXI,0.05,P_itinerary,0.0,0.0,
TAXI,0.05,P_itinerary,0.0,0.0,
TAXI,0.05,P_itinerary,0.0,0.0,
TAXI,0.05,P_itinerary,0.0,0.0,
TAXI,0.05,P_itinerary,0.0,0.0,
TAXI,0.05,P_itinerary,0.0,0.0,
TAXI,0.05,P_itinerary,0.0,0.0,
TAXI,0.05,P_itinerary,0.0,0.0,
TAXI,0.05,P_itinerary,0.0,0.0,
TAXI,0.05,P_itinerary,0.0,0.0,
TAXI,0.05,P_itinerary,0.0,0.0,
TAXI,0.05,P_itinerary,0.0,0.0,
TAXI,0.05,P_itinerary,0.0,0.0,
TAXI,0.05,P_itinerary,0.0,0.0,
TAXI,0.05,P_itinerary,0.0,0.0,
TAXI,0.05,P_itinerary,0.0,0.0,
TAXI,0.05,P_itinerary,0.0,0.0,
TAXI,0.05,P_itinerary,0.0,0.0,
TAXI,0.05,P_itinerary,0.0,0.0,
TAXI,0.05,P_service,0.0,0.0,
TAXI,0.05,P_service,0.0,0.0,
TAXI,0.05,P_service,0.0,0.0,
TAXI,0.05,P_service,0.0,0.0,
TAXI,0.05,P_service,0.0,0.0,
TAXI,0.05,P_service,0.0,0.0,
TAXI,0.05,P_service,0.0,0.0,
TAXI,0.05,P_service,0.0,0.0,
TAXI,0.05,P_service,0.0,0.0,
TAXI,0.05,P_service,0.0,0.0,
TAXI,0.05,P_service,0.0,0.0,
TAXI,0.05,P_service,0.0,0.0,
TAXI,0.05,P_service,0.0,0.0,
TAXI,0.05,P_service,0.0,0.0,
TAXI,0.05,P_service,0.0,0.0,
TAXI,0.05,P_service,0.0,0.0,
TAXI,0.05,P_service,0.0,0.0,
TAXI,0.05,P_service,0.0,0.0,
TAXI,0.05,P_service,0.0,0.0,
TAXI,0.05,P_service,0.0,0.0,
TAXI,0.05,P_service,0.0,0.0,
TAXI,0.05,P_service,0.0,0.0,
TAXI,0.05,P_service,0.0,0.0,
TAXI,0.05,P_service,0.0,0.0,
TAXI,0.05,P_service,0.0,0.0,
TAXI,0.05,P_service,0.0,0.0,
TAXI,0.05,P_service,0.0,0.0,
TAXI,0.05,P_service,0.0,0.0,
TAXI,0.05,P_service,0.0,0.0,
TAXI,0.05,P_service,0.0,0.0,
TAXI,0.05,P_service,0.0,0.0,
TAXI,0.05,P_service,0.0,0.0,
TAXI,0.05,P_service,0.0,0.0,
TAXI,0.05,P_service,0.0,0.0,
TAXI,0.05,P_service,0.0,0.0,
TAXI,0.05,P_service,0.0,0.0,
TAXI,0.05,P_service,0.0,0.0,
TAXI,0.05,P_service,0.0,0.0,
TAXI,0.05,P_service,0.0,0.0,
TAXI,0.05,P_service,0.0,0.0,
TAXI,0.05,P_service,0.0,0.0,
TAXI,0.05,P_service,0.0,0.0,
TAXI,0.05,P_service,0.0,0.0,
TAXI,0.05,P_service,0.0,0.0,
TAXI,0.05,P_service,0.0,0.0,
TAXI,0.05,P_service,0.0,0.0,
TAXI,0.05,P_service,0.0,0.0,
TAXI,0.05,P_service,0.0,0.0,
TAXI,0.05,P_service,0.0,0.0,
TAXI,0.05,P_service,0.0,0.0,
TAXI,0.05,P_service,0.0,0.0,
TAXI,0.05,P_service,0.0,0.0,
TAXI,0.05,P_service,0.0,0.0,
TAXI,0.05,P_service,0.0,0.0,
TAXI,0.05,P_service,0.0,0.0,
TAXI,0.05,P_service,0.0,0.0,
TAXI,0.05,P_service,0.0,0.0,
TAXI,0.05,P_service,0.0,0.0,
TAXI,0.05,P_service,0.0,0.0,
TAXI,0.05,P_service,0.0,0.0,
TAXI,0.05,P_service,0.0,0.0,
TAXI,0.05,P_service,0.0,0.0,
TAXI,0.05,P_service,0.0,0.0,
TAXI,0.05,P_service,0.0,0.0,
TAXI,0.05,P_service,0.0,0.0,
TAXI,0.05,P_service,0.0,0.0,
TAXI,0.05,P_service,0.0,0.0,
TAXI,0.05,R_operating,0.0,0.0,
TAXI,0.05,R_operating,0.0,0.0,
TAXI,0.05,R_operating,0.0,0.0,
TAXI,0.05,R_operating,0.0,0.0,
TAXI,0.05,R_operating,0.0,0.0,
TAXI,0.05,R_operating,0.0,0.0,
TAXI,0.05,R_operating,0.0,0.0,
TAXI,0.05,R_operating,0.0,0.0,
TAXI,0.05,R_operating,0.0,0.0,
TAXI,0.05,R_operating,0.7545723947356542,0.7545723947356542,1.0
TAXI,0.05,R_operating,0.7545723947356542,0.7545723947356542,1.0
TAXI,0.05,R_operating,0.7545723947356542,0.7545723947356542,1.0
TAXI,0.05,R_operating,0.7545723947356542,0.7545723947356542,1.0
TAXI,0.05,R_operating,0.7545723947356542,0.7545723947356542,1.0
TAXI,0.05,R_operating,0.7545723947356542,0.7545723947356542,1.0
TAXI,0.05,R_operating,0.7545723947356542,0.7545723947356542,1.0
TAXI,0.05,R_operating,0.7545723947356542,0.7545723947356542,1.0
TAXI,0.05,R_operating,1.390940634828652,1.390940634828652,1.0
TAXI,0.05,R_operating,1.390940634828652,1.390940634828652,1.0
TAXI,0.05,R_operating,1.390940634828652,1.390940634828652,1.0
TAXI,0.05,R_operating,1.390940634828652,1.390940634828652,1.0
TAXI,0.05,R_operating,1.390940634828652,1.390940634828652,1.0
TAXI,0.05,R_operating,1.390940634828652,1.390940634828652,1.0
TAXI,0.05,R_operating,1.390940634828652,1.390940634828652,1.0
TAXI,0.05,R_operating,1.390940634828652,1.390940634828652,1.0
TAXI,0.05,R_operating,1.390940634828652,1.390940634828652,1.0
TAXI,0.05,R_operating,1.390940634828652,1.390940634828652,1.0
TAXI,0.05,R_operating,1.390940634828652,1.390940634828652,1.0
TAXI,0.05,R_operating,1.390940634828652,1.390940634828652,1.0
TAXI,0.05,R_operating,1.390940634828652,1.390940634828652,1.0
TAXI,0.05,R_operating,1.390940634828652,1.390940634828652,1.0
TAXI,0.05,R_operating,1.390940634828652,1.390940634828652,1.0
TAXI,0.05,R_operating,1.390940634828652,1.390940634828652,1.0
TAXI,0.05,R_operating,1.9606287750337594,1.9606287750337594,1.0
TAXI,0.05,R_operating,1.9606287750337594,1.9606287750337594,1.0
TAXI,0.05,R_operating,1.9606287750337594,1.9606287750337594,1.0
TAXI,0.05,R_operating,2.5456096638323595,2.5456096638323595,1.0
TAXI,0.05,R_operating,2.5456096638323595,2.5456096638323595,1.0
TAXI,0.05,R_operating,2.5456096638323595,2.5456096638323595,1.0
TAXI,0.05,R_operating,2.5456096638323595,2.5456096638323595,1.0
TAXI,0.05,R_operating,2.5456096638323595,2.5456096638323595,1.0
TAXI,0.05,R_operating,2.5456096638323595,2.5456096638323595,1.0
TAXI,0.05,R_operating,2.5456096638323595,2.5456096638323595,1.0
TAXI,0.05,R_operating,2.5456096638323595,2.5456096638323595,1.0
TAXI,0.05,R_operating,2.5456096638323595,2.5456096638323595,1.0
TAXI,0.05,R_operating,2.5456096638323595,2.5456096638323595,1.0
TAXI,0.05,R_operating,2.5456096638323595,2.5456096638323595,1.0
TAXI,0.05,R_operating,2.5456096638323595,2.5456096638323595,1.0
TAXI,0.05,R_operating,2.5456096638323595,2.5456096638323595,1.0
TAXI,0.05,R_operating,2.5456096638323595,2.5456096638323595,1.0
TAXI,0.05,R_operating,2.5456096638323595,2.5456096638323595,1.0
TAXI,0.05,R_operating,2.5456096638323595,2.5456096638323595,1.0
TAXI,0.05,R_operating,2.5456096638323595,2.5456096638323595,1.0
TAXI,0.05,R_operating,2.5456096638323595,2.5456096638323595,1.0
TAXI,0.05,R_operating,2.5456096638323595,2.5456096638323595,1.0
TAXI,0.05,R_operating,2.5456096638323595,2.5456096638323595,1.0
TAXI,0.05,R_operating,2.5456096638323595,2.5456096638323595,1.0
TAXI,0.05,R_operating,2.5456096638323595,2.5456096638323595,1.0
TAXI,0.05,R_operating,2.5456096638323595,2.5456096638323595,1.0
TAXI,0.05,R_operating,2.5456096638323595,2.5456096638323595,1.0
TAXI,0.05,R_operating,2.5456096638323595,2.5456096638323595,1.0
TAXI,0.05,R_operating,2.5456096638323595,2.5456096638323595,1.0
TAXI,0.05,R_operating,2.5456096638323595,2.5456096638323595,1.0
TAXI,0.05,R_operating,2.5456096638323595,2.5456096638323595,1.0
TAXI,0.05,R_operating,2.5456096638323595,2.5456096638323595,1.0
TAXI,0.05,R_operating,2.5456096638323595,2.5456096638323595,1.0
TAXI,0.05,R_operating,2.5456096638323595,2.5456096638323595,1.0
PRE,0.1,F,0.0,0.0,
PRE,0.1,F,0.0,0.0,
PRE,0.1,F,0.0,0.0,
PRE,0.1,F,0.6975518192753524,0.6975518192753524,1.0
PRE,0.1,F,0.6975518192753524,0.6975518192753524,1.0
PRE,0.1,F,0.6975518192753524,0.6975518192753524,1.0
PRE,0.1,F,0.6975518192753524,0.6975518192753524,1.0
PRE,0.1,F,0.6975518192753524,0.6975518192753524,1.0
PRE,0.1,F,0.6975518192753524,0.6975518192753524,1.0
PRE,0.1,F,0.6975518192753524,0.6975518192753524,1.0
PRE,0.1,F,1.1523638527267428,0.6975518192753524,0.6053225442856381
PRE,0.1,F,1.1523638527267428,0.6975518192753524,0.6053225442856381
PRE,0.1,F,1.1523638527267428,0.6975518192753524,0.6053225442856381
PRE,0.1,F,1.1523638527267428,0.6975518192753524,0.6053225442856381
PRE,0.1,F,1.1523638527267428,0.6975518192753524,0.6053225442856381
PRE,0.1,F,1.1523638527267428,0.6975518192753524,0.6053225442856381
PRE,0.1,F,1.1523638527267428,0.6975518192753524,0.6053225442856381
PRE,0.1,F,1.1523638527267428,0.6975518192753524,0.6053225442856381
PRE,0.1,F,1.1523638527267428,0.6975518192753524,0.6053225442856381
PRE,0.1,F,1.1523638527267428,0.6975518192753524,0.6053225442856381
PRE,0.1,F,1.1523638527267428,0.6975518192753524,0.6053225442856381
PRE,0.1,F,1.1523638527267428,0.6975518192753524,0.6053225442856381
PRE,0.1,F,1.1523638527267428,0.6975518192753524,0.6053225442856381
PRE,0.1,F,1.1523638527267428,0.6975518192753524,0.6053225442856381
PRE,0.1,F,1.1523638527267428,0.6975518192753524,0.6053225442856381
PRE,0.1,F,1.1523638527267428,0.6975518192753524,0.6053225442856381
PRE,0.1,F,1.1523638527267428,0.6975518192753524,0.6053225442856381
PRE,0.1,F,1.1523638527267428,0.6975518192753524,0.6053225442856381
PRE,0.1,F,1.1523638527267428,0.6975518192753524,0.6053225442856381
PRE,0.1,F,1.1523638527267428,0.6975518192753524,0.6053225442856381
PRE,0.1,F,1.1523638527267428,0.6975518192753524,0.6053225442856381
PRE,0.1,F,1.1523638527267428,1.336956746804382,1.1601862932795508
PRE,0.1,F,1.1523638527267428,1.8394892986012878,1.5962747306318723
PRE,0.1,F,1.1523638527267428,1.8394892986012878,1.5962747306318723
PRE,0.1,F,1.1523638527267428,1.8394892986012878,1.5962747306318723
PRE,0.1,F,1.1523638527267428,1.8394892986012878,1.5962747306318723
PRE,0.1,F,1.1523638527267428,1.8394892986012878,1.5962747306318723
PRE,0.1,F,1.1523638527267428,1.8394892986012878,1.5962747306318723
PRE,0.1,F,1.1523638527267428,2.318024658069389,2.011538849109541
PRE,0.1,F,1.4894072837209014,2.318024658069389,1.5563403532433386
PRE,0.1,F,2.152303387787251,2.9809207621357388,1.3849909724857035
PRE,0.1,F,2.152303387787251,2.9809207621357388,1.3849909724857035
PRE,0.1,F,2.152303387787251,2.9809207621357388,1.3849909724857035
PRE,0.1,F,2.152303387787251,2.9809207621357388,1.3849909724857035
PRE,0.1,F,2.152303387787251,2.9809207621357388,1.3849909724857035
PRE,0.1,F,2.152303387787251,2.9809207621357388,1.3849909724857035
PRE,0.1,F,2.501892764489928,2.9809207621357388,1.1914662388591513
PRE,0.1,F,2.501892764489928,2.9809207621357388,1.1914662388591513
PRE,0.1,P,0.0,0.0,
PRE,0.1,P,0.0,0.0,
PRE,0.1,P,0.0,0.0,
PRE,0.1,P,2.0354340981549894,2.0354340981549894,1.0
PRE,0.1,P,2.0354340981549894,2.0354340981549894,1.0
PRE,0.1,P,2.0354340981549894,2.0354340981549894,1.0
PRE,0.1,P,2.0354340981549894,2.0354340981549894,1.0
PRE,0.1,P,2.0354340981549894,2.0354340981549894,1.0
PRE,0.1,P,2.0354340981549894,2.0354340981549894,1.0
PRE,0.1,P,2.0354340981549894,2.0354340981549894,1.0
PRE,0.1,P,4.290483328505835,2.0354340981549894,0.4744067141880333
PRE,0.1,P,4.290483328505835,2.0354340981549894,0.4744067141880333
PRE,0.1,P,4.290483328505835,2.0354340981549894,0.4744067141880333
PRE,0.1,P,4.290483328505835,2.0354340981549894,0.4744067141880333
PRE,0.1,P,4.290483328505835,2.0354340981549894,0.4744067141880333
PRE,0.1,P,4.290483328505835,2.0354340981549894,0.4744067141880333
PRE,0.1,P,4.290483328505835,2.0354340981549894,0.4744067141880333
PRE,0.1,P,4.290483328505835,2.0354340981549894,0.4744067141880333
PRE,0.1,P,4.290483328505835,2.0354340981549894,0.4744067141880333
PRE,0.1,P,4.290483328505835,2.0354340981549894,0.4744067141880333
PRE,0.1,P,4.290483328505835,2.0354340981549894,0.4744067141880333
PRE,0.1,P,4.290483328505835,2.0354340981549894,0.4744067141880333
PRE,0.1,P,4.290483328505835,2.0354340981549894,0.4744067141880333
PRE,0.1,P,4.290483328505835,2.0354340981549894,0.4744067141880333
PRE,0.1,P,4.290483328505835,2.0354340981549894,0.4744067141880333
PRE,0.1,P,4.290483328505835,2.0354340981549894,0.4744067141880333
PRE,0.1,P,4.290483328505835,2.0354340981549894,0.4744067141880333
PRE,0.1,P,4.290483328505835,2.0354340981549894,0.4744067141880333
PRE,0.1,P,4.290483328505835,2.0354340981549894,0.4744067141880333
PRE,0.1,P,4.290483328505835,2.0354340981549894,0.4744067141880333
PRE,0.1,P,4.290483328505835,2.0354340981549894,0.4744067141880333
PRE,0.1,P,4.290483328505835,3.223520372418374,0.7513187036531309
PRE,0.1,P,4.290483328505835,3.7988121948971334,0.885404254960728
PRE,0.1,P,4.290483328505835,3.7988121948971334,0.885404254960728
PRE,0.1,P,4.290483328505835,3.7988121948971334,0.885404254960728
PRE,0.1,P,4.290483328505835,3.7988121948971334,0.885404254960728
PRE,0.1,P,4.290483328505835,3.7988121948971334,0.885404254960728
PRE,0.1,P,4.290483328505835,3.7988121948971334,0.885404254960728
PRE,0.1,P,4.290483328505835,4.469523224390201,1.041729540048514
PRE,0.1,P,5.7724835898630635,4.469523224390201,0.7742808021557717
PRE,0.1,P,7.612694307534481,6.3097339420616185,0.8288437295868706
PRE,0.1,P,7.612694307534481,6.3097339420616185,0.8288437295868706
PRE,0.1,P,7.612694307534481,6.3097339420616185,0.8288437295868706
PRE,0.1,P,7.612694307534481,6.3097339420616185,0.8288437295868706
PRE,0.1,P,7.612694307534481,6.3097339420616185,0.8288437295868706
PRE,0.1,P,7.612694307534481,6.3097339420616185,0.8288437295868706
PRE,0.1,P,8.60729798733515,6.3097339420616185,0.7330679095049124
PRE,0.1,P,8.60729798733515,6.3097339420616185,0.7330679095049124
PRE,0.1,R,0.0,0.0,
PRE,0.1,R,0.0,0.0,
PRE,0.1,R,0.0,0.0,
PRE,0.1,R,0.2904508229345084,0.2904508229345084,1.0
PRE,0.1,R,0.2904508229345084,0.2904508229345084,1.0
PRE,0.1,R,0.2904508229345084,0.2904508229345084,1.0
PRE,0.1,R,0.2904508229345084,0.2904508229345084,1.0
PRE,0.1,R,0.2904508229345084,0.2904508229345084,1.0
PRE,0.1,R,0.2904508229345084,0.2904508229345084,1.0
PRE,0.1,R,0.2904508229345084,0.2904508229345084,1.0
PRE,0.1,R,0.5375887297792361,0.2904508229345084,0.5402844346342299
PRE,0.1,R,0.5375887297792361,0.2904508229345084,0.5402844346342299
PRE,0.1,R,0.5375887297792361,0.2904508229345084,0.5402844346342299
PRE,0.1,R,0.5375887297792361,0.2904508229345084,0.5402844346342299
PRE,0.1,R,0.5375887297792361,0.2904508229345084,0.5402844346342299
PRE,0.1,R,0.5375887297792361,0.2904508229345084,0.5402844346342299
PRE,0.1,R,0.5375887297792361,0.2904508229345084,0.5402844346342299
PRE,0.1,R,0.5375887297792361,0.2904508229345084,0.5402844346342299
PRE,0.1,R,0.5375887297792361,0.2904508229345084,0.5402844346342299
PRE,0.1,R,0.5375887297792361,0.2904508229345084,0.5402844346342299
PRE,0.1,R,0.5375887297792361,0.2904508229345084,0.5402844346342299
PRE,0.1,R,0.5375887297792361,0.2904508229345084,0.5402844346342299
PRE,0.1,R,0.5375887297792361,0.2904508229345084,0.5402844346342299
PRE,0.1,R,0.5375887297792361,0.2904508229345084,0.5402844346342299
PRE,0.1,R,0.5375887297792361,0.2904508229345084,0.5402844346342299
PRE,0.1,R,0.5375887297792361,0.2904508229345084,0.5402844346342299
PRE,0.1,R,0.5375887297792361,0.2904508229345084,0.5402844346342299
PRE,0.1,R,0.5375887297792361,0.2904508229345084,0.5402844346342299
PRE,0.1,R,0.5375887297792361,0.2904508229345084,0.5402844346342299
PRE,0.1,R,0.5375887297792361,0.2904508229345084,0.5402844346342299
PRE,0.1,R,0.5375887297792361,0.2904508229345084,0.5402844346342299
PRE,0.1,R,0.5375887297792361,0.30413534305989753,0.5657398048221592
PRE,0.1,R,0.5375887297792361,0.37363171176984916,0.6950140340986746
PRE,0.1,R,0.5375887297792361,0.37363171176984916,0.6950140340986746
PRE,0.1,R,0.5375887297792361,0.37363171176984916,0.6950140340986746
PRE,0.1,R,0.5375887297792361,0.37363171176984916,0.6950140340986746
PRE,0.1,R,0.5375887297792361,0.37363171176984916,0.6950140340986746
PRE,0.1,R,0.5375887297792361,0.37363171176984916,0.6950140340986746
PRE,0.1,R,0.5375887297792361,0.40901927307713787,0.7608404909178509
PRE,0.1,R,0.6084208468673752,0.40901927307713787,0.6722637384683446
PRE,0.1,R,0.9961860323790461,0.7967844585888088,0.7998350033938585
PRE,0.1,R,0.9961860323790461,0.7967844585888088,0.7998350033938585
PRE,0.1,R,0.9961860323790461,0.7967844585888088,0.7998350033938585
PRE,0.1,R,0.9961860323790461,0.7967844585888088,0.7998350033938585
PRE,0.1,R,0.9961860323790461,0.7967844585888088,0.7998350033938585
PRE,0.1,R,0.9961860323790461,0.7967844585888088,0.7998350033938585
PRE,0.1,R,1.5050413385033607,0.7967844585888088,0.529410347878647
PRE,0.1,R,1.5050413385033607,0.7967844585888088,0.529410347878647
PRE,0.1,F_continuity,0.0,0.0,
PRE,0.1,F_continuity,0.0,0.0,
PRE,0.1,F_continuity,0.0,0.0,
PRE,0.1,F_continuity,0.0,0.0,
PRE,0.1,F_continuity,0.0,0.0,
PRE,0.1,F_continuity,0.0,0.0,
PRE,0.1,F_continuity,0.0,0.0,
PRE,0.1,F_continuity,0.0,0.0,
PRE,0.1,F_continuity,0.0,0.0,
PRE,0.1,F_continuity,0.0,0.0,
PRE,0.1,F_continuity,0.0,0.0,
PRE,0.1,F_continuity,0.0,0.0,
PRE,0.1,F_continuity,0.0,0.0,
PRE,0.1,F_continuity,0.0,0.0,
PRE,0.1,F_continuity,0.0,0.0,
PRE,0.1,F_continuity,0.0,0.0,
PRE,0.1,F_continuity,0.0,0.0,
PRE,0.1,F_continuity,0.0,0.0,
PRE,0.1,F_continuity,0.0,0.0,
PRE,0.1,F_continuity,0.0,0.0,
PRE,0.1,F_continuity,0.0,0.0,
PRE,0.1,F_continuity,0.0,0.0,
PRE,0.1,F_continuity,0.0,0.0,
PRE,0.1,F_continuity,0.0,0.0,
PRE,0.1,F_continuity,0.0,0.0,
PRE,0.1,F_continuity,0.0,0.0,
PRE,0.1,F_continuity,0.0,0.0,
PRE,0.1,F_continuity,0.0,0.0,
PRE,0.1,F_continuity,0.0,0.0,
PRE,0.1,F_continuity,0.0,0.0,
PRE,0.1,F_continuity,0.0,0.0,
PRE,0.1,F_continuity,0.0,0.023970170454545452,
PRE,0.1,F_continuity,0.0,0.023970170454545452,
PRE,0.1,F_continuity,0.0,0.023970170454545452,
PRE,0.1,F_continuity,0.0,0.023970170454545452,
PRE,0.1,F_continuity,0.0,0.023970170454545452,
PRE,0.1,F_continuity,0.0,0.023970170454545452,
PRE,0.1,F_continuity,0.0,0.023970170454545452,
PRE,0.1,F_continuity,0.0,0.023970170454545452,
PRE,0.1,F_continuity,0.0,0.023970170454545452,
PRE,0.1,F_continuity,0.0,0.023970170454545452,
PRE,0.1,F_continuity,0.0,0.023970170454545452,
PRE,0.1,F_continuity,0.0,0.023970170454545452,
PRE,0.1,F_continuity,0.0,0.023970170454545452,
PRE,0.1,F_continuity,0.0,0.023970170454545452,
PRE,0.1,F_continuity,0.0,0.023970170454545452,
PRE,0.1,F_continuity,0.0,0.023970170454545452,
PRE,0.1,F_continuity,0.0,0.023970170454545452,
PRE,0.1,F_execution,0.0,0.0,
PRE,0.1,F_execution,0.0,0.0,
PRE,0.1,F_execution,0.0,0.0,
PRE,0.1,F_execution,0.7212703875402974,0.7212703875402974,1.0
PRE,0.1,F_execution,0.7212703875402974,0.7212703875402974,1.0
PRE,0.1,F_execution,0.7212703875402974,0.7212703875402974,1.0
PRE,0.1,F_execution,0.7212703875402974,0.7212703875402974,1.0
PRE,0.1,F_execution,0.7212703875402974,0.7212703875402974,1.0
PRE,0.1,F_execution,0.7212703875402974,0.7212703875402974,1.0
PRE,0.1,F_execution,0.7212703875402974,0.7212703875402974,1.0
PRE,0.1,F_execution,1.1808508123298558,0.7212703875402974,0.6108056835030737
PRE,0.1,F_execution,1.1808508123298558,0.7212703875402974,0.6108056835030737
PRE,0.1,F_execution,1.1808508123298558,0.7212703875402974,0.6108056835030737
PRE,0.1,F_execution,1.1808508123298558,0.7212703875402974,0.6108056835030737
PRE,0.1,F_execution,1.1808508123298558,0.7212703875402974,0.6108056835030737
PRE,0.1,F_execution,1.1808508123298558,0.7212703875402974,0.6108056835030737
PRE,0.1,F_execution,1.1808508123298558,0.7212703875402974,0.6108056835030737
PRE,0.1,F_execution,1.1808508123298558,0.7212703875402974,0.6108056835030737
PRE,0.1,F_execution,1.1808508123298558,0.7212703875402974,0.6108056835030737
PRE,0.1,F_execution,1.1808508123298558,0.7212703875402974,0.6108056835030737
PRE,0.1,F_execution,1.1808508123298558,0.7212703875402974,0.6108056835030737
PRE,0.1,F_execution,1.1808508123298558,0.7212703875402974,0.6108056835030737
PRE,0.1,F_execution,1.1808508123298558,0.7212703875402974,0.6108056835030737
PRE,0.1,F_execution,1.1808508123298558,0.7212703875402974,0.6108056835030737
PRE,0.1,F_execution,1.1808508123298558,0.7212703875402974,0.6108056835030737
PRE,0.1,F_execution,1.1808508123298558,0.7212703875402974,0.6108056835030737
PRE,0.1,F_execution,1.1808508123298558,0.7212703875402974,0.6108056835030737
PRE,0.1,F_execution,1.1808508123298558,0.7212703875402974,0.6108056835030737
PRE,0.1,F_execution,1.1808508123298558,0.7212703875402974,0.6108056835030737
PRE,0.1,F_execution,1.1808508123298558,0.7212703875402974,0.6108056835030737
PRE,0.1,F_execution,1.1808508123298558,0.7212703875402974,0.6108056835030737
PRE,0.1,F_execution,1.1808508123298558,1.4203082957143156,1.2027838579473071
PRE,0.1,F_execution,1.1808508123298558,1.9658080998016276,1.6647387453822609
PRE,0.1,F_execution,1.1808508123298558,1.9658080998016276,1.6647387453822609
PRE,0.1,F_execution,1.1808508123298558,1.9658080998016276,1.6647387453822609
PRE,0.1,F_execution,1.1808508123298558,1.9658080998016276,1.6647387453822609
PRE,0.1,F_execution,1.1808508123298558,1.9658080998016276,1.6647387453822609
PRE,0.1,F_execution,1.1808508123298558,1.9658080998016276,1.6647387453822609
PRE,0.1,F_execution,1.1808508123298558,2.490960802672242,2.109462750639514
PRE,0.1,F_execution,1.5422264547144506,2.490960802672242,1.6151718802758142
PRE,0.1,F_execution,2.206969313767493,3.155703661725284,1.4298810781098796
PRE,0.1,F_execution,2.206969313767493,3.155703661725284,1.4298810781098796
PRE,0.1,F_execution,2.206969313767493,3.155703661725284,1.4298810781098796
PRE,0.1,F_execution,2.206969313767493,3.155703661725284,1.4298810781098796
PRE,0.1,F_execution,2.206969313767493,3.155703661725284,1.4298810781098796
PRE,0.1,F_execution,2.206969313767493,3.155703661725284,1.4298810781098796
PRE,0.1,F_execution,2.50116949045115,3.155703661725284,1.2616912503422837
PRE,0.1,F_execution,2.50116949045115,3.155703661725284,1.2616912503422837
PRE,0.1,F_propagation,0.0,0.0,
PRE,0.1,F_propagation,0.0,0.0,
PRE,0.1,F_propagation,0.0,0.0,
PRE,0.1,F_propagation,1.37138507028576,1.37138507028576,1.0
PRE,0.1,F_propagation,1.37138507028576,1.37138507028576,1.0
PRE,0.1,F_propagation,1.37138507028576,1.37138507028576,1.0
PRE,0.1,F_propagation,1.37138507028576,1.37138507028576,1.0
PRE,0.1,F_propagation,1.37138507028576,1.37138507028576,1.0
PRE,0.1,F_propagation,1.37138507028576,1.37138507028576,1.0
PRE,0.1,F_propagation,1.37138507028576,1.37138507028576,1.0
PRE,0.1,F_propagation,2.276240745850373,1.37138507028576,0.602478043144522
PRE,0.1,F_propagation,2.276240745850373,1.37138507028576,0.602478043144522
PRE,0.1,F_propagation,2.276240745850373,1.37138507028576,0.602478043144522
PRE,0.1,F_propagation,2.276240745850373,1.37138507028576,0.602478043144522
PRE,0.1,F_propagation,2.276240745850373,1.37138507028576,0.602478043144522
PRE,0.1,F_propagation,2.276240745850373,1.37138507028576,0.602478043144522
PRE,0.1,F_propagation,2.276240745850373,1.37138507028576,0.602478043144522
PRE,0.1,F_propagation,2.276240745850373,1.37138507028576,0.602478043144522
PRE,0.1,F_propagation,2.276240745850373,1.37138507028576,0.602478043144522
PRE,0.1,F_propagation,2.276240745850373,1.37138507028576,0.602478043144522
PRE,0.1,F_propagation,2.276240745850373,1.37138507028576,0.602478043144522
PRE,0.1,F_propagation,2.276240745850373,1.37138507028576,0.602478043144522
PRE,0.1,F_propagation,2.276240745850373,1.37138507028576,0.602478043144522
PRE,0.1,F_propagation,2.276240745850373,1.37138507028576,0.602478043144522
PRE,0.1,F_propagation,2.276240745850373,1.37138507028576,0.602478043144522
PRE,0.1,F_propagation,2.276240745850373,1.37138507028576,0.602478043144522
PRE,0.1,F_propagation,2.276240745850373,1.37138507028576,0.602478043144522
PRE,0.1,F_propagation,2.276240745850373,1.37138507028576,0.602478043144522
PRE,0.1,F_propagation,2.276240745850373,1.37138507028576,0.602478043144522
PRE,0.1,F_propagation,2.276240745850373,1.37138507028576,0.602478043144522
PRE,0.1,F_propagation,2.276240745850373,1.37138507028576,0.602478043144522
PRE,0.1,F_propagation,2.276240745850373,2.5665917742442854,1.1275572581341526
PRE,0.1,F_propagation,2.276240745850373,3.528689625547691,1.5502268958064098
PRE,0.1,F_propagation,2.276240745850373,3.528689625547691,1.5502268958064098
PRE,0.1,F_propagation,2.276240745850373,3.528689625547691,1.5502268958064098
PRE,0.1,F_propagation,2.276240745850373,3.528689625547691,1.5502268958064098
PRE,0.1,F_propagation,2.276240745850373,3.528689625547691,1.5502268958064098
PRE,0.1,F_propagation,2.276240745850373,3.528689625547691,1.5502268958064098
PRE,0.1,F_propagation,2.276240745850373,4.43914300108138,1.9502080389229548
PRE,0.1,F_propagation,2.9259953964482537,4.43914300108138,1.5171394344877898
PRE,0.1,F_propagation,4.24994084959426,5.763088454227387,1.356039685770588
PRE,0.1,F_propagation,4.24994084959426,5.763088454227387,1.356039685770588
PRE,0.1,F_propagation,4.24994084959426,5.763088454227387,1.356039685770588
PRE,0.1,F_propagation,4.24994084959426,5.763088454227387,1.356039685770588
PRE,0.1,F_propagation,4.24994084959426,5.763088454227387,1.356039685770588
PRE,0.1,F_propagation,4.24994084959426,5.763088454227387,1.356039685770588
PRE,0.1,F_propagation,5.004508803018634,5.763088454227387,1.1515792420529245
PRE,0.1,F_propagation,5.004508803018634,5.763088454227387,1.1515792420529245
PRE,0.1,P_time,0.0,0.0,
PRE,0.1,P_time,0.0,0.0,
PRE,0.1,P_time,0.0,0.0,
PRE,0.1,P_time,1.782930277502933,1.782930277502933,1.0
PRE,0.1,P_time,1.782930277502933,1.782930277502933,1.0
PRE,0.1,P_time,1.782930277502933,1.782930277502933,1.0
PRE,0.1,P_time,1.782930277502933,1.782930277502933,1.0
PRE,0.1,P_time,1.782930277502933,1.782930277502933,1.0
PRE,0.1,P_time,1.782930277502933,1.782930277502933,1.0
PRE,0.1,P_time,1.782930277502933,1.782930277502933,1.0
PRE,0.1,P_time,3.0824404174576303,1.782930277502933,0.5784151633248691
PRE,0.1,P_time,3.0824404174576303,1.782930277502933,0.5784151633248691
PRE,0.1,P_time,3.0824404174576303,1.782930277502933,0.5784151633248691
PRE,0.1,P_time,3.0824404174576303,1.782930277502933,0.5784151633248691
PRE,0.1,P_time,3.0824404174576303,1.782930277502933,0.5784151633248691
PRE,0.1,P_time,3.0824404174576303,1.782930277502933,0.5784151633248691
PRE,0.1,P_time,3.0824404174576303,1.782930277502933,0.5784151633248691
PRE,0.1,P_time,3.0824404174576303,1.782930277502933,0.5784151633248691
PRE,0.1,P_time,3.0824404174576303,1.782930277502933,0.5784151633248691
PRE,0.1,P_time,3.0824404174576303,1.782930277502933,0.5784151633248691
PRE,0.1,P_time,3.0824404174576303,1.782930277502933,0.5784151633248691
PRE,0.1,P_time,3.0824404174576303,1.782930277502933,0.5784151633248691
PRE,0.1,P_time,3.0824404174576303,1.782930277502933,0.5784151633248691
PRE,0.1,P_time,3.0824404174576303,1.782930277502933,0.5784151633248691
PRE,0.1,P_time,3.0824404174576303,1.782930277502933,0.5784151633248691
PRE,0.1,P_time,3.0824404174576303,1.782930277502933,0.5784151633248691
PRE,0.1,P_time,3.0824404174576303,1.782930277502933,0.5784151633248691
PRE,0.1,P_time,3.0824404174576303,1.782930277502933,0.5784151633248691
PRE,0.1,P_time,3.0824404174576303,1.782930277502933,0.5784151633248691
PRE,0.1,P_time,3.0824404174576303,1.782930277502933,0.5784151633248691
PRE,0.1,P_time,3.0824404174576303,1.782930277502933,0.5784151633248691
PRE,0.1,P_time,3.0824404174576303,2.6275643618794984,0.852429895156478
PRE,0.1,P_time,3.0824404174576303,3.178105733378857,1.0310355766747086
PRE,0.1,P_time,3.0824404174576303,3.178105733378857,1.0310355766747086
PRE,0.1,P_time,3.0824404174576303,3.178105733378857,1.0310355766747086
PRE,0.1,P_time,3.0824404174576303,3.178105733378857,1.0310355766747086
PRE,0.1,P_time,3.0824404174576303,3.178105733378857,1.0310355766747086
PRE,0.1,P_time,3.0824404174576303,3.178105733378857,1.0310355766747086
PRE,0.1,P_time,3.0824404174576303,3.573872580340602,1.159429574080235
PRE,0.1,P_time,4.26647393702835,3.573872580340602,0.8376642241555204
PRE,0.1,P_time,5.72388615193172,5.031284795243971,0.878998055114355
PRE,0.1,P_time,5.72388615193172,5.031284795243971,0.878998055114355
PRE,0.1,P_time,5.72388615193172,5.031284795243971,0.878998055114355
PRE,0.1,P_time,5.72388615193172,5.031284795243971,0.878998055114355
PRE,0.1,P_time,5.72388615193172,5.031284795243971,0.878998055114355
PRE,0.1,P_time,5.72388615193172,5.031284795243971,0.878998055114355
PRE,0.1,P_time,6.9004804775185855,5.031284795243971,0.7291209375398773
PRE,0.1,P_time,6.9004804775185855,5.031284795243971,0.7291209375398773
PRE,0.1,P_itinerary,0.0,0.0,
PRE,0.1,P_itinerary,0.0,0.0,
PRE,0.1,P_itinerary,0.0,0.0,
PRE,0.1,P_itinerary,0.2997599044890719,0.2997599044890719,1.0
PRE,0.1,P_itinerary,0.2997599044890719,0.2997599044890719,1.0
PRE,0.1,P_itinerary,0.2997599044890719,0.2997599044890719,1.0
PRE,0.1,P_itinerary,0.2997599044890719,0.2997599044890719,1.0
PRE,0.1,P_itinerary,0.2997599044890719,0.2997599044890719,1.0
PRE,0.1,P_itinerary,0.2997599044890719,0.2997599044890719,1.0
PRE,0.1,P_itinerary,0.2997599044890719,0.2997599044890719,1.0
PRE,0.1,P_itinerary,3.54305222183965,0.2997599044890719,0.08460499188844255
PRE,0.1,P_itinerary,3.54305222183965,0.2997599044890719,0.08460499188844255
PRE,0.1,P_itinerary,3.54305222183965,0.2997599044890719,0.08460499188844255
PRE,0.1,P_itinerary,3.54305222183965,0.2997599044890719,0.08460499188844255
PRE,0.1,P_itinerary,3.54305222183965,0.2997599044890719,0.08460499188844255
PRE,0.1,P_itinerary,3.54305222183965,0.2997599044890719,0.08460499188844255
PRE,0.1,P_itinerary,3.54305222183965,0.2997599044890719,0.08460499188844255
PRE,0.1,P_itinerary,3.54305222183965,0.2997599044890719,0.08460499188844255
PRE,0.1,P_itinerary,3.54305222183965,0.2997599044890719,0.08460499188844255
PRE,0.1,P_itinerary,3.54305222183965,0.2997599044890719,0.08460499188844255
PRE,0.1,P_itinerary,3.54305222183965,0.2997599044890719,0.08460499188844255
PRE,0.1,P_itinerary,3.54305222183965,0.2997599044890719,0.08460499188844255
PRE,0.1,P_itinerary,3.54305222183965,0.2997599044890719,0.08460499188844255
PRE,0.1,P_itinerary,3.54305222183965,0.2997599044890719,0.08460499188844255
PRE,0.1,P_itinerary,3.54305222183965,0.2997599044890719,0.08460499188844255
PRE,0.1,P_itinerary,3.54305222183965,0.2997599044890719,0.08460499188844255
PRE,0.1,P_itinerary,3.54305222183965,0.2997599044890719,0.08460499188844255
PRE,0.1,P_itinerary,3.54305222183965,0.2997599044890719,0.08460499188844255
PRE,0.1,P_itinerary,3.54305222183965,0.2997599044890719,0.08460499188844255
PRE,0.1,P_itinerary,3.54305222183965,0.2997599044890719,0.08460499188844255
PRE,0.1,P_itinerary,3.54305222183965,0.2997599044890719,0.08460499188844255
PRE,0.1,P_itinerary,3.54305222183965,0.8322941821494534,0.23490881026791735
PRE,0.1,P_itinerary,3.54305222183965,1.122141901413333,0.3167161619849583
PRE,0.1,P_itinerary,3.54305222183965,1.122141901413333,0.3167161619849583
PRE,0.1,P_itinerary,3.54305222183965,1.122141901413333,0.3167161619849583
PRE,0.1,P_itinerary,3.54305222183965,1.122141901413333,0.3167161619849583
PRE,0.1,P_itinerary,3.54305222183965,1.122141901413333,0.3167161619849583
PRE,0.1,P_itinerary,3.54305222183965,1.122141901413333,0.3167161619849583
PRE,0.1,P_itinerary,3.54305222183965,2.0658523778780307,0.5830713883199224
PRE,0.1,P_itinerary,3.9851710323129503,2.0658523778780307,0.5183848726008209
PRE,0.1,P_itinerary,4.641537330007785,2.7222186755728655,0.5864907426196009
PRE,0.1,P_itinerary,4.641537330007785,2.7222186755728655,0.5864907426196009
PRE,0.1,P_itinerary,4.641537330007785,2.7222186755728655,0.5864907426196009
PRE,0.1,P_itinerary,4.641537330007785,2.7222186755728655,0.5864907426196009
PRE,0.1,P_itinerary,4.641537330007785,2.7222186755728655,0.5864907426196009
PRE,0.1,P_itinerary,4.641537330007785,2.7222186755728655,0.5864907426196009
PRE,0.1,P_itinerary,6.448754043822928,2.7222186755728655,0.422130950734646
PRE,0.1,P_itinerary,6.448754043822928,2.7222186755728655,0.422130950734646
PRE,0.1,P_service,0.0,0.0,
PRE,0.1,P_service,0.0,0.0,
PRE,0.1,P_service,0.0,0.0,
PRE,0.1,P_service,4.023612112472963,4.023612112472963,1.0
PRE,0.1,P_service,4.023612112472963,4.023612112472963,1.0
PRE,0.1,P_service,4.023612112472963,4.023612112472963,1.0
PRE,0.1,P_service,4.023612112472963,4.023612112472963,1.0
PRE,0.1,P_service,4.023612112472963,4.023612112472963,1.0
PRE,0.1,P_service,4.023612112472963,4.023612112472963,1.0
PRE,0.1,P_service,4.023612112472963,4.023612112472963,1.0
PRE,0.1,P_service,6.245957346220225,4.023612112472963,0.6441946189254517
PRE,0.1,P_service,6.245957346220225,4.023612112472963,0.6441946189254517
PRE,0.1,P_service,6.245957346220225,4.023612112472963,0.6441946189254517
PRE,0.1,P_service,6.245957346220225,4.023612112472963,0.6441946189254517
PRE,0.1,P_service,6.245957346220225,4.023612112472963,0.6441946189254517
PRE,0.1,P_service,6.245957346220225,4.023612112472963,0.6441946189254517
PRE,0.1,P_service,6.245957346220225,4.023612112472963,0.6441946189254517
PRE,0.1,P_service,6.245957346220225,4.023612112472963,0.6441946189254517
PRE,0.1,P_service,6.245957346220225,4.023612112472963,0.6441946189254517
PRE,0.1,P_service,6.245957346220225,4.023612112472963,0.6441946189254517
PRE,0.1,P_service,6.245957346220225,4.023612112472963,0.6441946189254517
PRE,0.1,P_service,6.245957346220225,4.023612112472963,0.6441946189254517
PRE,0.1,P_service,6.245957346220225,4.023612112472963,0.6441946189254517
PRE,0.1,P_service,6.245957346220225,4.023612112472963,0.6441946189254517
PRE,0.1,P_service,6.245957346220225,4.023612112472963,0.6441946189254517
PRE,0.1,P_service,6.245957346220225,4.023612112472963,0.6441946189254517
PRE,0.1,P_service,6.245957346220225,4.023612112472963,0.6441946189254517
PRE,0.1,P_service,6.245957346220225,4.023612112472963,0.6441946189254517
PRE,0.1,P_service,6.245957346220225,4.023612112472963,0.6441946189254517
PRE,0.1,P_service,6.245957346220225,4.023612112472963,0.6441946189254517
PRE,0.1,P_service,6.245957346220225,4.023612112472963,0.6441946189254517
PRE,0.1,P_service,6.245957346220225,6.21070257322617,0.9943555853746922
PRE,0.1,P_service,6.245957346220225,7.096188949899211,1.1361251056563024
PRE,0.1,P_service,6.245957346220225,7.096188949899211,1.1361251056563024
PRE,0.1,P_service,6.245957346220225,7.096188949899211,1.1361251056563024
PRE,0.1,P_service,6.245957346220225,7.096188949899211,1.1361251056563024
PRE,0.1,P_service,6.245957346220225,7.096188949899211,1.1361251056563024
PRE,0.1,P_service,6.245957346220225,7.096188949899211,1.1361251056563024
PRE,0.1,P_service,6.245957346220225,7.768844714951973,1.243819687570126
PRE,0.1,P_service,9.06580580024789,7.768844714951973,0.8569392380696645
PRE,0.1,P_service,12.472659440663938,11.17569835536802,0.8960156740055368
PRE,0.1,P_service,12.472659440663938,11.17569835536802,0.8960156740055368
PRE,0.1,P_service,12.472659440663938,11.17569835536802,0.8960156740055368
PRE,0.1,P_service,12.472659440663938,11.17569835536802,0.8960156740055368
PRE,0.1,P_service,12.472659440663938,11.17569835536802,0.8960156740055368
PRE,0.1,P_service,12.472659440663938,11.17569835536802,0.8960156740055368
PRE,0.1,P_service,12.472659440663938,11.17569835536802,0.8960156740055368
PRE,0.1,P_service,12.472659440663938,11.17569835536802,0.8960156740055368
PRE,0.1,R_operating,0.0,0.0,
PRE,0.1,R_operating,0.0,0.0,
PRE,0.1,R_operating,0.0,0.0,
PRE,0.1,R_operating,0.2904508229345084,0.2904508229345084,1.0
PRE,0.1,R_operating,0.2904508229345084,0.2904508229345084,1.0
PRE,0.1,R_operating,0.2904508229345084,0.2904508229345084,1.0
PRE,0.1,R_operating,0.2904508229345084,0.2904508229345084,1.0
PRE,0.1,R_operating,0.2904508229345084,0.2904508229345084,1.0
PRE,0.1,R_operating,0.2904508229345084,0.2904508229345084,1.0
PRE,0.1,R_operating,0.2904508229345084,0.2904508229345084,1.0
PRE,0.1,R_operating,0.5375887297792361,0.2904508229345084,0.5402844346342299
PRE,0.1,R_operating,0.5375887297792361,0.2904508229345084,0.5402844346342299
PRE,0.1,R_operating,0.5375887297792361,0.2904508229345084,0.5402844346342299
PRE,0.1,R_operating,0.5375887297792361,0.2904508229345084,0.5402844346342299
PRE,0.1,R_operating,0.5375887297792361,0.2904508229345084,0.5402844346342299
PRE,0.1,R_operating,0.5375887297792361,0.2904508229345084,0.5402844346342299
PRE,0.1,R_operating,0.5375887297792361,0.2904508229345084,0.5402844346342299
PRE,0.1,R_operating,0.5375887297792361,0.2904508229345084,0.5402844346342299
PRE,0.1,R_operating,0.5375887297792361,0.2904508229345084,0.5402844346342299
PRE,0.1,R_operating,0.5375887297792361,0.2904508229345084,0.5402844346342299
PRE,0.1,R_operating,0.5375887297792361,0.2904508229345084,0.5402844346342299
PRE,0.1,R_operating,0.5375887297792361,0.2904508229345084,0.5402844346342299
PRE,0.1,R_operating,0.5375887297792361,0.2904508229345084,0.5402844346342299
PRE,0.1,R_operating,0.5375887297792361,0.2904508229345084,0.5402844346342299
PRE,0.1,R_operating,0.5375887297792361,0.2904508229345084,0.5402844346342299
PRE,0.1,R_operating,0.5375887297792361,0.2904508229345084,0.5402844346342299
PRE,0.1,R_operating,0.5375887297792361,0.2904508229345084,0.5402844346342299
PRE,0.1,R_operating,0.5375887297792361,0.2904508229345084,0.5402844346342299
PRE,0.1,R_operating,0.5375887297792361,0.2904508229345084,0.5402844346342299
PRE,0.1,R_operating,0.5375887297792361,0.2904508229345084,0.5402844346342299
PRE,0.1,R_operating,0.5375887297792361,0.2904508229345084,0.5402844346342299
PRE,0.1,R_operating,0.5375887297792361,0.30413534305989753,0.5657398048221592
PRE,0.1,R_operating,0.5375887297792361,0.37363171176984916,0.6950140340986746
PRE,0.1,R_operating,0.5375887297792361,0.37363171176984916,0.6950140340986746
PRE,0.1,R_operating,0.5375887297792361,0.37363171176984916,0.6950140340986746
PRE,0.1,R_operating,0.5375887297792361,0.37363171176984916,0.6950140340986746
PRE,0.1,R_operating,0.5375887297792361,0.37363171176984916,0.6950140340986746
PRE,0.1,R_operating,0.5375887297792361,0.37363171176984916,0.6950140340986746
PRE,0.1,R_operating,0.5375887297792361,0.40901927307713787,0.7608404909178509
PRE,0.1,R_operating,0.6084208468673752,0.40901927307713787,0.6722637384683446
PRE,0.1,R_operating,0.9961860323790461,0.7967844585888088,0.7998350033938585
PRE,0.1,R_operating,0.9961860323790461,0.7967844585888088,0.7998350033938585
PRE,0.1,R_operating,0.9961860323790461,0.7967844585888088,0.7998350033938585
PRE,0.1,R_operating,0.9961860323790461,0.7967844585888088,0.7998350033938585
PRE,0.1,R_operating,0.9961860323790461,0.7967844585888088,0.7998350033938585
PRE,0.1,R_operating,0.9961860323790461,0.7967844585888088,0.7998350033938585
PRE,0.1,R_operating,1.5050413385033607,0.7967844585888088,0.529410347878647
PRE,0.1,R_operating,1.5050413385033607,0.7967844585888088,0.529410347878647
TURN,0.1,F,0.0,0.0,
TURN,0.1,F,0.0,0.0,
TURN,0.1,F,0.0,0.0,
TURN,0.1,F,0.0,0.0,
TURN,0.1,F,0.6428345565604247,0.6428345565604247,1.0
TURN,0.1,F,0.6428345565604247,0.6428345565604247,1.0
TURN,0.1,F,0.6428345565604247,0.6428345565604247,1.0
TURN,0.1,F,1.2442910524802628,1.2442910524802628,1.0
TURN,0.1,F,1.2442910524802628,1.2442910524802628,1.0
TURN,0.1,F,1.2442910524802628,1.2442910524802628,1.0
TURN,0.1,F,1.2442910524802628,1.2442910524802628,1.0
TURN,0.1,F,1.2442910524802628,1.2442910524802628,1.0
TURN,0.1,F,1.2442910524802628,1.2442910524802628,1.0
TURN,0.1,F,1.2442910524802628,1.2442910524802628,1.0
TURN,0.1,F,2.1388422037185624,2.1388422037185624,1.0
TURN,0.1,F,2.1388422037185624,2.1388422037185624,1.0
TURN,0.1,F,2.1388422037185624,2.1388422037185624,1.0
TURN,0.1,F,2.1388422037185624,2.1388422037185624,1.0
TURN,0.1,F,2.1388422037185624,2.1388422037185624,1.0
TURN,0.1,F,2.1388422037185624,2.1388422037185624,1.0
TURN,0.1,F,2.1388422037185624,2.1388422037185624,1.0
TURN,0.1,F,2.1388422037185624,2.1388422037185624,1.0
TURN,0.1,F,2.1388422037185624,2.1388422037185624,1.0
TURN,0.1,F,2.1388422037185624,2.1388422037185624,1.0
TURN,0.1,F,2.8677844055876496,2.8677844055876496,1.0
TURN,0.1,F,2.8677844055876496,2.8677844055876496,1.0
TURN,0.1,F,2.8677844055876496,2.8677844055876496,1.0
TURN,0.1,F,2.8677844055876496,3.4847390235055435,1.2151328449641496
TURN,0.1,F,2.8677844055876496,4.075869937038663,1.4212609319923613
TURN,0.1,F,2.8677844055876496,4.075869937038663,1.4212609319923613
TURN,0.1,F,2.8677844055876496,4.075869937038663,1.4212609319923613
TURN,0.1,F,2.8677844055876496,4.771276111580994,1.6637499326255287
TURN,0.1,F,2.8677844055876496,4.771276111580994,1.6637499326255287
TURN,0.1,F,2.8677844055876496,4.771276111580994,1.6637499326255287
TURN,0.1,F,2.8677844055876496,4.771276111580994,1.6637499326255287
TURN,0.1,F,2.8677844055876496,4.771276111580994,1.6637499326255287
TURN,0.1,F,2.8677844055876496,4.771276111580994,1.6637499326255287
TURN,0.1,F,2.8677844055876496,4.771276111580994,1.6637499326255287
TURN,0.1,F,2.8677844055876496,4.771276111580994,1.6637499326255287
TURN,0.1,F,3.244696046530075,4.771276111580994,1.4704847674972408
TURN,0.1,F,3.244696046530075,4.771276111580994,1.4704847674972408
TURN,0.1,F,3.244696046530075,4.771276111580994,1.4704847674972408
TURN,0.1,F,3.244696046530075,4.771276111580994,1.4704847674972408
TURN,0.1,F,3.244696046530075,4.771276111580994,1.4704847674972408
TURN,0.1,F,3.244696046530075,4.771276111580994,1.4704847674972408
TURN,0.1,F,3.244696046530075,4.771276111580994,1.4704847674972408
TURN,0.1,F,3.244696046530075,4.771276111580994,1.4704847674972408
TURN,0.1,F,3.244696046530075,4.771276111580994,1.4704847674972408
TURN,0.1,F,3.244696046530075,4.771276111580994,1.4704847674972408
TURN,0.1,F,3.244696046530075,4.771276111580994,1.4704847674972408
TURN,0.1,F,3.244696046530075,4.771276111580994,1.4704847674972408
TURN,0.1,F,3.244696046530075,4.771276111580994,1.4704847674972408
TURN,0.1,F,3.244696046530075,4.771276111580994,1.4704847674972408
TURN,0.1,F,3.244696046530075,4.771276111580994,1.4704847674972408
TURN,0.1,F,3.244696046530075,4.771276111580994,1.4704847674972408
TURN,0.1,F,3.244696046530075,4.771276111580994,1.4704847674972408
TURN,0.1,F,3.244696046530075,4.771276111580994,1.4704847674972408
TURN,0.1,F,3.244696046530075,4.771276111580994,1.4704847674972408
TURN,0.1,F,3.244696046530075,4.771276111580994,1.4704847674972408
TURN,0.1,F,3.244696046530075,4.771276111580994,1.4704847674972408
TURN,0.1,F,3.76836757450189,5.294947639552809,1.4051038108331841
TURN,0.1,F,3.76836757450189,5.294947639552809,1.4051038108331841
TURN,0.1,F,3.76836757450189,5.294947639552809,1.4051038108331841
TURN,0.1,F,4.263764776191636,5.294947639552809,1.2418479718016286
TURN,0.1,F,4.263764776191636,5.294947639552809,1.2418479718016286
TURN,0.1,F,4.263764776191636,5.294947639552809,1.2418479718016286
TURN,0.1,F,4.263764776191636,5.294947639552809,1.2418479718016286
TURN,0.1,F,4.263764776191636,5.294947639552809,1.2418479718016286
TURN,0.1,F,4.263764776191636,5.294947639552809,1.2418479718016286
TURN,0.1,F,4.263764776191636,5.294947639552809,1.2418479718016286
TURN,0.1,F,4.263764776191636,5.294947639552809,1.2418479718016286
TURN,0.1,F,4.263764776191636,5.294947639552809,1.2418479718016286
TURN,0.1,F,4.263764776191636,5.294947639552809,1.2418479718016286
TURN,0.1,F,4.263764776191636,5.294947639552809,1.2418479718016286
TURN,0.1,F,4.263764776191636,5.294947639552809,1.2418479718016286
TURN,0.1,F,4.894813299307541,5.925996162668713,1.2106684770810465
TURN,0.1,F,4.894813299307541,5.925996162668713,1.2106684770810465
TURN,0.1,F,4.894813299307541,5.925996162668713,1.2106684770810465
TURN,0.1,F,4.894813299307541,5.925996162668713,1.2106684770810465
TURN,0.1,F,4.894813299307541,5.925996162668713,1.2106684770810465
TURN,0.1,F,5.262789114493845,5.925996162668713,1.126018169025314
TURN,0.1,F,5.262789114493845,5.925996162668713,1.126018169025314
TURN,0.1,F,5.262789114493845,6.707402773594691,1.2744958286704564
TURN,0.1,F,5.262789114493845,6.707402773594691,1.2744958286704564
TURN,0.1,F,5.262789114493845,6.707402773594691,1.2744958286704564
TURN,0.1,F,5.262789114493845,6.707402773594691,1.2744958286704564
TURN,0.1,F,5.262789114493845,6.707402773594691,1.2744958286704564
TURN,0.1,F,5.262789114493845,6.707402773594691,1.2744958286704564
TURN,0.1,F,5.262789114493845,6.707402773594691,1.2744958286704564
TURN,0.1,F,5.262789114493845,6.707402773594691,1.2744958286704564
TURN,0.1,F,5.262789114493845,6.707402773594691,1.2744958286704564
TURN,0.1,F,5.262789114493845,6.707402773594691,1.2744958286704564
TURN,0.1,F,6.109525399880352,7.554139058981197,1.2364526807809222
TURN,0.1,F,6.109525399880352,7.554139058981197,1.2364526807809222
TURN,0.1,F,6.109525399880352,7.554139058981197,1.2364526807809222
TURN,0.1,F,6.109525399880352,7.554139058981197,1.2364526807809222
TURN,0.1,F,6.109525399880352,7.554139058981197,1.2364526807809222
TURN,0.1,F,6.109525399880352,7.554139058981197,1.2364526807809222
TURN,0.1,F,6.109525399880352,7.554139058981197,1.2364526807809222
TURN,0.1,F,6.109525399880352,7.554139058981197,1.2364526807809222
TURN,0.1,F,6.109525399880352,7.554139058981197,1.2364526807809222
TURN,0.1,F,6.613005820495328,7.554139058981197,1.1423155013063901
TURN,0.1,F,6.613005820495328,7.554139058981197,1.1423155013063901
TURN,0.1,F,6.613005820495328,7.554139058981197,1.1423155013063901
TURN,0.1,F,6.613005820495328,7.554139058981197,1.1423155013063901
TURN,0.1,F,6.613005820495328,7.554139058981197,1.1423155013063901
TURN,0.1,F,6.613005820495328,7.554139058981197,1.1423155013063901
TURN,0.1,F,6.613005820495328,7.554139058981197,1.1423155013063901
TURN,0.1,F,6.613005820495328,7.554139058981197,1.1423155013063901
TURN,0.1,F,6.613005820495328,7.554139058981197,1.1423155013063901
TURN,0.1,F,7.207596368207455,8.148729606693324,1.1305751862905624
TURN,0.1,F,7.207596368207455,8.148729606693324,1.1305751862905624
TURN,0.1,F,7.207596368207455,8.148729606693324,1.1305751862905624
TURN,0.1,F,7.207596368207455,8.148729606693324,1.1305751862905624
TURN,0.1,F,7.207596368207455,8.148729606693324,1.1305751862905624
TURN,0.1,F,7.207596368207455,8.148729606693324,1.1305751862905624
TURN,0.1,F,7.207596368207455,8.148729606693324,1.1305751862905624
TURN,0.1,F,7.207596368207455,8.148729606693324,1.1305751862905624
TURN,0.1,F,7.207596368207455,8.148729606693324,1.1305751862905624
TURN,0.1,F,7.207596368207455,8.148729606693324,1.1305751862905624
TURN,0.1,P,0.0,0.0,
TURN,0.1,P,0.0,0.0,
TURN,0.1,P,0.0,0.0,
TURN,0.1,P,0.0,0.0,
TURN,0.1,P,1.82915080201459,1.82915080201459,1.0
TURN,0.1,P,1.82915080201459,1.82915080201459,1.0
TURN,0.1,P,1.82915080201459,1.82915080201459,1.0
TURN,0.1,P,4.0285998014477205,4.0285998014477205,1.0
TURN,0.1,P,4.0285998014477205,4.0285998014477205,1.0
TURN,0.1,P,4.0285998014477205,4.0285998014477205,1.0
TURN,0.1,P,4.0285998014477205,4.0285998014477205,1.0
TURN,0.1,P,4.0285998014477205,4.0285998014477205,1.0
TURN,0.1,P,4.0285998014477205,4.0285998014477205,1.0
TURN,0.1,P,4.0285998014477205,4.0285998014477205,1.0
TURN,0.1,P,5.776245986072864,5.776245986072864,1.0
TURN,0.1,P,5.776245986072864,5.776245986072864,1.0
TURN,0.1,P,5.776245986072864,5.776245986072864,1.0
TURN,0.1,P,5.776245986072864,5.776245986072864,1.0
TURN,0.1,P,5.776245986072864,5.776245986072864,1.0
TURN,0.1,P,5.776245986072864,5.776245986072864,1.0
TURN,0.1,P,5.776245986072864,5.776245986072864,1.0
TURN,0.1,P,5.776245986072864,5.776245986072864,1.0
TURN,0.1,P,5.776245986072864,5.776245986072864,1.0
TURN,0.1,P,5.776245986072864,5.776245986072864,1.0
TURN,0.1,P,7.856099280982635,7.856099280982635,1.0
TURN,0.1,P,7.856099280982635,7.856099280982635,1.0
TURN,0.1,P,7.856099280982635,7.856099280982635,1.0
TURN,0.1,P,7.856099280982635,9.117015871931878,1.1605016110223507
TURN,0.1,P,7.856099280982635,10.254565507428088,1.3052998874710575
TURN,0.1,P,7.856099280982635,10.254565507428088,1.3052998874710575
TURN,0.1,P,7.856099280982635,10.254565507428088,1.3052998874710575
TURN,0.1,P,7.856099280982635,11.470527728425553,1.4600792732078136
TURN,0.1,P,7.856099280982635,11.470527728425553,1.4600792732078136
TURN,0.1,P,7.856099280982635,11.470527728425553,1.4600792732078136
TURN,0.1,P,7.856099280982635,11.470527728425553,1.4600792732078136
TURN,0.1,P,7.856099280982635,11.470527728425553,1.4600792732078136
TURN,0.1,P,7.856099280982635,11.470527728425553,1.4600792732078136
TURN,0.1,P,7.856099280982635,11.470527728425553,1.4600792732078136
TURN,0.1,P,7.856099280982635,11.470527728425553,1.4600792732078136
TURN,0.1,P,9.781258043734264,11.470527728425553,1.172704745865836
TURN,0.1,P,9.781258043734264,11.470527728425553,1.172704745865836
TURN,0.1,P,9.781258043734264,11.470527728425553,1.172704745865836
TURN,0.1,P,9.781258043734264,11.470527728425553,1.172704745865836
TURN,0.1,P,9.781258043734264,11.470527728425553,1.172704745865836
TURN,0.1,P,9.781258043734264,11.470527728425553,1.172704745865836
TURN,0.1,P,9.781258043734264,11.470527728425553,1.172704745865836
TURN,0.1,P,9.781258043734264,11.470527728425553,1.172704745865836
TURN,0.1,P,9.781258043734264,11.470527728425553,1.172704745865836
TURN,0.1,P,9.781258043734264,11.470527728425553,1.172704745865836
TURN,0.1,P,9.781258043734264,11.470527728425553,1.172704745865836
TURN,0.1,P,9.781258043734264,11.470527728425553,1.172704745865836
TURN,0.1,P,9.781258043734264,11.470527728425553,1.172704745865836
TURN,0.1,P,9.781258043734264,11.470527728425553,1.172704745865836
TURN,0.1,P,9.781258043734264,11.470527728425553,1.172704745865836
TURN,0.1,P,9.781258043734264,11.470527728425553,1.172704745865836
TURN,0.1,P,9.781258043734264,11.470527728425553,1.172704745865836
TURN,0.1,P,9.781258043734264,11.470527728425553,1.172704745865836
TURN,0.1,P,9.781258043734264,11.470527728425553,1.172704745865836
TURN,0.1,P,9.781258043734264,11.470527728425553,1.172704745865836
TURN,0.1,P,9.781258043734264,11.470527728425553,1.172704745865836
TURN,0.1,P,12.147218364722502,13.836488049413791,1.139066379970348
TURN,0.1,P,12.147218364722502,13.836488049413791,1.139066379970348
TURN,0.1,P,12.147218364722502,13.836488049413791,1.139066379970348
TURN,0.1,P,14.460539198231755,13.836488049413791,0.9568445449880407
TURN,0.1,P,14.460539198231755,13.836488049413791,0.9568445449880407
TURN,0.1,P,14.460539198231755,13.836488049413791,0.9568445449880407
TURN,0.1,P,14.460539198231755,13.836488049413791,0.9568445449880407
TURN,0.1,P,14.460539198231755,13.836488049413791,0.9568445449880407
TURN,0.1,P,14.460539198231755,13.836488049413791,0.9568445449880407
TURN,0.1,P,14.460539198231755,13.836488049413791,0.9568445449880407
TURN,0.1,P,14.460539198231755,13.836488049413791,0.9568445449880407
TURN,0.1,P,14.460539198231755,13.836488049413791,0.9568445449880407
TURN,0.1,P,14.460539198231755,13.836488049413791,0.9568445449880407
TURN,0.1,P,14.460539198231755,13.836488049413791,0.9568445449880407
TURN,0.1,P,14.460539198231755,13.836488049413791,0.9568445449880407
TURN,0.1,P,17.117809037534077,16.493757888716114,0.9635437486509161
TURN,0.1,P,17.117809037534077,16.493757888716114,0.9635437486509161
TURN,0.1,P,17.117809037534077,16.493757888716114,0.9635437486509161
TURN,0.1,P,17.117809037534077,16.493757888716114,0.9635437486509161
TURN,0.1,P,17.117809037534077,16.493757888716114,0.9635437486509161
TURN,0.1,P,18.783483840829298,16.493757888716114,0.8780989739967168
TURN,0.1,P,18.783483840829298,16.493757888716114,0.8780989739967168
TURN,0.1,P,18.783483840829298,17.391396199780605,0.9258876759580276
TURN,0.1,P,18.783483840829298,17.391396199780605,0.9258876759580276
TURN,0.1,P,18.783483840829298,17.391396199780605,0.9258876759580276
TURN,0.1,P,18.783483840829298,17.391396199780605,0.9258876759580276
TURN,0.1,P,18.783483840829298,17.391396199780605,0.9258876759580276
TURN,0.1,P,18.783483840829298,17.391396199780605,0.9258876759580276
TURN,0.1,P,18.783483840829298,17.391396199780605,0.9258876759580276
TURN,0.1,P,18.783483840829298,17.391396199780605,0.9258876759580276
TURN,0.1,P,18.783483840829298,17.391396199780605,0.9258876759580276
TURN,0.1,P,18.783483840829298,17.391396199780605,0.9258876759580276
TURN,0.1,P,20.184430155163557,18.792342514114864,0.9310316104865328
TURN,0.1,P,20.184430155163557,18.792342514114864,0.9310316104865328
TURN,0.1,P,20.184430155163557,18.792342514114864,0.9310316104865328
TURN,0.1,P,20.184430155163557,18.792342514114864,0.9310316104865328
TURN,0.1,P,20.184430155163557,18.792342514114864,0.9310316104865328
TURN,0.1,P,20.184430155163557,18.792342514114864,0.9310316104865328
TURN,0.1,P,20.184430155163557,18.792342514114864,0.9310316104865328
TURN,0.1,P,20.184430155163557,18.792342514114864,0.9310316104865328
TURN,0.1,P,20.184430155163557,18.792342514114864,0.9310316104865328
TURN,0.1,P,21.74869744555965,18.792342514114864,0.8640674946697383
TURN,0.1,P,21.74869744555965,18.792342514114864,0.8640674946697383
TURN,0.1,P,21.74869744555965,18.792342514114864,0.8640674946697383
TURN,0.1,P,21.74869744555965,18.792342514114864,0.8640674946697383
TURN,0.1,P,21.74869744555965,18.792342514114864,0.8640674946697383
TURN,0.1,P,21.74869744555965,18.792342514114864,0.8640674946697383
TURN,0.1,P,21.74869744555965,18.792342514114864,0.8640674946697383
TURN,0.1,P,21.74869744555965,18.792342514114864,0.8640674946697383
TURN,0.1,P,21.74869744555965,18.792342514114864,0.8640674946697383
TURN,0.1,P,23.975706512985703,21.019351581540917,0.8766937303873166
TURN,0.1,P,23.975706512985703,21.019351581540917,0.8766937303873166
TURN,0.1,P,23.975706512985703,21.019351581540917,0.8766937303873166
TURN,0.1,P,23.975706512985703,21.019351581540917,0.8766937303873166
TURN,0.1,P,23.975706512985703,21.019351581540917,0.8766937303873166
TURN,0.1,P,23.975706512985703,21.019351581540917,0.8766937303873166
TURN,0.1,P,23.975706512985703,21.019351581540917,0.8766937303873166
TURN,0.1,P,23.975706512985703,21.019351581540917,0.8766937303873166
TURN,0.1,P,23.975706512985703,21.019351581540917,0.8766937303873166
TURN,0.1,P,23.975706512985703,21.019351581540917,0.8766937303873166
TURN,0.1,R,0.0,0.0,
TURN,0.1,R,0.0,0.0,
TURN,0.1,R,0.0,0.0,
TURN,0.1,R,0.0,0.0,
TURN,0.1,R,0.42963040823815396,0.42963040823815396,1.0
TURN,0.1,R,0.42963040823815396,0.42963040823815396,1.0
TURN,0.1,R,0.42963040823815396,0.42963040823815396,1.0
TURN,0.1,R,0.5579333069850692,0.5579333069850692,1.0
TURN,0.1,R,0.5579333069850692,0.5579333069850692,1.0
TURN,0.1,R,0.5579333069850692,0.5579333069850692,1.0
TURN,0.1,R,0.5579333069850692,0.5579333069850692,1.0
TURN,0.1,R,0.5579333069850692,0.5579333069850692,1.0
TURN,0.1,R,0.5579333069850692,0.5579333069850692,1.0
TURN,0.1,R,0.5579333069850692,0.5579333069850692,1.0
TURN,0.1,R,0.5579333069850692,0.5579333069850692,1.0
TURN,0.1,R,0.5579333069850692,0.5579333069850692,1.0
TURN,0.1,R,0.5579333069850692,0.5579333069850692,1.0
TURN,0.1,R,0.5579333069850692,0.5579333069850692,1.0
TURN,0.1,R,0.5579333069850692,0.5579333069850692,1.0
TURN,0.1,R,0.5579333069850692,0.5579333069850692,1.0
TURN,0.1,R,0.5579333069850692,0.5579333069850692,1.0
TURN,0.1,R,0.5579333069850692,0.5579333069850692,1.0
TURN,0.1,R,0.5579333069850692,0.5579333069850692,1.0
TURN,0.1,R,0.5579333069850692,0.5579333069850692,1.0
TURN,0.1,R,1.0816934936796314,1.0816934936796314,1.0
TURN,0.1,R,1.0816934936796314,1.0816934936796314,1.0
TURN,0.1,R,1.0816934936796314,1.0816934936796314,1.0
TURN,0.1,R,1.0816934936796314,1.0816934936796314,1.0
TURN,0.1,R,1.0816934936796314,1.1795163958435295,1.0904349547588854
TURN,0.1,R,1.0816934936796314,1.1795163958435295,1.0904349547588854
TURN,0.1,R,1.0816934936796314,1.1795163958435295,1.0904349547588854
TURN,0.1,R,1.0816934936796314,1.1795163958435295,1.0904349547588854
TURN,0.1,R,1.0816934936796314,1.1795163958435295,1.0904349547588854
TURN,0.1,R,1.0816934936796314,1.1795163958435295,1.0904349547588854
TURN,0.1,R,1.0816934936796314,1.1795163958435295,1.0904349547588854
TURN,0.1,R,1.0816934936796314,1.1795163958435295,1.0904349547588854
TURN,0.1,R,1.0816934936796314,1.1795163958435295,1.0904349547588854
TURN,0.1,R,1.0816934936796314,1.1795163958435295,1.0904349547588854
TURN,0.1,R,1.0816934936796314,1.1795163958435295,1.0904349547588854
TURN,0.1,R,1.0816934936796314,1.1795163958435295,1.0904349547588854
TURN,0.1,R,1.0816934936796314,1.1795163958435295,1.0904349547588854
TURN,0.1,R,1.0816934936796314,1.1795163958435295,1.0904349547588854
TURN,0.1,R,1.0816934936796314,1.1795163958435295,1.0904349547588854
TURN,0.1,R,1.0816934936796314,1.1795163958435295,1.0904349547588854
TURN,0.1,R,1.0816934936796314,1.1795163958435295,1.0904349547588854
TURN,0.1,R,1.0816934936796314,1.1795163958435295,1.0904349547588854
TURN,0.1,R,1.0816934936796314,1.1795163958435295,1.0904349547588854
TURN,0.1,R,1.0816934936796314,1.1795163958435295,1.0904349547588854
TURN,0.1,R,1.0816934936796314,1.1795163958435295,1.0904349547588854
TURN,0.1,R,1.0816934936796314,1.1795163958435295,1.0904349547588854
TURN,0.1,R,1.0816934936796314,1.1795163958435295,1.0904349547588854
TURN,0.1,R,1.0816934936796314,1.1795163958435295,1.0904349547588854
TURN,0.1,R,1.0816934936796314,1.1795163958435295,1.0904349547588854
TURN,0.1,R,1.0816934936796314,1.1795163958435295,1.0904349547588854
TURN,0.1,R,1.0816934936796314,1.1795163958435295,1.0904349547588854
TURN,0.1,R,1.0816934936796314,1.1795163958435295,1.0904349547588854
TURN,0.1,R,1.0816934936796314,1.1795163958435295,1.0904349547588854
TURN,0.1,R,1.0816934936796314,1.1795163958435295,1.0904349547588854
TURN,0.1,R,1.0816934936796314,1.1795163958435295,1.0904349547588854
TURN,0.1,R,1.0816934936796314,1.1795163958435295,1.0904349547588854
TURN,0.1,R,1.6979367440915667,1.7957596462554648,1.0576128071344821
TURN,0.1,R,1.6979367440915667,1.7957596462554648,1.0576128071344821
TURN,0.1,R,1.6979367440915667,1.7957596462554648,1.0576128071344821
TURN,0.1,R,2.1884180291934174,1.7957596462554648,0.8205743246034789
TURN,0.1,R,2.1884180291934174,1.7957596462554648,0.8205743246034789
TURN,0.1,R,2.1884180291934174,1.7957596462554648,0.8205743246034789
TURN,0.1,R,2.1884180291934174,1.7957596462554648,0.8205743246034789
TURN,0.1,R,2.1884180291934174,1.7957596462554648,0.8205743246034789
TURN,0.1,R,2.1884180291934174,1.7957596462554648,0.8205743246034789
TURN,0.1,R,2.1884180291934174,1.7957596462554648,0.8205743246034789
TURN,0.1,R,2.1884180291934174,1.7957596462554648,0.8205743246034789
TURN,0.1,R,2.1884180291934174,1.7957596462554648,0.8205743246034789
TURN,0.1,R,2.1884180291934174,1.7957596462554648,0.8205743246034789
TURN,0.1,R,2.1884180291934174,1.7957596462554648,0.8205743246034789
TURN,0.1,R,2.1884180291934174,1.7957596462554648,0.8205743246034789
TURN,0.1,R,2.4856388586020333,2.0929804756640804,0.8420291903712872
TURN,0.1,R,2.4856388586020333,2.0929804756640804,0.8420291903712872
TURN,0.1,R,2.4856388586020333,2.0929804756640804,0.8420291903712872
TURN,0.1,R,2.4856388586020333,2.0929804756640804,0.8420291903712872
TURN,0.1,R,2.4856388586020333,2.0929804756640804,0.8420291903712872
TURN,0.1,R,2.563680925386143,2.0929804756640804,0.8163966330360845
TURN,0.1,R,2.563680925386143,2.0929804756640804,0.8163966330360845
TURN,0.1,R,2.563680925386143,2.1654368351548325,0.8446592607185207
TURN,0.1,R,2.563680925386143,2.1654368351548325,0.8446592607185207
TURN,0.1,R,2.563680925386143,2.1654368351548325,0.8446592607185207
TURN,0.1,R,2.563680925386143,2.1654368351548325,0.8446592607185207
TURN,0.1,R,2.563680925386143,2.1654368351548325,0.8446592607185207
TURN,0.1,R,2.563680925386143,2.1654368351548325,0.8446592607185207
TURN,0.1,R,2.563680925386143,2.1654368351548325,0.8446592607185207
TURN,0.1,R,2.563680925386143,2.1654368351548325,0.8446592607185207
TURN,0.1,R,2.563680925386143,2.1654368351548325,0.8446592607185207
TURN,0.1,R,2.563680925386143,2.1654368351548325,0.8446592607185207
TURN,0.1,R,2.746520518048783,2.3482764278174724,0.8550005042328116
TURN,0.1,R,2.746520518048783,2.3482764278174724,0.8550005042328116
TURN,0.1,R,2.746520518048783,2.3482764278174724,0.8550005042328116
TURN,0.1,R,2.746520518048783,2.3482764278174724,0.8550005042328116
TURN,0.1,R,2.746520518048783,2.3482764278174724,0.8550005042328116
TURN,0.1,R,2.746520518048783,2.3482764278174724,0.8550005042328116
TURN,0.1,R,2.746520518048783,2.3482764278174724,0.8550005042328116
TURN,0.1,R,2.746520518048783,2.3482764278174724,0.8550005042328116
TURN,0.1,R,2.746520518048783,2.3482764278174724,0.8550005042328116
TURN,0.1,R,2.746520518048783,2.3482764278174724,0.8550005042328116
TURN,0.1,R,2.746520518048783,2.3482764278174724,0.8550005042328116
TURN,0.1,R,2.746520518048783,2.3482764278174724,0.8550005042328116
TURN,0.1,R,2.746520518048783,2.3482764278174724,0.8550005042328116
TURN,0.1,R,2.746520518048783,2.3482764278174724,0.8550005042328116
TURN,0.1,R,2.746520518048783,2.3482764278174724,0.8550005042328116
TURN,0.1,R,2.746520518048783,2.3482764278174724,0.8550005042328116
TURN,0.1,R,2.746520518048783,2.3482764278174724,0.8550005042328116
TURN,0.1,R,2.746520518048783,2.3482764278174724,0.8550005042328116
TURN,0.1,R,2.7708030796638923,2.372558989432582,0.8562712402212218
TURN,0.1,R,2.7708030796638923,2.372558989432582,0.8562712402212218
TURN,0.1,R,2.7708030796638923,2.372558989432582,0.8562712402212218
TURN,0.1,R,2.7708030796638923,2.372558989432582,0.8562712402212218
TURN,0.1,R,2.7708030796638923,2.372558989432582,0.8562712402212218
TURN,0.1,R,2.7708030796638923,2.372558989432582,0.8562712402212218
TURN,0.1,R,2.7708030796638923,2.372558989432582,0.8562712402212218
TURN,0.1,R,2.7708030796638923,2.372558989432582,0.8562712402212218
TURN,0.1,R,2.7708030796638923,2.372558989432582,0.8562712402212218
TURN,0.1,R,2.7708030796638923,2.372558989432582,0.8562712402212218
TURN,0.1,F_continuity,0.0,0.0,
TURN,0.1,F_continuity,0.0,0.0,
TURN,0.1,F_continuity,0.0,0.0,
TURN,0.1,F_continuity,0.0,0.0,
TURN,0.1,F_continuity,0.0,0.0,
TURN,0.1,F_continuity,0.0,0.0,
TURN,0.1,F_continuity,0.0,0.0,
TURN,0.1,F_continuity,0.0,0.0,
TURN,0.1,F_continuity,0.0,0.0,
TURN,0.1,F_continuity,0.0,0.0,
TURN,0.1,F_continuity,0.0,0.0,
TURN,0.1,F_continuity,0.0,0.0,
TURN,0.1,F_continuity,0.0,0.0,
TURN,0.1,F_continuity,0.0,0.0,
TURN,0.1,F_continuity,0.0,0.0,
TURN,0.1,F_continuity,0.0,0.0,
TURN,0.1,F_continuity,0.0,0.0,
TURN,0.1,F_continuity,0.0,0.0,
TURN,0.1,F_continuity,0.0,0.0,
TURN,0.1,F_continuity,0.0,0.0,
TURN,0.1,F_continuity,0.0,0.0,
TURN,0.1,F_continuity,0.0,0.0,
TURN,0.1,F_continuity,0.0,0.0,
TURN,0.1,F_continuity,0.0,0.0,
TURN,0.1,F_continuity,0.0,0.0,
TURN,0.1,F_continuity,0.0,0.0,
TURN,0.1,F_continuity,0.0,0.0,
TURN,0.1,F_continuity,0.0,0.0,
TURN,0.1,F_continuity,0.0,0.0,
TURN,0.1,F_continuity,0.0,0.0,
TURN,0.1,F_continuity,0.0,0.0,
TURN,0.1,F_continuity,0.0,0.0,
TURN,0.1,F_continuity,0.0,0.0,
TURN,0.1,F_continuity,0.0,0.0,
TURN,0.1,F_continuity,0.0,0.0,
TURN,0.1,F_continuity,0.0,0.0,
TURN,0.1,F_continuity,0.0,0.0,
TURN,0.1,F_continuity,0.0,0.0,
TURN,0.1,F_continuity,0.0,0.0,
TURN,0.1,F_continuity,0.0,0.0,
TURN,0.1,F_continuity,0.0,0.0,
TURN,0.1,F_continuity,0.0,0.0,
TURN,0.1,F_continuity,0.0,0.0,
TURN,0.1,F_continuity,0.0,0.0,
TURN,0.1,F_continuity,0.0,0.0,
TURN,0.1,F_continuity,0.0,0.0,
TURN,0.1,F_continuity,0.0,0.0,
TURN,0.1,F_continuity,0.0,0.0,
TURN,0.1,F_continuity,0.0,0.0,
TURN,0.1,F_continuity,0.0,0.0,
TURN,0.1,F_continuity,0.0,0.0,
TURN,0.1,F_continuity,0.0,0.0,
TURN,0.1,F_continuity,0.0,0.0,
TURN,0.1,F_continuity,0.0,0.0,
TURN,0.1,F_continuity,0.0,0.0,
TURN,0.1,F_continuity,0.0,0.0,
TURN,0.1,F_continuity,0.0,0.0,
TURN,0.1,F_continuity,0.0,0.0,
TURN,0.1,F_continuity,0.0,0.0,
TURN,0.1,F_continuity,0.0,0.0,
TURN,0.1,F_continuity,0.0,0.0,
TURN,0.1,F_continuity,0.0,0.0,
TURN,0.1,F_continuity,0.0,0.0,
TURN,0.1,F_continuity,0.0,0.0,
TURN,0.1,F_continuity,0.0,0.0,
TURN,0.1,F_continuity,0.0,0.0,
TURN,0.1,F_continuity,0.0,0.0,
TURN,0.1,F_continuity,0.0,0.0,
TURN,0.1,F_continuity,0.0,0.0,
TURN,0.1,F_continuity,0.0,0.0,
TURN,0.1,F_continuity,0.0,0.0,
TURN,0.1,F_continuity,0.0,0.0,
TURN,0.1,F_continuity,0.0,0.0,
TURN,0.1,F_continuity,0.0,0.0,
TURN,0.1,F_continuity,0.0,0.0,
TURN,0.1,F_continuity,0.0,0.0,
TURN,0.1,F_continuity,0.0,0.0,
TURN,0.1,F_continuity,0.0,0.0,
TURN,0.1,F_continuity,0.0,0.0,
TURN,0.1,F_continuity,0.0,0.0,
TURN,0.1,F_continuity,0.0,0.0,
TURN,0.1,F_continuity,0.0,0.0,
TURN,0.1,F_continuity,0.0,0.0,
TURN,0.1,F_continuity,0.0,0.0,
TURN,0.1,F_continuity,0.0,0.0,
TURN,0.1,F_continuity,0.0,0.0,
TURN,0.1,F_continuity,0.0,0.0,
TURN,0.1,F_continuity,0.0,0.0,
TURN,0.1,F_continuity,0.0,0.0,
TURN,0.1,F_continuity,0.0,0.0,
TURN,0.1,F_continuity,0.0,0.0,
TURN,0.1,F_continuity,0.0,0.0,
TURN,0.1,F_continuity,0.0,0.0,
TURN,0.1,F_continuity,0.0,0.0,
TURN,0.1,F_continuity,0.0,0.0,
TURN,0.1,F_continuity,0.0,0.0,
TURN,0.1,F_continuity,0.0,0.0,
TURN,0.1,F_continuity,0.0,0.0,
TURN,0.1,F_continuity,0.0,0.0,
TURN,0.1,F_continuity,0.0,0.0,
TURN,0.1,F_continuity,0.0,0.0,
TURN,0.1,F_continuity,0.0,0.0,
TURN,0.1,F_continuity,0.0,0.0,
TURN,0.1,F_continuity,0.0,0.0,
TURN,0.1,F_continuity,0.0,0.0,
TURN,0.1,F_continuity,0.0,0.0,
TURN,0.1,F_continuity,0.0,0.0,
TURN,0.1,F_continuity,0.0,0.0,
TURN,0.1,F_continuity,0.0,0.0,
TURN,0.1,F_continuity,0.0,0.0,
TURN,0.1,F_continuity,0.0,0.0,
TURN,0.1,F_continuity,0.0,0.0,
TURN,0.1,F_continuity,0.0,0.0,
TURN,0.1,F_continuity,0.0,0.0,
TURN,0.1,F_continuity,0.0,0.0,
TURN,0.1,F_continuity,0.0,0.0,
TURN,0.1,F_continuity,0.0,0.0,
TURN,0.1,F_continuity,0.0,0.0,
TURN,0.1,F_continuity,0.0,0.0,
TURN,0.1,F_continuity,0.0,0.0,
TURN,0.1,F_execution,0.0,0.0,
TURN,0.1,F_execution,0.0,0.0,
TURN,0.1,F_execution,0.0,0.0,
TURN,0.1,F_execution,0.0,0.0,
TURN,0.1,F_execution,0.6346994316897026,0.6346994316897026,1.0
TURN,0.1,F_execution,0.6346994316897026,0.6346994316897026,1.0
TURN,0.1,F_execution,0.6346994316897026,0.6346994316897026,1.0
TURN,0.1,F_execution,1.2792246310919462,1.2792246310919462,1.0
TURN,0.1,F_execution,1.2792246310919462,1.2792246310919462,1.0
TURN,0.1,F_execution,1.2792246310919462,1.2792246310919462,1.0
TURN,0.1,F_execution,1.2792246310919462,1.2792246310919462,1.0
TURN,0.1,F_execution,1.2792246310919462,1.2792246310919462,1.0
TURN,0.1,F_execution,1.2792246310919462,1.2792246310919462,1.0
TURN,0.1,F_execution,1.2792246310919462,1.2792246310919462,1.0
TURN,0.1,F_execution,2.273170354690057,2.273170354690057,1.0
TURN,0.1,F_execution,2.273170354690057,2.273170354690057,1.0
TURN,0.1,F_execution,2.273170354690057,2.273170354690057,1.0
TURN,0.1,F_execution,2.273170354690057,2.273170354690057,1.0
TURN,0.1,F_execution,2.273170354690057,2.273170354690057,1.0
TURN,0.1,F_execution,2.273170354690057,2.273170354690057,1.0
TURN,0.1,F_execution,2.273170354690057,2.273170354690057,1.0
TURN,0.1,F_execution,2.273170354690057,2.273170354690057,1.0
TURN,0.1,F_execution,2.273170354690057,2.273170354690057,1.0
TURN,0.1,F_execution,2.273170354690057,2.273170354690057,1.0
TURN,0.1,F_execution,2.986113507378939,2.986113507378939,1.0
TURN,0.1,F_execution,2.986113507378939,2.986113507378939,1.0
TURN,0.1,F_execution,2.986113507378939,2.986113507378939,1.0
TURN,0.1,F_execution,2.986113507378939,3.671618638398821,1.2295643247739716
TURN,0.1,F_execution,2.986113507378939,4.310315412294157,1.4434533053224545
TURN,0.1,F_execution,2.986113507378939,4.310315412294157,1.4434533053224545
TURN,0.1,F_execution,2.986113507378939,4.310315412294157,1.4434533053224545
TURN,0.1,F_execution,2.986113507378939,5.082988939563413,1.7022088835548006
TURN,0.1,F_execution,2.986113507378939,5.082988939563413,1.7022088835548006
TURN,0.1,F_execution,2.986113507378939,5.082988939563413,1.7022088835548006
TURN,0.1,F_execution,2.986113507378939,5.082988939563413,1.7022088835548006
TURN,0.1,F_execution,2.986113507378939,5.082988939563413,1.7022088835548006
TURN,0.1,F_execution,2.986113507378939,5.082988939563413,1.7022088835548006
TURN,0.1,F_execution,2.986113507378939,5.082988939563413,1.7022088835548006
TURN,0.1,F_execution,2.986113507378939,5.082988939563413,1.7022088835548006
TURN,0.1,F_execution,3.4049042195371895,5.082988939563413,1.492843443406557
TURN,0.1,F_execution,3.4049042195371895,5.082988939563413,1.492843443406557
TURN,0.1,F_execution,3.4049042195371895,5.082988939563413,1.492843443406557
TURN,0.1,F_execution,3.4049042195371895,5.082988939563413,1.492843443406557
TURN,0.1,F_execution,3.4049042195371895,5.082988939563413,1.492843443406557
TURN,0.1,F_execution,3.4049042195371895,5.082988939563413,1.492843443406557
TURN,0.1,F_execution,3.4049042195371895,5.082988939563413,1.492843443406557
TURN,0.1,F_execution,3.4049042195371895,5.082988939563413,1.492843443406557
TURN,0.1,F_execution,3.4049042195371895,5.082988939563413,1.492843443406557
TURN,0.1,F_execution,3.4049042195371895,5.082988939563413,1.492843443406557
TURN,0.1,F_execution,3.4049042195371895,5.082988939563413,1.492843443406557
TURN,0.1,F_execution,3.4049042195371895,5.082988939563413,1.492843443406557
TURN,0.1,F_execution,3.4049042195371895,5.082988939563413,1.492843443406557
TURN,0.1,F_execution,3.4049042195371895,5.082988939563413,1.492843443406557
TURN,0.1,F_execution,3.4049042195371895,5.082988939563413,1.492843443406557
TURN,0.1,F_execution,3.4049042195371895,5.082988939563413,1.492843443406557
TURN,0.1,F_execution,3.4049042195371895,5.082988939563413,1.492843443406557
TURN,0.1,F_execution,3.4049042195371895,5.082988939563413,1.492843443406557
TURN,0.1,F_execution,3.4049042195371895,5.082988939563413,1.492843443406557
TURN,0.1,F_execution,3.4049042195371895,5.082988939563413,1.492843443406557
TURN,0.1,F_execution,3.4049042195371895,5.082988939563413,1.492843443406557
TURN,0.1,F_execution,3.8726423523925515,5.550727072418775,1.4333177627387896
TURN,0.1,F_execution,3.8726423523925515,5.550727072418775,1.4333177627387896
TURN,0.1,F_execution,3.8726423523925515,5.550727072418775,1.4333177627387896
TURN,0.1,F_execution,4.332253819991927,5.550727072418775,1.2812562012881135
TURN,0.1,F_execution,4.332253819991927,5.550727072418775,1.2812562012881135
TURN,0.1,F_execution,4.332253819991927,5.550727072418775,1.2812562012881135
TURN,0.1,F_execution,4.332253819991927,5.550727072418775,1.2812562012881135
TURN,0.1,F_execution,4.332253819991927,5.550727072418775,1.2812562012881135
TURN,0.1,F_execution,4.332253819991927,5.550727072418775,1.2812562012881135
TURN,0.1,F_execution,4.332253819991927,5.550727072418775,1.2812562012881135
TURN,0.1,F_execution,4.332253819991927,5.550727072418775,1.2812562012881135
TURN,0.1,F_execution,4.332253819991927,5.550727072418775,1.2812562012881135
TURN,0.1,F_execution,4.332253819991927,5.550727072418775,1.2812562012881135
TURN,0.1,F_execution,4.332253819991927,5.550727072418775,1.2812562012881135
TURN,0.1,F_execution,4.332253819991927,5.550727072418775,1.2812562012881135
TURN,0.1,F_execution,4.978377951341337,6.196851203768185,1.244753063012934
TURN,0.1,F_execution,4.978377951341337,6.196851203768185,1.244753063012934
TURN,0.1,F_execution,4.978377951341337,6.196851203768185,1.244753063012934
TURN,0.1,F_execution,4.978377951341337,6.196851203768185,1.244753063012934
TURN,0.1,F_execution,4.978377951341337,6.196851203768185,1.244753063012934
TURN,0.1,F_execution,5.372787733625359,6.196851203768185,1.153377261674691
TURN,0.1,F_execution,5.372787733625359,6.196851203768185,1.153377261674691
TURN,0.1,F_execution,5.372787733625359,7.0516629271135765,1.3124774840779674
TURN,0.1,F_execution,5.372787733625359,7.0516629271135765,1.3124774840779674
TURN,0.1,F_execution,5.372787733625359,7.0516629271135765,1.3124774840779674
TURN,0.1,F_execution,5.372787733625359,7.0516629271135765,1.3124774840779674
TURN,0.1,F_execution,5.372787733625359,7.0516629271135765,1.3124774840779674
TURN,0.1,F_execution,5.372787733625359,7.0516629271135765,1.3124774840779674
TURN,0.1,F_execution,5.372787733625359,7.0516629271135765,1.3124774840779674
TURN,0.1,F_execution,5.372787733625359,7.0516629271135765,1.3124774840779674
TURN,0.1,F_execution,5.372787733625359,7.0516629271135765,1.3124774840779674
TURN,0.1,F_execution,5.372787733625359,7.0516629271135765,1.3124774840779674
TURN,0.1,F_execution,6.279746644672841,7.958621838161058,1.2673475999087351
TURN,0.1,F_execution,6.279746644672841,7.958621838161058,1.2673475999087351
TURN,0.1,F_execution,6.279746644672841,7.958621838161058,1.2673475999087351
TURN,0.1,F_execution,6.279746644672841,7.958621838161058,1.2673475999087351
TURN,0.1,F_execution,6.279746644672841,7.958621838161058,1.2673475999087351
TURN,0.1,F_execution,6.279746644672841,7.958621838161058,1.2673475999087351
TURN,0.1,F_execution,6.279746644672841,7.958621838161058,1.2673475999087351
TURN,0.1,F_execution,6.279746644672841,7.958621838161058,1.2673475999087351
TURN,0.1,F_execution,6.279746644672841,7.958621838161058,1.2673475999087351
TURN,0.1,F_execution,6.839169334245036,7.958621838161058,1.163682524763747
TURN,0.1,F_execution,6.839169334245036,7.958621838161058,1.163682524763747
TURN,0.1,F_execution,6.839169334245036,7.958621838161058,1.163682524763747
TURN,0.1,F_execution,6.839169334245036,7.958621838161058,1.163682524763747
TURN,0.1,F_execution,6.839169334245036,7.958621838161058,1.163682524763747
TURN,0.1,F_execution,6.839169334245036,7.958621838161058,1.163682524763747
TURN,0.1,F_execution,6.839169334245036,7.958621838161058,1.163682524763747
TURN,0.1,F_execution,6.839169334245036,7.958621838161058,1.163682524763747
TURN,0.1,F_execution,6.839169334245036,7.958621838161058,1.163682524763747
TURN,0.1,F_execution,7.495328727700157,8.61478123161618,1.1493533565484475
TURN,0.1,F_execution,7.495328727700157,8.61478123161618,1.1493533565484475
TURN,0.1,F_execution,7.495328727700157,8.61478123161618,1.1493533565484475
TURN,0.1,F_execution,7.495328727700157,8.61478123161618,1.1493533565484475
TURN,0.1,F_execution,7.495328727700157,8.61478123161618,1.1493533565484475
TURN,0.1,F_execution,7.495328727700157,8.61478123161618,1.1493533565484475
TURN,0.1,F_execution,7.495328727700157,8.61478123161618,1.1493533565484475
TURN,0.1,F_execution,7.495328727700157,8.61478123161618,1.1493533565484475
TURN,0.1,F_execution,7.495328727700157,8.61478123161618,1.1493533565484475
TURN,0.1,F_execution,7.495328727700157,8.61478123161618,1.1493533565484475
TURN,0.1,F_propagation,0.0,0.0,
TURN,0.1,F_propagation,0.0,0.0,
TURN,0.1,F_propagation,0.0,0.0,
TURN,0.1,F_propagation,0.0,0.0,
TURN,0.1,F_propagation,1.2938042379915713,1.2938042379915713,1.0
TURN,0.1,F_propagation,1.2938042379915713,1.2938042379915713,1.0
TURN,0.1,F_propagation,1.2938042379915713,1.2938042379915713,1.0
TURN,0.1,F_propagation,2.4536485263488426,2.4536485263488426,1.0
TURN,0.1,F_propagation,2.4536485263488426,2.4536485263488426,1.0
TURN,0.1,F_propagation,2.4536485263488426,2.4536485263488426,1.0
TURN,0.1,F_propagation,2.4536485263488426,2.4536485263488426,1.0
TURN,0.1,F_propagation,2.4536485263488426,2.4536485263488426,1.0
TURN,0.1,F_propagation,2.4536485263488426,2.4536485263488426,1.0
TURN,0.1,F_propagation,2.4536485263488426,2.4536485263488426,1.0
TURN,0.1,F_propagation,4.143356256465631,4.143356256465631,1.0
TURN,0.1,F_propagation,4.143356256465631,4.143356256465631,1.0
TURN,0.1,F_propagation,4.143356256465631,4.143356256465631,1.0
TURN,0.1,F_propagation,4.143356256465631,4.143356256465631,1.0
TURN,0.1,F_propagation,4.143356256465631,4.143356256465631,1.0
TURN,0.1,F_propagation,4.143356256465631,4.143356256465631,1.0
TURN,0.1,F_propagation,4.143356256465631,4.143356256465631,1.0
TURN,0.1,F_propagation,4.143356256465631,4.143356256465631,1.0
TURN,0.1,F_propagation,4.143356256465631,4.143356256465631,1.0
TURN,0.1,F_propagation,4.143356256465631,4.143356256465631,1.0
TURN,0.1,F_propagation,5.617239709384011,5.617239709384011,1.0
TURN,0.1,F_propagation,5.617239709384011,5.617239709384011,1.0
TURN,0.1,F_propagation,5.617239709384011,5.617239709384011,1.0
TURN,0.1,F_propagation,5.617239709384011,6.78259843211781,1.2074610988715653
TURN,0.1,F_propagation,5.617239709384011,7.917294398821831,1.4094635102709627
TURN,0.1,F_propagation,5.617239709384011,7.917294398821831,1.4094635102709627
TURN,0.1,F_propagation,5.617239709384011,7.917294398821831,1.4094635102709627
TURN,0.1,F_propagation,5.617239709384011,9.230839395179567,1.6433052304602158
TURN,0.1,F_propagation,5.617239709384011,9.230839395179567,1.6433052304602158
TURN,0.1,F_propagation,5.617239709384011,9.230839395179567,1.6433052304602158
TURN,0.1,F_propagation,5.617239709384011,9.230839395179567,1.6433052304602158
TURN,0.1,F_propagation,5.617239709384011,9.230839395179567,1.6433052304602158
TURN,0.1,F_propagation,5.617239709384011,9.230839395179567,1.6433052304602158
TURN,0.1,F_propagation,5.617239709384011,9.230839395179567,1.6433052304602158
TURN,0.1,F_propagation,5.617239709384011,9.230839395179567,1.6433052304602158
TURN,0.1,F_propagation,6.329183920053037,9.230839395179567,1.4584564948307293
TURN,0.1,F_propagation,6.329183920053037,9.230839395179567,1.4584564948307293
TURN,0.1,F_propagation,6.329183920053037,9.230839395179567,1.4584564948307293
TURN,0.1,F_propagation,6.329183920053037,9.230839395179567,1.4584564948307293
TURN,0.1,F_propagation,6.329183920053037,9.230839395179567,1.4584564948307293
TURN,0.1,F_propagation,6.329183920053037,9.230839395179567,1.4584564948307293
TURN,0.1,F_propagation,6.329183920053037,9.230839395179567,1.4584564948307293
TURN,0.1,F_propagation,6.329183920053037,9.230839395179567,1.4584564948307293
TURN,0.1,F_propagation,6.329183920053037,9.230839395179567,1.4584564948307293
TURN,0.1,F_propagation,6.329183920053037,9.230839395179567,1.4584564948307293
TURN,0.1,F_propagation,6.329183920053037,9.230839395179567,1.4584564948307293
TURN,0.1,F_propagation,6.329183920053037,9.230839395179567,1.4584564948307293
TURN,0.1,F_propagation,6.329183920053037,9.230839395179567,1.4584564948307293
TURN,0.1,F_propagation,6.329183920053037,9.230839395179567,1.4584564948307293
TURN,0.1,F_propagation,6.329183920053037,9.230839395179567,1.4584564948307293
TURN,0.1,F_propagation,6.329183920053037,9.230839395179567,1.4584564948307293
TURN,0.1,F_propagation,6.329183920053037,9.230839395179567,1.4584564948307293
TURN,0.1,F_propagation,6.329183920053037,9.230839395179567,1.4584564948307293
TURN,0.1,F_propagation,6.329183920053037,9.230839395179567,1.4584564948307293
TURN,0.1,F_propagation,6.329183920053037,9.230839395179567,1.4584564948307293
TURN,0.1,F_propagation,6.329183920053037,9.230839395179567,1.4584564948307293
TURN,0.1,F_propagation,7.43246037111312,10.33411584623965,1.3904030873012196
TURN,0.1,F_propagation,7.43246037111312,10.33411584623965,1.3904030873012196
TURN,0.1,F_propagation,7.43246037111312,10.33411584623965,1.3904030873012196
TURN,0.1,F_propagation,8.459040508582984,10.33411584623965,1.2216652510121115
TURN,0.1,F_propagation,8.459040508582984,10.33411584623965,1.2216652510121115
TURN,0.1,F_propagation,8.459040508582984,10.33411584623965,1.2216652510121115
TURN,0.1,F_propagation,8.459040508582984,10.33411584623965,1.2216652510121115
TURN,0.1,F_propagation,8.459040508582984,10.33411584623965,1.2216652510121115
TURN,0.1,F_propagation,8.459040508582984,10.33411584623965,1.2216652510121115
TURN,0.1,F_propagation,8.459040508582984,10.33411584623965,1.2216652510121115
TURN,0.1,F_propagation,8.459040508582984,10.33411584623965,1.2216652510121115
TURN,0.1,F_propagation,8.459040508582984,10.33411584623965,1.2216652510121115
TURN,0.1,F_propagation,8.459040508582984,10.33411584623965,1.2216652510121115
TURN,0.1,F_propagation,8.459040508582984,10.33411584623965,1.2216652510121115
TURN,0.1,F_propagation,8.459040508582984,10.33411584623965,1.2216652510121115
TURN,0.1,F_propagation,9.706061946581288,11.581137284237954,1.1931860056093206
TURN,0.1,F_propagation,9.706061946581288,11.581137284237954,1.1931860056093206
TURN,0.1,F_propagation,9.706061946581288,11.581137284237954,1.1931860056093206
TURN,0.1,F_propagation,9.706061946581288,11.581137284237954,1.1931860056093206
TURN,0.1,F_propagation,9.706061946581288,11.581137284237954,1.1931860056093206
TURN,0.1,F_propagation,10.415579609856179,11.581137284237954,1.1119052148839434
TURN,0.1,F_propagation,10.415579609856179,11.581137284237954,1.1119052148839434
TURN,0.1,F_propagation,10.415579609856179,13.070545393670496,1.2549033163072312
TURN,0.1,F_propagation,10.415579609856179,13.070545393670496,1.2549033163072312
TURN,0.1,F_propagation,10.415579609856179,13.070545393670496,1.2549033163072312
TURN,0.1,F_propagation,10.415579609856179,13.070545393670496,1.2549033163072312
TURN,0.1,F_propagation,10.415579609856179,13.070545393670496,1.2549033163072312
TURN,0.1,F_propagation,10.415579609856179,13.070545393670496,1.2549033163072312
TURN,0.1,F_propagation,10.415579609856179,13.070545393670496,1.2549033163072312
TURN,0.1,F_propagation,10.415579609856179,13.070545393670496,1.2549033163072312
TURN,0.1,F_propagation,10.415579609856179,13.070545393670496,1.2549033163072312
TURN,0.1,F_propagation,10.415579609856179,13.070545393670496,1.2549033163072312
TURN,0.1,F_propagation,12.048829554968219,14.703795338782534,1.2203505138571378
TURN,0.1,F_propagation,12.048829554968219,14.703795338782534,1.2203505138571378
TURN,0.1,F_propagation,12.048829554968219,14.703795338782534,1.2203505138571378
TURN,0.1,F_propagation,12.048829554968219,14.703795338782534,1.2203505138571378
TURN,0.1,F_propagation,12.048829554968219,14.703795338782534,1.2203505138571378
TURN,0.1,F_propagation,12.048829554968219,14.703795338782534,1.2203505138571378
TURN,0.1,F_propagation,12.048829554968219,14.703795338782534,1.2203505138571378
TURN,0.1,F_propagation,12.048829554968219,14.703795338782534,1.2203505138571378
TURN,0.1,F_propagation,12.048829554968219,14.703795338782534,1.2203505138571378
TURN,0.1,F_propagation,12.999848127240952,14.703795338782534,1.131074393705492
TURN,0.1,F_propagation,12.999848127240952,14.703795338782534,1.131074393705492
TURN,0.1,F_propagation,12.999848127240952,14.703795338782534,1.131074393705492
TURN,0.1,F_propagation,12.999848127240952,14.703795338782534,1.131074393705492
TURN,0.1,F_propagation,12.999848127240952,14.703795338782534,1.131074393705492
TURN,0.1,F_propagation,12.999848127240952,14.703795338782534,1.131074393705492
TURN,0.1,F_propagation,12.999848127240952,14.703795338782534,1.131074393705492
TURN,0.1,F_propagation,12.999848127240952,14.703795338782534,1.131074393705492
TURN,0.1,F_propagation,12.999848127240952,14.703795338782534,1.131074393705492
TURN,0.1,F_propagation,14.127460376922212,15.831407588463794,1.1206124219130744
TURN,0.1,F_propagation,14.127460376922212,15.831407588463794,1.1206124219130744
TURN,0.1,F_propagation,14.127460376922212,15.831407588463794,1.1206124219130744
TURN,0.1,F_propagation,14.127460376922212,15.831407588463794,1.1206124219130744
TURN,0.1,F_propagation,14.127460376922212,15.831407588463794,1.1206124219130744
TURN,0.1,F_propagation,14.127460376922212,15.831407588463794,1.1206124219130744
TURN,0.1,F_propagation,14.127460376922212,15.831407588463794,1.1206124219130744
TURN,0.1,F_propagation,14.127460376922212,15.831407588463794,1.1206124219130744
TURN,0.1,F_propagation,14.127460376922212,15.831407588463794,1.1206124219130744
TURN,0.1,F_propagation,14.127460376922212,15.831407588463794,1.1206124219130744
TURN,0.1,P_time,0.0,0.0,
TURN,0.1,P_time,0.0,0.0,
TURN,0.1,P_time,0.0,0.0,
TURN,0.1,P_time,0.0,0.0,
TURN,0.1,P_time,1.4242324679328868,1.4242324679328868,1.0
TURN,0.1,P_time,1.4242324679328868,1.4242324679328868,1.0
TURN,0.1,P_time,1.4242324679328868,1.4242324679328868,1.0
TURN,0.1,P_time,3.1431103053814087,3.1431103053814087,1.0
TURN,0.1,P_time,3.1431103053814087,3.1431103053814087,1.0
TURN,0.1,P_time,3.1431103053814087,3.1431103053814087,1.0
TURN,0.1,P_time,3.1431103053814087,3.1431103053814087,1.0
TURN,0.1,P_time,3.1431103053814087,3.1431103053814087,1.0
TURN,0.1,P_time,3.1431103053814087,3.1431103053814087,1.0
TURN,0.1,P_time,3.1431103053814087,3.1431103053814087,1.0
TURN,0.1,P_time,3.848288006088887,3.848288006088887,1.0
TURN,0.1,P_time,3.848288006088887,3.848288006088887,1.0
TURN,0.1,P_time,3.848288006088887,3.848288006088887,1.0
TURN,0.1,P_time,3.848288006088887,3.848288006088887,1.0
TURN,0.1,P_time,3.848288006088887,3.848288006088887,1.0
TURN,0.1,P_time,3.848288006088887,3.848288006088887,1.0
TURN,0.1,P_time,3.848288006088887,3.848288006088887,1.0
TURN,0.1,P_time,3.848288006088887,3.848288006088887,1.0
TURN,0.1,P_time,3.848288006088887,3.848288006088887,1.0
TURN,0.1,P_time,3.848288006088887,3.848288006088887,1.0
TURN,0.1,P_time,5.764475873856165,5.764475873856165,1.0
TURN,0.1,P_time,5.764475873856165,5.764475873856165,1.0
TURN,0.1,P_time,5.764475873856165,5.764475873856165,1.0
TURN,0.1,P_time,5.764475873856165,6.197013906715754,1.0750351015989665
TURN,0.1,P_time,5.764475873856165,7.5582298653280775,1.3111738223430147
TURN,0.1,P_time,5.764475873856165,7.5582298653280775,1.3111738223430147
TURN,0.1,P_time,5.764475873856165,7.5582298653280775,1.3111738223430147
TURN,0.1,P_time,5.764475873856165,8.486491789906886,1.4722052751397534
TURN,0.1,P_time,5.764475873856165,8.486491789906886,1.4722052751397534
TURN,0.1,P_time,5.764475873856165,8.486491789906886,1.4722052751397534
TURN,0.1,P_time,5.764475873856165,8.486491789906886,1.4722052751397534
TURN,0.1,P_time,5.764475873856165,8.486491789906886,1.4722052751397534
TURN,0.1,P_time,5.764475873856165,8.486491789906886,1.4722052751397534
TURN,0.1,P_time,5.764475873856165,8.486491789906886,1.4722052751397534
TURN,0.1,P_time,5.764475873856165,8.486491789906886,1.4722052751397534
TURN,0.1,P_time,6.621281149557901,8.486491789906886,1.2816993566982915
TURN,0.1,P_time,6.621281149557901,8.486491789906886,1.2816993566982915
TURN,0.1,P_time,6.621281149557901,8.486491789906886,1.2816993566982915
TURN,0.1,P_time,6.621281149557901,8.486491789906886,1.2816993566982915
TURN,0.1,P_time,6.621281149557901,8.486491789906886,1.2816993566982915
TURN,0.1,P_time,6.621281149557901,8.486491789906886,1.2816993566982915
TURN,0.1,P_time,6.621281149557901,8.486491789906886,1.2816993566982915
TURN,0.1,P_time,6.621281149557901,8.486491789906886,1.2816993566982915
TURN,0.1,P_time,6.621281149557901,8.486491789906886,1.2816993566982915
TURN,0.1,P_time,6.621281149557901,8.486491789906886,1.2816993566982915
TURN,0.1,P_time,6.621281149557901,8.486491789906886,1.2816993566982915
TURN,0.1,P_time,6.621281149557901,8.486491789906886,1.2816993566982915
TURN,0.1,P_time,6.621281149557901,8.486491789906886,1.2816993566982915
TURN,0.1,P_time,6.621281149557901,8.486491789906886,1.2816993566982915
TURN,0.1,P_time,6.621281149557901,8.486491789906886,1.2816993566982915
TURN,0.1,P_time,6.621281149557901,8.486491789906886,1.2816993566982915
TURN,0.1,P_time,6.621281149557901,8.486491789906886,1.2816993566982915
TURN,0.1,P_time,6.621281149557901,8.486491789906886,1.2816993566982915
TURN,0.1,P_time,6.621281149557901,8.486491789906886,1.2816993566982915
TURN,0.1,P_time,6.621281149557901,8.486491789906886,1.2816993566982915
TURN,0.1,P_time,6.621281149557901,8.486491789906886,1.2816993566982915
TURN,0.1,P_time,8.403962394835226,10.269173035184211,1.221944191646464
TURN,0.1,P_time,8.403962394835226,10.269173035184211,1.221944191646464
TURN,0.1,P_time,8.403962394835226,10.269173035184211,1.221944191646464
TURN,0.1,P_time,9.878287344265146,10.269173035184211,1.0395701883632686
TURN,0.1,P_time,9.878287344265146,10.269173035184211,1.0395701883632686
TURN,0.1,P_time,9.878287344265146,10.269173035184211,1.0395701883632686
TURN,0.1,P_time,9.878287344265146,10.269173035184211,1.0395701883632686
TURN,0.1,P_time,9.878287344265146,10.269173035184211,1.0395701883632686
TURN,0.1,P_time,9.878287344265146,10.269173035184211,1.0395701883632686
TURN,0.1,P_time,9.878287344265146,10.269173035184211,1.0395701883632686
TURN,0.1,P_time,9.878287344265146,10.269173035184211,1.0395701883632686
TURN,0.1,P_time,9.878287344265146,10.269173035184211,1.0395701883632686
TURN,0.1,P_time,9.878287344265146,10.269173035184211,1.0395701883632686
TURN,0.1,P_time,9.878287344265146,10.269173035184211,1.0395701883632686
TURN,0.1,P_time,9.878287344265146,10.269173035184211,1.0395701883632686
TURN,0.1,P_time,11.822762114463602,12.213647805382667,1.0330621294021358
TURN,0.1,P_time,11.822762114463602,12.213647805382667,1.0330621294021358
TURN,0.1,P_time,11.822762114463602,12.213647805382667,1.0330621294021358
TURN,0.1,P_time,11.822762114463602,12.213647805382667,1.0330621294021358
TURN,0.1,P_time,11.822762114463602,12.213647805382667,1.0330621294021358
TURN,0.1,P_time,13.115700449375003,12.213647805382667,0.9312234487609603
TURN,0.1,P_time,13.115700449375003,12.213647805382667,0.9312234487609603
TURN,0.1,P_time,13.115700449375003,12.860215382237687,0.9805206692449666
TURN,0.1,P_time,13.115700449375003,12.860215382237687,0.9805206692449666
TURN,0.1,P_time,13.115700449375003,12.860215382237687,0.9805206692449666
TURN,0.1,P_time,13.115700449375003,12.860215382237687,0.9805206692449666
TURN,0.1,P_time,13.115700449375003,12.860215382237687,0.9805206692449666
TURN,0.1,P_time,13.115700449375003,12.860215382237687,0.9805206692449666
TURN,0.1,P_time,13.115700449375003,12.860215382237687,0.9805206692449666
TURN,0.1,P_time,13.115700449375003,12.860215382237687,0.9805206692449666
TURN,0.1,P_time,13.115700449375003,12.860215382237687,0.9805206692449666
TURN,0.1,P_time,13.115700449375003,12.860215382237687,0.9805206692449666
TURN,0.1,P_time,14.552807828065772,14.297322760928456,0.9824442767226953
TURN,0.1,P_time,14.552807828065772,14.297322760928456,0.9824442767226953
TURN,0.1,P_time,14.552807828065772,14.297322760928456,0.9824442767226953
TURN,0.1,P_time,14.552807828065772,14.297322760928456,0.9824442767226953
TURN,0.1,P_time,14.552807828065772,14.297322760928456,0.9824442767226953
TURN,0.1,P_time,14.552807828065772,14.297322760928456,0.9824442767226953
TURN,0.1,P_time,14.552807828065772,14.297322760928456,0.9824442767226953
TURN,0.1,P_time,14.552807828065772,14.297322760928456,0.9824442767226953
TURN,0.1,P_time,14.552807828065772,14.297322760928456,0.9824442767226953
TURN,0.1,P_time,15.62712174106571,14.297322760928456,0.914904420521487
TURN,0.1,P_time,15.62712174106571,14.297322760928456,0.914904420521487
TURN,0.1,P_time,15.62712174106571,14.297322760928456,0.914904420521487
TURN,0.1,P_time,15.62712174106571,14.297322760928456,0.914904420521487
TURN,0.1,P_time,15.62712174106571,14.297322760928456,0.914904420521487
TURN,0.1,P_time,15.62712174106571,14.297322760928456,0.914904420521487
TURN,0.1,P_time,15.62712174106571,14.297322760928456,0.914904420521487
TURN,0.1,P_time,15.62712174106571,14.297322760928456,0.914904420521487
TURN,0.1,P_time,15.62712174106571,14.297322760928456,0.914904420521487
TURN,0.1,P_time,17.22469681255451,15.894897832417254,0.9227969586571759
TURN,0.1,P_time,17.22469681255451,15.894897832417254,0.9227969586571759
TURN,0.1,P_time,17.22469681255451,15.894897832417254,0.9227969586571759
TURN,0.1,P_time,17.22469681255451,15.894897832417254,0.9227969586571759
TURN,0.1,P_time,17.22469681255451,15.894897832417254,0.9227969586571759
TURN,0.1,P_time,17.22469681255451,15.894897832417254,0.9227969586571759
TURN,0.1,P_time,17.22469681255451,15.894897832417254,0.9227969586571759
TURN,0.1,P_time,17.22469681255451,15.894897832417254,0.9227969586571759
TURN,0.1,P_time,17.22469681255451,15.894897832417254,0.9227969586571759
TURN,0.1,P_time,17.22469681255451,15.894897832417254,0.9227969586571759
TURN,0.1,P_itinerary,0.0,0.0,
TURN,0.1,P_itinerary,0.0,0.0,
TURN,0.1,P_itinerary,0.0,0.0,
TURN,0.1,P_itinerary,0.0,0.0,
TURN,0.1,P_itinerary,0.6563662976948349,0.6563662976948349,1.0
TURN,0.1,P_itinerary,0.6563662976948349,0.6563662976948349,1.0
TURN,0.1,P_itinerary,0.6563662976948349,0.6563662976948349,1.0
TURN,0.1,P_itinerary,0.9492817053650437,0.9492817053650437,1.0
TURN,0.1,P_itinerary,0.9492817053650437,0.9492817053650437,1.0
TURN,0.1,P_itinerary,0.9492817053650437,0.9492817053650437,1.0
TURN,0.1,P_itinerary,0.9492817053650437,0.9492817053650437,1.0
TURN,0.1,P_itinerary,0.9492817053650437,0.9492817053650437,1.0
TURN,0.1,P_itinerary,0.9492817053650437,0.9492817053650437,1.0
TURN,0.1,P_itinerary,0.9492817053650437,0.9492817053650437,1.0
TURN,0.1,P_itinerary,3.549642080825989,3.549642080825989,1.0
TURN,0.1,P_itinerary,3.549642080825989,3.549642080825989,1.0
TURN,0.1,P_itinerary,3.549642080825989,3.549642080825989,1.0
TURN,0.1,P_itinerary,3.549642080825989,3.549642080825989,1.0
TURN,0.1,P_itinerary,3.549642080825989,3.549642080825989,1.0
TURN,0.1,P_itinerary,3.549642080825989,3.549642080825989,1.0
TURN,0.1,P_itinerary,3.549642080825989,3.549642080825989,1.0
TURN,0.1,P_itinerary,3.549642080825989,3.549642080825989,1.0
TURN,0.1,P_itinerary,3.549642080825989,3.549642080825989,1.0
TURN,0.1,P_itinerary,3.549642080825989,3.549642080825989,1.0
TURN,0.1,P_itinerary,3.849401985315061,3.849401985315061,1.0
TURN,0.1,P_itinerary,3.849401985315061,3.849401985315061,1.0
TURN,0.1,P_itinerary,3.849401985315061,3.849401985315061,1.0
TURN,0.1,P_itinerary,3.849401985315061,6.6252647669698685,1.72111532966532
TURN,0.1,P_itinerary,3.849401985315061,6.820352730043744,1.7717953999250928
TURN,0.1,P_itinerary,3.849401985315061,6.820352730043744,1.7717953999250928
TURN,0.1,P_itinerary,3.849401985315061,6.820352730043744,1.7717953999250928
TURN,0.1,P_itinerary,3.849401985315061,7.352887007704126,1.910137479991536
TURN,0.1,P_itinerary,3.849401985315061,7.352887007704126,1.910137479991536
TURN,0.1,P_itinerary,3.849401985315061,7.352887007704126,1.910137479991536
TURN,0.1,P_itinerary,3.849401985315061,7.352887007704126,1.910137479991536
TURN,0.1,P_itinerary,3.849401985315061,7.352887007704126,1.910137479991536
TURN,0.1,P_itinerary,3.849401985315061,7.352887007704126,1.910137479991536
TURN,0.1,P_itinerary,3.849401985315061,7.352887007704126,1.910137479991536
TURN,0.1,P_itinerary,3.849401985315061,7.352887007704126,1.910137479991536
TURN,0.1,P_itinerary,6.905782885927913,7.352887007704126,1.0647434373714946
TURN,0.1,P_itinerary,6.905782885927913,7.352887007704126,1.0647434373714946
TURN,0.1,P_itinerary,6.905782885927913,7.352887007704126,1.0647434373714946
TURN,0.1,P_itinerary,6.905782885927913,7.352887007704126,1.0647434373714946
TURN,0.1,P_itinerary,6.905782885927913,7.352887007704126,1.0647434373714946
TURN,0.1,P_itinerary,6.905782885927913,7.352887007704126,1.0647434373714946
TURN,0.1,P_itinerary,6.905782885927913,7.352887007704126,1.0647434373714946
TURN,0.1,P_itinerary,6.905782885927913,7.352887007704126,1.0647434373714946
TURN,0.1,P_itinerary,6.905782885927913,7.352887007704126,1.0647434373714946
TURN,0.1,P_itinerary,6.905782885927913,7.352887007704126,1.0647434373714946
TURN,0.1,P_itinerary,6.905782885927913,7.352887007704126,1.0647434373714946
TURN,0.1,P_itinerary,6.905782885927913,7.352887007704126,1.0647434373714946
TURN,0.1,P_itinerary,6.905782885927913,7.352887007704126,1.0647434373714946
TURN,0.1,P_itinerary,6.905782885927913,7.352887007704126,1.0647434373714946
TURN,0.1,P_itinerary,6.905782885927913,7.352887007704126,1.0647434373714946
TURN,0.1,P_itinerary,6.905782885927913,7.352887007704126,1.0647434373714946
TURN,0.1,P_itinerary,6.905782885927913,7.352887007704126,1.0647434373714946
TURN,0.1,P_itinerary,6.905782885927913,7.352887007704126,1.0647434373714946
TURN,0.1,P_itinerary,6.905782885927913,7.352887007704126,1.0647434373714946
TURN,0.1,P_itinerary,6.905782885927913,7.352887007704126,1.0647434373714946
TURN,0.1,P_itinerary,6.905782885927913,7.352887007704126,1.0647434373714946
TURN,0.1,P_itinerary,9.720634275589823,10.167738397366037,1.0459953650245817
TURN,0.1,P_itinerary,9.720634275589823,10.167738397366037,1.0459953650245817
TURN,0.1,P_itinerary,9.720634275589823,10.167738397366037,1.0459953650245817
TURN,0.1,P_itinerary,12.963926592940402,10.167738397366037,0.7843100872619065
TURN,0.1,P_itinerary,12.963926592940402,10.167738397366037,0.7843100872619065
TURN,0.1,P_itinerary,12.963926592940402,10.167738397366037,0.7843100872619065
TURN,0.1,P_itinerary,12.963926592940402,10.167738397366037,0.7843100872619065
TURN,0.1,P_itinerary,12.963926592940402,10.167738397366037,0.7843100872619065
TURN,0.1,P_itinerary,12.963926592940402,10.167738397366037,0.7843100872619065
TURN,0.1,P_itinerary,12.963926592940402,10.167738397366037,0.7843100872619065
TURN,0.1,P_itinerary,12.963926592940402,10.167738397366037,0.7843100872619065
TURN,0.1,P_itinerary,12.963926592940402,10.167738397366037,0.7843100872619065
TURN,0.1,P_itinerary,12.963926592940402,10.167738397366037,0.7843100872619065
TURN,0.1,P_itinerary,12.963926592940402,10.167738397366037,0.7843100872619065
TURN,0.1,P_itinerary,12.963926592940402,10.167738397366037,0.7843100872619065
TURN,0.1,P_itinerary,16.578360020570685,13.782171824996322,0.8313350541244846
TURN,0.1,P_itinerary,16.578360020570685,13.782171824996322,0.8313350541244846
TURN,0.1,P_itinerary,16.578360020570685,13.782171824996322,0.8313350541244846
TURN,0.1,P_itinerary,16.578360020570685,13.782171824996322,0.8313350541244846
TURN,0.1,P_itinerary,16.578360020570685,13.782171824996322,0.8313350541244846
TURN,0.1,P_itinerary,17.462597641517284,13.782171824996322,0.7892394996394604
TURN,0.1,P_itinerary,17.462597641517284,13.782171824996322,0.7892394996394604
TURN,0.1,P_itinerary,17.462597641517284,13.81325200576225,0.7910193139261983
TURN,0.1,P_itinerary,17.462597641517284,13.81325200576225,0.7910193139261983
TURN,0.1,P_itinerary,17.462597641517284,13.81325200576225,0.7910193139261983
TURN,0.1,P_itinerary,17.462597641517284,13.81325200576225,0.7910193139261983
TURN,0.1,P_itinerary,17.462597641517284,13.81325200576225,0.7910193139261983
TURN,0.1,P_itinerary,17.462597641517284,13.81325200576225,0.7910193139261983
TURN,0.1,P_itinerary,17.462597641517284,13.81325200576225,0.7910193139261983
TURN,0.1,P_itinerary,17.462597641517284,13.81325200576225,0.7910193139261983
TURN,0.1,P_itinerary,17.462597641517284,13.81325200576225,0.7910193139261983
TURN,0.1,P_itinerary,17.462597641517284,13.81325200576225,0.7910193139261983
TURN,0.1,P_itinerary,17.505140540119104,13.85579490436407,0.7915272015445238
TURN,0.1,P_itinerary,17.505140540119104,13.85579490436407,0.7915272015445238
TURN,0.1,P_itinerary,17.505140540119104,13.85579490436407,0.7915272015445238
TURN,0.1,P_itinerary,17.505140540119104,13.85579490436407,0.7915272015445238
TURN,0.1,P_itinerary,17.505140540119104,13.85579490436407,0.7915272015445238
TURN,0.1,P_itinerary,17.505140540119104,13.85579490436407,0.7915272015445238
TURN,0.1,P_itinerary,17.505140540119104,13.85579490436407,0.7915272015445238
TURN,0.1,P_itinerary,17.505140540119104,13.85579490436407,0.7915272015445238
TURN,0.1,P_itinerary,17.505140540119104,13.85579490436407,0.7915272015445238
TURN,0.1,P_itinerary,17.627532367899157,13.85579490436407,0.7860314543853195
TURN,0.1,P_itinerary,17.627532367899157,13.85579490436407,0.7860314543853195
TURN,0.1,P_itinerary,17.627532367899157,13.85579490436407,0.7860314543853195
TURN,0.1,P_itinerary,17.627532367899157,13.85579490436407,0.7860314543853195
TURN,0.1,P_itinerary,17.627532367899157,13.85579490436407,0.7860314543853195
TURN,0.1,P_itinerary,17.627532367899157,13.85579490436407,0.7860314543853195
TURN,0.1,P_itinerary,17.627532367899157,13.85579490436407,0.7860314543853195
TURN,0.1,P_itinerary,17.627532367899157,13.85579490436407,0.7860314543853195
TURN,0.1,P_itinerary,17.627532367899157,13.85579490436407,0.7860314543853195
TURN,0.1,P_itinerary,18.32625653725601,14.554519073720925,0.7941894212892084
TURN,0.1,P_itinerary,18.32625653725601,14.554519073720925,0.7941894212892084
TURN,0.1,P_itinerary,18.32625653725601,14.554519073720925,0.7941894212892084
TURN,0.1,P_itinerary,18.32625653725601,14.554519073720925,0.7941894212892084
TURN,0.1,P_itinerary,18.32625653725601,14.554519073720925,0.7941894212892084
TURN,0.1,P_itinerary,18.32625653725601,14.554519073720925,0.7941894212892084
TURN,0.1,P_itinerary,18.32625653725601,14.554519073720925,0.7941894212892084
TURN,0.1,P_itinerary,18.32625653725601,14.554519073720925,0.7941894212892084
TURN,0.1,P_itinerary,18.32625653725601,14.554519073720925,0.7941894212892084
TURN,0.1,P_itinerary,18.32625653725601,14.554519073720925,0.7941894212892084
TURN,0.1,P_service,0.0,0.0,
TURN,0.1,P_service,0.0,0.0,
TURN,0.1,P_service,0.0,0.0,
TURN,0.1,P_service,0.0,0.0,
TURN,0.1,P_service,3.4068536404160477,3.4068536404160477,1.0
TURN,0.1,P_service,3.4068536404160477,3.4068536404160477,1.0
TURN,0.1,P_service,3.4068536404160477,3.4068536404160477,1.0
TURN,0.1,P_service,7.9934073935967085,7.9934073935967085,1.0
TURN,0.1,P_service,7.9934073935967085,7.9934073935967085,1.0
TURN,0.1,P_service,7.9934073935967085,7.9934073935967085,1.0
TURN,0.1,P_service,7.9934073935967085,7.9934073935967085,1.0
TURN,0.1,P_service,7.9934073935967085,7.9934073935967085,1.0
TURN,0.1,P_service,7.9934073935967085,7.9934073935967085,1.0
TURN,0.1,P_service,7.9934073935967085,7.9934073935967085,1.0
TURN,0.1,P_service,9.930807871303715,9.930807871303715,1.0
TURN,0.1,P_service,9.930807871303715,9.930807871303715,1.0
TURN,0.1,P_service,9.930807871303715,9.930807871303715,1.0
TURN,0.1,P_service,9.930807871303715,9.930807871303715,1.0
TURN,0.1,P_service,9.930807871303715,9.930807871303715,1.0
TURN,0.1,P_service,9.930807871303715,9.930807871303715,1.0
TURN,0.1,P_service,9.930807871303715,9.930807871303715,1.0
TURN,0.1,P_service,9.930807871303715,9.930807871303715,1.0
TURN,0.1,P_service,9.930807871303715,9.930807871303715,1.0
TURN,0.1,P_service,9.930807871303715,9.930807871303715,1.0
TURN,0.1,P_service,13.954419983776678,13.954419983776678,1.0
TURN,0.1,P_service,13.954419983776678,13.954419983776678,1.0
TURN,0.1,P_service,13.954419983776678,13.954419983776678,1.0
TURN,0.1,P_service,13.954419983776678,14.52876894211001,1.0411589273506938
TURN,0.1,P_service,13.954419983776678,16.385113926912442,1.1741881028349208
TURN,0.1,P_service,13.954419983776678,16.385113926912442,1.1741881028349208
TURN,0.1,P_service,13.954419983776678,16.385113926912442,1.1741881028349208
TURN,0.1,P_service,13.954419983776678,18.57220438766565,1.3309191216301057
TURN,0.1,P_service,13.954419983776678,18.57220438766565,1.3309191216301057
TURN,0.1,P_service,13.954419983776678,18.57220438766565,1.3309191216301057
TURN,0.1,P_service,13.954419983776678,18.57220438766565,1.3309191216301057
TURN,0.1,P_service,13.954419983776678,18.57220438766565,1.3309191216301057
TURN,0.1,P_service,13.954419983776678,18.57220438766565,1.3309191216301057
TURN,0.1,P_service,13.954419983776678,18.57220438766565,1.3309191216301057
TURN,0.1,P_service,13.954419983776678,18.57220438766565,1.3309191216301057
TURN,0.1,P_service,15.816710095716976,18.57220438766565,1.1742141238774324
TURN,0.1,P_service,15.816710095716976,18.57220438766565,1.1742141238774324
TURN,0.1,P_service,15.816710095716976,18.57220438766565,1.1742141238774324
TURN,0.1,P_service,15.816710095716976,18.57220438766565,1.1742141238774324
TURN,0.1,P_service,15.816710095716976,18.57220438766565,1.1742141238774324
TURN,0.1,P_service,15.816710095716976,18.57220438766565,1.1742141238774324
TURN,0.1,P_service,15.816710095716976,18.57220438766565,1.1742141238774324
TURN,0.1,P_service,15.816710095716976,18.57220438766565,1.1742141238774324
TURN,0.1,P_service,15.816710095716976,18.57220438766565,1.1742141238774324
TURN,0.1,P_service,15.816710095716976,18.57220438766565,1.1742141238774324
TURN,0.1,P_service,15.816710095716976,18.57220438766565,1.1742141238774324
TURN,0.1,P_service,15.816710095716976,18.57220438766565,1.1742141238774324
TURN,0.1,P_service,15.816710095716976,18.57220438766565,1.1742141238774324
TURN,0.1,P_service,15.816710095716976,18.57220438766565,1.1742141238774324
TURN,0.1,P_service,15.816710095716976,18.57220438766565,1.1742141238774324
TURN,0.1,P_service,15.816710095716976,18.57220438766565,1.1742141238774324
TURN,0.1,P_service,15.816710095716976,18.57220438766565,1.1742141238774324
TURN,0.1,P_service,15.816710095716976,18.57220438766565,1.1742141238774324
TURN,0.1,P_service,15.816710095716976,18.57220438766565,1.1742141238774324
TURN,0.1,P_service,15.816710095716976,18.57220438766565,1.1742141238774324
TURN,0.1,P_service,15.816710095716976,18.57220438766565,1.1742141238774324
TURN,0.1,P_service,18.317058423742452,21.072552715691128,1.1504332315923076
TURN,0.1,P_service,18.317058423742452,21.072552715691128,1.1504332315923076
TURN,0.1,P_service,18.317058423742452,21.072552715691128,1.1504332315923076
TURN,0.1,P_service,20.539403657489714,21.072552715691128,1.0259573776869126
TURN,0.1,P_service,20.539403657489714,21.072552715691128,1.0259573776869126
TURN,0.1,P_service,20.539403657489714,21.072552715691128,1.0259573776869126
TURN,0.1,P_service,20.539403657489714,21.072552715691128,1.0259573776869126
TURN,0.1,P_service,20.539403657489714,21.072552715691128,1.0259573776869126
TURN,0.1,P_service,20.539403657489714,21.072552715691128,1.0259573776869126
TURN,0.1,P_service,20.539403657489714,21.072552715691128,1.0259573776869126
TURN,0.1,P_service,20.539403657489714,21.072552715691128,1.0259573776869126
TURN,0.1,P_service,20.539403657489714,21.072552715691128,1.0259573776869126
TURN,0.1,P_service,20.539403657489714,21.072552715691128,1.0259573776869126
TURN,0.1,P_service,20.539403657489714,21.072552715691128,1.0259573776869126
TURN,0.1,P_service,20.539403657489714,21.072552715691128,1.0259573776869126
TURN,0.1,P_service,22.95230497756794,23.485454035769354,1.0232285628272402
TURN,0.1,P_service,22.95230497756794,23.485454035769354,1.0232285628272402
TURN,0.1,P_service,22.95230497756794,23.485454035769354,1.0232285628272402
TURN,0.1,P_service,22.95230497756794,23.485454035769354,1.0232285628272402
TURN,0.1,P_service,22.95230497756794,23.485454035769354,1.0232285628272402
TURN,0.1,P_service,25.772153431595605,23.485454035769354,0.9112724746926716
TURN,0.1,P_service,25.772153431595605,23.485454035769354,0.9112724746926716
TURN,0.1,P_service,25.772153431595605,25.500721211341872,0.9894680038680443
TURN,0.1,P_service,25.772153431595605,25.500721211341872,0.9894680038680443
TURN,0.1,P_service,25.772153431595605,25.500721211341872,0.9894680038680443
TURN,0.1,P_service,25.772153431595605,25.500721211341872,0.9894680038680443
TURN,0.1,P_service,25.772153431595605,25.500721211341872,0.9894680038680443
TURN,0.1,P_service,25.772153431595605,25.500721211341872,0.9894680038680443
TURN,0.1,P_service,25.772153431595605,25.500721211341872,0.9894680038680443
TURN,0.1,P_service,25.772153431595605,25.500721211341872,0.9894680038680443
TURN,0.1,P_service,25.772153431595605,25.500721211341872,0.9894680038680443
TURN,0.1,P_service,25.772153431595605,25.500721211341872,0.9894680038680443
TURN,0.1,P_service,28.49534209730579,28.22390987705206,0.9904745056463318
TURN,0.1,P_service,28.49534209730579,28.22390987705206,0.9904745056463318
TURN,0.1,P_service,28.49534209730579,28.22390987705206,0.9904745056463318
TURN,0.1,P_service,28.49534209730579,28.22390987705206,0.9904745056463318
TURN,0.1,P_service,28.49534209730579,28.22390987705206,0.9904745056463318
TURN,0.1,P_service,28.49534209730579,28.22390987705206,0.9904745056463318
TURN,0.1,P_service,28.49534209730579,28.22390987705206,0.9904745056463318
TURN,0.1,P_service,28.49534209730579,28.22390987705206,0.9904745056463318
TURN,0.1,P_service,28.49534209730579,28.22390987705206,0.9904745056463318
TURN,0.1,P_service,31.991438227714077,28.22390987705206,0.8822332299084252
TURN,0.1,P_service,31.991438227714077,28.22390987705206,0.8822332299084252
TURN,0.1,P_service,31.991438227714077,28.22390987705206,0.8822332299084252
TURN,0.1,P_service,31.991438227714077,28.22390987705206,0.8822332299084252
TURN,0.1,P_service,31.991438227714077,28.22390987705206,0.8822332299084252
TURN,0.1,P_service,31.991438227714077,28.22390987705206,0.8822332299084252
TURN,0.1,P_service,31.991438227714077,28.22390987705206,0.8822332299084252
TURN,0.1,P_service,31.991438227714077,28.22390987705206,0.8822332299084252
TURN,0.1,P_service,31.991438227714077,28.22390987705206,0.8822332299084252
TURN,0.1,P_service,36.37616618914659,32.60863783848457,0.8964286579549958
TURN,0.1,P_service,36.37616618914659,32.60863783848457,0.8964286579549958
TURN,0.1,P_service,36.37616618914659,32.60863783848457,0.8964286579549958
TURN,0.1,P_service,36.37616618914659,32.60863783848457,0.8964286579549958
TURN,0.1,P_service,36.37616618914659,32.60863783848457,0.8964286579549958
TURN,0.1,P_service,36.37616618914659,32.60863783848457,0.8964286579549958
TURN,0.1,P_service,36.37616618914659,32.60863783848457,0.8964286579549958
TURN,0.1,P_service,36.37616618914659,32.60863783848457,0.8964286579549958
TURN,0.1,P_service,36.37616618914659,32.60863783848457,0.8964286579549958
TURN,0.1,P_service,36.37616618914659,32.60863783848457,0.8964286579549958
TURN,0.1,R_operating,0.0,0.0,
TURN,0.1,R_operating,0.0,0.0,
TURN,0.1,R_operating,0.0,0.0,
TURN,0.1,R_operating,0.0,0.0,
TURN,0.1,R_operating,0.42963040823815396,0.42963040823815396,1.0
TURN,0.1,R_operating,0.42963040823815396,0.42963040823815396,1.0
TURN,0.1,R_operating,0.42963040823815396,0.42963040823815396,1.0
TURN,0.1,R_operating,0.5579333069850692,0.5579333069850692,1.0
TURN,0.1,R_operating,0.5579333069850692,0.5579333069850692,1.0
TURN,0.1,R_operating,0.5579333069850692,0.5579333069850692,1.0
TURN,0.1,R_operating,0.5579333069850692,0.5579333069850692,1.0
TURN,0.1,R_operating,0.5579333069850692,0.5579333069850692,1.0
TURN,0.1,R_operating,0.5579333069850692,0.5579333069850692,1.0
TURN,0.1,R_operating,0.5579333069850692,0.5579333069850692,1.0
TURN,0.1,R_operating,0.5579333069850692,0.5579333069850692,1.0
TURN,0.1,R_operating,0.5579333069850692,0.5579333069850692,1.0
TURN,0.1,R_operating,0.5579333069850692,0.5579333069850692,1.0
TURN,0.1,R_operating,0.5579333069850692,0.5579333069850692,1.0
TURN,0.1,R_operating,0.5579333069850692,0.5579333069850692,1.0
TURN,0.1,R_operating,0.5579333069850692,0.5579333069850692,1.0
TURN,0.1,R_operating,0.5579333069850692,0.5579333069850692,1.0
TURN,0.1,R_operating,0.5579333069850692,0.5579333069850692,1.0
TURN,0.1,R_operating,0.5579333069850692,0.5579333069850692,1.0
TURN,0.1,R_operating,0.5579333069850692,0.5579333069850692,1.0
TURN,0.1,R_operating,1.0816934936796314,1.0816934936796314,1.0
TURN,0.1,R_operating,1.0816934936796314,1.0816934936796314,1.0
TURN,0.1,R_operating,1.0816934936796314,1.0816934936796314,1.0
TURN,0.1,R_operating,1.0816934936796314,1.0816934936796314,1.0
TURN,0.1,R_operating,1.0816934936796314,1.1795163958435295,1.0904349547588854
TURN,0.1,R_operating,1.0816934936796314,1.1795163958435295,1.0904349547588854
TURN,0.1,R_operating,1.0816934936796314,1.1795163958435295,1.0904349547588854
TURN,0.1,R_operating,1.0816934936796314,1.1795163958435295,1.0904349547588854
TURN,0.1,R_operating,1.0816934936796314,1.1795163958435295,1.0904349547588854
TURN,0.1,R_operating,1.0816934936796314,1.1795163958435295,1.0904349547588854
TURN,0.1,R_operating,1.0816934936796314,1.1795163958435295,1.0904349547588854
TURN,0.1,R_operating,1.0816934936796314,1.1795163958435295,1.0904349547588854
TURN,0.1,R_operating,1.0816934936796314,1.1795163958435295,1.0904349547588854
TURN,0.1,R_operating,1.0816934936796314,1.1795163958435295,1.0904349547588854
TURN,0.1,R_operating,1.0816934936796314,1.1795163958435295,1.0904349547588854
TURN,0.1,R_operating,1.0816934936796314,1.1795163958435295,1.0904349547588854
TURN,0.1,R_operating,1.0816934936796314,1.1795163958435295,1.0904349547588854
TURN,0.1,R_operating,1.0816934936796314,1.1795163958435295,1.0904349547588854
TURN,0.1,R_operating,1.0816934936796314,1.1795163958435295,1.0904349547588854
TURN,0.1,R_operating,1.0816934936796314,1.1795163958435295,1.0904349547588854
TURN,0.1,R_operating,1.0816934936796314,1.1795163958435295,1.0904349547588854
TURN,0.1,R_operating,1.0816934936796314,1.1795163958435295,1.0904349547588854
TURN,0.1,R_operating,1.0816934936796314,1.1795163958435295,1.0904349547588854
TURN,0.1,R_operating,1.0816934936796314,1.1795163958435295,1.0904349547588854
TURN,0.1,R_operating,1.0816934936796314,1.1795163958435295,1.0904349547588854
TURN,0.1,R_operating,1.0816934936796314,1.1795163958435295,1.0904349547588854
TURN,0.1,R_operating,1.0816934936796314,1.1795163958435295,1.0904349547588854
TURN,0.1,R_operating,1.0816934936796314,1.1795163958435295,1.0904349547588854
TURN,0.1,R_operating,1.0816934936796314,1.1795163958435295,1.0904349547588854
TURN,0.1,R_operating,1.0816934936796314,1.1795163958435295,1.0904349547588854
TURN,0.1,R_operating,1.0816934936796314,1.1795163958435295,1.0904349547588854
TURN,0.1,R_operating,1.0816934936796314,1.1795163958435295,1.0904349547588854
TURN,0.1,R_operating,1.0816934936796314,1.1795163958435295,1.0904349547588854
TURN,0.1,R_operating,1.0816934936796314,1.1795163958435295,1.0904349547588854
TURN,0.1,R_operating,1.0816934936796314,1.1795163958435295,1.0904349547588854
TURN,0.1,R_operating,1.0816934936796314,1.1795163958435295,1.0904349547588854
TURN,0.1,R_operating,1.6979367440915667,1.7957596462554648,1.0576128071344821
TURN,0.1,R_operating,1.6979367440915667,1.7957596462554648,1.0576128071344821
TURN,0.1,R_operating,1.6979367440915667,1.7957596462554648,1.0576128071344821
TURN,0.1,R_operating,2.1884180291934174,1.7957596462554648,0.8205743246034789
TURN,0.1,R_operating,2.1884180291934174,1.7957596462554648,0.8205743246034789
TURN,0.1,R_operating,2.1884180291934174,1.7957596462554648,0.8205743246034789
TURN,0.1,R_operating,2.1884180291934174,1.7957596462554648,0.8205743246034789
TURN,0.1,R_operating,2.1884180291934174,1.7957596462554648,0.8205743246034789
TURN,0.1,R_operating,2.1884180291934174,1.7957596462554648,0.8205743246034789
TURN,0.1,R_operating,2.1884180291934174,1.7957596462554648,0.8205743246034789
TURN,0.1,R_operating,2.1884180291934174,1.7957596462554648,0.8205743246034789
TURN,0.1,R_operating,2.1884180291934174,1.7957596462554648,0.8205743246034789
TURN,0.1,R_operating,2.1884180291934174,1.7957596462554648,0.8205743246034789
TURN,0.1,R_operating,2.1884180291934174,1.7957596462554648,0.8205743246034789
TURN,0.1,R_operating,2.1884180291934174,1.7957596462554648,0.8205743246034789
TURN,0.1,R_operating,2.4856388586020333,2.0929804756640804,0.8420291903712872
TURN,0.1,R_operating,2.4856388586020333,2.0929804756640804,0.8420291903712872
TURN,0.1,R_operating,2.4856388586020333,2.0929804756640804,0.8420291903712872
TURN,0.1,R_operating,2.4856388586020333,2.0929804756640804,0.8420291903712872
TURN,0.1,R_operating,2.4856388586020333,2.0929804756640804,0.8420291903712872
TURN,0.1,R_operating,2.563680925386143,2.0929804756640804,0.8163966330360845
TURN,0.1,R_operating,2.563680925386143,2.0929804756640804,0.8163966330360845
TURN,0.1,R_operating,2.563680925386143,2.1654368351548325,0.8446592607185207
TURN,0.1,R_operating,2.563680925386143,2.1654368351548325,0.8446592607185207
TURN,0.1,R_operating,2.563680925386143,2.1654368351548325,0.8446592607185207
TURN,0.1,R_operating,2.563680925386143,2.1654368351548325,0.8446592607185207
TURN,0.1,R_operating,2.563680925386143,2.1654368351548325,0.8446592607185207
TURN,0.1,R_operating,2.563680925386143,2.1654368351548325,0.8446592607185207
TURN,0.1,R_operating,2.563680925386143,2.1654368351548325,0.8446592607185207
TURN,0.1,R_operating,2.563680925386143,2.1654368351548325,0.8446592607185207
TURN,0.1,R_operating,2.563680925386143,2.1654368351548325,0.8446592607185207
TURN,0.1,R_operating,2.563680925386143,2.1654368351548325,0.8446592607185207
TURN,0.1,R_operating,2.746520518048783,2.3482764278174724,0.8550005042328116
TURN,0.1,R_operating,2.746520518048783,2.3482764278174724,0.8550005042328116
TURN,0.1,R_operating,2.746520518048783,2.3482764278174724,0.8550005042328116
TURN,0.1,R_operating,2.746520518048783,2.3482764278174724,0.8550005042328116
TURN,0.1,R_operating,2.746520518048783,2.3482764278174724,0.8550005042328116
TURN,0.1,R_operating,2.746520518048783,2.3482764278174724,0.8550005042328116
TURN,0.1,R_operating,2.746520518048783,2.3482764278174724,0.8550005042328116
TURN,0.1,R_operating,2.746520518048783,2.3482764278174724,0.8550005042328116
TURN,0.1,R_operating,2.746520518048783,2.3482764278174724,0.8550005042328116
TURN,0.1,R_operating,2.746520518048783,2.3482764278174724,0.8550005042328116
TURN,0.1,R_operating,2.746520518048783,2.3482764278174724,0.8550005042328116
TURN,0.1,R_operating,2.746520518048783,2.3482764278174724,0.8550005042328116
TURN,0.1,R_operating,2.746520518048783,2.3482764278174724,0.8550005042328116
TURN,0.1,R_operating,2.746520518048783,2.3482764278174724,0.8550005042328116
TURN,0.1,R_operating,2.746520518048783,2.3482764278174724,0.8550005042328116
TURN,0.1,R_operating,2.746520518048783,2.3482764278174724,0.8550005042328116
TURN,0.1,R_operating,2.746520518048783,2.3482764278174724,0.8550005042328116
TURN,0.1,R_operating,2.746520518048783,2.3482764278174724,0.8550005042328116
TURN,0.1,R_operating,2.7708030796638923,2.372558989432582,0.8562712402212218
TURN,0.1,R_operating,2.7708030796638923,2.372558989432582,0.8562712402212218
TURN,0.1,R_operating,2.7708030796638923,2.372558989432582,0.8562712402212218
TURN,0.1,R_operating,2.7708030796638923,2.372558989432582,0.8562712402212218
TURN,0.1,R_operating,2.7708030796638923,2.372558989432582,0.8562712402212218
TURN,0.1,R_operating,2.7708030796638923,2.372558989432582,0.8562712402212218
TURN,0.1,R_operating,2.7708030796638923,2.372558989432582,0.8562712402212218
TURN,0.1,R_operating,2.7708030796638923,2.372558989432582,0.8562712402212218
TURN,0.1,R_operating,2.7708030796638923,2.372558989432582,0.8562712402212218
TURN,0.1,R_operating,2.7708030796638923,2.372558989432582,0.8562712402212218
TAXI,0.1,F,0.0,0.0,
TAXI,0.1,F,0.0,0.0,
TAXI,0.1,F,0.0,0.0,
TAXI,0.1,F,0.0,0.0,
TAXI,0.1,F,0.0,0.0,
TAXI,0.1,F,0.0,0.0,
TAXI,0.1,F,0.0,0.0,
TAXI,0.1,F,0.0,0.0,
TAXI,0.1,F,0.0,0.0,
TAXI,0.1,F,0.1257620657892757,0.1257620657892757,1.0
TAXI,0.1,F,0.1257620657892757,0.1257620657892757,1.0
TAXI,0.1,F,0.1257620657892757,0.1257620657892757,1.0
TAXI,0.1,F,0.1257620657892757,0.1257620657892757,1.0
TAXI,0.1,F,0.1257620657892757,0.1257620657892757,1.0
TAXI,0.1,F,0.1257620657892757,0.1257620657892757,1.0
TAXI,0.1,F,0.1257620657892757,0.1257620657892757,1.0
TAXI,0.1,F,0.1257620657892757,0.1257620657892757,1.0
TAXI,0.1,F,0.23182343913810866,0.23182343913810866,1.0
TAXI,0.1,F,0.3203924697652363,0.3203924697652363,1.0
TAXI,0.1,F,0.3203924697652363,0.3203924697652363,1.0
TAXI,0.1,F,0.41248613908002135,0.41248613908002135,1.0
TAXI,0.1,F,0.49886986685740203,0.41248613908002135,0.8268411593557469
TAXI,0.1,F,0.49886986685740203,0.41248613908002135,0.8268411593557469
TAXI,0.1,F,0.49886986685740203,0.41248613908002135,0.8268411593557469
TAXI,0.1,F,0.49886986685740203,0.41248613908002135,0.8268411593557469
TAXI,0.1,F,0.49886986685740203,0.41248613908002135,0.8268411593557469
TAXI,0.1,F,0.49886986685740203,0.41248613908002135,0.8268411593557469
TAXI,0.1,F,0.49886986685740203,0.41248613908002135,0.8268411593557469
TAXI,0.1,F,0.49886986685740203,0.41248613908002135,0.8268411593557469
TAXI,0.1,F,0.49886986685740203,0.41248613908002135,0.8268411593557469
TAXI,0.1,F,0.49886986685740203,0.41248613908002135,0.8268411593557469
TAXI,0.1,F,0.49886986685740203,0.41248613908002135,0.8268411593557469
TAXI,0.1,F,0.49886986685740203,0.5028643317408859,1.0080070277819078
TAXI,0.1,F,0.5938178902249199,0.5978123551084038,1.006726750657463
TAXI,0.1,F,0.5938178902249199,0.5978123551084038,1.006726750657463
TAXI,0.1,F,0.5938178902249199,0.5978123551084038,1.006726750657463
TAXI,0.1,F,0.6913147050246866,0.6953091699081705,1.0057780701820038
TAXI,0.1,F,0.6913147050246866,0.6953091699081705,1.0057780701820038
TAXI,0.1,F,0.6913147050246866,0.6953091699081705,1.0057780701820038
TAXI,0.1,F,0.6913147050246866,0.6953091699081705,1.0057780701820038
TAXI,0.1,F,0.6913147050246866,0.6953091699081705,1.0057780701820038
TAXI,0.1,F,0.6913147050246866,0.6953091699081705,1.0057780701820038
TAXI,0.1,F,0.6913147050246866,0.6953091699081705,1.0057780701820038
TAXI,0.1,F,0.6913147050246866,0.6953091699081705,1.0057780701820038
TAXI,0.1,F,0.6913147050246866,0.6953091699081705,1.0057780701820038
TAXI,0.1,F,0.6913147050246866,0.6953091699081705,1.0057780701820038
TAXI,0.1,F,0.6913147050246866,0.6953091699081705,1.0057780701820038
TAXI,0.1,F,0.6913147050246866,0.6953091699081705,1.0057780701820038
TAXI,0.1,F,0.6913147050246866,0.6953091699081705,1.0057780701820038
TAXI,0.1,F,0.6913147050246866,0.6953091699081705,1.0057780701820038
TAXI,0.1,F,0.6913147050246866,0.6953091699081705,1.0057780701820038
TAXI,0.1,F,0.6913147050246866,0.6953091699081705,1.0057780701820038
TAXI,0.1,F,0.6913147050246866,0.6953091699081705,1.0057780701820038
TAXI,0.1,F,0.6913147050246866,0.6953091699081705,1.0057780701820038
TAXI,0.1,F,0.6913147050246866,0.6953091699081705,1.0057780701820038
TAXI,0.1,F,0.6913147050246866,0.6953091699081705,1.0057780701820038
TAXI,0.1,F,0.6913147050246866,0.6953091699081705,1.0057780701820038
TAXI,0.1,F,0.6913147050246866,0.6953091699081705,1.0057780701820038
TAXI,0.1,F,0.6913147050246866,0.6953091699081705,1.0057780701820038
TAXI,0.1,F,0.6913147050246866,0.6953091699081705,1.0057780701820038
TAXI,0.1,F,0.6913147050246866,0.6953091699081705,1.0057780701820038
TAXI,0.1,F,0.6913147050246866,0.6953091699081705,1.0057780701820038
TAXI,0.1,F,0.6913147050246866,0.6953091699081705,1.0057780701820038
TAXI,0.1,F,0.6913147050246866,0.6953091699081705,1.0057780701820038
TAXI,0.1,F,0.6913147050246866,0.6953091699081705,1.0057780701820038
TAXI,0.1,F,0.6913147050246866,0.6953091699081705,1.0057780701820038
TAXI,0.1,F,0.6913147050246866,0.6953091699081705,1.0057780701820038
TAXI,0.1,P,0.0,0.0,
TAXI,0.1,P,0.0,0.0,
TAXI,0.1,P,0.0,0.0,
TAXI,0.1,P,0.0,0.0,
TAXI,0.1,P,0.0,0.0,
TAXI,0.1,P,0.0,0.0,
TAXI,0.1,P,0.0,0.0,
TAXI,0.1,P,0.0,0.0,
TAXI,0.1,P,0.0,0.0,
TAXI,0.1,P,0.18659700148950864,0.18659700148950864,1.0
TAXI,0.1,P,0.18659700148950864,0.18659700148950864,1.0
TAXI,0.1,P,0.18659700148950864,0.18659700148950864,1.0
TAXI,0.1,P,0.18659700148950864,0.18659700148950864,1.0
TAXI,0.1,P,0.18659700148950864,0.18659700148950864,1.0
TAXI,0.1,P,0.18659700148950864,0.18659700148950864,1.0
TAXI,0.1,P,0.18659700148950864,0.18659700148950864,1.0
TAXI,0.1,P,0.18659700148950864,0.18659700148950864,1.0
TAXI,0.1,P,0.3579716564417188,0.3579716564417188,1.0
TAXI,0.1,P,0.4359041295568502,0.4359041295568502,1.0
TAXI,0.1,P,0.4359041295568502,0.4359041295568502,1.0
TAXI,0.1,P,0.4819657274513735,0.4819657274513735,1.0
TAXI,0.1,P,0.6091428506189323,0.4819657274513735,0.7912195422825077
TAXI,0.1,P,0.6091428506189323,0.4819657274513735,0.7912195422825077
TAXI,0.1,P,0.6091428506189323,0.4819657274513735,0.7912195422825077
TAXI,0.1,P,0.6091428506189323,0.4819657274513735,0.7912195422825077
TAXI,0.1,P,0.6091428506189323,0.4819657274513735,0.7912195422825077
TAXI,0.1,P,0.6091428506189323,0.4819657274513735,0.7912195422825077
TAXI,0.1,P,0.6091428506189323,0.4819657274513735,0.7912195422825077
TAXI,0.1,P,0.6091428506189323,0.4819657274513735,0.7912195422825077
TAXI,0.1,P,0.6091428506189323,0.4819657274513735,0.7912195422825077
TAXI,0.1,P,0.6091428506189323,0.4819657274513735,0.7912195422825077
TAXI,0.1,P,0.6091428506189323,0.4819657274513735,0.7912195422825077
TAXI,0.1,P,0.6091428506189323,0.5129735998609533,0.8421236485657441
TAXI,0.1,P,0.7441449079732859,0.6479756572153069,0.870765425218187
TAXI,0.1,P,0.7441449079732859,0.6479756572153069,0.870765425218187
TAXI,0.1,P,0.7441449079732859,0.6479756572153069,0.870765425218187
TAXI,0.1,P,0.8636720027900521,0.7675027520320731,0.8886507256836985
TAXI,0.1,P,0.8636720027900521,0.7675027520320731,0.8886507256836985
TAXI,0.1,P,0.8636720027900521,0.7675027520320731,0.8886507256836985
TAXI,0.1,P,0.8636720027900521,0.7675027520320731,0.8886507256836985
TAXI,0.1,P,0.8636720027900521,0.7675027520320731,0.8886507256836985
TAXI,0.1,P,0.8636720027900521,0.7675027520320731,0.8886507256836985
TAXI,0.1,P,0.8636720027900521,0.7675027520320731,0.8886507256836985
TAXI,0.1,P,0.8636720027900521,0.7675027520320731,0.8886507256836985
TAXI,0.1,P,0.8636720027900521,0.7675027520320731,0.8886507256836985
TAXI,0.1,P,0.8636720027900521,0.7675027520320731,0.8886507256836985
TAXI,0.1,P,0.8636720027900521,0.7675027520320731,0.8886507256836985
TAXI,0.1,P,0.8636720027900521,0.7675027520320731,0.8886507256836985
TAXI,0.1,P,0.8636720027900521,0.7675027520320731,0.8886507256836985
TAXI,0.1,P,0.8636720027900521,0.7675027520320731,0.8886507256836985
TAXI,0.1,P,0.8636720027900521,0.7675027520320731,0.8886507256836985
TAXI,0.1,P,0.8636720027900521,0.7675027520320731,0.8886507256836985
TAXI,0.1,P,0.8636720027900521,0.7675027520320731,0.8886507256836985
TAXI,0.1,P,0.8636720027900521,0.7675027520320731,0.8886507256836985
TAXI,0.1,P,0.8636720027900521,0.7675027520320731,0.8886507256836985
TAXI,0.1,P,0.8636720027900521,0.7675027520320731,0.8886507256836985
TAXI,0.1,P,0.8636720027900521,0.7675027520320731,0.8886507256836985
TAXI,0.1,P,0.8636720027900521,0.7675027520320731,0.8886507256836985
TAXI,0.1,P,0.8636720027900521,0.7675027520320731,0.8886507256836985
TAXI,0.1,P,0.8636720027900521,0.7675027520320731,0.8886507256836985
TAXI,0.1,P,0.8636720027900521,0.7675027520320731,0.8886507256836985
TAXI,0.1,P,0.8636720027900521,0.7675027520320731,0.8886507256836985
TAXI,0.1,P,0.8636720027900521,0.7675027520320731,0.8886507256836985
TAXI,0.1,P,0.8636720027900521,0.7675027520320731,0.8886507256836985
TAXI,0.1,P,0.8636720027900521,0.7675027520320731,0.8886507256836985
TAXI,0.1,P,0.8636720027900521,0.7675027520320731,0.8886507256836985
TAXI,0.1,P,0.8636720027900521,0.7675027520320731,0.8886507256836985
TAXI,0.1,R,0.0,0.0,
TAXI,0.1,R,0.0,0.0,
TAXI,0.1,R,0.0,0.0,
TAXI,0.1,R,0.0,0.0,
TAXI,0.1,R,0.0,0.0,
TAXI,0.1,R,0.0,0.0,
TAXI,0.1,R,0.0,0.0,
TAXI,0.1,R,0.0,0.0,
TAXI,0.1,R,0.0,0.0,
TAXI,0.1,R,0.7545723947356542,0.7545723947356542,1.0
TAXI,0.1,R,0.7545723947356542,0.7545723947356542,1.0
TAXI,0.1,R,0.7545723947356542,0.7545723947356542,1.0
TAXI,0.1,R,0.7545723947356542,0.7545723947356542,1.0
TAXI,0.1,R,0.7545723947356542,0.7545723947356542,1.0
TAXI,0.1,R,0.7545723947356542,0.7545723947356542,1.0
TAXI,0.1,R,0.7545723947356542,0.7545723947356542,1.0
TAXI,0.1,R,0.7545723947356542,0.7545723947356542,1.0
TAXI,0.1,R,1.390940634828652,1.390940634828652,1.0
TAXI,0.1,R,1.9223548185914177,1.9223548185914177,1.0
TAXI,0.1,R,1.9223548185914177,1.9223548185914177,1.0
TAXI,0.1,R,2.474916834480128,2.474916834480128,1.0
TAXI,0.1,R,2.993219201144412,2.474916834480128,0.8268411593557468
TAXI,0.1,R,2.993219201144412,2.474916834480128,0.8268411593557468
TAXI,0.1,R,2.993219201144412,2.474916834480128,0.8268411593557468
TAXI,0.1,R,2.993219201144412,2.474916834480128,0.8268411593557468
TAXI,0.1,R,2.993219201144412,2.474916834480128,0.8268411593557468
TAXI,0.1,R,2.993219201144412,2.474916834480128,0.8268411593557468
TAXI,0.1,R,2.993219201144412,2.474916834480128,0.8268411593557468
TAXI,0.1,R,2.993219201144412,2.474916834480128,0.8268411593557468
TAXI,0.1,R,2.993219201144412,2.474916834480128,0.8268411593557468
TAXI,0.1,R,2.993219201144412,2.474916834480128,0.8268411593557468
TAXI,0.1,R,2.993219201144412,2.474916834480128,0.8268411593557468
TAXI,0.1,R,2.993219201144412,3.0171859904453147,1.0080070277819075
TAXI,0.1,R,3.5629073413495194,3.586874130650422,1.006726750657463
TAXI,0.1,R,3.5629073413495194,3.586874130650422,1.006726750657463
TAXI,0.1,R,3.5629073413495194,3.586874130650422,1.006726750657463
TAXI,0.1,R,4.147888230148119,4.171855019449022,1.0057780701820036
TAXI,0.1,R,4.147888230148119,4.171855019449022,1.0057780701820036
TAXI,0.1,R,4.147888230148119,4.171855019449022,1.0057780701820036
TAXI,0.1,R,4.147888230148119,4.171855019449022,1.0057780701820036
TAXI,0.1,R,4.147888230148119,4.171855019449022,1.0057780701820036
TAXI,0.1,R,4.147888230148119,4.171855019449022,1.0057780701820036
TAXI,0.1,R,4.147888230148119,4.171855019449022,1.0057780701820036
TAXI,0.1,R,4.147888230148119,4.171855019449022,1.0057780701820036
TAXI,0.1,R,4.147888230148119,4.171855019449022,1.0057780701820036
TAXI,0.1,R,4.147888230148119,4.171855019449022,1.0057780701820036
TAXI,0.1,R,4.147888230148119,4.171855019449022,1.0057780701820036
TAXI,0.1,R,4.147888230148119,4.171855019449022,1.0057780701820036
TAXI,0.1,R,4.147888230148119,4.171855019449022,1.0057780701820036
TAXI,0.1,R,4.147888230148119,4.171855019449022,1.0057780701820036
TAXI,0.1,R,4.147888230148119,4.171855019449022,1.0057780701820036
TAXI,0.1,R,4.147888230148119,4.171855019449022,1.0057780701820036
TAXI,0.1,R,4.147888230148119,4.171855019449022,1.0057780701820036
TAXI,0.1,R,4.147888230148119,4.171855019449022,1.0057780701820036
TAXI,0.1,R,4.147888230148119,4.171855019449022,1.0057780701820036
TAXI,0.1,R,4.147888230148119,4.171855019449022,1.0057780701820036
TAXI,0.1,R,4.147888230148119,4.171855019449022,1.0057780701820036
TAXI,0.1,R,4.147888230148119,4.171855019449022,1.0057780701820036
TAXI,0.1,R,4.147888230148119,4.171855019449022,1.0057780701820036
TAXI,0.1,R,4.147888230148119,4.171855019449022,1.0057780701820036
TAXI,0.1,R,4.147888230148119,4.171855019449022,1.0057780701820036
TAXI,0.1,R,4.147888230148119,4.171855019449022,1.0057780701820036
TAXI,0.1,R,4.147888230148119,4.171855019449022,1.0057780701820036
TAXI,0.1,R,4.147888230148119,4.171855019449022,1.0057780701820036
TAXI,0.1,R,4.147888230148119,4.171855019449022,1.0057780701820036
TAXI,0.1,R,4.147888230148119,4.171855019449022,1.0057780701820036
TAXI,0.1,R,4.147888230148119,4.171855019449022,1.0057780701820036
TAXI,0.1,F_continuity,0.0,0.0,
TAXI,0.1,F_continuity,0.0,0.0,
TAXI,0.1,F_continuity,0.0,0.0,
TAXI,0.1,F_continuity,0.0,0.0,
TAXI,0.1,F_continuity,0.0,0.0,
TAXI,0.1,F_continuity,0.0,0.0,
TAXI,0.1,F_continuity,0.0,0.0,
TAXI,0.1,F_continuity,0.0,0.0,
TAXI,0.1,F_continuity,0.0,0.0,
TAXI,0.1,F_continuity,0.0,0.0,
TAXI,0.1,F_continuity,0.0,0.0,
TAXI,0.1,F_continuity,0.0,0.0,
TAXI,0.1,F_continuity,0.0,0.0,
TAXI,0.1,F_continuity,0.0,0.0,
TAXI,0.1,F_continuity,0.0,0.0,
TAXI,0.1,F_continuity,0.0,0.0,
TAXI,0.1,F_continuity,0.0,0.0,
TAXI,0.1,F_continuity,0.0,0.0,
TAXI,0.1,F_continuity,0.0,0.0,
TAXI,0.1,F_continuity,0.0,0.0,
TAXI,0.1,F_continuity,0.0,0.0,
TAXI,0.1,F_continuity,0.0,0.0,
TAXI,0.1,F_continuity,0.0,0.0,
TAXI,0.1,F_continuity,0.0,0.0,
TAXI,0.1,F_continuity,0.0,0.0,
TAXI,0.1,F_continuity,0.0,0.0,
TAXI,0.1,F_continuity,0.0,0.0,
TAXI,0.1,F_continuity,0.0,0.0,
TAXI,0.1,F_continuity,0.0,0.0,
TAXI,0.1,F_continuity,0.0,0.0,
TAXI,0.1,F_continuity,0.0,0.0,
TAXI,0.1,F_continuity,0.0,0.0,
TAXI,0.1,F_continuity,0.0,0.0,
TAXI,0.1,F_continuity,0.0,0.0,
TAXI,0.1,F_continuity,0.0,0.0,
TAXI,0.1,F_continuity,0.0,0.0,
TAXI,0.1,F_continuity,0.0,0.0,
TAXI,0.1,F_continuity,0.0,0.0,
TAXI,0.1,F_continuity,0.0,0.0,
TAXI,0.1,F_continuity,0.0,0.0,
TAXI,0.1,F_continuity,0.0,0.0,
TAXI,0.1,F_continuity,0.0,0.0,
TAXI,0.1,F_continuity,0.0,0.0,
TAXI,0.1,F_continuity,0.0,0.0,
TAXI,0.1,F_continuity,0.0,0.0,
TAXI,0.1,F_continuity,0.0,0.0,
TAXI,0.1,F_continuity,0.0,0.0,
TAXI,0.1,F_continuity,0.0,0.0,
TAXI,0.1,F_continuity,0.0,0.0,
TAXI,0.1,F_continuity,0.0,0.0,
TAXI,0.1,F_continuity,0.0,0.0,
TAXI,0.1,F_continuity,0.0,0.0,
TAXI,0.1,F_continuity,0.0,0.0,
TAXI,0.1,F_continuity,0.0,0.0,
TAXI,0.1,F_continuity,0.0,0.0,
TAXI,0.1,F_continuity,0.0,0.0,
TAXI,0.1,F_continuity,0.0,0.0,
TAXI,0.1,F_continuity,0.0,0.0,
TAXI,0.1,F_continuity,0.0,0.0,
TAXI,0.1,F_continuity,0.0,0.0,
TAXI,0.1,F_continuity,0.0,0.0,
TAXI,0.1,F_continuity,0.0,0.0,
TAXI,0.1,F_continuity,0.0,0.0,
TAXI,0.1,F_continuity,0.0,0.0,
TAXI,0.1,F_continuity,0.0,0.0,
TAXI,0.1,F_continuity,0.0,0.0,
TAXI,0.1,F_continuity,0.0,0.0,
TAXI,0.1,F_execution,0.0,0.0,
TAXI,0.1,F_execution,0.0,0.0,
TAXI,0.1,F_execution,0.0,0.0,
TAXI,0.1,F_execution,0.0,0.0,
TAXI,0.1,F_execution,0.0,0.0,
TAXI,0.1,F_execution,0.0,0.0,
TAXI,0.1,F_execution,0.0,0.0,
TAXI,0.1,F_execution,0.0,0.0,
TAXI,0.1,F_execution,0.0,0.0,
TAXI,0.1,F_execution,0.0,0.0,
TAXI,0.1,F_execution,0.0,0.0,
TAXI,0.1,F_execution,0.0,0.0,
TAXI,0.1,F_execution,0.0,0.0,
TAXI,0.1,F_execution,0.0,0.0,
TAXI,0.1,F_execution,0.0,0.0,
TAXI,0.1,F_execution,0.0,0.0,
TAXI,0.1,F_execution,0.0,0.0,
TAXI,0.1,F_execution,0.0,0.0,
TAXI,0.1,F_execution,0.0,0.0,
TAXI,0.1,F_execution,0.0,0.0,
TAXI,0.1,F_execution,0.0,0.0,
TAXI,0.1,F_execution,0.0,0.0,
TAXI,0.1,F_execution,0.0,0.0,
TAXI,0.1,F_execution,0.0,0.0,
TAXI,0.1,F_execution,0.0,0.0,
TAXI,0.1,F_execution,0.0,0.0,
TAXI,0.1,F_execution,0.0,0.0,
TAXI,0.1,F_execution,0.0,0.0,
TAXI,0.1,F_execution,0.0,0.0,
TAXI,0.1,F_execution,0.0,0.0,
TAXI,0.1,F_execution,0.0,0.0,
TAXI,0.1,F_execution,0.0,0.0,
TAXI,0.1,F_execution,0.0,0.0,
TAXI,0.1,F_execution,0.0,0.0,
TAXI,0.1,F_execution,0.0,0.0,
TAXI,0.1,F_execution,0.0,0.0,
TAXI,0.1,F_execution,0.0,0.0,
TAXI,0.1,F_execution,0.0,0.0,
TAXI,0.1,F_execution,0.0,0.0,
TAXI,0.1,F_execution,0.0,0.0,
TAXI,0.1,F_execution,0.0,0.0,
TAXI,0.1,F_execution,0.0,0.0,
TAXI,0.1,F_execution,0.0,0.0,
TAXI,0.1,F_execution,0.0,0.0,
TAXI,0.1,F_execution,0.0,0.0,
TAXI,0.1,F_execution,0.0,0.0,
TAXI,0.1,F_execution,0.0,0.0,
TAXI,0.1,F_execution,0.0,0.0,
TAXI,0.1,F_execution,0.0,0.0,
TAXI,0.1,F_execution,0.0,0.0,
TAXI,0.1,F_execution,0.0,0.0,
TAXI,0.1,F_execution,0.0,0.0,
TAXI,0.1,F_execution,0.0,0.0,
TAXI,0.1,F_execution,0.0,0.0,
TAXI,0.1,F_execution,0.0,0.0,
TAXI,0.1,F_execution,0.0,0.0,
TAXI,0.1,F_execution,0.0,0.0,
TAXI,0.1,F_execution,0.0,0.0,
TAXI,0.1,F_execution,0.0,0.0,
TAXI,0.1,F_execution,0.0,0.0,
TAXI,0.1,F_execution,0.0,0.0,
TAXI,0.1,F_execution,0.0,0.0,
TAXI,0.1,F_execution,0.0,0.0,
TAXI,0.1,F_execution,0.0,0.0,
TAXI,0.1,F_execution,0.0,0.0,
TAXI,0.1,F_execution,0.0,0.0,
TAXI,0.1,F_execution,0.0,0.0,
TAXI,0.1,F_propagation,0.0,0.0,
TAXI,0.1,F_propagation,0.0,0.0,
TAXI,0.1,F_propagation,0.0,0.0,
TAXI,0.1,F_propagation,0.0,0.0,
TAXI,0.1,F_propagation,0.0,0.0,
TAXI,0.1,F_propagation,0.0,0.0,
TAXI,0.1,F_propagation,0.0,0.0,
TAXI,0.1,F_propagation,0.0,0.0,
TAXI,0.1,F_propagation,0.0,0.0,
TAXI,0.1,F_propagation,0.3772861973678271,0.3772861973678271,1.0
TAXI,0.1,F_propagation,0.3772861973678271,0.3772861973678271,1.0
TAXI,0.1,F_propagation,0.3772861973678271,0.3772861973678271,1.0
TAXI,0.1,F_propagation,0.3772861973678271,0.3772861973678271,1.0
TAXI,0.1,F_propagation,0.3772861973678271,0.3772861973678271,1.0
TAXI,0.1,F_propagation,0.3772861973678271,0.3772861973678271,1.0
TAXI,0.1,F_propagation,0.3772861973678271,0.3772861973678271,1.0
TAXI,0.1,F_propagation,0.3772861973678271,0.3772861973678271,1.0
TAXI,0.1,F_propagation,0.695470317414326,0.695470317414326,1.0
TAXI,0.1,F_propagation,0.9611774092957088,0.9611774092957088,1.0
TAXI,0.1,F_propagation,0.9611774092957088,0.9611774092957088,1.0
TAXI,0.1,F_propagation,1.237458417240064,1.237458417240064,1.0
TAXI,0.1,F_propagation,1.496609600572206,1.237458417240064,0.8268411593557468
TAXI,0.1,F_propagation,1.496609600572206,1.237458417240064,0.8268411593557468
TAXI,0.1,F_propagation,1.496609600572206,1.237458417240064,0.8268411593557468
TAXI,0.1,F_propagation,1.496609600572206,1.237458417240064,0.8268411593557468
TAXI,0.1,F_propagation,1.496609600572206,1.237458417240064,0.8268411593557468
TAXI,0.1,F_propagation,1.496609600572206,1.237458417240064,0.8268411593557468
TAXI,0.1,F_propagation,1.496609600572206,1.237458417240064,0.8268411593557468
TAXI,0.1,F_propagation,1.496609600572206,1.237458417240064,0.8268411593557468
TAXI,0.1,F_propagation,1.496609600572206,1.237458417240064,0.8268411593557468
TAXI,0.1,F_propagation,1.496609600572206,1.237458417240064,0.8268411593557468
TAXI,0.1,F_propagation,1.496609600572206,1.237458417240064,0.8268411593557468
TAXI,0.1,F_propagation,1.496609600572206,1.5085929952226573,1.0080070277819075
TAXI,0.1,F_propagation,1.7814536706747597,1.793437065325211,1.006726750657463
TAXI,0.1,F_propagation,1.7814536706747597,1.793437065325211,1.006726750657463
TAXI,0.1,F_propagation,1.7814536706747597,1.793437065325211,1.006726750657463
TAXI,0.1,F_propagation,2.0739441150740596,2.085927509724511,1.0057780701820036
TAXI,0.1,F_propagation,2.0739441150740596,2.085927509724511,1.0057780701820036
TAXI,0.1,F_propagation,2.0739441150740596,2.085927509724511,1.0057780701820036
TAXI,0.1,F_propagation,2.0739441150740596,2.085927509724511,1.0057780701820036
TAXI,0.1,F_propagation,2.0739441150740596,2.085927509724511,1.0057780701820036
TAXI,0.1,F_propagation,2.0739441150740596,2.085927509724511,1.0057780701820036
TAXI,0.1,F_propagation,2.0739441150740596,2.085927509724511,1.0057780701820036
TAXI,0.1,F_propagation,2.0739441150740596,2.085927509724511,1.0057780701820036
TAXI,0.1,F_propagation,2.0739441150740596,2.085927509724511,1.0057780701820036
TAXI,0.1,F_propagation,2.0739441150740596,2.085927509724511,1.0057780701820036
TAXI,0.1,F_propagation,2.0739441150740596,2.085927509724511,1.0057780701820036
TAXI,0.1,F_propagation,2.0739441150740596,2.085927509724511,1.0057780701820036
TAXI,0.1,F_propagation,2.0739441150740596,2.085927509724511,1.0057780701820036
TAXI,0.1,F_propagation,2.0739441150740596,2.085927509724511,1.0057780701820036
TAXI,0.1,F_propagation,2.0739441150740596,2.085927509724511,1.0057780701820036
TAXI,0.1,F_propagation,2.0739441150740596,2.085927509724511,1.0057780701820036
TAXI,0.1,F_propagation,2.0739441150740596,2.085927509724511,1.0057780701820036
TAXI,0.1,F_propagation,2.0739441150740596,2.085927509724511,1.0057780701820036
TAXI,0.1,F_propagation,2.0739441150740596,2.085927509724511,1.0057780701820036
TAXI,0.1,F_propagation,2.0739441150740596,2.085927509724511,1.0057780701820036
TAXI,0.1,F_propagation,2.0739441150740596,2.085927509724511,1.0057780701820036
TAXI,0.1,F_propagation,2.0739441150740596,2.085927509724511,1.0057780701820036
TAXI,0.1,F_propagation,2.0739441150740596,2.085927509724511,1.0057780701820036
TAXI,0.1,F_propagation,2.0739441150740596,2.085927509724511,1.0057780701820036
TAXI,0.1,F_propagation,2.0739441150740596,2.085927509724511,1.0057780701820036
TAXI,0.1,F_propagation,2.0739441150740596,2.085927509724511,1.0057780701820036
TAXI,0.1,F_propagation,2.0739441150740596,2.085927509724511,1.0057780701820036
TAXI,0.1,F_propagation,2.0739441150740596,2.085927509724511,1.0057780701820036
TAXI,0.1,F_propagation,2.0739441150740596,2.085927509724511,1.0057780701820036
TAXI,0.1,F_propagation,2.0739441150740596,2.085927509724511,1.0057780701820036
TAXI,0.1,F_propagation,2.0739441150740596,2.085927509724511,1.0057780701820036
TAXI,0.1,P_time,0.0,0.0,
TAXI,0.1,P_time,0.0,0.0,
TAXI,0.1,P_time,0.0,0.0,
TAXI,0.1,P_time,0.0,0.0,
TAXI,0.1,P_time,0.0,0.0,
TAXI,0.1,P_time,0.0,0.0,
TAXI,0.1,P_time,0.0,0.0,
TAXI,0.1,P_time,0.0,0.0,
TAXI,0.1,P_time,0.0,0.0,
TAXI,0.1,P_time,0.5597910044685259,0.5597910044685259,1.0
TAXI,0.1,P_time,0.5597910044685259,0.5597910044685259,1.0
TAXI,0.1,P_time,0.5597910044685259,0.5597910044685259,1.0
TAXI,0.1,P_time,0.5597910044685259,0.5597910044685259,1.0
TAXI,0.1,P_time,0.5597910044685259,0.5597910044685259,1.0
TAXI,0.1,P_time,0.5597910044685259,0.5597910044685259,1.0
TAXI,0.1,P_time,0.5597910044685259,0.5597910044685259,1.0
TAXI,0.1,P_time,0.5597910044685259,0.5597910044685259,1.0
TAXI,0.1,P_time,1.0739149693251564,1.0739149693251564,1.0
TAXI,0.1,P_time,1.3077123886705506,1.3077123886705506,1.0
TAXI,0.1,P_time,1.3077123886705506,1.3077123886705506,1.0
TAXI,0.1,P_time,1.4458971823541205,1.4458971823541205,1.0
TAXI,0.1,P_time,1.8274285518567968,1.4458971823541205,0.7912195422825076
TAXI,0.1,P_time,1.8274285518567968,1.4458971823541205,0.7912195422825076
TAXI,0.1,P_time,1.8274285518567968,1.4458971823541205,0.7912195422825076
TAXI,0.1,P_time,1.8274285518567968,1.4458971823541205,0.7912195422825076
TAXI,0.1,P_time,1.8274285518567968,1.4458971823541205,0.7912195422825076
TAXI,0.1,P_time,1.8274285518567968,1.4458971823541205,0.7912195422825076
TAXI,0.1,P_time,1.8274285518567968,1.4458971823541205,0.7912195422825076
TAXI,0.1,P_time,1.8274285518567968,1.4458971823541205,0.7912195422825076
TAXI,0.1,P_time,1.8274285518567968,1.4458971823541205,0.7912195422825076
TAXI,0.1,P_time,1.8274285518567968,1.4458971823541205,0.7912195422825076
TAXI,0.1,P_time,1.8274285518567968,1.4458971823541205,0.7912195422825076
TAXI,0.1,P_time,1.8274285518567968,1.5389207995828595,0.842123648565744
TAXI,0.1,P_time,2.232434723919858,1.9439269716459207,0.8707654252181869
TAXI,0.1,P_time,2.232434723919858,1.9439269716459207,0.8707654252181869
TAXI,0.1,P_time,2.232434723919858,1.9439269716459207,0.8707654252181869
TAXI,0.1,P_time,2.5910160083701563,2.302508256096219,0.8886507256836984
TAXI,0.1,P_time,2.5910160083701563,2.302508256096219,0.8886507256836984
TAXI,0.1,P_time,2.5910160083701563,2.302508256096219,0.8886507256836984
TAXI,0.1,P_time,2.5910160083701563,2.302508256096219,0.8886507256836984
TAXI,0.1,P_time,2.5910160083701563,2.302508256096219,0.8886507256836984
TAXI,0.1,P_time,2.5910160083701563,2.302508256096219,0.8886507256836984
TAXI,0.1,P_time,2.5910160083701563,2.302508256096219,0.8886507256836984
TAXI,0.1,P_time,2.5910160083701563,2.302508256096219,0.8886507256836984
TAXI,0.1,P_time,2.5910160083701563,2.302508256096219,0.8886507256836984
TAXI,0.1,P_time,2.5910160083701563,2.302508256096219,0.8886507256836984
TAXI,0.1,P_time,2.5910160083701563,2.302508256096219,0.8886507256836984
TAXI,0.1,P_time,2.5910160083701563,2.302508256096219,0.8886507256836984
TAXI,0.1,P_time,2.5910160083701563,2.302508256096219,0.8886507256836984
TAXI,0.1,P_time,2.5910160083701563,2.302508256096219,0.8886507256836984
TAXI,0.1,P_time,2.5910160083701563,2.302508256096219,0.8886507256836984
TAXI,0.1,P_time,2.5910160083701563,2.302508256096219,0.8886507256836984
TAXI,0.1,P_time,2.5910160083701563,2.302508256096219,0.8886507256836984
TAXI,0.1,P_time,2.5910160083701563,2.302508256096219,0.8886507256836984
TAXI,0.1,P_time,2.5910160083701563,2.302508256096219,0.8886507256836984
TAXI,0.1,P_time,2.5910160083701563,2.302508256096219,0.8886507256836984
TAXI,0.1,P_time,2.5910160083701563,2.302508256096219,0.8886507256836984
TAXI,0.1,P_time,2.5910160083701563,2.302508256096219,0.8886507256836984
TAXI,0.1,P_time,2.5910160083701563,2.302508256096219,0.8886507256836984
TAXI,0.1,P_time,2.5910160083701563,2.302508256096219,0.8886507256836984
TAXI,0.1,P_time,2.5910160083701563,2.302508256096219,0.8886507256836984
TAXI,0.1,P_time,2.5910160083701563,2.302508256096219,0.8886507256836984
TAXI,0.1,P_time,2.5910160083701563,2.302508256096219,0.8886507256836984
TAXI,0.1,P_time,2.5910160083701563,2.302508256096219,0.8886507256836984
TAXI,0.1,P_time,2.5910160083701563,2.302508256096219,0.8886507256836984
TAXI,0.1,P_time,2.5910160083701563,2.302508256096219,0.8886507256836984
TAXI,0.1,P_time,2.5910160083701563,2.302508256096219,0.8886507256836984
TAXI,0.1,P_itinerary,0.0,0.0,
TAXI,0.1,P_itinerary,0.0,0.0,
TAXI,0.1,P_itinerary,0.0,0.0,
TAXI,0.1,P_itinerary,0.0,0.0,
TAXI,0.1,P_itinerary,0.0,0.0,
TAXI,0.1,P_itinerary,0.0,0.0,
TAXI,0.1,P_itinerary,0.0,0.0,
TAXI,0.1,P_itinerary,0.0,0.0,
TAXI,0.1,P_itinerary,0.0,0.0,
TAXI,0.1,P_itinerary,0.0,0.0,
TAXI,0.1,P_itinerary,0.0,0.0,
TAXI,0.1,P_itinerary,0.0,0.0,
TAXI,0.1,P_itinerary,0.0,0.0,
TAXI,0.1,P_itinerary,0.0,0.0,
TAXI,0.1,P_itinerary,0.0,0.0,
TAXI,0.1,P_itinerary,0.0,0.0,
TAXI,0.1,P_itinerary,0.0,0.0,
TAXI,0.1,P_itinerary,0.0,0.0,
TAXI,0.1,P_itinerary,0.0,0.0,
TAXI,0.1,P_itinerary,0.0,0.0,
TAXI,0.1,P_itinerary,0.0,0.0,
TAXI,0.1,P_itinerary,0.0,0.0,
TAXI,0.1,P_itinerary,0.0,0.0,
TAXI,0.1,P_itinerary,0.0,0.0,
TAXI,0.1,P_itinerary,0.0,0.0,
TAXI,0.1,P_itinerary,0.0,0.0,
TAXI,0.1,P_itinerary,0.0,0.0,
TAXI,0.1,P_itinerary,0.0,0.0,
TAXI,0.1,P_itinerary,0.0,0.0,
TAXI,0.1,P_itinerary,0.0,0.0,
TAXI,0.1,P_itinerary,0.0,0.0,
TAXI,0.1,P_itinerary,0.0,0.0,
TAXI,0.1,P_itinerary,0.0,0.0,
TAXI,0.1,P_itinerary,0.0,0.0,
TAXI,0.1,P_itinerary,0.0,0.0,
TAXI,0.1,P_itinerary,0.0,0.0,
TAXI,0.1,P_itinerary,0.0,0.0,
TAXI,0.1,P_itinerary,0.0,0.0,
TAXI,0.1,P_itinerary,0.0,0.0,
TAXI,0.1,P_itinerary,0.0,0.0,
TAXI,0.1,P_itinerary,0.0,0.0,
TAXI,0.1,P_itinerary,0.0,0.0,
TAXI,0.1,P_itinerary,0.0,0.0,
TAXI,0.1,P_itinerary,0.0,0.0,
TAXI,0.1,P_itinerary,0.0,0.0,
TAXI,0.1,P_itinerary,0.0,0.0,
TAXI,0.1,P_itinerary,0.0,0.0,
TAXI,0.1,P_itinerary,0.0,0.0,
TAXI,0.1,P_itinerary,0.0,0.0,
TAXI,0.1,P_itinerary,0.0,0.0,
TAXI,0.1,P_itinerary,0.0,0.0,
TAXI,0.1,P_itinerary,0.0,0.0,
TAXI,0.1,P_itinerary,0.0,0.0,
TAXI,0.1,P_itinerary,0.0,0.0,
TAXI,0.1,P_itinerary,0.0,0.0,
TAXI,0.1,P_itinerary,0.0,0.0,
TAXI,0.1,P_itinerary,0.0,0.0,
TAXI,0.1,P_itinerary,0.0,0.0,
TAXI,0.1,P_itinerary,0.0,0.0,
TAXI,0.1,P_itinerary,0.0,0.0,
TAXI,0.1,P_itinerary,0.0,0.0,
TAXI,0.1,P_itinerary,0.0,0.0,
TAXI,0.1,P_itinerary,0.0,0.0,
TAXI,0.1,P_itinerary,0.0,0.0,
TAXI,0.1,P_itinerary,0.0,0.0,
TAXI,0.1,P_itinerary,0.0,0.0,
TAXI,0.1,P_itinerary,0.0,0.0,
TAXI,0.1,P_service,0.0,0.0,
TAXI,0.1,P_service,0.0,0.0,
TAXI,0.1,P_service,0.0,0.0,
TAXI,0.1,P_service,0.0,0.0,
TAXI,0.1,P_service,0.0,0.0,
TAXI,0.1,P_service,0.0,0.0,
TAXI,0.1,P_service,0.0,0.0,
TAXI,0.1,P_service,0.0,0.0,
TAXI,0.1,P_service,0.0,0.0,
TAXI,0.1,P_service,0.0,0.0,
TAXI,0.1,P_service,0.0,0.0,
TAXI,0.1,P_service,0.0,0.0,
TAXI,0.1,P_service,0.0,0.0,
TAXI,0.1,P_service,0.0,0.0,
TAXI,0.1,P_service,0.0,0.0,
TAXI,0.1,P_service,0.0,0.0,
TAXI,0.1,P_service,0.0,0.0,
TAXI,0.1,P_service,0.0,0.0,
TAXI,0.1,P_service,0.0,0.0,
TAXI,0.1,P_service,0.0,0.0,
TAXI,0.1,P_service,0.0,0.0,
TAXI,0.1,P_service,0.0,0.0,
TAXI,0.1,P_service,0.0,0.0,
TAXI,0.1,P_service,0.0,0.0,
TAXI,0.1,P_service,0.0,0.0,
TAXI,0.1,P_service,0.0,0.0,
TAXI,0.1,P_service,0.0,0.0,
TAXI,0.1,P_service,0.0,0.0,
TAXI,0.1,P_service,0.0,0.0,
TAXI,0.1,P_service,0.0,0.0,
TAXI,0.1,P_service,0.0,0.0,
TAXI,0.1,P_service,0.0,0.0,
TAXI,0.1,P_service,0.0,0.0,
TAXI,0.1,P_service,0.0,0.0,
TAXI,0.1,P_service,0.0,0.0,
TAXI,0.1,P_service,0.0,0.0,
TAXI,0.1,P_service,0.0,0.0,
TAXI,0.1,P_service,0.0,0.0,
TAXI,0.1,P_service,0.0,0.0,
TAXI,0.1,P_service,0.0,0.0,
TAXI,0.1,P_service,0.0,0.0,
TAXI,0.1,P_service,0.0,0.0,
TAXI,0.1,P_service,0.0,0.0,
TAXI,0.1,P_service,0.0,0.0,
TAXI,0.1,P_service,0.0,0.0,
TAXI,0.1,P_service,0.0,0.0,
TAXI,0.1,P_service,0.0,0.0,
TAXI,0.1,P_service,0.0,0.0,
TAXI,0.1,P_service,0.0,0.0,
TAXI,0.1,P_service,0.0,0.0,
TAXI,0.1,P_service,0.0,0.0,
TAXI,0.1,P_service,0.0,0.0,
TAXI,0.1,P_service,0.0,0.0,
TAXI,0.1,P_service,0.0,0.0,
TAXI,0.1,P_service,0.0,0.0,
TAXI,0.1,P_service,0.0,0.0,
TAXI,0.1,P_service,0.0,0.0,
TAXI,0.1,P_service,0.0,0.0,
TAXI,0.1,P_service,0.0,0.0,
TAXI,0.1,P_service,0.0,0.0,
TAXI,0.1,P_service,0.0,0.0,
TAXI,0.1,P_service,0.0,0.0,
TAXI,0.1,P_service,0.0,0.0,
TAXI,0.1,P_service,0.0,0.0,
TAXI,0.1,P_service,0.0,0.0,
TAXI,0.1,P_service,0.0,0.0,
TAXI,0.1,P_service,0.0,0.0,
TAXI,0.1,R_operating,0.0,0.0,
TAXI,0.1,R_operating,0.0,0.0,
TAXI,0.1,R_operating,0.0,0.0,
TAXI,0.1,R_operating,0.0,0.0,
TAXI,0.1,R_operating,0.0,0.0,
TAXI,0.1,R_operating,0.0,0.0,
TAXI,0.1,R_operating,0.0,0.0,
TAXI,0.1,R_operating,0.0,0.0,
TAXI,0.1,R_operating,0.0,0.0,
TAXI,0.1,R_operating,0.7545723947356542,0.7545723947356542,1.0
TAXI,0.1,R_operating,0.7545723947356542,0.7545723947356542,1.0
TAXI,0.1,R_operating,0.7545723947356542,0.7545723947356542,1.0
TAXI,0.1,R_operating,0.7545723947356542,0.7545723947356542,1.0
TAXI,0.1,R_operating,0.7545723947356542,0.7545723947356542,1.0
TAXI,0.1,R_operating,0.7545723947356542,0.7545723947356542,1.0
TAXI,0.1,R_operating,0.7545723947356542,0.7545723947356542,1.0
TAXI,0.1,R_operating,0.7545723947356542,0.7545723947356542,1.0
TAXI,0.1,R_operating,1.390940634828652,1.390940634828652,1.0
TAXI,0.1,R_operating,1.9223548185914177,1.9223548185914177,1.0
TAXI,0.1,R_operating,1.9223548185914177,1.9223548185914177,1.0
TAXI,0.1,R_operating,2.474916834480128,2.474916834480128,1.0
TAXI,0.1,R_operating,2.993219201144412,2.474916834480128,0.8268411593557468
TAXI,0.1,R_operating,2.993219201144412,2.474916834480128,0.8268411593557468
TAXI,0.1,R_operating,2.993219201144412,2.474916834480128,0.8268411593557468
TAXI,0.1,R_operating,2.993219201144412,2.474916834480128,0.8268411593557468
TAXI,0.1,R_operating,2.993219201144412,2.474916834480128,0.8268411593557468
TAXI,0.1,R_operating,2.993219201144412,2.474916834480128,0.8268411593557468
TAXI,0.1,R_operating,2.993219201144412,2.474916834480128,0.8268411593557468
TAXI,0.1,R_operating,2.993219201144412,2.474916834480128,0.8268411593557468
TAXI,0.1,R_operating,2.993219201144412,2.474916834480128,0.8268411593557468
TAXI,0.1,R_operating,2.993219201144412,2.474916834480128,0.8268411593557468
TAXI,0.1,R_operating,2.993219201144412,2.474916834480128,0.8268411593557468
TAXI,0.1,R_operating,2.993219201144412,3.0171859904453147,1.0080070277819075
TAXI,0.1,R_operating,3.5629073413495194,3.586874130650422,1.006726750657463
TAXI,0.1,R_operating,3.5629073413495194,3.586874130650422,1.006726750657463
TAXI,0.1,R_operating,3.5629073413495194,3.586874130650422,1.006726750657463
TAXI,0.1,R_operating,4.147888230148119,4.171855019449022,1.0057780701820036
TAXI,0.1,R_operating,4.147888230148119,4.171855019449022,1.0057780701820036
TAXI,0.1,R_operating,4.147888230148119,4.171855019449022,1.0057780701820036
TAXI,0.1,R_operating,4.147888230148119,4.171855019449022,1.0057780701820036
TAXI,0.1,R_operating,4.147888230148119,4.171855019449022,1.0057780701820036
TAXI,0.1,R_operating,4.147888230148119,4.171855019449022,1.0057780701820036
TAXI,0.1,R_operating,4.147888230148119,4.171855019449022,1.0057780701820036
TAXI,0.1,R_operating,4.147888230148119,4.171855019449022,1.0057780701820036
TAXI,0.1,R_operating,4.147888230148119,4.171855019449022,1.0057780701820036
TAXI,0.1,R_operating,4.147888230148119,4.171855019449022,1.0057780701820036
TAXI,0.1,R_operating,4.147888230148119,4.171855019449022,1.0057780701820036
TAXI,0.1,R_operating,4.147888230148119,4.171855019449022,1.0057780701820036
TAXI,0.1,R_operating,4.147888230148119,4.171855019449022,1.0057780701820036
TAXI,0.1,R_operating,4.147888230148119,4.171855019449022,1.0057780701820036
TAXI,0.1,R_operating,4.147888230148119,4.171855019449022,1.0057780701820036
TAXI,0.1,R_operating,4.147888230148119,4.171855019449022,1.0057780701820036
TAXI,0.1,R_operating,4.147888230148119,4.171855019449022,1.0057780701820036
TAXI,0.1,R_operating,4.147888230148119,4.171855019449022,1.0057780701820036
TAXI,0.1,R_operating,4.147888230148119,4.171855019449022,1.0057780701820036
TAXI,0.1,R_operating,4.147888230148119,4.171855019449022,1.0057780701820036
TAXI,0.1,R_operating,4.147888230148119,4.171855019449022,1.0057780701820036
TAXI,0.1,R_operating,4.147888230148119,4.171855019449022,1.0057780701820036
TAXI,0.1,R_operating,4.147888230148119,4.171855019449022,1.0057780701820036
TAXI,0.1,R_operating,4.147888230148119,4.171855019449022,1.0057780701820036
TAXI,0.1,R_operating,4.147888230148119,4.171855019449022,1.0057780701820036
TAXI,0.1,R_operating,4.147888230148119,4.171855019449022,1.0057780701820036
TAXI,0.1,R_operating,4.147888230148119,4.171855019449022,1.0057780701820036
TAXI,0.1,R_operating,4.147888230148119,4.171855019449022,1.0057780701820036
TAXI,0.1,R_operating,4.147888230148119,4.171855019449022,1.0057780701820036
TAXI,0.1,R_operating,4.147888230148119,4.171855019449022,1.0057780701820036
TAXI,0.1,R_operating,4.147888230148119,4.171855019449022,1.0057780701820036
PRE,0.2,F,0.0,0.0,
PRE,0.2,F,0.0,0.0,
PRE,0.2,F,0.40273214625833814,0.40273214625833814,1.0
PRE,0.2,F,1.1002839655336905,1.1002839655336905,1.0
PRE,0.2,F,1.1002839655336905,1.1002839655336905,1.0
PRE,0.2,F,1.1002839655336905,1.1002839655336905,1.0
PRE,0.2,F,1.1002839655336905,1.1002839655336905,1.0
PRE,0.2,F,1.1002839655336905,1.1002839655336905,1.0
PRE,0.2,F,1.1002839655336905,1.1002839655336905,1.0
PRE,0.2,F,1.1002839655336905,1.1002839655336905,1.0
PRE,0.2,F,1.555095998985081,1.555095998985081,1.0
PRE,0.2,F,1.555095998985081,1.555095998985081,1.0
PRE,0.2,F,1.555095998985081,1.555095998985081,1.0
PRE,0.2,F,1.555095998985081,1.555095998985081,1.0
PRE,0.2,F,1.555095998985081,1.555095998985081,1.0
PRE,0.2,F,1.92523227996434,1.555095998985081,0.8077446109587801
PRE,0.2,F,1.92523227996434,1.555095998985081,0.8077446109587801
PRE,0.2,F,1.92523227996434,1.555095998985081,0.8077446109587801
PRE,0.2,F,1.92523227996434,1.555095998985081,0.8077446109587801
PRE,0.2,F,1.92523227996434,1.555095998985081,0.8077446109587801
PRE,0.2,F,2.2406506006017777,1.555095998985081,0.6940377043022347
PRE,0.2,F,2.2406506006017777,1.555095998985081,0.6940377043022347
PRE,0.2,F,2.2406506006017777,1.555095998985081,0.6940377043022347
PRE,0.2,F,2.2406506006017777,1.555095998985081,0.6940377043022347
PRE,0.2,F,2.2406506006017777,1.555095998985081,0.6940377043022347
PRE,0.2,F,2.5301504655012743,1.555095998985081,0.6146258968345524
PRE,0.2,F,2.5301504655012743,1.9535668220463454,0.7721148796023497
PRE,0.2,F,2.5301504655012743,1.9535668220463454,0.7721148796023497
PRE,0.2,F,2.5301504655012743,1.9535668220463454,0.7721148796023497
PRE,0.2,F,2.5301504655012743,1.9535668220463454,0.7721148796023497
PRE,0.2,F,2.5301504655012743,2.418023495640327,0.9556836751846168
PRE,0.2,F,3.1695553930303038,3.0574284231693563,0.9646237544522777
PRE,0.2,F,3.1695553930303038,3.559960974966262,1.1231736106567
PRE,0.2,F,3.1695553930303038,3.559960974966262,1.1231736106567
PRE,0.2,F,3.1695553930303038,3.559960974966262,1.1231736106567
PRE,0.2,F,3.1695553930303038,3.559960974966262,1.1231736106567
PRE,0.2,F,3.1695553930303038,3.559960974966262,1.1231736106567
PRE,0.2,F,3.1695553930303038,3.559960974966262,1.1231736106567
PRE,0.2,F,3.1695553930303038,4.038496334434363,1.2741523127549113
PRE,0.2,F,3.5065988240244623,4.038496334434363,1.1516847341548615
PRE,0.2,F,4.169494928090812,4.701392438500712,1.1275688109910842
PRE,0.2,F,4.169494928090812,4.701392438500712,1.1275688109910842
PRE,0.2,F,4.169494928090812,5.113124456730666,1.2263174664831495
PRE,0.2,F,4.169494928090812,5.113124456730666,1.2263174664831495
PRE,0.2,F,4.169494928090812,5.113124456730666,1.2263174664831495
PRE,0.2,F,4.169494928090812,5.113124456730666,1.2263174664831495
PRE,0.2,F,4.5190843047934885,5.113124456730666,1.1314514427861118
PRE,0.2,F,4.5190843047934885,5.113124456730666,1.1314514427861118
PRE,0.2,P,0.0,0.0,
PRE,0.2,P,0.0,0.0,
PRE,0.2,P,1.007658176102858,1.007658176102858,1.0
PRE,0.2,P,3.0430922742578472,3.0430922742578472,1.0
PRE,0.2,P,3.0430922742578472,3.0430922742578472,1.0
PRE,0.2,P,3.0430922742578472,3.0430922742578472,1.0
PRE,0.2,P,3.0430922742578472,3.0430922742578472,1.0
PRE,0.2,P,3.0430922742578472,3.0430922742578472,1.0
PRE,0.2,P,3.0430922742578472,3.0430922742578472,1.0
PRE,0.2,P,3.0430922742578472,3.0430922742578472,1.0
PRE,0.2,P,5.298141504608693,5.298141504608693,1.0
PRE,0.2,P,5.298141504608693,5.298141504608693,1.0
PRE,0.2,P,5.298141504608693,5.298141504608693,1.0
PRE,0.2,P,5.298141504608693,5.298141504608693,1.0
PRE,0.2,P,5.298141504608693,5.298141504608693,1.0
PRE,0.2,P,6.565402270613308,5.298141504608693,0.806978961262303
PRE,0.2,P,6.565402270613308,5.298141504608693,0.806978961262303
PRE,0.2,P,6.565402270613308,5.298141504608693,0.806978961262303
PRE,0.2,P,6.565402270613308,5.298141504608693,0.806978961262303
PRE,0.2,P,6.565402270613308,5.298141504608693,0.806978961262303
PRE,0.2,P,7.660180139602295,5.298141504608693,0.6916471163932398
PRE,0.2,P,7.660180139602295,5.298141504608693,0.6916471163932398
PRE,0.2,P,7.660180139602295,5.298141504608693,0.6916471163932398
PRE,0.2,P,7.660180139602295,5.298141504608693,0.6916471163932398
PRE,0.2,P,7.660180139602295,5.298141504608693,0.6916471163932398
PRE,0.2,P,8.764999561213408,5.298141504608693,0.6044656896566039
PRE,0.2,P,8.764999561213408,5.886315361647632,0.6715705255360838
PRE,0.2,P,8.764999561213408,5.886315361647632,0.6715705255360838
PRE,0.2,P,8.764999561213408,5.886315361647632,0.6715705255360838
PRE,0.2,P,8.764999561213408,5.886315361647632,0.6715705255360838
PRE,0.2,P,8.764999561213408,6.308606289170771,0.7197497552752211
PRE,0.2,P,9.953085835476791,7.496692563434156,0.7532028445603207
PRE,0.2,P,9.953085835476791,8.071984385912915,0.811003192310582
PRE,0.2,P,9.953085835476791,8.071984385912915,0.811003192310582
PRE,0.2,P,9.953085835476791,8.071984385912915,0.811003192310582
PRE,0.2,P,9.953085835476791,8.071984385912915,0.811003192310582
PRE,0.2,P,9.953085835476791,8.071984385912915,0.811003192310582
PRE,0.2,P,9.953085835476791,8.071984385912915,0.811003192310582
PRE,0.2,P,9.953085835476791,8.742695415405983,0.8783904368877749
PRE,0.2,P,11.43508609683402,8.742695415405983,0.7645500297393067
PRE,0.2,P,13.275296814505438,10.582906133077401,0.7971879108204828
PRE,0.2,P,13.275296814505438,10.582906133077401,0.7971879108204828
PRE,0.2,P,13.275296814505438,10.757365138744971,0.8103295383189313
PRE,0.2,P,13.275296814505438,10.757365138744971,0.8103295383189313
PRE,0.2,P,13.275296814505438,10.757365138744971,0.8103295383189313
PRE,0.2,P,13.275296814505438,10.757365138744971,0.8103295383189313
PRE,0.2,P,14.269900494306107,10.757365138744971,0.7538500456283709
PRE,0.2,P,14.269900494306107,10.757365138744971,0.7538500456283709
PRE,0.2,R,0.0,0.0,
PRE,0.2,R,0.0,0.0,
PRE,0.2,R,0.2326121909543872,0.2326121909543872,1.0
PRE,0.2,R,0.5230630138888956,0.5230630138888956,1.0
PRE,0.2,R,0.5230630138888956,0.5230630138888956,1.0
PRE,0.2,R,0.5230630138888956,0.5230630138888956,1.0
PRE,0.2,R,0.5230630138888956,0.5230630138888956,1.0
PRE,0.2,R,0.5230630138888956,0.5230630138888956,1.0
PRE,0.2,R,0.5230630138888956,0.5230630138888956,1.0
PRE,0.2,R,0.5230630138888956,0.5230630138888956,1.0
PRE,0.2,R,0.7702009207336233,0.7702009207336233,1.0
PRE,0.2,R,0.7702009207336233,0.7702009207336233,1.0
PRE,0.2,R,0.7702009207336233,0.7702009207336233,1.0
PRE,0.2,R,0.7702009207336233,0.7702009207336233,1.0
PRE,0.2,R,0.7702009207336233,0.7702009207336233,1.0
PRE,0.2,R,0.7930994218913839,0.7702009207336233,0.9711278302244223
PRE,0.2,R,0.7930994218913839,0.7702009207336233,0.9711278302244223
PRE,0.2,R,0.7930994218913839,0.7702009207336233,0.9711278302244223
PRE,0.2,R,0.7930994218913839,0.7702009207336233,0.9711278302244223
PRE,0.2,R,0.7930994218913839,0.7702009207336233,0.9711278302244223
PRE,0.2,R,0.8917074514320121,0.7702009207336233,0.8637372262581647
PRE,0.2,R,0.8917074514320121,0.7702009207336233,0.8637372262581647
PRE,0.2,R,0.8917074514320121,0.7702009207336233,0.8637372262581647
PRE,0.2,R,0.8917074514320121,0.7702009207336233,0.8637372262581647
PRE,0.2,R,0.8917074514320121,0.7702009207336233,0.8637372262581647
PRE,0.2,R,1.1917257343288155,0.7702009207336233,0.646290416114412
PRE,0.2,R,1.1917257343288155,1.098420909116976,0.9217061253910163
PRE,0.2,R,1.1917257343288155,1.098420909116976,0.9217061253910163
PRE,0.2,R,1.1917257343288155,1.098420909116976,0.9217061253910163
PRE,0.2,R,1.1917257343288155,1.098420909116976,0.9217061253910163
PRE,0.2,R,1.1917257343288155,1.207670471724123,1.013379536025785
PRE,0.2,R,1.2054102544542045,1.221354991849512,1.0132276437307455
PRE,0.2,R,1.2054102544542045,1.2908513605594636,1.0708813499715464
PRE,0.2,R,1.2054102544542045,1.2908513605594636,1.0708813499715464
PRE,0.2,R,1.2054102544542045,1.2908513605594636,1.0708813499715464
PRE,0.2,R,1.2054102544542045,1.2908513605594636,1.0708813499715464
PRE,0.2,R,1.2054102544542045,1.2908513605594636,1.0708813499715464
PRE,0.2,R,1.2054102544542045,1.2908513605594636,1.0708813499715464
PRE,0.2,R,1.2054102544542045,1.3262389218667523,1.1002386257840968
PRE,0.2,R,1.2762423715423434,1.3262389218667523,1.039174808358688
PRE,0.2,R,1.6640075570540143,1.7140041073784231,1.0300458673474557
PRE,0.2,R,1.6640075570540143,1.7140041073784231,1.0300458673474557
PRE,0.2,R,1.6640075570540143,1.9421922702342271,1.1671775539726006
PRE,0.2,R,1.6640075570540143,1.9421922702342271,1.1671775539726006
PRE,0.2,R,1.6640075570540143,1.9421922702342271,1.1671775539726006
PRE,0.2,R,1.6640075570540143,1.9421922702342271,1.1671775539726006
PRE,0.2,R,2.172862863178329,1.9421922702342271,0.8938402432785421
PRE,0.2,R,2.172862863178329,1.9421922702342271,0.8938402432785421
PRE,0.2,F_continuity,0.0,0.0,
PRE,0.2,F_continuity,0.0,0.0,
PRE,0.2,F_continuity,0.0,0.0,
PRE,0.2,F_continuity,0.0,0.0,
PRE,0.2,F_continuity,0.0,0.0,
PRE,0.2,F_continuity,0.0,0.0,
PRE,0.2,F_continuity,0.0,0.0,
PRE,0.2,F_continuity,0.0,0.0,
PRE,0.2,F_continuity,0.0,0.0,
PRE,0.2,F_continuity,0.0,0.0,
PRE,0.2,F_continuity,0.0,0.0,
PRE,0.2,F_continuity,0.0,0.0,
PRE,0.2,F_continuity,0.0,0.0,
PRE,0.2,F_continuity,0.0,0.0,
PRE,0.2,F_continuity,0.0,0.0,
PRE,0.2,F_continuity,0.004794034090909091,0.0,0.0
PRE,0.2,F_continuity,0.004794034090909091,0.0,0.0
PRE,0.2,F_continuity,0.004794034090909091,0.0,0.0
PRE,0.2,F_continuity,0.004794034090909091,0.0,0.0
PRE,0.2,F_continuity,0.004794034090909091,0.0,0.0
PRE,0.2,F_continuity,0.004794034090909091,0.0,0.0
PRE,0.2,F_continuity,0.004794034090909091,0.0,0.0
PRE,0.2,F_continuity,0.004794034090909091,0.0,0.0
PRE,0.2,F_continuity,0.004794034090909091,0.0,0.0
PRE,0.2,F_continuity,0.004794034090909091,0.0,0.0
PRE,0.2,F_continuity,0.004794034090909091,0.0,0.0
PRE,0.2,F_continuity,0.004794034090909091,0.0,0.0
PRE,0.2,F_continuity,0.004794034090909091,0.0,0.0
PRE,0.2,F_continuity,0.004794034090909091,0.0,0.0
PRE,0.2,F_continuity,0.004794034090909091,0.0,0.0
PRE,0.2,F_continuity,0.004794034090909091,0.0,0.0
PRE,0.2,F_continuity,0.028764204545454544,0.023970170454545452,0.8333333333333333
PRE,0.2,F_continuity,0.028764204545454544,0.023970170454545452,0.8333333333333333
PRE,0.2,F_continuity,0.028764204545454544,0.023970170454545452,0.8333333333333333
PRE,0.2,F_continuity,0.028764204545454544,0.023970170454545452,0.8333333333333333
PRE,0.2,F_continuity,0.028764204545454544,0.023970170454545452,0.8333333333333333
PRE,0.2,F_continuity,0.028764204545454544,0.023970170454545452,0.8333333333333333
PRE,0.2,F_continuity,0.028764204545454544,0.023970170454545452,0.8333333333333333
PRE,0.2,F_continuity,0.028764204545454544,0.023970170454545452,0.8333333333333333
PRE,0.2,F_continuity,0.028764204545454544,0.023970170454545452,0.8333333333333333
PRE,0.2,F_continuity,0.028764204545454544,0.023970170454545452,0.8333333333333333
PRE,0.2,F_continuity,0.028764204545454544,0.023970170454545452,0.8333333333333333
PRE,0.2,F_continuity,0.028764204545454544,0.023970170454545452,0.8333333333333333
PRE,0.2,F_continuity,0.028764204545454544,0.023970170454545452,0.8333333333333333
PRE,0.2,F_continuity,0.028764204545454544,0.023970170454545452,0.8333333333333333
PRE,0.2,F_continuity,0.028764204545454544,0.023970170454545452,0.8333333333333333
PRE,0.2,F_continuity,0.028764204545454544,0.023970170454545452,0.8333333333333333
PRE,0.2,F_continuity,0.028764204545454544,0.023970170454545452,0.8333333333333333
PRE,0.2,F_execution,0.0,0.0,
PRE,0.2,F_execution,0.0,0.0,
PRE,0.2,F_execution,0.4044038308510448,0.4044038308510448,1.0
PRE,0.2,F_execution,1.1256742183913422,1.1256742183913422,1.0
PRE,0.2,F_execution,1.1256742183913422,1.1256742183913422,1.0
PRE,0.2,F_execution,1.1256742183913422,1.1256742183913422,1.0
PRE,0.2,F_execution,1.1256742183913422,1.1256742183913422,1.0
PRE,0.2,F_execution,1.1256742183913422,1.1256742183913422,1.0
PRE,0.2,F_execution,1.1256742183913422,1.1256742183913422,1.0
PRE,0.2,F_execution,1.1256742183913422,1.1256742183913422,1.0
PRE,0.2,F_execution,1.5852546431809005,1.5852546431809005,1.0
PRE,0.2,F_execution,1.5852546431809005,1.5852546431809005,1.0
PRE,0.2,F_execution,1.5852546431809005,1.5852546431809005,1.0
PRE,0.2,F_execution,1.5852546431809005,1.5852546431809005,1.0
PRE,0.2,F_execution,1.5852546431809005,1.5852546431809005,1.0
PRE,0.2,F_execution,1.9905011462431181,1.5852546431809005,0.7964098117566614
PRE,0.2,F_execution,1.9905011462431181,1.5852546431809005,0.7964098117566614
PRE,0.2,F_execution,1.9905011462431181,1.5852546431809005,0.7964098117566614
PRE,0.2,F_execution,1.9905011462431181,1.5852546431809005,0.7964098117566614
PRE,0.2,F_execution,1.9905011462431181,1.5852546431809005,0.7964098117566614
PRE,0.2,F_execution,2.3227052007401543,1.5852546431809005,0.6825035922233017
PRE,0.2,F_execution,2.3227052007401543,1.5852546431809005,0.6825035922233017
PRE,0.2,F_execution,2.3227052007401543,1.5852546431809005,0.6825035922233017
PRE,0.2,F_execution,2.3227052007401543,1.5852546431809005,0.6825035922233017
PRE,0.2,F_execution,2.3227052007401543,1.5852546431809005,0.6825035922233017
PRE,0.2,F_execution,2.588812776017965,1.5852546431809005,0.6123481226090409
PRE,0.2,F_execution,2.588812776017965,1.9672185228076104,0.7598921563704301
PRE,0.2,F_execution,2.588812776017965,1.9672185228076104,0.7598921563704301
PRE,0.2,F_execution,2.588812776017965,1.9672185228076104,0.7598921563704301
PRE,0.2,F_execution,2.588812776017965,1.9672185228076104,0.7598921563704301
PRE,0.2,F_execution,2.588812776017965,2.463050092984785,0.9514207113785091
PRE,0.2,F_execution,3.287850684191983,3.1620880011588035,0.9617492717543873
PRE,0.2,F_execution,3.287850684191983,3.7075878052461153,1.1276630727399612
PRE,0.2,F_execution,3.287850684191983,3.7075878052461153,1.1276630727399612
PRE,0.2,F_execution,3.287850684191983,3.7075878052461153,1.1276630727399612
PRE,0.2,F_execution,3.287850684191983,3.7075878052461153,1.1276630727399612
PRE,0.2,F_execution,3.287850684191983,3.7075878052461153,1.1276630727399612
PRE,0.2,F_execution,3.287850684191983,3.7075878052461153,1.1276630727399612
PRE,0.2,F_execution,3.287850684191983,4.23274050811673,1.2873883015636283
PRE,0.2,F_execution,3.6492263265765774,4.23274050811673,1.1599007924749793
PRE,0.2,F_execution,4.313969185629619,4.897483367169771,1.1352615552943475
PRE,0.2,F_execution,4.313969185629619,4.897483367169771,1.1352615552943475
PRE,0.2,F_execution,4.313969185629619,5.312706320229756,1.231512347822756
PRE,0.2,F_execution,4.313969185629619,5.312706320229756,1.231512347822756
PRE,0.2,F_execution,4.313969185629619,5.312706320229756,1.231512347822756
PRE,0.2,F_execution,4.313969185629619,5.312706320229756,1.231512347822756
PRE,0.2,F_execution,4.6081693623132765,5.312706320229756,1.1528886858365825
PRE,0.2,F_execution,4.6081693623132765,5.312706320229756,1.1528886858365825
PRE,0.2,F_propagation,0.0,0.0,
PRE,0.2,F_propagation,0.0,0.0,
PRE,0.2,F_propagation,0.8037926079239696,0.8037926079239696,1.0
PRE,0.2,F_propagation,2.1751776782097294,2.1751776782097294,1.0
PRE,0.2,F_propagation,2.1751776782097294,2.1751776782097294,1.0
PRE,0.2,F_propagation,2.1751776782097294,2.1751776782097294,1.0
PRE,0.2,F_propagation,2.1751776782097294,2.1751776782097294,1.0
PRE,0.2,F_propagation,2.1751776782097294,2.1751776782097294,1.0
PRE,0.2,F_propagation,2.1751776782097294,2.1751776782097294,1.0
PRE,0.2,F_propagation,2.1751776782097294,2.1751776782097294,1.0
PRE,0.2,F_propagation,3.0800333537743425,3.0800333537743425,1.0
PRE,0.2,F_propagation,3.0800333537743425,3.0800333537743425,1.0
PRE,0.2,F_propagation,3.0800333537743425,3.0800333537743425,1.0
PRE,0.2,F_propagation,3.0800333537743425,3.0800333537743425,1.0
PRE,0.2,F_propagation,3.0800333537743425,3.0800333537743425,1.0
PRE,0.2,F_propagation,3.7804016595589927,3.0800333537743425,0.814737065302645
PRE,0.2,F_propagation,3.7804016595589927,3.0800333537743425,0.814737065302645
PRE,0.2,F_propagation,3.7804016595589927,3.0800333537743425,0.814737065302645
PRE,0.2,F_propagation,3.7804016595589927,3.0800333537743425,0.814737065302645
PRE,0.2,F_propagation,3.7804016595589927,3.0800333537743425,0.814737065302645
PRE,0.2,F_propagation,4.394452566974269,3.0800333537743425,0.700891250237126
PRE,0.2,F_propagation,4.394452566974269,3.0800333537743425,0.700891250237126
PRE,0.2,F_propagation,4.394452566974269,3.0800333537743425,0.700891250237126
PRE,0.2,F_propagation,4.394452566974269,3.0800333537743425,0.700891250237126
PRE,0.2,F_propagation,4.394452566974269,3.0800333537743425,0.700891250237126
PRE,0.2,F_propagation,4.996844586394948,3.0800333537743425,0.6163956674098765
PRE,0.2,F_propagation,4.996844586394948,3.893481943331426,0.7791881208257548
PRE,0.2,F_propagation,4.996844586394948,3.893481943331426,0.7791881208257548
PRE,0.2,F_propagation,4.996844586394948,3.893481943331426,0.7791881208257548
PRE,0.2,F_propagation,4.996844586394948,3.893481943331426,0.7791881208257548
PRE,0.2,F_propagation,4.996844586394948,4.791020393936196,0.9588091666850805
PRE,0.2,F_propagation,6.192051290353473,5.986227097894721,0.9667599341789364
PRE,0.2,F_propagation,6.192051290353473,6.948324949198127,1.1221362071116634
PRE,0.2,F_propagation,6.192051290353473,6.948324949198127,1.1221362071116634
PRE,0.2,F_propagation,6.192051290353473,6.948324949198127,1.1221362071116634
PRE,0.2,F_propagation,6.192051290353473,6.948324949198127,1.1221362071116634
PRE,0.2,F_propagation,6.192051290353473,6.948324949198127,1.1221362071116634
PRE,0.2,F_propagation,6.192051290353473,6.948324949198127,1.1221362071116634
PRE,0.2,F_propagation,6.192051290353473,7.858778324731816,1.2691720330183502
PRE,0.2,F_propagation,6.841805940951354,7.858778324731816,1.148640927930068
PRE,0.2,F_propagation,8.165751394097361,9.182723777877822,1.124541188520089
PRE,0.2,F_propagation,8.165751394097361,9.182723777877822,1.124541188520089
PRE,0.2,F_propagation,8.165751394097361,10.002696879507697,1.2249573121633581
PRE,0.2,F_propagation,8.165751394097361,10.002696879507697,1.2249573121633581
PRE,0.2,F_propagation,8.165751394097361,10.002696879507697,1.2249573121633581
PRE,0.2,F_propagation,8.165751394097361,10.002696879507697,1.2249573121633581
PRE,0.2,F_propagation,8.920319347521735,10.002696879507697,1.1213384285716936
PRE,0.2,F_propagation,8.920319347521735,10.002696879507697,1.1213384285716936
PRE,0.2,P_time,0.0,0.0,
PRE,0.2,P_time,0.0,0.0,
PRE,0.2,P_time,0.849650218381792,0.849650218381792,1.0
PRE,0.2,P_time,2.632580495884725,2.632580495884725,1.0
PRE,0.2,P_time,2.632580495884725,2.632580495884725,1.0
PRE,0.2,P_time,2.632580495884725,2.632580495884725,1.0
PRE,0.2,P_time,2.632580495884725,2.632580495884725,1.0
PRE,0.2,P_time,2.632580495884725,2.632580495884725,1.0
PRE,0.2,P_time,2.632580495884725,2.632580495884725,1.0
PRE,0.2,P_time,2.632580495884725,2.632580495884725,1.0
PRE,0.2,P_time,3.9320906358394225,3.9320906358394225,1.0
PRE,0.2,P_time,3.9320906358394225,3.9320906358394225,1.0
PRE,0.2,P_time,3.9320906358394225,3.9320906358394225,1.0
PRE,0.2,P_time,3.9320906358394225,3.9320906358394225,1.0
PRE,0.2,P_time,3.9320906358394225,3.9320906358394225,1.0
PRE,0.2,P_time,4.764940128562212,3.9320906358394225,0.8252130204678781
PRE,0.2,P_time,4.764940128562212,3.9320906358394225,0.8252130204678781
PRE,0.2,P_time,4.764940128562212,3.9320906358394225,0.8252130204678781
PRE,0.2,P_time,4.764940128562212,3.9320906358394225,0.8252130204678781
PRE,0.2,P_time,4.764940128562212,3.9320906358394225,0.8252130204678781
PRE,0.2,P_time,5.525634119947979,3.9320906358394225,0.711608939441767
PRE,0.2,P_time,5.525634119947979,3.9320906358394225,0.711608939441767
PRE,0.2,P_time,5.525634119947979,3.9320906358394225,0.711608939441767
PRE,0.2,P_time,5.525634119947979,3.9320906358394225,0.711608939441767
PRE,0.2,P_time,5.525634119947979,3.9320906358394225,0.711608939441767
PRE,0.2,P_time,6.114754068405351,3.9320906358394225,0.6430496781802478
PRE,0.2,P_time,6.114754068405351,4.524386960860907,0.739913152719944
PRE,0.2,P_time,6.114754068405351,4.524386960860907,0.739913152719944
PRE,0.2,P_time,6.114754068405351,4.524386960860907,0.739913152719944
PRE,0.2,P_time,6.114754068405351,4.524386960860907,0.739913152719944
PRE,0.2,P_time,6.114754068405351,4.951960128143512,0.809837987390214
PRE,0.2,P_time,6.959388152781917,5.796594212520078,0.8329172170405486
PRE,0.2,P_time,6.959388152781917,6.347135584019436,0.912024943095358
PRE,0.2,P_time,6.959388152781917,6.347135584019436,0.912024943095358
PRE,0.2,P_time,6.959388152781917,6.347135584019436,0.912024943095358
PRE,0.2,P_time,6.959388152781917,6.347135584019436,0.912024943095358
PRE,0.2,P_time,6.959388152781917,6.347135584019436,0.912024943095358
PRE,0.2,P_time,6.959388152781917,6.347135584019436,0.912024943095358
PRE,0.2,P_time,6.959388152781917,6.7429024309811805,0.9688929950380482
PRE,0.2,P_time,8.143421672352636,6.7429024309811805,0.8280183321310384
PRE,0.2,P_time,9.600833887256005,8.20031464588455,0.8541252501795201
PRE,0.2,P_time,9.600833887256005,8.20031464588455,0.8541252501795201
PRE,0.2,P_time,9.600833887256005,8.566684640581714,0.8922854765723002
PRE,0.2,P_time,9.600833887256005,8.566684640581714,0.8922854765723002
PRE,0.2,P_time,9.600833887256005,8.566684640581714,0.8922854765723002
PRE,0.2,P_time,9.600833887256005,8.566684640581714,0.8922854765723002
PRE,0.2,P_time,10.777428212842871,8.566684640581714,0.7948728093009486
PRE,0.2,P_time,10.777428212842871,8.566684640581714,0.7948728093009486
PRE,0.2,P_itinerary,0.0,0.0,
PRE,0.2,P_itinerary,0.0,0.0,
PRE,0.2,P_itinerary,0.5376104497878743,0.5376104497878743,1.0
PRE,0.2,P_itinerary,0.8373703542769462,0.8373703542769462,1.0
PRE,0.2,P_itinerary,0.8373703542769462,0.8373703542769462,1.0
PRE,0.2,P_itinerary,0.8373703542769462,0.8373703542769462,1.0
PRE,0.2,P_itinerary,0.8373703542769462,0.8373703542769462,1.0
PRE,0.2,P_itinerary,0.8373703542769462,0.8373703542769462,1.0
PRE,0.2,P_itinerary,0.8373703542769462,0.8373703542769462,1.0
PRE,0.2,P_itinerary,0.8373703542769462,0.8373703542769462,1.0
PRE,0.2,P_itinerary,4.0806626716275245,4.0806626716275245,1.0
PRE,0.2,P_itinerary,4.0806626716275245,4.0806626716275245,1.0
PRE,0.2,P_itinerary,4.0806626716275245,4.0806626716275245,1.0
PRE,0.2,P_itinerary,4.0806626716275245,4.0806626716275245,1.0
PRE,0.2,P_itinerary,4.0806626716275245,4.0806626716275245,1.0
PRE,0.2,P_itinerary,5.209454021953226,4.0806626716275245,0.783318684536067
PRE,0.2,P_itinerary,5.209454021953226,4.0806626716275245,0.783318684536067
PRE,0.2,P_itinerary,5.209454021953226,4.0806626716275245,0.783318684536067
PRE,0.2,P_itinerary,5.209454021953226,4.0806626716275245,0.783318684536067
PRE,0.2,P_itinerary,5.209454021953226,4.0806626716275245,0.783318684536067
PRE,0.2,P_itinerary,7.733093637534417,4.0806626716275245,0.5276882529678748
PRE,0.2,P_itinerary,7.733093637534417,4.0806626716275245,0.5276882529678748
PRE,0.2,P_itinerary,7.733093637534417,4.0806626716275245,0.5276882529678748
PRE,0.2,P_itinerary,7.733093637534417,4.0806626716275245,0.5276882529678748
PRE,0.2,P_itinerary,7.733093637534417,4.0806626716275245,0.5276882529678748
PRE,0.2,P_itinerary,8.945094825030491,4.0806626716275245,0.4561899847287102
PRE,0.2,P_itinerary,8.945094825030491,4.126157300634248,0.4612759709475951
PRE,0.2,P_itinerary,8.945094825030491,4.126157300634248,0.4612759709475951
PRE,0.2,P_itinerary,8.945094825030491,4.126157300634248,0.4612759709475951
PRE,0.2,P_itinerary,8.945094825030491,4.126157300634248,0.4612759709475951
PRE,0.2,P_itinerary,8.945094825030491,4.228285396034696,0.47269318869632926
PRE,0.2,P_itinerary,9.477629102690873,4.760819673695078,0.5023217961065172
PRE,0.2,P_itinerary,9.477629102690873,5.050667392958958,0.5329040985076089
PRE,0.2,P_itinerary,9.477629102690873,5.050667392958958,0.5329040985076089
PRE,0.2,P_itinerary,9.477629102690873,5.050667392958958,0.5329040985076089
PRE,0.2,P_itinerary,9.477629102690873,5.050667392958958,0.5329040985076089
PRE,0.2,P_itinerary,9.477629102690873,5.050667392958958,0.5329040985076089
PRE,0.2,P_itinerary,9.477629102690873,5.050667392958958,0.5329040985076089
PRE,0.2,P_itinerary,9.477629102690873,5.994377869423656,0.6324765196521293
PRE,0.2,P_itinerary,9.919747913164173,5.994377869423656,0.6042873187804211
PRE,0.2,P_itinerary,10.576114210859007,6.650744167118491,0.6288457210768252
PRE,0.2,P_itinerary,10.576114210859007,6.650744167118491,0.6288457210768252
PRE,0.2,P_itinerary,10.576114210859007,6.807751189424038,0.643691156666424
PRE,0.2,P_itinerary,10.576114210859007,6.807751189424038,0.643691156666424
PRE,0.2,P_itinerary,10.576114210859007,6.807751189424038,0.643691156666424
PRE,0.2,P_itinerary,10.576114210859007,6.807751189424038,0.643691156666424
PRE,0.2,P_itinerary,12.38333092467415,6.807751189424038,0.5497512124027465
PRE,0.2,P_itinerary,12.38333092467415,6.807751189424038,0.5497512124027465
PRE,0.2,P_service,0.0,0.0,
PRE,0.2,P_service,0.0,0.0,
PRE,0.2,P_service,1.6357138601389078,1.6357138601389078,1.0
PRE,0.2,P_service,5.659325972611871,5.659325972611871,1.0
PRE,0.2,P_service,5.659325972611871,5.659325972611871,1.0
PRE,0.2,P_service,5.659325972611871,5.659325972611871,1.0
PRE,0.2,P_service,5.659325972611871,5.659325972611871,1.0
PRE,0.2,P_service,5.659325972611871,5.659325972611871,1.0
PRE,0.2,P_service,5.659325972611871,5.659325972611871,1.0
PRE,0.2,P_service,5.659325972611871,5.659325972611871,1.0
PRE,0.2,P_service,7.881671206359131,7.881671206359131,1.0
PRE,0.2,P_service,7.881671206359131,7.881671206359131,1.0
PRE,0.2,P_service,7.881671206359131,7.881671206359131,1.0
PRE,0.2,P_service,7.881671206359131,7.881671206359131,1.0
PRE,0.2,P_service,7.881671206359131,7.881671206359131,1.0
PRE,0.2,P_service,9.721812661324488,7.881671206359131,0.8107203338441353
PRE,0.2,P_service,9.721812661324488,7.881671206359131,0.8107203338441353
PRE,0.2,P_service,9.721812661324488,7.881671206359131,0.8107203338441353
PRE,0.2,P_service,9.721812661324488,7.881671206359131,0.8107203338441353
PRE,0.2,P_service,9.721812661324488,7.881671206359131,0.8107203338441353
PRE,0.2,P_service,9.721812661324488,7.881671206359131,0.8107203338441353
PRE,0.2,P_service,9.721812661324488,7.881671206359131,0.8107203338441353
PRE,0.2,P_service,9.721812661324488,7.881671206359131,0.8107203338441353
PRE,0.2,P_service,9.721812661324488,7.881671206359131,0.8107203338441353
PRE,0.2,P_service,9.721812661324488,7.881671206359131,0.8107203338441353
PRE,0.2,P_service,11.23514979020438,7.881671206359131,0.7015190143019673
PRE,0.2,P_service,11.23514979020438,9.00840182344774,0.8018052266024899
PRE,0.2,P_service,11.23514979020438,9.00840182344774,0.8018052266024899
PRE,0.2,P_service,11.23514979020438,9.00840182344774,0.8018052266024899
PRE,0.2,P_service,11.23514979020438,9.00840182344774,0.8018052266024899
PRE,0.2,P_service,11.23514979020438,9.745573343334103,0.8674181942666223
PRE,0.2,P_service,13.422240250957588,11.93266380408731,0.8890217714018339
PRE,0.2,P_service,13.422240250957588,12.81815018076035,0.9549933499250142
PRE,0.2,P_service,13.422240250957588,12.81815018076035,0.9549933499250142
PRE,0.2,P_service,13.422240250957588,12.81815018076035,0.9549933499250142
PRE,0.2,P_service,13.422240250957588,12.81815018076035,0.9549933499250142
PRE,0.2,P_service,13.422240250957588,12.81815018076035,0.9549933499250142
PRE,0.2,P_service,13.422240250957588,12.81815018076035,0.9549933499250142
PRE,0.2,P_service,13.422240250957588,13.490805945813111,1.0051083644439036
PRE,0.2,P_service,16.242088704985253,13.490805945813111,0.8306078233443166
PRE,0.2,P_service,19.648942345401302,16.89765958622916,0.8599780735874539
PRE,0.2,P_service,19.648942345401302,16.89765958622916,0.8599780735874539
PRE,0.2,P_service,19.648942345401302,16.89765958622916,0.8599780735874539
PRE,0.2,P_service,19.648942345401302,16.89765958622916,0.8599780735874539
PRE,0.2,P_service,19.648942345401302,16.89765958622916,0.8599780735874539
PRE,0.2,P_service,19.648942345401302,16.89765958622916,0.8599780735874539
PRE,0.2,P_service,19.648942345401302,16.89765958622916,0.8599780735874539
PRE,0.2,P_service,19.648942345401302,16.89765958622916,0.8599780735874539
PRE,0.2,R_operating,0.0,0.0,
PRE,0.2,R_operating,0.0,0.0,
PRE,0.2,R_operating,0.2326121909543872,0.2326121909543872,1.0
PRE,0.2,R_operating,0.5230630138888956,0.5230630138888956,1.0
PRE,0.2,R_operating,0.5230630138888956,0.5230630138888956,1.0
PRE,0.2,R_operating,0.5230630138888956,0.5230630138888956,1.0
PRE,0.2,R_operating,0.5230630138888956,0.5230630138888956,1.0
PRE,0.2,R_operating,0.5230630138888956,0.5230630138888956,1.0
PRE,0.2,R_operating,0.5230630138888956,0.5230630138888956,1.0
PRE,0.2,R_operating,0.5230630138888956,0.5230630138888956,1.0
PRE,0.2,R_operating,0.7702009207336233,0.7702009207336233,1.0
PRE,0.2,R_operating,0.7702009207336233,0.7702009207336233,1.0
PRE,0.2,R_operating,0.7702009207336233,0.7702009207336233,1.0
PRE,0.2,R_operating,0.7702009207336233,0.7702009207336233,1.0
PRE,0.2,R_operating,0.7702009207336233,0.7702009207336233,1.0
PRE,0.2,R_operating,0.7930994218913839,0.7702009207336233,0.9711278302244223
PRE,0.2,R_operating,0.7930994218913839,0.7702009207336233,0.9711278302244223
PRE,0.2,R_operating,0.7930994218913839,0.7702009207336233,0.9711278302244223
PRE,0.2,R_operating,0.7930994218913839,0.7702009207336233,0.9711278302244223
PRE,0.2,R_operating,0.7930994218913839,0.7702009207336233,0.9711278302244223
PRE,0.2,R_operating,0.8917074514320121,0.7702009207336233,0.8637372262581647
PRE,0.2,R_operating,0.8917074514320121,0.7702009207336233,0.8637372262581647
PRE,0.2,R_operating,0.8917074514320121,0.7702009207336233,0.8637372262581647
PRE,0.2,R_operating,0.8917074514320121,0.7702009207336233,0.8637372262581647
PRE,0.2,R_operating,0.8917074514320121,0.7702009207336233,0.8637372262581647
PRE,0.2,R_operating,1.1917257343288155,0.7702009207336233,0.646290416114412
PRE,0.2,R_operating,1.1917257343288155,1.098420909116976,0.9217061253910163
PRE,0.2,R_operating,1.1917257343288155,1.098420909116976,0.9217061253910163
PRE,0.2,R_operating,1.1917257343288155,1.098420909116976,0.9217061253910163
PRE,0.2,R_operating,1.1917257343288155,1.098420909116976,0.9217061253910163
PRE,0.2,R_operating,1.1917257343288155,1.207670471724123,1.013379536025785
PRE,0.2,R_operating,1.2054102544542045,1.221354991849512,1.0132276437307455
PRE,0.2,R_operating,1.2054102544542045,1.2908513605594636,1.0708813499715464
PRE,0.2,R_operating,1.2054102544542045,1.2908513605594636,1.0708813499715464
PRE,0.2,R_operating,1.2054102544542045,1.2908513605594636,1.0708813499715464
PRE,0.2,R_operating,1.2054102544542045,1.2908513605594636,1.0708813499715464
PRE,0.2,R_operating,1.2054102544542045,1.2908513605594636,1.0708813499715464
PRE,0.2,R_operating,1.2054102544542045,1.2908513605594636,1.0708813499715464
PRE,0.2,R_operating,1.2054102544542045,1.3262389218667523,1.1002386257840968
PRE,0.2,R_operating,1.2762423715423434,1.3262389218667523,1.039174808358688
PRE,0.2,R_operating,1.6640075570540143,1.7140041073784231,1.0300458673474557
PRE,0.2,R_operating,1.6640075570540143,1.7140041073784231,1.0300458673474557
PRE,0.2,R_operating,1.6640075570540143,1.9421922702342271,1.1671775539726006
PRE,0.2,R_operating,1.6640075570540143,1.9421922702342271,1.1671775539726006
PRE,0.2,R_operating,1.6640075570540143,1.9421922702342271,1.1671775539726006
PRE,0.2,R_operating,1.6640075570540143,1.9421922702342271,1.1671775539726006
PRE,0.2,R_operating,2.172862863178329,1.9421922702342271,0.8938402432785421
PRE,0.2,R_operating,2.172862863178329,1.9421922702342271,0.8938402432785421
TURN,0.2,F,0.0,0.0,
TURN,0.2,F,0.0,0.0,
TURN,0.2,F,0.0,0.0,
TURN,0.2,F,0.0,0.0,
TURN,0.2,F,0.6428345565604247,0.6428345565604247,1.0
TURN,0.2,F,0.6428345565604247,0.6428345565604247,1.0
TURN,0.2,F,0.6428345565604247,0.6428345565604247,1.0
TURN,0.2,F,1.2442910524802628,1.2442910524802628,1.0
TURN,0.2,F,1.2442910524802628,1.2442910524802628,1.0
TURN,0.2,F,1.2442910524802628,1.2442910524802628,1.0
TURN,0.2,F,1.2442910524802628,1.2442910524802628,1.0
TURN,0.2,F,1.2442910524802628,1.2442910524802628,1.0
TURN,0.2,F,1.2442910524802628,1.2442910524802628,1.0
TURN,0.2,F,1.2442910524802628,1.2442910524802628,1.0
TURN,0.2,F,2.1388422037185624,2.1388422037185624,1.0
TURN,0.2,F,2.1388422037185624,2.1388422037185624,1.0
TURN,0.2,F,2.1388422037185624,2.1388422037185624,1.0
TURN,0.2,F,2.1388422037185624,2.1388422037185624,1.0
TURN,0.2,F,2.63366994175554,2.63366994175554,1.0
TURN,0.2,F,2.63366994175554,3.132160321829453,1.1892759499474834
TURN,0.2,F,2.63366994175554,3.132160321829453,1.1892759499474834
TURN,0.2,F,2.63366994175554,3.132160321829453,1.1892759499474834
TURN,0.2,F,2.63366994175554,3.132160321829453,1.1892759499474834
TURN,0.2,F,2.63366994175554,3.132160321829453,1.1892759499474834
TURN,0.2,F,3.3626121436246272,3.8611025236985403,1.1482449830019885
TURN,0.2,F,3.3626121436246272,3.8611025236985403,1.1482449830019885
TURN,0.2,F,3.3626121436246272,3.8611025236985403,1.1482449830019885
TURN,0.2,F,3.979566761542521,4.478057141616434,1.1252624745213955
TURN,0.2,F,4.570697675075641,5.069188055149553,1.1090622078971046
TURN,0.2,F,4.570697675075641,5.069188055149553,1.1090622078971046
TURN,0.2,F,4.570697675075641,5.069188055149553,1.1090622078971046
TURN,0.2,F,5.266103849617972,5.764594229691884,1.0946601879319329
TURN,0.2,F,5.266103849617972,5.764594229691884,1.0946601879319329
TURN,0.2,F,5.266103849617972,5.764594229691884,1.0946601879319329
TURN,0.2,F,5.266103849617972,5.764594229691884,1.0946601879319329
TURN,0.2,F,5.266103849617972,5.764594229691884,1.0946601879319329
TURN,0.2,F,5.646695988495603,5.764594229691884,1.020879155073424
TURN,0.2,F,5.646695988495603,5.764594229691884,1.020879155073424
TURN,0.2,F,5.646695988495603,5.764594229691884,1.020879155073424
TURN,0.2,F,6.023607629438028,5.764594229691884,0.9570002869243479
TURN,0.2,F,6.023607629438028,5.764594229691884,0.9570002869243479
TURN,0.2,F,6.023607629438028,5.764594229691884,0.9570002869243479
TURN,0.2,F,6.023607629438028,5.764594229691884,0.9570002869243479
TURN,0.2,F,6.023607629438028,6.189154975484146,1.0274830892432418
TURN,0.2,F,6.512737767637549,6.678285113683667,1.0254190099390674
TURN,0.2,F,6.512737767637549,6.678285113683667,1.0254190099390674
TURN,0.2,F,6.512737767637549,6.678285113683667,1.0254190099390674
TURN,0.2,F,7.012683556678166,7.178230902724284,1.0236068467524773
TURN,0.2,F,7.012683556678166,7.178230902724284,1.0236068467524773
TURN,0.2,F,7.012683556678166,7.178230902724284,1.0236068467524773
TURN,0.2,F,7.328323111433015,7.178230902724284,0.9795188876873387
TURN,0.2,F,7.328323111433015,7.178230902724284,0.9795188876873387
TURN,0.2,F,7.328323111433015,7.178230902724284,0.9795188876873387
TURN,0.2,F,7.328323111433015,7.178230902724284,0.9795188876873387
TURN,0.2,F,7.328323111433015,7.683221859745659,1.048428370708568
TURN,0.2,F,7.328323111433015,7.683221859745659,1.048428370708568
TURN,0.2,F,7.328323111433015,7.683221859745659,1.048428370708568
TURN,0.2,F,7.328323111433015,7.683221859745659,1.048428370708568
TURN,0.2,F,7.328323111433015,7.683221859745659,1.048428370708568
TURN,0.2,F,7.328323111433015,7.683221859745659,1.048428370708568
TURN,0.2,F,7.85199463940483,8.206893387717475,1.0451985469439324
TURN,0.2,F,7.85199463940483,8.206893387717475,1.0451985469439324
TURN,0.2,F,7.85199463940483,8.738103334031905,1.112851413598805
TURN,0.2,F,8.347391841094577,9.233500535721651,1.106153959403789
TURN,0.2,F,8.347391841094577,9.233500535721651,1.106153959403789
TURN,0.2,F,8.347391841094577,9.233500535721651,1.106153959403789
TURN,0.2,F,8.347391841094577,9.233500535721651,1.106153959403789
TURN,0.2,F,8.347391841094577,9.233500535721651,1.106153959403789
TURN,0.2,F,8.347391841094577,9.233500535721651,1.106153959403789
TURN,0.2,F,8.347391841094577,9.233500535721651,1.106153959403789
TURN,0.2,F,8.347391841094577,9.74856544692368,1.1678576533248461
TURN,0.2,F,8.347391841094577,9.74856544692368,1.1678576533248461
TURN,0.2,F,8.347391841094577,9.74856544692368,1.1678576533248461
TURN,0.2,F,8.347391841094577,9.74856544692368,1.1678576533248461
TURN,0.2,F,8.347391841094577,9.74856544692368,1.1678576533248461
TURN,0.2,F,8.978440364210481,10.379613970039584,1.1560597998082616
TURN,0.2,F,8.978440364210481,10.379613970039584,1.1560597998082616
TURN,0.2,F,9.31972928824144,10.379613970039584,1.1137248356704292
TURN,0.2,F,9.31972928824144,10.379613970039584,1.1137248356704292
TURN,0.2,F,9.31972928824144,10.379613970039584,1.1137248356704292
TURN,0.2,F,9.687705103427744,10.379613970039584,1.0714213386168232
TURN,0.2,F,9.687705103427744,10.379613970039584,1.0714213386168232
TURN,0.2,F,10.469111714353721,11.16102058096556,1.0660905037113315
TURN,0.2,F,10.896825336040864,11.16102058096556,1.0242451573533882
TURN,0.2,F,10.896825336040864,11.16102058096556,1.0242451573533882
TURN,0.2,F,11.44553305949909,11.709728304423786,1.0230828257234756
TURN,0.2,F,11.44553305949909,11.709728304423786,1.0230828257234756
TURN,0.2,F,11.44553305949909,11.709728304423786,1.0230828257234756
TURN,0.2,F,11.44553305949909,11.709728304423786,1.0230828257234756
TURN,0.2,F,11.44553305949909,11.709728304423786,1.0230828257234756
TURN,0.2,F,11.44553305949909,11.709728304423786,1.0230828257234756
TURN,0.2,F,11.44553305949909,11.709728304423786,1.0230828257234756
TURN,0.2,F,12.292269344885597,12.556464589810293,1.0214927966116052
TURN,0.2,F,12.292269344885597,12.556464589810293,1.0214927966116052
TURN,0.2,F,12.292269344885597,12.556464589810293,1.0214927966116052
TURN,0.2,F,12.292269344885597,12.556464589810293,1.0214927966116052
TURN,0.2,F,12.292269344885597,12.556464589810293,1.0214927966116052
TURN,0.2,F,12.292269344885597,12.556464589810293,1.0214927966116052
TURN,0.2,F,12.292269344885597,12.556464589810293,1.0214927966116052
TURN,0.2,F,12.292269344885597,12.556464589810293,1.0214927966116052
TURN,0.2,F,12.292269344885597,12.556464589810293,1.0214927966116052
TURN,0.2,F,12.795749765500572,13.059945010425269,1.0206471093735368
TURN,0.2,F,12.795749765500572,13.059945010425269,1.0206471093735368
TURN,0.2,F,12.795749765500572,13.059945010425269,1.0206471093735368
TURN,0.2,F,12.795749765500572,13.059945010425269,1.0206471093735368
TURN,0.2,F,12.795749765500572,13.059945010425269,1.0206471093735368
TURN,0.2,F,12.795749765500572,13.059945010425269,1.0206471093735368
TURN,0.2,F,12.795749765500572,13.059945010425269,1.0206471093735368
TURN,0.2,F,12.795749765500572,13.059945010425269,1.0206471093735368
TURN,0.2,F,12.795749765500572,13.059945010425269,1.0206471093735368
TURN,0.2,F,13.390340313212699,13.654535558137395,1.0197302860677862
TURN,0.2,F,13.390340313212699,13.654535558137395,1.0197302860677862
TURN,0.2,F,13.390340313212699,13.654535558137395,1.0197302860677862
TURN,0.2,F,13.390340313212699,14.157245865789715,1.0572730441974119
TURN,0.2,F,13.390340313212699,14.157245865789715,1.0572730441974119
TURN,0.2,F,13.390340313212699,14.157245865789715,1.0572730441974119
TURN,0.2,F,13.390340313212699,14.157245865789715,1.0572730441974119
TURN,0.2,F,13.390340313212699,14.157245865789715,1.0572730441974119
TURN,0.2,F,13.390340313212699,14.157245865789715,1.0572730441974119
TURN,0.2,F,13.390340313212699,14.157245865789715,1.0572730441974119
TURN,0.2,P,0.0,0.0,
TURN,0.2,P,0.0,0.0,
TURN,0.2,P,0.0,0.0,
TURN,0.2,P,0.0,0.0,
TURN,0.2,P,1.82915080201459,1.82915080201459,1.0
TURN,0.2,P,1.82915080201459,1.82915080201459,1.0
TURN,0.2,P,1.82915080201459,1.82915080201459,1.0
TURN,0.2,P,4.0285998014477205,4.0285998014477205,1.0
TURN,0.2,P,4.0285998014477205,4.0285998014477205,1.0
TURN,0.2,P,4.0285998014477205,4.0285998014477205,1.0
TURN,0.2,P,4.0285998014477205,4.0285998014477205,1.0
TURN,0.2,P,4.0285998014477205,4.0285998014477205,1.0
TURN,0.2,P,4.0285998014477205,4.0285998014477205,1.0
TURN,0.2,P,4.0285998014477205,4.0285998014477205,1.0
TURN,0.2,P,5.776245986072864,5.776245986072864,1.0
TURN,0.2,P,5.776245986072864,5.776245986072864,1.0
TURN,0.2,P,5.776245986072864,5.776245986072864,1.0
TURN,0.2,P,5.776245986072864,5.776245986072864,1.0
TURN,0.2,P,7.331931886752084,7.331931886752084,1.0
TURN,0.2,P,7.331931886752084,7.771176676876358,1.0599084657234659
TURN,0.2,P,7.331931886752084,7.771176676876358,1.0599084657234659
TURN,0.2,P,7.331931886752084,7.771176676876358,1.0599084657234659
TURN,0.2,P,7.331931886752084,7.771176676876358,1.0599084657234659
TURN,0.2,P,7.331931886752084,7.771176676876358,1.0599084657234659
TURN,0.2,P,9.411785181661855,9.85102997178613,1.0466696574184575
TURN,0.2,P,9.411785181661855,9.85102997178613,1.0466696574184575
TURN,0.2,P,9.411785181661855,9.85102997178613,1.0466696574184575
TURN,0.2,P,10.672701772611099,11.111946562735373,1.0411559134212378
TURN,0.2,P,11.810251408107309,12.249496198231583,1.0371918238609847
TURN,0.2,P,11.810251408107309,12.249496198231583,1.0371918238609847
TURN,0.2,P,11.810251408107309,12.249496198231583,1.0371918238609847
TURN,0.2,P,13.026213629104774,13.465458419229048,1.0337200665236181
TURN,0.2,P,13.026213629104774,13.465458419229048,1.0337200665236181
TURN,0.2,P,13.026213629104774,13.465458419229048,1.0337200665236181
TURN,0.2,P,13.026213629104774,13.465458419229048,1.0337200665236181
TURN,0.2,P,13.026213629104774,13.465458419229048,1.0337200665236181
TURN,0.2,P,14.300818625793866,13.465458419229048,0.9415865463073485
TURN,0.2,P,14.300818625793866,13.465458419229048,0.9415865463073485
TURN,0.2,P,14.300818625793866,13.465458419229048,0.9415865463073485
TURN,0.2,P,16.225977388545495,13.465458419229048,0.8298704045239704
TURN,0.2,P,16.225977388545495,13.465458419229048,0.8298704045239704
TURN,0.2,P,16.225977388545495,13.465458419229048,0.8298704045239704
TURN,0.2,P,16.225977388545495,13.465458419229048,0.8298704045239704
TURN,0.2,P,16.225977388545495,13.644114344327624,0.8408808922635069
TURN,0.2,P,17.583346987682162,15.001483943464292,0.8531643010840559
TURN,0.2,P,17.583346987682162,15.001483943464292,0.8531643010840559
TURN,0.2,P,17.583346987682162,15.001483943464292,0.8531643010840559
TURN,0.2,P,18.595032306763606,16.013169262545734,0.8611530756373698
TURN,0.2,P,18.595032306763606,16.013169262545734,0.8611530756373698
TURN,0.2,P,18.595032306763606,16.013169262545734,0.8611530756373698
TURN,0.2,P,19.82305014149994,16.013169262545734,0.8078055167212563
TURN,0.2,P,19.82305014149994,16.013169262545734,0.8078055167212563
TURN,0.2,P,19.82305014149994,16.013169262545734,0.8078055167212563
TURN,0.2,P,19.82305014149994,16.013169262545734,0.8078055167212563
TURN,0.2,P,19.82305014149994,16.34171201832271,0.8243792908595342
TURN,0.2,P,19.82305014149994,16.34171201832271,0.8243792908595342
TURN,0.2,P,19.82305014149994,16.34171201832271,0.8243792908595342
TURN,0.2,P,19.82305014149994,16.34171201832271,0.8243792908595342
TURN,0.2,P,19.82305014149994,16.34171201832271,0.8243792908595342
TURN,0.2,P,19.82305014149994,16.34171201832271,0.8243792908595342
TURN,0.2,P,22.189010462488177,18.707672339310946,0.8431053007495473
TURN,0.2,P,22.189010462488177,18.707672339310946,0.8431053007495473
TURN,0.2,P,22.189010462488177,19.293680805469204,0.8695151520202445
TURN,0.2,P,24.50233129599743,21.60700163897846,0.8818345233340333
TURN,0.2,P,24.50233129599743,21.60700163897846,0.8818345233340333
TURN,0.2,P,24.50233129599743,21.60700163897846,0.8818345233340333
TURN,0.2,P,24.50233129599743,21.60700163897846,0.8818345233340333
TURN,0.2,P,24.50233129599743,21.60700163897846,0.8818345233340333
TURN,0.2,P,24.50233129599743,21.60700163897846,0.8818345233340333
TURN,0.2,P,24.50233129599743,21.60700163897846,0.8818345233340333
TURN,0.2,P,24.50233129599743,22.11934537655941,0.9027445229333222
TURN,0.2,P,24.50233129599743,22.11934537655941,0.9027445229333222
TURN,0.2,P,24.50233129599743,22.11934537655941,0.9027445229333222
TURN,0.2,P,24.50233129599743,22.11934537655941,0.9027445229333222
TURN,0.2,P,24.50233129599743,22.11934537655941,0.9027445229333222
TURN,0.2,P,27.159601135299752,24.77661521586173,0.9122599073687861
TURN,0.2,P,27.159601135299752,24.77661521586173,0.9122599073687861
TURN,0.2,P,28.668658473013032,24.77661521586173,0.8642404819599411
TURN,0.2,P,28.668658473013032,24.77661521586173,0.8642404819599411
TURN,0.2,P,28.668658473013032,24.77661521586173,0.8642404819599411
TURN,0.2,P,30.334333276308254,24.77661521586173,0.8167845652046285
TURN,0.2,P,30.334333276308254,24.77661521586173,0.8167845652046285
TURN,0.2,P,31.231971587372744,25.674253526926222,0.8220503612812732
TURN,0.2,P,32.54890836082929,25.674253526926222,0.7887900031026444
TURN,0.2,P,32.54890836082929,25.674253526926222,0.7887900031026444
TURN,0.2,P,33.862525223259865,26.987870389356797,0.7969833971749711
TURN,0.2,P,33.862525223259865,26.987870389356797,0.7969833971749711
TURN,0.2,P,33.862525223259865,26.987870389356797,0.7969833971749711
TURN,0.2,P,33.862525223259865,26.987870389356797,0.7969833971749711
TURN,0.2,P,33.862525223259865,26.987870389356797,0.7969833971749711
TURN,0.2,P,33.862525223259865,26.987870389356797,0.7969833971749711
TURN,0.2,P,33.862525223259865,26.987870389356797,0.7969833971749711
TURN,0.2,P,35.26347153759412,28.388816703691056,0.8050488356889637
TURN,0.2,P,35.26347153759412,28.388816703691056,0.8050488356889637
TURN,0.2,P,35.26347153759412,28.388816703691056,0.8050488356889637
TURN,0.2,P,35.26347153759412,28.388816703691056,0.8050488356889637
TURN,0.2,P,35.26347153759412,28.388816703691056,0.8050488356889637
TURN,0.2,P,35.26347153759412,28.388816703691056,0.8050488356889637
TURN,0.2,P,35.26347153759412,28.388816703691056,0.8050488356889637
TURN,0.2,P,35.26347153759412,28.388816703691056,0.8050488356889637
TURN,0.2,P,35.26347153759412,28.388816703691056,0.8050488356889637
TURN,0.2,P,36.82773882799022,29.953083994087148,0.8133294344783906
TURN,0.2,P,36.82773882799022,29.953083994087148,0.8133294344783906
TURN,0.2,P,36.82773882799022,29.953083994087148,0.8133294344783906
TURN,0.2,P,36.82773882799022,29.953083994087148,0.8133294344783906
TURN,0.2,P,36.82773882799022,29.953083994087148,0.8133294344783906
TURN,0.2,P,36.82773882799022,29.953083994087148,0.8133294344783906
TURN,0.2,P,36.82773882799022,29.953083994087148,0.8133294344783906
TURN,0.2,P,36.82773882799022,29.953083994087148,0.8133294344783906
TURN,0.2,P,36.82773882799022,29.953083994087148,0.8133294344783906
TURN,0.2,P,39.05474789541627,32.180093061513205,0.8239739031906561
TURN,0.2,P,39.05474789541627,32.180093061513205,0.8239739031906561
TURN,0.2,P,39.05474789541627,32.180093061513205,0.8239739031906561
TURN,0.2,P,39.05474789541627,32.92633407576532,0.8430814651252627
TURN,0.2,P,39.05474789541627,32.92633407576532,0.8430814651252627
TURN,0.2,P,39.05474789541627,32.92633407576532,0.8430814651252627
TURN,0.2,P,39.05474789541627,32.92633407576532,0.8430814651252627
TURN,0.2,P,39.05474789541627,32.92633407576532,0.8430814651252627
TURN,0.2,P,39.05474789541627,32.92633407576532,0.8430814651252627
TURN,0.2,P,39.05474789541627,32.92633407576532,0.8430814651252627
TURN,0.2,R,0.0,0.0,
TURN,0.2,R,0.0,0.0,
TURN,0.2,R,0.0,0.0,
TURN,0.2,R,0.0,0.0,
TURN,0.2,R,0.42963040823815396,0.42963040823815396,1.0
TURN,0.2,R,0.42963040823815396,0.42963040823815396,1.0
TURN,0.2,R,0.42963040823815396,0.42963040823815396,1.0
TURN,0.2,R,0.5579333069850692,0.5579333069850692,1.0
TURN,0.2,R,0.5579333069850692,0.5579333069850692,1.0
TURN,0.2,R,0.5579333069850692,0.5579333069850692,1.0
TURN,0.2,R,0.5579333069850692,0.5579333069850692,1.0
TURN,0.2,R,0.5579333069850692,0.5579333069850692,1.0
TURN,0.2,R,0.5579333069850692,0.5579333069850692,1.0
TURN,0.2,R,0.5579333069850692,0.5579333069850692,1.0
TURN,0.2,R,0.5579333069850692,0.5579333069850692,1.0
TURN,0.2,R,0.5579333069850692,0.5579333069850692,1.0
TURN,0.2,R,0.5579333069850692,0.5579333069850692,1.0
TURN,0.2,R,0.5579333069850692,0.5579333069850692,1.0
TURN,0.2,R,0.5615690524806269,0.5615690524806269,1.0
TURN,0.2,R,0.5615690524806269,0.9002106272091623,1.6030274874169956
TURN,0.2,R,0.5615690524806269,0.9002106272091623,1.6030274874169956
TURN,0.2,R,0.5615690524806269,0.9002106272091623,1.6030274874169956
TURN,0.2,R,0.5615690524806269,0.9002106272091623,1.6030274874169956
TURN,0.2,R,0.5615690524806269,0.9002106272091623,1.6030274874169956
TURN,0.2,R,1.0853292391751892,1.4239708139037246,1.3120173699419457
TURN,0.2,R,1.0853292391751892,1.4239708139037246,1.3120173699419457
TURN,0.2,R,1.0853292391751892,1.4239708139037246,1.3120173699419457
TURN,0.2,R,1.0853292391751892,1.4239708139037246,1.3120173699419457
TURN,0.2,R,1.1831521413390873,1.5217937160676227,1.2862198046189242
TURN,0.2,R,1.1831521413390873,1.5217937160676227,1.2862198046189242
TURN,0.2,R,1.1831521413390873,1.5217937160676227,1.2862198046189242
TURN,0.2,R,1.1831521413390873,1.5217937160676227,1.2862198046189242
TURN,0.2,R,1.1831521413390873,1.5217937160676227,1.2862198046189242
TURN,0.2,R,1.1831521413390873,1.5217937160676227,1.2862198046189242
TURN,0.2,R,1.1831521413390873,1.5217937160676227,1.2862198046189242
TURN,0.2,R,1.1831521413390873,1.5217937160676227,1.2862198046189242
TURN,0.2,R,1.1831521413390873,1.5217937160676227,1.2862198046189242
TURN,0.2,R,1.1831521413390873,1.5217937160676227,1.2862198046189242
TURN,0.2,R,1.1831521413390873,1.5217937160676227,1.2862198046189242
TURN,0.2,R,1.1831521413390873,1.5217937160676227,1.2862198046189242
TURN,0.2,R,1.1831521413390873,1.5217937160676227,1.2862198046189242
TURN,0.2,R,1.1831521413390873,1.5217937160676227,1.2862198046189242
TURN,0.2,R,1.1831521413390873,1.5217937160676227,1.2862198046189242
TURN,0.2,R,1.1831521413390873,1.7712975662128883,1.4971004187239523
TURN,0.2,R,1.2629413175498483,1.8510867424236492,1.465694974660283
TURN,0.2,R,1.2629413175498483,1.8510867424236492,1.465694974660283
TURN,0.2,R,1.2629413175498483,1.8510867424236492,1.465694974660283
TURN,0.2,R,1.622602511529212,2.210747936403013,1.3624704267957202
TURN,0.2,R,1.622602511529212,2.210747936403013,1.3624704267957202
TURN,0.2,R,1.622602511529212,2.210747936403013,1.3624704267957202
TURN,0.2,R,1.6845994609932946,2.210747936403013,1.3123285312578006
TURN,0.2,R,1.6845994609932946,2.210747936403013,1.3123285312578006
TURN,0.2,R,1.6845994609932946,2.210747936403013,1.3123285312578006
TURN,0.2,R,1.6845994609932946,2.210747936403013,1.3123285312578006
TURN,0.2,R,1.6845994609932946,2.42388672651733,1.4388504701812783
TURN,0.2,R,1.6845994609932946,2.42388672651733,1.4388504701812783
TURN,0.2,R,1.6845994609932946,2.42388672651733,1.4388504701812783
TURN,0.2,R,1.6845994609932946,2.42388672651733,1.4388504701812783
TURN,0.2,R,1.6845994609932946,2.42388672651733,1.4388504701812783
TURN,0.2,R,1.6845994609932946,2.42388672651733,1.4388504701812783
TURN,0.2,R,2.30084271140523,3.040129976929265,1.321311518540317
TURN,0.2,R,2.30084271140523,3.040129976929265,1.321311518540317
TURN,0.2,R,2.30084271140523,3.1205081984634573,1.3562457716014928
TURN,0.2,R,2.7913239965070806,3.610989483565308,1.293647562262179
TURN,0.2,R,2.7913239965070806,3.610989483565308,1.293647562262179
TURN,0.2,R,2.7913239965070806,3.610989483565308,1.293647562262179
TURN,0.2,R,2.7913239965070806,3.610989483565308,1.293647562262179
TURN,0.2,R,2.7913239965070806,3.610989483565308,1.293647562262179
TURN,0.2,R,2.7913239965070806,3.610989483565308,1.293647562262179
TURN,0.2,R,2.7913239965070806,3.610989483565308,1.293647562262179
TURN,0.2,R,2.7913239965070806,3.679837975025393,1.318312736045745
TURN,0.2,R,2.7913239965070806,3.679837975025393,1.318312736045745
TURN,0.2,R,2.7913239965070806,3.679837975025393,1.318312736045745
TURN,0.2,R,2.7913239965070806,3.679837975025393,1.318312736045745
TURN,0.2,R,2.7913239965070806,3.679837975025393,1.318312736045745
TURN,0.2,R,3.0885448259156965,3.9770588044340087,1.2876804542588707
TURN,0.2,R,3.0885448259156965,3.9770588044340087,1.2876804542588707
TURN,0.2,R,3.144852408472898,3.9770588044340087,1.2646249451067944
TURN,0.2,R,3.144852408472898,3.9770588044340087,1.2646249451067944
TURN,0.2,R,3.144852408472898,3.9770588044340087,1.2646249451067944
TURN,0.2,R,3.2228944752570077,3.9770588044340087,1.234002178776536
TURN,0.2,R,3.2228944752570077,3.9770588044340087,1.234002178776536
TURN,0.2,R,3.29535083474776,4.049515163924761,1.2288570677284891
TURN,0.2,R,3.29535083474776,4.049515163924761,1.2288570677284891
TURN,0.2,R,3.29535083474776,4.049515163924761,1.2288570677284891
TURN,0.2,R,3.435065384369327,4.189229713546329,1.21954875520236
TURN,0.2,R,3.435065384369327,4.189229713546329,1.21954875520236
TURN,0.2,R,3.435065384369327,4.189229713546329,1.21954875520236
TURN,0.2,R,3.435065384369327,4.189229713546329,1.21954875520236
TURN,0.2,R,3.435065384369327,4.189229713546329,1.21954875520236
TURN,0.2,R,3.435065384369327,4.189229713546329,1.21954875520236
TURN,0.2,R,3.435065384369327,4.189229713546329,1.21954875520236
TURN,0.2,R,3.6179049770319667,4.372069306208969,1.2084533269847508
TURN,0.2,R,3.6179049770319667,4.372069306208969,1.2084533269847508
TURN,0.2,R,3.6179049770319667,4.372069306208969,1.2084533269847508
TURN,0.2,R,3.6179049770319667,4.372069306208969,1.2084533269847508
TURN,0.2,R,3.6179049770319667,4.372069306208969,1.2084533269847508
TURN,0.2,R,3.6179049770319667,4.372069306208969,1.2084533269847508
TURN,0.2,R,3.6179049770319667,4.372069306208969,1.2084533269847508
TURN,0.2,R,3.6179049770319667,4.372069306208969,1.2084533269847508
TURN,0.2,R,3.6179049770319667,4.372069306208969,1.2084533269847508
TURN,0.2,R,3.6179049770319667,4.372069306208969,1.2084533269847508
TURN,0.2,R,3.6179049770319667,4.372069306208969,1.2084533269847508
TURN,0.2,R,3.6179049770319667,4.372069306208969,1.2084533269847508
TURN,0.2,R,3.6179049770319667,4.372069306208969,1.2084533269847508
TURN,0.2,R,3.6179049770319667,4.372069306208969,1.2084533269847508
TURN,0.2,R,3.6179049770319667,4.372069306208969,1.2084533269847508
TURN,0.2,R,3.6179049770319667,4.372069306208969,1.2084533269847508
TURN,0.2,R,3.6179049770319667,4.372069306208969,1.2084533269847508
TURN,0.2,R,3.6179049770319667,4.372069306208969,1.2084533269847508
TURN,0.2,R,3.642187538647076,4.3963518678240785,1.2070635630852615
TURN,0.2,R,3.642187538647076,4.3963518678240785,1.2070635630852615
TURN,0.2,R,3.642187538647076,4.3963518678240785,1.2070635630852615
TURN,0.2,R,3.642187538647076,4.465377291388095,1.2260152021295423
TURN,0.2,R,3.642187538647076,4.465377291388095,1.2260152021295423
TURN,0.2,R,3.642187538647076,4.465377291388095,1.2260152021295423
TURN,0.2,R,3.642187538647076,4.465377291388095,1.2260152021295423
TURN,0.2,R,3.642187538647076,4.465377291388095,1.2260152021295423
TURN,0.2,R,3.642187538647076,4.465377291388095,1.2260152021295423
TURN,0.2,R,3.642187538647076,4.465377291388095,1.2260152021295423
TURN,0.2,F_continuity,0.0,0.0,
TURN,0.2,F_continuity,0.0,0.0,
TURN,0.2,F_continuity,0.0,0.0,
TURN,0.2,F_continuity,0.0,0.0,
TURN,0.2,F_continuity,0.0,0.0,
TURN,0.2,F_continuity,0.0,0.0,
TURN,0.2,F_continuity,0.0,0.0,
TURN,0.2,F_continuity,0.0,0.0,
TURN,0.2,F_continuity,0.0,0.0,
TURN,0.2,F_continuity,0.0,0.0,
TURN,0.2,F_continuity,0.0,0.0,
TURN,0.2,F_continuity,0.0,0.0,
TURN,0.2,F_continuity,0.0,0.0,
TURN,0.2,F_continuity,0.0,0.0,
TURN,0.2,F_continuity,0.0,0.0,
TURN,0.2,F_continuity,0.0,0.0,
TURN,0.2,F_continuity,0.0,0.0,
TURN,0.2,F_continuity,0.0,0.0,
TURN,0.2,F_continuity,0.0,0.0,
TURN,0.2,F_continuity,0.0,0.0,
TURN,0.2,F_continuity,0.0,0.0,
TURN,0.2,F_continuity,0.0,0.0,
TURN,0.2,F_continuity,0.0,0.0,
TURN,0.2,F_continuity,0.0,0.0,
TURN,0.2,F_continuity,0.0,0.0,
TURN,0.2,F_continuity,0.0,0.0,
TURN,0.2,F_continuity,0.0,0.0,
TURN,0.2,F_continuity,0.0,0.0,
TURN,0.2,F_continuity,0.0,0.0,
TURN,0.2,F_continuity,0.0,0.0,
TURN,0.2,F_continuity,0.0,0.0,
TURN,0.2,F_continuity,0.0,0.0,
TURN,0.2,F_continuity,0.0,0.0,
TURN,0.2,F_continuity,0.0,0.0,
TURN,0.2,F_continuity,0.0,0.0,
TURN,0.2,F_continuity,0.0,0.0,
TURN,0.2,F_continuity,0.0,0.0,
TURN,0.2,F_continuity,0.0,0.0,
TURN,0.2,F_continuity,0.0,0.0,
TURN,0.2,F_continuity,0.0,0.0,
TURN,0.2,F_continuity,0.0,0.0,
TURN,0.2,F_continuity,0.0,0.0,
TURN,0.2,F_continuity,0.0,0.0,
TURN,0.2,F_continuity,0.0,0.0,
TURN,0.2,F_continuity,0.0,0.0,
TURN,0.2,F_continuity,0.0,0.0,
TURN,0.2,F_continuity,0.0,0.0,
TURN,0.2,F_continuity,0.0,0.0,
TURN,0.2,F_continuity,0.0,0.0,
TURN,0.2,F_continuity,0.0,0.0,
TURN,0.2,F_continuity,0.0,0.0,
TURN,0.2,F_continuity,0.0,0.0,
TURN,0.2,F_continuity,0.0,0.0,
TURN,0.2,F_continuity,0.0,0.0,
TURN,0.2,F_continuity,0.0,0.0,
TURN,0.2,F_continuity,0.0,0.0,
TURN,0.2,F_continuity,0.0,0.0,
TURN,0.2,F_continuity,0.0,0.0,
TURN,0.2,F_continuity,0.0,0.0,
TURN,0.2,F_continuity,0.0,0.0,
TURN,0.2,F_continuity,0.0,0.0,
TURN,0.2,F_continuity,0.0,0.0,
TURN,0.2,F_continuity,0.0,0.0,
TURN,0.2,F_continuity,0.0,0.0,
TURN,0.2,F_continuity,0.0,0.0,
TURN,0.2,F_continuity,0.0,0.0,
TURN,0.2,F_continuity,0.0,0.0,
TURN,0.2,F_continuity,0.0,0.0,
TURN,0.2,F_continuity,0.0,0.0,
TURN,0.2,F_continuity,0.0,0.0,
TURN,0.2,F_continuity,0.0,0.0,
TURN,0.2,F_continuity,0.0,0.0,
TURN,0.2,F_continuity,0.0,0.0,
TURN,0.2,F_continuity,0.0,0.0,
TURN,0.2,F_continuity,0.0,0.0,
TURN,0.2,F_continuity,0.0,0.0,
TURN,0.2,F_continuity,0.0,0.0,
TURN,0.2,F_continuity,0.0,0.0,
TURN,0.2,F_continuity,0.0,0.0,
TURN,0.2,F_continuity,0.0,0.0,
TURN,0.2,F_continuity,0.0,0.0,
TURN,0.2,F_continuity,0.0,0.0,
TURN,0.2,F_continuity,0.0,0.0,
TURN,0.2,F_continuity,0.0,0.0,
TURN,0.2,F_continuity,0.0,0.0,
TURN,0.2,F_continuity,0.0,0.0,
TURN,0.2,F_continuity,0.0,0.0,
TURN,0.2,F_continuity,0.0,0.0,
TURN,0.2,F_continuity,0.0,0.0,
TURN,0.2,F_continuity,0.0,0.0,
TURN,0.2,F_continuity,0.0,0.0,
TURN,0.2,F_continuity,0.0,0.0,
TURN,0.2,F_continuity,0.0,0.0,
TURN,0.2,F_continuity,0.0,0.0,
TURN,0.2,F_continuity,0.0,0.0,
TURN,0.2,F_continuity,0.0,0.0,
TURN,0.2,F_continuity,0.0,0.0,
TURN,0.2,F_continuity,0.0,0.0,
TURN,0.2,F_continuity,0.0,0.0,
TURN,0.2,F_continuity,0.0,0.0,
TURN,0.2,F_continuity,0.0,0.0,
TURN,0.2,F_continuity,0.0,0.0,
TURN,0.2,F_continuity,0.0,0.0,
TURN,0.2,F_continuity,0.0,0.0,
TURN,0.2,F_continuity,0.0,0.0,
TURN,0.2,F_continuity,0.0,0.0,
TURN,0.2,F_continuity,0.0,0.0,
TURN,0.2,F_continuity,0.0,0.0,
TURN,0.2,F_continuity,0.0,0.0,
TURN,0.2,F_continuity,0.0,0.0,
TURN,0.2,F_continuity,0.0,0.0,
TURN,0.2,F_continuity,0.0,0.0,
TURN,0.2,F_continuity,0.0,0.0,
TURN,0.2,F_continuity,0.0,0.0,
TURN,0.2,F_continuity,0.0,0.0,
TURN,0.2,F_continuity,0.0,0.0,
TURN,0.2,F_continuity,0.0,0.0,
TURN,0.2,F_continuity,0.0,0.0,
TURN,0.2,F_continuity,0.0,0.0,
TURN,0.2,F_continuity,0.0,0.0,
TURN,0.2,F_execution,0.0,0.0,
TURN,0.2,F_execution,0.0,0.0,
TURN,0.2,F_execution,0.0,0.0,
TURN,0.2,F_execution,0.0,0.0,
TURN,0.2,F_execution,0.6346994316897026,0.6346994316897026,1.0
TURN,0.2,F_execution,0.6346994316897026,0.6346994316897026,1.0
TURN,0.2,F_execution,0.6346994316897026,0.6346994316897026,1.0
TURN,0.2,F_execution,1.2792246310919462,1.2792246310919462,1.0
TURN,0.2,F_execution,1.2792246310919462,1.2792246310919462,1.0
TURN,0.2,F_execution,1.2792246310919462,1.2792246310919462,1.0
TURN,0.2,F_execution,1.2792246310919462,1.2792246310919462,1.0
TURN,0.2,F_execution,1.2792246310919462,1.2792246310919462,1.0
TURN,0.2,F_execution,1.2792246310919462,1.2792246310919462,1.0
TURN,0.2,F_execution,1.2792246310919462,1.2792246310919462,1.0
TURN,0.2,F_execution,2.273170354690057,2.273170354690057,1.0
TURN,0.2,F_execution,2.273170354690057,2.273170354690057,1.0
TURN,0.2,F_execution,2.273170354690057,2.273170354690057,1.0
TURN,0.2,F_execution,2.273170354690057,2.273170354690057,1.0
TURN,0.2,F_execution,2.8223056663060397,2.8223056663060397,1.0
TURN,0.2,F_execution,2.8223056663060397,3.313472463660659,1.1740303338573106
TURN,0.2,F_execution,2.8223056663060397,3.313472463660659,1.1740303338573106
TURN,0.2,F_execution,2.8223056663060397,3.313472463660659,1.1740303338573106
TURN,0.2,F_execution,2.8223056663060397,3.313472463660659,1.1740303338573106
TURN,0.2,F_execution,2.8223056663060397,3.313472463660659,1.1740303338573106
TURN,0.2,F_execution,3.535248818994922,4.026415616349541,1.1389341521636542
TURN,0.2,F_execution,3.535248818994922,4.026415616349541,1.1389341521636542
TURN,0.2,F_execution,3.535248818994922,4.026415616349541,1.1389341521636542
TURN,0.2,F_execution,4.220753950014804,4.711920747369423,1.1163694456420272
TURN,0.2,F_execution,4.8594507239101405,5.35061752126476,1.1010745504503034
TURN,0.2,F_execution,4.8594507239101405,5.35061752126476,1.1010745504503034
TURN,0.2,F_execution,4.8594507239101405,5.35061752126476,1.1010745504503034
TURN,0.2,F_execution,5.6321242511793965,6.123291048534016,1.0872080897810035
TURN,0.2,F_execution,5.6321242511793965,6.123291048534016,1.0872080897810035
TURN,0.2,F_execution,5.6321242511793965,6.123291048534016,1.0872080897810035
TURN,0.2,F_execution,5.6321242511793965,6.123291048534016,1.0872080897810035
TURN,0.2,F_execution,5.6321242511793965,6.123291048534016,1.0872080897810035
TURN,0.2,F_execution,6.055004405487876,6.123291048534016,1.0112777197955873
TURN,0.2,F_execution,6.055004405487876,6.123291048534016,1.0112777197955873
TURN,0.2,F_execution,6.055004405487876,6.123291048534016,1.0112777197955873
TURN,0.2,F_execution,6.473795117646127,6.123291048534016,0.9458580225752412
TURN,0.2,F_execution,6.473795117646127,6.123291048534016,0.9458580225752412
TURN,0.2,F_execution,6.473795117646127,6.123291048534016,0.9458580225752412
TURN,0.2,F_execution,6.473795117646127,6.123291048534016,0.9458580225752412
TURN,0.2,F_execution,6.473795117646127,6.548820793831851,1.011589133548762
TURN,0.2,F_execution,7.002497275606564,7.077522951792289,1.010714131435235
TURN,0.2,F_execution,7.002497275606564,7.077522951792289,1.010714131435235
TURN,0.2,F_execution,7.002497275606564,7.077522951792289,1.010714131435235
TURN,0.2,F_execution,7.491388671951812,7.5664143481375365,1.0100149223957136
TURN,0.2,F_execution,7.491388671951812,7.5664143481375365,1.0100149223957136
TURN,0.2,F_execution,7.491388671951812,7.5664143481375365,1.0100149223957136
TURN,0.2,F_execution,7.830618371778666,7.5664143481375365,0.9662601328404263
TURN,0.2,F_execution,7.830618371778666,7.5664143481375365,0.9662601328404263
TURN,0.2,F_execution,7.830618371778666,7.5664143481375365,0.9662601328404263
TURN,0.2,F_execution,7.830618371778666,7.5664143481375365,0.9662601328404263
TURN,0.2,F_execution,7.830618371778666,8.088045265177154,1.0328744016342628
TURN,0.2,F_execution,7.830618371778666,8.088045265177154,1.0328744016342628
TURN,0.2,F_execution,7.830618371778666,8.088045265177154,1.0328744016342628
TURN,0.2,F_execution,7.830618371778666,8.088045265177154,1.0328744016342628
TURN,0.2,F_execution,7.830618371778666,8.088045265177154,1.0328744016342628
TURN,0.2,F_execution,7.830618371778666,8.088045265177154,1.0328744016342628
TURN,0.2,F_execution,8.298356504634027,8.555783398032515,1.0310214309610264
TURN,0.2,F_execution,8.298356504634027,8.555783398032515,1.0310214309610264
TURN,0.2,F_execution,8.298356504634027,9.13113181587555,1.1003542461421703
TURN,0.2,F_execution,8.757967972233402,9.590743283474925,1.0950877319809555
TURN,0.2,F_execution,8.757967972233402,9.590743283474925,1.0950877319809555
TURN,0.2,F_execution,8.757967972233402,9.590743283474925,1.0950877319809555
TURN,0.2,F_execution,8.757967972233402,9.590743283474925,1.0950877319809555
TURN,0.2,F_execution,8.757967972233402,9.590743283474925,1.0950877319809555
TURN,0.2,F_execution,8.757967972233402,9.590743283474925,1.0950877319809555
TURN,0.2,F_execution,8.757967972233402,9.590743283474925,1.0950877319809555
TURN,0.2,F_execution,8.757967972233402,10.150287908614201,1.1589775094856551
TURN,0.2,F_execution,8.757967972233402,10.150287908614201,1.1589775094856551
TURN,0.2,F_execution,8.757967972233402,10.150287908614201,1.1589775094856551
TURN,0.2,F_execution,8.757967972233402,10.150287908614201,1.1589775094856551
TURN,0.2,F_execution,8.757967972233402,10.150287908614201,1.1589775094856551
TURN,0.2,F_execution,9.404092103582812,10.796412039963611,1.1480546894952621
TURN,0.2,F_execution,9.404092103582812,10.796412039963611,1.1480546894952621
TURN,0.2,F_execution,9.772874689069582,10.796412039963611,1.1047324746769545
TURN,0.2,F_execution,9.772874689069582,10.796412039963611,1.1047324746769545
TURN,0.2,F_execution,9.772874689069582,10.796412039963611,1.1047324746769545
TURN,0.2,F_execution,10.167284471353604,10.796412039963611,1.0618776400308834
TURN,0.2,F_execution,10.167284471353604,10.796412039963611,1.0618776400308834
TURN,0.2,F_execution,11.022096194698994,11.651223763309002,1.0570787586586825
TURN,0.2,F_execution,11.497333552129154,11.651223763309002,1.0133848609751215
TURN,0.2,F_execution,11.497333552129154,11.651223763309002,1.0133848609751215
TURN,0.2,F_execution,12.081135735671335,12.235025946851183,1.0127380582874723
TURN,0.2,F_execution,12.081135735671335,12.235025946851183,1.0127380582874723
TURN,0.2,F_execution,12.081135735671335,12.235025946851183,1.0127380582874723
TURN,0.2,F_execution,12.081135735671335,12.235025946851183,1.0127380582874723
TURN,0.2,F_execution,12.081135735671335,12.235025946851183,1.0127380582874723
TURN,0.2,F_execution,12.081135735671335,12.235025946851183,1.0127380582874723
TURN,0.2,F_execution,12.081135735671335,12.235025946851183,1.0127380582874723
TURN,0.2,F_execution,12.988094646718817,13.141984857898665,1.0118485594204323
TURN,0.2,F_execution,12.988094646718817,13.141984857898665,1.0118485594204323
TURN,0.2,F_execution,12.988094646718817,13.141984857898665,1.0118485594204323
TURN,0.2,F_execution,12.988094646718817,13.141984857898665,1.0118485594204323
TURN,0.2,F_execution,12.988094646718817,13.141984857898665,1.0118485594204323
TURN,0.2,F_execution,12.988094646718817,13.141984857898665,1.0118485594204323
TURN,0.2,F_execution,12.988094646718817,13.141984857898665,1.0118485594204323
TURN,0.2,F_execution,12.988094646718817,13.141984857898665,1.0118485594204323
TURN,0.2,F_execution,12.988094646718817,13.141984857898665,1.0118485594204323
TURN,0.2,F_execution,13.547517336291014,13.701407547470861,1.0113592924341648
TURN,0.2,F_execution,13.547517336291014,13.701407547470861,1.0113592924341648
TURN,0.2,F_execution,13.547517336291014,13.701407547470861,1.0113592924341648
TURN,0.2,F_execution,13.547517336291014,13.701407547470861,1.0113592924341648
TURN,0.2,F_execution,13.547517336291014,13.701407547470861,1.0113592924341648
TURN,0.2,F_execution,13.547517336291014,13.701407547470861,1.0113592924341648
TURN,0.2,F_execution,13.547517336291014,13.701407547470861,1.0113592924341648
TURN,0.2,F_execution,13.547517336291014,13.701407547470861,1.0113592924341648
TURN,0.2,F_execution,13.547517336291014,13.701407547470861,1.0113592924341648
TURN,0.2,F_execution,14.203676729746135,14.357566940925983,1.0108345334879076
TURN,0.2,F_execution,14.203676729746135,14.357566940925983,1.0108345334879076
TURN,0.2,F_execution,14.203676729746135,14.357566940925983,1.0108345334879076
TURN,0.2,F_execution,14.203676729746135,14.903351463583373,1.0492601139233153
TURN,0.2,F_execution,14.203676729746135,14.903351463583373,1.0492601139233153
TURN,0.2,F_execution,14.203676729746135,14.903351463583373,1.0492601139233153
TURN,0.2,F_execution,14.203676729746135,14.903351463583373,1.0492601139233153
TURN,0.2,F_execution,14.203676729746135,14.903351463583373,1.0492601139233153
TURN,0.2,F_execution,14.203676729746135,14.903351463583373,1.0492601139233153
TURN,0.2,F_execution,14.203676729746135,14.903351463583373,1.0492601139233153
TURN,0.2,F_propagation,0.0,0.0,
TURN,0.2,F_propagation,0.0,0.0,
TURN,0.2,F_propagation,0.0,0.0,
TURN,0.2,F_propagation,0.0,0.0,
TURN,0.2,F_propagation,1.2938042379915713,1.2938042379915713,1.0
TURN,0.2,F_propagation,1.2938042379915713,1.2938042379915713,1.0
TURN,0.2,F_propagation,1.2938042379915713,1.2938042379915713,1.0
TURN,0.2,F_propagation,2.4536485263488426,2.4536485263488426,1.0
TURN,0.2,F_propagation,2.4536485263488426,2.4536485263488426,1.0
TURN,0.2,F_propagation,2.4536485263488426,2.4536485263488426,1.0
TURN,0.2,F_propagation,2.4536485263488426,2.4536485263488426,1.0
TURN,0.2,F_propagation,2.4536485263488426,2.4536485263488426,1.0
TURN,0.2,F_propagation,2.4536485263488426,2.4536485263488426,1.0
TURN,0.2,F_propagation,2.4536485263488426,2.4536485263488426,1.0
TURN,0.2,F_propagation,4.143356256465631,4.143356256465631,1.0
TURN,0.2,F_propagation,4.143356256465631,4.143356256465631,1.0
TURN,0.2,F_propagation,4.143356256465631,4.143356256465631,1.0
TURN,0.2,F_propagation,4.143356256465631,4.143356256465631,1.0
TURN,0.2,F_propagation,5.078704158960581,5.078704158960581,1.0
TURN,0.2,F_propagation,5.078704158960581,6.083008501827702,1.1977481482348569
TURN,0.2,F_propagation,5.078704158960581,6.083008501827702,1.1977481482348569
TURN,0.2,F_propagation,5.078704158960581,6.083008501827702,1.1977481482348569
TURN,0.2,F_propagation,5.078704158960581,6.083008501827702,1.1977481482348569
TURN,0.2,F_propagation,5.078704158960581,6.083008501827702,1.1977481482348569
TURN,0.2,F_propagation,6.552587611878961,7.5568919547460816,1.1532683578387342
TURN,0.2,F_propagation,6.552587611878961,7.5568919547460816,1.1532683578387342
TURN,0.2,F_propagation,6.552587611878961,7.5568919547460816,1.1532683578387342
TURN,0.2,F_propagation,7.71794633461276,8.722250677479881,1.1301258520499302
TURN,0.2,F_propagation,8.85264230131678,9.856946644183902,1.1134468454370665
TURN,0.2,F_propagation,8.85264230131678,9.856946644183902,1.1134468454370665
TURN,0.2,F_propagation,8.85264230131678,9.856946644183902,1.1134468454370665
TURN,0.2,F_propagation,10.166187297674517,11.170491640541638,1.09878869171502
TURN,0.2,F_propagation,10.166187297674517,11.170491640541638,1.09878869171502
TURN,0.2,F_propagation,10.166187297674517,11.170491640541638,1.09878869171502
TURN,0.2,F_propagation,10.166187297674517,11.170491640541638,1.09878869171502
TURN,0.2,F_propagation,10.166187297674517,11.170491640541638,1.09878869171502
TURN,0.2,F_propagation,10.885083559998932,11.170491640541638,1.0262201092871293
TURN,0.2,F_propagation,10.885083559998932,11.170491640541638,1.0262201092871293
TURN,0.2,F_propagation,10.885083559998932,11.170491640541638,1.0262201092871293
TURN,0.2,F_propagation,11.597027770667959,11.170491640541638,0.9632202199942
TURN,0.2,F_propagation,11.597027770667959,11.170491640541638,0.9632202199942
TURN,0.2,F_propagation,11.597027770667959,11.170491640541638,0.9632202199942
TURN,0.2,F_propagation,11.597027770667959,11.170491640541638,0.9632202199942
TURN,0.2,F_propagation,11.597027770667959,12.01864413262059,1.0363555533616133
TURN,0.2,F_propagation,12.535716027306083,12.957332389258715,1.0336332093862242
TURN,0.2,F_propagation,12.535716027306083,12.957332389258715,1.0336332093862242
TURN,0.2,F_propagation,12.535716027306083,12.957332389258715,1.0336332093862242
TURN,0.2,F_propagation,13.546661998082687,13.968278360035317,1.0311232657914033
TURN,0.2,F_propagation,13.546661998082687,13.968278360035317,1.0311232657914033
TURN,0.2,F_propagation,13.546661998082687,13.968278360035317,1.0311232657914033
TURN,0.2,F_propagation,14.15435096252038,13.968278360035317,0.986854034990529
TURN,0.2,F_propagation,14.15435096252038,13.968278360035317,0.986854034990529
TURN,0.2,F_propagation,14.15435096252038,13.968278360035317,0.986854034990529
TURN,0.2,F_propagation,14.15435096252038,13.968278360035317,0.986854034990529
TURN,0.2,F_propagation,14.15435096252038,14.961620314059827,1.0570333004796215
TURN,0.2,F_propagation,14.15435096252038,14.961620314059827,1.0570333004796215
TURN,0.2,F_propagation,14.15435096252038,14.961620314059827,1.0570333004796215
TURN,0.2,F_propagation,14.15435096252038,14.961620314059827,1.0570333004796215
TURN,0.2,F_propagation,14.15435096252038,14.961620314059827,1.0570333004796215
TURN,0.2,F_propagation,14.15435096252038,14.961620314059827,1.0570333004796215
TURN,0.2,F_propagation,15.257627413580463,16.06489676511991,1.0529092321930025
TURN,0.2,F_propagation,15.257627413580463,16.06489676511991,1.0529092321930025
TURN,0.2,F_propagation,15.257627413580463,17.083178186220167,1.1196484042476238
TURN,0.2,F_propagation,16.284207551050326,18.10975832369003,1.1121055947559424
TURN,0.2,F_propagation,16.284207551050326,18.10975832369003,1.1121055947559424
TURN,0.2,F_propagation,16.284207551050326,18.10975832369003,1.1121055947559424
TURN,0.2,F_propagation,16.284207551050326,18.10975832369003,1.1121055947559424
TURN,0.2,F_propagation,16.284207551050326,18.10975832369003,1.1121055947559424
TURN,0.2,F_propagation,16.284207551050326,18.10975832369003,1.1121055947559424
TURN,0.2,F_propagation,16.284207551050326,18.10975832369003,1.1121055947559424
TURN,0.2,F_propagation,16.284207551050326,19.09540843215684,1.1726335698125632
TURN,0.2,F_propagation,16.284207551050326,19.09540843215684,1.1726335698125632
TURN,0.2,F_propagation,16.284207551050326,19.09540843215684,1.1726335698125632
TURN,0.2,F_propagation,16.284207551050326,19.09540843215684,1.1726335698125632
TURN,0.2,F_propagation,16.284207551050326,19.09540843215684,1.1726335698125632
TURN,0.2,F_propagation,17.53122898904863,20.342429870155144,1.1603538966299858
TURN,0.2,F_propagation,17.53122898904863,20.342429870155144,1.1603538966299858
TURN,0.2,F_propagation,18.18631317565474,20.342429870155144,1.1185571079566972
TURN,0.2,F_propagation,18.18631317565474,20.342429870155144,1.1185571079566972
TURN,0.2,F_propagation,18.18631317565474,20.342429870155144,1.1185571079566972
TURN,0.2,F_propagation,18.89583083892963,20.342429870155144,1.076556518925074
TURN,0.2,F_propagation,18.89583083892963,20.342429870155144,1.076556518925074
TURN,0.2,F_propagation,20.385238948362172,21.831837979587686,1.070963064739633
TURN,0.2,F_propagation,21.193142455993446,21.831837979587686,1.030136895692579
TURN,0.2,F_propagation,21.193142455993446,21.831837979587686,1.030136895692579
TURN,0.2,F_propagation,22.25546344282594,22.89415896642018,1.028698369963629
TURN,0.2,F_propagation,22.25546344282594,22.89415896642018,1.028698369963629
TURN,0.2,F_propagation,22.25546344282594,22.89415896642018,1.028698369963629
TURN,0.2,F_propagation,22.25546344282594,22.89415896642018,1.028698369963629
TURN,0.2,F_propagation,22.25546344282594,22.89415896642018,1.028698369963629
TURN,0.2,F_propagation,22.25546344282594,22.89415896642018,1.028698369963629
TURN,0.2,F_propagation,22.25546344282594,22.89415896642018,1.028698369963629
TURN,0.2,F_propagation,23.888713387937976,24.527408911532216,1.026736288104856
TURN,0.2,F_propagation,23.888713387937976,24.527408911532216,1.026736288104856
TURN,0.2,F_propagation,23.888713387937976,24.527408911532216,1.026736288104856
TURN,0.2,F_propagation,23.888713387937976,24.527408911532216,1.026736288104856
TURN,0.2,F_propagation,23.888713387937976,24.527408911532216,1.026736288104856
TURN,0.2,F_propagation,23.888713387937976,24.527408911532216,1.026736288104856
TURN,0.2,F_propagation,23.888713387937976,24.527408911532216,1.026736288104856
TURN,0.2,F_propagation,23.888713387937976,24.527408911532216,1.026736288104856
TURN,0.2,F_propagation,23.888713387937976,24.527408911532216,1.026736288104856
TURN,0.2,F_propagation,24.83973196021071,25.47842748380495,1.0257126576332356
TURN,0.2,F_propagation,24.83973196021071,25.47842748380495,1.0257126576332356
TURN,0.2,F_propagation,24.83973196021071,25.47842748380495,1.0257126576332356
TURN,0.2,F_propagation,24.83973196021071,25.47842748380495,1.0257126576332356
TURN,0.2,F_propagation,24.83973196021071,25.47842748380495,1.0257126576332356
TURN,0.2,F_propagation,24.83973196021071,25.47842748380495,1.0257126576332356
TURN,0.2,F_propagation,24.83973196021071,25.47842748380495,1.0257126576332356
TURN,0.2,F_propagation,24.83973196021071,25.47842748380495,1.0257126576332356
TURN,0.2,F_propagation,24.83973196021071,25.47842748380495,1.0257126576332356
TURN,0.2,F_propagation,25.96734420989197,26.60603973348621,1.0245961049551975
TURN,0.2,F_propagation,25.96734420989197,26.60603973348621,1.0245961049551975
TURN,0.2,F_propagation,25.96734420989197,26.60603973348621,1.0245961049551975
TURN,0.2,F_propagation,25.96734420989197,27.568386133785783,1.0616559749411691
TURN,0.2,F_propagation,25.96734420989197,27.568386133785783,1.0616559749411691
TURN,0.2,F_propagation,25.96734420989197,27.568386133785783,1.0616559749411691
TURN,0.2,F_propagation,25.96734420989197,27.568386133785783,1.0616559749411691
TURN,0.2,F_propagation,25.96734420989197,27.568386133785783,1.0616559749411691
TURN,0.2,F_propagation,25.96734420989197,27.568386133785783,1.0616559749411691
TURN,0.2,F_propagation,25.96734420989197,27.568386133785783,1.0616559749411691
TURN,0.2,P_time,0.0,0.0,
TURN,0.2,P_time,0.0,0.0,
TURN,0.2,P_time,0.0,0.0,
TURN,0.2,P_time,0.0,0.0,
TURN,0.2,P_time,1.4242324679328868,1.4242324679328868,1.0
TURN,0.2,P_time,1.4242324679328868,1.4242324679328868,1.0
TURN,0.2,P_time,1.4242324679328868,1.4242324679328868,1.0
TURN,0.2,P_time,3.1431103053814087,3.1431103053814087,1.0
TURN,0.2,P_time,3.1431103053814087,3.1431103053814087,1.0
TURN,0.2,P_time,3.1431103053814087,3.1431103053814087,1.0
TURN,0.2,P_time,3.1431103053814087,3.1431103053814087,1.0
TURN,0.2,P_time,3.1431103053814087,3.1431103053814087,1.0
TURN,0.2,P_time,3.1431103053814087,3.1431103053814087,1.0
TURN,0.2,P_time,3.1431103053814087,3.1431103053814087,1.0
TURN,0.2,P_time,3.848288006088887,3.848288006088887,1.0
TURN,0.2,P_time,3.848288006088887,3.848288006088887,1.0
TURN,0.2,P_time,3.848288006088887,3.848288006088887,1.0
TURN,0.2,P_time,3.848288006088887,3.848288006088887,1.0
TURN,0.2,P_time,4.88150489253814,4.88150489253814,1.0
TURN,0.2,P_time,4.88150489253814,5.3599396476241505,1.0980096846399447
TURN,0.2,P_time,4.88150489253814,5.3599396476241505,1.0980096846399447
TURN,0.2,P_time,4.88150489253814,5.3599396476241505,1.0980096846399447
TURN,0.2,P_time,4.88150489253814,5.3599396476241505,1.0980096846399447
TURN,0.2,P_time,4.88150489253814,5.3599396476241505,1.0980096846399447
TURN,0.2,P_time,6.797692760305418,7.27612751539143,1.0703819328051707
TURN,0.2,P_time,6.797692760305418,7.27612751539143,1.0703819328051707
TURN,0.2,P_time,6.797692760305418,7.27612751539143,1.0703819328051707
TURN,0.2,P_time,7.230230793165007,7.708665548251019,1.0661714361232137
TURN,0.2,P_time,8.59144675177733,9.069881506863343,1.0556873328682435
TURN,0.2,P_time,8.59144675177733,9.069881506863343,1.0556873328682435
TURN,0.2,P_time,8.59144675177733,9.069881506863343,1.0556873328682435
TURN,0.2,P_time,9.519708676356139,9.998143431442152,1.050257289519194
TURN,0.2,P_time,9.519708676356139,9.998143431442152,1.050257289519194
TURN,0.2,P_time,9.519708676356139,9.998143431442152,1.050257289519194
TURN,0.2,P_time,9.519708676356139,9.998143431442152,1.050257289519194
TURN,0.2,P_time,9.519708676356139,9.998143431442152,1.050257289519194
TURN,0.2,P_time,10.374590861132354,9.998143431442152,0.9637144794692063
TURN,0.2,P_time,10.374590861132354,9.998143431442152,0.9637144794692063
TURN,0.2,P_time,10.374590861132354,9.998143431442152,0.9637144794692063
TURN,0.2,P_time,11.231396136834089,9.998143431442152,0.8901959569080281
TURN,0.2,P_time,11.231396136834089,9.998143431442152,0.8901959569080281
TURN,0.2,P_time,11.231396136834089,9.998143431442152,0.8901959569080281
TURN,0.2,P_time,11.231396136834089,9.998143431442152,0.8901959569080281
TURN,0.2,P_time,11.231396136834089,10.377104184432334,0.9239371542064971
TURN,0.2,P_time,12.639295277865674,11.785003325463919,0.9324098429840612
TURN,0.2,P_time,12.639295277865674,11.785003325463919,0.9324098429840612
TURN,0.2,P_time,12.639295277865674,11.785003325463919,0.9324098429840612
TURN,0.2,P_time,13.375395371926063,12.521103419524307,0.9361295925356458
TURN,0.2,P_time,13.375395371926063,12.521103419524307,0.9361295925356458
TURN,0.2,P_time,13.375395371926063,12.521103419524307,0.9361295925356458
TURN,0.2,P_time,14.392941259306713,12.521103419524307,0.8699475106540823
TURN,0.2,P_time,14.392941259306713,12.521103419524307,0.8699475106540823
TURN,0.2,P_time,14.392941259306713,12.521103419524307,0.8699475106540823
TURN,0.2,P_time,14.392941259306713,12.521103419524307,0.8699475106540823
TURN,0.2,P_time,14.392941259306713,13.407841746614366,0.931556761405153
TURN,0.2,P_time,14.392941259306713,13.407841746614366,0.931556761405153
TURN,0.2,P_time,14.392941259306713,13.407841746614366,0.931556761405153
TURN,0.2,P_time,14.392941259306713,13.407841746614366,0.931556761405153
TURN,0.2,P_time,14.392941259306713,13.407841746614366,0.931556761405153
TURN,0.2,P_time,14.392941259306713,13.407841746614366,0.931556761405153
TURN,0.2,P_time,16.175622504584037,15.190522991891692,0.9390997463984353
TURN,0.2,P_time,16.175622504584037,15.190522991891692,0.9390997463984353
TURN,0.2,P_time,16.175622504584037,15.773214294429545,0.9751225518498312
TURN,0.2,P_time,17.649947454013958,17.247539243859467,0.9772006001036012
TURN,0.2,P_time,17.649947454013958,17.247539243859467,0.9772006001036012
TURN,0.2,P_time,17.649947454013958,17.247539243859467,0.9772006001036012
TURN,0.2,P_time,17.649947454013958,17.247539243859467,0.9772006001036012
TURN,0.2,P_time,17.649947454013958,17.247539243859467,0.9772006001036012
TURN,0.2,P_time,17.649947454013958,17.247539243859467,0.9772006001036012
TURN,0.2,P_time,17.649947454013958,17.247539243859467,0.9772006001036012
TURN,0.2,P_time,17.649947454013958,17.66468523548801,1.0008350042691319
TURN,0.2,P_time,17.649947454013958,17.66468523548801,1.0008350042691319
TURN,0.2,P_time,17.649947454013958,17.66468523548801,1.0008350042691319
TURN,0.2,P_time,17.649947454013958,17.66468523548801,1.0008350042691319
TURN,0.2,P_time,17.649947454013958,17.66468523548801,1.0008350042691319
TURN,0.2,P_time,19.594422224212412,19.609160005686466,1.0007521416710028
TURN,0.2,P_time,19.594422224212412,19.609160005686466,1.0007521416710028
TURN,0.2,P_time,20.78189038457482,19.609160005686466,0.9435696003979117
TURN,0.2,P_time,20.78189038457482,19.609160005686466,0.9435696003979117
TURN,0.2,P_time,20.78189038457482,19.609160005686466,0.9435696003979117
TURN,0.2,P_time,22.07482871948622,19.609160005686466,0.8883040613754243
TURN,0.2,P_time,22.07482871948622,19.609160005686466,0.8883040613754243
TURN,0.2,P_time,22.72139629634124,20.255727582541486,0.8914825179913439
TURN,0.2,P_time,23.181111990010287,20.255727582541486,0.8738031027705024
TURN,0.2,P_time,23.181111990010287,20.255727582541486,0.8738031027705024
TURN,0.2,P_time,24.691575438395844,21.766191030927043,0.8815229747179366
TURN,0.2,P_time,24.691575438395844,21.766191030927043,0.8815229747179366
TURN,0.2,P_time,24.691575438395844,21.766191030927043,0.8815229747179366
TURN,0.2,P_time,24.691575438395844,21.766191030927043,0.8815229747179366
TURN,0.2,P_time,24.691575438395844,21.766191030927043,0.8815229747179366
TURN,0.2,P_time,24.691575438395844,21.766191030927043,0.8815229747179366
TURN,0.2,P_time,24.691575438395844,21.766191030927043,0.8815229747179366
TURN,0.2,P_time,26.128682817086613,23.203298409617812,0.8880393463402689
TURN,0.2,P_time,26.128682817086613,23.203298409617812,0.8880393463402689
TURN,0.2,P_time,26.128682817086613,23.203298409617812,0.8880393463402689
TURN,0.2,P_time,26.128682817086613,23.203298409617812,0.8880393463402689
TURN,0.2,P_time,26.128682817086613,23.203298409617812,0.8880393463402689
TURN,0.2,P_time,26.128682817086613,23.203298409617812,0.8880393463402689
TURN,0.2,P_time,26.128682817086613,23.203298409617812,0.8880393463402689
TURN,0.2,P_time,26.128682817086613,23.203298409617812,0.8880393463402689
TURN,0.2,P_time,26.128682817086613,23.203298409617812,0.8880393463402689
TURN,0.2,P_time,27.20299673008655,24.27761232261775,0.8924609506630818
TURN,0.2,P_time,27.20299673008655,24.27761232261775,0.8924609506630818
TURN,0.2,P_time,27.20299673008655,24.27761232261775,0.8924609506630818
TURN,0.2,P_time,27.20299673008655,24.27761232261775,0.8924609506630818
TURN,0.2,P_time,27.20299673008655,24.27761232261775,0.8924609506630818
TURN,0.2,P_time,27.20299673008655,24.27761232261775,0.8924609506630818
TURN,0.2,P_time,27.20299673008655,24.27761232261775,0.8924609506630818
TURN,0.2,P_time,27.20299673008655,24.27761232261775,0.8924609506630818
TURN,0.2,P_time,27.20299673008655,24.27761232261775,0.8924609506630818
TURN,0.2,P_time,28.800571801575348,25.875187394106547,0.8984261691877664
TURN,0.2,P_time,28.800571801575348,25.875187394106547,0.8984261691877664
TURN,0.2,P_time,28.800571801575348,25.875187394106547,0.8984261691877664
TURN,0.2,P_time,28.800571801575348,26.52905450794939,0.9211294376627026
TURN,0.2,P_time,28.800571801575348,26.52905450794939,0.9211294376627026
TURN,0.2,P_time,28.800571801575348,26.52905450794939,0.9211294376627026
TURN,0.2,P_time,28.800571801575348,26.52905450794939,0.9211294376627026
TURN,0.2,P_time,28.800571801575348,26.52905450794939,0.9211294376627026
TURN,0.2,P_time,28.800571801575348,26.52905450794939,0.9211294376627026
TURN,0.2,P_time,28.800571801575348,26.52905450794939,0.9211294376627026
TURN,0.2,P_itinerary,0.0,0.0,
TURN,0.2,P_itinerary,0.0,0.0,
TURN,0.2,P_itinerary,0.0,0.0,
TURN,0.2,P_itinerary,0.0,0.0,
TURN,0.2,P_itinerary,0.6563662976948349,0.6563662976948349,1.0
TURN,0.2,P_itinerary,0.6563662976948349,0.6563662976948349,1.0
TURN,0.2,P_itinerary,0.6563662976948349,0.6563662976948349,1.0
TURN,0.2,P_itinerary,0.9492817053650437,0.9492817053650437,1.0
TURN,0.2,P_itinerary,0.9492817053650437,0.9492817053650437,1.0
TURN,0.2,P_itinerary,0.9492817053650437,0.9492817053650437,1.0
TURN,0.2,P_itinerary,0.9492817053650437,0.9492817053650437,1.0
TURN,0.2,P_itinerary,0.9492817053650437,0.9492817053650437,1.0
TURN,0.2,P_itinerary,0.9492817053650437,0.9492817053650437,1.0
TURN,0.2,P_itinerary,0.9492817053650437,0.9492817053650437,1.0
TURN,0.2,P_itinerary,3.549642080825989,3.549642080825989,1.0
TURN,0.2,P_itinerary,3.549642080825989,3.549642080825989,1.0
TURN,0.2,P_itinerary,3.549642080825989,3.549642080825989,1.0
TURN,0.2,P_itinerary,3.549642080825989,3.549642080825989,1.0
TURN,0.2,P_itinerary,3.764794777602516,3.764794777602516,1.0
TURN,0.2,P_itinerary,3.764794777602516,3.8669228730029643,1.0271271347931175
TURN,0.2,P_itinerary,3.764794777602516,3.8669228730029643,1.0271271347931175
TURN,0.2,P_itinerary,3.764794777602516,3.8669228730029643,1.0271271347931175
TURN,0.2,P_itinerary,3.764794777602516,3.8669228730029643,1.0271271347931175
TURN,0.2,P_itinerary,3.764794777602516,3.8669228730029643,1.0271271347931175
TURN,0.2,P_itinerary,4.064554682091588,4.166682777492036,1.0251265152983238
TURN,0.2,P_itinerary,4.064554682091588,4.166682777492036,1.0251265152983238
TURN,0.2,P_itinerary,4.064554682091588,4.166682777492036,1.0251265152983238
TURN,0.2,P_itinerary,6.8404174637463955,6.9425455591468435,1.014930096875186
TURN,0.2,P_itinerary,7.035505426820272,7.137633522220719,1.0145160992998628
TURN,0.2,P_itinerary,7.035505426820272,7.137633522220719,1.0145160992998628
TURN,0.2,P_itinerary,7.035505426820272,7.137633522220719,1.0145160992998628
TURN,0.2,P_itinerary,7.568039704480654,7.670167799881101,1.0134946563956293
TURN,0.2,P_itinerary,7.568039704480654,7.670167799881101,1.0134946563956293
TURN,0.2,P_itinerary,7.568039704480654,7.670167799881101,1.0134946563956293
TURN,0.2,P_itinerary,7.568039704480654,7.670167799881101,1.0134946563956293
TURN,0.2,P_itinerary,7.568039704480654,7.670167799881101,1.0134946563956293
TURN,0.2,P_itinerary,8.696831054806355,7.670167799881101,0.8819497299124993
TURN,0.2,P_itinerary,8.696831054806355,7.670167799881101,0.8819497299124993
TURN,0.2,P_itinerary,8.696831054806355,7.670167799881101,0.8819497299124993
TURN,0.2,P_itinerary,11.753211955419207,7.670167799881101,0.6526018444127961
TURN,0.2,P_itinerary,11.753211955419207,7.670167799881101,0.6526018444127961
TURN,0.2,P_itinerary,11.753211955419207,7.670167799881101,0.6526018444127961
TURN,0.2,P_itinerary,11.753211955419207,7.670167799881101,0.6526018444127961
TURN,0.2,P_itinerary,11.753211955419207,7.827174822186648,0.6659604924913883
TURN,0.2,P_itinerary,12.096495431496445,8.170458298263886,0.6754401177211975
TURN,0.2,P_itinerary,12.096495431496445,8.170458298263886,0.6754401177211975
TURN,0.2,P_itinerary,12.096495431496445,8.170458298263886,0.6754401177211975
TURN,0.2,P_itinerary,12.141990060503169,8.21595292727061,0.6766562059704189
TURN,0.2,P_itinerary,12.141990060503169,8.21595292727061,0.6766562059704189
TURN,0.2,P_itinerary,12.141990060503169,8.21595292727061,0.6766562059704189
TURN,0.2,P_itinerary,12.217399780285293,8.21595292727061,0.6724796662975988
TURN,0.2,P_itinerary,12.217399780285293,8.21595292727061,0.6724796662975988
TURN,0.2,P_itinerary,12.217399780285293,8.21595292727061,0.6724796662975988
TURN,0.2,P_itinerary,12.217399780285293,8.21595292727061,0.6724796662975988
TURN,0.2,P_itinerary,12.217399780285293,8.314842867511484,0.6805738550791142
TURN,0.2,P_itinerary,12.217399780285293,8.314842867511484,0.6805738550791142
TURN,0.2,P_itinerary,12.217399780285293,8.314842867511484,0.6805738550791142
TURN,0.2,P_itinerary,12.217399780285293,8.314842867511484,0.6805738550791142
TURN,0.2,P_itinerary,12.217399780285293,8.314842867511484,0.6805738550791142
TURN,0.2,P_itinerary,12.217399780285293,8.314842867511484,0.6805738550791142
TURN,0.2,P_itinerary,15.032251169947203,11.129694257173394,0.7403877257868147
TURN,0.2,P_itinerary,15.032251169947203,11.129694257173394,0.7403877257868147
TURN,0.2,P_itinerary,15.032251169947203,11.419541976437273,0.7596694498604084
TURN,0.2,P_itinerary,18.27554348729778,14.662834293787851,0.8023200132996917
TURN,0.2,P_itinerary,18.27554348729778,14.662834293787851,0.8023200132996917
TURN,0.2,P_itinerary,18.27554348729778,14.662834293787851,0.8023200132996917
TURN,0.2,P_itinerary,18.27554348729778,14.662834293787851,0.8023200132996917
TURN,0.2,P_itinerary,18.27554348729778,14.662834293787851,0.8023200132996917
TURN,0.2,P_itinerary,18.27554348729778,14.662834293787851,0.8023200132996917
TURN,0.2,P_itinerary,18.27554348729778,14.662834293787851,0.8023200132996917
TURN,0.2,P_itinerary,18.27554348729778,15.127817285369993,0.8277629223932201
TURN,0.2,P_itinerary,18.27554348729778,15.127817285369993,0.8277629223932201
TURN,0.2,P_itinerary,18.27554348729778,15.127817285369993,0.8277629223932201
TURN,0.2,P_itinerary,18.27554348729778,15.127817285369993,0.8277629223932201
TURN,0.2,P_itinerary,18.27554348729778,15.127817285369993,0.8277629223932201
TURN,0.2,P_itinerary,21.889976914928067,18.742250713000278,0.8562023973729653
TURN,0.2,P_itinerary,21.889976914928067,18.742250713000278,0.8562023973729653
TURN,0.2,P_itinerary,22.42466035557486,18.742250713000278,0.8357874953651585
TURN,0.2,P_itinerary,22.42466035557486,18.742250713000278,0.8357874953651585
TURN,0.2,P_itinerary,22.42466035557486,18.742250713000278,0.8357874953651585
TURN,0.2,P_itinerary,23.30889797652146,18.742250713000278,0.8040813740692045
TURN,0.2,P_itinerary,23.30889797652146,18.742250713000278,0.8040813740692045
TURN,0.2,P_itinerary,23.339978157287387,18.773330893766204,0.8043422649007343
TURN,0.2,P_itinerary,25.950549176239793,18.773330893766204,0.7234271138645105
TURN,0.2,P_itinerary,25.950549176239793,18.773330893766204,0.7234271138645105
TURN,0.2,P_itinerary,26.180718751854823,19.003500469381233,0.7258586232677395
TURN,0.2,P_itinerary,26.180718751854823,19.003500469381233,0.7258586232677395
TURN,0.2,P_itinerary,26.180718751854823,19.003500469381233,0.7258586232677395
TURN,0.2,P_itinerary,26.180718751854823,19.003500469381233,0.7258586232677395
TURN,0.2,P_itinerary,26.180718751854823,19.003500469381233,0.7258586232677395
TURN,0.2,P_itinerary,26.180718751854823,19.003500469381233,0.7258586232677395
TURN,0.2,P_itinerary,26.180718751854823,19.003500469381233,0.7258586232677395
TURN,0.2,P_itinerary,26.223261650456642,19.046043367983053,0.7263033722447486
TURN,0.2,P_itinerary,26.223261650456642,19.046043367983053,0.7263033722447486
TURN,0.2,P_itinerary,26.223261650456642,19.046043367983053,0.7263033722447486
TURN,0.2,P_itinerary,26.223261650456642,19.046043367983053,0.7263033722447486
TURN,0.2,P_itinerary,26.223261650456642,19.046043367983053,0.7263033722447486
TURN,0.2,P_itinerary,26.223261650456642,19.046043367983053,0.7263033722447486
TURN,0.2,P_itinerary,26.223261650456642,19.046043367983053,0.7263033722447486
TURN,0.2,P_itinerary,26.223261650456642,19.046043367983053,0.7263033722447486
TURN,0.2,P_itinerary,26.223261650456642,19.046043367983053,0.7263033722447486
TURN,0.2,P_itinerary,26.345653478236695,19.168435195763106,0.7275748620772508
TURN,0.2,P_itinerary,26.345653478236695,19.168435195763106,0.7275748620772508
TURN,0.2,P_itinerary,26.345653478236695,19.168435195763106,0.7275748620772508
TURN,0.2,P_itinerary,26.345653478236695,19.168435195763106,0.7275748620772508
TURN,0.2,P_itinerary,26.345653478236695,19.168435195763106,0.7275748620772508
TURN,0.2,P_itinerary,26.345653478236695,19.168435195763106,0.7275748620772508
TURN,0.2,P_itinerary,26.345653478236695,19.168435195763106,0.7275748620772508
TURN,0.2,P_itinerary,26.345653478236695,19.168435195763106,0.7275748620772508
TURN,0.2,P_itinerary,26.345653478236695,19.168435195763106,0.7275748620772508
TURN,0.2,P_itinerary,27.04437764759355,19.86715936511996,0.7346132946375186
TURN,0.2,P_itinerary,27.04437764759355,19.86715936511996,0.7346132946375186
TURN,0.2,P_itinerary,27.04437764759355,19.86715936511996,0.7346132946375186
TURN,0.2,P_itinerary,27.04437764759355,20.400612232808975,0.7543383877655714
TURN,0.2,P_itinerary,27.04437764759355,20.400612232808975,0.7543383877655714
TURN,0.2,P_itinerary,27.04437764759355,20.400612232808975,0.7543383877655714
TURN,0.2,P_itinerary,27.04437764759355,20.400612232808975,0.7543383877655714
TURN,0.2,P_itinerary,27.04437764759355,20.400612232808975,0.7543383877655714
TURN,0.2,P_itinerary,27.04437764759355,20.400612232808975,0.7543383877655714
TURN,0.2,P_itinerary,27.04437764759355,20.400612232808975,0.7543383877655714
TURN,0.2,P_service,0.0,0.0,
TURN,0.2,P_service,0.0,0.0,
TURN,0.2,P_service,0.0,0.0,
TURN,0.2,P_service,0.0,0.0,
TURN,0.2,P_service,3.4068536404160477,3.4068536404160477,1.0
TURN,0.2,P_service,3.4068536404160477,3.4068536404160477,1.0
TURN,0.2,P_service,3.4068536404160477,3.4068536404160477,1.0
TURN,0.2,P_service,7.9934073935967085,7.9934073935967085,1.0
TURN,0.2,P_service,7.9934073935967085,7.9934073935967085,1.0
TURN,0.2,P_service,7.9934073935967085,7.9934073935967085,1.0
TURN,0.2,P_service,7.9934073935967085,7.9934073935967085,1.0
TURN,0.2,P_service,7.9934073935967085,7.9934073935967085,1.0
TURN,0.2,P_service,7.9934073935967085,7.9934073935967085,1.0
TURN,0.2,P_service,7.9934073935967085,7.9934073935967085,1.0
TURN,0.2,P_service,9.930807871303715,9.930807871303715,1.0
TURN,0.2,P_service,9.930807871303715,9.930807871303715,1.0
TURN,0.2,P_service,9.930807871303715,9.930807871303715,1.0
TURN,0.2,P_service,9.930807871303715,9.930807871303715,1.0
TURN,0.2,P_service,13.349495990115596,13.349495990115596,1.0
TURN,0.2,P_service,13.349495990115596,14.08666751000196,1.0552209252268543
TURN,0.2,P_service,13.349495990115596,14.08666751000196,1.0552209252268543
TURN,0.2,P_service,13.349495990115596,14.08666751000196,1.0552209252268543
TURN,0.2,P_service,13.349495990115596,14.08666751000196,1.0552209252268543
TURN,0.2,P_service,13.349495990115596,14.08666751000196,1.0552209252268543
TURN,0.2,P_service,17.37310810258856,18.110279622474923,1.042431758067316
TURN,0.2,P_service,17.37310810258856,18.110279622474923,1.042431758067316
TURN,0.2,P_service,17.37310810258856,18.110279622474923,1.042431758067316
TURN,0.2,P_service,17.947457060921895,18.68462858080826,1.0410738700966975
TURN,0.2,P_service,19.803802045724325,20.54097356561069,1.037223737047277
TURN,0.2,P_service,19.803802045724325,20.54097356561069,1.037223737047277
TURN,0.2,P_service,19.803802045724325,20.54097356561069,1.037223737047277
TURN,0.2,P_service,21.990892506477532,22.7280640263639,1.0335216735595987
TURN,0.2,P_service,21.990892506477532,22.7280640263639,1.0335216735595987
TURN,0.2,P_service,21.990892506477532,22.7280640263639,1.0335216735595987
TURN,0.2,P_service,21.990892506477532,22.7280640263639,1.0335216735595987
TURN,0.2,P_service,21.990892506477532,22.7280640263639,1.0335216735595987
TURN,0.2,P_service,23.83103396144289,22.7280640263639,0.9537170759412484
TURN,0.2,P_service,23.83103396144289,22.7280640263639,0.9537170759412484
TURN,0.2,P_service,23.83103396144289,22.7280640263639,0.9537170759412484
TURN,0.2,P_service,25.693324073383188,22.7280640263639,0.8845902523725558
TURN,0.2,P_service,25.693324073383188,22.7280640263639,0.8845902523725558
TURN,0.2,P_service,25.693324073383188,22.7280640263639,0.8845902523725558
TURN,0.2,P_service,25.693324073383188,22.7280640263639,0.8845902523725558
TURN,0.2,P_service,25.693324073383188,22.7280640263639,0.8845902523725558
TURN,0.2,P_service,28.014250253684366,25.04899020666508,0.8941517256336603
TURN,0.2,P_service,28.014250253684366,25.04899020666508,0.8941517256336603
TURN,0.2,P_service,28.014250253684366,25.04899020666508,0.8941517256336603
TURN,0.2,P_service,30.267711487861582,27.302451440842297,0.90203223497064
TURN,0.2,P_service,30.267711487861582,27.302451440842297,0.90203223497064
TURN,0.2,P_service,30.267711487861582,27.302451440842297,0.90203223497064
TURN,0.2,P_service,32.858809384907815,27.302451440842297,0.8309020305946455
TURN,0.2,P_service,32.858809384907815,27.302451440842297,0.8309020305946455
TURN,0.2,P_service,32.858809384907815,27.302451440842297,0.8309020305946455
TURN,0.2,P_service,32.858809384907815,27.302451440842297,0.8309020305946455
TURN,0.2,P_service,32.858809384907815,27.302451440842297,0.8309020305946455
TURN,0.2,P_service,32.858809384907815,27.302451440842297,0.8309020305946455
TURN,0.2,P_service,32.858809384907815,27.302451440842297,0.8309020305946455
TURN,0.2,P_service,32.858809384907815,27.302451440842297,0.8309020305946455
TURN,0.2,P_service,32.858809384907815,27.302451440842297,0.8309020305946455
TURN,0.2,P_service,32.858809384907815,27.302451440842297,0.8309020305946455
TURN,0.2,P_service,35.359157712933296,29.802799768867775,0.8428594371739467
TURN,0.2,P_service,35.359157712933296,29.802799768867775,0.8428594371739467
TURN,0.2,P_service,35.359157712933296,30.688286145540815,0.8679020692372426
TURN,0.2,P_service,37.58150294668056,32.91063137928808,0.875713550519271
TURN,0.2,P_service,37.58150294668056,32.91063137928808,0.875713550519271
TURN,0.2,P_service,37.58150294668056,32.91063137928808,0.875713550519271
TURN,0.2,P_service,37.58150294668056,32.91063137928808,0.875713550519271
TURN,0.2,P_service,37.58150294668056,32.91063137928808,0.875713550519271
TURN,0.2,P_service,37.58150294668056,32.91063137928808,0.875713550519271
TURN,0.2,P_service,37.58150294668056,32.91063137928808,0.875713550519271
TURN,0.2,P_service,37.58150294668056,33.56553360882024,0.8931397356950294
TURN,0.2,P_service,37.58150294668056,33.56553360882024,0.8931397356950294
TURN,0.2,P_service,37.58150294668056,33.56553360882024,0.8931397356950294
TURN,0.2,P_service,37.58150294668056,33.56553360882024,0.8931397356950294
TURN,0.2,P_service,37.58150294668056,33.56553360882024,0.8931397356950294
TURN,0.2,P_service,39.994404266758785,35.978434928898466,0.89958671940519
TURN,0.2,P_service,39.994404266758785,35.978434928898466,0.89958671940519
TURN,0.2,P_service,42.79942467888942,35.978434928898466,0.8406289383288048
TURN,0.2,P_service,42.79942467888942,35.978434928898466,0.8406289383288048
TURN,0.2,P_service,42.79942467888942,35.978434928898466,0.8406289383288048
TURN,0.2,P_service,45.61927313291709,35.978434928898466,0.78866743062896
TURN,0.2,P_service,45.61927313291709,35.978434928898466,0.78866743062896
TURN,0.2,P_service,47.634540308489605,37.993702104470984,0.7976082451602793
TURN,0.2,P_service,48.515063916237786,37.993702104470984,0.7831320632714791
TURN,0.2,P_service,48.515063916237786,37.993702104470984,0.7831320632714791
TURN,0.2,P_service,50.715281479528926,40.193919667762124,0.7925406010806877
TURN,0.2,P_service,50.715281479528926,40.193919667762124,0.7925406010806877
TURN,0.2,P_service,50.715281479528926,40.193919667762124,0.7925406010806877
TURN,0.2,P_service,50.715281479528926,40.193919667762124,0.7925406010806877
TURN,0.2,P_service,50.715281479528926,40.193919667762124,0.7925406010806877
TURN,0.2,P_service,50.715281479528926,40.193919667762124,0.7925406010806877
TURN,0.2,P_service,50.715281479528926,40.193919667762124,0.7925406010806877
TURN,0.2,P_service,53.438470145239116,42.917108333472314,0.803112593171716
TURN,0.2,P_service,53.438470145239116,42.917108333472314,0.803112593171716
TURN,0.2,P_service,53.438470145239116,42.917108333472314,0.803112593171716
TURN,0.2,P_service,53.438470145239116,42.917108333472314,0.803112593171716
TURN,0.2,P_service,53.438470145239116,42.917108333472314,0.803112593171716
TURN,0.2,P_service,53.438470145239116,42.917108333472314,0.803112593171716
TURN,0.2,P_service,53.438470145239116,42.917108333472314,0.803112593171716
TURN,0.2,P_service,53.438470145239116,42.917108333472314,0.803112593171716
TURN,0.2,P_service,53.438470145239116,42.917108333472314,0.803112593171716
TURN,0.2,P_service,56.934566275647406,46.413204463880604,0.8152025649791048
TURN,0.2,P_service,56.934566275647406,46.413204463880604,0.8152025649791048
TURN,0.2,P_service,56.934566275647406,46.413204463880604,0.8152025649791048
TURN,0.2,P_service,56.934566275647406,46.413204463880604,0.8152025649791048
TURN,0.2,P_service,56.934566275647406,46.413204463880604,0.8152025649791048
TURN,0.2,P_service,56.934566275647406,46.413204463880604,0.8152025649791048
TURN,0.2,P_service,56.934566275647406,46.413204463880604,0.8152025649791048
TURN,0.2,P_service,56.934566275647406,46.413204463880604,0.8152025649791048
TURN,0.2,P_service,56.934566275647406,46.413204463880604,0.8152025649791048
TURN,0.2,P_service,61.319294237079916,50.79793242531311,0.8284167823085524
TURN,0.2,P_service,61.319294237079916,50.79793242531311,0.8284167823085524
TURN,0.2,P_service,61.319294237079916,50.79793242531311,0.8284167823085524
TURN,0.2,P_service,61.319294237079916,51.8493354865376,0.8455631482983408
TURN,0.2,P_service,61.319294237079916,51.8493354865376,0.8455631482983408
TURN,0.2,P_service,61.319294237079916,51.8493354865376,0.8455631482983408
TURN,0.2,P_service,61.319294237079916,51.8493354865376,0.8455631482983408
TURN,0.2,P_service,61.319294237079916,51.8493354865376,0.8455631482983408
TURN,0.2,P_service,61.319294237079916,51.8493354865376,0.8455631482983408
TURN,0.2,P_service,61.319294237079916,51.8493354865376,0.8455631482983408
TURN,0.2,R_operating,0.0,0.0,
TURN,0.2,R_operating,0.0,0.0,
TURN,0.2,R_operating,0.0,0.0,
TURN,0.2,R_operating,0.0,0.0,
TURN,0.2,R_operating,0.42963040823815396,0.42963040823815396,1.0
TURN,0.2,R_operating,0.42963040823815396,0.42963040823815396,1.0
TURN,0.2,R_operating,0.42963040823815396,0.42963040823815396,1.0
TURN,0.2,R_operating,0.5579333069850692,0.5579333069850692,1.0
TURN,0.2,R_operating,0.5579333069850692,0.5579333069850692,1.0
TURN,0.2,R_operating,0.5579333069850692,0.5579333069850692,1.0
TURN,0.2,R_operating,0.5579333069850692,0.5579333069850692,1.0
TURN,0.2,R_operating,0.5579333069850692,0.5579333069850692,1.0
TURN,0.2,R_operating,0.5579333069850692,0.5579333069850692,1.0
TURN,0.2,R_operating,0.5579333069850692,0.5579333069850692,1.0
TURN,0.2,R_operating,0.5579333069850692,0.5579333069850692,1.0
TURN,0.2,R_operating,0.5579333069850692,0.5579333069850692,1.0
TURN,0.2,R_operating,0.5579333069850692,0.5579333069850692,1.0
TURN,0.2,R_operating,0.5579333069850692,0.5579333069850692,1.0
TURN,0.2,R_operating,0.5615690524806269,0.5615690524806269,1.0
TURN,0.2,R_operating,0.5615690524806269,0.9002106272091623,1.6030274874169956
TURN,0.2,R_operating,0.5615690524806269,0.9002106272091623,1.6030274874169956
TURN,0.2,R_operating,0.5615690524806269,0.9002106272091623,1.6030274874169956
TURN,0.2,R_operating,0.5615690524806269,0.9002106272091623,1.6030274874169956
TURN,0.2,R_operating,0.5615690524806269,0.9002106272091623,1.6030274874169956
TURN,0.2,R_operating,1.0853292391751892,1.4239708139037246,1.3120173699419457
TURN,0.2,R_operating,1.0853292391751892,1.4239708139037246,1.3120173699419457
TURN,0.2,R_operating,1.0853292391751892,1.4239708139037246,1.3120173699419457
TURN,0.2,R_operating,1.0853292391751892,1.4239708139037246,1.3120173699419457
TURN,0.2,R_operating,1.1831521413390873,1.5217937160676227,1.2862198046189242
TURN,0.2,R_operating,1.1831521413390873,1.5217937160676227,1.2862198046189242
TURN,0.2,R_operating,1.1831521413390873,1.5217937160676227,1.2862198046189242
TURN,0.2,R_operating,1.1831521413390873,1.5217937160676227,1.2862198046189242
TURN,0.2,R_operating,1.1831521413390873,1.5217937160676227,1.2862198046189242
TURN,0.2,R_operating,1.1831521413390873,1.5217937160676227,1.2862198046189242
TURN,0.2,R_operating,1.1831521413390873,1.5217937160676227,1.2862198046189242
TURN,0.2,R_operating,1.1831521413390873,1.5217937160676227,1.2862198046189242
TURN,0.2,R_operating,1.1831521413390873,1.5217937160676227,1.2862198046189242
TURN,0.2,R_operating,1.1831521413390873,1.5217937160676227,1.2862198046189242
TURN,0.2,R_operating,1.1831521413390873,1.5217937160676227,1.2862198046189242
TURN,0.2,R_operating,1.1831521413390873,1.5217937160676227,1.2862198046189242
TURN,0.2,R_operating,1.1831521413390873,1.5217937160676227,1.2862198046189242
TURN,0.2,R_operating,1.1831521413390873,1.5217937160676227,1.2862198046189242
TURN,0.2,R_operating,1.1831521413390873,1.5217937160676227,1.2862198046189242
TURN,0.2,R_operating,1.1831521413390873,1.7712975662128883,1.4971004187239523
TURN,0.2,R_operating,1.2629413175498483,1.8510867424236492,1.465694974660283
TURN,0.2,R_operating,1.2629413175498483,1.8510867424236492,1.465694974660283
TURN,0.2,R_operating,1.2629413175498483,1.8510867424236492,1.465694974660283
TURN,0.2,R_operating,1.622602511529212,2.210747936403013,1.3624704267957202
TURN,0.2,R_operating,1.622602511529212,2.210747936403013,1.3624704267957202
TURN,0.2,R_operating,1.622602511529212,2.210747936403013,1.3624704267957202
TURN,0.2,R_operating,1.6845994609932946,2.210747936403013,1.3123285312578006
TURN,0.2,R_operating,1.6845994609932946,2.210747936403013,1.3123285312578006
TURN,0.2,R_operating,1.6845994609932946,2.210747936403013,1.3123285312578006
TURN,0.2,R_operating,1.6845994609932946,2.210747936403013,1.3123285312578006
TURN,0.2,R_operating,1.6845994609932946,2.42388672651733,1.4388504701812783
TURN,0.2,R_operating,1.6845994609932946,2.42388672651733,1.4388504701812783
TURN,0.2,R_operating,1.6845994609932946,2.42388672651733,1.4388504701812783
TURN,0.2,R_operating,1.6845994609932946,2.42388672651733,1.4388504701812783
TURN,0.2,R_operating,1.6845994609932946,2.42388672651733,1.4388504701812783
TURN,0.2,R_operating,1.6845994609932946,2.42388672651733,1.4388504701812783
TURN,0.2,R_operating,2.30084271140523,3.040129976929265,1.321311518540317
TURN,0.2,R_operating,2.30084271140523,3.040129976929265,1.321311518540317
TURN,0.2,R_operating,2.30084271140523,3.1205081984634573,1.3562457716014928
TURN,0.2,R_operating,2.7913239965070806,3.610989483565308,1.293647562262179
TURN,0.2,R_operating,2.7913239965070806,3.610989483565308,1.293647562262179
TURN,0.2,R_operating,2.7913239965070806,3.610989483565308,1.293647562262179
TURN,0.2,R_operating,2.7913239965070806,3.610989483565308,1.293647562262179
TURN,0.2,R_operating,2.7913239965070806,3.610989483565308,1.293647562262179
TURN,0.2,R_operating,2.7913239965070806,3.610989483565308,1.293647562262179
TURN,0.2,R_operating,2.7913239965070806,3.610989483565308,1.293647562262179
TURN,0.2,R_operating,2.7913239965070806,3.679837975025393,1.318312736045745
TURN,0.2,R_operating,2.7913239965070806,3.679837975025393,1.318312736045745
TURN,0.2,R_operating,2.7913239965070806,3.679837975025393,1.318312736045745
TURN,0.2,R_operating,2.7913239965070806,3.679837975025393,1.318312736045745
TURN,0.2,R_operating,2.7913239965070806,3.679837975025393,1.318312736045745
TURN,0.2,R_operating,3.0885448259156965,3.9770588044340087,1.2876804542588707
TURN,0.2,R_operating,3.0885448259156965,3.9770588044340087,1.2876804542588707
TURN,0.2,R_operating,3.144852408472898,3.9770588044340087,1.2646249451067944
TURN,0.2,R_operating,3.144852408472898,3.9770588044340087,1.2646249451067944
TURN,0.2,R_operating,3.144852408472898,3.9770588044340087,1.2646249451067944
TURN,0.2,R_operating,3.2228944752570077,3.9770588044340087,1.234002178776536
TURN,0.2,R_operating,3.2228944752570077,3.9770588044340087,1.234002178776536
TURN,0.2,R_operating,3.29535083474776,4.049515163924761,1.2288570677284891
TURN,0.2,R_operating,3.29535083474776,4.049515163924761,1.2288570677284891
TURN,0.2,R_operating,3.29535083474776,4.049515163924761,1.2288570677284891
TURN,0.2,R_operating,3.435065384369327,4.189229713546329,1.21954875520236
TURN,0.2,R_operating,3.435065384369327,4.189229713546329,1.21954875520236
TURN,0.2,R_operating,3.435065384369327,4.189229713546329,1.21954875520236
TURN,0.2,R_operating,3.435065384369327,4.189229713546329,1.21954875520236
TURN,0.2,R_operating,3.435065384369327,4.189229713546329,1.21954875520236
TURN,0.2,R_operating,3.435065384369327,4.189229713546329,1.21954875520236
TURN,0.2,R_operating,3.435065384369327,4.189229713546329,1.21954875520236
TURN,0.2,R_operating,3.6179049770319667,4.372069306208969,1.2084533269847508
TURN,0.2,R_operating,3.6179049770319667,4.372069306208969,1.2084533269847508
TURN,0.2,R_operating,3.6179049770319667,4.372069306208969,1.2084533269847508
TURN,0.2,R_operating,3.6179049770319667,4.372069306208969,1.2084533269847508
TURN,0.2,R_operating,3.6179049770319667,4.372069306208969,1.2084533269847508
TURN,0.2,R_operating,3.6179049770319667,4.372069306208969,1.2084533269847508
TURN,0.2,R_operating,3.6179049770319667,4.372069306208969,1.2084533269847508
TURN,0.2,R_operating,3.6179049770319667,4.372069306208969,1.2084533269847508
TURN,0.2,R_operating,3.6179049770319667,4.372069306208969,1.2084533269847508
TURN,0.2,R_operating,3.6179049770319667,4.372069306208969,1.2084533269847508
TURN,0.2,R_operating,3.6179049770319667,4.372069306208969,1.2084533269847508
TURN,0.2,R_operating,3.6179049770319667,4.372069306208969,1.2084533269847508
TURN,0.2,R_operating,3.6179049770319667,4.372069306208969,1.2084533269847508
TURN,0.2,R_operating,3.6179049770319667,4.372069306208969,1.2084533269847508
TURN,0.2,R_operating,3.6179049770319667,4.372069306208969,1.2084533269847508
TURN,0.2,R_operating,3.6179049770319667,4.372069306208969,1.2084533269847508
TURN,0.2,R_operating,3.6179049770319667,4.372069306208969,1.2084533269847508
TURN,0.2,R_operating,3.6179049770319667,4.372069306208969,1.2084533269847508
TURN,0.2,R_operating,3.642187538647076,4.3963518678240785,1.2070635630852615
TURN,0.2,R_operating,3.642187538647076,4.3963518678240785,1.2070635630852615
TURN,0.2,R_operating,3.642187538647076,4.3963518678240785,1.2070635630852615
TURN,0.2,R_operating,3.642187538647076,4.465377291388095,1.2260152021295423
TURN,0.2,R_operating,3.642187538647076,4.465377291388095,1.2260152021295423
TURN,0.2,R_operating,3.642187538647076,4.465377291388095,1.2260152021295423
TURN,0.2,R_operating,3.642187538647076,4.465377291388095,1.2260152021295423
TURN,0.2,R_operating,3.642187538647076,4.465377291388095,1.2260152021295423
TURN,0.2,R_operating,3.642187538647076,4.465377291388095,1.2260152021295423
TURN,0.2,R_operating,3.642187538647076,4.465377291388095,1.2260152021295423
TAXI,0.2,F,0.0,0.0,
TAXI,0.2,F,0.0,0.0,
TAXI,0.2,F,0.0,0.0,
TAXI,0.2,F,0.0,0.0,
TAXI,0.2,F,0.07797520820749926,0.07797520820749926,1.0
TAXI,0.2,F,0.07797520820749926,0.07797520820749926,1.0
TAXI,0.2,F,0.07797520820749926,0.07797520820749926,1.0
TAXI,0.2,F,0.07797520820749926,0.07797520820749926,1.0
TAXI,0.2,F,0.07797520820749926,0.07797520820749926,1.0
TAXI,0.2,F,0.20373727399677496,0.20373727399677496,1.0
TAXI,0.2,F,0.20373727399677496,0.20373727399677496,1.0
TAXI,0.2,F,0.20373727399677496,0.2698424616762219,1.3244629045173801
TAXI,0.2,F,0.20373727399677496,0.2698424616762219,1.3244629045173801
TAXI,0.2,F,0.20373727399677496,0.2698424616762219,1.3244629045173801
TAXI,0.2,F,0.20373727399677496,0.2698424616762219,1.3244629045173801
TAXI,0.2,F,0.20373727399677496,0.2698424616762219,1.3244629045173801
TAXI,0.2,F,0.20373727399677496,0.2698424616762219,1.3244629045173801
TAXI,0.2,F,0.3097986473456079,0.3759038350250548,1.2133811372187842
TAXI,0.2,F,0.39836767797273553,0.46447286565218243,1.1659401385570523
TAXI,0.2,F,0.39836767797273553,0.46447286565218243,1.1659401385570523
TAXI,0.2,F,0.4904613472875206,0.5565665349669675,1.1347816459850288
TAXI,0.2,F,0.5768450750649012,0.6429502627443482,1.1145978193053125
TAXI,0.2,F,0.6631754740936641,0.729280661773111,1.0996797834989154
TAXI,0.2,F,0.6631754740936641,0.729280661773111,1.0996797834989154
TAXI,0.2,F,0.6631754740936641,0.729280661773111,1.0996797834989154
TAXI,0.2,F,0.6631754740936641,0.729280661773111,1.0996797834989154
TAXI,0.2,F,0.6631754740936641,0.729280661773111,1.0996797834989154
TAXI,0.2,F,0.6631754740936641,0.729280661773111,1.0996797834989154
TAXI,0.2,F,0.6631754740936641,0.729280661773111,1.0996797834989154
TAXI,0.2,F,0.6631754740936641,0.729280661773111,1.0996797834989154
TAXI,0.2,F,0.6631754740936641,0.729280661773111,1.0996797834989154
TAXI,0.2,F,0.7424132409359689,0.8085184286154159,1.089040959986257
TAXI,0.2,F,0.8327914335968334,0.8988966212762803,1.0793778430139922
TAXI,0.2,F,0.9277394569643513,0.9938446446437983,1.0712540435606233
TAXI,0.2,F,0.9277394569643513,0.9938446446437983,1.0712540435606233
TAXI,0.2,F,0.9277394569643513,0.9938446446437983,1.0712540435606233
TAXI,0.2,F,1.025236271764118,1.0913414594435649,1.0644780032662131
TAXI,0.2,F,1.025236271764118,1.0913414594435649,1.0644780032662131
TAXI,0.2,F,1.025236271764118,1.0913414594435649,1.0644780032662131
TAXI,0.2,F,1.0894905018194978,1.0913414594435649,1.0016989203861584
TAXI,0.2,F,1.0894905018194978,1.0913414594435649,1.0016989203861584
TAXI,0.2,F,1.0894905018194978,1.0913414594435649,1.0016989203861584
TAXI,0.2,F,1.0894905018194978,1.0913414594435649,1.0016989203861584
TAXI,0.2,F,1.0894905018194978,1.0913414594435649,1.0016989203861584
TAXI,0.2,F,1.0894905018194978,1.0913414594435649,1.0016989203861584
TAXI,0.2,F,1.0894905018194978,1.0913414594435649,1.0016989203861584
TAXI,0.2,F,1.0894905018194978,1.0913414594435649,1.0016989203861584
TAXI,0.2,F,1.0894905018194978,1.0913414594435649,1.0016989203861584
TAXI,0.2,F,1.0894905018194978,1.0913414594435649,1.0016989203861584
TAXI,0.2,F,1.0894905018194978,1.0913414594435649,1.0016989203861584
TAXI,0.2,F,1.0894905018194978,1.0913414594435649,1.0016989203861584
TAXI,0.2,F,1.0894905018194978,1.0913414594435649,1.0016989203861584
TAXI,0.2,F,1.1738001824486708,1.175651140072738,1.0015768932836644
TAXI,0.2,F,1.1738001824486708,1.175651140072738,1.0015768932836644
TAXI,0.2,F,1.1738001824486708,1.175651140072738,1.0015768932836644
TAXI,0.2,F,1.2417454809080517,1.243596438532119,1.0014906095109875
TAXI,0.2,F,1.2417454809080517,1.243596438532119,1.0014906095109875
TAXI,0.2,F,1.2417454809080517,1.243596438532119,1.0014906095109875
TAXI,0.2,F,1.2417454809080517,1.243596438532119,1.0014906095109875
TAXI,0.2,F,1.2417454809080517,1.243596438532119,1.0014906095109875
TAXI,0.2,F,1.2417454809080517,1.243596438532119,1.0014906095109875
TAXI,0.2,F,1.2417454809080517,1.243596438532119,1.0014906095109875
TAXI,0.2,F,1.2417454809080517,1.243596438532119,1.0014906095109875
TAXI,0.2,F,1.2417454809080517,1.243596438532119,1.0014906095109875
TAXI,0.2,F,1.2417454809080517,1.243596438532119,1.0014906095109875
TAXI,0.2,F,1.2417454809080517,1.243596438532119,1.0014906095109875
TAXI,0.2,F,1.2417454809080517,1.243596438532119,1.0014906095109875
TAXI,0.2,P,0.0,0.0,
TAXI,0.2,P,0.0,0.0,
TAXI,0.2,P,0.0,0.0,
TAXI,0.2,P,0.0,0.0,
TAXI,0.2,P,0.05241494495870522,0.05241494495870522,1.0
TAXI,0.2,P,0.05241494495870522,0.05241494495870522,1.0
TAXI,0.2,P,0.05241494495870522,0.05241494495870522,1.0
TAXI,0.2,P,0.05241494495870522,0.05241494495870522,1.0
TAXI,0.2,P,0.05241494495870522,0.05241494495870522,1.0
TAXI,0.2,P,0.23901194644821386,0.23901194644821386,1.0
TAXI,0.2,P,0.23901194644821386,0.23901194644821386,1.0
TAXI,0.2,P,0.23901194644821386,0.27396435334008445,1.1462370706204164
TAXI,0.2,P,0.23901194644821386,0.27396435334008445,1.1462370706204164
TAXI,0.2,P,0.23901194644821386,0.27396435334008445,1.1462370706204164
TAXI,0.2,P,0.23901194644821386,0.27396435334008445,1.1462370706204164
TAXI,0.2,P,0.23901194644821386,0.27396435334008445,1.1462370706204164
TAXI,0.2,P,0.23901194644821386,0.27396435334008445,1.1462370706204164
TAXI,0.2,P,0.41038660140042404,0.44533900829229467,1.08516946404341
TAXI,0.2,P,0.48831907451555545,0.5232714814074261,1.0715769846315049
TAXI,0.2,P,0.48831907451555545,0.5232714814074261,1.0715769846315049
TAXI,0.2,P,0.5343806724100788,0.5693330793019494,1.0654073185959998
TAXI,0.2,P,0.6615577955776375,0.6965102024695082,1.0528334895688927
TAXI,0.2,P,0.7026842365904178,0.7376366434822885,1.0497412707896618
TAXI,0.2,P,0.7026842365904178,0.7376366434822885,1.0497412707896618
TAXI,0.2,P,0.7026842365904178,0.7376366434822885,1.0497412707896618
TAXI,0.2,P,0.7026842365904178,0.7376366434822885,1.0497412707896618
TAXI,0.2,P,0.7026842365904178,0.7376366434822885,1.0497412707896618
TAXI,0.2,P,0.7026842365904178,0.7376366434822885,1.0497412707896618
TAXI,0.2,P,0.7026842365904178,0.7376366434822885,1.0497412707896618
TAXI,0.2,P,0.7026842365904178,0.7376366434822885,1.0497412707896618
TAXI,0.2,P,0.7026842365904178,0.7376366434822885,1.0497412707896618
TAXI,0.2,P,0.8057008266685243,0.840653233560395,1.0433813715152742
TAXI,0.2,P,0.836708699078104,0.8716611059699747,1.041773686505688
TAXI,0.2,P,0.9717107564324576,1.0066631633243284,1.0359699701382283
TAXI,0.2,P,0.9717107564324576,1.0066631633243284,1.0359699701382283
TAXI,0.2,P,0.9717107564324576,1.0066631633243284,1.0359699701382283
TAXI,0.2,P,1.0912378512492238,1.1261902581410945,1.0320300536238347
TAXI,0.2,P,1.0912378512492238,1.1261902581410945,1.0320300536238347
TAXI,0.2,P,1.0912378512492238,1.1261902581410945,1.0320300536238347
TAXI,0.2,P,1.1591215461043822,1.1261902581410945,0.9715894436834822
TAXI,0.2,P,1.1591215461043822,1.1261902581410945,0.9715894436834822
TAXI,0.2,P,1.1591215461043822,1.1261902581410945,0.9715894436834822
TAXI,0.2,P,1.1591215461043822,1.1261902581410945,0.9715894436834822
TAXI,0.2,P,1.1591215461043822,1.1261902581410945,0.9715894436834822
TAXI,0.2,P,1.1591215461043822,1.1261902581410945,0.9715894436834822
TAXI,0.2,P,1.1591215461043822,1.1261902581410945,0.9715894436834822
TAXI,0.2,P,1.1591215461043822,1.1261902581410945,0.9715894436834822
TAXI,0.2,P,1.1591215461043822,1.1261902581410945,0.9715894436834822
TAXI,0.2,P,1.1591215461043822,1.1261902581410945,0.9715894436834822
TAXI,0.2,P,1.1591215461043822,1.1261902581410945,0.9715894436834822
TAXI,0.2,P,1.1591215461043822,1.1261902581410945,0.9715894436834822
TAXI,0.2,P,1.1591215461043822,1.1261902581410945,0.9715894436834822
TAXI,0.2,P,1.1985836160315408,1.1656523280682531,0.9725248305392978
TAXI,0.2,P,1.1985836160315408,1.1656523280682531,0.9725248305392978
TAXI,0.2,P,1.1985836160315408,1.1656523280682531,0.9725248305392978
TAXI,0.2,P,1.3047738260081139,1.2718425380448262,0.9747609223093943
TAXI,0.2,P,1.3047738260081139,1.2718425380448262,0.9747609223093943
TAXI,0.2,P,1.3047738260081139,1.2718425380448262,0.9747609223093943
TAXI,0.2,P,1.3047738260081139,1.2718425380448262,0.9747609223093943
TAXI,0.2,P,1.3047738260081139,1.2718425380448262,0.9747609223093943
TAXI,0.2,P,1.3047738260081139,1.2718425380448262,0.9747609223093943
TAXI,0.2,P,1.3047738260081139,1.2718425380448262,0.9747609223093943
TAXI,0.2,P,1.3047738260081139,1.2718425380448262,0.9747609223093943
TAXI,0.2,P,1.3047738260081139,1.2718425380448262,0.9747609223093943
TAXI,0.2,P,1.3047738260081139,1.2718425380448262,0.9747609223093943
TAXI,0.2,P,1.3047738260081139,1.2718425380448262,0.9747609223093943
TAXI,0.2,P,1.3047738260081139,1.2718425380448262,0.9747609223093943
TAXI,0.2,R,0.0,0.0,
TAXI,0.2,R,0.0,0.0,
TAXI,0.2,R,0.0,0.0,
TAXI,0.2,R,0.0,0.0,
TAXI,0.2,R,0.46785124924499555,0.46785124924499555,1.0
TAXI,0.2,R,0.46785124924499555,0.46785124924499555,1.0
TAXI,0.2,R,0.46785124924499555,0.46785124924499555,1.0
TAXI,0.2,R,0.46785124924499555,0.46785124924499555,1.0
TAXI,0.2,R,0.46785124924499555,0.46785124924499555,1.0
TAXI,0.2,R,1.2224236439806497,1.2224236439806497,1.0
TAXI,0.2,R,1.2224236439806497,1.2224236439806497,1.0
TAXI,0.2,R,1.2224236439806497,1.6190547700573314,1.3244629045173804
TAXI,0.2,R,1.2224236439806497,1.6190547700573314,1.3244629045173804
TAXI,0.2,R,1.2224236439806497,1.6190547700573314,1.3244629045173804
TAXI,0.2,R,1.2224236439806497,1.6190547700573314,1.3244629045173804
TAXI,0.2,R,1.2224236439806497,1.6190547700573314,1.3244629045173804
TAXI,0.2,R,1.2224236439806497,1.6190547700573314,1.3244629045173804
TAXI,0.2,R,1.8587918840736473,2.255423010150329,1.2133811372187844
TAXI,0.2,R,2.390206067836413,2.7868371939130947,1.1659401385570525
TAXI,0.2,R,2.390206067836413,2.7868371939130947,1.1659401385570525
TAXI,0.2,R,2.9427680837251233,3.339399209801805,1.134781645985029
TAXI,0.2,R,3.4610704503894074,3.857701576466089,1.1145978193053125
TAXI,0.2,R,3.9790528445619846,4.375683970638667,1.0996797834989154
TAXI,0.2,R,3.9790528445619846,4.375683970638667,1.0996797834989154
TAXI,0.2,R,3.9790528445619846,4.375683970638667,1.0996797834989154
TAXI,0.2,R,3.9790528445619846,4.375683970638667,1.0996797834989154
TAXI,0.2,R,3.9790528445619846,4.375683970638667,1.0996797834989154
TAXI,0.2,R,3.9790528445619846,4.375683970638667,1.0996797834989154
TAXI,0.2,R,3.9790528445619846,4.375683970638667,1.0996797834989154
TAXI,0.2,R,3.9790528445619846,4.375683970638667,1.0996797834989154
TAXI,0.2,R,3.9790528445619846,4.375683970638667,1.0996797834989154
TAXI,0.2,R,4.454479445615814,4.851110571692496,1.0890409599862572
TAXI,0.2,R,4.996748601581,5.393379727657683,1.0793778430139924
TAXI,0.2,R,5.566436741786108,5.96306786786279,1.0712540435606235
TAXI,0.2,R,5.566436741786108,5.96306786786279,1.0712540435606235
TAXI,0.2,R,5.566436741786108,5.96306786786279,1.0712540435606235
TAXI,0.2,R,6.1514176305847075,6.54804875666139,1.0644780032662133
TAXI,0.2,R,6.1514176305847075,6.54804875666139,1.0644780032662133
TAXI,0.2,R,6.1514176305847075,6.54804875666139,1.0644780032662133
TAXI,0.2,R,6.536943010916987,6.54804875666139,1.0016989203861584
TAXI,0.2,R,6.536943010916987,6.54804875666139,1.0016989203861584
TAXI,0.2,R,6.536943010916987,6.54804875666139,1.0016989203861584
TAXI,0.2,R,6.536943010916987,6.54804875666139,1.0016989203861584
TAXI,0.2,R,6.536943010916987,6.54804875666139,1.0016989203861584
TAXI,0.2,R,6.536943010916987,6.54804875666139,1.0016989203861584
TAXI,0.2,R,6.536943010916987,6.54804875666139,1.0016989203861584
TAXI,0.2,R,6.536943010916987,6.54804875666139,1.0016989203861584
TAXI,0.2,R,6.536943010916987,6.54804875666139,1.0016989203861584
TAXI,0.2,R,6.536943010916987,6.54804875666139,1.0016989203861584
TAXI,0.2,R,6.536943010916987,6.54804875666139,1.0016989203861584
TAXI,0.2,R,6.536943010916987,6.54804875666139,1.0016989203861584
TAXI,0.2,R,6.536943010916987,6.54804875666139,1.0016989203861584
TAXI,0.2,R,7.042801094692026,7.0539068404364285,1.0015768932836642
TAXI,0.2,R,7.042801094692026,7.0539068404364285,1.0015768932836642
TAXI,0.2,R,7.042801094692026,7.0539068404364285,1.0015768932836642
TAXI,0.2,R,7.450472885448311,7.4615786311927135,1.0014906095109875
TAXI,0.2,R,7.450472885448311,7.4615786311927135,1.0014906095109875
TAXI,0.2,R,7.450472885448311,7.4615786311927135,1.0014906095109875
TAXI,0.2,R,7.450472885448311,7.4615786311927135,1.0014906095109875
TAXI,0.2,R,7.450472885448311,7.4615786311927135,1.0014906095109875
TAXI,0.2,R,7.450472885448311,7.4615786311927135,1.0014906095109875
TAXI,0.2,R,7.450472885448311,7.4615786311927135,1.0014906095109875
TAXI,0.2,R,7.450472885448311,7.4615786311927135,1.0014906095109875
TAXI,0.2,R,7.450472885448311,7.4615786311927135,1.0014906095109875
TAXI,0.2,R,7.450472885448311,7.4615786311927135,1.0014906095109875
TAXI,0.2,R,7.450472885448311,7.4615786311927135,1.0014906095109875
TAXI,0.2,R,7.450472885448311,7.4615786311927135,1.0014906095109875
TAXI,0.2,F_continuity,0.0,0.0,
TAXI,0.2,F_continuity,0.0,0.0,
TAXI,0.2,F_continuity,0.0,0.0,
TAXI,0.2,F_continuity,0.0,0.0,
TAXI,0.2,F_continuity,0.0,0.0,
TAXI,0.2,F_continuity,0.0,0.0,
TAXI,0.2,F_continuity,0.0,0.0,
TAXI,0.2,F_continuity,0.0,0.0,
TAXI,0.2,F_continuity,0.0,0.0,
TAXI,0.2,F_continuity,0.0,0.0,
TAXI,0.2,F_continuity,0.0,0.0,
TAXI,0.2,F_continuity,0.0,0.0,
TAXI,0.2,F_continuity,0.0,0.0,
TAXI,0.2,F_continuity,0.0,0.0,
TAXI,0.2,F_continuity,0.0,0.0,
TAXI,0.2,F_continuity,0.0,0.0,
TAXI,0.2,F_continuity,0.0,0.0,
TAXI,0.2,F_continuity,0.0,0.0,
TAXI,0.2,F_continuity,0.0,0.0,
TAXI,0.2,F_continuity,0.0,0.0,
TAXI,0.2,F_continuity,0.0,0.0,
TAXI,0.2,F_continuity,0.0,0.0,
TAXI,0.2,F_continuity,0.0,0.0,
TAXI,0.2,F_continuity,0.0,0.0,
TAXI,0.2,F_continuity,0.0,0.0,
TAXI,0.2,F_continuity,0.0,0.0,
TAXI,0.2,F_continuity,0.0,0.0,
TAXI,0.2,F_continuity,0.0,0.0,
TAXI,0.2,F_continuity,0.0,0.0,
TAXI,0.2,F_continuity,0.0,0.0,
TAXI,0.2,F_continuity,0.0,0.0,
TAXI,0.2,F_continuity,0.0,0.0,
TAXI,0.2,F_continuity,0.0,0.0,
TAXI,0.2,F_continuity,0.0,0.0,
TAXI,0.2,F_continuity,0.0,0.0,
TAXI,0.2,F_continuity,0.0,0.0,
TAXI,0.2,F_continuity,0.0,0.0,
TAXI,0.2,F_continuity,0.0,0.0,
TAXI,0.2,F_continuity,0.0,0.0,
TAXI,0.2,F_continuity,0.0,0.0,
TAXI,0.2,F_continuity,0.0,0.0,
TAXI,0.2,F_continuity,0.0,0.0,
TAXI,0.2,F_continuity,0.0,0.0,
TAXI,0.2,F_continuity,0.0,0.0,
TAXI,0.2,F_continuity,0.0,0.0,
TAXI,0.2,F_continuity,0.0,0.0,
TAXI,0.2,F_continuity,0.0,0.0,
TAXI,0.2,F_continuity,0.0,0.0,
TAXI,0.2,F_continuity,0.0,0.0,
TAXI,0.2,F_continuity,0.0,0.0,
TAXI,0.2,F_continuity,0.0,0.0,
TAXI,0.2,F_continuity,0.0,0.0,
TAXI,0.2,F_continuity,0.0,0.0,
TAXI,0.2,F_continuity,0.0,0.0,
TAXI,0.2,F_continuity,0.0,0.0,
TAXI,0.2,F_continuity,0.0,0.0,
TAXI,0.2,F_continuity,0.0,0.0,
TAXI,0.2,F_continuity,0.0,0.0,
TAXI,0.2,F_continuity,0.0,0.0,
TAXI,0.2,F_continuity,0.0,0.0,
TAXI,0.2,F_continuity,0.0,0.0,
TAXI,0.2,F_continuity,0.0,0.0,
TAXI,0.2,F_continuity,0.0,0.0,
TAXI,0.2,F_continuity,0.0,0.0,
TAXI,0.2,F_continuity,0.0,0.0,
TAXI,0.2,F_continuity,0.0,0.0,
TAXI,0.2,F_continuity,0.0,0.0,
TAXI,0.2,F_execution,0.0,0.0,
TAXI,0.2,F_execution,0.0,0.0,
TAXI,0.2,F_execution,0.0,0.0,
TAXI,0.2,F_execution,0.0,0.0,
TAXI,0.2,F_execution,0.0,0.0,
TAXI,0.2,F_execution,0.0,0.0,
TAXI,0.2,F_execution,0.0,0.0,
TAXI,0.2,F_execution,0.0,0.0,
TAXI,0.2,F_execution,0.0,0.0,
TAXI,0.2,F_execution,0.0,0.0,
TAXI,0.2,F_execution,0.0,0.0,
TAXI,0.2,F_execution,0.0,0.0,
TAXI,0.2,F_execution,0.0,0.0,
TAXI,0.2,F_execution,0.0,0.0,
TAXI,0.2,F_execution,0.0,0.0,
TAXI,0.2,F_execution,0.0,0.0,
TAXI,0.2,F_execution,0.0,0.0,
TAXI,0.2,F_execution,0.0,0.0,
TAXI,0.2,F_execution,0.0,0.0,
TAXI,0.2,F_execution,0.0,0.0,
TAXI,0.2,F_execution,0.0,0.0,
TAXI,0.2,F_execution,0.0,0.0,
TAXI,0.2,F_execution,0.0,0.0,
TAXI,0.2,F_execution,0.0,0.0,
TAXI,0.2,F_execution,0.0,0.0,
TAXI,0.2,F_execution,0.0,0.0,
TAXI,0.2,F_execution,0.0,0.0,
TAXI,0.2,F_execution,0.0,0.0,
TAXI,0.2,F_execution,0.0,0.0,
TAXI,0.2,F_execution,0.0,0.0,
TAXI,0.2,F_execution,0.0,0.0,
TAXI,0.2,F_execution,0.0,0.0,
TAXI,0.2,F_execution,0.0,0.0,
TAXI,0.2,F_execution,0.0,0.0,
TAXI,0.2,F_execution,0.0,0.0,
TAXI,0.2,F_execution,0.0,0.0,
TAXI,0.2,F_execution,0.0,0.0,
TAXI,0.2,F_execution,0.0,0.0,
TAXI,0.2,F_execution,0.0,0.0,
TAXI,0.2,F_execution,0.0,0.0,
TAXI,0.2,F_execution,0.0,0.0,
TAXI,0.2,F_execution,0.0,0.0,
TAXI,0.2,F_execution,0.0,0.0,
TAXI,0.2,F_execution,0.0,0.0,
TAXI,0.2,F_execution,0.0,0.0,
TAXI,0.2,F_execution,0.0,0.0,
TAXI,0.2,F_execution,0.0,0.0,
TAXI,0.2,F_execution,0.0,0.0,
TAXI,0.2,F_execution,0.0,0.0,
TAXI,0.2,F_execution,0.0,0.0,
TAXI,0.2,F_execution,0.0,0.0,
TAXI,0.2,F_execution,0.0,0.0,
TAXI,0.2,F_execution,0.0,0.0,
TAXI,0.2,F_execution,0.0,0.0,
TAXI,0.2,F_execution,0.0,0.0,
TAXI,0.2,F_execution,0.0,0.0,
TAXI,0.2,F_execution,0.0,0.0,
TAXI,0.2,F_execution,0.0,0.0,
TAXI,0.2,F_execution,0.0,0.0,
TAXI,0.2,F_execution,0.0,0.0,
TAXI,0.2,F_execution,0.0,0.0,
TAXI,0.2,F_execution,0.0,0.0,
TAXI,0.2,F_execution,0.0,0.0,
TAXI,0.2,F_execution,0.0,0.0,
TAXI,0.2,F_execution,0.0,0.0,
TAXI,0.2,F_execution,0.0,0.0,
TAXI,0.2,F_execution,0.0,0.0,
TAXI,0.2,F_propagation,0.0,0.0,
TAXI,0.2,F_propagation,0.0,0.0,
TAXI,0.2,F_propagation,0.0,0.0,
TAXI,0.2,F_propagation,0.0,0.0,
TAXI,0.2,F_propagation,0.23392562462249777,0.23392562462249777,1.0
TAXI,0.2,F_propagation,0.23392562462249777,0.23392562462249777,1.0
TAXI,0.2,F_propagation,0.23392562462249777,0.23392562462249777,1.0
TAXI,0.2,F_propagation,0.23392562462249777,0.23392562462249777,1.0
TAXI,0.2,F_propagation,0.23392562462249777,0.23392562462249777,1.0
TAXI,0.2,F_propagation,0.6112118219903249,0.6112118219903249,1.0
TAXI,0.2,F_propagation,0.6112118219903249,0.6112118219903249,1.0
TAXI,0.2,F_propagation,0.6112118219903249,0.8095273850286657,1.3244629045173804
TAXI,0.2,F_propagation,0.6112118219903249,0.8095273850286657,1.3244629045173804
TAXI,0.2,F_propagation,0.6112118219903249,0.8095273850286657,1.3244629045173804
TAXI,0.2,F_propagation,0.6112118219903249,0.8095273850286657,1.3244629045173804
TAXI,0.2,F_propagation,0.6112118219903249,0.8095273850286657,1.3244629045173804
TAXI,0.2,F_propagation,0.6112118219903249,0.8095273850286657,1.3244629045173804
TAXI,0.2,F_propagation,0.9293959420368236,1.1277115050751645,1.2133811372187844
TAXI,0.2,F_propagation,1.1951030339182065,1.3934185969565474,1.1659401385570525
TAXI,0.2,F_propagation,1.1951030339182065,1.3934185969565474,1.1659401385570525
TAXI,0.2,F_propagation,1.4713840418625617,1.6696996049009025,1.134781645985029
TAXI,0.2,F_propagation,1.7305352251947037,1.9288507882330446,1.1145978193053125
TAXI,0.2,F_propagation,1.9895264222809923,2.1878419853193334,1.0996797834989154
TAXI,0.2,F_propagation,1.9895264222809923,2.1878419853193334,1.0996797834989154
TAXI,0.2,F_propagation,1.9895264222809923,2.1878419853193334,1.0996797834989154
TAXI,0.2,F_propagation,1.9895264222809923,2.1878419853193334,1.0996797834989154
TAXI,0.2,F_propagation,1.9895264222809923,2.1878419853193334,1.0996797834989154
TAXI,0.2,F_propagation,1.9895264222809923,2.1878419853193334,1.0996797834989154
TAXI,0.2,F_propagation,1.9895264222809923,2.1878419853193334,1.0996797834989154
TAXI,0.2,F_propagation,1.9895264222809923,2.1878419853193334,1.0996797834989154
TAXI,0.2,F_propagation,1.9895264222809923,2.1878419853193334,1.0996797834989154
TAXI,0.2,F_propagation,2.227239722807907,2.425555285846248,1.0890409599862572
TAXI,0.2,F_propagation,2.4983743007905,2.6966898638288415,1.0793778430139924
TAXI,0.2,F_propagation,2.783218370893054,2.981533933931395,1.0712540435606235
TAXI,0.2,F_propagation,2.783218370893054,2.981533933931395,1.0712540435606235
TAXI,0.2,F_propagation,2.783218370893054,2.981533933931395,1.0712540435606235
TAXI,0.2,F_propagation,3.0757088152923537,3.274024378330695,1.0644780032662133
TAXI,0.2,F_propagation,3.0757088152923537,3.274024378330695,1.0644780032662133
TAXI,0.2,F_propagation,3.0757088152923537,3.274024378330695,1.0644780032662133
TAXI,0.2,F_propagation,3.2684715054584936,3.274024378330695,1.0016989203861584
TAXI,0.2,F_propagation,3.2684715054584936,3.274024378330695,1.0016989203861584
TAXI,0.2,F_propagation,3.2684715054584936,3.274024378330695,1.0016989203861584
TAXI,0.2,F_propagation,3.2684715054584936,3.274024378330695,1.0016989203861584
TAXI,0.2,F_propagation,3.2684715054584936,3.274024378330695,1.0016989203861584
TAXI,0.2,F_propagation,3.2684715054584936,3.274024378330695,1.0016989203861584
TAXI,0.2,F_propagation,3.2684715054584936,3.274024378330695,1.0016989203861584
TAXI,0.2,F_propagation,3.2684715054584936,3.274024378330695,1.0016989203861584
TAXI,0.2,F_propagation,3.2684715054584936,3.274024378330695,1.0016989203861584
TAXI,0.2,F_propagation,3.2684715054584936,3.274024378330695,1.0016989203861584
TAXI,0.2,F_propagation,3.2684715054584936,3.274024378330695,1.0016989203861584
TAXI,0.2,F_propagation,3.2684715054584936,3.274024378330695,1.0016989203861584
TAXI,0.2,F_propagation,3.2684715054584936,3.274024378330695,1.0016989203861584
TAXI,0.2,F_propagation,3.521400547346013,3.5269534202182142,1.0015768932836642
TAXI,0.2,F_propagation,3.521400547346013,3.5269534202182142,1.0015768932836642
TAXI,0.2,F_propagation,3.521400547346013,3.5269534202182142,1.0015768932836642
TAXI,0.2,F_propagation,3.7252364427241553,3.7307893155963567,1.0014906095109875
TAXI,0.2,F_propagation,3.7252364427241553,3.7307893155963567,1.0014906095109875
TAXI,0.2,F_propagation,3.7252364427241553,3.7307893155963567,1.0014906095109875
TAXI,0.2,F_propagation,3.7252364427241553,3.7307893155963567,1.0014906095109875
TAXI,0.2,F_propagation,3.7252364427241553,3.7307893155963567,1.0014906095109875
TAXI,0.2,F_propagation,3.7252364427241553,3.7307893155963567,1.0014906095109875
TAXI,0.2,F_propagation,3.7252364427241553,3.7307893155963567,1.0014906095109875
TAXI,0.2,F_propagation,3.7252364427241553,3.7307893155963567,1.0014906095109875
TAXI,0.2,F_propagation,3.7252364427241553,3.7307893155963567,1.0014906095109875
TAXI,0.2,F_propagation,3.7252364427241553,3.7307893155963567,1.0014906095109875
TAXI,0.2,F_propagation,3.7252364427241553,3.7307893155963567,1.0014906095109875
TAXI,0.2,F_propagation,3.7252364427241553,3.7307893155963567,1.0014906095109875
TAXI,0.2,P_time,0.0,0.0,
TAXI,0.2,P_time,0.0,0.0,
TAXI,0.2,P_time,0.0,0.0,
TAXI,0.2,P_time,0.0,0.0,
TAXI,0.2,P_time,0.15724483487611565,0.15724483487611565,1.0
TAXI,0.2,P_time,0.15724483487611565,0.15724483487611565,1.0
TAXI,0.2,P_time,0.15724483487611565,0.15724483487611565,1.0
TAXI,0.2,P_time,0.15724483487611565,0.15724483487611565,1.0
TAXI,0.2,P_time,0.15724483487611565,0.15724483487611565,1.0
TAXI,0.2,P_time,0.7170358393446415,0.7170358393446415,1.0
TAXI,0.2,P_time,0.7170358393446415,0.7170358393446415,1.0
TAXI,0.2,P_time,0.7170358393446415,0.8218930600202533,1.1462370706204161
TAXI,0.2,P_time,0.7170358393446415,0.8218930600202533,1.1462370706204161
TAXI,0.2,P_time,0.7170358393446415,0.8218930600202533,1.1462370706204161
TAXI,0.2,P_time,0.7170358393446415,0.8218930600202533,1.1462370706204161
TAXI,0.2,P_time,0.7170358393446415,0.8218930600202533,1.1462370706204161
TAXI,0.2,P_time,0.7170358393446415,0.8218930600202533,1.1462370706204161
TAXI,0.2,P_time,1.2311598042012721,1.336017024876884,1.0851694640434097
TAXI,0.2,P_time,1.4649572235466664,1.5698144442222781,1.0715769846315049
TAXI,0.2,P_time,1.4649572235466664,1.5698144442222781,1.0715769846315049
TAXI,0.2,P_time,1.6031420172302362,1.707999237905848,1.0654073185959998
TAXI,0.2,P_time,1.9846733867329125,2.0895306074085243,1.0528334895688924
TAXI,0.2,P_time,2.108052709771253,2.212909930446865,1.0497412707896616
TAXI,0.2,P_time,2.108052709771253,2.212909930446865,1.0497412707896616
TAXI,0.2,P_time,2.108052709771253,2.212909930446865,1.0497412707896616
TAXI,0.2,P_time,2.108052709771253,2.212909930446865,1.0497412707896616
TAXI,0.2,P_time,2.108052709771253,2.212909930446865,1.0497412707896616
TAXI,0.2,P_time,2.108052709771253,2.212909930446865,1.0497412707896616
TAXI,0.2,P_time,2.108052709771253,2.212909930446865,1.0497412707896616
TAXI,0.2,P_time,2.108052709771253,2.212909930446865,1.0497412707896616
TAXI,0.2,P_time,2.108052709771253,2.212909930446865,1.0497412707896616
TAXI,0.2,P_time,2.4171024800055725,2.5219597006811845,1.043381371515274
TAXI,0.2,P_time,2.510126097234312,2.6149833179099238,1.041773686505688
TAXI,0.2,P_time,2.9151322692973727,3.0199894899729847,1.0359699701382283
TAXI,0.2,P_time,2.9151322692973727,3.0199894899729847,1.0359699701382283
TAXI,0.2,P_time,2.9151322692973727,3.0199894899729847,1.0359699701382283
TAXI,0.2,P_time,3.273713553747671,3.378570774423283,1.0320300536238345
TAXI,0.2,P_time,3.273713553747671,3.378570774423283,1.0320300536238345
TAXI,0.2,P_time,3.273713553747671,3.378570774423283,1.0320300536238345
TAXI,0.2,P_time,3.4773646383131465,3.378570774423283,0.9715894436834822
TAXI,0.2,P_time,3.4773646383131465,3.378570774423283,0.9715894436834822
TAXI,0.2,P_time,3.4773646383131465,3.378570774423283,0.9715894436834822
TAXI,0.2,P_time,3.4773646383131465,3.378570774423283,0.9715894436834822
TAXI,0.2,P_time,3.4773646383131465,3.378570774423283,0.9715894436834822
TAXI,0.2,P_time,3.4773646383131465,3.378570774423283,0.9715894436834822
TAXI,0.2,P_time,3.4773646383131465,3.378570774423283,0.9715894436834822
TAXI,0.2,P_time,3.4773646383131465,3.378570774423283,0.9715894436834822
TAXI,0.2,P_time,3.4773646383131465,3.378570774423283,0.9715894436834822
TAXI,0.2,P_time,3.4773646383131465,3.378570774423283,0.9715894436834822
TAXI,0.2,P_time,3.4773646383131465,3.378570774423283,0.9715894436834822
TAXI,0.2,P_time,3.4773646383131465,3.378570774423283,0.9715894436834822
TAXI,0.2,P_time,3.4773646383131465,3.378570774423283,0.9715894436834822
TAXI,0.2,P_time,3.595750848094622,3.4969569842047585,0.9725248305392978
TAXI,0.2,P_time,3.595750848094622,3.4969569842047585,0.9725248305392978
TAXI,0.2,P_time,3.595750848094622,3.4969569842047585,0.9725248305392978
TAXI,0.2,P_time,3.9143214780243407,3.8155276141344774,0.9747609223093942
TAXI,0.2,P_time,3.9143214780243407,3.8155276141344774,0.9747609223093942
TAXI,0.2,P_time,3.9143214780243407,3.8155276141344774,0.9747609223093942
TAXI,0.2,P_time,3.9143214780243407,3.8155276141344774,0.9747609223093942
TAXI,0.2,P_time,3.9143214780243407,3.8155276141344774,0.9747609223093942
TAXI,0.2,P_time,3.9143214780243407,3.8155276141344774,0.9747609223093942
TAXI,0.2,P_time,3.9143214780243407,3.8155276141344774,0.9747609223093942
TAXI,0.2,P_time,3.9143214780243407,3.8155276141344774,0.9747609223093942
TAXI,0.2,P_time,3.9143214780243407,3.8155276141344774,0.9747609223093942
TAXI,0.2,P_time,3.9143214780243407,3.8155276141344774,0.9747609223093942
TAXI,0.2,P_time,3.9143214780243407,3.8155276141344774,0.9747609223093942
TAXI,0.2,P_time,3.9143214780243407,3.8155276141344774,0.9747609223093942
TAXI,0.2,P_itinerary,0.0,0.0,
TAXI,0.2,P_itinerary,0.0,0.0,
TAXI,0.2,P_itinerary,0.0,0.0,
TAXI,0.2,P_itinerary,0.0,0.0,
TAXI,0.2,P_itinerary,0.0,0.0,
TAXI,0.2,P_itinerary,0.0,0.0,
TAXI,0.2,P_itinerary,0.0,0.0,
TAXI,0.2,P_itinerary,0.0,0.0,
TAXI,0.2,P_itinerary,0.0,0.0,
TAXI,0.2,P_itinerary,0.0,0.0,
TAXI,0.2,P_itinerary,0.0,0.0,
TAXI,0.2,P_itinerary,0.0,0.0,
TAXI,0.2,P_itinerary,0.0,0.0,
TAXI,0.2,P_itinerary,0.0,0.0,
TAXI,0.2,P_itinerary,0.0,0.0,
TAXI,0.2,P_itinerary,0.0,0.0,
TAXI,0.2,P_itinerary,0.0,0.0,
TAXI,0.2,P_itinerary,0.0,0.0,
TAXI,0.2,P_itinerary,0.0,0.0,
TAXI,0.2,P_itinerary,0.0,0.0,
TAXI,0.2,P_itinerary,0.0,0.0,
TAXI,0.2,P_itinerary,0.0,0.0,
TAXI,0.2,P_itinerary,0.0,0.0,
TAXI,0.2,P_itinerary,0.0,0.0,
TAXI,0.2,P_itinerary,0.0,0.0,
TAXI,0.2,P_itinerary,0.0,0.0,
TAXI,0.2,P_itinerary,0.0,0.0,
TAXI,0.2,P_itinerary,0.0,0.0,
TAXI,0.2,P_itinerary,0.0,0.0,
TAXI,0.2,P_itinerary,0.0,0.0,
TAXI,0.2,P_itinerary,0.0,0.0,
TAXI,0.2,P_itinerary,0.0,0.0,
TAXI,0.2,P_itinerary,0.0,0.0,
TAXI,0.2,P_itinerary,0.0,0.0,
TAXI,0.2,P_itinerary,0.0,0.0,
TAXI,0.2,P_itinerary,0.0,0.0,
TAXI,0.2,P_itinerary,0.0,0.0,
TAXI,0.2,P_itinerary,0.0,0.0,
TAXI,0.2,P_itinerary,0.0,0.0,
TAXI,0.2,P_itinerary,0.0,0.0,
TAXI,0.2,P_itinerary,0.0,0.0,
TAXI,0.2,P_itinerary,0.0,0.0,
TAXI,0.2,P_itinerary,0.0,0.0,
TAXI,0.2,P_itinerary,0.0,0.0,
TAXI,0.2,P_itinerary,0.0,0.0,
TAXI,0.2,P_itinerary,0.0,0.0,
TAXI,0.2,P_itinerary,0.0,0.0,
TAXI,0.2,P_itinerary,0.0,0.0,
TAXI,0.2,P_itinerary,0.0,0.0,
TAXI,0.2,P_itinerary,0.0,0.0,
TAXI,0.2,P_itinerary,0.0,0.0,
TAXI,0.2,P_itinerary,0.0,0.0,
TAXI,0.2,P_itinerary,0.0,0.0,
TAXI,0.2,P_itinerary,0.0,0.0,
TAXI,0.2,P_itinerary,0.0,0.0,
TAXI,0.2,P_itinerary,0.0,0.0,
TAXI,0.2,P_itinerary,0.0,0.0,
TAXI,0.2,P_itinerary,0.0,0.0,
TAXI,0.2,P_itinerary,0.0,0.0,
TAXI,0.2,P_itinerary,0.0,0.0,
TAXI,0.2,P_itinerary,0.0,0.0,
TAXI,0.2,P_itinerary,0.0,0.0,
TAXI,0.2,P_itinerary,0.0,0.0,
TAXI,0.2,P_itinerary,0.0,0.0,
TAXI,0.2,P_itinerary,0.0,0.0,
TAXI,0.2,P_itinerary,0.0,0.0,
TAXI,0.2,P_itinerary,0.0,0.0,
TAXI,0.2,P_service,0.0,0.0,
TAXI,0.2,P_service,0.0,0.0,
TAXI,0.2,P_service,0.0,0.0,
TAXI,0.2,P_service,0.0,0.0,
TAXI,0.2,P_service,0.0,0.0,
TAXI,0.2,P_service,0.0,0.0,
TAXI,0.2,P_service,0.0,0.0,
TAXI,0.2,P_service,0.0,0.0,
TAXI,0.2,P_service,0.0,0.0,
TAXI,0.2,P_service,0.0,0.0,
TAXI,0.2,P_service,0.0,0.0,
TAXI,0.2,P_service,0.0,0.0,
TAXI,0.2,P_service,0.0,0.0,
TAXI,0.2,P_service,0.0,0.0,
TAXI,0.2,P_service,0.0,0.0,
TAXI,0.2,P_service,0.0,0.0,
TAXI,0.2,P_service,0.0,0.0,
TAXI,0.2,P_service,0.0,0.0,
TAXI,0.2,P_service,0.0,0.0,
TAXI,0.2,P_service,0.0,0.0,
TAXI,0.2,P_service,0.0,0.0,
TAXI,0.2,P_service,0.0,0.0,
TAXI,0.2,P_service,0.0,0.0,
TAXI,0.2,P_service,0.0,0.0,
TAXI,0.2,P_service,0.0,0.0,
TAXI,0.2,P_service,0.0,0.0,
TAXI,0.2,P_service,0.0,0.0,
TAXI,0.2,P_service,0.0,0.0,
TAXI,0.2,P_service,0.0,0.0,
TAXI,0.2,P_service,0.0,0.0,
TAXI,0.2,P_service,0.0,0.0,
TAXI,0.2,P_service,0.0,0.0,
TAXI,0.2,P_service,0.0,0.0,
TAXI,0.2,P_service,0.0,0.0,
TAXI,0.2,P_service,0.0,0.0,
TAXI,0.2,P_service,0.0,0.0,
TAXI,0.2,P_service,0.0,0.0,
TAXI,0.2,P_service,0.0,0.0,
TAXI,0.2,P_service,0.0,0.0,
TAXI,0.2,P_service,0.0,0.0,
TAXI,0.2,P_service,0.0,0.0,
TAXI,0.2,P_service,0.0,0.0,
TAXI,0.2,P_service,0.0,0.0,
TAXI,0.2,P_service,0.0,0.0,
TAXI,0.2,P_service,0.0,0.0,
TAXI,0.2,P_service,0.0,0.0,
TAXI,0.2,P_service,0.0,0.0,
TAXI,0.2,P_service,0.0,0.0,
TAXI,0.2,P_service,0.0,0.0,
TAXI,0.2,P_service,0.0,0.0,
TAXI,0.2,P_service,0.0,0.0,
TAXI,0.2,P_service,0.0,0.0,
TAXI,0.2,P_service,0.0,0.0,
TAXI,0.2,P_service,0.0,0.0,
TAXI,0.2,P_service,0.0,0.0,
TAXI,0.2,P_service,0.0,0.0,
TAXI,0.2,P_service,0.0,0.0,
TAXI,0.2,P_service,0.0,0.0,
TAXI,0.2,P_service,0.0,0.0,
TAXI,0.2,P_service,0.0,0.0,
TAXI,0.2,P_service,0.0,0.0,
TAXI,0.2,P_service,0.0,0.0,
TAXI,0.2,P_service,0.0,0.0,
TAXI,0.2,P_service,0.0,0.0,
TAXI,0.2,P_service,0.0,0.0,
TAXI,0.2,P_service,0.0,0.0,
TAXI,0.2,P_service,0.0,0.0,
TAXI,0.2,R_operating,0.0,0.0,
TAXI,0.2,R_operating,0.0,0.0,
TAXI,0.2,R_operating,0.0,0.0,
TAXI,0.2,R_operating,0.0,0.0,
TAXI,0.2,R_operating,0.46785124924499555,0.46785124924499555,1.0
TAXI,0.2,R_operating,0.46785124924499555,0.46785124924499555,1.0
TAXI,0.2,R_operating,0.46785124924499555,0.46785124924499555,1.0
TAXI,0.2,R_operating,0.46785124924499555,0.46785124924499555,1.0
TAXI,0.2,R_operating,0.46785124924499555,0.46785124924499555,1.0
TAXI,0.2,R_operating,1.2224236439806497,1.2224236439806497,1.0
TAXI,0.2,R_operating,1.2224236439806497,1.2224236439806497,1.0
TAXI,0.2,R_operating,1.2224236439806497,1.6190547700573314,1.3244629045173804
TAXI,0.2,R_operating,1.2224236439806497,1.6190547700573314,1.3244629045173804
TAXI,0.2,R_operating,1.2224236439806497,1.6190547700573314,1.3244629045173804
TAXI,0.2,R_operating,1.2224236439806497,1.6190547700573314,1.3244629045173804
TAXI,0.2,R_operating,1.2224236439806497,1.6190547700573314,1.3244629045173804
TAXI,0.2,R_operating,1.2224236439806497,1.6190547700573314,1.3244629045173804
TAXI,0.2,R_operating,1.8587918840736473,2.255423010150329,1.2133811372187844
TAXI,0.2,R_operating,2.390206067836413,2.7868371939130947,1.1659401385570525
TAXI,0.2,R_operating,2.390206067836413,2.7868371939130947,1.1659401385570525
TAXI,0.2,R_operating,2.9427680837251233,3.339399209801805,1.134781645985029
TAXI,0.2,R_operating,3.4610704503894074,3.857701576466089,1.1145978193053125
TAXI,0.2,R_operating,3.9790528445619846,4.375683970638667,1.0996797834989154
TAXI,0.2,R_operating,3.9790528445619846,4.375683970638667,1.0996797834989154
TAXI,0.2,R_operating,3.9790528445619846,4.375683970638667,1.0996797834989154
TAXI,0.2,R_operating,3.9790528445619846,4.375683970638667,1.0996797834989154
TAXI,0.2,R_operating,3.9790528445619846,4.375683970638667,1.0996797834989154
TAXI,0.2,R_operating,3.9790528445619846,4.375683970638667,1.0996797834989154
TAXI,0.2,R_operating,3.9790528445619846,4.375683970638667,1.0996797834989154
TAXI,0.2,R_operating,3.9790528445619846,4.375683970638667,1.0996797834989154
TAXI,0.2,R_operating,3.9790528445619846,4.375683970638667,1.0996797834989154
TAXI,0.2,R_operating,4.454479445615814,4.851110571692496,1.0890409599862572
TAXI,0.2,R_operating,4.996748601581,5.393379727657683,1.0793778430139924
TAXI,0.2,R_operating,5.566436741786108,5.96306786786279,1.0712540435606235
TAXI,0.2,R_operating,5.566436741786108,5.96306786786279,1.0712540435606235
TAXI,0.2,R_operating,5.566436741786108,5.96306786786279,1.0712540435606235
TAXI,0.2,R_operating,6.1514176305847075,6.54804875666139,1.0644780032662133
TAXI,0.2,R_operating,6.1514176305847075,6.54804875666139,1.0644780032662133
TAXI,0.2,R_operating,6.1514176305847075,6.54804875666139,1.0644780032662133
TAXI,0.2,R_operating,6.536943010916987,6.54804875666139,1.0016989203861584
TAXI,0.2,R_operating,6.536943010916987,6.54804875666139,1.0016989203861584
TAXI,0.2,R_operating,6.536943010916987,6.54804875666139,1.0016989203861584
TAXI,0.2,R_operating,6.536943010916987,6.54804875666139,1.0016989203861584
TAXI,0.2,R_operating,6.536943010916987,6.54804875666139,1.0016989203861584
TAXI,0.2,R_operating,6.536943010916987,6.54804875666139,1.0016989203861584
TAXI,0.2,R_operating,6.536943010916987,6.54804875666139,1.0016989203861584
TAXI,0.2,R_operating,6.536943010916987,6.54804875666139,1.0016989203861584
TAXI,0.2,R_operating,6.536943010916987,6.54804875666139,1.0016989203861584
TAXI,0.2,R_operating,6.536943010916987,6.54804875666139,1.0016989203861584
TAXI,0.2,R_operating,6.536943010916987,6.54804875666139,1.0016989203861584
TAXI,0.2,R_operating,6.536943010916987,6.54804875666139,1.0016989203861584
TAXI,0.2,R_operating,6.536943010916987,6.54804875666139,1.0016989203861584
TAXI,0.2,R_operating,7.042801094692026,7.0539068404364285,1.0015768932836642
TAXI,0.2,R_operating,7.042801094692026,7.0539068404364285,1.0015768932836642
TAXI,0.2,R_operating,7.042801094692026,7.0539068404364285,1.0015768932836642
TAXI,0.2,R_operating,7.450472885448311,7.4615786311927135,1.0014906095109875
TAXI,0.2,R_operating,7.450472885448311,7.4615786311927135,1.0014906095109875
TAXI,0.2,R_operating,7.450472885448311,7.4615786311927135,1.0014906095109875
TAXI,0.2,R_operating,7.450472885448311,7.4615786311927135,1.0014906095109875
TAXI,0.2,R_operating,7.450472885448311,7.4615786311927135,1.0014906095109875
TAXI,0.2,R_operating,7.450472885448311,7.4615786311927135,1.0014906095109875
TAXI,0.2,R_operating,7.450472885448311,7.4615786311927135,1.0014906095109875
TAXI,0.2,R_operating,7.450472885448311,7.4615786311927135,1.0014906095109875
TAXI,0.2,R_operating,7.450472885448311,7.4615786311927135,1.0014906095109875
TAXI,0.2,R_operating,7.450472885448311,7.4615786311927135,1.0014906095109875
TAXI,0.2,R_operating,7.450472885448311,7.4615786311927135,1.0014906095109875
TAXI,0.2,R_operating,7.450472885448311,7.4615786311927135,1.0014906095109875
PRE,0.3,F,0.0,0.0,
PRE,0.3,F,0.0,0.0,
PRE,0.3,F,0.40273214625833814,0.40273214625833814,1.0
PRE,0.3,F,1.1002839655336905,1.1002839655336905,1.0
PRE,0.3,F,1.1002839655336905,1.1002839655336905,1.0
PRE,0.3,F,1.1002839655336905,1.1002839655336905,1.0
PRE,0.3,F,1.1002839655336905,1.1002839655336905,1.0
PRE,0.3,F,1.1002839655336905,1.1002839655336905,1.0
PRE,0.3,F,1.1002839655336905,1.1002839655336905,1.0
PRE,0.3,F,1.1002839655336905,1.1002839655336905,1.0
PRE,0.3,F,1.555095998985081,1.555095998985081,1.0
PRE,0.3,F,1.8414535621074413,1.555095998985081,0.8444937363532318
PRE,0.3,F,1.8414535621074413,1.555095998985081,0.8444937363532318
PRE,0.3,F,1.8414535621074413,1.555095998985081,0.8444937363532318
PRE,0.3,F,1.8414535621074413,1.555095998985081,0.8444937363532318
PRE,0.3,F,2.2115898430867,1.92523227996434,0.8705195884230085
PRE,0.3,F,2.2115898430867,1.92523227996434,0.8705195884230085
PRE,0.3,F,2.2115898430867,1.92523227996434,0.8705195884230085
PRE,0.3,F,2.2115898430867,1.92523227996434,0.8705195884230085
PRE,0.3,F,2.2115898430867,1.92523227996434,0.8705195884230085
PRE,0.3,F,2.5270081637241377,1.92523227996434,0.7618623111715871
PRE,0.3,F,2.5270081637241377,1.92523227996434,0.7618623111715871
PRE,0.3,F,2.5270081637241377,1.92523227996434,0.7618623111715871
PRE,0.3,F,2.5270081637241377,1.92523227996434,0.7618623111715871
PRE,0.3,F,2.5270081637241377,1.92523227996434,0.7618623111715871
PRE,0.3,F,2.8165080286236344,1.92523227996434,0.6835529174419427
PRE,0.3,F,3.214978851684899,2.3237031030256046,0.7227739933056802
PRE,0.3,F,3.214978851684899,2.3237031030256046,0.7227739933056802
PRE,0.3,F,3.214978851684899,2.3237031030256046,0.7227739933056802
PRE,0.3,F,3.214978851684899,2.3237031030256046,0.7227739933056802
PRE,0.3,F,3.214978851684899,2.7881597766195862,0.8672404719422567
PRE,0.3,F,3.8543837792139284,3.4275647041486157,0.8892639914667867
PRE,0.3,F,3.8543837792139284,3.9300972559455216,1.0196434711924391
PRE,0.3,F,3.8543837792139284,4.280856031376892,1.1106460271192662
PRE,0.3,F,3.8543837792139284,4.280856031376892,1.1106460271192662
PRE,0.3,F,3.8543837792139284,4.280856031376892,1.1106460271192662
PRE,0.3,F,3.8543837792139284,4.280856031376892,1.1106460271192662
PRE,0.3,F,3.8543837792139284,4.280856031376892,1.1106460271192662
PRE,0.3,F,4.33291913868203,4.759391390844994,1.0984260814737212
PRE,0.3,F,4.669962569676188,5.096434821839152,1.0913224133598431
PRE,0.3,F,5.332858673742537,5.759330925905501,1.0799706645636027
PRE,0.3,F,5.332858673742537,5.759330925905501,1.0799706645636027
PRE,0.3,F,5.332858673742537,6.171062944135454,1.1571772892688856
PRE,0.3,F,5.332858673742537,6.171062944135454,1.1571772892688856
PRE,0.3,F,5.524654063563428,6.171062944135454,1.1170044084452755
PRE,0.3,F,5.524654063563428,6.171062944135454,1.1170044084452755
PRE,0.3,F,5.874243440266105,6.520652320838131,1.1100412141827651
PRE,0.3,F,6.231586956794771,6.877995837366797,1.10373102149641
PRE,0.3,P,0.0,0.0,
PRE,0.3,P,0.0,0.0,
PRE,0.3,P,1.007658176102858,1.007658176102858,1.0
PRE,0.3,P,3.0430922742578472,3.0430922742578472,1.0
PRE,0.3,P,3.0430922742578472,3.0430922742578472,1.0
PRE,0.3,P,3.0430922742578472,3.0430922742578472,1.0
PRE,0.3,P,3.0430922742578472,3.0430922742578472,1.0
PRE,0.3,P,3.0430922742578472,3.0430922742578472,1.0
PRE,0.3,P,3.0430922742578472,3.0430922742578472,1.0
PRE,0.3,P,3.0430922742578472,3.0430922742578472,1.0
PRE,0.3,P,5.298141504608693,5.298141504608693,1.0
PRE,0.3,P,6.330781552177079,5.298141504608693,0.8368858506556313
PRE,0.3,P,6.330781552177079,5.298141504608693,0.8368858506556313
PRE,0.3,P,6.330781552177079,5.298141504608693,0.8368858506556313
PRE,0.3,P,6.330781552177079,5.298141504608693,0.8368858506556313
PRE,0.3,P,7.598042318181696,6.565402270613308,0.8640913008476754
PRE,0.3,P,7.598042318181696,6.565402270613308,0.8640913008476754
PRE,0.3,P,7.598042318181696,6.565402270613308,0.8640913008476754
PRE,0.3,P,7.598042318181696,6.565402270613308,0.8640913008476754
PRE,0.3,P,7.598042318181696,6.565402270613308,0.8640913008476754
PRE,0.3,P,8.692820187170682,6.565402270613308,0.7552672354022544
PRE,0.3,P,8.692820187170682,6.565402270613308,0.7552672354022544
PRE,0.3,P,8.692820187170682,6.565402270613308,0.7552672354022544
PRE,0.3,P,8.692820187170682,6.565402270613308,0.7552672354022544
PRE,0.3,P,8.692820187170682,6.565402270613308,0.7552672354022544
PRE,0.3,P,9.797639608781795,6.565402270613308,0.6701004050739552
PRE,0.3,P,10.385813465820734,7.153576127652247,0.6887834208841088
PRE,0.3,P,10.385813465820734,7.153576127652247,0.6887834208841088
PRE,0.3,P,10.385813465820734,7.153576127652247,0.6887834208841088
PRE,0.3,P,10.385813465820734,7.153576127652247,0.6887834208841088
PRE,0.3,P,10.385813465820734,7.575867055175387,0.7294437821464096
PRE,0.3,P,11.57389974008412,8.76395332943877,0.7572169732114056
PRE,0.3,P,11.57389974008412,9.33924515191753,0.8069229353674746
PRE,0.3,P,11.57389974008412,9.771995336244743,0.844313114481301
PRE,0.3,P,11.57389974008412,9.771995336244743,0.844313114481301
PRE,0.3,P,11.57389974008412,9.771995336244743,0.844313114481301
PRE,0.3,P,11.57389974008412,9.771995336244743,0.844313114481301
PRE,0.3,P,11.57389974008412,9.771995336244743,0.844313114481301
PRE,0.3,P,12.244610769577188,10.442706365737811,0.8528410222465898
PRE,0.3,P,13.726611030934416,11.92470662709504,0.8687291131235096
PRE,0.3,P,15.566821748605834,13.764917344766458,0.8842471229555413
PRE,0.3,P,15.566821748605834,13.764917344766458,0.8842471229555413
PRE,0.3,P,15.566821748605834,13.939376350434028,0.8954542279436353
PRE,0.3,P,15.566821748605834,13.939376350434028,0.8954542279436353
PRE,0.3,P,16.589575373087996,13.939376350434028,0.8402491345888705
PRE,0.3,P,16.589575373087996,13.939376350434028,0.8402491345888705
PRE,0.3,P,17.584179052888665,14.933980030234697,0.8492850297598281
PRE,0.3,P,18.65037862780646,16.000179605152493,0.8579010605874403
PRE,0.3,R,0.0,0.0,
PRE,0.3,R,0.0,0.0,
PRE,0.3,R,0.2326121909543872,0.2326121909543872,1.0
PRE,0.3,R,0.5230630138888956,0.5230630138888956,1.0
PRE,0.3,R,0.5230630138888956,0.5230630138888956,1.0
PRE,0.3,R,0.5230630138888956,0.5230630138888956,1.0
PRE,0.3,R,0.5230630138888956,0.5230630138888956,1.0
PRE,0.3,R,0.5230630138888956,0.5230630138888956,1.0
PRE,0.3,R,0.5230630138888956,0.5230630138888956,1.0
PRE,0.3,R,0.5230630138888956,0.5230630138888956,1.0
PRE,0.3,R,0.7702009207336233,0.7702009207336233,1.0
PRE,0.3,R,0.7986374662490563,0.7702009207336233,0.9643936745805449
PRE,0.3,R,0.7986374662490563,0.7702009207336233,0.9643936745805449
PRE,0.3,R,0.7986374662490563,0.7702009207336233,0.9643936745805449
PRE,0.3,R,0.7986374662490563,0.7702009207336233,0.9643936745805449
PRE,0.3,R,0.8215359674068169,0.7930994218913839,0.9653861222836133
PRE,0.3,R,0.8215359674068169,0.7930994218913839,0.9653861222836133
PRE,0.3,R,0.8215359674068169,0.7930994218913839,0.9653861222836133
PRE,0.3,R,0.8215359674068169,0.7930994218913839,0.9653861222836133
PRE,0.3,R,0.8215359674068169,0.7930994218913839,0.9653861222836133
PRE,0.3,R,0.9201439969474451,0.7930994218913839,0.8619296811395517
PRE,0.3,R,0.9201439969474451,0.7930994218913839,0.8619296811395517
PRE,0.3,R,0.9201439969474451,0.7930994218913839,0.8619296811395517
PRE,0.3,R,0.9201439969474451,0.7930994218913839,0.8619296811395517
PRE,0.3,R,0.9201439969474451,0.7930994218913839,0.8619296811395517
PRE,0.3,R,1.2201622798442484,0.7930994218913839,0.6499950334414711
PRE,0.3,R,1.5483822682276012,1.1213194102747368,0.7241877108023759
PRE,0.3,R,1.5483822682276012,1.1213194102747368,0.7241877108023759
PRE,0.3,R,1.5483822682276012,1.1213194102747368,0.7241877108023759
PRE,0.3,R,1.5483822682276012,1.1213194102747368,0.7241877108023759
PRE,0.3,R,1.5483822682276012,1.2305689728818836,0.7947449400143859
PRE,0.3,R,1.5620667883529902,1.2442534930072726,0.7965430814383979
PRE,0.3,R,1.5620667883529902,1.3137498617172243,0.8410330925109892
PRE,0.3,R,1.5620667883529902,1.3991991398856045,0.8957357971619704
PRE,0.3,R,1.5620667883529902,1.3991991398856045,0.8957357971619704
PRE,0.3,R,1.5620667883529902,1.3991991398856045,0.8957357971619704
PRE,0.3,R,1.5620667883529902,1.3991991398856045,0.8957357971619704
PRE,0.3,R,1.5620667883529902,1.3991991398856045,0.8957357971619704
PRE,0.3,R,1.5974543496602789,1.4345867011928932,0.898045506901639
PRE,0.3,R,1.6682864667484179,1.5054188182810322,0.9023742913980333
PRE,0.3,R,2.0560516522600887,1.893184003792703,0.9207862077354159
PRE,0.3,R,2.0560516522600887,1.893184003792703,0.9207862077354159
PRE,0.3,R,2.0560516522600887,2.121372166648507,1.0317698800594897
PRE,0.3,R,2.0560516522600887,2.121372166648507,1.0317698800594897
PRE,0.3,R,2.0560516522600887,2.121372166648507,1.0317698800594897
PRE,0.3,R,2.0560516522600887,2.121372166648507,1.0317698800594897
PRE,0.3,R,2.5649069583844035,2.6302274727728214,1.0254670112593722
PRE,0.3,R,2.588838165147194,2.654158679535612,1.0252315943374946
PRE,0.3,F_continuity,0.0,0.0,
PRE,0.3,F_continuity,0.0,0.0,
PRE,0.3,F_continuity,0.0,0.0,
PRE,0.3,F_continuity,0.0,0.0,
PRE,0.3,F_continuity,0.0,0.0,
PRE,0.3,F_continuity,0.0,0.0,
PRE,0.3,F_continuity,0.0,0.0,
PRE,0.3,F_continuity,0.0,0.0,
PRE,0.3,F_continuity,0.0,0.0,
PRE,0.3,F_continuity,0.0,0.0,
PRE,0.3,F_continuity,0.0,0.0,
PRE,0.3,F_continuity,0.014382102272727272,0.0,0.0
PRE,0.3,F_continuity,0.014382102272727272,0.0,0.0
PRE,0.3,F_continuity,0.014382102272727272,0.0,0.0
PRE,0.3,F_continuity,0.014382102272727272,0.0,0.0
PRE,0.3,F_continuity,0.019176136363636364,0.004794034090909091,0.25
PRE,0.3,F_continuity,0.019176136363636364,0.004794034090909091,0.25
PRE,0.3,F_continuity,0.019176136363636364,0.004794034090909091,0.25
PRE,0.3,F_continuity,0.019176136363636364,0.004794034090909091,0.25
PRE,0.3,F_continuity,0.019176136363636364,0.004794034090909091,0.25
PRE,0.3,F_continuity,0.019176136363636364,0.004794034090909091,0.25
PRE,0.3,F_continuity,0.019176136363636364,0.004794034090909091,0.25
PRE,0.3,F_continuity,0.019176136363636364,0.004794034090909091,0.25
PRE,0.3,F_continuity,0.019176136363636364,0.004794034090909091,0.25
PRE,0.3,F_continuity,0.019176136363636364,0.004794034090909091,0.25
PRE,0.3,F_continuity,0.019176136363636364,0.004794034090909091,0.25
PRE,0.3,F_continuity,0.019176136363636364,0.004794034090909091,0.25
PRE,0.3,F_continuity,0.019176136363636364,0.004794034090909091,0.25
PRE,0.3,F_continuity,0.019176136363636364,0.004794034090909091,0.25
PRE,0.3,F_continuity,0.019176136363636364,0.004794034090909091,0.25
PRE,0.3,F_continuity,0.019176136363636364,0.004794034090909091,0.25
PRE,0.3,F_continuity,0.043146306818181816,0.028764204545454544,0.6666666666666666
PRE,0.3,F_continuity,0.043146306818181816,0.028764204545454544,0.6666666666666666
PRE,0.3,F_continuity,0.043146306818181816,0.028764204545454544,0.6666666666666666
PRE,0.3,F_continuity,0.043146306818181816,0.028764204545454544,0.6666666666666666
PRE,0.3,F_continuity,0.043146306818181816,0.028764204545454544,0.6666666666666666
PRE,0.3,F_continuity,0.043146306818181816,0.028764204545454544,0.6666666666666666
PRE,0.3,F_continuity,0.043146306818181816,0.028764204545454544,0.6666666666666666
PRE,0.3,F_continuity,0.043146306818181816,0.028764204545454544,0.6666666666666666
PRE,0.3,F_continuity,0.043146306818181816,0.028764204545454544,0.6666666666666666
PRE,0.3,F_continuity,0.043146306818181816,0.028764204545454544,0.6666666666666666
PRE,0.3,F_continuity,0.043146306818181816,0.028764204545454544,0.6666666666666666
PRE,0.3,F_continuity,0.043146306818181816,0.028764204545454544,0.6666666666666666
PRE,0.3,F_continuity,0.043146306818181816,0.028764204545454544,0.6666666666666666
PRE,0.3,F_continuity,0.07457386363636363,0.028764204545454544,0.38571428571428573
PRE,0.3,F_continuity,0.07457386363636363,0.028764204545454544,0.38571428571428573
PRE,0.3,F_continuity,0.07457386363636363,0.028764204545454544,0.38571428571428573
PRE,0.3,F_continuity,0.10635653409090909,0.060546875,0.5692821368948248
PRE,0.3,F_execution,0.0,0.0,
PRE,0.3,F_execution,0.0,0.0,
PRE,0.3,F_execution,0.4044038308510448,0.4044038308510448,1.0
PRE,0.3,F_execution,1.1256742183913422,1.1256742183913422,1.0
PRE,0.3,F_execution,1.1256742183913422,1.1256742183913422,1.0
PRE,0.3,F_execution,1.1256742183913422,1.1256742183913422,1.0
PRE,0.3,F_execution,1.1256742183913422,1.1256742183913422,1.0
PRE,0.3,F_execution,1.1256742183913422,1.1256742183913422,1.0
PRE,0.3,F_execution,1.1256742183913422,1.1256742183913422,1.0
PRE,0.3,F_execution,1.1256742183913422,1.1256742183913422,1.0
PRE,0.3,F_execution,1.5852546431809005,1.5852546431809005,1.0
PRE,0.3,F_execution,1.8928369818240993,1.5852546431809005,0.8375019393657523
PRE,0.3,F_execution,1.8928369818240993,1.5852546431809005,0.8375019393657523
PRE,0.3,F_execution,1.8928369818240993,1.5852546431809005,0.8375019393657523
PRE,0.3,F_execution,1.8928369818240993,1.5852546431809005,0.8375019393657523
PRE,0.3,F_execution,2.298083484886317,1.9905011462431181,0.866157021419779
PRE,0.3,F_execution,2.298083484886317,1.9905011462431181,0.866157021419779
PRE,0.3,F_execution,2.298083484886317,1.9905011462431181,0.866157021419779
PRE,0.3,F_execution,2.298083484886317,1.9905011462431181,0.866157021419779
PRE,0.3,F_execution,2.298083484886317,1.9905011462431181,0.866157021419779
PRE,0.3,F_execution,2.630287539383353,1.9905011462431181,0.7567618051027885
PRE,0.3,F_execution,2.630287539383353,1.9905011462431181,0.7567618051027885
PRE,0.3,F_execution,2.630287539383353,1.9905011462431181,0.7567618051027885
PRE,0.3,F_execution,2.630287539383353,1.9905011462431181,0.7567618051027885
PRE,0.3,F_execution,2.630287539383353,1.9905011462431181,0.7567618051027885
PRE,0.3,F_execution,2.8963951146611637,1.9905011462431181,0.6872339813609919
PRE,0.3,F_execution,3.2783589942878737,2.372465025869828,0.723674567063445
PRE,0.3,F_execution,3.2783589942878737,2.372465025869828,0.723674567063445
PRE,0.3,F_execution,3.2783589942878737,2.372465025869828,0.723674567063445
PRE,0.3,F_execution,3.2783589942878737,2.372465025869828,0.723674567063445
PRE,0.3,F_execution,3.2783589942878737,2.868296596047003,0.874918396992107
PRE,0.3,F_execution,3.9773969024618916,3.567334504221021,0.8969018158617628
PRE,0.3,F_execution,3.9773969024618916,4.112834308308333,1.0340517703331567
PRE,0.3,F_execution,3.9773969024618916,4.486742340608304,1.1280599976912393
PRE,0.3,F_execution,3.9773969024618916,4.486742340608304,1.1280599976912393
PRE,0.3,F_execution,3.9773969024618916,4.486742340608304,1.1280599976912393
PRE,0.3,F_execution,3.9773969024618916,4.486742340608304,1.1280599976912393
PRE,0.3,F_execution,3.9773969024618916,4.486742340608304,1.1280599976912393
PRE,0.3,F_execution,4.502549605332506,5.011895043478918,1.1131237815888089
PRE,0.3,F_execution,4.863925247717101,5.373270685863513,1.1047190103066398
PRE,0.3,F_execution,5.528668106770143,6.038013544916556,1.092128054770134
PRE,0.3,F_execution,5.528668106770143,6.038013544916556,1.092128054770134
PRE,0.3,F_execution,5.528668106770143,6.45323649797654,1.1672316683423654
PRE,0.3,F_execution,5.528668106770143,6.45323649797654,1.1672316683423654
PRE,0.3,F_execution,5.730134259601436,6.45323649797654,1.1261928962944405
PRE,0.3,F_execution,5.730134259601436,6.45323649797654,1.1261928962944405
PRE,0.3,F_execution,6.024334436285093,6.7474366746601975,1.12003022840495
PRE,0.3,F_execution,6.405179723599929,7.128281961975032,1.1128933565612262
PRE,0.3,F_propagation,0.0,0.0,
PRE,0.3,F_propagation,0.0,0.0,
PRE,0.3,F_propagation,0.8037926079239696,0.8037926079239696,1.0
PRE,0.3,F_propagation,2.1751776782097294,2.1751776782097294,1.0
PRE,0.3,F_propagation,2.1751776782097294,2.1751776782097294,1.0
PRE,0.3,F_propagation,2.1751776782097294,2.1751776782097294,1.0
PRE,0.3,F_propagation,2.1751776782097294,2.1751776782097294,1.0
PRE,0.3,F_propagation,2.1751776782097294,2.1751776782097294,1.0
PRE,0.3,F_propagation,2.1751776782097294,2.1751776782097294,1.0
PRE,0.3,F_propagation,2.1751776782097294,2.1751776782097294,1.0
PRE,0.3,F_propagation,3.0800333537743425,3.0800333537743425,1.0
PRE,0.3,F_propagation,3.617141602225497,3.0800333537743425,0.8515103063367242
PRE,0.3,F_propagation,3.617141602225497,3.0800333537743425,0.8515103063367242
PRE,0.3,F_propagation,3.617141602225497,3.0800333537743425,0.8515103063367242
PRE,0.3,F_propagation,3.617141602225497,3.0800333537743425,0.8515103063367242
PRE,0.3,F_propagation,4.317509908010147,3.7804016595589927,0.8755976801686839
PRE,0.3,F_propagation,4.317509908010147,3.7804016595589927,0.8755976801686839
PRE,0.3,F_propagation,4.317509908010147,3.7804016595589927,0.8755976801686839
PRE,0.3,F_propagation,4.317509908010147,3.7804016595589927,0.8755976801686839
PRE,0.3,F_propagation,4.317509908010147,3.7804016595589927,0.8755976801686839
PRE,0.3,F_propagation,4.931560815425423,3.7804016595589927,0.7665730589257419
PRE,0.3,F_propagation,4.931560815425423,3.7804016595589927,0.7665730589257419
PRE,0.3,F_propagation,4.931560815425423,3.7804016595589927,0.7665730589257419
PRE,0.3,F_propagation,4.931560815425423,3.7804016595589927,0.7665730589257419
PRE,0.3,F_propagation,4.931560815425423,3.7804016595589927,0.7665730589257419
PRE,0.3,F_propagation,5.533952834846103,3.7804016595589927,0.6831286374098857
PRE,0.3,F_propagation,6.347401424403186,4.593850249116076,0.7237371550906775
PRE,0.3,F_propagation,6.347401424403186,4.593850249116076,0.7237371550906775
PRE,0.3,F_propagation,6.347401424403186,4.593850249116076,0.7237371550906775
PRE,0.3,F_propagation,6.347401424403186,4.593850249116076,0.7237371550906775
PRE,0.3,F_propagation,6.347401424403186,5.491388699720846,0.8651396583503734
PRE,0.3,F_propagation,7.542608128361711,6.686595403679371,0.8865097178436778
PRE,0.3,F_propagation,7.542608128361711,7.648693254982777,1.0140647803539156
PRE,0.3,F_propagation,7.542608128361711,8.327061548976918,1.104002939999694
PRE,0.3,F_propagation,7.542608128361711,8.327061548976918,1.104002939999694
PRE,0.3,F_propagation,7.542608128361711,8.327061548976918,1.104002939999694
PRE,0.3,F_propagation,7.542608128361711,8.327061548976918,1.104002939999694
PRE,0.3,F_propagation,7.542608128361711,8.327061548976918,1.104002939999694
PRE,0.3,F_propagation,8.4530615038954,9.237514924510606,1.0928011017373656
PRE,0.3,F_propagation,9.102816154493281,9.887269575108487,1.0861770036109086
PRE,0.3,F_propagation,10.426761607639287,11.211215028254493,1.0752346174329397
PRE,0.3,F_propagation,10.426761607639287,11.211215028254493,1.0752346174329397
PRE,0.3,F_propagation,10.426761607639287,12.031188129884368,1.153875822870025
PRE,0.3,F_propagation,10.426761607639287,12.031188129884368,1.153875822870025
PRE,0.3,F_propagation,10.769254067452486,12.031188129884368,1.1171793380050135
PRE,0.3,F_propagation,10.769254067452486,12.031188129884368,1.1171793380050135
PRE,0.3,F_propagation,11.52382202087686,12.785756083308742,1.1095065560840605
PRE,0.3,F_propagation,12.183224612693476,13.445158675125358,1.10357964353026
PRE,0.3,P_time,0.0,0.0,
PRE,0.3,P_time,0.0,0.0,
PRE,0.3,P_time,0.849650218381792,0.849650218381792,1.0
PRE,0.3,P_time,2.632580495884725,2.632580495884725,1.0
PRE,0.3,P_time,2.632580495884725,2.632580495884725,1.0
PRE,0.3,P_time,2.632580495884725,2.632580495884725,1.0
PRE,0.3,P_time,2.632580495884725,2.632580495884725,1.0
PRE,0.3,P_time,2.632580495884725,2.632580495884725,1.0
PRE,0.3,P_time,2.632580495884725,2.632580495884725,1.0
PRE,0.3,P_time,2.632580495884725,2.632580495884725,1.0
PRE,0.3,P_time,3.9320906358394225,3.9320906358394225,1.0
PRE,0.3,P_time,4.731451713547327,3.9320906358394225,0.8310537386614062
PRE,0.3,P_time,4.731451713547327,3.9320906358394225,0.8310537386614062
PRE,0.3,P_time,4.731451713547327,3.9320906358394225,0.8310537386614062
PRE,0.3,P_time,4.731451713547327,3.9320906358394225,0.8310537386614062
PRE,0.3,P_time,5.564301206270116,4.764940128562212,0.8563411562251255
PRE,0.3,P_time,5.564301206270116,4.764940128562212,0.8563411562251255
PRE,0.3,P_time,5.564301206270116,4.764940128562212,0.8563411562251255
PRE,0.3,P_time,5.564301206270116,4.764940128562212,0.8563411562251255
PRE,0.3,P_time,5.564301206270116,4.764940128562212,0.8563411562251255
PRE,0.3,P_time,6.324995197655883,4.764940128562212,0.7533507899465527
PRE,0.3,P_time,6.324995197655883,4.764940128562212,0.7533507899465527
PRE,0.3,P_time,6.324995197655883,4.764940128562212,0.7533507899465527
PRE,0.3,P_time,6.324995197655883,4.764940128562212,0.7533507899465527
PRE,0.3,P_time,6.324995197655883,4.764940128562212,0.7533507899465527
PRE,0.3,P_time,6.9141151461132555,4.764940128562212,0.6891612343541611
PRE,0.3,P_time,7.50641147113474,5.357236453583696,0.7136880884007609
PRE,0.3,P_time,7.50641147113474,5.357236453583696,0.7136880884007609
PRE,0.3,P_time,7.50641147113474,5.357236453583696,0.7136880884007609
PRE,0.3,P_time,7.50641147113474,5.357236453583696,0.7136880884007609
PRE,0.3,P_time,7.50641147113474,5.784809620866302,0.7706491501446849
PRE,0.3,P_time,8.351045555511305,6.629443705242867,0.7938459515249249
PRE,0.3,P_time,8.351045555511305,7.179985076742225,0.8597707950477849
PRE,0.3,P_time,8.351045555511305,8.185320222053658,0.9801551395743163
PRE,0.3,P_time,8.351045555511305,8.185320222053658,0.9801551395743163
PRE,0.3,P_time,8.351045555511305,8.185320222053658,0.9801551395743163
PRE,0.3,P_time,8.351045555511305,8.185320222053658,0.9801551395743163
PRE,0.3,P_time,8.351045555511305,8.185320222053658,0.9801551395743163
PRE,0.3,P_time,8.74681240247305,8.581087069015403,0.9810530595796486
PRE,0.3,P_time,9.93084592204377,9.765120588586123,0.9833120627629734
PRE,0.3,P_time,11.38825813694714,11.222532803489493,0.9854477013547857
PRE,0.3,P_time,11.38825813694714,11.222532803489493,0.9854477013547857
PRE,0.3,P_time,11.38825813694714,11.588902798186657,1.0176185557814643
PRE,0.3,P_time,11.38825813694714,11.588902798186657,1.0176185557814643
PRE,0.3,P_time,11.789325961059522,11.588902798186657,0.9829996079898997
PRE,0.3,P_time,11.789325961059522,11.588902798186657,0.9829996079898997
PRE,0.3,P_time,12.965920286646387,12.765497123773523,0.9845423110398666
PRE,0.3,P_time,13.388293060493092,13.187869897620228,0.9850299689462069
PRE,0.3,P_itinerary,0.0,0.0,
PRE,0.3,P_itinerary,0.0,0.0,
PRE,0.3,P_itinerary,0.5376104497878743,0.5376104497878743,1.0
PRE,0.3,P_itinerary,0.8373703542769462,0.8373703542769462,1.0
PRE,0.3,P_itinerary,0.8373703542769462,0.8373703542769462,1.0
PRE,0.3,P_itinerary,0.8373703542769462,0.8373703542769462,1.0
PRE,0.3,P_itinerary,0.8373703542769462,0.8373703542769462,1.0
PRE,0.3,P_itinerary,0.8373703542769462,0.8373703542769462,1.0
PRE,0.3,P_itinerary,0.8373703542769462,0.8373703542769462,1.0
PRE,0.3,P_itinerary,0.8373703542769462,0.8373703542769462,1.0
PRE,0.3,P_itinerary,4.0806626716275245,4.0806626716275245,1.0
PRE,0.3,P_itinerary,6.37922173662478,4.0806626716275245,0.6396803309405868
PRE,0.3,P_itinerary,6.37922173662478,4.0806626716275245,0.6396803309405868
PRE,0.3,P_itinerary,6.37922173662478,4.0806626716275245,0.6396803309405868
PRE,0.3,P_itinerary,6.37922173662478,4.0806626716275245,0.6396803309405868
PRE,0.3,P_itinerary,7.508013086950481,5.209454021953226,0.6938525494857845
PRE,0.3,P_itinerary,7.508013086950481,5.209454021953226,0.6938525494857845
PRE,0.3,P_itinerary,7.508013086950481,5.209454021953226,0.6938525494857845
PRE,0.3,P_itinerary,7.508013086950481,5.209454021953226,0.6938525494857845
PRE,0.3,P_itinerary,7.508013086950481,5.209454021953226,0.6938525494857845
PRE,0.3,P_itinerary,10.031652702531671,5.209454021953226,0.5193016720603301
PRE,0.3,P_itinerary,10.031652702531671,5.209454021953226,0.5193016720603301
PRE,0.3,P_itinerary,10.031652702531671,5.209454021953226,0.5193016720603301
PRE,0.3,P_itinerary,10.031652702531671,5.209454021953226,0.5193016720603301
PRE,0.3,P_itinerary,10.031652702531671,5.209454021953226,0.5193016720603301
PRE,0.3,P_itinerary,11.243653890027746,5.209454021953226,0.4633239401449034
PRE,0.3,P_itinerary,11.28914851903447,5.25494865095995,0.4654867142636716
PRE,0.3,P_itinerary,11.28914851903447,5.25494865095995,0.4654867142636716
PRE,0.3,P_itinerary,11.28914851903447,5.25494865095995,0.4654867142636716
PRE,0.3,P_itinerary,11.28914851903447,5.25494865095995,0.4654867142636716
PRE,0.3,P_itinerary,11.28914851903447,5.357076746360398,0.4745332863083436
PRE,0.3,P_itinerary,11.821682796694851,5.889611024020779,0.49820411571755396
PRE,0.3,P_itinerary,11.821682796694851,6.179458743284658,0.5227224287402072
PRE,0.3,P_itinerary,11.821682796694851,6.472374150954867,0.5475002385247925
PRE,0.3,P_itinerary,11.821682796694851,6.472374150954867,0.5475002385247925
PRE,0.3,P_itinerary,11.821682796694851,6.472374150954867,0.5475002385247925
PRE,0.3,P_itinerary,11.821682796694851,6.472374150954867,0.5475002385247925
PRE,0.3,P_itinerary,11.821682796694851,6.472374150954867,0.5475002385247925
PRE,0.3,P_itinerary,12.76539327315955,7.416084627419565,0.5809523035230404
PRE,0.3,P_itinerary,13.20751208363285,7.858203437892865,0.5949798408763896
PRE,0.3,P_itinerary,13.863878381327684,8.514569735587699,0.6141549645339788
PRE,0.3,P_itinerary,13.863878381327684,8.514569735587699,0.6141549645339788
PRE,0.3,P_itinerary,13.863878381327684,8.671576757893245,0.6254798635259526
PRE,0.3,P_itinerary,13.863878381327684,8.671576757893245,0.6254798635259526
PRE,0.3,P_itinerary,16.531071430661783,8.671576757893245,0.5245622943597733
PRE,0.3,P_itinerary,16.531071430661783,8.671576757893245,0.5245622943597733
PRE,0.3,P_itinerary,18.338288144476927,10.478793471708387,0.571416120695233
PRE,0.3,P_itinerary,20.12332518560917,12.26383051284063,0.6094336000499007
PRE,0.3,P_service,0.0,0.0,
PRE,0.3,P_service,0.0,0.0,
PRE,0.3,P_service,1.6357138601389078,1.6357138601389078,1.0
PRE,0.3,P_service,5.659325972611871,5.659325972611871,1.0
PRE,0.3,P_service,5.659325972611871,5.659325972611871,1.0
PRE,0.3,P_service,5.659325972611871,5.659325972611871,1.0
PRE,0.3,P_service,5.659325972611871,5.659325972611871,1.0
PRE,0.3,P_service,5.659325972611871,5.659325972611871,1.0
PRE,0.3,P_service,5.659325972611871,5.659325972611871,1.0
PRE,0.3,P_service,5.659325972611871,5.659325972611871,1.0
PRE,0.3,P_service,7.881671206359131,7.881671206359131,1.0
PRE,0.3,P_service,7.881671206359131,7.881671206359131,1.0
PRE,0.3,P_service,7.881671206359131,7.881671206359131,1.0
PRE,0.3,P_service,7.881671206359131,7.881671206359131,1.0
PRE,0.3,P_service,7.881671206359131,7.881671206359131,1.0
PRE,0.3,P_service,9.721812661324488,9.721812661324488,1.0
PRE,0.3,P_service,9.721812661324488,9.721812661324488,1.0
PRE,0.3,P_service,9.721812661324488,9.721812661324488,1.0
PRE,0.3,P_service,9.721812661324488,9.721812661324488,1.0
PRE,0.3,P_service,9.721812661324488,9.721812661324488,1.0
PRE,0.3,P_service,9.721812661324488,9.721812661324488,1.0
PRE,0.3,P_service,9.721812661324488,9.721812661324488,1.0
PRE,0.3,P_service,9.721812661324488,9.721812661324488,1.0
PRE,0.3,P_service,9.721812661324488,9.721812661324488,1.0
PRE,0.3,P_service,9.721812661324488,9.721812661324488,1.0
PRE,0.3,P_service,11.23514979020438,9.721812661324488,0.8653033419991134
PRE,0.3,P_service,12.361880407292988,10.848543278413096,0.8775803454636977
PRE,0.3,P_service,12.361880407292988,10.848543278413096,0.8775803454636977
PRE,0.3,P_service,12.361880407292988,10.848543278413096,0.8775803454636977
PRE,0.3,P_service,12.361880407292988,10.848543278413096,0.8775803454636977
PRE,0.3,P_service,12.361880407292988,11.58571479829946,0.937212981891038
PRE,0.3,P_service,14.548970868046196,13.772805259052667,0.9466515112283155
PRE,0.3,P_service,14.548970868046196,14.658291635725707,1.0075139862929832
PRE,0.3,P_service,14.548970868046196,14.658291635725707,1.0075139862929832
PRE,0.3,P_service,14.548970868046196,14.658291635725707,1.0075139862929832
PRE,0.3,P_service,14.548970868046196,14.658291635725707,1.0075139862929832
PRE,0.3,P_service,14.548970868046196,14.658291635725707,1.0075139862929832
PRE,0.3,P_service,14.548970868046196,14.658291635725707,1.0075139862929832
PRE,0.3,P_service,15.221626633098957,15.33094740077847,1.0071819372734974
PRE,0.3,P_service,18.04147508712662,18.150795854806134,1.006059414052985
PRE,0.3,P_service,21.44832872754267,21.557649495222183,1.0050969364125388
PRE,0.3,P_service,21.44832872754267,21.557649495222183,1.0050969364125388
PRE,0.3,P_service,21.44832872754267,21.557649495222183,1.0050969364125388
PRE,0.3,P_service,21.44832872754267,21.557649495222183,1.0050969364125388
PRE,0.3,P_service,21.44832872754267,21.557649495222183,1.0050969364125388
PRE,0.3,P_service,21.44832872754267,21.557649495222183,1.0050969364125388
PRE,0.3,P_service,21.44832872754267,21.557649495222183,1.0050969364125388
PRE,0.3,P_service,22.439517637317106,22.54883840499662,1.0048717966868286
PRE,0.3,R_operating,0.0,0.0,
PRE,0.3,R_operating,0.0,0.0,
PRE,0.3,R_operating,0.2326121909543872,0.2326121909543872,1.0
PRE,0.3,R_operating,0.5230630138888956,0.5230630138888956,1.0
PRE,0.3,R_operating,0.5230630138888956,0.5230630138888956,1.0
PRE,0.3,R_operating,0.5230630138888956,0.5230630138888956,1.0
PRE,0.3,R_operating,0.5230630138888956,0.5230630138888956,1.0
PRE,0.3,R_operating,0.5230630138888956,0.5230630138888956,1.0
PRE,0.3,R_operating,0.5230630138888956,0.5230630138888956,1.0
PRE,0.3,R_operating,0.5230630138888956,0.5230630138888956,1.0
PRE,0.3,R_operating,0.7702009207336233,0.7702009207336233,1.0
PRE,0.3,R_operating,0.7986374662490563,0.7702009207336233,0.9643936745805449
PRE,0.3,R_operating,0.7986374662490563,0.7702009207336233,0.9643936745805449
PRE,0.3,R_operating,0.7986374662490563,0.7702009207336233,0.9643936745805449
PRE,0.3,R_operating,0.7986374662490563,0.7702009207336233,0.9643936745805449
PRE,0.3,R_operating,0.8215359674068169,0.7930994218913839,0.9653861222836133
PRE,0.3,R_operating,0.8215359674068169,0.7930994218913839,0.9653861222836133
PRE,0.3,R_operating,0.8215359674068169,0.7930994218913839,0.9653861222836133
PRE,0.3,R_operating,0.8215359674068169,0.7930994218913839,0.9653861222836133
PRE,0.3,R_operating,0.8215359674068169,0.7930994218913839,0.9653861222836133
PRE,0.3,R_operating,0.9201439969474451,0.7930994218913839,0.8619296811395517
PRE,0.3,R_operating,0.9201439969474451,0.7930994218913839,0.8619296811395517
PRE,0.3,R_operating,0.9201439969474451,0.7930994218913839,0.8619296811395517
PRE,0.3,R_operating,0.9201439969474451,0.7930994218913839,0.8619296811395517
PRE,0.3,R_operating,0.9201439969474451,0.7930994218913839,0.8619296811395517
PRE,0.3,R_operating,1.2201622798442484,0.7930994218913839,0.6499950334414711
PRE,0.3,R_operating,1.5483822682276012,1.1213194102747368,0.7241877108023759
PRE,0.3,R_operating,1.5483822682276012,1.1213194102747368,0.7241877108023759
PRE,0.3,R_operating,1.5483822682276012,1.1213194102747368,0.7241877108023759
PRE,0.3,R_operating,1.5483822682276012,1.1213194102747368,0.7241877108023759
PRE,0.3,R_operating,1.5483822682276012,1.2305689728818836,0.7947449400143859
PRE,0.3,R_operating,1.5620667883529902,1.2442534930072726,0.7965430814383979
PRE,0.3,R_operating,1.5620667883529902,1.3137498617172243,0.8410330925109892
PRE,0.3,R_operating,1.5620667883529902,1.3991991398856045,0.8957357971619704
PRE,0.3,R_operating,1.5620667883529902,1.3991991398856045,0.8957357971619704
PRE,0.3,R_operating,1.5620667883529902,1.3991991398856045,0.8957357971619704
PRE,0.3,R_operating,1.5620667883529902,1.3991991398856045,0.8957357971619704
PRE,0.3,R_operating,1.5620667883529902,1.3991991398856045,0.8957357971619704
PRE,0.3,R_operating,1.5974543496602789,1.4345867011928932,0.898045506901639
PRE,0.3,R_operating,1.6682864667484179,1.5054188182810322,0.9023742913980333
PRE,0.3,R_operating,2.0560516522600887,1.893184003792703,0.9207862077354159
PRE,0.3,R_operating,2.0560516522600887,1.893184003792703,0.9207862077354159
PRE,0.3,R_operating,2.0560516522600887,2.121372166648507,1.0317698800594897
PRE,0.3,R_operating,2.0560516522600887,2.121372166648507,1.0317698800594897
PRE,0.3,R_operating,2.0560516522600887,2.121372166648507,1.0317698800594897
PRE,0.3,R_operating,2.0560516522600887,2.121372166648507,1.0317698800594897
PRE,0.3,R_operating,2.5649069583844035,2.6302274727728214,1.0254670112593722
PRE,0.3,R_operating,2.588838165147194,2.654158679535612,1.0252315943374946
TURN,0.3,F,0.0,0.0,
TURN,0.3,F,0.0,0.0,
TURN,0.3,F,0.0,0.0,
TURN,0.3,F,0.0,0.0,
TURN,0.3,F,0.6428345565604247,0.6428345565604247,1.0
TURN,0.3,F,0.6428345565604247,0.6428345565604247,1.0
TURN,0.3,F,0.6428345565604247,0.6428345565604247,1.0
TURN,0.3,F,1.2442910524802628,1.2442910524802628,1.0
TURN,0.3,F,1.2442910524802628,1.2442910524802628,1.0
TURN,0.3,F,1.2442910524802628,1.2442910524802628,1.0
TURN,0.3,F,1.5894141662895387,1.2442910524802628,0.7828614333953244
TURN,0.3,F,1.5894141662895387,1.2442910524802628,0.7828614333953244
TURN,0.3,F,1.5894141662895387,1.2442910524802628,0.7828614333953244
TURN,0.3,F,1.5894141662895387,1.2442910524802628,0.7828614333953244
TURN,0.3,F,2.4839653175278382,2.1388422037185624,0.8610596084518769
TURN,0.3,F,2.4839653175278382,2.530509917321095,1.0187380232182872
TURN,0.3,F,2.4839653175278382,2.530509917321095,1.0187380232182872
TURN,0.3,F,2.4839653175278382,2.530509917321095,1.0187380232182872
TURN,0.3,F,2.978793055564816,3.0253376553580726,1.0156253217074964
TURN,0.3,F,3.477283435638729,3.5238280354319858,1.0133853338834047
TURN,0.3,F,3.477283435638729,3.5238280354319858,1.0133853338834047
TURN,0.3,F,3.477283435638729,3.5238280354319858,1.0133853338834047
TURN,0.3,F,3.477283435638729,3.908194215920375,1.1239216728395607
TURN,0.3,F,3.477283435638729,3.908194215920375,1.1239216728395607
TURN,0.3,F,4.206225637507816,4.6371364177894625,1.1024459497462815
TURN,0.3,F,4.206225637507816,4.6371364177894625,1.1024459497462815
TURN,0.3,F,4.206225637507816,4.6371364177894625,1.1024459497462815
TURN,0.3,F,4.82318025542571,5.254091035707356,1.0893416288551323
TURN,0.3,F,5.414311168958829,5.845221949240475,1.0795873688886097
TURN,0.3,F,5.414311168958829,5.845221949240475,1.0795873688886097
TURN,0.3,F,5.414311168958829,5.845221949240475,1.0795873688886097
TURN,0.3,F,6.10971734350116,6.540628123782806,1.0705287587059984
TURN,0.3,F,6.10971734350116,6.540628123782806,1.0705287587059984
TURN,0.3,F,6.10971734350116,6.540628123782806,1.0705287587059984
TURN,0.3,F,6.10971734350116,6.540628123782806,1.0705287587059984
TURN,0.3,F,6.10971734350116,6.540628123782806,1.0705287587059984
TURN,0.3,F,6.490309482378791,6.921220262660437,1.0663929480484051
TURN,0.3,F,6.490309482378791,6.921220262660437,1.0663929480484051
TURN,0.3,F,6.490309482378791,6.921220262660437,1.0663929480484051
TURN,0.3,F,6.867221123321216,7.2981319036028625,1.0627489303960616
TURN,0.3,F,6.867221123321216,7.2981319036028625,1.0627489303960616
TURN,0.3,F,6.867221123321216,7.2981319036028625,1.0627489303960616
TURN,0.3,F,6.867221123321216,7.616380364687828,1.1090920516338774
TURN,0.3,F,6.867221123321216,8.040941110480091,1.170916294390594
TURN,0.3,F,7.356351261520737,8.530071248679612,1.1595519226084696
TURN,0.3,F,7.356351261520737,8.530071248679612,1.1595519226084696
TURN,0.3,F,7.632315925140726,8.530071248679612,1.1176255454234663
TURN,0.3,F,8.132261714181343,9.030017037720228,1.1103942980552808
TURN,0.3,F,8.132261714181343,9.030017037720228,1.1103942980552808
TURN,0.3,F,8.132261714181343,9.030017037720228,1.1103942980552808
TURN,0.3,F,8.447901268936192,9.030017037720228,1.0689065544509304
TURN,0.3,F,8.447901268936192,9.030017037720228,1.0689065544509304
TURN,0.3,F,8.447901268936192,9.030017037720228,1.0689065544509304
TURN,0.3,F,8.447901268936192,9.030017037720228,1.0689065544509304
TURN,0.3,F,8.447901268936192,9.535007994741603,1.1286836447536164
TURN,0.3,F,8.636079081561306,9.535007994741603,1.104089935338779
TURN,0.3,F,8.636079081561306,9.535007994741603,1.104089935338779
TURN,0.3,F,8.636079081561306,9.535007994741603,1.104089935338779
TURN,0.3,F,9.003652804944554,9.902581718124852,1.0998404683804146
TURN,0.3,F,9.003652804944554,9.902581718124852,1.0998404683804146
TURN,0.3,F,9.527324332916368,10.426253246096667,1.0943527145469951
TURN,0.3,F,9.527324332916368,10.426253246096667,1.0943527145469951
TURN,0.3,F,10.058534279230798,10.957463192411097,1.0893697718002948
TURN,0.3,F,10.553931480920545,11.452860394100844,1.0851747914798753
TURN,0.3,F,10.553931480920545,11.452860394100844,1.0851747914798753
TURN,0.3,F,10.553931480920545,11.452860394100844,1.0851747914798753
TURN,0.3,F,10.902815642495968,11.452860394100844,1.0504497892692015
TURN,0.3,F,10.902815642495968,11.452860394100844,1.0504497892692015
TURN,0.3,F,10.902815642495968,11.824783465311226,1.084562360132157
TURN,0.3,F,11.248939394796595,11.824783465311226,1.0511909656817067
TURN,0.3,F,11.248939394796595,12.339848376513254,1.0969788300416374
TURN,0.3,F,11.248939394796595,12.339848376513254,1.0969788300416374
TURN,0.3,F,11.248939394796595,12.339848376513254,1.0969788300416374
TURN,0.3,F,11.248939394796595,12.339848376513254,1.0969788300416374
TURN,0.3,F,11.248939394796595,12.339848376513254,1.0969788300416374
TURN,0.3,F,11.8799879179125,12.970896899629158,1.091827448752856
TURN,0.3,F,11.8799879179125,12.970896899629158,1.091827448752856
TURN,0.3,F,12.221276841943459,12.970896899629158,1.0613372945708097
TURN,0.3,F,12.221276841943459,12.970896899629158,1.0613372945708097
TURN,0.3,F,12.221276841943459,12.970896899629158,1.0613372945708097
TURN,0.3,F,12.589252657129762,13.338872714815462,1.0595444446228635
TURN,0.3,F,12.937895420225287,13.338872714815462,1.0309924668244994
TURN,0.3,F,13.719302031151264,14.12027932574144,1.0292272371932414
TURN,0.3,F,14.147015652838407,14.547992947428583,1.0283435958812788
TURN,0.3,F,14.147015652838407,14.547992947428583,1.0283435958812788
TURN,0.3,F,14.695723376296632,15.096700670886808,1.0272853050049193
TURN,0.3,F,14.695723376296632,15.096700670886808,1.0272853050049193
TURN,0.3,F,14.695723376296632,15.096700670886808,1.0272853050049193
TURN,0.3,F,14.695723376296632,15.096700670886808,1.0272853050049193
TURN,0.3,F,14.695723376296632,15.096700670886808,1.0272853050049193
TURN,0.3,F,14.695723376296632,15.096700670886808,1.0272853050049193
TURN,0.3,F,14.695723376296632,15.096700670886808,1.0272853050049193
TURN,0.3,F,15.54245966168314,15.943436956273315,1.025798831286576
TURN,0.3,F,15.54245966168314,15.943436956273315,1.025798831286576
TURN,0.3,F,15.54245966168314,16.31314483531575,1.049585792108091
TURN,0.3,F,15.54245966168314,16.31314483531575,1.049585792108091
TURN,0.3,F,15.54245966168314,16.31314483531575,1.049585792108091
TURN,0.3,F,15.54245966168314,16.31314483531575,1.049585792108091
TURN,0.3,F,15.54245966168314,16.31314483531575,1.049585792108091
TURN,0.3,F,15.54245966168314,16.31314483531575,1.049585792108091
TURN,0.3,F,15.54245966168314,16.31314483531575,1.049585792108091
TURN,0.3,F,16.045940082298117,16.816625255930727,1.0480299172052145
TURN,0.3,F,16.346049701454156,16.816625255930727,1.0287883349843667
TURN,0.3,F,16.346049701454156,16.816625255930727,1.0287883349843667
TURN,0.3,F,16.346049701454156,16.816625255930727,1.0287883349843667
TURN,0.3,F,16.346049701454156,16.816625255930727,1.0287883349843667
TURN,0.3,F,16.346049701454156,17.239563477495025,1.054662367505305
TURN,0.3,F,16.741960500920424,17.635474276961293,1.0533697219027454
TURN,0.3,F,16.741960500920424,17.635474276961293,1.0533697219027454
TURN,0.3,F,16.741960500920424,17.635474276961293,1.0533697219027454
TURN,0.3,F,17.33655104863255,18.23006482467342,1.051539304071172
TURN,0.3,F,17.33655104863255,18.23006482467342,1.051539304071172
TURN,0.3,F,17.33655104863255,18.23006482467342,1.051539304071172
TURN,0.3,F,17.839261356284872,18.73277513232574,1.0500869267059691
TURN,0.3,F,17.839261356284872,18.73277513232574,1.0500869267059691
TURN,0.3,F,17.839261356284872,18.73277513232574,1.0500869267059691
TURN,0.3,F,17.839261356284872,18.73277513232574,1.0500869267059691
TURN,0.3,F,17.839261356284872,18.73277513232574,1.0500869267059691
TURN,0.3,F,17.839261356284872,18.73277513232574,1.0500869267059691
TURN,0.3,F,17.839261356284872,18.73277513232574,1.0500869267059691
TURN,0.3,P,0.0,0.0,
TURN,0.3,P,0.0,0.0,
TURN,0.3,P,0.0,0.0,
TURN,0.3,P,0.0,0.0,
TURN,0.3,P,1.82915080201459,1.82915080201459,1.0
TURN,0.3,P,1.82915080201459,1.82915080201459,1.0
TURN,0.3,P,1.82915080201459,1.82915080201459,1.0
TURN,0.3,P,4.0285998014477205,4.0285998014477205,1.0
TURN,0.3,P,4.0285998014477205,4.0285998014477205,1.0
TURN,0.3,P,4.0285998014477205,4.0285998014477205,1.0
TURN,0.3,P,4.837228597233109,4.0285998014477205,0.8328322138325397
TURN,0.3,P,4.837228597233109,4.0285998014477205,0.8328322138325397
TURN,0.3,P,4.837228597233109,4.0285998014477205,0.8328322138325397
TURN,0.3,P,4.837228597233109,4.0285998014477205,0.8328322138325397
TURN,0.3,P,6.584874781858252,5.776245986072864,0.8771990626134286
TURN,0.3,P,6.584874781858252,6.211789323469878,0.9433420572527441
TURN,0.3,P,6.584874781858252,6.211789323469878,0.9433420572527441
TURN,0.3,P,6.584874781858252,6.211789323469878,0.9433420572527441
TURN,0.3,P,8.140560682537473,7.7674752241490985,0.9541695624002056
TURN,0.3,P,8.579805472661747,8.206720014273372,0.956515860461271
TURN,0.3,P,8.579805472661747,8.206720014273372,0.956515860461271
TURN,0.3,P,8.579805472661747,8.206720014273372,0.956515860461271
TURN,0.3,P,8.579805472661747,8.627041953464149,1.005505542165602
TURN,0.3,P,8.579805472661747,8.627041953464149,1.005505542165602
TURN,0.3,P,10.659658767571518,10.70689524837392,1.0044313314180473
TURN,0.3,P,10.659658767571518,10.70689524837392,1.0044313314180473
TURN,0.3,P,10.659658767571518,10.70689524837392,1.0044313314180473
TURN,0.3,P,11.920575358520761,11.967811839323163,1.003962600745495
TURN,0.3,P,13.058124994016971,13.105361474819373,1.003617401489421
TURN,0.3,P,13.058124994016971,13.105361474819373,1.003617401489421
TURN,0.3,P,13.058124994016971,13.105361474819373,1.003617401489421
TURN,0.3,P,14.274087215014436,14.321323695816838,1.0033092470356153
TURN,0.3,P,14.274087215014436,14.321323695816838,1.0033092470356153
TURN,0.3,P,14.274087215014436,14.321323695816838,1.0033092470356153
TURN,0.3,P,14.274087215014436,14.321323695816838,1.0033092470356153
TURN,0.3,P,14.274087215014436,14.321323695816838,1.0033092470356153
TURN,0.3,P,15.548692211703528,15.59592869250593,1.0030379713071205
TURN,0.3,P,15.548692211703528,15.59592869250593,1.0030379713071205
TURN,0.3,P,15.548692211703528,15.59592869250593,1.0030379713071205
TURN,0.3,P,17.473850974455157,17.521087455257558,1.002703266776823
TURN,0.3,P,17.473850974455157,17.521087455257558,1.002703266776823
TURN,0.3,P,17.473850974455157,17.521087455257558,1.002703266776823
TURN,0.3,P,17.473850974455157,17.677192370310916,1.0116368965348863
TURN,0.3,P,17.473850974455157,17.85584829540949,1.021861083828217
TURN,0.3,P,18.831220573591825,19.21321789454616,1.0202853192368226
TURN,0.3,P,18.831220573591825,19.21321789454616,1.0202853192368226
TURN,0.3,P,19.279835407793634,19.21321789454616,0.9965447052924246
TURN,0.3,P,20.291520726875078,20.224903213627602,0.9967169777886955
TURN,0.3,P,20.291520726875078,20.224903213627602,0.9967169777886955
TURN,0.3,P,20.291520726875078,20.224903213627602,0.9967169777886955
TURN,0.3,P,21.519538561611412,20.224903213627602,0.9398390748817773
TURN,0.3,P,21.519538561611412,20.224903213627602,0.9398390748817773
TURN,0.3,P,21.519538561611412,20.224903213627602,0.9398390748817773
TURN,0.3,P,21.519538561611412,20.224903213627602,0.9398390748817773
TURN,0.3,P,21.519538561611412,20.553445969404578,0.9551062589264696
TURN,0.3,P,22.528690308653346,20.553445969404578,0.9123231616136127
TURN,0.3,P,22.528690308653346,20.553445969404578,0.9123231616136127
TURN,0.3,P,22.528690308653346,20.553445969404578,0.9123231616136127
TURN,0.3,P,23.545599972032228,21.57035563278346,0.9161098319178534
TURN,0.3,P,23.545599972032228,21.57035563278346,0.9161098319178534
TURN,0.3,P,25.911560293020464,23.936315953771697,0.9237697646567112
TURN,0.3,P,25.911560293020464,23.936315953771697,0.9237697646567112
TURN,0.3,P,26.497568759178723,24.522324419929955,0.925455638696492
TURN,0.3,P,28.810889592687978,26.83564525343921,0.9314410499927752
TURN,0.3,P,28.810889592687978,26.83564525343921,0.9314410499927752
TURN,0.3,P,28.810889592687978,26.83564525343921,0.9314410499927752
TURN,0.3,P,29.812995748856434,26.83564525343921,0.9001324616788493
TURN,0.3,P,29.812995748856434,26.83564525343921,0.9001324616788493
TURN,0.3,P,29.812995748856434,27.58353200868954,0.9252183927120974
TURN,0.3,P,30.877996815972153,27.58353200868954,0.8933070423280018
TURN,0.3,P,30.877996815972153,28.09587574627049,0.9098995609630167
TURN,0.3,P,30.877996815972153,28.09587574627049,0.9098995609630167
TURN,0.3,P,30.877996815972153,28.09587574627049,0.9098995609630167
TURN,0.3,P,30.877996815972153,28.09587574627049,0.9098995609630167
TURN,0.3,P,30.877996815972153,28.09587574627049,0.9098995609630167
TURN,0.3,P,33.53526665527448,30.753145585572813,0.9170389459460556
TURN,0.3,P,33.53526665527448,30.753145585572813,0.9170389459460556
TURN,0.3,P,35.044323992987756,30.753145585572813,0.8775499733345237
TURN,0.3,P,35.044323992987756,30.753145585572813,0.8775499733345237
TURN,0.3,P,35.044323992987756,30.753145585572813,0.8775499733345237
TURN,0.3,P,36.70999879628298,32.418820388868035,0.8831060052268527
TURN,0.3,P,37.82616153319286,32.418820388868035,0.8570475849213559
TURN,0.3,P,38.72379984425735,33.316458699932525,0.8603612980628831
TURN,0.3,P,40.0407366177139,34.63339547338907,0.8649540043193752
TURN,0.3,P,40.0407366177139,34.63339547338907,0.8649540043193752
TURN,0.3,P,41.354353480144475,35.94701233581965,0.8692437267355404
TURN,0.3,P,41.354353480144475,35.94701233581965,0.8692437267355404
TURN,0.3,P,41.354353480144475,35.94701233581965,0.8692437267355404
TURN,0.3,P,41.354353480144475,35.94701233581965,0.8692437267355404
TURN,0.3,P,41.354353480144475,35.94701233581965,0.8692437267355404
TURN,0.3,P,41.354353480144475,35.94701233581965,0.8692437267355404
TURN,0.3,P,41.354353480144475,35.94701233581965,0.8692437267355404
TURN,0.3,P,42.75529979447873,37.347958650153906,0.8735281667929479
TURN,0.3,P,42.75529979447873,37.347958650153906,0.8735281667929479
TURN,0.3,P,42.75529979447873,37.79623106790004,0.8840127715063036
TURN,0.3,P,42.75529979447873,37.79623106790004,0.8840127715063036
TURN,0.3,P,42.75529979447873,37.79623106790004,0.8840127715063036
TURN,0.3,P,42.75529979447873,37.79623106790004,0.8840127715063036
TURN,0.3,P,42.75529979447873,37.79623106790004,0.8840127715063036
TURN,0.3,P,42.75529979447873,37.79623106790004,0.8840127715063036
TURN,0.3,P,42.75529979447873,37.79623106790004,0.8840127715063036
TURN,0.3,P,44.319567084874826,39.360498358296134,0.8881065621177717
TURN,0.3,P,45.3137780294148,39.360498358296134,0.8686209817408256
TURN,0.3,P,45.3137780294148,39.360498358296134,0.8686209817408256
TURN,0.3,P,45.3137780294148,39.360498358296134,0.8686209817408256
TURN,0.3,P,45.3137780294148,39.360498358296134,0.8686209817408256
TURN,0.3,P,45.3137780294148,39.99610291799258,0.882647721230167
TURN,0.3,P,46.31066470482958,40.99298959340736,0.8851738547629255
TURN,0.3,P,46.31066470482958,40.99298959340736,0.8851738547629255
TURN,0.3,P,46.31066470482958,40.99298959340736,0.8851738547629255
TURN,0.3,P,48.53767377225563,43.21999866083341,0.8904423162845965
TURN,0.3,P,48.53767377225563,43.21999866083341,0.8904423162845965
TURN,0.3,P,48.53767377225563,43.21999866083341,0.8904423162845965
TURN,0.3,P,49.283914786507744,43.966239675085525,0.8921012031114457
TURN,0.3,P,49.283914786507744,43.966239675085525,0.8921012031114457
TURN,0.3,P,49.283914786507744,43.966239675085525,0.8921012031114457
TURN,0.3,P,49.283914786507744,43.966239675085525,0.8921012031114457
TURN,0.3,P,49.283914786507744,43.966239675085525,0.8921012031114457
TURN,0.3,P,49.283914786507744,43.966239675085525,0.8921012031114457
TURN,0.3,P,49.283914786507744,43.966239675085525,0.8921012031114457
TURN,0.3,R,0.0,0.0,
TURN,0.3,R,0.0,0.0,
TURN,0.3,R,0.0,0.0,
TURN,0.3,R,0.0,0.0,
TURN,0.3,R,0.42963040823815396,0.42963040823815396,1.0
TURN,0.3,R,0.42963040823815396,0.42963040823815396,1.0
TURN,0.3,R,0.42963040823815396,0.42963040823815396,1.0
TURN,0.3,R,0.5579333069850692,0.5579333069850692,1.0
TURN,0.3,R,0.5579333069850692,0.5579333069850692,1.0
TURN,0.3,R,0.5579333069850692,0.5579333069850692,1.0
TURN,0.3,R,0.698460155830253,0.5579333069850692,0.7988047740845848
TURN,0.3,R,0.698460155830253,0.5579333069850692,0.7988047740845848
TURN,0.3,R,0.698460155830253,0.5579333069850692,0.7988047740845848
TURN,0.3,R,0.698460155830253,0.5579333069850692,0.7988047740845848
TURN,0.3,R,0.698460155830253,0.5579333069850692,0.7988047740845848
TURN,0.3,R,0.698460155830253,0.6539026997475488,0.9362061590618019
TURN,0.3,R,0.698460155830253,0.6539026997475488,0.9362061590618019
TURN,0.3,R,0.698460155830253,0.6539026997475488,0.9362061590618019
TURN,0.3,R,0.7020959013258108,0.6575384452431066,0.9365365101853412
TURN,0.3,R,1.0407374760543462,0.996180019971642,0.9571866516697074
TURN,0.3,R,1.0407374760543462,0.996180019971642,0.9571866516697074
TURN,0.3,R,1.0407374760543462,0.996180019971642,0.9571866516697074
TURN,0.3,R,1.0407374760543462,1.0167771671681733,0.9769775669297397
TURN,0.3,R,1.0407374760543462,1.0167771671681733,0.9769775669297397
TURN,0.3,R,1.5644976627489084,1.5405373538627356,0.9846849826262615
TURN,0.3,R,1.5644976627489084,1.5405373538627356,0.9846849826262615
TURN,0.3,R,1.5644976627489084,1.5405373538627356,0.9846849826262615
TURN,0.3,R,1.5644976627489084,1.5405373538627356,0.9846849826262615
TURN,0.3,R,1.6623205649128066,1.6383602560266337,0.9855862284375759
TURN,0.3,R,1.6623205649128066,1.6383602560266337,0.9855862284375759
TURN,0.3,R,1.6623205649128066,1.6383602560266337,0.9855862284375759
TURN,0.3,R,1.6623205649128066,1.6383602560266337,0.9855862284375759
TURN,0.3,R,1.6623205649128066,1.6383602560266337,0.9855862284375759
TURN,0.3,R,1.6623205649128066,1.6383602560266337,0.9855862284375759
TURN,0.3,R,1.6623205649128066,1.6383602560266337,0.9855862284375759
TURN,0.3,R,1.6623205649128066,1.6383602560266337,0.9855862284375759
TURN,0.3,R,1.6623205649128066,1.6383602560266337,0.9855862284375759
TURN,0.3,R,1.6623205649128066,1.6383602560266337,0.9855862284375759
TURN,0.3,R,1.6623205649128066,1.6383602560266337,0.9855862284375759
TURN,0.3,R,1.6623205649128066,1.6383602560266337,0.9855862284375759
TURN,0.3,R,1.6623205649128066,1.6383602560266337,0.9855862284375759
TURN,0.3,R,1.6623205649128066,1.6383602560266337,0.9855862284375759
TURN,0.3,R,1.6623205649128066,2.0651982726647002,1.2423586137689548
TURN,0.3,R,1.6623205649128066,2.314702122809966,1.3924523173611694
TURN,0.3,R,1.7421097411235675,2.3944912990207268,1.3744778773100759
TURN,0.3,R,1.7421097411235675,2.3944912990207268,1.3744778773100759
TURN,0.3,R,2.311018774114199,2.3944912990207268,1.0361193625259588
TURN,0.3,R,2.670679968093563,2.7541524930000905,1.031255158200821
TURN,0.3,R,2.670679968093563,2.7541524930000905,1.031255158200821
TURN,0.3,R,2.670679968093563,2.7541524930000905,1.031255158200821
TURN,0.3,R,2.7326769175576455,2.7541524930000905,1.0078588051534607
TURN,0.3,R,2.7326769175576455,2.7541524930000905,1.0078588051534607
TURN,0.3,R,2.7326769175576455,2.7541524930000905,1.0078588051534607
TURN,0.3,R,2.7326769175576455,2.7541524930000905,1.0078588051534607
TURN,0.3,R,2.7326769175576455,2.9672912831144074,1.085855142278016
TURN,0.3,R,2.781682810430456,2.9672912831144074,1.0667252470295954
TURN,0.3,R,2.781682810430456,2.9672912831144074,1.0667252470295954
TURN,0.3,R,2.781682810430456,2.9672912831144074,1.0667252470295954
TURN,0.3,R,2.7889702158617267,2.974578688545678,1.0665508981158491
TURN,0.3,R,2.7889702158617267,2.974578688545678,1.0665508981158491
TURN,0.3,R,3.405213466273662,3.590821938957613,1.0545071475025802
TURN,0.3,R,3.405213466273662,3.590821938957613,1.0545071475025802
TURN,0.3,R,3.4855916878078546,3.6712001604918054,1.0532502052185817
TURN,0.3,R,3.976072972909705,4.161681445593656,1.0466813546805007
TURN,0.3,R,3.976072972909705,4.161681445593656,1.0466813546805007
TURN,0.3,R,3.976072972909705,4.161681445593656,1.0466813546805007
TURN,0.3,R,3.976072972909705,4.161681445593656,1.0466813546805007
TURN,0.3,R,3.976072972909705,4.161681445593656,1.0466813546805007
TURN,0.3,R,3.976072972909705,4.161681445593656,1.0466813546805007
TURN,0.3,R,3.976072972909705,4.161681445593656,1.0466813546805007
TURN,0.3,R,3.976072972909705,4.230529937053741,1.0639970558583143
TURN,0.3,R,3.976072972909705,4.230529937053741,1.0639970558583143
TURN,0.3,R,3.976072972909705,4.230529937053741,1.0639970558583143
TURN,0.3,R,3.976072972909705,4.230529937053741,1.0639970558583143
TURN,0.3,R,3.976072972909705,4.230529937053741,1.0639970558583143
TURN,0.3,R,4.273293802318321,4.527750766462357,1.0595458622587546
TURN,0.3,R,4.273293802318321,4.527750766462357,1.0595458622587546
TURN,0.3,R,4.329601384875522,4.527750766462357,1.0457661950772246
TURN,0.3,R,4.329601384875522,4.527750766462357,1.0457661950772246
TURN,0.3,R,4.329601384875522,4.527750766462357,1.0457661950772246
TURN,0.3,R,4.407643451659632,4.605792833246467,1.0449558553816836
TURN,0.3,R,4.420785815386725,4.605792833246467,1.0418493511302487
TURN,0.3,R,4.493242174877477,4.678249192737219,1.0411745039904925
TURN,0.3,R,4.493242174877477,4.678249192737219,1.0411745039904925
TURN,0.3,R,4.493242174877477,4.678249192737219,1.0411745039904925
TURN,0.3,R,4.632956724499045,4.817963742358787,1.0399328180385166
TURN,0.3,R,4.632956724499045,4.817963742358787,1.0399328180385166
TURN,0.3,R,4.632956724499045,4.817963742358787,1.0399328180385166
TURN,0.3,R,4.632956724499045,4.817963742358787,1.0399328180385166
TURN,0.3,R,4.632956724499045,4.817963742358787,1.0399328180385166
TURN,0.3,R,4.632956724499045,4.817963742358787,1.0399328180385166
TURN,0.3,R,4.632956724499045,4.817963742358787,1.0399328180385166
TURN,0.3,R,4.815796317161685,5.000803335021427,1.038416703214886
TURN,0.3,R,4.815796317161685,5.000803335021427,1.038416703214886
TURN,0.3,R,4.815796317161685,5.035133454400292,1.0455453517535556
TURN,0.3,R,4.815796317161685,5.035133454400292,1.0455453517535556
TURN,0.3,R,4.815796317161685,5.035133454400292,1.0455453517535556
TURN,0.3,R,4.815796317161685,5.035133454400292,1.0455453517535556
TURN,0.3,R,4.815796317161685,5.035133454400292,1.0455453517535556
TURN,0.3,R,4.815796317161685,5.035133454400292,1.0455453517535556
TURN,0.3,R,4.815796317161685,5.035133454400292,1.0455453517535556
TURN,0.3,R,4.815796317161685,5.035133454400292,1.0455453517535556
TURN,0.3,R,4.820655187220937,5.035133454400292,1.0444915180301455
TURN,0.3,R,4.820655187220937,5.035133454400292,1.0444915180301455
TURN,0.3,R,4.820655187220937,5.035133454400292,1.0444915180301455
TURN,0.3,R,4.820655187220937,5.035133454400292,1.0444915180301455
TURN,0.3,R,4.820655187220937,5.035133454400292,1.0444915180301455
TURN,0.3,R,4.957764886484174,5.172243153663529,1.0432610807672755
TURN,0.3,R,4.957764886484174,5.172243153663529,1.0432610807672755
TURN,0.3,R,4.957764886484174,5.172243153663529,1.0432610807672755
TURN,0.3,R,4.982047448099284,5.196525715278638,1.0430502257181795
TURN,0.3,R,4.982047448099284,5.196525715278638,1.0430502257181795
TURN,0.3,R,4.982047448099284,5.196525715278638,1.0430502257181795
TURN,0.3,R,5.0510728716633,5.265551138842655,1.0424619229674126
TURN,0.3,R,5.0510728716633,5.265551138842655,1.0424619229674126
TURN,0.3,R,5.0510728716633,5.265551138842655,1.0424619229674126
TURN,0.3,R,5.0510728716633,5.265551138842655,1.0424619229674126
TURN,0.3,R,5.0510728716633,5.265551138842655,1.0424619229674126
TURN,0.3,R,5.0510728716633,5.265551138842655,1.0424619229674126
TURN,0.3,R,5.0510728716633,5.265551138842655,1.0424619229674126
TURN,0.3,F_continuity,0.0,0.0,
TURN,0.3,F_continuity,0.0,0.0,
TURN,0.3,F_continuity,0.0,0.0,
TURN,0.3,F_continuity,0.0,0.0,
TURN,0.3,F_continuity,0.0,0.0,
TURN,0.3,F_continuity,0.0,0.0,
TURN,0.3,F_continuity,0.0,0.0,
TURN,0.3,F_continuity,0.0,0.0,
TURN,0.3,F_continuity,0.0,0.0,
TURN,0.3,F_continuity,0.0,0.0,
TURN,0.3,F_continuity,0.0,0.0,
TURN,0.3,F_continuity,0.0,0.0,
TURN,0.3,F_continuity,0.0,0.0,
TURN,0.3,F_continuity,0.0,0.0,
TURN,0.3,F_continuity,0.0,0.0,
TURN,0.3,F_continuity,0.0,0.0,
TURN,0.3,F_continuity,0.0,0.0,
TURN,0.3,F_continuity,0.0,0.0,
TURN,0.3,F_continuity,0.0,0.0,
TURN,0.3,F_continuity,0.0,0.0,
TURN,0.3,F_continuity,0.0,0.0,
TURN,0.3,F_continuity,0.0,0.0,
TURN,0.3,F_continuity,0.0,0.0,
TURN,0.3,F_continuity,0.0,0.0,
TURN,0.3,F_continuity,0.0,0.0,
TURN,0.3,F_continuity,0.0,0.0,
TURN,0.3,F_continuity,0.0,0.0,
TURN,0.3,F_continuity,0.0,0.0,
TURN,0.3,F_continuity,0.0,0.0,
TURN,0.3,F_continuity,0.0,0.0,
TURN,0.3,F_continuity,0.0,0.0,
TURN,0.3,F_continuity,0.0,0.0,
TURN,0.3,F_continuity,0.0,0.0,
TURN,0.3,F_continuity,0.0,0.0,
TURN,0.3,F_continuity,0.0,0.0,
TURN,0.3,F_continuity,0.0,0.0,
TURN,0.3,F_continuity,0.0,0.0,
TURN,0.3,F_continuity,0.0,0.0,
TURN,0.3,F_continuity,0.0,0.0,
TURN,0.3,F_continuity,0.0,0.0,
TURN,0.3,F_continuity,0.0,0.0,
TURN,0.3,F_continuity,0.0,0.0,
TURN,0.3,F_continuity,0.0,0.0,
TURN,0.3,F_continuity,0.0,0.0,
TURN,0.3,F_continuity,0.0,0.0,
TURN,0.3,F_continuity,0.0,0.0,
TURN,0.3,F_continuity,0.0,0.0,
TURN,0.3,F_continuity,0.0,0.0,
TURN,0.3,F_continuity,0.0,0.0,
TURN,0.3,F_continuity,0.0,0.0,
TURN,0.3,F_continuity,0.0,0.0,
TURN,0.3,F_continuity,0.0,0.0,
TURN,0.3,F_continuity,0.0,0.0,
TURN,0.3,F_continuity,0.0,0.0,
TURN,0.3,F_continuity,0.0,0.0,
TURN,0.3,F_continuity,0.0,0.0,
TURN,0.3,F_continuity,0.0,0.0,
TURN,0.3,F_continuity,0.0,0.0,
TURN,0.3,F_continuity,0.0,0.0,
TURN,0.3,F_continuity,0.0,0.0,
TURN,0.3,F_continuity,0.0,0.0,
TURN,0.3,F_continuity,0.0,0.0,
TURN,0.3,F_continuity,0.0,0.0,
TURN,0.3,F_continuity,0.0,0.0,
TURN,0.3,F_continuity,0.0,0.0,
TURN,0.3,F_continuity,0.0,0.0,
TURN,0.3,F_continuity,0.0,0.0,
TURN,0.3,F_continuity,0.0,0.0,
TURN,0.3,F_continuity,0.0,0.0,
TURN,0.3,F_continuity,0.0,0.0,
TURN,0.3,F_continuity,0.0,0.0,
TURN,0.3,F_continuity,0.0,0.0,
TURN,0.3,F_continuity,0.0,0.0,
TURN,0.3,F_continuity,0.0,0.0,
TURN,0.3,F_continuity,0.0,0.0,
TURN,0.3,F_continuity,0.0,0.0,
TURN,0.3,F_continuity,0.0,0.0,
TURN,0.3,F_continuity,0.0,0.0,
TURN,0.3,F_continuity,0.0,0.0,
TURN,0.3,F_continuity,0.0,0.0,
TURN,0.3,F_continuity,0.0,0.0,
TURN,0.3,F_continuity,0.0,0.0,
TURN,0.3,F_continuity,0.0,0.0,
TURN,0.3,F_continuity,0.0,0.0,
TURN,0.3,F_continuity,0.0,0.0,
TURN,0.3,F_continuity,0.0,0.0,
TURN,0.3,F_continuity,0.0,0.0,
TURN,0.3,F_continuity,0.0,0.0,
TURN,0.3,F_continuity,0.0,0.0,
TURN,0.3,F_continuity,0.0,0.0,
TURN,0.3,F_continuity,0.0,0.0,
TURN,0.3,F_continuity,0.0,0.0,
TURN,0.3,F_continuity,0.0,0.0,
TURN,0.3,F_continuity,0.0,0.0,
TURN,0.3,F_continuity,0.0,0.0,
TURN,0.3,F_continuity,0.0,0.0,
TURN,0.3,F_continuity,0.0,0.0,
TURN,0.3,F_continuity,0.0,0.0,
TURN,0.3,F_continuity,0.0,0.0,
TURN,0.3,F_continuity,0.0,0.0,
TURN,0.3,F_continuity,0.0,0.0,
TURN,0.3,F_continuity,0.0,0.0,
TURN,0.3,F_continuity,0.0,0.0,
TURN,0.3,F_continuity,0.0,0.0,
TURN,0.3,F_continuity,0.0,0.0,
TURN,0.3,F_continuity,0.0,0.0,
TURN,0.3,F_continuity,0.0,0.0,
TURN,0.3,F_continuity,0.0,0.0,
TURN,0.3,F_continuity,0.0,0.0,
TURN,0.3,F_continuity,0.0,0.0,
TURN,0.3,F_continuity,0.0,0.0,
TURN,0.3,F_continuity,0.0,0.0,
TURN,0.3,F_continuity,0.0,0.0,
TURN,0.3,F_continuity,0.0,0.0,
TURN,0.3,F_continuity,0.0,0.0,
TURN,0.3,F_continuity,0.0,0.0,
TURN,0.3,F_continuity,0.0,0.0,
TURN,0.3,F_continuity,0.0,0.0,
TURN,0.3,F_continuity,0.0,0.0,
TURN,0.3,F_continuity,0.0,0.0,
TURN,0.3,F_execution,0.0,0.0,
TURN,0.3,F_execution,0.0,0.0,
TURN,0.3,F_execution,0.0,0.0,
TURN,0.3,F_execution,0.0,0.0,
TURN,0.3,F_execution,0.6346994316897026,0.6346994316897026,1.0
TURN,0.3,F_execution,0.6346994316897026,0.6346994316897026,1.0
TURN,0.3,F_execution,0.6346994316897026,0.6346994316897026,1.0
TURN,0.3,F_execution,1.2792246310919462,1.2792246310919462,1.0
TURN,0.3,F_execution,1.2792246310919462,1.2792246310919462,1.0
TURN,0.3,F_execution,1.2792246310919462,1.2792246310919462,1.0
TURN,0.3,F_execution,1.6366712670198111,1.2792246310919462,0.7816014473213464
TURN,0.3,F_execution,1.6366712670198111,1.2792246310919462,0.7816014473213464
TURN,0.3,F_execution,1.6366712670198111,1.2792246310919462,0.7816014473213464
TURN,0.3,F_execution,1.6366712670198111,1.2792246310919462,0.7816014473213464
TURN,0.3,F_execution,2.6306169906179218,2.273170354690057,0.8641206085102103
TURN,0.3,F_execution,2.6306169906179218,2.6905845933664856,1.0227960219836023
TURN,0.3,F_execution,2.6306169906179218,2.6905845933664856,1.0227960219836023
TURN,0.3,F_execution,2.6306169906179218,2.6905845933664856,1.0227960219836023
TURN,0.3,F_execution,3.1797523022339047,3.2397199049824685,1.0188592057017882
TURN,0.3,F_execution,3.6709190995885237,3.730886702337088,1.0163358551691553
TURN,0.3,F_execution,3.6709190995885237,3.730886702337088,1.0163358551691553
TURN,0.3,F_execution,3.6709190995885237,3.730886702337088,1.0163358551691553
TURN,0.3,F_execution,3.6709190995885237,4.1541459496952,1.1316364749527825
TURN,0.3,F_execution,3.6709190995885237,4.1541459496952,1.1316364749527825
TURN,0.3,F_execution,4.383862252277406,4.867089102384082,1.1102285661132807
TURN,0.3,F_execution,4.383862252277406,4.867089102384082,1.1102285661132807
TURN,0.3,F_execution,4.383862252277406,4.867089102384082,1.1102285661132807
TURN,0.3,F_execution,5.069367383297288,5.552594233403964,1.0953229098563317
TURN,0.3,F_execution,5.7080641571926245,6.1912910072993,1.0846568708408386
TURN,0.3,F_execution,5.7080641571926245,6.1912910072993,1.0846568708408386
TURN,0.3,F_execution,5.7080641571926245,6.1912910072993,1.0846568708408386
TURN,0.3,F_execution,6.4807376844618805,6.963964534568556,1.0745635564397635
TURN,0.3,F_execution,6.4807376844618805,6.963964534568556,1.0745635564397635
TURN,0.3,F_execution,6.4807376844618805,6.963964534568556,1.0745635564397635
TURN,0.3,F_execution,6.4807376844618805,6.963964534568556,1.0745635564397635
TURN,0.3,F_execution,6.4807376844618805,6.963964534568556,1.0745635564397635
TURN,0.3,F_execution,6.90361783877036,7.386844688877036,1.0699961761198453
TURN,0.3,F_execution,6.90361783877036,7.386844688877036,1.0699961761198453
TURN,0.3,F_execution,6.90361783877036,7.386844688877036,1.0699961761198453
TURN,0.3,F_execution,7.3224085509286105,7.805635401035286,1.0659928829080965
TURN,0.3,F_execution,7.3224085509286105,7.805635401035286,1.0659928829080965
TURN,0.3,F_execution,7.3224085509286105,7.805635401035286,1.0659928829080965
TURN,0.3,F_execution,7.3224085509286105,8.080200725085605,1.1034894691939707
TURN,0.3,F_execution,7.3224085509286105,8.50573047038344,1.1616028266143064
TURN,0.3,F_execution,7.851110708889048,9.034432628343879,1.1507203201344582
TURN,0.3,F_execution,7.851110708889048,9.034432628343879,1.1507203201344582
TURN,0.3,F_execution,8.052384588283363,9.034432628343879,1.1219574188606747
TURN,0.3,F_execution,8.54127598462861,9.523324024689126,1.1149767367109864
TURN,0.3,F_execution,8.54127598462861,9.523324024689126,1.1149767367109864
TURN,0.3,F_execution,8.54127598462861,9.523324024689126,1.1149767367109864
TURN,0.3,F_execution,8.880505684455464,9.523324024689126,1.0723853306415712
TURN,0.3,F_execution,8.880505684455464,9.523324024689126,1.0723853306415712
TURN,0.3,F_execution,8.880505684455464,9.523324024689126,1.0723853306415712
TURN,0.3,F_execution,8.880505684455464,9.523324024689126,1.0723853306415712
TURN,0.3,F_execution,8.880505684455464,10.044954941728744,1.1311242060586195
TURN,0.3,F_execution,9.080516977580995,10.044954941728744,1.1062095876841442
TURN,0.3,F_execution,9.080516977580995,10.044954941728744,1.1062095876841442
TURN,0.3,F_execution,9.080516977580995,10.044954941728744,1.1062095876841442
TURN,0.3,F_execution,9.487582706260294,10.452020670408043,1.1016526542120548
TURN,0.3,F_execution,9.487582706260294,10.452020670408043,1.1016526542120548
TURN,0.3,F_execution,9.955320839115656,10.919758803263404,1.0968766330823168
TURN,0.3,F_execution,9.955320839115656,10.919758803263404,1.0968766330823168
TURN,0.3,F_execution,10.53066925695869,11.495107221106439,1.0915837294491464
TURN,0.3,F_execution,10.990280724558065,11.954718688705814,1.087753715152397
TURN,0.3,F_execution,10.990280724558065,11.954718688705814,1.087753715152397
TURN,0.3,F_execution,10.990280724558065,11.954718688705814,1.087753715152397
TURN,0.3,F_execution,11.377929792975202,11.954718688705814,1.0506936592355074
TURN,0.3,F_execution,11.377929792975202,11.954718688705814,1.0506936592355074
TURN,0.3,F_execution,11.377929792975202,12.367966545606238,1.0870137863956844
TURN,0.3,F_execution,11.7625117399759,12.367966545606238,1.0514732583494604
TURN,0.3,F_execution,11.7625117399759,12.927511170745515,1.0990434234220796
TURN,0.3,F_execution,11.7625117399759,12.927511170745515,1.0990434234220796
TURN,0.3,F_execution,11.7625117399759,12.927511170745515,1.0990434234220796
TURN,0.3,F_execution,11.7625117399759,12.927511170745515,1.0990434234220796
TURN,0.3,F_execution,11.7625117399759,12.927511170745515,1.0990434234220796
TURN,0.3,F_execution,12.408635871325309,13.573635302094925,1.0938861807897653
TURN,0.3,F_execution,12.408635871325309,13.573635302094925,1.0938861807897653
TURN,0.3,F_execution,12.777418456812079,13.573635302094925,1.0623143750025934
TURN,0.3,F_execution,12.777418456812079,13.573635302094925,1.0623143750025934
TURN,0.3,F_execution,12.777418456812079,13.573635302094925,1.0623143750025934
TURN,0.3,F_execution,13.1718282390961,13.968045084378947,1.060448468567146
TURN,0.3,F_execution,13.556775315919444,13.968045084378947,1.0303368433034776
TURN,0.3,F_execution,14.411587039264834,14.822856807724337,1.0285374377810705
TURN,0.3,F_execution,14.886824396694994,15.298094165154497,1.027626427067334
TURN,0.3,F_execution,14.886824396694994,15.298094165154497,1.027626427067334
TURN,0.3,F_execution,15.470626580237175,15.881896348696678,1.0265839115388433
TURN,0.3,F_execution,15.470626580237175,15.881896348696678,1.0265839115388433
TURN,0.3,F_execution,15.470626580237175,15.881896348696678,1.0265839115388433
TURN,0.3,F_execution,15.470626580237175,15.881896348696678,1.0265839115388433
TURN,0.3,F_execution,15.470626580237175,15.881896348696678,1.0265839115388433
TURN,0.3,F_execution,15.470626580237175,15.881896348696678,1.0265839115388433
TURN,0.3,F_execution,15.470626580237175,15.881896348696678,1.0265839115388433
TURN,0.3,F_execution,16.377585491284655,16.78885525974416,1.025111746092143
TURN,0.3,F_execution,16.377585491284655,16.78885525974416,1.025111746092143
TURN,0.3,F_execution,16.377585491284655,17.19328436249893,1.0498058075562084
TURN,0.3,F_execution,16.377585491284655,17.19328436249893,1.0498058075562084
TURN,0.3,F_execution,16.377585491284655,17.19328436249893,1.0498058075562084
TURN,0.3,F_execution,16.377585491284655,17.19328436249893,1.0498058075562084
TURN,0.3,F_execution,16.377585491284655,17.19328436249893,1.0498058075562084
TURN,0.3,F_execution,16.377585491284655,17.19328436249893,1.0498058075562084
TURN,0.3,F_execution,16.377585491284655,17.19328436249893,1.0498058075562084
TURN,0.3,F_execution,16.93700818085685,17.752707052071123,1.0481607414074596
TURN,0.3,F_execution,17.269563522500732,17.752707052071123,1.0279765918195267
TURN,0.3,F_execution,17.269563522500732,17.752707052071123,1.0279765918195267
TURN,0.3,F_execution,17.269563522500732,17.752707052071123,1.0279765918195267
TURN,0.3,F_execution,17.269563522500732,17.752707052071123,1.0279765918195267
TURN,0.3,F_execution,17.269563522500732,18.222638409364787,1.0551881282710058
TURN,0.3,F_execution,17.684073725747837,18.63714861261189,1.0538945325406774
TURN,0.3,F_execution,17.684073725747837,18.63714861261189,1.0538945325406774
TURN,0.3,F_execution,17.684073725747837,18.63714861261189,1.0538945325406774
TURN,0.3,F_execution,18.340233119202956,19.29330800606701,1.0519663452841364
TURN,0.3,F_execution,18.340233119202956,19.29330800606701,1.0519663452841364
TURN,0.3,F_execution,18.340233119202956,19.29330800606701,1.0519663452841364
TURN,0.3,F_execution,18.88601764186035,19.8390925287244,1.0504645767539467
TURN,0.3,F_execution,18.88601764186035,19.8390925287244,1.0504645767539467
TURN,0.3,F_execution,18.88601764186035,19.8390925287244,1.0504645767539467
TURN,0.3,F_execution,18.88601764186035,19.8390925287244,1.0504645767539467
TURN,0.3,F_execution,18.88601764186035,19.8390925287244,1.0504645767539467
TURN,0.3,F_execution,18.88601764186035,19.8390925287244,1.0504645767539467
TURN,0.3,F_execution,18.88601764186035,19.8390925287244,1.0504645767539467
TURN,0.3,F_propagation,0.0,0.0,
TURN,0.3,F_propagation,0.0,0.0,
TURN,0.3,F_propagation,0.0,0.0,
TURN,0.3,F_propagation,0.0,0.0,
TURN,0.3,F_propagation,1.2938042379915713,1.2938042379915713,1.0
TURN,0.3,F_propagation,1.2938042379915713,1.2938042379915713,1.0
TURN,0.3,F_propagation,1.2938042379915713,1.2938042379915713,1.0
TURN,0.3,F_propagation,2.4536485263488426,2.4536485263488426,1.0
TURN,0.3,F_propagation,2.4536485263488426,2.4536485263488426,1.0
TURN,0.3,F_propagation,2.4536485263488426,2.4536485263488426,1.0
TURN,0.3,F_propagation,3.1315712318488047,2.4536485263488426,0.783519947237562
TURN,0.3,F_propagation,3.1315712318488047,2.4536485263488426,0.783519947237562
TURN,0.3,F_propagation,3.1315712318488047,2.4536485263488426,0.783519947237562
TURN,0.3,F_propagation,3.1315712318488047,2.4536485263488426,0.783519947237562
TURN,0.3,F_propagation,4.821278961965593,4.143356256465631,0.8593894460685637
TURN,0.3,F_propagation,4.821278961965593,4.9009451585968,1.0165238720388683
TURN,0.3,F_propagation,4.821278961965593,4.9009451585968,1.0165238720388683
TURN,0.3,F_propagation,4.821278961965593,4.9009451585968,1.0165238720388683
TURN,0.3,F_propagation,5.756626864460543,5.83629306109175,1.0138390412487979
TURN,0.3,F_propagation,6.760931207327664,6.840597403958871,1.0117833171479194
TURN,0.3,F_propagation,6.760931207327664,6.840597403958871,1.0117833171479194
TURN,0.3,F_propagation,6.760931207327664,6.840597403958871,1.0117833171479194
TURN,0.3,F_propagation,6.760931207327664,7.570436698065926,1.1197328394439068
TURN,0.3,F_propagation,6.760931207327664,7.570436698065926,1.1197328394439068
TURN,0.3,F_propagation,8.234814660246045,9.044320150984305,1.0983028184770431
TURN,0.3,F_propagation,8.234814660246045,9.044320150984305,1.0983028184770431
TURN,0.3,F_propagation,8.234814660246045,9.044320150984305,1.0983028184770431
TURN,0.3,F_propagation,9.400173382979844,10.209678873718104,1.0861160169879387
TURN,0.3,F_propagation,10.534869349683865,11.344374840422125,1.076840581868493
TURN,0.3,F_propagation,10.534869349683865,11.344374840422125,1.076840581868493
TURN,0.3,F_propagation,10.534869349683865,11.344374840422125,1.076840581868493
TURN,0.3,F_propagation,11.8484143460416,12.657919836779861,1.0683218418174838
TURN,0.3,F_propagation,11.8484143460416,12.657919836779861,1.0683218418174838
TURN,0.3,F_propagation,11.8484143460416,12.657919836779861,1.0683218418174838
TURN,0.3,F_propagation,11.8484143460416,12.657919836779861,1.0683218418174838
TURN,0.3,F_propagation,11.8484143460416,12.657919836779861,1.0683218418174838
TURN,0.3,F_propagation,12.567310608366016,13.376816099104277,1.0644135818684528
TURN,0.3,F_propagation,12.567310608366016,13.376816099104277,1.0644135818684528
TURN,0.3,F_propagation,12.567310608366016,13.376816099104277,1.0644135818684528
TURN,0.3,F_propagation,13.279254819035042,14.088760309773303,1.0609601594193283
TURN,0.3,F_propagation,13.279254819035042,14.088760309773303,1.0609601594193283
TURN,0.3,F_propagation,13.279254819035042,14.088760309773303,1.0609601594193283
TURN,0.3,F_propagation,13.279254819035042,14.76894036897788,1.1121814115508544
TURN,0.3,F_propagation,13.279254819035042,15.617092861056832,1.1760519000411556
TURN,0.3,F_propagation,14.217943075673167,16.555781117694956,1.1644287102275588
TURN,0.3,F_propagation,14.217943075673167,16.555781117694956,1.1644287102275588
TURN,0.3,F_propagation,14.844563187138819,16.555781117694956,1.1152757348925375
TURN,0.3,F_propagation,15.85550915791542,17.56672708847156,1.107925763437364
TURN,0.3,F_propagation,15.85550915791542,17.56672708847156,1.107925763437364
TURN,0.3,F_propagation,15.85550915791542,17.56672708847156,1.107925763437364
TURN,0.3,F_propagation,16.463198122353113,17.56672708847156,1.0670300483488755
TURN,0.3,F_propagation,16.463198122353113,17.56672708847156,1.0670300483488755
TURN,0.3,F_propagation,16.463198122353113,17.56672708847156,1.0670300483488755
TURN,0.3,F_propagation,16.463198122353113,17.56672708847156,1.0670300483488755
TURN,0.3,F_propagation,16.463198122353113,18.560069042496067,1.12736716794387
TURN,0.3,F_propagation,16.827720267102922,18.560069042496067,1.1029461357745394
TURN,0.3,F_propagation,16.827720267102922,18.560069042496067,1.1029461357745394
TURN,0.3,F_propagation,16.827720267102922,18.560069042496067,1.1029461357745394
TURN,0.3,F_propagation,17.523375708573365,19.25572448396651,1.0988593068027177
TURN,0.3,F_propagation,17.523375708573365,19.25572448396651,1.0988593068027177
TURN,0.3,F_propagation,18.626652159633448,20.359000935026593,1.0930037647424042
TURN,0.3,F_propagation,18.626652159633448,20.359000935026593,1.0930037647424042
TURN,0.3,F_propagation,19.644933580733703,21.377282356126848,1.0881829795083708
TURN,0.3,F_propagation,20.671513718203567,22.403862493596712,1.0838036729679656
TURN,0.3,F_propagation,20.671513718203567,22.403862493596712,1.0838036729679656
TURN,0.3,F_propagation,20.671513718203567,22.403862493596712,1.0838036729679656
TURN,0.3,F_propagation,21.3305171345127,22.403862493596712,1.0503197063772702
TURN,0.3,F_propagation,21.3305171345127,22.403862493596712,1.0503197063772702
TURN,0.3,F_propagation,21.3305171345127,23.106383850327433,1.0832547427057635
TURN,0.3,F_propagation,21.984306444413885,23.106383850327433,1.051039927447821
TURN,0.3,F_propagation,21.984306444413885,24.092033958794243,1.0958741873303863
TURN,0.3,F_propagation,21.984306444413885,24.092033958794243,1.0958741873303863
TURN,0.3,F_propagation,21.984306444413885,24.092033958794243,1.0958741873303863
TURN,0.3,F_propagation,21.984306444413885,24.092033958794243,1.0958741873303863
TURN,0.3,F_propagation,21.984306444413885,24.092033958794243,1.0958741873303863
TURN,0.3,F_propagation,23.231327882412188,25.339055396792546,1.0907278105258917
TURN,0.3,F_propagation,23.231327882412188,25.339055396792546,1.0907278105258917
TURN,0.3,F_propagation,23.8864120690183,25.339055396792546,1.0608146306601813
TURN,0.3,F_propagation,23.8864120690183,25.339055396792546,1.0608146306601813
TURN,0.3,F_propagation,23.8864120690183,25.339055396792546,1.0608146306601813
TURN,0.3,F_propagation,24.59592973229319,26.048573060067437,1.059060313783016
TURN,0.3,F_propagation,25.25691094475642,26.048573060067437,1.0313443760815642
TURN,0.3,F_propagation,26.746319054188962,27.53798116949998,1.0295989184047
TURN,0.3,F_propagation,27.554222561820236,28.345884677131252,1.0287310633981726
TURN,0.3,F_propagation,27.554222561820236,28.345884677131252,1.0287310633981726
TURN,0.3,F_propagation,28.61654354865273,29.408205663963745,1.0276644911348243
TURN,0.3,F_propagation,28.61654354865273,29.408205663963745,1.0276644911348243
TURN,0.3,F_propagation,28.61654354865273,29.408205663963745,1.0276644911348243
TURN,0.3,F_propagation,28.61654354865273,29.408205663963745,1.0276644911348243
TURN,0.3,F_propagation,28.61654354865273,29.408205663963745,1.0276644911348243
TURN,0.3,F_propagation,28.61654354865273,29.408205663963745,1.0276644911348243
TURN,0.3,F_propagation,28.61654354865273,29.408205663963745,1.0276644911348243
TURN,0.3,F_propagation,30.249793493764766,31.041455609075783,1.0261708270991734
TURN,0.3,F_propagation,30.249793493764766,31.041455609075783,1.0261708270991734
TURN,0.3,F_propagation,30.249793493764766,31.74615014344832,1.0494666732185127
TURN,0.3,F_propagation,30.249793493764766,31.74615014344832,1.0494666732185127
TURN,0.3,F_propagation,30.249793493764766,31.74615014344832,1.0494666732185127
TURN,0.3,F_propagation,30.249793493764766,31.74615014344832,1.0494666732185127
TURN,0.3,F_propagation,30.249793493764766,31.74615014344832,1.0494666732185127
TURN,0.3,F_propagation,30.249793493764766,31.74615014344832,1.0494666732185127
TURN,0.3,F_propagation,30.249793493764766,31.74615014344832,1.0494666732185127
TURN,0.3,F_propagation,31.2008120660375,32.697168715721055,1.0479589007656747
TURN,0.3,F_propagation,31.76858558186173,32.697168715721055,1.029229602667281
TURN,0.3,F_propagation,31.76858558186173,32.697168715721055,1.029229602667281
TURN,0.3,F_propagation,31.76858558186173,32.697168715721055,1.029229602667281
TURN,0.3,F_propagation,31.76858558186173,32.697168715721055,1.029229602667281
TURN,0.3,F_propagation,31.76858558186173,33.496052023120285,1.0543765612984939
TURN,0.3,F_propagation,32.541807777013425,34.26927421827198,1.0530845260071504
TURN,0.3,F_propagation,32.541807777013425,34.26927421827198,1.0530845260071504
TURN,0.3,F_propagation,32.541807777013425,34.26927421827198,1.0530845260071504
TURN,0.3,F_propagation,33.66942002669469,35.396886467953244,1.0513066883804039
TURN,0.3,F_propagation,33.66942002669469,35.396886467953244,1.0513066883804039
TURN,0.3,F_propagation,33.66942002669469,35.396886467953244,1.0513066883804039
TURN,0.3,F_propagation,34.63176642699426,36.35923286825282,1.0498809797906252
TURN,0.3,F_propagation,34.63176642699426,36.35923286825282,1.0498809797906252
TURN,0.3,F_propagation,34.63176642699426,36.35923286825282,1.0498809797906252
TURN,0.3,F_propagation,34.63176642699426,36.35923286825282,1.0498809797906252
TURN,0.3,F_propagation,34.63176642699426,36.35923286825282,1.0498809797906252
TURN,0.3,F_propagation,34.63176642699426,36.35923286825282,1.0498809797906252
TURN,0.3,F_propagation,34.63176642699426,36.35923286825282,1.0498809797906252
TURN,0.3,P_time,0.0,0.0,
TURN,0.3,P_time,0.0,0.0,
TURN,0.3,P_time,0.0,0.0,
TURN,0.3,P_time,0.0,0.0,
TURN,0.3,P_time,1.4242324679328868,1.4242324679328868,1.0
TURN,0.3,P_time,1.4242324679328868,1.4242324679328868,1.0
TURN,0.3,P_time,1.4242324679328868,1.4242324679328868,1.0
TURN,0.3,P_time,3.1431103053814087,3.1431103053814087,1.0
TURN,0.3,P_time,3.1431103053814087,3.1431103053814087,1.0
TURN,0.3,P_time,3.1431103053814087,3.1431103053814087,1.0
TURN,0.3,P_time,3.739705986120631,3.1431103053814087,0.8404698971113238
TURN,0.3,P_time,3.739705986120631,3.1431103053814087,0.8404698971113238
TURN,0.3,P_time,3.739705986120631,3.1431103053814087,0.8404698971113238
TURN,0.3,P_time,3.739705986120631,3.1431103053814087,0.8404698971113238
TURN,0.3,P_time,4.444883686828109,3.848288006088887,0.8657792368094662
TURN,0.3,P_time,4.444883686828109,4.256142687558664,0.9575374717163563
TURN,0.3,P_time,4.444883686828109,4.256142687558664,0.9575374717163563
TURN,0.3,P_time,4.444883686828109,4.256142687558664,0.9575374717163563
TURN,0.3,P_time,5.478100573277362,5.289359574007917,0.9655462697800512
TURN,0.3,P_time,5.956535328363373,5.7677943290939275,0.9683136271565934
TURN,0.3,P_time,5.956535328363373,5.7677943290939275,0.9683136271565934
TURN,0.3,P_time,5.956535328363373,5.7677943290939275,0.9683136271565934
TURN,0.3,P_time,5.956535328363373,6.085049670201559,1.0215753512324919
TURN,0.3,P_time,5.956535328363373,6.085049670201559,1.0215753512324919
TURN,0.3,P_time,7.872723196130652,8.001237537968837,1.0163240010650125
TURN,0.3,P_time,7.872723196130652,8.001237537968837,1.0163240010650125
TURN,0.3,P_time,7.872723196130652,8.001237537968837,1.0163240010650125
TURN,0.3,P_time,8.305261228990242,8.433775570828427,1.015473847034407
TURN,0.3,P_time,9.666477187602565,9.79499152944075,1.013294847682774
TURN,0.3,P_time,9.666477187602565,9.79499152944075,1.013294847682774
TURN,0.3,P_time,9.666477187602565,9.79499152944075,1.013294847682774
TURN,0.3,P_time,10.594739112181374,10.72325345401956,1.0121300147627443
TURN,0.3,P_time,10.594739112181374,10.72325345401956,1.0121300147627443
TURN,0.3,P_time,10.594739112181374,10.72325345401956,1.0121300147627443
TURN,0.3,P_time,10.594739112181374,10.72325345401956,1.0121300147627443
TURN,0.3,P_time,10.594739112181374,10.72325345401956,1.0121300147627443
TURN,0.3,P_time,11.44962129695759,11.578135638795775,1.011224331225028
TURN,0.3,P_time,11.44962129695759,11.578135638795775,1.011224331225028
TURN,0.3,P_time,11.44962129695759,11.578135638795775,1.011224331225028
TURN,0.3,P_time,12.306426572659324,12.43494091449751,1.0104428642286543
TURN,0.3,P_time,12.306426572659324,12.43494091449751,1.0104428642286543
TURN,0.3,P_time,12.306426572659324,12.43494091449751,1.0104428642286543
TURN,0.3,P_time,12.306426572659324,12.859592013707388,1.0449493147163458
TURN,0.3,P_time,12.306426572659324,13.23855276669757,1.0757430427537034
TURN,0.3,P_time,13.714325713690911,14.646451907729155,1.0679673367468376
TURN,0.3,P_time,13.714325713690911,14.646451907729155,1.0679673367468376
TURN,0.3,P_time,14.558840192260643,14.646451907729155,1.0060177675083684
TURN,0.3,P_time,15.294940286321031,15.382552001789543,1.0057281502136277
TURN,0.3,P_time,15.294940286321031,15.382552001789543,1.0057281502136277
TURN,0.3,P_time,15.294940286321031,15.382552001789543,1.0057281502136277
TURN,0.3,P_time,16.312486173701682,15.382552001789543,0.9429924928665171
TURN,0.3,P_time,16.312486173701682,15.382552001789543,0.9429924928665171
TURN,0.3,P_time,16.312486173701682,15.382552001789543,0.9429924928665171
TURN,0.3,P_time,16.312486173701682,15.382552001789543,0.9429924928665171
TURN,0.3,P_time,16.312486173701682,16.269290328879602,0.9973519766170458
TURN,0.3,P_time,16.824244430295764,16.269290328879602,0.9670146196629881
TURN,0.3,P_time,16.824244430295764,16.269290328879602,0.9670146196629881
TURN,0.3,P_time,16.824244430295764,16.269290328879602,0.9670146196629881
TURN,0.3,P_time,17.250202543954522,16.69524844253836,0.967829125484057
TURN,0.3,P_time,17.250202543954522,16.69524844253836,0.967829125484057
TURN,0.3,P_time,19.032883789231846,18.477929687815685,0.9708423532890935
TURN,0.3,P_time,19.032883789231846,18.477929687815685,0.9708423532890935
TURN,0.3,P_time,19.6155750917697,19.060620990353538,0.9717084970071049
TURN,0.3,P_time,21.08990004119962,20.53494593978346,0.9736862621286946
TURN,0.3,P_time,21.08990004119962,20.53494593978346,0.9736862621286946
TURN,0.3,P_time,21.08990004119962,20.53494593978346,0.9736862621286946
TURN,0.3,P_time,21.499307976925863,20.53494593978346,0.9551445079917267
TURN,0.3,P_time,21.499307976925863,20.53494593978346,0.9551445079917267
TURN,0.3,P_time,21.499307976925863,20.83430546368171,0.9690686549558772
TURN,0.3,P_time,21.91808522736634,20.83430546368171,0.9505531732155392
TURN,0.3,P_time,21.91808522736634,21.251451455310253,0.9695852185471134
TURN,0.3,P_time,21.91808522736634,21.251451455310253,0.9695852185471134
TURN,0.3,P_time,21.91808522736634,21.251451455310253,0.9695852185471134
TURN,0.3,P_time,21.91808522736634,21.251451455310253,0.9695852185471134
TURN,0.3,P_time,21.91808522736634,21.251451455310253,0.9695852185471134
TURN,0.3,P_time,23.862559997564794,23.195926225508707,0.9720636104372659
TURN,0.3,P_time,23.862559997564794,23.195926225508707,0.9720636104372659
TURN,0.3,P_time,25.0500281579272,23.195926225508707,0.9259840379927176
TURN,0.3,P_time,25.0500281579272,23.195926225508707,0.9259840379927176
TURN,0.3,P_time,25.0500281579272,23.195926225508707,0.9259840379927176
TURN,0.3,P_time,26.342966492838602,24.488864560420108,0.9296168131663328
TURN,0.3,P_time,27.161193110024488,24.488864560420108,0.9016122547054793
TURN,0.3,P_time,27.807760686879508,25.135432137275128,0.9038999011932212
TURN,0.3,P_time,28.267476380548555,25.595147830944175,0.9054627829655404
TURN,0.3,P_time,28.267476380548555,25.595147830944175,0.9054627829655404
TURN,0.3,P_time,29.777939828934112,27.105611279329732,0.910258111711013
TURN,0.3,P_time,29.777939828934112,27.105611279329732,0.910258111711013
TURN,0.3,P_time,29.777939828934112,27.105611279329732,0.910258111711013
TURN,0.3,P_time,29.777939828934112,27.105611279329732,0.910258111711013
TURN,0.3,P_time,29.777939828934112,27.105611279329732,0.910258111711013
TURN,0.3,P_time,29.777939828934112,27.105611279329732,0.910258111711013
TURN,0.3,P_time,29.777939828934112,27.105611279329732,0.910258111711013
TURN,0.3,P_time,31.21504720762488,28.5427186580205,0.914389732239405
TURN,0.3,P_time,31.21504720762488,28.5427186580205,0.914389732239405
TURN,0.3,P_time,31.21504720762488,28.96201079910555,0.9278221047197717
TURN,0.3,P_time,31.21504720762488,28.96201079910555,0.9278221047197717
TURN,0.3,P_time,31.21504720762488,28.96201079910555,0.9278221047197717
TURN,0.3,P_time,31.21504720762488,28.96201079910555,0.9278221047197717
TURN,0.3,P_time,31.21504720762488,28.96201079910555,0.9278221047197717
TURN,0.3,P_time,31.21504720762488,28.96201079910555,0.9278221047197717
TURN,0.3,P_time,31.21504720762488,28.96201079910555,0.9278221047197717
TURN,0.3,P_time,32.28936112062482,30.036324712105486,0.9302235680630978
TURN,0.3,P_time,32.93168072154311,30.036324712105486,0.9120799198219011
TURN,0.3,P_time,32.93168072154311,30.036324712105486,0.9120799198219011
TURN,0.3,P_time,32.93168072154311,30.036324712105486,0.9120799198219011
TURN,0.3,P_time,32.93168072154311,30.036324712105486,0.9120799198219011
TURN,0.3,P_time,32.93168072154311,30.483069039054904,0.9256457117025799
TURN,0.3,P_time,33.749016437860654,31.30040475537245,0.9274464283426856
TURN,0.3,P_time,33.749016437860654,31.30040475537245,0.9274464283426856
TURN,0.3,P_time,33.749016437860654,31.30040475537245,0.9274464283426856
TURN,0.3,P_time,35.34659150934945,32.89797982686125,0.9307256632696671
TURN,0.3,P_time,35.34659150934945,32.89797982686125,0.9307256632696671
TURN,0.3,P_time,35.34659150934945,32.89797982686125,0.9307256632696671
TURN,0.3,P_time,36.000458623192294,33.551846940704095,0.9319838753134453
TURN,0.3,P_time,36.000458623192294,33.551846940704095,0.9319838753134453
TURN,0.3,P_time,36.000458623192294,33.551846940704095,0.9319838753134453
TURN,0.3,P_time,36.000458623192294,33.551846940704095,0.9319838753134453
TURN,0.3,P_time,36.000458623192294,33.551846940704095,0.9319838753134453
TURN,0.3,P_time,36.000458623192294,33.551846940704095,0.9319838753134453
TURN,0.3,P_time,36.000458623192294,33.551846940704095,0.9319838753134453
TURN,0.3,P_itinerary,0.0,0.0,
TURN,0.3,P_itinerary,0.0,0.0,
TURN,0.3,P_itinerary,0.0,0.0,
TURN,0.3,P_itinerary,0.0,0.0,
TURN,0.3,P_itinerary,0.6563662976948349,0.6563662976948349,1.0
TURN,0.3,P_itinerary,0.6563662976948349,0.6563662976948349,1.0
TURN,0.3,P_itinerary,0.6563662976948349,0.6563662976948349,1.0
TURN,0.3,P_itinerary,0.9492817053650437,0.9492817053650437,1.0
TURN,0.3,P_itinerary,0.9492817053650437,0.9492817053650437,1.0
TURN,0.3,P_itinerary,0.9492817053650437,0.9492817053650437,1.0
TURN,0.3,P_itinerary,1.4167794255566477,0.9492817053650437,0.6700278732464472
TURN,0.3,P_itinerary,1.4167794255566477,0.9492817053650437,0.6700278732464472
TURN,0.3,P_itinerary,1.4167794255566477,0.9492817053650437,0.6700278732464472
TURN,0.3,P_itinerary,1.4167794255566477,0.9492817053650437,0.6700278732464472
TURN,0.3,P_itinerary,4.017139801017593,3.549642080825989,0.8836242343188602
TURN,0.3,P_itinerary,4.017139801017593,3.6153444948805897,0.8999797552389829
TURN,0.3,P_itinerary,4.017139801017593,3.6153444948805897,0.8999797552389829
TURN,0.3,P_itinerary,4.017139801017593,3.6153444948805897,0.8999797552389829
TURN,0.3,P_itinerary,4.23229249779412,3.8304971916571167,0.9050643814560502
TURN,0.3,P_itinerary,4.334420593194568,3.932625287057565,0.907301264956184
TURN,0.3,P_itinerary,4.334420593194568,3.932625287057565,0.907301264956184
TURN,0.3,P_itinerary,4.334420593194568,3.932625287057565,0.907301264956184
TURN,0.3,P_itinerary,4.334420593194568,4.876335763522263,1.1250259772156286
TURN,0.3,P_itinerary,4.334420593194568,4.876335763522263,1.1250259772156286
TURN,0.3,P_itinerary,4.63418049768364,5.176095668011335,1.116938727483439
TURN,0.3,P_itinerary,4.63418049768364,5.176095668011335,1.116938727483439
TURN,0.3,P_itinerary,4.63418049768364,5.176095668011335,1.116938727483439
TURN,0.3,P_itinerary,7.410043279338447,7.951958449666143,1.0731325243185457
TURN,0.3,P_itinerary,7.605131242412323,8.14704641274002,1.0712565178764493
TURN,0.3,P_itinerary,7.605131242412323,8.14704641274002,1.0712565178764493
TURN,0.3,P_itinerary,7.605131242412323,8.14704641274002,1.0712565178764493
TURN,0.3,P_itinerary,8.137665520072705,8.679580690400401,1.0665934436591165
TURN,0.3,P_itinerary,8.137665520072705,8.679580690400401,1.0665934436591165
TURN,0.3,P_itinerary,8.137665520072705,8.679580690400401,1.0665934436591165
TURN,0.3,P_itinerary,8.137665520072705,8.679580690400401,1.0665934436591165
TURN,0.3,P_itinerary,8.137665520072705,8.679580690400401,1.0665934436591165
TURN,0.3,P_itinerary,9.266456870398406,9.808372040726102,1.0584813783635942
TURN,0.3,P_itinerary,9.266456870398406,9.808372040726102,1.0584813783635942
TURN,0.3,P_itinerary,9.266456870398406,9.808372040726102,1.0584813783635942
TURN,0.3,P_itinerary,12.322837771011258,12.864752941338955,1.0439764914866054
TURN,0.3,P_itinerary,12.322837771011258,12.864752941338955,1.0439764914866054
TURN,0.3,P_itinerary,12.322837771011258,12.864752941338955,1.0439764914866054
TURN,0.3,P_itinerary,12.322837771011258,12.90841658728915,1.0475198024318255
TURN,0.3,P_itinerary,12.322837771011258,13.065423609594696,1.0602609441414808
TURN,0.3,P_itinerary,12.666121247088496,13.408707085671933,1.0586277222598144
TURN,0.3,P_itinerary,12.666121247088496,13.408707085671933,1.0586277222598144
TURN,0.3,P_itinerary,13.16745127112419,13.408707085671933,1.018322134601463
TURN,0.3,P_itinerary,13.212945900130913,13.454201714678657,1.018259048085965
TURN,0.3,P_itinerary,13.212945900130913,13.454201714678657,1.018259048085965
TURN,0.3,P_itinerary,13.212945900130913,13.454201714678657,1.018259048085965
TURN,0.3,P_itinerary,13.288355619913037,13.454201714678657,1.0124805581299385
TURN,0.3,P_itinerary,13.288355619913037,13.454201714678657,1.0124805581299385
TURN,0.3,P_itinerary,13.288355619913037,13.454201714678657,1.0124805581299385
TURN,0.3,P_itinerary,13.288355619913037,13.454201714678657,1.0124805581299385
TURN,0.3,P_itinerary,13.288355619913037,13.55309165491953,1.0199224074504583
TURN,0.3,P_itinerary,15.804052604444752,13.55309165491953,0.8575706493857052
TURN,0.3,P_itinerary,15.804052604444752,13.55309165491953,0.8575706493857052
TURN,0.3,P_itinerary,15.804052604444752,13.55309165491953,0.8575706493857052
TURN,0.3,P_itinerary,17.481313318321018,15.230352368795796,0.8712361646669797
TURN,0.3,P_itinerary,17.481313318321018,15.230352368795796,0.8712361646669797
TURN,0.3,P_itinerary,20.29616470798293,18.045203758457706,0.8890942706707603
TURN,0.3,P_itinerary,20.29616470798293,18.045203758457706,0.8890942706707603
TURN,0.3,P_itinerary,20.586012427246807,18.335051477721585,0.8906558053687978
TURN,0.3,P_itinerary,23.829304744597387,21.578343795072165,0.9055381189820252
TURN,0.3,P_itinerary,23.829304744597387,21.578343795072165,0.9055381189820252
TURN,0.3,P_itinerary,23.829304744597387,21.578343795072165,0.9055381189820252
TURN,0.3,P_itinerary,25.464869199721996,21.578343795072165,0.8473769735800465
TURN,0.3,P_itinerary,25.464869199721996,21.578343795072165,0.8473769735800465
TURN,0.3,P_itinerary,25.464869199721996,22.8632509541697,0.8978350045646142
TURN,0.3,P_itinerary,27.249906240854237,22.8632509541697,0.8390212704619191
TURN,0.3,P_itinerary,27.249906240854237,23.32823394575184,0.8560849251942432
TURN,0.3,P_itinerary,27.249906240854237,23.32823394575184,0.8560849251942432
TURN,0.3,P_itinerary,27.249906240854237,23.32823394575184,0.8560849251942432
TURN,0.3,P_itinerary,27.249906240854237,23.32823394575184,0.8560849251942432
TURN,0.3,P_itinerary,27.249906240854237,23.32823394575184,0.8560849251942432
TURN,0.3,P_itinerary,30.864339668484522,26.942667373382125,0.8729384027902336
TURN,0.3,P_itinerary,30.864339668484522,26.942667373382125,0.8729384027902336
TURN,0.3,P_itinerary,31.399023109131317,26.942667373382125,0.8580734273082141
TURN,0.3,P_itinerary,31.399023109131317,26.942667373382125,0.8580734273082141
TURN,0.3,P_itinerary,31.399023109131317,26.942667373382125,0.8580734273082141
TURN,0.3,P_itinerary,32.28326073007792,27.826904994328725,0.8619607922195647
TURN,0.3,P_itinerary,32.89796278134084,27.826904994328725,0.8458549600558145
TURN,0.3,P_itinerary,32.92904296210676,27.85798517509465,0.8460004503365721
TURN,0.3,P_itinerary,35.53961398105917,30.468556194047057,0.8573125248429898
TURN,0.3,P_itinerary,35.53961398105917,30.468556194047057,0.8573125248429898
TURN,0.3,P_itinerary,35.7697835566742,30.698725769662087,0.8582306829176797
TURN,0.3,P_itinerary,35.7697835566742,30.698725769662087,0.8582306829176797
TURN,0.3,P_itinerary,35.7697835566742,30.698725769662087,0.8582306829176797
TURN,0.3,P_itinerary,35.7697835566742,30.698725769662087,0.8582306829176797
TURN,0.3,P_itinerary,35.7697835566742,30.698725769662087,0.8582306829176797
TURN,0.3,P_itinerary,35.7697835566742,30.698725769662087,0.8582306829176797
TURN,0.3,P_itinerary,35.7697835566742,30.698725769662087,0.8582306829176797
TURN,0.3,P_itinerary,35.812326455276015,30.741268668263906,0.8583990963741195
TURN,0.3,P_itinerary,35.812326455276015,30.741268668263906,0.8583990963741195
TURN,0.3,P_itinerary,35.812326455276015,30.746075030417252,0.8585333060898538
TURN,0.3,P_itinerary,35.812326455276015,30.746075030417252,0.8585333060898538
TURN,0.3,P_itinerary,35.812326455276015,30.746075030417252,0.8585333060898538
TURN,0.3,P_itinerary,35.812326455276015,30.746075030417252,0.8585333060898538
TURN,0.3,P_itinerary,35.812326455276015,30.746075030417252,0.8585333060898538
TURN,0.3,P_itinerary,35.812326455276015,30.746075030417252,0.8585333060898538
TURN,0.3,P_itinerary,35.812326455276015,30.746075030417252,0.8585333060898538
TURN,0.3,P_itinerary,35.93471828305607,30.868466858197305,0.8590151344737937
TURN,0.3,P_itinerary,36.524430353161506,30.868466858197305,0.8451457438137806
TURN,0.3,P_itinerary,36.524430353161506,30.868466858197305,0.8451457438137806
TURN,0.3,P_itinerary,36.524430353161506,30.868466858197305,0.8451457438137806
TURN,0.3,P_itinerary,36.524430353161506,30.868466858197305,0.8451457438137806
TURN,0.3,P_itinerary,36.524430353161506,31.46319603406896,0.8614287951884662
TURN,0.3,P_itinerary,37.06204080294938,32.000806483856834,0.8634388660354133
TURN,0.3,P_itinerary,37.06204080294938,32.000806483856834,0.8634388660354133
TURN,0.3,P_itinerary,37.06204080294938,32.000806483856834,0.8634388660354133
TURN,0.3,P_itinerary,37.76076497230624,32.69953065321369,0.8659657895489019
TURN,0.3,P_itinerary,37.76076497230624,32.69953065321369,0.8659657895489019
TURN,0.3,P_itinerary,37.76076497230624,32.69953065321369,0.8659657895489019
TURN,0.3,P_itinerary,38.294217839995255,33.23298352090271,0.8678329365482824
TURN,0.3,P_itinerary,38.294217839995255,33.23298352090271,0.8678329365482824
TURN,0.3,P_itinerary,38.294217839995255,33.23298352090271,0.8678329365482824
TURN,0.3,P_itinerary,38.294217839995255,33.23298352090271,0.8678329365482824
TURN,0.3,P_itinerary,38.294217839995255,33.23298352090271,0.8678329365482824
TURN,0.3,P_itinerary,38.294217839995255,33.23298352090271,0.8678329365482824
TURN,0.3,P_itinerary,38.294217839995255,33.23298352090271,0.8678329365482824
TURN,0.3,P_service,0.0,0.0,
TURN,0.3,P_service,0.0,0.0,
TURN,0.3,P_service,0.0,0.0,
TURN,0.3,P_service,0.0,0.0,
TURN,0.3,P_service,3.4068536404160477,3.4068536404160477,1.0
TURN,0.3,P_service,3.4068536404160477,3.4068536404160477,1.0
TURN,0.3,P_service,3.4068536404160477,3.4068536404160477,1.0
TURN,0.3,P_service,7.9934073935967085,7.9934073935967085,1.0
TURN,0.3,P_service,7.9934073935967085,7.9934073935967085,1.0
TURN,0.3,P_service,7.9934073935967085,7.9934073935967085,1.0
TURN,0.3,P_service,9.355200380022048,7.9934073935967085,0.8544346533364013
TURN,0.3,P_service,9.355200380022048,7.9934073935967085,0.8544346533364013
TURN,0.3,P_service,9.355200380022048,7.9934073935967085,0.8544346533364013
TURN,0.3,P_service,9.355200380022048,7.9934073935967085,0.8544346533364013
TURN,0.3,P_service,11.292600857729054,9.930807871303715,0.8794083839868226
TURN,0.3,P_service,11.292600857729054,10.763880787970383,0.9531799559357669
TURN,0.3,P_service,11.292600857729054,10.763880787970383,0.9531799559357669
TURN,0.3,P_service,11.292600857729054,10.763880787970383,0.9531799559357669
TURN,0.3,P_service,14.711288976540935,14.182568906782263,0.9640602485205896
TURN,0.3,P_service,15.448460496427298,14.919740426668627,0.9657752259598329
TURN,0.3,P_service,15.448460496427298,14.919740426668627,0.9657752259598329
TURN,0.3,P_service,15.448460496427298,14.919740426668627,0.9657752259598329
TURN,0.3,P_service,15.448460496427298,14.919740426668627,0.9657752259598329
TURN,0.3,P_service,15.448460496427298,14.919740426668627,0.9657752259598329
TURN,0.3,P_service,19.472072608900262,18.94335253914159,0.9728472628272243
TURN,0.3,P_service,19.472072608900262,18.94335253914159,0.9728472628272243
TURN,0.3,P_service,19.472072608900262,18.94335253914159,0.9728472628272243
TURN,0.3,P_service,20.046421567233597,19.517701497474924,0.9736252144560863
TURN,0.3,P_service,21.902766552036027,21.374046482277357,0.9758605805114824
TURN,0.3,P_service,21.902766552036027,21.374046482277357,0.9758605805114824
TURN,0.3,P_service,21.902766552036027,21.374046482277357,0.9758605805114824
TURN,0.3,P_service,24.089857012789235,23.561136943030565,0.9780521706925046
TURN,0.3,P_service,24.089857012789235,23.561136943030565,0.9780521706925046
TURN,0.3,P_service,24.089857012789235,23.561136943030565,0.9780521706925046
TURN,0.3,P_service,24.089857012789235,23.561136943030565,0.9780521706925046
TURN,0.3,P_service,24.089857012789235,23.561136943030565,0.9780521706925046
TURN,0.3,P_service,25.929998467754594,25.401278397995924,0.9796097145776479
TURN,0.3,P_service,25.929998467754594,25.401278397995924,0.9796097145776479
TURN,0.3,P_service,25.929998467754594,25.401278397995924,0.9796097145776479
TURN,0.3,P_service,27.79228857969489,27.26356850993622,0.9809760154064838
TURN,0.3,P_service,27.79228857969489,27.26356850993622,0.9809760154064838
TURN,0.3,P_service,27.79228857969489,27.26356850993622,0.9809760154064838
TURN,0.3,P_service,27.79228857969489,27.26356850993622,0.9809760154064838
TURN,0.3,P_service,27.79228857969489,27.26356850993622,0.9809760154064838
TURN,0.3,P_service,30.11321475999607,29.5844946902374,0.9824422575280455
TURN,0.3,P_service,30.11321475999607,29.5844946902374,0.9824422575280455
TURN,0.3,P_service,30.11321475999607,29.5844946902374,0.9824422575280455
TURN,0.3,P_service,32.366675994173285,31.837955924414615,0.983664678144464
TURN,0.3,P_service,32.366675994173285,31.837955924414615,0.983664678144464
TURN,0.3,P_service,32.366675994173285,31.837955924414615,0.983664678144464
TURN,0.3,P_service,34.95777389121952,31.837955924414615,0.9107546728658108
TURN,0.3,P_service,34.95777389121952,31.837955924414615,0.9107546728658108
TURN,0.3,P_service,34.95777389121952,31.837955924414615,0.9107546728658108
TURN,0.3,P_service,34.95777389121952,31.837955924414615,0.9107546728658108
TURN,0.3,P_service,34.95777389121952,31.837955924414615,0.9107546728658108
TURN,0.3,P_service,34.95777389121952,31.837955924414615,0.9107546728658108
TURN,0.3,P_service,34.95777389121952,31.837955924414615,0.9107546728658108
TURN,0.3,P_service,34.95777389121952,31.837955924414615,0.9107546728658108
TURN,0.3,P_service,35.90528405382114,32.78546608701624,0.9131097817767332
TURN,0.3,P_service,35.90528405382114,32.78546608701624,0.9131097817767332
TURN,0.3,P_service,38.405632381846615,35.28581441504171,0.91876665547943
TURN,0.3,P_service,38.405632381846615,35.28581441504171,0.91876665547943
TURN,0.3,P_service,39.29111875851966,36.171300791714756,0.9205973750460231
TURN,0.3,P_service,41.51346399226692,38.39364602546202,0.924848045265843
TURN,0.3,P_service,41.51346399226692,38.39364602546202,0.924848045265843
TURN,0.3,P_service,41.51346399226692,38.39364602546202,0.924848045265843
TURN,0.3,P_service,42.47481006992144,38.39364602546202,0.9039156611238269
TURN,0.3,P_service,42.47481006992144,38.39364602546202,0.9039156611238269
TURN,0.3,P_service,42.47481006992144,39.05303960821722,0.9194400055922239
TURN,0.3,P_service,43.465998979695875,39.05303960821722,0.8984733015444999
TURN,0.3,P_service,43.465998979695875,39.70794183774938,0.9135403020714655
TURN,0.3,P_service,43.465998979695875,39.70794183774938,0.9135403020714655
TURN,0.3,P_service,43.465998979695875,39.70794183774938,0.9135403020714655
TURN,0.3,P_service,43.465998979695875,39.70794183774938,0.9135403020714655
TURN,0.3,P_service,43.465998979695875,39.70794183774938,0.9135403020714655
TURN,0.3,P_service,45.8789002997741,42.12084315782761,0.9180874624851242
TURN,0.3,P_service,45.8789002997741,42.12084315782761,0.9180874624851242
TURN,0.3,P_service,48.68392071190474,42.12084315782761,0.8651900369135173
TURN,0.3,P_service,48.68392071190474,42.12084315782761,0.8651900369135173
TURN,0.3,P_service,48.68392071190474,42.12084315782761,0.8651900369135173
TURN,0.3,P_service,51.503769165932404,44.94069161185527,0.8725709271309344
TURN,0.3,P_service,53.41932870821324,44.94069161185527,0.8412814743017469
TURN,0.3,P_service,55.43459588378576,46.95595878742779,0.8470515215059425
TURN,0.3,P_service,56.31511949153394,47.83648239517597,0.8494429706815664
TURN,0.3,P_service,56.31511949153394,47.83648239517597,0.8494429706815664
TURN,0.3,P_service,58.51533705482508,50.03669995846711,0.8551040201919364
TURN,0.3,P_service,58.51533705482508,50.03669995846711,0.8551040201919364
TURN,0.3,P_service,58.51533705482508,50.03669995846711,0.8551040201919364
TURN,0.3,P_service,58.51533705482508,50.03669995846711,0.8551040201919364
TURN,0.3,P_service,58.51533705482508,50.03669995846711,0.8551040201919364
TURN,0.3,P_service,58.51533705482508,50.03669995846711,0.8551040201919364
TURN,0.3,P_service,58.51533705482508,50.03669995846711,0.8551040201919364
TURN,0.3,P_service,61.23852572053527,52.7598886241773,0.8615473348419489
TURN,0.3,P_service,61.23852572053527,52.7598886241773,0.8615473348419489
TURN,0.3,P_service,61.23852572053527,53.6806073741773,0.8765822942758474
TURN,0.3,P_service,61.23852572053527,53.6806073741773,0.8765822942758474
TURN,0.3,P_service,61.23852572053527,53.6806073741773,0.8765822942758474
TURN,0.3,P_service,61.23852572053527,53.6806073741773,0.8765822942758474
TURN,0.3,P_service,61.23852572053527,53.6806073741773,0.8765822942758474
TURN,0.3,P_service,61.23852572053527,53.6806073741773,0.8765822942758474
TURN,0.3,P_service,61.23852572053527,53.6806073741773,0.8765822942758474
TURN,0.3,P_service,64.73462185094355,57.17670350458559,0.8832476636109707
TURN,0.3,P_service,66.48522301353974,57.17670350458559,0.8599911516118632
TURN,0.3,P_service,66.48522301353974,57.17670350458559,0.8599911516118632
TURN,0.3,P_service,66.48522301353974,57.17670350458559,0.8599911516118632
TURN,0.3,P_service,66.48522301353974,57.17670350458559,0.8599911516118632
TURN,0.3,P_service,66.48522301353974,58.04204368085386,0.8730066780257859
TURN,0.3,P_service,68.12093687367864,59.677757540992765,0.876056030345815
TURN,0.3,P_service,68.12093687367864,59.677757540992765,0.876056030345815
TURN,0.3,P_service,68.12093687367864,59.677757540992765,0.876056030345815
TURN,0.3,P_service,72.50566483511115,64.06248550242528,0.8835514528156256
TURN,0.3,P_service,72.50566483511115,64.06248550242528,0.8835514528156256
TURN,0.3,P_service,72.50566483511115,64.06248550242528,0.8835514528156256
TURN,0.3,P_service,73.55706789633564,65.11388856364977,0.8852159340474951
TURN,0.3,P_service,73.55706789633564,65.11388856364977,0.8852159340474951
TURN,0.3,P_service,73.55706789633564,65.11388856364977,0.8852159340474951
TURN,0.3,P_service,73.55706789633564,65.11388856364977,0.8852159340474951
TURN,0.3,P_service,73.55706789633564,65.11388856364977,0.8852159340474951
TURN,0.3,P_service,73.55706789633564,65.11388856364977,0.8852159340474951
TURN,0.3,P_service,73.55706789633564,65.11388856364977,0.8852159340474951
TURN,0.3,R_operating,0.0,0.0,
TURN,0.3,R_operating,0.0,0.0,
TURN,0.3,R_operating,0.0,0.0,
TURN,0.3,R_operating,0.0,0.0,
TURN,0.3,R_operating,0.42963040823815396,0.42963040823815396,1.0
TURN,0.3,R_operating,0.42963040823815396,0.42963040823815396,1.0
TURN,0.3,R_operating,0.42963040823815396,0.42963040823815396,1.0
TURN,0.3,R_operating,0.5579333069850692,0.5579333069850692,1.0
TURN,0.3,R_operating,0.5579333069850692,0.5579333069850692,1.0
TURN,0.3,R_operating,0.5579333069850692,0.5579333069850692,1.0
TURN,0.3,R_operating,0.698460155830253,0.5579333069850692,0.7988047740845848
TURN,0.3,R_operating,0.698460155830253,0.5579333069850692,0.7988047740845848
TURN,0.3,R_operating,0.698460155830253,0.5579333069850692,0.7988047740845848
TURN,0.3,R_operating,0.698460155830253,0.5579333069850692,0.7988047740845848
TURN,0.3,R_operating,0.698460155830253,0.5579333069850692,0.7988047740845848
TURN,0.3,R_operating,0.698460155830253,0.6539026997475488,0.9362061590618019
TURN,0.3,R_operating,0.698460155830253,0.6539026997475488,0.9362061590618019
TURN,0.3,R_operating,0.698460155830253,0.6539026997475488,0.9362061590618019
TURN,0.3,R_operating,0.7020959013258108,0.6575384452431066,0.9365365101853412
TURN,0.3,R_operating,1.0407374760543462,0.996180019971642,0.9571866516697074
TURN,0.3,R_operating,1.0407374760543462,0.996180019971642,0.9571866516697074
TURN,0.3,R_operating,1.0407374760543462,0.996180019971642,0.9571866516697074
TURN,0.3,R_operating,1.0407374760543462,1.0167771671681733,0.9769775669297397
TURN,0.3,R_operating,1.0407374760543462,1.0167771671681733,0.9769775669297397
TURN,0.3,R_operating,1.5644976627489084,1.5405373538627356,0.9846849826262615
TURN,0.3,R_operating,1.5644976627489084,1.5405373538627356,0.9846849826262615
TURN,0.3,R_operating,1.5644976627489084,1.5405373538627356,0.9846849826262615
TURN,0.3,R_operating,1.5644976627489084,1.5405373538627356,0.9846849826262615
TURN,0.3,R_operating,1.6623205649128066,1.6383602560266337,0.9855862284375759
TURN,0.3,R_operating,1.6623205649128066,1.6383602560266337,0.9855862284375759
TURN,0.3,R_operating,1.6623205649128066,1.6383602560266337,0.9855862284375759
TURN,0.3,R_operating,1.6623205649128066,1.6383602560266337,0.9855862284375759
TURN,0.3,R_operating,1.6623205649128066,1.6383602560266337,0.9855862284375759
TURN,0.3,R_operating,1.6623205649128066,1.6383602560266337,0.9855862284375759
TURN,0.3,R_operating,1.6623205649128066,1.6383602560266337,0.9855862284375759
TURN,0.3,R_operating,1.6623205649128066,1.6383602560266337,0.9855862284375759
TURN,0.3,R_operating,1.6623205649128066,1.6383602560266337,0.9855862284375759
TURN,0.3,R_operating,1.6623205649128066,1.6383602560266337,0.9855862284375759
TURN,0.3,R_operating,1.6623205649128066,1.6383602560266337,0.9855862284375759
TURN,0.3,R_operating,1.6623205649128066,1.6383602560266337,0.9855862284375759
TURN,0.3,R_operating,1.6623205649128066,1.6383602560266337,0.9855862284375759
TURN,0.3,R_operating,1.6623205649128066,1.6383602560266337,0.9855862284375759
TURN,0.3,R_operating,1.6623205649128066,2.0651982726647002,1.2423586137689548
TURN,0.3,R_operating,1.6623205649128066,2.314702122809966,1.3924523173611694
TURN,0.3,R_operating,1.7421097411235675,2.3944912990207268,1.3744778773100759
TURN,0.3,R_operating,1.7421097411235675,2.3944912990207268,1.3744778773100759
TURN,0.3,R_operating,2.311018774114199,2.3944912990207268,1.0361193625259588
TURN,0.3,R_operating,2.670679968093563,2.7541524930000905,1.031255158200821
TURN,0.3,R_operating,2.670679968093563,2.7541524930000905,1.031255158200821
TURN,0.3,R_operating,2.670679968093563,2.7541524930000905,1.031255158200821
TURN,0.3,R_operating,2.7326769175576455,2.7541524930000905,1.0078588051534607
TURN,0.3,R_operating,2.7326769175576455,2.7541524930000905,1.0078588051534607
TURN,0.3,R_operating,2.7326769175576455,2.7541524930000905,1.0078588051534607
TURN,0.3,R_operating,2.7326769175576455,2.7541524930000905,1.0078588051534607
TURN,0.3,R_operating,2.7326769175576455,2.9672912831144074,1.085855142278016
TURN,0.3,R_operating,2.781682810430456,2.9672912831144074,1.0667252470295954
TURN,0.3,R_operating,2.781682810430456,2.9672912831144074,1.0667252470295954
TURN,0.3,R_operating,2.781682810430456,2.9672912831144074,1.0667252470295954
TURN,0.3,R_operating,2.7889702158617267,2.974578688545678,1.0665508981158491
TURN,0.3,R_operating,2.7889702158617267,2.974578688545678,1.0665508981158491
TURN,0.3,R_operating,3.405213466273662,3.590821938957613,1.0545071475025802
TURN,0.3,R_operating,3.405213466273662,3.590821938957613,1.0545071475025802
TURN,0.3,R_operating,3.4855916878078546,3.6712001604918054,1.0532502052185817
TURN,0.3,R_operating,3.976072972909705,4.161681445593656,1.0466813546805007
TURN,0.3,R_operating,3.976072972909705,4.161681445593656,1.0466813546805007
TURN,0.3,R_operating,3.976072972909705,4.161681445593656,1.0466813546805007
TURN,0.3,R_operating,3.976072972909705,4.161681445593656,1.0466813546805007
TURN,0.3,R_operating,3.976072972909705,4.161681445593656,1.0466813546805007
TURN,0.3,R_operating,3.976072972909705,4.161681445593656,1.0466813546805007
TURN,0.3,R_operating,3.976072972909705,4.161681445593656,1.0466813546805007
TURN,0.3,R_operating,3.976072972909705,4.230529937053741,1.0639970558583143
TURN,0.3,R_operating,3.976072972909705,4.230529937053741,1.0639970558583143
TURN,0.3,R_operating,3.976072972909705,4.230529937053741,1.0639970558583143
TURN,0.3,R_operating,3.976072972909705,4.230529937053741,1.0639970558583143
TURN,0.3,R_operating,3.976072972909705,4.230529937053741,1.0639970558583143
TURN,0.3,R_operating,4.273293802318321,4.527750766462357,1.0595458622587546
TURN,0.3,R_operating,4.273293802318321,4.527750766462357,1.0595458622587546
TURN,0.3,R_operating,4.329601384875522,4.527750766462357,1.0457661950772246
TURN,0.3,R_operating,4.329601384875522,4.527750766462357,1.0457661950772246
TURN,0.3,R_operating,4.329601384875522,4.527750766462357,1.0457661950772246
TURN,0.3,R_operating,4.407643451659632,4.605792833246467,1.0449558553816836
TURN,0.3,R_operating,4.420785815386725,4.605792833246467,1.0418493511302487
TURN,0.3,R_operating,4.493242174877477,4.678249192737219,1.0411745039904925
TURN,0.3,R_operating,4.493242174877477,4.678249192737219,1.0411745039904925
TURN,0.3,R_operating,4.493242174877477,4.678249192737219,1.0411745039904925
TURN,0.3,R_operating,4.632956724499045,4.817963742358787,1.0399328180385166
TURN,0.3,R_operating,4.632956724499045,4.817963742358787,1.0399328180385166
TURN,0.3,R_operating,4.632956724499045,4.817963742358787,1.0399328180385166
TURN,0.3,R_operating,4.632956724499045,4.817963742358787,1.0399328180385166
TURN,0.3,R_operating,4.632956724499045,4.817963742358787,1.0399328180385166
TURN,0.3,R_operating,4.632956724499045,4.817963742358787,1.0399328180385166
TURN,0.3,R_operating,4.632956724499045,4.817963742358787,1.0399328180385166
TURN,0.3,R_operating,4.815796317161685,5.000803335021427,1.038416703214886
TURN,0.3,R_operating,4.815796317161685,5.000803335021427,1.038416703214886
TURN,0.3,R_operating,4.815796317161685,5.035133454400292,1.0455453517535556
TURN,0.3,R_operating,4.815796317161685,5.035133454400292,1.0455453517535556
TURN,0.3,R_operating,4.815796317161685,5.035133454400292,1.0455453517535556
TURN,0.3,R_operating,4.815796317161685,5.035133454400292,1.0455453517535556
TURN,0.3,R_operating,4.815796317161685,5.035133454400292,1.0455453517535556
TURN,0.3,R_operating,4.815796317161685,5.035133454400292,1.0455453517535556
TURN,0.3,R_operating,4.815796317161685,5.035133454400292,1.0455453517535556
TURN,0.3,R_operating,4.815796317161685,5.035133454400292,1.0455453517535556
TURN,0.3,R_operating,4.820655187220937,5.035133454400292,1.0444915180301455
TURN,0.3,R_operating,4.820655187220937,5.035133454400292,1.0444915180301455
TURN,0.3,R_operating,4.820655187220937,5.035133454400292,1.0444915180301455
TURN,0.3,R_operating,4.820655187220937,5.035133454400292,1.0444915180301455
TURN,0.3,R_operating,4.820655187220937,5.035133454400292,1.0444915180301455
TURN,0.3,R_operating,4.957764886484174,5.172243153663529,1.0432610807672755
TURN,0.3,R_operating,4.957764886484174,5.172243153663529,1.0432610807672755
TURN,0.3,R_operating,4.957764886484174,5.172243153663529,1.0432610807672755
TURN,0.3,R_operating,4.982047448099284,5.196525715278638,1.0430502257181795
TURN,0.3,R_operating,4.982047448099284,5.196525715278638,1.0430502257181795
TURN,0.3,R_operating,4.982047448099284,5.196525715278638,1.0430502257181795
TURN,0.3,R_operating,5.0510728716633,5.265551138842655,1.0424619229674126
TURN,0.3,R_operating,5.0510728716633,5.265551138842655,1.0424619229674126
TURN,0.3,R_operating,5.0510728716633,5.265551138842655,1.0424619229674126
TURN,0.3,R_operating,5.0510728716633,5.265551138842655,1.0424619229674126
TURN,0.3,R_operating,5.0510728716633,5.265551138842655,1.0424619229674126
TURN,0.3,R_operating,5.0510728716633,5.265551138842655,1.0424619229674126
TURN,0.3,R_operating,5.0510728716633,5.265551138842655,1.0424619229674126
TAXI,0.3,F,0.0,0.0,
TAXI,0.3,F,0.0,0.0,
TAXI,0.3,F,0.04885622977027723,0.04885622977027723,1.0
TAXI,0.3,F,0.04885622977027723,0.04885622977027723,1.0
TAXI,0.3,F,0.1268314379777765,0.1268314379777765,1.0
TAXI,0.3,F,0.1268314379777765,0.1268314379777765,1.0
TAXI,0.3,F,0.1268314379777765,0.1268314379777765,1.0
TAXI,0.3,F,0.1268314379777765,0.1268314379777765,1.0
TAXI,0.3,F,0.18102565088057945,0.18102565088057945,1.0
TAXI,0.3,F,0.30678771666985516,0.30678771666985516,1.0
TAXI,0.3,F,0.30678771666985516,0.30678771666985516,1.0
TAXI,0.3,F,0.3728929043493021,0.3728929043493021,1.0
TAXI,0.3,F,0.3728929043493021,0.3728929043493021,1.0
TAXI,0.3,F,0.3728929043493021,0.3728929043493021,1.0
TAXI,0.3,F,0.3728929043493021,0.3728929043493021,1.0
TAXI,0.3,F,0.3728929043493021,0.3728929043493021,1.0
TAXI,0.3,F,0.3728929043493021,0.3728929043493021,1.0
TAXI,0.3,F,0.47895427769813503,0.47895427769813503,1.0
TAXI,0.3,F,0.5675233083252627,0.5675233083252627,1.0
TAXI,0.3,F,0.5675233083252627,0.5675233083252627,1.0
TAXI,0.3,F,0.6596169776400477,0.6596169776400477,1.0
TAXI,0.3,F,0.7460007054174284,0.7460007054174284,1.0
TAXI,0.3,F,0.8323311044461912,0.8323311044461912,1.0
TAXI,0.3,F,0.8323311044461912,0.8323311044461912,1.0
TAXI,0.3,F,0.8323311044461912,0.8323311044461912,1.0
TAXI,0.3,F,0.8323311044461912,0.8323311044461912,1.0
TAXI,0.3,F,0.8727906425886984,0.8323311044461912,0.9536434785523087
TAXI,0.3,F,0.8727906425886984,0.8323311044461912,0.9536434785523087
TAXI,0.3,F,0.8727906425886984,0.8323311044461912,0.9536434785523087
TAXI,0.3,F,0.8727906425886984,0.8323311044461912,0.9536434785523087
TAXI,0.3,F,0.8727906425886984,0.8323311044461912,0.9536434785523087
TAXI,0.3,F,0.9520284094310033,0.9115688712884961,0.9575017533702712
TAXI,0.3,F,1.0424066020918676,1.0019470639493604,0.9611864141484576
TAXI,0.3,F,1.1373546254593856,1.0968950873168783,0.9644266289186934
TAXI,0.3,F,1.1373546254593856,1.0968950873168783,0.9644266289186934
TAXI,0.3,F,1.1373546254593856,1.137368080303384,1.0000118299461727
TAXI,0.3,F,1.2348514402591522,1.2348648951031507,1.0000108959212095
TAXI,0.3,F,1.2348514402591522,1.2348648951031507,1.0000108959212095
TAXI,0.3,F,1.2348514402591522,1.2348648951031507,1.0000108959212095
TAXI,0.3,F,1.299105670314532,1.2991191251585306,1.0000103570050582
TAXI,0.3,F,1.299105670314532,1.2991191251585306,1.0000103570050582
TAXI,0.3,F,1.299105670314532,1.2991191251585306,1.0000103570050582
TAXI,0.3,F,1.299105670314532,1.2991191251585306,1.0000103570050582
TAXI,0.3,F,1.299105670314532,1.2991191251585306,1.0000103570050582
TAXI,0.3,F,1.299105670314532,1.2991191251585306,1.0000103570050582
TAXI,0.3,F,1.299105670314532,1.2991191251585306,1.0000103570050582
TAXI,0.3,F,1.299105670314532,1.2991191251585306,1.0000103570050582
TAXI,0.3,F,1.299105670314532,1.2991191251585306,1.0000103570050582
TAXI,0.3,F,1.299105670314532,1.2991191251585306,1.0000103570050582
TAXI,0.3,F,1.299105670314532,1.2991191251585306,1.0000103570050582
TAXI,0.3,F,1.299105670314532,1.2991191251585306,1.0000103570050582
TAXI,0.3,F,1.299105670314532,1.2991191251585306,1.0000103570050582
TAXI,0.3,F,1.383415350943705,1.3834288057877036,1.0000097258166099
TAXI,0.3,F,1.383415350943705,1.3834288057877036,1.0000097258166099
TAXI,0.3,F,1.383415350943705,1.3834288057877036,1.0000097258166099
TAXI,0.3,F,1.451360649403086,1.4513741042470845,1.0000092705035126
TAXI,0.3,F,1.451360649403086,1.4513741042470845,1.0000092705035126
TAXI,0.3,F,1.498908596988527,1.4989220518325255,1.0000089764272655
TAXI,0.3,F,1.498908596988527,1.4989220518325255,1.0000089764272655
TAXI,0.3,F,1.5535352899442196,1.5535487447882181,1.0000086607907046
TAXI,0.3,F,1.5535352899442196,1.5535487447882181,1.0000086607907046
TAXI,0.3,F,1.5535352899442196,1.5535487447882181,1.0000086607907046
TAXI,0.3,F,1.5535352899442196,1.5535487447882181,1.0000086607907046
TAXI,0.3,F,1.5535352899442196,1.5535487447882181,1.0000086607907046
TAXI,0.3,F,1.5535352899442196,1.5535487447882181,1.0000086607907046
TAXI,0.3,F,1.5957105414419515,1.59572399628595,1.000008431882631
TAXI,0.3,F,1.5957105414419515,1.59572399628595,1.000008431882631
TAXI,0.3,P,0.0,0.0,
TAXI,0.3,P,0.0,0.0,
TAXI,0.3,P,0.03156769662604774,0.03156769662604774,1.0
TAXI,0.3,P,0.03156769662604774,0.03156769662604774,1.0
TAXI,0.3,P,0.08398264158475297,0.08398264158475297,1.0
TAXI,0.3,P,0.08398264158475297,0.08398264158475297,1.0
TAXI,0.3,P,0.08398264158475297,0.08398264158475297,1.0
TAXI,0.3,P,0.08398264158475297,0.08398264158475297,1.0
TAXI,0.3,P,0.16218776633583237,0.16218776633583237,1.0
TAXI,0.3,P,0.348784767825341,0.348784767825341,1.0
TAXI,0.3,P,0.348784767825341,0.348784767825341,1.0
TAXI,0.3,P,0.3837371747172116,0.3837371747172116,1.0
TAXI,0.3,P,0.3837371747172116,0.3837371747172116,1.0
TAXI,0.3,P,0.3837371747172116,0.3837371747172116,1.0
TAXI,0.3,P,0.3837371747172116,0.3837371747172116,1.0
TAXI,0.3,P,0.3837371747172116,0.3837371747172116,1.0
TAXI,0.3,P,0.3837371747172116,0.3837371747172116,1.0
TAXI,0.3,P,0.5551118296694217,0.5551118296694217,1.0
TAXI,0.3,P,0.6330443027845531,0.6330443027845531,1.0
TAXI,0.3,P,0.6330443027845531,0.6330443027845531,1.0
TAXI,0.3,P,0.6791059006790765,0.6791059006790765,1.0
TAXI,0.3,P,0.8062830238466352,0.8062830238466352,1.0
TAXI,0.3,P,0.8474094648594155,0.8474094648594155,1.0
TAXI,0.3,P,0.8474094648594155,0.8474094648594155,1.0
TAXI,0.3,P,0.8474094648594155,0.8474094648594155,1.0
TAXI,0.3,P,0.8474094648594155,0.8474094648594155,1.0
TAXI,0.3,P,0.9104978358647057,0.8474094648594155,0.9307100264050878
TAXI,0.3,P,0.9104978358647057,0.8474094648594155,0.9307100264050878
TAXI,0.3,P,0.9104978358647057,0.8474094648594155,0.9307100264050878
TAXI,0.3,P,0.9104978358647057,0.8474094648594155,0.9307100264050878
TAXI,0.3,P,0.9104978358647057,0.8474094648594155,0.9307100264050878
TAXI,0.3,P,1.0135144259428122,0.950426054937522,0.9377528633136102
TAXI,0.3,P,1.0445222983523919,0.9814339273471017,0.9396007427464167
TAXI,0.3,P,1.1795243557067456,1.1164359847014553,0.94651371911054
TAXI,0.3,P,1.1795243557067456,1.1164359847014553,0.94651371911054
TAXI,0.3,P,1.1795243557067456,1.1342361513362844,0.9616046890839101
TAXI,0.3,P,1.2990514505235118,1.2537632461530506,0.9651374821588397
TAXI,0.3,P,1.2990514505235118,1.2537632461530506,0.9651374821588397
TAXI,0.3,P,1.2990514505235118,1.2537632461530506,0.9651374821588397
TAXI,0.3,P,1.3669351453786702,1.321646941008209,0.9668687980380258
TAXI,0.3,P,1.3669351453786702,1.321646941008209,0.9668687980380258
TAXI,0.3,P,1.3669351453786702,1.321646941008209,0.9668687980380258
TAXI,0.3,P,1.3669351453786702,1.321646941008209,0.9668687980380258
TAXI,0.3,P,1.3669351453786702,1.321646941008209,0.9668687980380258
TAXI,0.3,P,1.3669351453786702,1.321646941008209,0.9668687980380258
TAXI,0.3,P,1.3669351453786702,1.321646941008209,0.9668687980380258
TAXI,0.3,P,1.3669351453786702,1.321646941008209,0.9668687980380258
TAXI,0.3,P,1.3669351453786702,1.321646941008209,0.9668687980380258
TAXI,0.3,P,1.3669351453786702,1.321646941008209,0.9668687980380258
TAXI,0.3,P,1.3669351453786702,1.321646941008209,0.9668687980380258
TAXI,0.3,P,1.3669351453786702,1.321646941008209,0.9668687980380258
TAXI,0.3,P,1.3669351453786702,1.321646941008209,0.9668687980380258
TAXI,0.3,P,1.4063972153058288,1.3611090109353676,0.9677984257380565
TAXI,0.3,P,1.4063972153058288,1.3611090109353676,0.9677984257380565
TAXI,0.3,P,1.4063972153058288,1.3611090109353676,0.9677984257380565
TAXI,0.3,P,1.5125874252824019,1.4672992209119406,0.9700591161783552
TAXI,0.3,P,1.5125874252824019,1.4672992209119406,0.9700591161783552
TAXI,0.3,P,1.5308856386374472,1.485597434266986,0.9704169905135633
TAXI,0.3,P,1.5308856386374472,1.485597434266986,0.9704169905135633
TAXI,0.3,P,1.5664920101568858,1.5212038057864246,0.9710894124726972
TAXI,0.3,P,1.5664920101568858,1.5212038057864246,0.9710894124726972
TAXI,0.3,P,1.5664920101568858,1.5212038057864246,0.9710894124726972
TAXI,0.3,P,1.5664920101568858,1.5212038057864246,0.9710894124726972
TAXI,0.3,P,1.5664920101568858,1.5212038057864246,0.9710894124726972
TAXI,0.3,P,1.5664920101568858,1.5212038057864246,0.9710894124726972
TAXI,0.3,P,1.5867381772400202,1.541449972869559,0.9714583004177566
TAXI,0.3,P,1.5867381772400202,1.541449972869559,0.9714583004177566
TAXI,0.3,R,0.0,0.0,
TAXI,0.3,R,0.0,0.0,
TAXI,0.3,R,0.2931373786216634,0.2931373786216634,1.0
TAXI,0.3,R,0.2931373786216634,0.2931373786216634,1.0
TAXI,0.3,R,0.7609886278666589,0.7609886278666589,1.0
TAXI,0.3,R,0.7609886278666589,0.7609886278666589,1.0
TAXI,0.3,R,0.7609886278666589,0.7609886278666589,1.0
TAXI,0.3,R,0.7609886278666589,0.7609886278666589,1.0
TAXI,0.3,R,1.0861539052834766,1.0861539052834766,1.0
TAXI,0.3,R,1.8407263000191307,1.8407263000191307,1.0
TAXI,0.3,R,1.8407263000191307,1.8407263000191307,1.0
TAXI,0.3,R,2.2373574260958122,2.2373574260958122,1.0
TAXI,0.3,R,2.2373574260958122,2.2373574260958122,1.0
TAXI,0.3,R,2.2373574260958122,2.2373574260958122,1.0
TAXI,0.3,R,2.2373574260958122,2.2373574260958122,1.0
TAXI,0.3,R,2.2373574260958122,2.2373574260958122,1.0
TAXI,0.3,R,2.2373574260958122,2.2373574260958122,1.0
TAXI,0.3,R,2.8737256661888098,2.8737256661888098,1.0
TAXI,0.3,R,3.4051398499515755,3.4051398499515755,1.0
TAXI,0.3,R,3.4051398499515755,3.4051398499515755,1.0
TAXI,0.3,R,3.957701865840286,3.957701865840286,1.0
TAXI,0.3,R,4.47600423250457,4.47600423250457,1.0
TAXI,0.3,R,4.993986626677147,4.993986626677147,1.0
TAXI,0.3,R,4.993986626677147,4.993986626677147,1.0
TAXI,0.3,R,4.993986626677147,4.993986626677147,1.0
TAXI,0.3,R,4.993986626677147,4.993986626677147,1.0
TAXI,0.3,R,5.236743855532191,4.993986626677147,0.9536434785523087
TAXI,0.3,R,5.236743855532191,4.993986626677147,0.9536434785523087
TAXI,0.3,R,5.236743855532191,4.993986626677147,0.9536434785523087
TAXI,0.3,R,5.236743855532191,4.993986626677147,0.9536434785523087
TAXI,0.3,R,5.236743855532191,4.993986626677147,0.9536434785523087
TAXI,0.3,R,5.71217045658602,5.469413227730977,0.9575017533702712
TAXI,0.3,R,6.254439612551207,6.011682383696163,0.9611864141484576
TAXI,0.3,R,6.824127752756314,6.5813705239012705,0.9644266289186934
TAXI,0.3,R,6.824127752756314,6.5813705239012705,0.9644266289186934
TAXI,0.3,R,6.824127752756314,6.824208481820305,1.0000118299461727
TAXI,0.3,R,7.409108641554914,7.409189370618905,1.0000108959212095
TAXI,0.3,R,7.409108641554914,7.409189370618905,1.0000108959212095
TAXI,0.3,R,7.409108641554914,7.409189370618905,1.0000108959212095
TAXI,0.3,R,7.794634021887193,7.794714750951185,1.0000103570050582
TAXI,0.3,R,7.794634021887193,7.794714750951185,1.0000103570050582
TAXI,0.3,R,7.794634021887193,7.794714750951185,1.0000103570050582
TAXI,0.3,R,7.794634021887193,7.794714750951185,1.0000103570050582
TAXI,0.3,R,7.794634021887193,7.794714750951185,1.0000103570050582
TAXI,0.3,R,7.794634021887193,7.794714750951185,1.0000103570050582
TAXI,0.3,R,7.794634021887193,7.794714750951185,1.0000103570050582
TAXI,0.3,R,7.794634021887193,7.794714750951185,1.0000103570050582
TAXI,0.3,R,7.794634021887193,7.794714750951185,1.0000103570050582
TAXI,0.3,R,7.794634021887193,7.794714750951185,1.0000103570050582
TAXI,0.3,R,7.794634021887193,7.794714750951185,1.0000103570050582
TAXI,0.3,R,7.794634021887193,7.794714750951185,1.0000103570050582
TAXI,0.3,R,7.794634021887193,7.794714750951185,1.0000103570050582
TAXI,0.3,R,8.300492105662231,8.300572834726223,1.0000097258166099
TAXI,0.3,R,8.300492105662231,8.300572834726223,1.0000097258166099
TAXI,0.3,R,8.300492105662231,8.300572834726223,1.0000097258166099
TAXI,0.3,R,8.708163896418517,8.708244625482509,1.0000092705035128
TAXI,0.3,R,8.708163896418517,8.708244625482509,1.0000092705035128
TAXI,0.3,R,8.993451581931163,8.993532310995155,1.0000089764272655
TAXI,0.3,R,8.993451581931163,8.993532310995155,1.0000089764272655
TAXI,0.3,R,9.32121173966532,9.321292468729311,1.0000086607907048
TAXI,0.3,R,9.32121173966532,9.321292468729311,1.0000086607907048
TAXI,0.3,R,9.32121173966532,9.321292468729311,1.0000086607907048
TAXI,0.3,R,9.32121173966532,9.321292468729311,1.0000086607907048
TAXI,0.3,R,9.32121173966532,9.321292468729311,1.0000086607907048
TAXI,0.3,R,9.32121173966532,9.321292468729311,1.0000086607907048
TAXI,0.3,R,9.574263248651711,9.574343977715703,1.000008431882631
TAXI,0.3,R,9.574263248651711,9.574343977715703,1.000008431882631
TAXI,0.3,F_continuity,0.0,0.0,
TAXI,0.3,F_continuity,0.0,0.0,
TAXI,0.3,F_continuity,0.0,0.0,
TAXI,0.3,F_continuity,0.0,0.0,
TAXI,0.3,F_continuity,0.0,0.0,
TAXI,0.3,F_continuity,0.0,0.0,
TAXI,0.3,F_continuity,0.0,0.0,
TAXI,0.3,F_continuity,0.0,0.0,
TAXI,0.3,F_continuity,0.0,0.0,
TAXI,0.3,F_continuity,0.0,0.0,
TAXI,0.3,F_continuity,0.0,0.0,
TAXI,0.3,F_continuity,0.0,0.0,
TAXI,0.3,F_continuity,0.0,0.0,
TAXI,0.3,F_continuity,0.0,0.0,
TAXI,0.3,F_continuity,0.0,0.0,
TAXI,0.3,F_continuity,0.0,0.0,
TAXI,0.3,F_continuity,0.0,0.0,
TAXI,0.3,F_continuity,0.0,0.0,
TAXI,0.3,F_continuity,0.0,0.0,
TAXI,0.3,F_continuity,0.0,0.0,
TAXI,0.3,F_continuity,0.0,0.0,
TAXI,0.3,F_continuity,0.0,0.0,
TAXI,0.3,F_continuity,0.0,0.0,
TAXI,0.3,F_continuity,0.0,0.0,
TAXI,0.3,F_continuity,0.0,0.0,
TAXI,0.3,F_continuity,0.0,0.0,
TAXI,0.3,F_continuity,0.0,0.0,
TAXI,0.3,F_continuity,0.0,0.0,
TAXI,0.3,F_continuity,0.0,0.0,
TAXI,0.3,F_continuity,0.0,0.0,
TAXI,0.3,F_continuity,0.0,0.0,
TAXI,0.3,F_continuity,0.0,0.0,
TAXI,0.3,F_continuity,0.0,0.0,
TAXI,0.3,F_continuity,0.0,0.0,
TAXI,0.3,F_continuity,0.0,0.0,
TAXI,0.3,F_continuity,0.0,0.0,
TAXI,0.3,F_continuity,0.0,0.0,
TAXI,0.3,F_continuity,0.0,0.0,
TAXI,0.3,F_continuity,0.0,0.0,
TAXI,0.3,F_continuity,0.0,0.0,
TAXI,0.3,F_continuity,0.0,0.0,
TAXI,0.3,F_continuity,0.0,0.0,
TAXI,0.3,F_continuity,0.0,0.0,
TAXI,0.3,F_continuity,0.0,0.0,
TAXI,0.3,F_continuity,0.0,0.0,
TAXI,0.3,F_continuity,0.0,0.0,
TAXI,0.3,F_continuity,0.0,0.0,
TAXI,0.3,F_continuity,0.0,0.0,
TAXI,0.3,F_continuity,0.0,0.0,
TAXI,0.3,F_continuity,0.0,0.0,
TAXI,0.3,F_continuity,0.0,0.0,
TAXI,0.3,F_continuity,0.0,0.0,
TAXI,0.3,F_continuity,0.0,0.0,
TAXI,0.3,F_continuity,0.0,0.0,
TAXI,0.3,F_continuity,0.0,0.0,
TAXI,0.3,F_continuity,0.0,0.0,
TAXI,0.3,F_continuity,0.0,0.0,
TAXI,0.3,F_continuity,0.0,0.0,
TAXI,0.3,F_continuity,0.0,0.0,
TAXI,0.3,F_continuity,0.0,0.0,
TAXI,0.3,F_continuity,0.0,0.0,
TAXI,0.3,F_continuity,0.0,0.0,
TAXI,0.3,F_continuity,0.0,0.0,
TAXI,0.3,F_continuity,0.0,0.0,
TAXI,0.3,F_continuity,0.0,0.0,
TAXI,0.3,F_continuity,0.0,0.0,
TAXI,0.3,F_continuity,0.0,0.0,
TAXI,0.3,F_execution,0.0,0.0,
TAXI,0.3,F_execution,0.0,0.0,
TAXI,0.3,F_execution,0.0,0.0,
TAXI,0.3,F_execution,0.0,0.0,
TAXI,0.3,F_execution,0.0,0.0,
TAXI,0.3,F_execution,0.0,0.0,
TAXI,0.3,F_execution,0.0,0.0,
TAXI,0.3,F_execution,0.0,0.0,
TAXI,0.3,F_execution,0.0,0.0,
TAXI,0.3,F_execution,0.0,0.0,
TAXI,0.3,F_execution,0.0,0.0,
TAXI,0.3,F_execution,0.0,0.0,
TAXI,0.3,F_execution,0.0,0.0,
TAXI,0.3,F_execution,0.0,0.0,
TAXI,0.3,F_execution,0.0,0.0,
TAXI,0.3,F_execution,0.0,0.0,
TAXI,0.3,F_execution,0.0,0.0,
TAXI,0.3,F_execution,0.0,0.0,
TAXI,0.3,F_execution,0.0,0.0,
TAXI,0.3,F_execution,0.0,0.0,
TAXI,0.3,F_execution,0.0,0.0,
TAXI,0.3,F_execution,0.0,0.0,
TAXI,0.3,F_execution,0.0,0.0,
TAXI,0.3,F_execution,0.0,0.0,
TAXI,0.3,F_execution,0.0,0.0,
TAXI,0.3,F_execution,0.0,0.0,
TAXI,0.3,F_execution,0.0,0.0,
TAXI,0.3,F_execution,0.0,0.0,
TAXI,0.3,F_execution,0.0,0.0,
TAXI,0.3,F_execution,0.0,0.0,
TAXI,0.3,F_execution,0.0,0.0,
TAXI,0.3,F_execution,0.0,0.0,
TAXI,0.3,F_execution,0.0,0.0,
TAXI,0.3,F_execution,0.0,0.0,
TAXI,0.3,F_execution,0.0,0.0,
TAXI,0.3,F_execution,0.0,0.0,
TAXI,0.3,F_execution,0.0,0.0,
TAXI,0.3,F_execution,0.0,0.0,
TAXI,0.3,F_execution,0.0,0.0,
TAXI,0.3,F_execution,0.0,0.0,
TAXI,0.3,F_execution,0.0,0.0,
TAXI,0.3,F_execution,0.0,0.0,
TAXI,0.3,F_execution,0.0,0.0,
TAXI,0.3,F_execution,0.0,0.0,
TAXI,0.3,F_execution,0.0,0.0,
TAXI,0.3,F_execution,0.0,0.0,
TAXI,0.3,F_execution,0.0,0.0,
TAXI,0.3,F_execution,0.0,0.0,
TAXI,0.3,F_execution,0.0,0.0,
TAXI,0.3,F_execution,0.0,0.0,
TAXI,0.3,F_execution,0.0,0.0,
TAXI,0.3,F_execution,0.0,0.0,
TAXI,0.3,F_execution,0.0,0.0,
TAXI,0.3,F_execution,0.0,0.0,
TAXI,0.3,F_execution,0.0,0.0,
TAXI,0.3,F_execution,0.0,0.0,
TAXI,0.3,F_execution,0.0,0.0,
TAXI,0.3,F_execution,0.0,0.0,
TAXI,0.3,F_execution,0.0,0.0,
TAXI,0.3,F_execution,0.0,0.0,
TAXI,0.3,F_execution,0.0,0.0,
TAXI,0.3,F_execution,0.0,0.0,
TAXI,0.3,F_execution,0.0,0.0,
TAXI,0.3,F_execution,0.0,0.0,
TAXI,0.3,F_execution,0.0,0.0,
TAXI,0.3,F_execution,0.0,0.0,
TAXI,0.3,F_execution,0.0,0.0,
TAXI,0.3,F_propagation,0.0,0.0,
TAXI,0.3,F_propagation,0.0,0.0,
TAXI,0.3,F_propagation,0.1465686893108317,0.1465686893108317,1.0
TAXI,0.3,F_propagation,0.1465686893108317,0.1465686893108317,1.0
TAXI,0.3,F_propagation,0.38049431393332944,0.38049431393332944,1.0
TAXI,0.3,F_propagation,0.38049431393332944,0.38049431393332944,1.0
TAXI,0.3,F_propagation,0.38049431393332944,0.38049431393332944,1.0
TAXI,0.3,F_propagation,0.38049431393332944,0.38049431393332944,1.0
TAXI,0.3,F_propagation,0.5430769526417383,0.5430769526417383,1.0
TAXI,0.3,F_propagation,0.9203631500095654,0.9203631500095654,1.0
TAXI,0.3,F_propagation,0.9203631500095654,0.9203631500095654,1.0
TAXI,0.3,F_propagation,1.1186787130479061,1.1186787130479061,1.0
TAXI,0.3,F_propagation,1.1186787130479061,1.1186787130479061,1.0
TAXI,0.3,F_propagation,1.1186787130479061,1.1186787130479061,1.0
TAXI,0.3,F_propagation,1.1186787130479061,1.1186787130479061,1.0
TAXI,0.3,F_propagation,1.1186787130479061,1.1186787130479061,1.0
TAXI,0.3,F_propagation,1.1186787130479061,1.1186787130479061,1.0
TAXI,0.3,F_propagation,1.4368628330944049,1.4368628330944049,1.0
TAXI,0.3,F_propagation,1.7025699249757877,1.7025699249757877,1.0
TAXI,0.3,F_propagation,1.7025699249757877,1.7025699249757877,1.0
TAXI,0.3,F_propagation,1.978850932920143,1.978850932920143,1.0
TAXI,0.3,F_propagation,2.238002116252285,2.238002116252285,1.0
TAXI,0.3,F_propagation,2.4969933133385736,2.4969933133385736,1.0
TAXI,0.3,F_propagation,2.4969933133385736,2.4969933133385736,1.0
TAXI,0.3,F_propagation,2.4969933133385736,2.4969933133385736,1.0
TAXI,0.3,F_propagation,2.4969933133385736,2.4969933133385736,1.0
TAXI,0.3,F_propagation,2.6183719277660953,2.4969933133385736,0.9536434785523087
TAXI,0.3,F_propagation,2.6183719277660953,2.4969933133385736,0.9536434785523087
TAXI,0.3,F_propagation,2.6183719277660953,2.4969933133385736,0.9536434785523087
TAXI,0.3,F_propagation,2.6183719277660953,2.4969933133385736,0.9536434785523087
TAXI,0.3,F_propagation,2.6183719277660953,2.4969933133385736,0.9536434785523087
TAXI,0.3,F_propagation,2.85608522829301,2.7347066138654883,0.9575017533702712
TAXI,0.3,F_propagation,3.1272198062756034,3.0058411918480816,0.9611864141484576
TAXI,0.3,F_propagation,3.412063876378157,3.2906852619506353,0.9644266289186934
TAXI,0.3,F_propagation,3.412063876378157,3.2906852619506353,0.9644266289186934
TAXI,0.3,F_propagation,3.412063876378157,3.4121042409101525,1.0000118299461727
TAXI,0.3,F_propagation,3.704554320777457,3.7045946853094525,1.0000108959212095
TAXI,0.3,F_propagation,3.704554320777457,3.7045946853094525,1.0000108959212095
TAXI,0.3,F_propagation,3.704554320777457,3.7045946853094525,1.0000108959212095
TAXI,0.3,F_propagation,3.8973170109435964,3.8973573754755924,1.0000103570050582
TAXI,0.3,F_propagation,3.8973170109435964,3.8973573754755924,1.0000103570050582
TAXI,0.3,F_propagation,3.8973170109435964,3.8973573754755924,1.0000103570050582
TAXI,0.3,F_propagation,3.8973170109435964,3.8973573754755924,1.0000103570050582
TAXI,0.3,F_propagation,3.8973170109435964,3.8973573754755924,1.0000103570050582
TAXI,0.3,F_propagation,3.8973170109435964,3.8973573754755924,1.0000103570050582
TAXI,0.3,F_propagation,3.8973170109435964,3.8973573754755924,1.0000103570050582
TAXI,0.3,F_propagation,3.8973170109435964,3.8973573754755924,1.0000103570050582
TAXI,0.3,F_propagation,3.8973170109435964,3.8973573754755924,1.0000103570050582
TAXI,0.3,F_propagation,3.8973170109435964,3.8973573754755924,1.0000103570050582
TAXI,0.3,F_propagation,3.8973170109435964,3.8973573754755924,1.0000103570050582
TAXI,0.3,F_propagation,3.8973170109435964,3.8973573754755924,1.0000103570050582
TAXI,0.3,F_propagation,3.8973170109435964,3.8973573754755924,1.0000103570050582
TAXI,0.3,F_propagation,4.150246052831116,4.1502864173631115,1.0000097258166099
TAXI,0.3,F_propagation,4.150246052831116,4.1502864173631115,1.0000097258166099
TAXI,0.3,F_propagation,4.150246052831116,4.1502864173631115,1.0000097258166099
TAXI,0.3,F_propagation,4.3540819482092585,4.3541223127412545,1.0000092705035128
TAXI,0.3,F_propagation,4.3540819482092585,4.3541223127412545,1.0000092705035128
TAXI,0.3,F_propagation,4.496725790965582,4.4967661554975775,1.0000089764272655
TAXI,0.3,F_propagation,4.496725790965582,4.4967661554975775,1.0000089764272655
TAXI,0.3,F_propagation,4.66060586983266,4.6606462343646555,1.0000086607907048
TAXI,0.3,F_propagation,4.66060586983266,4.6606462343646555,1.0000086607907048
TAXI,0.3,F_propagation,4.66060586983266,4.6606462343646555,1.0000086607907048
TAXI,0.3,F_propagation,4.66060586983266,4.6606462343646555,1.0000086607907048
TAXI,0.3,F_propagation,4.66060586983266,4.6606462343646555,1.0000086607907048
TAXI,0.3,F_propagation,4.66060586983266,4.6606462343646555,1.0000086607907048
TAXI,0.3,F_propagation,4.7871316243258555,4.7871719888578514,1.000008431882631
TAXI,0.3,F_propagation,4.7871316243258555,4.7871719888578514,1.000008431882631
TAXI,0.3,P_time,0.0,0.0,
TAXI,0.3,P_time,0.0,0.0,
TAXI,0.3,P_time,0.09470308987814323,0.09470308987814323,1.0
TAXI,0.3,P_time,0.09470308987814323,0.09470308987814323,1.0
TAXI,0.3,P_time,0.25194792475425887,0.25194792475425887,1.0
TAXI,0.3,P_time,0.25194792475425887,0.25194792475425887,1.0
TAXI,0.3,P_time,0.25194792475425887,0.25194792475425887,1.0
TAXI,0.3,P_time,0.25194792475425887,0.25194792475425887,1.0
TAXI,0.3,P_time,0.48656329900749706,0.48656329900749706,1.0
TAXI,0.3,P_time,1.046354303476023,1.046354303476023,1.0
TAXI,0.3,P_time,1.046354303476023,1.046354303476023,1.0
TAXI,0.3,P_time,1.1512115241516347,1.1512115241516347,1.0
TAXI,0.3,P_time,1.1512115241516347,1.1512115241516347,1.0
TAXI,0.3,P_time,1.1512115241516347,1.1512115241516347,1.0
TAXI,0.3,P_time,1.1512115241516347,1.1512115241516347,1.0
TAXI,0.3,P_time,1.1512115241516347,1.1512115241516347,1.0
TAXI,0.3,P_time,1.1512115241516347,1.1512115241516347,1.0
TAXI,0.3,P_time,1.6653354890082652,1.6653354890082652,1.0
TAXI,0.3,P_time,1.8991329083536594,1.8991329083536594,1.0
TAXI,0.3,P_time,1.8991329083536594,1.8991329083536594,1.0
TAXI,0.3,P_time,2.0373177020372295,2.0373177020372295,1.0
TAXI,0.3,P_time,2.418849071539906,2.418849071539906,1.0
TAXI,0.3,P_time,2.5422283945782467,2.5422283945782467,1.0
TAXI,0.3,P_time,2.5422283945782467,2.5422283945782467,1.0
TAXI,0.3,P_time,2.5422283945782467,2.5422283945782467,1.0
TAXI,0.3,P_time,2.5422283945782467,2.5422283945782467,1.0
TAXI,0.3,P_time,2.7314935075941174,2.5422283945782467,0.9307100264050877
TAXI,0.3,P_time,2.7314935075941174,2.5422283945782467,0.9307100264050877
TAXI,0.3,P_time,2.7314935075941174,2.5422283945782467,0.9307100264050877
TAXI,0.3,P_time,2.7314935075941174,2.5422283945782467,0.9307100264050877
TAXI,0.3,P_time,2.7314935075941174,2.5422283945782467,0.9307100264050877
TAXI,0.3,P_time,3.0405432778284367,2.851278164812566,0.9377528633136101
TAXI,0.3,P_time,3.133566895057176,2.9443017820413053,0.9396007427464167
TAXI,0.3,P_time,3.538573067120237,3.3493079541043667,0.9465137191105402
TAXI,0.3,P_time,3.538573067120237,3.3493079541043667,0.9465137191105402
TAXI,0.3,P_time,3.538573067120237,3.402708454008854,0.9616046890839103
TAXI,0.3,P_time,3.8971543515705354,3.7612897384591526,0.9651374821588399
TAXI,0.3,P_time,3.8971543515705354,3.7612897384591526,0.9651374821588399
TAXI,0.3,P_time,3.8971543515705354,3.7612897384591526,0.9651374821588399
TAXI,0.3,P_time,4.100805436136011,3.964940823024628,0.966868798038026
TAXI,0.3,P_time,4.100805436136011,3.964940823024628,0.966868798038026
TAXI,0.3,P_time,4.100805436136011,3.964940823024628,0.966868798038026
TAXI,0.3,P_time,4.100805436136011,3.964940823024628,0.966868798038026
TAXI,0.3,P_time,4.100805436136011,3.964940823024628,0.966868798038026
TAXI,0.3,P_time,4.100805436136011,3.964940823024628,0.966868798038026
TAXI,0.3,P_time,4.100805436136011,3.964940823024628,0.966868798038026
TAXI,0.3,P_time,4.100805436136011,3.964940823024628,0.966868798038026
TAXI,0.3,P_time,4.100805436136011,3.964940823024628,0.966868798038026
TAXI,0.3,P_time,4.100805436136011,3.964940823024628,0.966868798038026
TAXI,0.3,P_time,4.100805436136011,3.964940823024628,0.966868798038026
TAXI,0.3,P_time,4.100805436136011,3.964940823024628,0.966868798038026
TAXI,0.3,P_time,4.100805436136011,3.964940823024628,0.966868798038026
TAXI,0.3,P_time,4.219191645917487,4.083327032806103,0.9677984257380565
TAXI,0.3,P_time,4.219191645917487,4.083327032806103,0.9677984257380565
TAXI,0.3,P_time,4.219191645917487,4.083327032806103,0.9677984257380565
TAXI,0.3,P_time,4.537762275847205,4.401897662735822,0.9700591161783552
TAXI,0.3,P_time,4.537762275847205,4.401897662735822,0.9700591161783552
TAXI,0.3,P_time,4.592656915912341,4.456792302800958,0.9704169905135633
TAXI,0.3,P_time,4.592656915912341,4.456792302800958,0.9704169905135633
TAXI,0.3,P_time,4.699476030470657,4.563611417359273,0.9710894124726972
TAXI,0.3,P_time,4.699476030470657,4.563611417359273,0.9710894124726972
TAXI,0.3,P_time,4.699476030470657,4.563611417359273,0.9710894124726972
TAXI,0.3,P_time,4.699476030470657,4.563611417359273,0.9710894124726972
TAXI,0.3,P_time,4.699476030470657,4.563611417359273,0.9710894124726972
TAXI,0.3,P_time,4.699476030470657,4.563611417359273,0.9710894124726972
TAXI,0.3,P_time,4.76021453172006,4.624349918608677,0.9714583004177566
TAXI,0.3,P_time,4.76021453172006,4.624349918608677,0.9714583004177566
TAXI,0.3,P_itinerary,0.0,0.0,
TAXI,0.3,P_itinerary,0.0,0.0,
TAXI,0.3,P_itinerary,0.0,0.0,
TAXI,0.3,P_itinerary,0.0,0.0,
TAXI,0.3,P_itinerary,0.0,0.0,
TAXI,0.3,P_itinerary,0.0,0.0,
TAXI,0.3,P_itinerary,0.0,0.0,
TAXI,0.3,P_itinerary,0.0,0.0,
TAXI,0.3,P_itinerary,0.0,0.0,
TAXI,0.3,P_itinerary,0.0,0.0,
TAXI,0.3,P_itinerary,0.0,0.0,
TAXI,0.3,P_itinerary,0.0,0.0,
TAXI,0.3,P_itinerary,0.0,0.0,
TAXI,0.3,P_itinerary,0.0,0.0,
TAXI,0.3,P_itinerary,0.0,0.0,
TAXI,0.3,P_itinerary,0.0,0.0,
TAXI,0.3,P_itinerary,0.0,0.0,
TAXI,0.3,P_itinerary,0.0,0.0,
TAXI,0.3,P_itinerary,0.0,0.0,
TAXI,0.3,P_itinerary,0.0,0.0,
TAXI,0.3,P_itinerary,0.0,0.0,
TAXI,0.3,P_itinerary,0.0,0.0,
TAXI,0.3,P_itinerary,0.0,0.0,
TAXI,0.3,P_itinerary,0.0,0.0,
TAXI,0.3,P_itinerary,0.0,0.0,
TAXI,0.3,P_itinerary,0.0,0.0,
TAXI,0.3,P_itinerary,0.0,0.0,
TAXI,0.3,P_itinerary,0.0,0.0,
TAXI,0.3,P_itinerary,0.0,0.0,
TAXI,0.3,P_itinerary,0.0,0.0,
TAXI,0.3,P_itinerary,0.0,0.0,
TAXI,0.3,P_itinerary,0.0,0.0,
TAXI,0.3,P_itinerary,0.0,0.0,
TAXI,0.3,P_itinerary,0.0,0.0,
TAXI,0.3,P_itinerary,0.0,0.0,
TAXI,0.3,P_itinerary,0.0,0.0,
TAXI,0.3,P_itinerary,0.0,0.0,
TAXI,0.3,P_itinerary,0.0,0.0,
TAXI,0.3,P_itinerary,0.0,0.0,
TAXI,0.3,P_itinerary,0.0,0.0,
TAXI,0.3,P_itinerary,0.0,0.0,
TAXI,0.3,P_itinerary,0.0,0.0,
TAXI,0.3,P_itinerary,0.0,0.0,
TAXI,0.3,P_itinerary,0.0,0.0,
TAXI,0.3,P_itinerary,0.0,0.0,
TAXI,0.3,P_itinerary,0.0,0.0,
TAXI,0.3,P_itinerary,0.0,0.0,
TAXI,0.3,P_itinerary,0.0,0.0,
TAXI,0.3,P_itinerary,0.0,0.0,
TAXI,0.3,P_itinerary,0.0,0.0,
TAXI,0.3,P_itinerary,0.0,0.0,
TAXI,0.3,P_itinerary,0.0,0.0,
TAXI,0.3,P_itinerary,0.0,0.0,
TAXI,0.3,P_itinerary,0.0,0.0,
TAXI,0.3,P_itinerary,0.0,0.0,
TAXI,0.3,P_itinerary,0.0,0.0,
TAXI,0.3,P_itinerary,0.0,0.0,
TAXI,0.3,P_itinerary,0.0,0.0,
TAXI,0.3,P_itinerary,0.0,0.0,
TAXI,0.3,P_itinerary,0.0,0.0,
TAXI,0.3,P_itinerary,0.0,0.0,
TAXI,0.3,P_itinerary,0.0,0.0,
TAXI,0.3,P_itinerary,0.0,0.0,
TAXI,0.3,P_itinerary,0.0,0.0,
TAXI,0.3,P_itinerary,0.0,0.0,
TAXI,0.3,P_itinerary,0.0,0.0,
TAXI,0.3,P_itinerary,0.0,0.0,
TAXI,0.3,P_service,0.0,0.0,
TAXI,0.3,P_service,0.0,0.0,
TAXI,0.3,P_service,0.0,0.0,
TAXI,0.3,P_service,0.0,0.0,
TAXI,0.3,P_service,0.0,0.0,
TAXI,0.3,P_service,0.0,0.0,
TAXI,0.3,P_service,0.0,0.0,
TAXI,0.3,P_service,0.0,0.0,
TAXI,0.3,P_service,0.0,0.0,
TAXI,0.3,P_service,0.0,0.0,
TAXI,0.3,P_service,0.0,0.0,
TAXI,0.3,P_service,0.0,0.0,
TAXI,0.3,P_service,0.0,0.0,
TAXI,0.3,P_service,0.0,0.0,
TAXI,0.3,P_service,0.0,0.0,
TAXI,0.3,P_service,0.0,0.0,
TAXI,0.3,P_service,0.0,0.0,
TAXI,0.3,P_service,0.0,0.0,
TAXI,0.3,P_service,0.0,0.0,
TAXI,0.3,P_service,0.0,0.0,
TAXI,0.3,P_service,0.0,0.0,
TAXI,0.3,P_service,0.0,0.0,
TAXI,0.3,P_service,0.0,0.0,
TAXI,0.3,P_service,0.0,0.0,
TAXI,0.3,P_service,0.0,0.0,
TAXI,0.3,P_service,0.0,0.0,
TAXI,0.3,P_service,0.0,0.0,
TAXI,0.3,P_service,0.0,0.0,
TAXI,0.3,P_service,0.0,0.0,
TAXI,0.3,P_service,0.0,0.0,
TAXI,0.3,P_service,0.0,0.0,
TAXI,0.3,P_service,0.0,0.0,
TAXI,0.3,P_service,0.0,0.0,
TAXI,0.3,P_service,0.0,0.0,
TAXI,0.3,P_service,0.0,0.0,
TAXI,0.3,P_service,0.0,0.0,
TAXI,0.3,P_service,0.0,0.0,
TAXI,0.3,P_service,0.0,0.0,
TAXI,0.3,P_service,0.0,0.0,
TAXI,0.3,P_service,0.0,0.0,
TAXI,0.3,P_service,0.0,0.0,
TAXI,0.3,P_service,0.0,0.0,
TAXI,0.3,P_service,0.0,0.0,
TAXI,0.3,P_service,0.0,0.0,
TAXI,0.3,P_service,0.0,0.0,
TAXI,0.3,P_service,0.0,0.0,
TAXI,0.3,P_service,0.0,0.0,
TAXI,0.3,P_service,0.0,0.0,
TAXI,0.3,P_service,0.0,0.0,
TAXI,0.3,P_service,0.0,0.0,
TAXI,0.3,P_service,0.0,0.0,
TAXI,0.3,P_service,0.0,0.0,
TAXI,0.3,P_service,0.0,0.0,
TAXI,0.3,P_service,0.0,0.0,
TAXI,0.3,P_service,0.0,0.0,
TAXI,0.3,P_service,0.0,0.0,
TAXI,0.3,P_service,0.0,0.0,
TAXI,0.3,P_service,0.0,0.0,
TAXI,0.3,P_service,0.0,0.0,
TAXI,0.3,P_service,0.0,0.0,
TAXI,0.3,P_service,0.0,0.0,
TAXI,0.3,P_service,0.0,0.0,
TAXI,0.3,P_service,0.0,0.0,
TAXI,0.3,P_service,0.0,0.0,
TAXI,0.3,P_service,0.0,0.0,
TAXI,0.3,P_service,0.0,0.0,
TAXI,0.3,P_service,0.0,0.0,
TAXI,0.3,R_operating,0.0,0.0,
TAXI,0.3,R_operating,0.0,0.0,
TAXI,0.3,R_operating,0.2931373786216634,0.2931373786216634,1.0
TAXI,0.3,R_operating,0.2931373786216634,0.2931373786216634,1.0
TAXI,0.3,R_operating,0.7609886278666589,0.7609886278666589,1.0
TAXI,0.3,R_operating,0.7609886278666589,0.7609886278666589,1.0
TAXI,0.3,R_operating,0.7609886278666589,0.7609886278666589,1.0
TAXI,0.3,R_operating,0.7609886278666589,0.7609886278666589,1.0
TAXI,0.3,R_operating,1.0861539052834766,1.0861539052834766,1.0
TAXI,0.3,R_operating,1.8407263000191307,1.8407263000191307,1.0
TAXI,0.3,R_operating,1.8407263000191307,1.8407263000191307,1.0
TAXI,0.3,R_operating,2.2373574260958122,2.2373574260958122,1.0
TAXI,0.3,R_operating,2.2373574260958122,2.2373574260958122,1.0
TAXI,0.3,R_operating,2.2373574260958122,2.2373574260958122,1.0
TAXI,0.3,R_operating,2.2373574260958122,2.2373574260958122,1.0
TAXI,0.3,R_operating,2.2373574260958122,2.2373574260958122,1.0
TAXI,0.3,R_operating,2.2373574260958122,2.2373574260958122,1.0
TAXI,0.3,R_operating,2.8737256661888098,2.8737256661888098,1.0
TAXI,0.3,R_operating,3.4051398499515755,3.4051398499515755,1.0
TAXI,0.3,R_operating,3.4051398499515755,3.4051398499515755,1.0
TAXI,0.3,R_operating,3.957701865840286,3.957701865840286,1.0
TAXI,0.3,R_operating,4.47600423250457,4.47600423250457,1.0
TAXI,0.3,R_operating,4.993986626677147,4.993986626677147,1.0
TAXI,0.3,R_operating,4.993986626677147,4.993986626677147,1.0
TAXI,0.3,R_operating,4.993986626677147,4.993986626677147,1.0
TAXI,0.3,R_operating,4.993986626677147,4.993986626677147,1.0
TAXI,0.3,R_operating,5.236743855532191,4.993986626677147,0.9536434785523087
TAXI,0.3,R_operating,5.236743855532191,4.993986626677147,0.9536434785523087
TAXI,0.3,R_operating,5.236743855532191,4.993986626677147,0.9536434785523087
TAXI,0.3,R_operating,5.236743855532191,4.993986626677147,0.9536434785523087
TAXI,0.3,R_operating,5.236743855532191,4.993986626677147,0.9536434785523087
TAXI,0.3,R_operating,5.71217045658602,5.469413227730977,0.9575017533702712
TAXI,0.3,R_operating,6.254439612551207,6.011682383696163,0.9611864141484576
TAXI,0.3,R_operating,6.824127752756314,6.5813705239012705,0.9644266289186934
TAXI,0.3,R_operating,6.824127752756314,6.5813705239012705,0.9644266289186934
TAXI,0.3,R_operating,6.824127752756314,6.824208481820305,1.0000118299461727
TAXI,0.3,R_operating,7.409108641554914,7.409189370618905,1.0000108959212095
TAXI,0.3,R_operating,7.409108641554914,7.409189370618905,1.0000108959212095
TAXI,0.3,R_operating,7.409108641554914,7.409189370618905,1.0000108959212095
TAXI,0.3,R_operating,7.794634021887193,7.794714750951185,1.0000103570050582
TAXI,0.3,R_operating,7.794634021887193,7.794714750951185,1.0000103570050582
TAXI,0.3,R_operating,7.794634021887193,7.794714750951185,1.0000103570050582
TAXI,0.3,R_operating,7.794634021887193,7.794714750951185,1.0000103570050582
TAXI,0.3,R_operating,7.794634021887193,7.794714750951185,1.0000103570050582
TAXI,0.3,R_operating,7.794634021887193,7.794714750951185,1.0000103570050582
TAXI,0.3,R_operating,7.794634021887193,7.794714750951185,1.0000103570050582
TAXI,0.3,R_operating,7.794634021887193,7.794714750951185,1.0000103570050582
TAXI,0.3,R_operating,7.794634021887193,7.794714750951185,1.0000103570050582
TAXI,0.3,R_operating,7.794634021887193,7.794714750951185,1.0000103570050582
TAXI,0.3,R_operating,7.794634021887193,7.794714750951185,1.0000103570050582
TAXI,0.3,R_operating,7.794634021887193,7.794714750951185,1.0000103570050582
TAXI,0.3,R_operating,7.794634021887193,7.794714750951185,1.0000103570050582
TAXI,0.3,R_operating,8.300492105662231,8.300572834726223,1.0000097258166099
TAXI,0.3,R_operating,8.300492105662231,8.300572834726223,1.0000097258166099
TAXI,0.3,R_operating,8.300492105662231,8.300572834726223,1.0000097258166099
TAXI,0.3,R_operating,8.708163896418517,8.708244625482509,1.0000092705035128
TAXI,0.3,R_operating,8.708163896418517,8.708244625482509,1.0000092705035128
TAXI,0.3,R_operating,8.993451581931163,8.993532310995155,1.0000089764272655
TAXI,0.3,R_operating,8.993451581931163,8.993532310995155,1.0000089764272655
TAXI,0.3,R_operating,9.32121173966532,9.321292468729311,1.0000086607907048
TAXI,0.3,R_operating,9.32121173966532,9.321292468729311,1.0000086607907048
TAXI,0.3,R_operating,9.32121173966532,9.321292468729311,1.0000086607907048
TAXI,0.3,R_operating,9.32121173966532,9.321292468729311,1.0000086607907048
TAXI,0.3,R_operating,9.32121173966532,9.321292468729311,1.0000086607907048
TAXI,0.3,R_operating,9.32121173966532,9.321292468729311,1.0000086607907048
TAXI,0.3,R_operating,9.574263248651711,9.574343977715703,1.000008431882631
TAXI,0.3,R_operating,9.574263248651711,9.574343977715703,1.000008431882631
