replicate,n_nodes,kendall_tau_b,median_rank_displacement,p90_rank_displacement,share_rank_displacement_ge_030,top_overlap,spearman_rho,share_signed_ge_030,share_signed_le_minus030,delay_boundary_tie_count,consequence_boundary_tie_count
0,1810,0.6708113907066163,0.0784530386740332,0.30674033149171287,0.10883977900552486,0.6022099447513812,0.8361170216740711,0.06353591160220995,0.045303867403314914,2,4
1,1872,0.7109833790897933,0.06730769230769237,0.24786324786324782,0.07158119658119658,0.6968085106382979,0.8650078683184157,0.07158119658119658,0.0,2,1
2,1783,0.7196424173053796,0.06225462703309026,0.2456533931575996,0.05215928210880538,0.9497206703910615,0.8746438969602741,0.05215928210880538,0.0,2,1
3,1750,0.792930221240472,0.041714285714285704,0.19199999999999995,0.017714285714285714,0.7085714285714285,0.9318785303271134,0.017714285714285714,0.0,1,1
4,1873,0.7112050068956699,0.08168713294180463,0.23406300053390275,0.06887346502936466,0.5,0.8640283221933942,0.06887346502936466,0.0,3,1
5,1519,0.646291607184414,0.08624094799210008,0.3286372613561554,0.10664911125740618,0.4934210526315789,0.8168303536697067,0.08294930875576037,0.02369980250164582,1,1
6,1933,0.7101100257862888,0.06259699948266939,0.2674599068804967,0.0429384376616658,0.8917525773195877,0.8734570055120836,0.032591826176927054,0.010346611484738748,2,1
7,1665,0.7464898252085074,0.06546546546546544,0.2408408408408408,0.021621621621621623,0.7964071856287425,0.9027618784160757,0.021621621621621623,0.0,3,1
8,1475,0.5766129923726003,0.10101694915254233,0.3556610169491526,0.21898305084745762,0.2905405405405405,0.7543034985974262,0.1369491525423729,0.08203389830508474,3,2
9,1673,0.7784816331671417,0.05618649133293485,0.20239091452480568,0.0041841004184100415,0.8214285714285714,0.9226104380863497,0.0041841004184100415,0.0,2,1
10,1609,0.6906273985491099,0.07085146053449343,0.290863890615289,0.08203853325046613,0.7453416149068323,0.8552095615962523,0.037290242386575516,0.044748290863890615,2,1
11,1827,0.7601224818655926,0.04980842911877398,0.23152709359605916,0.043787629994526546,0.825136612021858,0.9058346818645747,0.025725232621784347,0.0180623973727422,4,3
12,1742,0.6897352831856597,0.06084959816303104,0.2887485648679679,0.09184845005740529,0.6342857142857142,0.8520856487586695,0.03903559127439724,0.05281285878300804,1,3
13,1792,0.7074741351892387,0.0675223214285714,0.25987723214285735,0.0546875,0.7111111111111111,0.862318825159063,0.0546875,0.0,3,1
14,1767,0.6788567681784908,0.07753254102999432,0.29337860780984726,0.09564233163554046,0.7740112994350282,0.8429325321192581,0.03678551216751556,0.0588568194680249,3,2
15,1688,0.7602432976474293,0.05687203791469195,0.22470379146919428,0.017772511848341232,0.5443786982248521,0.9107441401648557,0.017772511848341232,0.0,3,2
16,1643,0.7129395773172317,0.07668898356664636,0.2567255021302495,0.02799756542909312,0.6787878787878788,0.8830508099660309,0.02799756542909312,0.0,3,3
17,1726,0.8096206467787154,0.03707995365005792,0.18018539976825027,0.014484356894553883,0.8439306358381503,0.9398977539881831,0.01216685979142526,0.002317497103128621,2,1
18,1757,0.7132764146414251,0.0813887307911213,0.2606715993170176,0.035856573705179286,0.5227272727272727,0.8761906525524497,0.03471826977803073,0.0011383039271485487,1,1
19,1492,0.7500872939592582,0.06166219839142095,0.23920911528150135,0.021447721179624665,0.78,0.9055210792988265,0.014075067024128687,0.007372654155495978,1,1
20,1944,0.7185385670632358,0.06481481481481485,0.2659465020576132,0.050411522633744855,0.5897435897435898,0.8750039302854846,0.03755144032921811,0.01286008230452675,1,1
21,1816,0.7406921127999087,0.08067180616740088,0.25412995594713655,0.030837004405286344,0.8846153846153846,0.8927120392257392,0.030837004405286344,0.0,1,2
22,2089,0.7385724461023321,0.0555289612254668,0.24365725227381518,0.030636668262326472,0.631578947368421,0.8855075260091051,0.030636668262326472,0.0,2,4
23,1717,0.7745554790174684,0.053581828771112394,0.20780430984274909,0.0192195690157251,0.5697674418604651,0.9253581933778355,0.0192195690157251,0.0,3,2
24,1782,0.6997068920722126,0.07351290684624018,0.27946127946127947,0.05443322109988777,0.5810055865921788,0.8651281413869676,0.04994388327721661,0.004489337822671156,1,1
25,1731,0.7149823696712883,0.07798960138648181,0.2530329289428076,0.042172154823801274,0.603448275862069,0.8745822323408384,0.0415944540727903,0.0005777007510109763,4,4
26,1801,0.7095085592165606,0.07551360355358133,0.2876179900055525,0.06052193225985564,0.6187845303867403,0.8657950019303007,0.05830094392004442,0.002220988339811216,1,2
27,1628,0.710946285838664,0.07371007371007376,0.25798525798525795,0.04914004914004914,0.8343558282208589,0.8758683438349806,0.023955773955773956,0.025184275184275184,1,4
28,1520,0.7252464879424924,0.0644736842105263,0.24875000000000014,0.02631578947368421,0.8552631578947368,0.8863994271012969,0.021710526315789475,0.004605263157894736,1,1
29,1702,0.7031534449773666,0.07050528789659227,0.29371327849588724,0.09870740305522914,0.7719298245614035,0.8623583751217317,0.06110458284371328,0.03760282021151586,4,1
30,1571,0.7660093542999984,0.07383831954169318,0.21069382558879696,0.0076384468491406746,0.8037974683544303,0.9190722231032207,0.0076384468491406746,0.0,2,2
31,1775,0.653251458865708,0.08957746478873241,0.2884507042253522,0.09183098591549296,0.601123595505618,0.8130543275215368,0.08845070422535212,0.0033802816901408453,2,1
32,1851,0.7628714998553026,0.06482982171799029,0.22150189086980016,0.027552674230145867,0.532258064516129,0.9099392372814195,0.023230686115613183,0.004321988114532685,2,1
33,1733,0.6663517536344452,0.08597807270628968,0.3062896710905943,0.120600115406809,0.6149425287356322,0.8402112278109917,0.08020773225620312,0.040392383150605886,1,1
34,1984,0.6651458094506851,0.07938508064516128,0.32157258064516137,0.1345766129032258,0.7688442211055276,0.8262876471596425,0.07056451612903226,0.06401209677419355,1,1
35,1980,0.6854650245112687,0.09797979797979794,0.27378787878787897,0.06767676767676768,0.6919191919191919,0.8523063405756772,0.06767676767676768,0.0,2,2
36,1895,0.6787055097047171,0.09023746701846966,0.2891820580474934,0.09182058047493404,0.42105263157894735,0.836598031347353,0.08390501319261214,0.0079155672823219,1,2
37,1907,0.734840586797874,0.05820660723649709,0.2538017829050865,0.022548505506030415,0.7172774869109948,0.880446497578292,0.022548505506030415,0.0,1,2
38,1759,0.718480803508129,0.07447413303013073,0.24673109721432634,0.021034678794769755,0.8068181818181818,0.8844148510373617,0.019329164297896533,0.0017055144968732233,3,1
39,1744,0.6866280490093497,0.10063073394495414,0.2802178899082569,0.08314220183486239,0.6971428571428572,0.8527382327941604,0.06880733944954129,0.014334862385321102,2,1
40,1594,0.6588450898813673,0.10225846925972404,0.28155583437892107,0.08657465495608532,0.5375,0.8339732686089728,0.06148055207026349,0.025094102885821833,2,3
41,1854,0.6052574700362541,0.11272923408845736,0.35852211434735703,0.16936353829557713,0.6451612903225806,0.7702672730083193,0.07659115426105717,0.09277238403451996,2,1
42,1523,0.7168201819728552,0.061063690085357836,0.2736703873933026,0.06631648063033486,0.803921568627451,0.8767463088061397,0.04596191726854892,0.020354563361785948,1,2
43,1523,0.6539531349173795,0.08732764281024286,0.31004596191726846,0.10702560735390676,0.5751633986928104,0.8280080663051383,0.056467498358502954,0.050558108995403805,2,3
44,1786,0.6712806895296206,0.08594624860022396,0.30319148936170215,0.10414333706606943,0.7597765363128491,0.842770221975663,0.0593505039193729,0.04479283314669653,2,2
45,1787,0.7234563874164915,0.07946278679350866,0.24790151091214319,0.019585898153329603,0.7374301675977654,0.8886935452186991,0.019585898153329603,0.0,2,3
46,1648,0.6931629723744764,0.07888349514563098,0.29186893203883496,0.0891990291262136,0.5757575757575758,0.8594553003793725,0.050970873786407765,0.03822815533980582,2,2
47,1908,0.7350919197743048,0.0676100628930818,0.2578616352201258,0.06918238993710692,0.7801047120418848,0.8826153311050469,0.06918238993710692,0.0,2,1
48,1864,0.7346566881014485,0.06223175965665234,0.2378755364806867,0.04130901287553648,0.8449197860962567,0.8926173345750471,0.0407725321888412,0.000536480686695279,3,2
49,1831,0.7139937175476813,0.0677225559803386,0.2583287820862916,0.034953577280174765,0.75,0.881514993218169,0.025122883670125613,0.009830693610049153,2,4
50,1841,0.7373842672618848,0.07713199348180333,0.2384573601303639,0.021184139054861488,0.6648648648648648,0.8935756737678092,0.021184139054861488,0.0,3,1
51,1691,0.7409122238784224,0.06445890005913657,0.21939680662329986,0.06091070372560615,0.8058823529411765,0.8971251386179551,0.06091070372560615,0.0,2,1
52,1867,0.6950554673844427,0.08141403320835572,0.2860203535083021,0.07284413497589716,0.8021390374331551,0.865581531456027,0.04284949116229245,0.029994643813604713,1,1
53,1825,0.7689961415966671,0.043835616438356206,0.2482191780821918,0.03671232876712329,0.9180327868852459,0.908437836518877,0.03506849315068493,0.0016438356164383563,3,2
54,1858,0.7510062624132775,0.05705059203444568,0.2072120559741658,0.042518837459634015,0.7204301075268817,0.8954725865671498,0.040365984930032295,0.002152852529601722,1,2
55,1893,0.7441972499111398,0.04912836767036444,0.23824617010036975,0.028526148969889066,0.7052631578947368,0.8943776848731831,0.02271526677231907,0.005810882197569995,5,3
56,1763,0.7500662010152754,0.06920022688598981,0.2013613159387408,0.03403289846851957,0.6101694915254238,0.9014747640422808,0.03403289846851957,0.0,2,1
57,1674,0.6734417896216753,0.06451612903225803,0.3130227001194744,0.12246117084826762,0.7738095238095238,0.8346400865983713,0.08243727598566308,0.04002389486260454,1,3
58,1728,0.6977180981154756,0.0758101851851852,0.28009259259259256,0.04976851851851852,0.6878612716763006,0.8587913086610578,0.031828703703703706,0.017939814814814815,1,1
59,1954,0.7713099959558151,0.04912998976458546,0.22983623336745143,0.0255885363357216,0.6836734693877551,0.9143909642824218,0.0255885363357216,0.0,3,1
60,1674,0.6159322174452004,0.10692951015531663,0.3339307048984468,0.17025089605734767,0.7440476190476191,0.7859717559226358,0.10991636798088411,0.06033452807646356,2,3
61,1751,0.6055409289788444,0.12107367218732151,0.3449457452884066,0.17418617932609937,0.7272727272727273,0.7793151098530737,0.10622501427755568,0.06796116504854369,1,2
62,1661,0.732260643105913,0.058398555087296855,0.24262492474413,0.025285972305839857,0.8562874251497006,0.8890700036137025,0.025285972305839857,0.0,3,3
63,1839,0.7742622855674121,0.047852093529091866,0.21370309951060362,0.013594344752582926,0.782608695652174,0.9208687712581808,0.011419249592169658,0.002175095160413268,2,3
64,1773,0.6701799937827743,0.08629441624365486,0.31697687535250985,0.1314156796390299,0.7078651685393258,0.8397334437733222,0.06655386350817823,0.06486181613085167,2,1
65,1979,0.6959846254079658,0.07377463365336026,0.25821121778676104,0.07478524507326932,0.8636363636363636,0.8528421200105333,0.07478524507326932,0.0,1,3
66,1680,0.7494275911702124,0.047619047619047644,0.25297619047619047,0.01488095238095238,0.6190476190476191,0.9008436863204444,0.01130952380952381,0.0035714285714285713,2,2
67,1787,0.6803484904080462,0.09233351986569671,0.30330162283156126,0.1119194180190263,0.6759776536312849,0.8447533578427204,0.06715165081141578,0.04476776720761052,1,2
68,1771,0.7113934072950754,0.06719367588932812,0.25014116318464147,0.05138339920948617,0.7921348314606742,0.8751212706500715,0.050818746470920384,0.000564652738565782,1,2
69,1605,0.6995638908466866,0.057320872274143286,0.2981931464174456,0.09844236760124611,0.5527950310559007,0.8551466157550857,0.05669781931464175,0.041744548286604365,1,3
70,1694,0.6914615127936995,0.07556080283353017,0.25974025974025977,0.05962219598583235,0.8588235294117647,0.85193775863894,0.0590318772136954,0.0005903187721369539,3,1
71,1990,0.6726566647957404,0.09321608040201004,0.2979899497487437,0.08190954773869347,0.47738693467336685,0.8432070796429291,0.06683417085427136,0.01507537688442211,3,2
72,1884,0.7629465240671893,0.04883227176220806,0.2277070063694267,0.028662420382165606,0.5502645502645502,0.9079170205996262,0.028662420382165606,0.0,1,3
73,1932,0.7225216234198271,0.07608695652173916,0.24906832298136689,0.07971014492753623,0.5051546391752577,0.8714525610473044,0.07971014492753623,0.0,1,2
74,1776,0.7441597033500116,0.058558558558558516,0.24436936936936937,0.02195945945945946,0.7528089887640449,0.9016605225070163,0.02195945945945946,0.0,4,4
75,1824,0.7279047593823662,0.07456140350877194,0.2635416666666667,0.05921052631578947,0.7923497267759563,0.8831057364556774,0.0356359649122807,0.023574561403508772,3,3
76,1933,0.7477478732667963,0.04914640455250907,0.25876875323331605,0.023279875840662184,0.7938144329896907,0.8941412617532373,0.02224521469218831,0.0010346611484738748,2,1
77,1850,0.7065071525596525,0.06918918918918915,0.2584864864864866,0.06864864864864866,0.7513513513513513,0.8666852848657184,0.06864864864864866,0.0,1,2
78,1708,0.6875790161853991,0.07845433255269318,0.28454332552693207,0.06908665105386416,0.8070175438596491,0.851198735644895,0.06323185011709602,0.00585480093676815,3,2
79,1668,0.7722890889691706,0.03717026378896887,0.22577937649880095,0.020983213429256596,0.8383233532934131,0.9147159384729653,0.013788968824940047,0.007194244604316547,2,1
80,1499,0.6767316736131233,0.09272848565710479,0.2735156771180787,0.058038692461641096,0.72,0.8489199567408743,0.02601734489659773,0.032021347565043365,1,1
81,1639,0.7448562002572179,0.06223306894447833,0.25564368517388647,0.027455765710799267,0.6890243902439024,0.9043635581455222,0.026235509456985967,0.0012202562538133007,3,1
82,1515,0.6867313622109714,0.06336633663366331,0.2884488448844885,0.08976897689768977,0.743421052631579,0.8522886342688059,0.0627062706270627,0.02706270627062706,3,3
83,1775,0.7099090979010713,0.08450704225352113,0.26760563380281693,0.030985915492957747,0.7134831460674157,0.865673697662975,0.030985915492957747,0.0,2,2
84,1540,0.7153473125728673,0.06493506493506494,0.2683766233766237,0.07142857142857142,0.8571428571428571,0.8723072178179404,0.07142857142857142,0.0,1,1
85,1886,0.7120279069872187,0.08801696712619297,0.25291622481442205,0.059915164369035,0.7142857142857143,0.8779088492918223,0.041357370095440084,0.01855779427359491,4,1
86,1815,0.7533375738389184,0.04958677685950408,0.24462809917355377,0.02809917355371901,0.7637362637362637,0.8977926185382894,0.025895316804407712,0.0022038567493112946,3,3
87,1569,0.7714186187711306,0.05481198215423838,0.2096876991714468,0.012746972594008922,0.7707006369426752,0.9225575331221572,0.012746972594008922,0.0,2,4
88,1783,0.7092013555289971,0.06337633202467752,0.2798653954010095,0.05103757711721817,0.8715083798882681,0.8675092944923306,0.035333707234997194,0.015703869882220976,4,4
89,1733,0.7968195570163971,0.04500865551067518,0.19042123485285634,0.0103866128101558,0.8390804597701149,0.9353088084758283,0.003462204270051933,0.006924408540103866,4,2
90,1828,0.668440075523721,0.09299781181619257,0.2778993435448577,0.07986870897155361,0.5081967213114754,0.8376734189240297,0.07056892778993436,0.009299781181619256,3,2
91,1790,0.7188725646478703,0.06340782122905028,0.2810614525139666,0.07206703910614524,0.8044692737430168,0.8728265066239087,0.03910614525139665,0.0329608938547486,3,1
92,1680,0.6670617896658535,0.08809523809523812,0.32863095238095247,0.11964285714285715,0.8154761904761905,0.832032902517171,0.07321428571428572,0.04642857142857143,3,2
93,1685,0.7420363987850609,0.06943620178041546,0.23620178041543027,0.02373887240356083,0.40828402366863903,0.8966227482207122,0.01543026706231454,0.00830860534124629,3,4
94,1985,0.664231492011997,0.08715365239294715,0.30831234256926954,0.13602015113350127,0.7035175879396985,0.8301467782110762,0.061460957178841306,0.07455919395465994,2,3
95,1828,0.7264871725877101,0.0672866520787746,0.236652078774617,0.03774617067833698,0.8852459016393442,0.8830193003066634,0.03774617067833698,0.0,2,1
96,1682,0.7231304963284084,0.08085612366230677,0.25499405469678954,0.04399524375743163,0.7692307692307693,0.8869282812243403,0.04399524375743163,0.0,2,2
97,1871,0.7405636900151146,0.0662747194013896,0.2538749331908071,0.028327097808658473,0.8457446808510638,0.8917507595628378,0.021913415285943347,0.006413682522715126,1,3
98,2119,0.7610431393752191,0.05096743747050503,0.24398301085417645,0.030202925908447382,0.7122641509433962,0.9073908964271096,0.02878716375648891,0.001415762151958471,1,1
99,1994,0.81169251850098,0.04864593781344029,0.17888665997993985,0.024072216649949848,0.685,0.9353667869154413,0.022066198595787363,0.0020060180541624875,2,3
100,1746,0.6465889623424806,0.0744558991981672,0.3193012600229095,0.13058419243986255,0.6514285714285715,0.8147678794340395,0.08648339060710195,0.0441008018327606,1,2
101,1732,0.784943221084218,0.05080831408775982,0.21068129330254046,0.013856812933025405,0.8333333333333334,0.9269226668124384,0.011547344110854504,0.0023094688221709007,3,1
102,1748,0.7442862864975887,0.05062929061784899,0.22877574370709375,0.02288329519450801,0.8057142857142857,0.9002373698657665,0.007437070938215103,0.015446224256292907,2,4
103,1577,0.7818094237733758,0.04946100190234626,0.20380469245402671,0.0057070386810399495,0.7531645569620253,0.9279335176631831,0.0057070386810399495,0.0,2,1
104,1687,0.7028331100025899,0.061055127445168944,0.2697095435684647,0.04386484884410195,0.7928994082840237,0.8627978069964325,0.01778304682868998,0.026081802015411975,2,3
105,1517,0.6662409313591056,0.07910349373764014,0.29558338826631514,0.09690177982860909,0.7631578947368421,0.8386154486677256,0.07119314436387607,0.025708635464733027,2,3
106,1851,0.7113482684391317,0.069151809832523,0.2744462452728255,0.06212857914640735,0.8978494623655914,0.8743391323631509,0.036196650459211235,0.02593192868719611,3,2
107,1649,0.6445826308000886,0.08368708308065492,0.32080048514251064,0.14736203759854458,0.6666666666666666,0.8158119812923452,0.09460278956943602,0.05275924802910855,1,2
108,1474,0.6764136292711357,0.08683853459972862,0.27883310719131615,0.08208955223880597,0.6756756756756757,0.8472287602259386,0.03731343283582089,0.04477611940298507,1,1
109,1689,0.666103252889456,0.09177027827116635,0.28952042628774427,0.06394316163410302,0.5088757396449705,0.8377452083944575,0.06039076376554174,0.003552397868561279,2,1
110,1760,0.7481122320636987,0.06789772727272728,0.21420454545454543,0.03579545454545455,0.8409090909090909,0.9034155645864018,0.03579545454545455,0.0,1,1
111,1773,0.6889375182014744,0.07557811618725324,0.2741116751269036,0.05358150028200789,0.8651685393258427,0.855584109378931,0.04342921601804851,0.01015228426395939,3,3
112,1812,0.6664246846099412,0.10320088300220753,0.2891832229580574,0.08112582781456953,0.6483516483516484,0.8361863185882169,0.04856512141280353,0.032560706401766004,1,3
113,1672,0.7335738965072004,0.054126794258373245,0.2718301435406701,0.04485645933014354,0.6785714285714286,0.8817421921957775,0.020933014354066987,0.023923444976076555,2,4
114,1665,0.7244942638195058,0.06426426426426426,0.2672672672672673,0.06906906906906907,0.6766467065868264,0.878055709686174,0.04024024024024024,0.02882882882882883,1,2
115,2183,0.8103879229196923,0.03802107191937698,0.18140174072377468,0.017407237746220796,0.7214611872146118,0.9354236539260495,0.013742556115437472,0.0036646816307833257,2,1
116,2058,0.724661443411266,0.0809037900874636,0.26107871720116615,0.04956268221574344,0.7669902912621359,0.8813418446286446,0.04518950437317784,0.004373177842565598,2,1
117,1602,0.6917707020289335,0.05680399500624221,0.270848938826467,0.04931335830212235,0.6708074534161491,0.8615169463358908,0.02372034956304619,0.025593008739076155,1,1
118,1615,0.6763177625231228,0.10092879256965942,0.30526315789473685,0.11331269349845201,0.5740740740740741,0.8440262501293724,0.05944272445820433,0.05386996904024768,1,2
119,1783,0.757897183692162,0.05776780706674145,0.2404935501962984,0.03645541222658441,0.8547486033519553,0.9063613707214903,0.03645541222658441,0.0,3,1
120,1661,0.7039866434378631,0.08850090307043945,0.24443106562311867,0.054184226369656835,0.7784431137724551,0.8742386625250538,0.019867549668874173,0.03431667670078266,1,3
121,1644,0.7830797459086613,0.03953771289537711,0.21167883211678834,0.017639902676399026,0.7454545454545455,0.9242301072133603,0.015206812652068127,0.0024330900243309003,1,1
122,1810,0.7689926053524851,0.06685082872928183,0.2099447513812155,0.019337016574585635,0.7790055248618785,0.9187490192417942,0.013259668508287293,0.0060773480662983425,1,1
123,1816,0.7317856446756358,0.0680066079295154,0.2433920704845815,0.034140969162995596,0.7802197802197802,0.8881427850507444,0.034140969162995596,0.0,3,2
124,1935,0.6151985769250927,0.12403100775193798,0.33178294573643413,0.1648578811369509,0.6391752577319587,0.7832952987013899,0.10284237726098192,0.06201550387596899,3,2
125,1649,0.6889453299370489,0.08247422680412375,0.2942389326864767,0.07762280169799879,0.7636363636363637,0.8595993061788947,0.06003638568829594,0.01758641600970285,1,1
126,1662,0.7703104549689836,0.05054151624548742,0.21419975932611307,0.009025270758122744,0.7724550898203593,0.91591379102714,0.009025270758122744,0.0,2,1
127,1721,0.7490367094983587,0.073794305636258,0.22370714700755379,0.02440441603718768,0.8728323699421965,0.9058865089168878,0.02440441603718768,0.0,3,3
128,1827,0.7271588465673476,0.06349206349206349,0.2714833059660645,0.038314176245210725,0.6557377049180327,0.8736031891340913,0.038314176245210725,0.0,1,3
129,1682,0.7079117819107875,0.07491082045184305,0.26813317479191445,0.044589774078478,0.5266272189349113,0.8687161900418822,0.03626634958382877,0.008323424494649227,1,4
130,1711,0.8040748167564348,0.0520163646990065,0.1724137931034483,0.014611338398597311,0.8488372093023255,0.9388959153103691,0.014611338398597311,0.0,2,3
131,1769,0.757314095279049,0.07179197286602601,0.23301300169587338,0.0248728094968909,0.7740112994350282,0.908794859483108,0.02430751837196156,0.0005652911249293386,1,2
132,2104,0.7620984559320455,0.060836501901140705,0.21867870722433463,0.02614068441064639,0.5971563981042654,0.9091673233990663,0.02614068441064639,0.0,4,3
133,1620,0.721032116446255,0.07345679012345677,0.2519135802469137,0.05308641975308642,0.7962962962962963,0.8770609622986757,0.05308641975308642,0.0,1,1
134,2094,0.7093213155721831,0.08357211079274116,0.25329512893982814,0.07688634192932187,0.5333333333333333,0.854482569267082,0.07497612225405921,0.0019102196752626551,5,2
135,1612,0.6726177354284631,0.086848635235732,0.3132133995037221,0.1054590570719603,0.6790123456790124,0.8418634250775362,0.05893300248138958,0.04652605459057072,1,2
136,1786,0.7331796187526765,0.05991041433370664,0.2486002239641657,0.021836506159014557,0.6424581005586593,0.8922458385511761,0.006159014557670772,0.015677491601343786,1,2
137,1626,0.7381390657361567,0.06396063960639606,0.2527675276752767,0.019065190651906518,0.803680981595092,0.8925099229383433,0.01845018450184502,0.0006150061500615006,1,1
138,1810,0.662708866625542,0.11215469613259665,0.26077348066298345,0.054696132596685085,0.6187845303867403,0.8231134734812712,0.054696132596685085,0.0,3,3
139,1555,0.7345463801364552,0.07652733118971056,0.24051446945337618,0.016720257234726688,0.5897435897435898,0.8918281599232118,0.016720257234726688,0.0,2,2
140,2164,0.7006445973063086,0.08987985212569315,0.2825785582255085,0.0933456561922366,0.5069124423963134,0.8506860075640975,0.08826247689463956,0.005083179297597043,2,2
141,1884,0.7156253755706558,0.07696390658174099,0.2475583864118896,0.06422505307855626,0.5767195767195767,0.8766315348319584,0.06422505307855626,0.0,3,1
142,1875,0.7324388390787444,0.06506666666666666,0.24981333333333364,0.04853333333333333,0.6914893617021277,0.8864000138048321,0.042133333333333335,0.0064,3,1
143,1808,0.7186332195513794,0.08904867256637167,0.23174778761061954,0.06471238938053098,0.6298342541436464,0.8729687855941284,0.06471238938053098,0.0,2,3
144,1767,0.7115758417661877,0.06338426711941136,0.2848896434634975,0.057724957555178265,0.5875706214689266,0.8623236479666566,0.057724957555178265,0.0,2,1
145,1777,0.8306886629166235,0.038829487900956694,0.1442881260551492,0.007878446820483961,0.7696629213483146,0.9535230777932078,0.007878446820483961,0.0,2,1
146,1526,0.7099849032907386,0.07208387942332894,0.24967234600262125,0.04325032765399738,0.6209150326797386,0.8824511004707688,0.04193971166448231,0.001310615989515072,4,1
147,1796,0.7024962001927223,0.07182628062360802,0.25501113585746105,0.022828507795100223,0.45,0.8749768365463001,0.022828507795100223,0.0,2,3
148,1695,0.6672343302882118,0.10029498525073749,0.28613569321533927,0.049557522123893805,0.5,0.8336185905450386,0.049557522123893805,0.0,1,1
149,1698,0.7415918017245271,0.0624263839811543,0.22320376914016482,0.01707891637220259,0.6941176470588235,0.904598176046911,0.01707891637220259,0.0,2,1
150,1594,0.6648549867711101,0.07841907151819327,0.2898368883312421,0.09849435382685069,0.5625,0.8269027158515749,0.06085319949811794,0.037641154328732745,1,1
151,1745,0.772398177543473,0.0515759312320917,0.21719197707736393,0.013753581661891117,0.7657142857142857,0.9201808773231078,0.013753581661891117,0.0,1,1
152,1994,0.7507695128819729,0.0651955867602809,0.2457372116349047,0.04212637913741224,0.4,0.8993167310335579,0.04212637913741224,0.0,4,4
153,1998,0.7297678623932662,0.05555555555555547,0.23123123123123124,0.028028028028028028,0.625,0.8904227439050745,0.024524524524524523,0.0035035035035035035,3,3
154,1901,0.761913472667527,0.054182009468700665,0.20725933719095213,0.03208837453971594,0.7015706806282722,0.9079844636171579,0.0194634402945818,0.01262493424513414,1,3
155,1670,0.7176454027640226,0.059281437125748515,0.26347305389221554,0.04790419161676647,0.6586826347305389,0.8761754271751621,0.04790419161676647,0.0,2,1
156,1587,0.7385598347750474,0.06427221172022679,0.2501575299306868,0.04662885948330183,0.6918238993710691,0.8898487165038119,0.037177063642092,0.00945179584120983,2,1
157,1791,0.7602640156860787,0.06700167504187604,0.19765494137353434,0.03238414293690676,0.7722222222222223,0.909559403607393,0.03238414293690676,0.0,1,3
158,1665,0.6977817344642647,0.07987987987987988,0.28828828828828834,0.057057057057057055,0.6047904191616766,0.8574207066836275,0.04564564564564565,0.011411411411411412,4,2
159,1927,0.6743571504457517,0.09185262065386607,0.2942397509081474,0.08458744161909704,0.7305699481865285,0.8403332608301554,0.06071613907628438,0.023871302542812663,2,1
160,1841,0.7098297833364358,0.05649103747963069,0.2900597501357957,0.08310700706137969,0.8162162162162162,0.8667658260439893,0.060836501901140684,0.022270505160239002,2,1
161,1851,0.7048602770437985,0.072933549432739,0.27336574824419235,0.04700162074554295,0.8602150537634409,0.8643001227342385,0.04700162074554295,0.0,1,2
162,1563,0.7025207272918089,0.07357645553422898,0.2661548304542547,0.061420345489443376,0.6878980891719745,0.8654667358353814,0.022392834293026232,0.03902751119641715,4,4
163,1814,0.6767944130391641,0.07497243660418962,0.2867144432194047,0.08324145534729879,0.6703296703296703,0.8462157533040873,0.08269018743109151,0.0005512679162072767,3,1
164,1549,0.6909072842096825,0.08844415752098128,0.28586184635248557,0.08844415752098128,0.7483870967741936,0.8580434755083762,0.06907682375726275,0.019367333763718526,1,1
165,1600,0.761183031471209,0.05562500000000002,0.22499999999999998,0.025,0.81875,0.9106800505423722,0.01875,0.00625,1,2
166,1553,0.6719115797379095,0.08370895041854476,0.31616226658081137,0.11719253058596266,0.7435897435897436,0.8432788175145486,0.07598197037990985,0.0412105602060528,1,3
167,1596,0.6988549420236749,0.09147869674185466,0.2471804511278196,0.06077694235588972,0.60625,0.8609770270642497,0.06077694235588972,0.0,3,1
168,1845,0.755131451629506,0.06829268292682922,0.23447154471544723,0.018970189701897018,0.8594594594594595,0.9078823328939621,0.01842818428184282,0.0005420054200542005,1,3
169,1873,0.7139259436843216,0.0758142018152696,0.2455953016550988,0.06673785371062467,0.824468085106383,0.871628373715111,0.06673785371062467,0.0,2,2
170,1846,0.6306685108778296,0.0747562296858072,0.35969664138678226,0.176056338028169,0.6,0.7930551869748812,0.10130010834236186,0.07475622968580715,2,1
171,1496,0.6335129522547843,0.08622994652406413,0.3348930481283422,0.1657754010695187,0.8466666666666667,0.8002022507645683,0.07352941176470588,0.09224598930481283,1,1
172,1797,0.5614210527621795,0.1213132999443517,0.35058430717863104,0.2159154145798553,0.4,0.7295968726858585,0.14969393433500278,0.06622148024485253,4,4
173,1842,0.7402117610538362,0.0513029315960912,0.26970684039087955,0.03745928338762215,0.7621621621621621,0.891012007106752,0.035830618892508145,0.0016286644951140066,1,2
174,1610,0.6588865610995752,0.07826086956521738,0.32180124223602496,0.11677018633540373,0.5527950310559007,0.8331113061559846,0.07080745341614907,0.04596273291925466,2,1
175,1599,0.7038929457544713,0.07692307692307693,0.30606629143214514,0.10569105691056911,0.79375,0.8655678722008432,0.06253908692933083,0.043151969981238276,2,2
176,1837,0.7267955474803067,0.06260206859009257,0.23298856831790962,0.05062602068590093,0.782608695652174,0.8909026701427917,0.05062602068590093,0.0,1,1
177,1611,0.7451013990709909,0.0602110490378647,0.2228429546865301,0.025450031036623216,0.7098765432098766,0.9044405820659399,0.016139044072004966,0.00931098696461825,1,1
178,1785,0.7303797054503751,0.05378151260504205,0.2834733893557423,0.06554621848739496,0.7039106145251397,0.8777948389685013,0.03417366946778711,0.03137254901960784,1,1
179,1933,0.7199718069040923,0.0781169167097776,0.27211588204862913,0.07035695809622348,0.4793814432989691,0.8698281686771154,0.0553543714433523,0.015002586652871184,3,2
180,1637,0.6728323180985836,0.07330482590103848,0.3164324984728161,0.1264508246792914,0.7439024390243902,0.8430731223484978,0.07758094074526573,0.04886988393402566,2,1
181,1829,0.6329824725296771,0.09841443411700379,0.27577911427009294,0.08310552214324768,0.7213114754098361,0.7955910663373292,0.08310552214324768,0.0,3,1
182,1801,0.7163403382437482,0.0710716268739589,0.2648528595224875,0.059966685174902834,0.8176795580110497,0.8756707542981581,0.059966685174902834,0.0,2,1
183,1808,0.7027985206112438,0.08185840707964598,0.3125,0.10674778761061947,0.8011049723756906,0.856036397877271,0.05807522123893805,0.048672566371681415,1,3
184,2045,0.6970429918336725,0.07286063569682155,0.29447432762836195,0.07090464547677261,0.7414634146341463,0.8563500395513689,0.05232273838630807,0.018581907090464547,3,2
185,1835,0.7371819687387572,0.06158038147138967,0.22561307901907393,0.02779291553133515,0.7989130434782609,0.8950859744723713,0.02779291553133515,0.0,2,1
186,1812,0.7625602026028018,0.04966887417218535,0.23289183222958054,0.00772626931567329,0.7637362637362637,0.9108245951062512,0.00772626931567329,0.0,2,3
187,1725,0.682980635562841,0.07768115942028986,0.3067826086956523,0.10956521739130434,0.8554913294797688,0.8427221088681384,0.06608695652173913,0.043478260869565216,2,1
188,1700,0.6917781687578867,0.08882352941176472,0.29064705882352954,0.07588235294117647,0.8647058823529412,0.8529420140726086,0.06352941176470588,0.012352941176470587,1,3
189,1742,0.6388205496171716,0.09902411021814006,0.3161882893226178,0.10734787600459242,0.6114285714285714,0.8034921034161351,0.07864523536165327,0.02870264064293915,4,2
190,1757,0.7175467084635431,0.06602162777461573,0.2504268639726807,0.06317586795674444,0.8068181818181818,0.8793784593432415,0.06317586795674444,0.0,2,1
191,1600,0.7596828912305965,0.057187499999999974,0.234375,0.016875,0.625,0.9097529818864569,0.00875,0.008125,5,1
192,1714,0.7030142200512198,0.07759626604434078,0.26861143523920655,0.046674445740956826,0.6686046511627907,0.8663375445265044,0.046674445740956826,0.0,2,2
193,1692,0.669034467559635,0.08628841607565013,0.2919621749408983,0.08806146572104019,0.888235294117647,0.8332339161768874,0.06796690307328605,0.02009456264775414,3,3
194,1918,0.7751556238322427,0.04171011470281544,0.2413972888425443,0.027111574556830033,0.5989583333333334,0.9125059579501846,0.02502606882168926,0.0020855057351407717,2,1
195,1684,0.5992033757658151,0.10035629453681706,0.3616389548693587,0.20368171021377673,0.6331360946745562,0.7643107083262387,0.09916864608076009,0.10451306413301663,1,1
196,1618,0.673881048796,0.07972805933250926,0.2684177997527812,0.07478368355995056,0.6851851851851852,0.8450531098344561,0.07478368355995056,0.0,1,1
197,1727,0.7928454517917938,0.0440069484655472,0.20092646207295894,0.01795020266357846,0.8497109826589595,0.9304308324329117,0.01795020266357846,0.0,3,3
198,1947,0.7330231064112156,0.07241910631741139,0.23677452491011813,0.03133025166923472,0.7076923076923077,0.8931488585139206,0.03133025166923472,0.0,2,1
199,1810,0.6935233838412243,0.09116022099447514,0.29834254143646405,0.09723756906077348,0.8287292817679558,0.8524375239539588,0.03425414364640884,0.06298342541436464,2,2
200,2049,0.7095099495439493,0.07125427037579307,0.2737920937042459,0.0629575402635432,0.6487804878048781,0.8641340722197803,0.0629575402635432,0.0,2,1
201,1872,0.6995358389155898,0.07852564102564108,0.28066239316239344,0.0673076923076923,0.824468085106383,0.8619319444925961,0.03632478632478633,0.030982905982905984,1,1
202,1622,0.7658054378014911,0.05363748458692971,0.21948212083847107,0.011097410604192354,0.7423312883435583,0.9185467705298908,0.006165228113440197,0.004932182490752158,2,4
203,1401,0.760589322360965,0.0713775874375446,0.18986438258386873,0.01641684511063526,0.6028368794326241,0.9157189003030224,0.01641684511063526,0.0,1,2
204,1925,0.7107154882200376,0.06025974025974026,0.27012987012987016,0.06337662337662338,0.9015544041450777,0.8620018255218165,0.025974025974025976,0.0374025974025974,1,2
205,1730,0.7638749589349793,0.057225433526011504,0.2202312138728324,0.04335260115606936,0.7341040462427746,0.910978940425983,0.03641618497109827,0.006936416184971098,1,3
206,1647,0.7208825955356281,0.052216150576806314,0.2671523982999393,0.07103825136612021,0.8363636363636363,0.8752892959725003,0.04310868245294475,0.02792956891317547,1,1
207,2080,0.7158290064068443,0.06995192307692305,0.2682692307692307,0.03942307692307692,0.5048076923076923,0.8679259257987496,0.0375,0.0019230769230769232,2,3
208,1887,0.75379477104258,0.05776364599894013,0.23020667726550134,0.025967143614202437,0.873015873015873,0.8962031010275353,0.025967143614202437,0.0,1,2
209,1801,0.721389447718545,0.0710716268739589,0.26096612992781787,0.056635202665186006,0.7513812154696132,0.8826124425854326,0.04719600222098834,0.009439200444197668,1,2
210,1876,0.7911049034473023,0.05383795309168449,0.18630063965884863,0.026119402985074626,0.8351063829787234,0.9301486084262633,0.014392324093816631,0.011727078891257996,2,3
211,1563,0.696621249113964,0.06397952655150352,0.29046705054382604,0.08957133717210493,0.8598726114649682,0.8717634857063347,0.07037747920665387,0.019193857965451054,2,1
212,1581,0.6982860366189306,0.06957621758380778,0.2922201138519924,0.08349146110056926,0.89937106918239,0.856555797561786,0.0683111954459203,0.015180265654648957,1,1
213,1701,0.713929309899646,0.06937095825984713,0.2821869488536155,0.0564373897707231,0.8947368421052632,0.8685875846027368,0.0411522633744856,0.015285126396237508,1,2
214,1866,0.7183124839308423,0.07288317256162918,0.26688102893890675,0.03912111468381565,0.6524064171122995,0.8711287943162142,0.03912111468381565,0.0,1,2
215,1828,0.73136013539267,0.0637308533916849,0.26531728665207877,0.039934354485776806,0.8087431693989071,0.8873474104672247,0.039934354485776806,0.0,3,2
216,1730,0.7438084681413891,0.05433526011560692,0.2405202312138729,0.03872832369942197,0.7572254335260116,0.898455673176071,0.03872832369942197,0.0,2,1
217,1841,0.5938455355902854,0.13362303096143402,0.33731667571971746,0.18413905486148832,0.5621621621621622,0.7560283888064675,0.10320478001086367,0.08093427485062465,2,3
218,1696,0.696509438691673,0.09198113207547176,0.26591981132075476,0.03773584905660377,0.8058823529411765,0.8618291182769918,0.03714622641509434,0.0005896226415094339,2,1
219,1704,0.7754637297118252,0.041666666666666685,0.2181338028169014,0.014084507042253521,0.7719298245614035,0.9153958663888612,0.014084507042253521,0.0,1,1
220,1970,0.7798473778881165,0.05989847715736041,0.20152284263959386,0.027411167512690356,0.8274111675126904,0.9203720427725148,0.02030456852791878,0.007106598984771574,4,1
221,1646,0.673182465036879,0.08080194410692593,0.3034629404617254,0.10206561360874848,0.7212121212121212,0.8344919149401347,0.08687727825030377,0.015188335358444714,1,1
222,1936,0.7004088898006194,0.08006198347107439,0.26704545454545453,0.059400826446280995,0.7371134020618557,0.8590508695281354,0.059400826446280995,0.0,1,2
223,1598,0.7810628695532092,0.04443053817271592,0.21188986232790985,0.005632040050062578,0.81875,0.9209933547018344,0.005632040050062578,0.0,2,2
224,1981,0.7153547882621775,0.06966178697627462,0.2544169611307421,0.03634528016153458,0.6834170854271356,0.8702118800838422,0.03634528016153458,0.0,1,2
225,1451,0.7159508671152847,0.06616126809097167,0.25775327360441075,0.07856650585802895,0.8424657534246576,0.880216651382881,0.04893177119228118,0.029634734665747762,1,1
226,1751,0.7869420790210349,0.03769274700171332,0.2044545973729298,0.03597944031981725,0.8011363636363636,0.9223838380892383,0.03255282695602513,0.0034266133637921186,1,2
227,1771,0.7120687772333154,0.07679277244494631,0.2778091473743647,0.038396386222473176,0.702247191011236,0.8761499427433397,0.03274985883681536,0.00564652738565782,1,3
228,1601,0.7649392391583942,0.06558400999375391,0.19362898188632105,0.0231105559025609,0.7204968944099379,0.9162240763917054,0.012492192379762648,0.010618363522798251,3,3
229,1714,0.6711162814167668,0.07701283547257873,0.2724620770128354,0.056009334889148193,0.6104651162790697,0.8423461660758197,0.056009334889148193,0.0,2,1
230,1674,0.7237889464404027,0.06511350059737157,0.25908004778972527,0.05555555555555555,0.9047619047619048,0.8826582032085755,0.03464755077658303,0.02090800477897252,3,7
231,1787,0.7353760515558699,0.06547285954113036,0.229994404029099,0.049244543928371576,0.6480446927374302,0.8924894739222435,0.049244543928371576,0.0,2,2
232,1773,0.7974095763969747,0.05358150028200789,0.17766497461928932,0.012972363226170333,0.8146067415730337,0.9330000020497333,0.012972363226170333,0.0,3,1
233,1648,0.7164923780858813,0.0819174757281553,0.2372572815533981,0.03762135922330097,0.7878787878787878,0.8843640726267413,0.016383495145631068,0.021237864077669904,1,3
234,1959,0.7482866661275133,0.05359877488514553,0.24971924451250643,0.02092904543134252,0.7602040816326531,0.8978288200496719,0.02092904543134252,0.0,1,1
235,2041,0.7625689581815953,0.04703576678098975,0.21656050955414008,0.0240078392944635,0.751219512195122,0.9075229948359309,0.0240078392944635,0.0,1,1
236,1770,0.7252762919248662,0.057627118644067776,0.2802824858757063,0.03898305084745763,0.8192090395480226,0.8818533716040424,0.03502824858757062,0.0039548022598870055,3,1
237,1602,0.7733494964128734,0.05742821473158555,0.20093632958801508,0.02122347066167291,0.6770186335403726,0.9234676787330798,0.02122347066167291,0.0,2,3
238,2047,0.7755503569301426,0.04396678065461651,0.23497801660967294,0.018563751831949193,0.8048780487804879,0.9131542150445315,0.016609672691744015,0.0019540791402051783,1,1
239,1754,0.7151560694996685,0.061573546180159644,0.25370581527936154,0.043329532497149374,0.5852272727272727,0.8739032930289135,0.03534777651083238,0.00798175598631699,3,1
240,1685,0.7060128978355655,0.06824925816023739,0.2822551928783384,0.08664688427299704,0.7396449704142012,0.8699896004379664,0.07181008902077152,0.01483679525222552,1,4
241,1746,0.7651550785838354,0.05441008018327609,0.2170675830469645,0.023482245131729668,0.7371428571428571,0.9155537499848821,0.021191294387170677,0.002290950744558992,1,3
242,1652,0.7307798710109182,0.07566585956416472,0.23305084745762716,0.025423728813559324,0.5120481927710844,0.8980196483362467,0.01694915254237288,0.00847457627118644,3,2
243,1923,0.6820495821573129,0.0728029121164846,0.30150806032241284,0.10348413936557463,0.5803108808290155,0.8418693843702001,0.09620384815392616,0.007280291211648466,2,2
244,1714,0.6705516006350596,0.06417736289381559,0.3051341890315053,0.11376896149358226,0.8255813953488372,0.8405434270950929,0.07701283547257877,0.0367561260210035,3,1
245,1780,0.6529647057038759,0.11095505617977522,0.2938202247191012,0.08595505617977528,0.6573033707865169,0.8192857690241333,0.07415730337078652,0.011797752808988765,1,2
246,1784,0.727671642580124,0.06670403587443946,0.24495515695067271,0.03531390134529148,0.4301675977653631,0.8833572173837809,0.03531390134529148,0.0,1,3
247,1745,0.6681533358633676,0.07106017191977076,0.3140401146131805,0.11633237822349571,0.6971428571428572,0.8359392652231245,0.08022922636103152,0.03610315186246418,2,2
248,1767,0.7275435656750465,0.05829088851160158,0.2710809281267685,0.03621958121109225,0.768361581920904,0.8804782909203221,0.03621958121109225,0.0,1,2
249,2044,0.6831785657291473,0.05821917808219179,0.3419765166340508,0.15802348336594912,0.8634146341463415,0.8343966426874375,0.07289628180039139,0.08512720156555773,1,4
250,1819,0.709736426675964,0.06981858163826277,0.2660802638812535,0.05057724024189115,0.8626373626373627,0.8716323959876293,0.05057724024189115,0.0,1,5
251,1656,0.7357723399064078,0.050724637681159424,0.2657004830917874,0.030797101449275364,0.7048192771084337,0.8868655723424247,0.030797101449275364,0.0,2,1
252,1791,0.7645628339540914,0.05639307649357901,0.2127303182579564,0.02568397543271915,0.8388888888888889,0.9091942305460837,0.01786711334450028,0.007816862088218872,3,1
253,1793,0.713005981845743,0.07306190741773566,0.2442833240379253,0.04350250976017847,0.6222222222222222,0.882115365920884,0.04182933630786392,0.0016731734523145567,2,1
254,1640,0.70504678074328,0.07317073170731703,0.2786585365853659,0.06829268292682927,0.6707317073170732,0.8699881010094325,0.061585365853658536,0.006707317073170732,1,2
255,1814,0.6321868047249032,0.0934399117971334,0.3291069459757442,0.1350606394707828,0.6813186813186813,0.8057412202799998,0.08489525909592062,0.050165380374862185,1,2
256,1886,0.6760225766826959,0.10127253446447504,0.2698833510074231,0.0440084835630965,0.5873015873015873,0.8482449241237956,0.020678685047720042,0.02332979851537646,2,1
257,1733,0.7370987032166445,0.07270628967109061,0.24096941719561446,0.029428736295441432,0.8275862068965517,0.8879858383014941,0.029428736295441432,0.0,1,2
258,2057,0.702195865025401,0.09528439474963546,0.22975206611570262,0.05785123966942149,0.8009708737864077,0.8540510014812872,0.05785123966942149,0.0,1,1
259,1884,0.6709020733576727,0.09766454352441611,0.2823779193205945,0.07112526539278131,0.7619047619047619,0.8381219221961306,0.07112526539278131,0.0,2,2
260,2338,0.7602114824103573,0.06544054747647561,0.22412318220701444,0.028229255774165955,0.7222222222222222,0.9054195813748808,0.02480752780153978,0.003421727972626176,3,2
261,1753,0.7629828772436702,0.0656018254420993,0.20867084997147745,0.01825442099258414,0.8409090909090909,0.9089743136452295,0.01825442099258414,0.0,1,2
262,1745,0.5777019582615537,0.11346704871060165,0.36332378223495704,0.2,0.7085714285714285,0.747766437598715,0.10315186246418338,0.09684813753581661,1,2
263,1752,0.6154566313865207,0.11501141552511415,0.3292808219178083,0.1284246575342466,0.6534090909090909,0.7924699852791647,0.08105022831050228,0.04737442922374429,2,2
264,1868,0.7232209454171572,0.05192719486081376,0.2858672376873662,0.06531049250535331,0.6951871657754011,0.8803880545842244,0.03693790149892934,0.028372591006423982,1,1
265,2054,0.7306247362056629,0.06815968841285297,0.25998052580331066,0.048198636806231744,0.6699029126213593,0.8810465464678842,0.04771178188899708,0.0004868549172346641,1,5
266,1741,0.7181480448662457,0.0746697300402068,0.2464101091326824,0.048822515795519814,0.8228571428571428,0.8765783004940293,0.048822515795519814,0.0,1,2
267,1625,0.6964779312066419,0.09599999999999997,0.2694153846153849,0.05846153846153846,0.6871165644171779,0.8689779147904682,0.048615384615384616,0.009846153846153846,2,1
268,1986,0.7063729773614775,0.06898288016112789,0.26460221550855995,0.07099697885196375,0.5778894472361809,0.8643090375244112,0.07099697885196375,0.0,3,2
269,1567,0.7033501487939854,0.0835992342054882,0.26687938736439076,0.05552010210593491,0.5668789808917197,0.8727370630779201,0.04594767070835992,0.009572431397574984,2,1
270,1646,0.607037897680182,0.08080194410692591,0.3681652490886999,0.20413122721749696,0.6484848484848484,0.7739616147832535,0.09477521263669501,0.10935601458080195,1,3
271,1591,0.7155635827170499,0.06536769327467001,0.2564424890006285,0.05719673161533627,0.575,0.8788618955487444,0.054682589566310495,0.00251414204902577,1,1
272,1583,0.716904379549791,0.07138344914718886,0.2552116234996842,0.035375868603916616,0.8050314465408805,0.8843676096512565,0.03474415666456096,0.0006317119393556538,1,2
273,1890,0.6897403281063332,0.08624338624338623,0.2846560846560846,0.05767195767195767,0.7883597883597884,0.8525809438558843,0.05343915343915344,0.004232804232804233,1,1
274,1834,0.7805029488401388,0.050708833151581256,0.19465648854961826,0.019629225736095966,0.7554347826086957,0.9280298315700625,0.015267175572519083,0.004362050163576881,1,1
275,1744,0.6196884804134628,0.1037844036697248,0.3130733944954128,0.12786697247706422,0.7314285714285714,0.7889120690191468,0.08314220183486239,0.04472477064220184,4,2
276,1692,0.7238596294845245,0.05969267139479906,0.26530732860520095,0.03900709219858156,0.5470588235294118,0.8812758417896506,0.03723404255319149,0.0017730496453900709,1,1
277,1820,0.6747657086606317,0.071978021978022,0.306043956043956,0.12252747252747252,0.45604395604395603,0.8385277511683017,0.09340659340659341,0.02912087912087912,3,4
278,1756,0.7516093535433062,0.054669703872437386,0.23348519362186793,0.041571753986332574,0.5852272727272727,0.9034268049612144,0.04100227790432802,0.0005694760820045558,2,2
279,1971,0.6589762678589104,0.08675799086757996,0.3191273465246068,0.15778792491121257,0.7878787878787878,0.8154182449172096,0.0791476407914764,0.07864028411973617,1,1
280,1778,0.7125419656823829,0.05174353205849269,0.27109111361079863,0.07930258717660292,0.5786516853932584,0.8711951364274874,0.07761529808773904,0.001687289088863892,5,5
281,1845,0.7517458038934222,0.06178861788617884,0.22872628726287264,0.024390243902439025,0.6702702702702703,0.8996963652757527,0.024390243902439025,0.0,2,3
282,1738,0.775506170612392,0.051208285385500596,0.2082853855005754,0.02704257767548907,0.7988505747126436,0.9193824422247626,0.02704257767548907,0.0,2,1
283,1757,0.7573077804087179,0.06715993170176437,0.1923733636881047,0.03187250996015936,0.6420454545454546,0.9131380365585527,0.02618099032441662,0.005691519635742743,1,4
284,1874,0.6494636556265411,0.09391675560298829,0.3084311632870865,0.144076840981857,0.8563829787234043,0.8129964297571037,0.08217716115261472,0.061899679829242264,1,3
285,1521,0.7224243662769451,0.06771860618014464,0.23800131492439192,0.042735042735042736,0.6405228758169934,0.8864216482872831,0.027613412228796843,0.015121630506245891,1,3
286,1973,0.7988222360435691,0.03699949315762796,0.18297009630005068,0.025342118601115054,0.7525252525252525,0.9319052013482622,0.01875316776482514,0.006588950836289914,2,2
287,1942,0.6936185622516999,0.09062821833161694,0.2713697219361483,0.0674562306900103,0.6307692307692307,0.860357173125882,0.06488156539649846,0.0025746652935118436,3,1
288,1863,0.7081023681803361,0.07461084272678475,0.2565754159957059,0.05152979066022544,0.9786096256684492,0.8712579859475472,0.05099302200751476,0.0005367686527106817,3,4
289,1731,0.6887176645704015,0.07394569612940494,0.2778740612362796,0.07105719237435008,0.7183908045977011,0.8542248173743106,0.06990179087232813,0.0011554015020219526,2,2
290,1769,0.7663682200778552,0.06105144149236852,0.22781232334652346,0.01921989824759751,0.864406779661017,0.9148666203846604,0.01921989824759751,0.0,4,2
291,1636,0.681357337776161,0.06662591687041564,0.3160146699266504,0.12224938875305623,0.9146341463414634,0.8405134722308735,0.08007334963325183,0.0421760391198044,2,2
292,2124,0.6617237393671136,0.07674199623352165,0.30466101694915265,0.10546139359698682,0.5539906103286385,0.8302465393795286,0.08615819209039548,0.019303201506591337,3,1
293,1716,0.727482770116272,0.0844988344988345,0.2214452214452214,0.03613053613053613,0.8081395348837209,0.88867713370135,0.03613053613053613,0.0,3,2
294,1726,0.7372170566152467,0.07184241019698723,0.24449594438006955,0.031286210892236384,0.7572254335260116,0.892540820980198,0.023754345307068367,0.007531865585168019,1,2
295,1482,0.7014953693905401,0.0681511470985155,0.24352226720647782,0.0641025641025641,0.6442953020134228,0.8674683025281468,0.022267206477732792,0.04183535762483131,1,2
296,2051,0.7755204653191355,0.059970745977571904,0.20575329107752316,0.02779132130667967,0.7233009708737864,0.9126628302324318,0.02779132130667967,0.0,2,1
297,1668,0.7871749320033328,0.05605515587529977,0.17925659472422062,0.029376498800959234,0.7485029940119761,0.9239069414142268,0.029376498800959234,0.0,2,1
298,1821,0.7956199970522928,0.04173531026908295,0.17737506864360242,0.029104887424492038,0.8907103825136612,0.9299324038103335,0.02471169686985173,0.004393190554640308,3,3
299,2027,0.7816141646508575,0.05426739023186977,0.22091761223482992,0.02713369511593488,0.9655172413793104,0.9181384222415487,0.024173655648741982,0.0029600394671928957,1,1
300,1843,0.7784270587826001,0.04177970699945743,0.22072707542050998,0.004340748779164406,0.6702702702702703,0.9171840020841572,0.004340748779164406,0.0,1,3
301,1654,0.7021057917692135,0.0761789600967352,0.27871825876662637,0.07799274486094317,0.6867469879518072,0.8677075918305018,0.03869407496977025,0.039298669891172915,2,5
302,1764,0.7440530185731108,0.05385487528344668,0.2505668934240363,0.05215419501133787,0.7570621468926554,0.8964415641587093,0.05215419501133787,0.0,2,2
303,2014,0.63248088636312,0.09831181727904664,0.33202581926514396,0.15243296921549157,0.6237623762376238,0.7872323635074238,0.12909632571996027,0.02333664349553128,2,2
304,1799,0.7004691250610309,0.07003891050583655,0.2902723735408561,0.0622568093385214,0.7111111111111111,0.865893952233972,0.0528071150639244,0.009449694274596998,1,1
305,1617,0.5761869851622544,0.12059369202226344,0.37068645640074216,0.21583178726035868,0.8271604938271605,0.7416860103864916,0.11626468769325912,0.09956709956709957,1,1
306,1562,0.6864733133312642,0.06594110115236879,0.2791293213828425,0.07426376440460948,0.8089171974522293,0.856711665185382,0.028169014084507043,0.046094750320102434,2,1
307,1794,0.6035012787771542,0.09810479375696768,0.3979933110367893,0.1939799331103679,0.6888888888888889,0.7599217476014578,0.11538461538461539,0.07859531772575251,1,2
308,1681,0.6678287671621307,0.10826888756692443,0.30339083878643663,0.10826888756692445,0.757396449704142,0.8357771580227098,0.0725758477096966,0.03569303985722784,3,2
309,2239,0.7790247255984664,0.054488610987047825,0.2036623492630638,0.04242965609647164,0.6651785714285714,0.9161704083572279,0.04108977221974096,0.0013398838767306833,4,1
310,1552,0.7343092771500223,0.07731958762886601,0.2268041237113403,0.04381443298969072,0.6730769230769231,0.8984433882585617,0.028994845360824743,0.014819587628865979,2,4
311,1711,0.6859373973772358,0.0789012273524255,0.27177089421391,0.07422559906487435,0.7558139534883721,0.8563017323515527,0.058445353594389245,0.015780245470485097,1,1
312,1686,0.6742519948565288,0.07740213523131673,0.3087188612099644,0.12158956109134045,0.757396449704142,0.8392443593659701,0.0634638196915777,0.05812574139976275,2,1
313,1690,0.7176550767662332,0.05680473372781064,0.2740236686390533,0.05088757396449704,0.9053254437869822,0.8768172175387884,0.03550295857988166,0.015384615384615385,3,1
314,2026,0.7477562206067218,0.057749259624876606,0.24851924975320827,0.022704837117472853,0.7142857142857143,0.9003473182762528,0.021224086870681145,0.0014807502467917078,1,1
315,1638,0.725981568313809,0.08241758241758243,0.22283272283272282,0.036019536019536016,0.7012195121951219,0.8874669932574812,0.036019536019536016,0.0,3,2
316,1863,0.776148870881266,0.04938271604938271,0.23134728931830384,0.024691358024691357,0.7967914438502673,0.9129949052512285,0.024691358024691357,0.0,2,3
317,1682,0.7250733963074949,0.06718192627824021,0.24667063020214033,0.03864447086801427,0.8106508875739645,0.8867415473218,0.027348394768133173,0.011296076099881093,4,1
318,1886,0.6524111507911033,0.09013785790031814,0.323966065747614,0.13944856839872746,0.544973544973545,0.816713814987482,0.07688229056203605,0.06256627783669141,2,2
319,1678,0.7408487531599561,0.060190703218116814,0.24851013110846243,0.02264600715137068,0.8214285714285714,0.8938847113661336,0.021454112038140644,0.0011918951132300357,2,2
320,1759,0.7643937133161874,0.06480955088118245,0.21432632177373512,0.02274019329164298,0.7727272727272727,0.910749746182766,0.02274019329164298,0.0,1,1
321,1755,0.7432972945898955,0.059259259259259234,0.24957264957264957,0.014814814814814815,0.7670454545454546,0.8895968356222923,0.014245014245014245,0.0005698005698005698,1,1
322,1948,0.738395163694992,0.06416837782340865,0.2623203285420945,0.037987679671457907,0.8102564102564103,0.8843843763735706,0.03696098562628337,0.001026694045174538,3,3
323,1731,0.7578338837655579,0.05661467359907568,0.2305025996533795,0.023108030040439053,0.8045977011494253,0.907339043701572,0.0219526285384171,0.0011554015020219526,1,2
324,1638,0.7792571237900587,0.05891330891330887,0.2042735042735042,0.016483516483516484,0.7134146341463414,0.927107896383773,0.014041514041514042,0.002442002442002442,3,2
325,1575,0.7390497539515527,0.06666666666666665,0.22539682539682535,0.04317460317460318,0.7531645569620253,0.8943666716249614,0.04317460317460318,0.0,1,3
326,1830,0.5959374020711283,0.10683060109289617,0.3852459016393443,0.17650273224043717,0.7923497267759563,0.7614371911577725,0.07595628415300547,0.1005464480874317,1,1
327,1769,0.7019444334208537,0.07405313736574332,0.27416619559072924,0.06105144149236857,0.5875706214689266,0.8614218043874572,0.06105144149236857,0.0,2,1
328,1712,0.7046176934700051,0.07943925233644861,0.2546144859813084,0.056074766355140186,0.7848837209302325,0.8750656655535934,0.0514018691588785,0.004672897196261682,2,2
329,1696,0.7119282828416449,0.055424528301886794,0.27948113207547176,0.07370283018867925,0.8058823529411765,0.8682924499985719,0.07370283018867925,0.0,4,3
330,1981,0.7816054296795264,0.04290762241292276,0.19586067642604743,0.034326097930338216,0.6984924623115578,0.9185078340585379,0.034326097930338216,0.0,3,1
331,1772,0.7255492198008032,0.0564334085778781,0.2550790067720091,0.03216704288939052,0.6573033707865169,0.881029400875164,0.03216704288939052,0.0,1,1
332,1814,0.6435690197171374,0.07221609702315326,0.34564498346196254,0.17475192943770673,0.7912087912087912,0.8079218383422426,0.10088202866593164,0.07386990077177508,3,1
333,1787,0.7090027706912676,0.0677112479015109,0.2705092333519867,0.041969781757134866,0.7318435754189944,0.8725860768801527,0.041969781757134866,0.0,1,2
334,1614,0.7388986719777304,0.060718711276332105,0.27137546468401486,0.02540272614622057,0.7222222222222222,0.8899088956589614,0.02540272614622057,0.0,1,3
335,1790,0.7479507248587861,0.07458100558659217,0.22290502793296085,0.05195530726256983,0.8324022346368715,0.8925002912431379,0.050837988826815644,0.0011173184357541898,3,1
336,1914,0.7699826065845641,0.046499477533960276,0.20067920585161972,0.045454545454545456,0.734375,0.9109136845024791,0.045454545454545456,0.0,2,2
337,1876,0.780100552389343,0.059701492537313466,0.1956289978678038,0.02025586353944563,0.6595744680851063,0.9245199746277354,0.01812366737739872,0.0021321961620469083,1,1
338,1852,0.7349052720090392,0.06263498920086391,0.25,0.04967602591792657,0.6774193548387096,0.8861167219311803,0.04967602591792657,0.0,3,3
339,1850,0.6689532984136346,0.08648648648648649,0.31032432432432444,0.12324324324324325,0.5027027027027027,0.8393699823208021,0.06702702702702702,0.05621621621621622,3,2
340,1860,0.7178959748207809,0.0741935483870968,0.27505376344086063,0.056451612903225805,0.7526881720430108,0.8784992618270118,0.05,0.0064516129032258064,2,2
341,1925,0.6814694146601074,0.07740259740259747,0.30597402597402595,0.10493506493506494,0.6269430051813472,0.8470225380908578,0.06545454545454546,0.039480519480519484,1,1
342,1694,0.7231899555515848,0.06729634002361273,0.2632821723730815,0.043683589138134596,0.6941176470588235,0.8856495695475365,0.024793388429752067,0.018890200708382526,1,1
343,1632,0.7440884140814408,0.06924019607843135,0.22671568627450983,0.034926470588235295,0.9085365853658537,0.8993232226391203,0.034926470588235295,0.0,1,1
344,1655,0.5920094921661831,0.11601208459214502,0.34658610271903323,0.24290030211480362,0.7590361445783133,0.75389622105586,0.1365558912386707,0.10634441087613293,1,1
345,1647,0.6990450762691152,0.07407407407407407,0.25683060109289624,0.08561020036429873,0.6121212121212121,0.8575520325371476,0.035215543412264724,0.050394656952034,2,2
346,1720,0.7215565254011221,0.06162790697674422,0.2552325581395348,0.0436046511627907,0.5930232558139535,0.881173332149026,0.023837209302325583,0.019767441860465116,3,3
347,1775,0.7397105281558087,0.06140845070422529,0.24957746478873233,0.056901408450704224,0.848314606741573,0.8882151283845013,0.056901408450704224,0.0,2,2
348,1677,0.7585221588590934,0.0685748360166965,0.20751341681574242,0.04174120453190221,0.8095238095238095,0.9077537905188845,0.03935599284436494,0.002385211687537269,1,2
349,2054,0.7440582371769775,0.07010710808179166,0.22916260954235637,0.034079844206426485,0.7669902912621359,0.9002346779768476,0.034079844206426485,0.0,2,2
350,1611,0.7171361076618294,0.06517690875232776,0.26132836747361887,0.029174425822470516,0.7345679012345679,0.882508976612201,0.020484171322160148,0.008690254500310366,1,4
351,1795,0.6600500441895414,0.08635097493036215,0.3139832869080781,0.13147632311977717,0.5388888888888889,0.8291935411382781,0.06462395543175488,0.06685236768802229,2,1
352,1960,0.7128876174072966,0.0709183673469388,0.2423979591836735,0.06989795918367347,0.7091836734693877,0.8638326272489248,0.06989795918367347,0.0,1,3
353,1569,0.725636450764408,0.06182281708094328,0.23314212874442333,0.04525175270873168,0.7834394904458599,0.8915798233744868,0.02804333970681963,0.017208413001912046,3,1
354,1717,0.7173741449464381,0.06523005241700641,0.244612696563774,0.027373325567850902,0.6976744186046512,0.8782494212960116,0.018637157833430402,0.008736167734420501,3,2
355,1934,0.703918980876436,0.06566701137538777,0.27631851085832476,0.07445708376421924,0.6443298969072165,0.8581645925455275,0.07445708376421924,0.0,2,2
356,1898,0.7858626448526843,0.05268703898840876,0.20300316122233925,0.01422550052687039,0.7684210526315789,0.918110294994667,0.012118018967334035,0.002107481559536354,5,3
357,1755,0.7009937141920903,0.06951566951566951,0.2573219373219374,0.07749287749287749,0.6931818181818182,0.8621553040668225,0.07749287749287749,0.0,2,1
358,1845,0.7300464745108171,0.07533875338753387,0.2493224932249323,0.015718157181571817,0.6810810810810811,0.8806612242904881,0.015718157181571817,0.0,1,2
359,1603,0.7334197016395948,0.06051154086088584,0.2364316905801621,0.024329382407985028,0.5900621118012422,0.8982335314669364,0.01933873986275733,0.004990642545227698,4,1
360,1720,0.7235712356026686,0.061627906976744196,0.26395348837209304,0.05058139534883721,0.6162790697674418,0.879830634331364,0.04011627906976744,0.010465116279069767,2,2
361,2024,0.7177335368602422,0.07213438735177863,0.26615612648221343,0.03903162055335968,0.5024630541871922,0.8738228254879088,0.03903162055335968,0.0,2,2
362,1693,0.7488746063829712,0.06438275251033665,0.22067336089781442,0.03366804489072652,0.8470588235294118,0.9102420977798302,0.03307737743650325,0.0005906674542232723,1,1
363,1628,0.6742335567305172,0.08845208845208848,0.3022113022113022,0.10257985257985258,0.7791411042944786,0.8436573672756285,0.04668304668304668,0.055896805896805894,1,1
364,1638,0.7360062705285159,0.06593406593406592,0.2417582417582418,0.023809523809523808,0.8170731707317073,0.8961190204373662,0.018315018315018316,0.005494505494505495,3,1
365,1973,0.7318533278264318,0.05879371515458692,0.2598073998986315,0.035478966041561075,0.6414141414141414,0.8886102966830061,0.035478966041561075,0.0,2,1
366,1834,0.7020363548034493,0.064340239912759,0.2851690294438386,0.07251908396946564,0.7065217391304348,0.8634627892066747,0.029989094874591057,0.04252998909487459,2,1
367,1895,0.7647712279065927,0.03693931398416894,0.23799472295514515,0.03535620052770449,0.7894736842105263,0.9026562728047555,0.03324538258575198,0.0021108179419525065,3,1
368,1803,0.6716329465971425,0.07099278979478651,0.30937326677759286,0.1353300055463117,0.8232044198895028,0.8327017480200228,0.09428729894620078,0.041042706600110924,2,3
369,1590,0.7471550847215929,0.05597484276729564,0.23836477987421378,0.03333333333333333,0.7295597484276729,0.8962669339450033,0.026415094339622643,0.006918238993710692,1,1
370,1841,0.7252104563579974,0.07115697990222714,0.2629005975013579,0.024443237370994023,0.7351351351351352,0.8848165168310238,0.024443237370994023,0.0,1,2
371,1664,0.7050504056902231,0.06850961538461531,0.2704326923076923,0.049879807692307696,0.844311377245509,0.8705451421986343,0.03786057692307692,0.01201923076923077,2,1
372,1916,0.7680308519697918,0.051409185803757834,0.23799582463465552,0.013048016701461378,0.6927083333333334,0.9095433912297798,0.013048016701461378,0.0,1,3
373,1640,0.7643133096428858,0.04878048780487805,0.20975609756097557,0.018902439024390243,0.8902439024390244,0.912437272489396,0.012195121951219513,0.006707317073170732,2,1
374,1737,0.6969789492199298,0.07426597582037997,0.2510074841681059,0.023028209556706966,0.8390804597701149,0.8725508961416577,0.01957397812320092,0.0034542314335060447,1,1
375,1819,0.76051842221851,0.07531610775151182,0.21770203408466182,0.025288620120945574,0.7637362637362637,0.913689161037483,0.021440351841671246,0.0038482682792743265,1,2
376,1673,0.7013900470029281,0.07591153616258223,0.26479378362223555,0.07292289300657502,0.7321428571428571,0.8659693654573363,0.041243275552898986,0.031679617453676034,2,1
377,1819,0.741440824553023,0.05277625068719083,0.26333150082462886,0.03188565145684442,0.8791208791208791,0.8919812099641448,0.03188565145684442,0.0,1,2
378,1941,0.7396774232986001,0.07934054611025249,0.24935600206079334,0.03760947964966512,0.6102564102564103,0.8946482873900896,0.03760947964966512,0.0,2,3
379,1763,0.7744490054166824,0.049914917753828725,0.24163357912648897,0.015314804310833806,0.8022598870056498,0.9172619186268026,0.015314804310833806,0.0,1,1
380,1650,0.709520656779661,0.07606060606060608,0.25212121212121213,0.052121212121212124,0.6909090909090909,0.877100916260843,0.048484848484848485,0.0036363636363636364,1,2
381,1685,0.7047749727512267,0.06646884272997033,0.2783382789317507,0.08902077151335312,0.6331360946745562,0.8635402311379548,0.04925816023738872,0.039762611275964393,3,3
382,1679,0.7794552293589717,0.04764740917212629,0.21393686718284693,0.013103037522334724,0.8988095238095238,0.9194796036780933,0.013103037522334724,0.0,2,2
383,1803,0.7642032766485658,0.07321131447587348,0.1919023849140322,0.01552967276760954,0.8011049723756906,0.92070735165059,0.01552967276760954,0.0,3,1
384,1927,0.7803557184132306,0.06486766995329529,0.19512195121951226,0.014530358069538143,0.7564766839378239,0.9280243122529851,0.014530358069538143,0.0,3,2
385,1849,0.7457701082770274,0.0605732828555976,0.2467279610600325,0.023255813953488372,0.8594594594594595,0.897965447659863,0.018929150892374257,0.004326663061114116,3,1
386,2036,0.7612662558997617,0.03978388998035365,0.22814341846758351,0.02455795677799607,0.8529411764705882,0.9026807436351418,0.008840864440078585,0.015717092337917484,1,1
387,1831,0.7588326065800298,0.05734571272528673,0.20589841616602944,0.02785363189513927,0.6684782608695652,0.9086201490435558,0.02785363189513927,0.0,1,2
388,1801,0.6625505966623955,0.09550249861188231,0.3114936146585231,0.11715713492504164,0.7845303867403315,0.8298430342039376,0.07273736812881733,0.04441976679622432,1,2
389,1762,0.7609497846531059,0.059875141884222494,0.22417707150964816,0.027809307604994324,0.8757062146892656,0.906601054583141,0.027809307604994324,0.0,3,2
390,1643,0.716430638422939,0.06269020085209975,0.25928180158247116,0.03469263542300669,0.7272727272727273,0.881050325967358,0.020693852708460133,0.01399878271454656,1,2
391,1636,0.6564099686095802,0.057457212713936445,0.3453545232273839,0.14364303178484109,0.6524390243902439,0.8174908062058618,0.07701711491442542,0.06662591687041565,2,2
392,1734,0.65513905167537,0.09602076124567473,0.3021914648212226,0.10668973471741638,0.7413793103448276,0.8246526286055441,0.08016147635524798,0.0265282583621684,1,1
393,1927,0.7374763082049774,0.06227296315516351,0.24130773222625845,0.020238713025428127,0.6424870466321243,0.897773150306029,0.020238713025428127,0.0,1,3
394,1559,0.7210410152354549,0.0551635663887107,0.2732520846696601,0.06799230275817832,0.7371794871794872,0.8793355767168681,0.03335471456061578,0.03463758819756254,3,2
395,1897,0.6199841496345734,0.09330521876647335,0.3272535582498683,0.15761729045861886,0.8157894736842105,0.7741464227170137,0.0790722192936215,0.07854507116499737,3,3
396,1726,0.7094209963623159,0.07879490150637314,0.23696407879490153,0.06546929316338354,0.6589595375722543,0.8752586161030288,0.06546929316338354,0.0,2,2
397,1864,0.7499097836074796,0.060622317596566555,0.23750000000000002,0.02682403433476395,0.6256684491978609,0.8984576839937681,0.018240343347639486,0.008583690987124463,2,3
398,1590,0.757458747444006,0.05786163522012577,0.1950943396226417,0.03522012578616352,0.7610062893081762,0.9126271313932113,0.03522012578616352,0.0,4,1
399,1741,0.7724471767005278,0.05399195864445727,0.22917863296955776,0.019529006318207927,0.6285714285714286,0.9171746900448777,0.01723147616312464,0.0022975301550832855,1,1
400,1967,0.7113119871875504,0.0630401626842908,0.2821555668530757,0.06761565836298933,0.6954314720812182,0.8654246946724664,0.06761565836298933,0.0,3,3
401,1789,0.6958167577463624,0.08440469536053663,0.30754611514812746,0.10899944102850755,0.7932960893854749,0.8561505163074405,0.05925097820011179,0.049748462828395755,2,2
402,1788,0.748680421889181,0.05480984340044743,0.25727069351230425,0.053691275167785234,0.7039106145251397,0.8982181756575599,0.024608501118568233,0.029082774049217,1,2
403,1796,0.6201384960886931,0.11302895322939865,0.3129175946547884,0.1252783964365256,0.6777777777777778,0.790747751756746,0.0556792873051225,0.06959910913140312,1,1
404,2034,0.6585219710279605,0.09242871189773849,0.2871189773844641,0.07227138643067847,0.4852941176470588,0.8354445320600655,0.07128810226155359,0.0009832841691248771,4,1
405,1712,0.7172662116274144,0.07973130841121498,0.2692757009345795,0.04439252336448598,0.7209302325581395,0.8770112432911674,0.029205607476635514,0.015186915887850467,1,1
406,1757,0.6571139378485437,0.07911212293682413,0.3289698349459306,0.16789982925441094,0.5340909090909091,0.8166919698473026,0.11667615253272624,0.05122367672168469,2,1
407,2245,0.7542896024139097,0.04543429844097996,0.2350111358574611,0.015590200445434299,0.3688888888888889,0.8974870458446724,0.015590200445434299,0.0,3,2
408,1715,0.742753260479468,0.06239067055393588,0.24548104956268219,0.018658892128279883,0.7906976744186046,0.8985633630484352,0.018075801749271137,0.0005830903790087463,3,4
409,1559,0.6843946752494071,0.07440667094291209,0.2926234765875562,0.08531109685695959,0.7115384615384616,0.8515369329290507,0.040410519563822966,0.04490057729313662,1,3
410,1686,0.641625700836422,0.07769869513641751,0.33244365361803085,0.12930011862396204,0.30177514792899407,0.8042112376656518,0.06820877817319099,0.06109134045077105,1,2
411,1679,0.7486343224192816,0.05419892793329362,0.23823704586063132,0.019654556283502083,0.6607142857142857,0.9027310023738523,0.017272185824895772,0.0023823704586063135,1,2
412,1836,0.7373995549970738,0.06372549019607843,0.23474945533769065,0.030501089324618737,0.8043478260869565,0.8982618670099306,0.017973856209150325,0.01252723311546841,1,2
413,1811,0.7117125699357708,0.07399226946438431,0.2468249585864163,0.03589177250138045,0.8241758241758241,0.8706424159243251,0.0353395913859746,0.0005521811154058532,2,2
414,1668,0.7442928094186014,0.059652278177458044,0.24280575539568341,0.05815347721822542,0.874251497005988,0.892032350543984,0.05695443645083933,0.001199040767386091,1,1
415,1759,0.7322044296719683,0.06139852188743605,0.2748152359295055,0.02785673678226265,0.8352272727272727,0.8900179945617122,0.025014212620807278,0.0028425241614553724,1,1
416,1807,0.731549271759657,0.07802988378527945,0.23630326508024346,0.010514665190924184,0.7734806629834254,0.8987663326360138,0.010514665190924184,0.0,3,3
417,1709,0.7567354418035608,0.05851375073142184,0.21650087770626092,0.016968987712112346,0.7426900584795322,0.9086776150561618,0.016968987712112346,0.0,2,2
418,1791,0.762029195630958,0.06030150753768848,0.22613065326633164,0.027359017308766054,0.7166666666666667,0.9067058055201087,0.02680067001675042,0.0005583472920156337,2,1
419,1726,0.7850112084023,0.05388180764774042,0.2065469293163384,0.009269988412514484,0.7398843930635838,0.9232900350929992,0.006952491309385863,0.002317497103128621,1,1
420,1753,0.6749192315340955,0.06046776953793492,0.3314318311466058,0.13576725613234455,0.7159090909090909,0.8323447232246577,0.08556759840273816,0.05019965772960639,2,1
421,1773,0.632730687775402,0.09983079526226732,0.2938522278623802,0.08967851099830795,0.6966292134831461,0.7967297279875456,0.07670614777213762,0.012972363226170333,2,3
422,1543,0.6592811837189011,0.08425145819831498,0.2955281918340894,0.08684381075826313,0.535483870967742,0.8251715869282675,0.084899546338302,0.0019442644199611147,2,3
423,1848,0.7809133069198233,0.04085497835497834,0.22196969696969682,0.02976190476190476,0.7243243243243244,0.9227986636106684,0.025432900432900432,0.004329004329004329,2,2
424,1819,0.7092275217217329,0.06102253985706435,0.2842221000549753,0.05057724024189115,0.8956043956043956,0.8681563896011248,0.032985156679494226,0.017592083562396922,2,1
425,1968,0.7472824231993662,0.061991869918699205,0.24014227642276417,0.03709349593495935,0.868020304568528,0.891222206212894,0.03709349593495935,0.0,5,2
426,1617,0.6845934641724502,0.07915893630179338,0.2893011750154609,0.09152752009894867,0.845679012345679,0.8490030601635772,0.042053184910327765,0.049474335188620905,2,1
427,1861,0.6829977847257681,0.08543793659322946,0.2998387963460505,0.0999462654486835,0.8235294117647058,0.8421445908411842,0.021493820526598602,0.0784524449220849,1,1
428,1613,0.7172916009145003,0.07439553626782397,0.25976441413515183,0.0347179169249845,0.7716049382716049,0.8759036890272481,0.027898326100433975,0.006819590824550527,1,2
429,1684,0.6852547867168739,0.07600950118764838,0.29809976247030884,0.09679334916864608,0.7514792899408284,0.8523003846542372,0.04928741092636579,0.047505938242280284,1,3
430,1742,0.7406477239500245,0.053960964408725554,0.2571756601607348,0.06257175660160735,0.7657142857142857,0.8891372083617933,0.06257175660160735,0.0,2,3
431,1808,0.7373103350257787,0.05696902654867253,0.24905973451327434,0.041482300884955754,0.6961325966850829,0.8926388950866333,0.035398230088495575,0.006084070796460177,5,1
432,1873,0.7071607588360556,0.0758142018152696,0.26428190069407376,0.06940736785904965,0.6968085106382979,0.8585742187917158,0.06940736785904965,0.0,3,3
433,1941,0.7536966285387217,0.0556414219474497,0.23853683668212267,0.010819165378670788,0.6256410256410256,0.9055255466455487,0.010819165378670788,0.0,4,3
434,1862,0.710786861539812,0.06659505907626206,0.2759935553168636,0.04564983888292159,0.7112299465240641,0.8727598359319919,0.04564983888292159,0.0,2,1
435,1935,0.7101938694301583,0.0573643410852713,0.2434108527131782,0.026873385012919897,0.6958762886597938,0.872157959391376,0.025322997416020673,0.0015503875968992248,2,3
436,1575,0.6206795741718528,0.10031746031746036,0.326984126984127,0.16380952380952382,0.7151898734177216,0.792387604745704,0.09587301587301587,0.06793650793650793,1,2
437,1894,0.766803361509665,0.0636219640971489,0.2275607180570222,0.030623020063357972,0.7526315789473684,0.9115597785475497,0.029567053854276663,0.0010559662090813093,3,2
438,1609,0.6683541051804002,0.09136109384711005,0.30155376009944085,0.10254816656308266,0.7267080745341615,0.8375007937060166,0.06712243629583592,0.035425730267246734,1,4
439,1744,0.7690171293227333,0.055332568807339444,0.1854357798165138,0.02121559633027523,0.7142857142857143,0.9177468632656478,0.02121559633027523,0.0,1,2
440,1841,0.7261165010687358,0.0505160239000543,0.2634437805540467,0.017925040738728953,0.8108108108108109,0.8810480785048332,0.015209125475285171,0.0027159152634437804,1,1
441,1908,0.7526303339696231,0.0492662473794549,0.23899371069182387,0.025157232704402517,0.7486910994764397,0.8982126302412315,0.014150943396226415,0.0110062893081761,1,3
442,1777,0.6833030185414908,0.07540799099606077,0.2673044456949915,0.057962858750703436,0.6910112359550562,0.8507364683898532,0.056837366347777155,0.0011254924029262803,2,1
443,2034,0.6582300968058756,0.08628318584070799,0.2879547689282203,0.08751229105211406,0.8333333333333334,0.8294089378752323,0.025565388397246803,0.061946902654867256,1,3
444,1642,0.7536166848937282,0.06546894031668696,0.21552984165651654,0.02253349573690621,0.806060606060606,0.9085415132835468,0.02253349573690621,0.0,1,1
445,1833,0.6970968632480621,0.06492089470812878,0.29241680305510087,0.09219858156028368,0.5434782608695652,0.8542027186143869,0.05946535733769776,0.03273322422258593,2,1
446,1723,0.8033969333559103,0.04701102727800344,0.18723157283807312,0.00812536273940801,0.7976878612716763,0.9383182889854406,0.00812536273940801,0.0,2,1
447,1711,0.6366121303123671,0.1221507890122735,0.31502045587375804,0.1244886031560491,0.8313953488372093,0.7930732841724578,0.09643483343074226,0.028053769725306838,2,2
448,1652,0.7072301369601582,0.0762711864406779,0.2843825665859565,0.06416464891041163,0.7349397590361446,0.8646925172494749,0.04963680387409201,0.014527845036319613,2,2
449,1827,0.7039709848637548,0.06896551724137934,0.2665571975916804,0.04597701149425287,0.7431693989071039,0.8626949395459386,0.025725232621784347,0.020251778872468526,1,1
450,1676,0.7267897983154086,0.07458233890214794,0.2368735083532219,0.057279236276849645,0.7321428571428571,0.8852699505561474,0.057279236276849645,0.0,2,2
451,1896,0.714589627377714,0.08808016877637131,0.2663502109704642,0.05748945147679325,0.6578947368421053,0.8674930517286321,0.052742616033755275,0.004746835443037975,1,2
452,1965,0.6822034865266882,0.07328244274809159,0.2919083969465649,0.08447837150127227,0.7715736040609137,0.8425462325519233,0.059033078880407125,0.02544529262086514,1,2
453,1755,0.7130384916966073,0.06894586894586896,0.26723646723646727,0.05185185185185185,0.6704545454545454,0.8794856672337661,0.05185185185185185,0.0,4,2
454,1801,0.7644472431611505,0.05330372015546918,0.20655191560244307,0.015546918378678512,0.7900552486187845,0.9153092778699494,0.015546918378678512,0.0,2,2
455,1956,0.7359249848987827,0.056237218813905865,0.2576687116564418,0.03016359918200409,0.8112244897959183,0.887630346641926,0.03016359918200409,0.0,2,1
456,1722,0.6428333604603809,0.0934959349593496,0.3059233449477353,0.11033681765389082,0.7052023121387283,0.8127329449034195,0.09523809523809523,0.015098722415795587,2,1
457,1746,0.6972412746366389,0.08705612829324166,0.2677548682703322,0.06242840778923253,0.8057142857142857,0.8624596976022554,0.06128293241695303,0.001145475372279496,1,1
458,1635,0.7318030982986867,0.0672782874617737,0.23058103975535166,0.037920489296636085,0.7682926829268293,0.8927348393671359,0.037920489296636085,0.0,2,2
459,1742,0.6721689860388714,0.08323765786452353,0.30017221584385767,0.10045924225028703,0.6514285714285715,0.829480705288184,0.05281285878300804,0.04764638346727899,2,1
460,1644,0.6694350214666057,0.07086374695863747,0.3211678832116788,0.12712895377128955,0.9696969696969697,0.8353259996721714,0.05048661800486618,0.07664233576642336,2,1
461,1753,0.7427215699414416,0.06446092413006277,0.2486023958927552,0.032515687393040504,0.6590909090909091,0.8944660383986963,0.02567027952082145,0.0068454078722190535,3,2
462,1789,0.7164989127544076,0.08943543879262156,0.23812185578535494,0.021799888205701508,0.8379888268156425,0.8833059487290965,0.01732811626607043,0.004471771939631079,3,5
463,2011,0.6718805390792875,0.0820487319741422,0.30283441074092493,0.10392839383391347,0.7524752475247525,0.8405171903369171,0.05171556439582297,0.052212829438090504,3,2
464,1611,0.7185794057831751,0.07138423339540659,0.24332712600869028,0.054003724394785846,0.7222222222222222,0.8812721849835763,0.0521415270018622,0.00186219739292365,4,1
465,1852,0.7012285230340041,0.07019438444924408,0.2877969762419006,0.06803455723542116,0.5698924731182796,0.8610676152369738,0.03023758099352052,0.03779697624190065,1,4
466,1739,0.6054603602666867,0.09603220241518107,0.3720529039677976,0.19091431857389304,0.8160919540229885,0.7726690414550305,0.09545715928694652,0.09545715928694652,1,3
467,1774,0.7463190256276128,0.05693348365276213,0.2311161217587373,0.02367531003382187,0.7584269662921348,0.9002296555609366,0.02367531003382187,0.0,1,2
468,1895,0.6926104956583672,0.07862796833773089,0.2696569920844327,0.03007915567282322,0.5736842105263158,0.8634559328561509,0.03007915567282322,0.0,1,1
469,1721,0.6564093235130821,0.10865775711795467,0.30447414294015107,0.10342823939570017,0.7167630057803468,0.823329239314995,0.0505520046484602,0.05287623474723998,1,2
470,1716,0.6730464873805782,0.07925407925407926,0.2803030303030303,0.08566433566433566,0.7209302325581395,0.8449385503308083,0.024475524475524476,0.06118881118881119,1,2
471,1826,0.7651858725453982,0.05339539978094199,0.203723986856517,0.012048192771084338,0.6338797814207651,0.9174949189095246,0.012048192771084338,0.0,2,1
472,1827,0.7709362872441866,0.04761904761904767,0.22999452654625133,0.015873015873015872,0.7431693989071039,0.91281115948366,0.015873015873015872,0.0,2,1
473,1806,0.7792603565558969,0.05260243632336653,0.20155038759689925,0.024363233665559248,0.6353591160220995,0.9236384414282268,0.023255813953488372,0.0011074197120708748,1,2
474,1885,0.7735305488272908,0.0546419098143236,0.21379310344827585,0.009018567639257295,0.8835978835978836,0.918438123742728,0.009018567639257295,0.0,1,3
475,1864,0.7201366997885398,0.06974248927038629,0.24356223175965663,0.0815450643776824,0.5935828877005348,0.8684981831852222,0.0815450643776824,0.0,2,2
476,1624,0.6674036128336478,0.07204433497536944,0.31650246305418717,0.14470443349753695,0.8098159509202454,0.8267955792130914,0.10960591133004927,0.035098522167487683,3,1
477,1675,0.7004923280778358,0.08895522388059707,0.27641791044776115,0.03164179104477612,0.7142857142857143,0.8598700468641619,0.029850746268656716,0.001791044776119403,3,4
478,1528,0.7239060763762264,0.06577225130890052,0.2284031413612565,0.041884816753926704,0.7124183006535948,0.8890544314638033,0.041884816753926704,0.0,1,2
479,1914,0.7488216482164822,0.05851619644723094,0.2474921630094044,0.04649947753396029,0.7604166666666666,0.8919232569876024,0.04649947753396029,0.0,1,1
480,1681,0.6237612112113177,0.1005353955978584,0.33551457465794166,0.18262938726948244,0.7455621301775148,0.7945692467813833,0.1023200475907198,0.08030933967876264,1,3
481,1828,0.7614995975043471,0.057986870897155374,0.22149890590809626,0.0350109409190372,0.8633879781420765,0.9061358728686254,0.0350109409190372,0.0,3,1
482,1820,0.7410454131091332,0.0807692307692307,0.24395604395604398,0.033516483516483515,0.7527472527472527,0.8945916293459912,0.03131868131868132,0.002197802197802198,3,4
483,1846,0.761057827379518,0.06852654387865656,0.22291440953412783,0.02112676056338028,0.8594594594594595,0.9098606705250931,0.02112676056338028,0.0,2,3
484,1571,0.6979962753875205,0.06938255887969447,0.27625716104392106,0.050922978994271166,0.759493670886076,0.8634990080497992,0.0483768300445576,0.002546148949713558,1,2
485,1717,0.6745695688214272,0.128130460104834,0.28013977868375073,0.08211997670355271,0.8081395348837209,0.8363166987132149,0.039603960396039604,0.0425160163075131,2,2
486,1778,0.7298640647786,0.05821147356580425,0.2823397075365579,0.07592800899887514,0.8089887640449438,0.8793560215812518,0.0421822272215973,0.03374578177727784,1,1
487,1757,0.663940812747784,0.08992601024473534,0.29880478087649404,0.09903244166192374,0.5909090909090909,0.8318110001989378,0.0688673875924872,0.03016505406943654,3,3
488,1806,0.7820124169598158,0.04817275747508301,0.19988925802879287,0.015503875968992248,0.8839779005524862,0.9240065409348724,0.015503875968992248,0.0,3,3
489,1727,0.6703081945458342,0.0926462072958888,0.273306311522872,0.06890561667631731,0.884393063583815,0.8460664569804942,0.03474232773595831,0.034163288940359006,2,2
490,1745,0.7516494214691196,0.061318051575931176,0.24332378223495707,0.02349570200573066,0.6228571428571429,0.9016214205247335,0.0166189111747851,0.006876790830945559,1,1
491,1828,0.7095359283052207,0.06838074398249451,0.2645514223194748,0.04814004376367615,0.6885245901639344,0.8688758464160556,0.03446389496717724,0.013676148796498906,4,4
492,1687,0.690561119833027,0.07883817427385897,0.3052756372258446,0.10314167160640189,0.5680473372781065,0.8513509590111229,0.06935388263189093,0.033787788974510964,3,2
493,1880,0.7031147213091904,0.07872340425531915,0.2521276595744681,0.05851063829787234,0.6063829787234043,0.8642936695877805,0.04734042553191489,0.011170212765957447,3,1
494,1637,0.7756209125901566,0.049480757483200966,0.21600488698839357,0.02626756261453879,0.7439024390243902,0.9182893186662937,0.02626756261453879,0.0,1,2
495,1578,0.7560044915044288,0.05006337135614702,0.23973384030418252,0.024714828897338403,0.7911392405063291,0.9062376031221502,0.015842839036755388,0.008871989860583017,1,3
496,1702,0.6472773775181258,0.08695652173913043,0.32726204465334907,0.14571092831962398,0.5029239766081871,0.8161884309289591,0.07755581668625147,0.0681551116333725,1,1
497,1826,0.755222815499864,0.06900328587075574,0.22124863088718508,0.022453450164293537,0.8469945355191257,0.9104419086861504,0.022453450164293537,0.0,2,2
498,1719,0.7369705211791527,0.057009889470622466,0.23560209424083767,0.02152414194299011,0.7325581395348837,0.896494988329666,0.020942408376963352,0.0005817335660267597,2,4
499,1641,0.7487855439000497,0.05606337599024985,0.2504570383912249,0.030469226081657527,0.8909090909090909,0.8996833479039199,0.030469226081657527,0.0,2,1
500,1823,0.6795393945967442,0.07844212835984643,0.2863411958310478,0.07350521119034559,0.7759562841530054,0.8434097946901901,0.047723532638507954,0.02578167855183763,2,1
501,1594,0.6463003852426903,0.08626097867001253,0.33375156838143033,0.14993726474278546,0.78125,0.8106476562261045,0.08720200752823086,0.06273525721455459,3,1
502,1746,0.7124186871673567,0.06529209621993126,0.2563001145475372,0.024627720504009163,0.7314285714285714,0.8778173008898053,0.024627720504009163,0.0,2,2
503,1875,0.7273484341873369,0.0682666666666667,0.2557866666666668,0.03626666666666667,0.574468085106383,0.887040705124466,0.025066666666666668,0.0112,2,4
504,1836,0.7172373151600264,0.07352941176470584,0.25108932461873634,0.0724400871459695,0.6793478260869565,0.8744116927747092,0.0724400871459695,0.0,3,1
505,1749,0.6981927028388036,0.08290451686678102,0.2638078902229846,0.03773584905660377,0.6628571428571428,0.8593610730491422,0.036020583190394515,0.0017152658662092624,1,1
506,1727,0.769608294079926,0.05500868558193406,0.23624782860451654,0.009264620729588882,0.8439306358381503,0.916548682563307,0.008685581933989578,0.0005790387955993051,5,1
507,1852,0.7174060285592837,0.08369330453563714,0.25966522678185755,0.03833693304535637,0.3709677419354839,0.8821600729359685,0.03725701943844492,0.0010799136069114472,3,2
508,1821,0.7246963953915988,0.07468423942888525,0.24162548050521682,0.034047226798462386,0.7759562841530054,0.8847144771978975,0.02800658978583196,0.0060406370126304225,1,1
509,1891,0.7067152769610726,0.07932310946589116,0.27551560021152827,0.060285563194077206,0.8052631578947368,0.868760863427074,0.05182443151771549,0.008461131676361713,3,3
510,1644,0.6677659076222602,0.0754257907542579,0.3003041362530414,0.10036496350364964,0.8,0.8300726473315985,0.02737226277372263,0.072992700729927,2,2
511,2044,0.769663519097733,0.04476516634050881,0.21707436399217217,0.013209393346379647,0.8926829268292683,0.9155892440686076,0.011252446183953033,0.0019569471624266144,2,1
512,1971,0.698792360208733,0.08472856418061891,0.2526636225266362,0.055301877219685436,0.601010101010101,0.852072643251641,0.0471841704718417,0.008117706747843734,4,3
513,1720,0.6451115112127389,0.0825581395348837,0.3122093023255814,0.1186046511627907,0.75,0.8184631693130061,0.07383720930232558,0.044767441860465114,1,2
514,1967,0.7269893387477183,0.05948144382308085,0.264361972547026,0.03304524656837824,0.49238578680203043,0.8781524172407562,0.02389425521098119,0.009150991357397052,2,2
515,2017,0.7631472070722959,0.07288051561725334,0.21814576103123456,0.017352503718393655,0.7623762376237624,0.9120777587117964,0.017352503718393655,0.0,2,3
516,1608,0.6468073965285395,0.1212686567164179,0.29726368159203975,0.09390547263681592,0.7391304347826086,0.8225142921373093,0.05161691542288557,0.04228855721393035,2,3
517,1608,0.7840440484806033,0.05597014925373134,0.19085820895522382,0.016791044776119403,0.7577639751552795,0.9272690946149696,0.014925373134328358,0.0018656716417910447,3,2
518,1863,0.7616208769168524,0.05260332796564682,0.23886205045625336,0.02147074610842727,0.7272727272727273,0.9022770510406264,0.01932367149758454,0.0021470746108427268,1,1
519,1869,0.7286732044499723,0.05831995719636163,0.2541466024612092,0.037988228999464954,0.7005347593582888,0.8854670471645334,0.03424291064740503,0.003745318352059925,2,2
520,1769,0.6060802876970478,0.10288298473713962,0.34030525720746185,0.1695873374788016,0.7231638418079096,0.7873739592071988,0.11079706048615037,0.058790276992651214,1,1
521,1740,0.7561831682349635,0.05977011494252876,0.22994252873563226,0.022413793103448276,0.7701149425287356,0.9087104437772299,0.022413793103448276,0.0,2,1
522,1823,0.6922746900078213,0.07405375754251242,0.27756445419637965,0.06637410861217773,0.73224043715847,0.8562716411158806,0.03839824465167307,0.027975863960504662,2,1
523,1785,0.7388690051907137,0.052100840336134435,0.25042016806722694,0.02296918767507003,0.6927374301675978,0.8916708488477486,0.017366946778711485,0.0056022408963585435,3,2
524,1745,0.7762236658065687,0.05730659025787965,0.20458452722063036,0.010888252148997135,0.5828571428571429,0.9179644783502073,0.008595988538681949,0.002292263610315186,3,1
525,1785,0.7446860945105046,0.059943977591036424,0.2526610644257703,0.016246498599439777,0.7150837988826816,0.8938044150991608,0.014005602240896359,0.002240896358543417,2,1
526,1783,0.7190254448694494,0.05608524957936062,0.27425687044307345,0.03365114974761638,0.888268156424581,0.8800355695816164,0.019068984856982614,0.014582164890633763,2,2
527,1685,0.6924812093716144,0.07359050445103857,0.29851632047477744,0.0913946587537092,0.8284023668639053,0.8489794186082473,0.05341246290801187,0.03798219584569733,1,1
528,1583,0.7030093190319462,0.06759317751105498,0.2741629816803538,0.06253948199620973,0.7987421383647799,0.8736275721341786,0.030322173089071383,0.032217308907138344,2,1
529,1907,0.7713301709012931,0.05138961719979024,0.2338751966439433,0.025170424750917672,0.774869109947644,0.9143655642737495,0.02097535395909806,0.004195070791819612,2,1
530,1547,0.7034304307899142,0.08920491273432446,0.25210084033613445,0.023270846800258566,0.6387096774193548,0.871016289271061,0.023270846800258566,0.0,1,2
531,1791,0.8017408292923011,0.05080960357342268,0.16582914572864316,0.023450586264656615,0.9,0.9353940164929543,0.023450586264656615,0.0,2,1
532,1531,0.6639887034914383,0.07380796864794253,0.33442194644023515,0.13063357282821686,0.7532467532467533,0.8309938290897622,0.06401045068582625,0.06662312214239059,2,1
533,1618,0.6994037781124129,0.06118665018541408,0.27861557478368343,0.0834363411619283,0.7222222222222222,0.8644927407658114,0.06551297898640297,0.01792336217552534,2,2
534,1674,0.7061277354940902,0.0854241338112306,0.29074074074074074,0.08303464755077658,0.7559523809523809,0.8611499513034376,0.053763440860215055,0.02927120669056153,3,2
535,1812,0.6662835459409336,0.08112582781456956,0.3090507726269316,0.1098233995584989,0.554945054945055,0.8346437793860786,0.07505518763796909,0.0347682119205298,4,3
536,1787,0.697177706357294,0.08897593732512599,0.26301063234471184,0.04364857302742026,0.6536312849162011,0.8649602882759287,0.03581421376608842,0.00783435926133184,4,4
537,1829,0.7292627348894241,0.06779661016949146,0.2570803717878622,0.025150355385456534,0.7595628415300546,0.8936038030978015,0.02186987424822307,0.0032804811372334607,1,2
538,1858,0.6762089838821487,0.06835306781485462,0.2768030139935414,0.062432723358449946,0.6397849462365591,0.8417989306805298,0.062432723358449946,0.0,3,1
539,1583,0.6359642215615533,0.09602021478205938,0.33847125710675924,0.14718888186986734,0.6729559748427673,0.8064040196349834,0.09791535060012634,0.049273531269740996,1,1
540,1556,0.728004884356409,0.0690874035989717,0.22847043701799485,0.04498714652956298,0.6666666666666666,0.8850886146541165,0.04177377892030849,0.003213367609254499,1,1
541,1543,0.71829800698112,0.06999351911860013,0.24044069993519102,0.06156837329876863,0.7161290322580646,0.8803409628064147,0.057679844458846406,0.0038885288399222295,4,1
542,1683,0.7190912979085148,0.0623885918003565,0.2452762923351158,0.027926322043969103,0.7988165680473372,0.8879552120967594,0.014854426619132501,0.013071895424836602,1,2
543,1537,0.6645008098642311,0.06831489915419653,0.3090435914118413,0.13272608978529604,0.7467532467532467,0.8317969633252211,0.06896551724137931,0.06376057254391672,1,1
544,1808,0.7412797803381307,0.060840707964601726,0.24186946902654866,0.025995575221238937,0.7513812154696132,0.8922658390244458,0.025995575221238937,0.0,4,1
545,1637,0.7463262802798297,0.05864386072083083,0.2278558338423946,0.01832620647525962,0.774390243902439,0.903823127873706,0.01710445937690898,0.0012217470983506415,1,2
546,1629,0.6488939971488665,0.08594229588704727,0.32105586249232654,0.16206261510128914,0.7914110429447853,0.8240117455554979,0.08348680171884591,0.07857581338244321,4,3
547,1727,0.7321728524577832,0.06658946149392009,0.23914302258251305,0.0451650260567458,0.43352601156069365,0.8891478778376685,0.04111175448755067,0.004053271569195136,2,2
548,1830,0.698124176837693,0.08032786885245902,0.2622950819672131,0.05081967213114754,0.7650273224043715,0.8590412494690275,0.047540983606557376,0.003278688524590164,2,2
549,1901,0.6911959588771185,0.08679642293529721,0.3082588111520253,0.11941083640189375,0.806282722513089,0.8423562080286423,0.09468700683850605,0.02472382956338769,1,1
550,2106,0.6815278628803029,0.09306742640075974,0.26638176638176636,0.04748338081671415,0.6445497630331753,0.8549406630245139,0.023741690408357077,0.023741690408357077,3,3
551,1869,0.7103961872084329,0.06206527554842167,0.26869983948635634,0.06902086677367576,0.8181818181818182,0.8650426304175841,0.028892455858747994,0.04012841091492777,2,1
552,1933,0.7393078478892839,0.06777030522503885,0.2717020175892393,0.04914640455250905,0.634020618556701,0.8834609083023801,0.04138644593895499,0.007759958613554061,1,1
553,1584,0.6457793905715438,0.0795454545454545,0.3371212121212121,0.17234848484848486,0.8113207547169812,0.812231965659816,0.09722222222222222,0.07512626262626262,1,2
554,1755,0.7004517508270396,0.06723646723646723,0.28888888888888886,0.06552706552706553,0.6193181818181818,0.8617463412286578,0.05584045584045584,0.009686609686609686,1,2
555,1604,0.7008586657368086,0.05860349127182046,0.27867830423940143,0.043017456359102244,0.6273291925465838,0.8680713078690486,0.03054862842892768,0.012468827930174564,1,2
556,1755,0.6191116620210737,0.09572649572649572,0.3407407407407408,0.1811965811965812,0.7272727272727273,0.786691506056188,0.08774928774928775,0.09344729344729345,3,1
557,1816,0.7078035529822861,0.0715859030837005,0.26128854625550657,0.06662995594713657,0.7307692307692307,0.8722774960232116,0.06607929515418502,0.0005506607929515419,2,2
558,1763,0.7148769941774946,0.08281338627339763,0.25070901871809415,0.046511627906976744,0.7627118644067796,0.8729010697668385,0.021554169030062395,0.024957458876914352,3,3
559,1811,0.7245760253826045,0.06791827719491991,0.2655991165102154,0.048039757040309224,0.6813186813186813,0.877146293350399,0.046935394809497516,0.0011043622308117063,3,3
560,1664,0.6736669130591386,0.078125,0.31009615384615385,0.13161057692307693,0.688622754491018,0.8370185103885431,0.06911057692307693,0.0625,1,2
561,1798,0.6831078991900728,0.07563959955506117,0.2730812013348164,0.060066740823136816,0.7111111111111111,0.8414132248966004,0.060066740823136816,0.0,2,1
562,1779,0.7274278093111255,0.06970207982012366,0.23664980326025864,0.05564924114671164,0.8146067415730337,0.8849867465865772,0.05564924114671164,0.0,3,4
563,1750,0.7424407099762094,0.06514285714285717,0.24514285714285716,0.038285714285714284,0.7942857142857143,0.8927381232453,0.038285714285714284,0.0,3,1
564,1714,0.635561663932895,0.12718786464410736,0.2998833138856476,0.0985997666277713,0.5930232558139535,0.8149305474693886,0.050175029171528586,0.048424737456242706,1,1
565,1794,0.7309391470742577,0.06298773690078034,0.2842809364548494,0.06967670011148272,0.8222222222222222,0.8821541132176217,0.051839464882943144,0.017837235228539576,2,2
566,1874,0.6769205846147878,0.09551760939167553,0.3014941302027748,0.10832443970117396,0.44148936170212766,0.8340641369916458,0.08911419423692636,0.0192102454642476,2,2
567,1755,0.6595528541205591,0.11168091168091168,0.2780626780626781,0.0735042735042735,0.8352272727272727,0.8323583857430983,0.045014245014245016,0.02849002849002849,1,3
568,1714,0.7435558610231529,0.06359393232205368,0.24154025670945162,0.042590431738623105,0.8313953488372093,0.9013042050813382,0.0338389731621937,0.008751458576429404,1,1
569,1807,0.7593793790724415,0.04869950193691197,0.2553403431101274,0.03541781959048146,0.8176795580110497,0.9052004170026141,0.034864416159380185,0.0005534034311012728,1,1
570,1662,0.7450270513322599,0.05655836341756926,0.2509025270758123,0.024067388688327317,0.5269461077844312,0.8953107045040605,0.019855595667870037,0.00421179302045728,1,1
571,1708,0.7059728575753895,0.0766978922716628,0.2658079625292741,0.04156908665105386,0.8070175438596491,0.867750740853751,0.03981264637002342,0.001756440281030445,2,1
572,1774,0.7574616606586424,0.0670800450958286,0.2344983089064262,0.03269447576099211,0.7528089887640449,0.9050501858048481,0.03269447576099211,0.0,1,1
573,1560,0.6140489500819786,0.09230769230769231,0.34807692307692306,0.183974358974359,0.6153846153846154,0.7840748764670675,0.12179487179487179,0.06217948717948718,1,1
574,1644,0.7969995204036024,0.04987834549878345,0.17700729927007297,0.015815085158150853,0.7636363636363637,0.934913593873022,0.010340632603406326,0.005474452554744526,3,2
575,2021,0.8378689355958538,0.02523503216229589,0.16031667491340928,0.013359722909450767,0.8325123152709359,0.9508350517301398,0.010390895596239486,0.0029688273132112814,2,1
576,1704,0.6892239497215608,0.07335680751173711,0.25727699530516435,0.07570422535211267,0.7134502923976608,0.8553077516148736,0.07570422535211267,0.0,1,2
577,1673,0.7598426324138287,0.08248655110579795,0.19892408846383738,0.03586371787208607,0.7857142857142857,0.9089777487488157,0.03586371787208607,0.0,1,1
578,1995,0.7710496497008218,0.040601503759398416,0.22456140350877196,0.028070175438596492,0.895,0.9066094521167704,0.02606516290726817,0.0020050125313283208,2,1
579,1919,0.7435956273218434,0.056279312141740534,0.23251693590411676,0.011985409067222511,0.7552083333333334,0.9014131087205917,0.009379885356956748,0.0026055237102657635,2,2
580,1715,0.7426219448657536,0.056559766763848385,0.24839650145772593,0.030320699708454812,0.8023255813953488,0.8962938857360195,0.030320699708454812,0.0,2,3
581,1670,0.6868374634437824,0.07305389221556882,0.28083832335329345,0.0688622754491018,0.7844311377245509,0.8573335482119449,0.023952095808383235,0.04491017964071856,1,1
582,1739,0.7209504092275212,0.05692926969522716,0.2830362277170787,0.06785508913168488,0.8563218390804598,0.8775634735873584,0.04082806210465785,0.02702702702702703,1,1
583,1622,0.6827619386186806,0.07799013563501847,0.2743526510480888,0.07274969173859433,0.5828220858895705,0.8441370729851295,0.07274969173859433,0.0,1,1
584,1975,0.7772939730028721,0.05367088607594939,0.22227848101265824,0.01620253164556962,0.6818181818181818,0.9240585280481752,0.014177215189873417,0.0020253164556962027,2,2
585,1687,0.7050280540337436,0.06401896858328393,0.26437462951985774,0.04682868998221695,0.5502958579881657,0.8759062408670705,0.036751630112625965,0.01007705986959099,2,2
586,1792,0.757154821003979,0.06584821428571423,0.21462053571428588,0.012834821428571428,0.7444444444444445,0.9068884324446644,0.012834821428571428,0.0,1,1
587,1757,0.750138352114403,0.05406943653955609,0.23050654524758107,0.01593625498007968,0.8068181818181818,0.9075798718424354,0.01593625498007968,0.0,3,3
588,2018,0.7346051418243518,0.07680872150644202,0.24147670961347867,0.058969276511397425,0.6435643564356436,0.8896478169236902,0.058969276511397425,0.0,2,1
589,1731,0.7588183047281577,0.05777007510109766,0.22530329289428075,0.02657423454650491,0.7471264367816092,0.9082354977082224,0.025996533795493933,0.0005777007510109763,2,2
590,1782,0.6659738014957056,0.08473625140291807,0.2789001122334456,0.06397306397306397,0.6033519553072626,0.8147312077183875,0.06341189674523008,0.0005611672278338945,3,3
591,1733,0.7565185609077097,0.055395268320830915,0.2493941142527404,0.02308136180034622,0.6091954022988506,0.8959708208446159,0.02308136180034622,0.0,1,2
592,1767,0.7140338756021379,0.07017543859649122,0.2693831352574986,0.06791171477079797,0.5649717514124294,0.8691922936214661,0.06791171477079797,0.0,2,1
593,1768,0.7491412787818174,0.06391402714932126,0.23563348416289587,0.040158371040723985,0.7570621468926554,0.9022951165001004,0.040158371040723985,0.0,1,1
594,1969,0.7665882518242557,0.04520060944641949,0.2310817673946166,0.05383443372270188,0.6142131979695431,0.9006710679320878,0.05383443372270188,0.0,2,1
595,1672,0.7386783970540297,0.06309808612440188,0.25657894736842113,0.03648325358851675,0.8571428571428571,0.8927754969496146,0.017942583732057416,0.01854066985645933,4,2
596,1769,0.7470250286744223,0.07066139061616727,0.23572639909553417,0.016958733747880157,0.5649717514124294,0.8977487938179101,0.01243640474844545,0.0045223289994347085,2,5
597,1670,0.727389298236918,0.06167664670658679,0.23359281437125756,0.04431137724550898,0.7664670658682635,0.8886886307657208,0.017365269461077845,0.02694610778443114,5,1
598,1731,0.7323149738947903,0.0606585788561525,0.24205661467359907,0.0317735413056037,0.7126436781609196,0.8917645267959552,0.03119584055459272,0.0005777007510109763,3,2
599,1923,0.6828702261963112,0.06656266250650025,0.297451898075923,0.08528341133645345,0.7202072538860104,0.8429302354827117,0.05096203848153926,0.0343213728549142,1,2
600,1699,0.7089539709475687,0.0688640376692172,0.2873454973513832,0.04473219540906415,0.6882352941176471,0.8695918952491728,0.04120070629782225,0.003531489111241907,2,1
601,2058,0.738632773854765,0.05150631681243928,0.2678814382896016,0.03935860058309038,0.8543689320388349,0.8858263295338723,0.038872691933916424,0.00048590864917395527,5,5
602,1597,0.7472101847989927,0.07013149655604256,0.2235441452723857,0.025046963055729492,0.83125,0.9049539949806664,0.024420788979336257,0.0006261740763932373,1,3
603,1638,0.7033073349019984,0.06837606837606847,0.2692307692307693,0.043345543345543344,0.823170731707317,0.8649368326810677,0.04212454212454213,0.001221001221001221,1,1
604,1880,0.7349325904837891,0.06382978723404253,0.25,0.023936170212765957,0.7446808510638298,0.8927763746505067,0.021808510638297873,0.002127659574468085,2,2
605,1999,0.797197267621556,0.03951975987993997,0.19779889944972498,0.026013006503251626,0.835,0.9284999690892015,0.016508254127063533,0.009504752376188095,5,1
606,1721,0.7059081282407069,0.07088901801278324,0.27600232423009874,0.05287623474723998,0.6936416184971098,0.8694311489570555,0.0337013364323068,0.01917489831493318,1,1
607,1733,0.7664376984021128,0.06751298326601274,0.20427005193306402,0.02192729371032891,0.7528735632183908,0.917308076412696,0.02192729371032891,0.0,1,1
608,1690,0.7781098280973469,0.04349112426035501,0.21834319526627222,0.00650887573964497,0.6923076923076923,0.9256270254542357,0.000591715976331361,0.005917159763313609,1,4
609,1600,0.6868899943821193,0.06718750000000001,0.27631250000000007,0.0775,0.65,0.8554183479119629,0.044375,0.033125,2,2
610,1824,0.671059735910226,0.08059210526315796,0.2875000000000001,0.0712719298245614,0.7158469945355191,0.8333189042825951,0.0712719298245614,0.0,3,2
611,1568,0.7109617739881243,0.07334183673469391,0.2731505102040816,0.07079081632653061,0.8726114649681529,0.870747909407026,0.054209183673469385,0.016581632653061226,2,3
612,1592,0.6632489102987145,0.09170854271356786,0.2908291457286432,0.0885678391959799,0.7,0.8372910838185843,0.0829145728643216,0.005653266331658292,2,2
613,1792,0.699111666341304,0.07952008928571427,0.2857142857142857,0.06529017857142858,0.8833333333333333,0.8631168915713164,0.045200892857142856,0.020089285714285716,1,1
614,1654,0.6279665316443465,0.07920193470374848,0.3204353083434099,0.16505441354292624,0.608433734939759,0.8051046937615293,0.11789600967351874,0.0471584038694075,2,2
615,1776,0.7726394959482689,0.05912162162162161,0.21959459459459463,0.03153153153153153,0.8539325842696629,0.9148285156097459,0.03153153153153153,0.0,1,1
616,1887,0.727685932751294,0.07048224695283523,0.2443031266560678,0.0392156862745098,0.5238095238095238,0.8925606899531227,0.0392156862745098,0.0,1,1
617,1890,0.7021585799347381,0.06190476190476191,0.26375661375661413,0.08095238095238096,0.9259259259259259,0.8644740787596528,0.035449735449735446,0.0455026455026455,1,2
618,1662,0.8147083479577539,0.0421179302045728,0.1648616125150421,0.025872442839951864,0.7724550898203593,0.94137060948245,0.023465703971119134,0.0024067388688327317,2,2
619,1757,0.7292556590218381,0.05122367672168471,0.26807057484348323,0.05179282868525897,0.6931818181818182,0.885364130070467,0.043824701195219126,0.00796812749003984,2,4
620,1758,0.7519115307474719,0.06939704209328784,0.22610921501706474,0.03754266211604096,0.6306818181818182,0.9002590701297752,0.03640500568828214,0.0011376564277588168,2,1
621,1606,0.7601265483653782,0.05666251556662516,0.23412204234122036,0.019925280199252802,0.8819875776397516,0.9114796317114232,0.009962640099626401,0.009962640099626401,2,2
622,1651,0.6600851404111199,0.08237431859479105,0.3179890975166566,0.13567534827377348,0.7710843373493976,0.8241739854679647,0.07389460932768019,0.061780738946093275,3,1
623,1579,0.6771554487308226,0.07663077897403425,0.2970234325522482,0.09309689677010766,0.7151898734177216,0.8473959361673968,0.04496516782773907,0.048131728942368585,3,1
624,1739,0.7838061973861049,0.04025301897642325,0.22714203565267388,0.012650948821161587,0.8505747126436781,0.9209045261144942,0.008050603795284647,0.004600345025876941,4,4
625,2023,0.7979579481994403,0.03163618388531875,0.21354424122590218,0.010380622837370242,0.8226600985221675,0.9279059663596109,0.010380622837370242,0.0,2,1
626,1858,0.6692330896855784,0.0904198062432724,0.29886975242195907,0.09795479009687837,0.5483870967741935,0.8320028010480628,0.05866523143164693,0.039289558665231435,2,2
627,1838,0.7925019211247831,0.040805223068552804,0.1996735582154516,0.013057671381936888,0.6956521739130435,0.9265498586733006,0.013057671381936888,0.0,1,4
628,1861,0.702450924553711,0.08597528210639444,0.2675980655561526,0.04567436861902203,0.7219251336898396,0.865248048780207,0.045137023105857065,0.0005373455131649651,2,1
629,1738,0.7383736543543057,0.06156501726121982,0.21403912543153047,0.03394706559263521,0.7126436781609196,0.891140837061254,0.03394706559263521,0.0,2,1
630,1716,0.7272279002133583,0.06293706293706292,0.24417249417249418,0.05303030303030303,0.7674418604651163,0.8840383262464275,0.05303030303030303,0.0,2,1
631,1750,0.6817437523214631,0.09200000000000001,0.27605714285714295,0.048,0.5771428571428572,0.8456392141145731,0.044571428571428574,0.0034285714285714284,1,1
632,1745,0.6450789131613156,0.07163323782234958,0.32355300859598857,0.1484240687679083,0.5657142857142857,0.8175279996586672,0.09340974212034384,0.05501432664756447,2,2
633,1598,0.729011085375352,0.08072590738423024,0.24843554443053817,0.028785982478097622,0.725,0.8895989118131685,0.028785982478097622,0.0,2,3
634,1792,0.714824880545096,0.05580357142857145,0.2723214285714286,0.041294642857142856,0.75,0.8706426929987031,0.03962053571428571,0.0016741071428571428,1,1
635,2029,0.7106545038023138,0.07787087235091178,0.27304090685066534,0.04238541153277477,0.8522167487684729,0.8720763540321452,0.041399704287826515,0.0009857072449482504,2,2
636,1737,0.6788683469372309,0.07253886010362687,0.3208981001727116,0.1404720782959125,0.8735632183908046,0.8392606371418143,0.07887161773172136,0.061600460564191134,2,2
637,1621,0.6572553318488443,0.09870450339296732,0.29364589759407767,0.07711289327575571,0.5521472392638037,0.8230536163000546,0.07526218383713756,0.001850709438618137,1,3
638,1847,0.7160086509131128,0.06659447753113157,0.25663237682728757,0.040606388738494856,0.6378378378378379,0.8744177833922984,0.040606388738494856,0.0,3,2
639,1849,0.7779334853825907,0.038939967550027044,0.23428880475932937,0.02650081124932396,0.7675675675675676,0.9139572328264745,0.024337479718766902,0.002163331530557058,1,1
640,1755,0.7345396264558842,0.06723646723646726,0.26438746438746435,0.034757834757834755,0.7727272727272727,0.8888990308051632,0.02792022792022792,0.006837606837606838,4,4
641,1640,0.7367803513121498,0.06707317073170738,0.24573170731707317,0.028658536585365855,0.7682926829268293,0.8926776122077369,0.016463414634146342,0.012195121951219513,2,2
642,1835,0.5917455561987153,0.12370572207084474,0.3536784741144413,0.18310626702997276,0.6847826086956522,0.7560200953686744,0.1307901907356948,0.05231607629427793,2,1
643,1696,0.7417754660093446,0.06308962264150944,0.2314268867924528,0.02653301886792453,0.8117647058823529,0.9006349668209068,0.02653301886792453,0.0,2,1
644,1745,0.7872192923490187,0.04813753581661895,0.21203438395415472,0.009742120343839542,0.7828571428571428,0.923941222236988,0.009742120343839542,0.0,2,1
645,1791,0.7793933444978527,0.03573422668900056,0.22389726409826916,0.008375209380234505,0.7722222222222223,0.9186199891502409,0.006141820212171971,0.002233389168062535,1,4
646,1824,0.6980747075585155,0.06743421052631582,0.24287280701754388,0.06304824561403509,0.7868852459016393,0.8596030256574905,0.06304824561403509,0.0,3,1
647,1736,0.7103239638619396,0.07834101382488479,0.2514400921658986,0.06221198156682028,0.6666666666666666,0.8752797839221073,0.05933179723502304,0.002880184331797235,2,2
648,2109,0.7815367062835459,0.0369843527738265,0.23992413466097673,0.020862968231389285,0.7251184834123223,0.9139083919282672,0.012802275960170697,0.008060692271218587,2,2
649,1730,0.661795367983791,0.10491329479768785,0.27867052023121397,0.06878612716763005,0.36416184971098264,0.8354668909778107,0.05722543352601156,0.011560693641618497,3,3
650,1608,0.7636871222766348,0.0516169154228856,0.20460199004975124,0.01554726368159204,0.8012422360248447,0.918949778727084,0.01554726368159204,0.0,1,1
651,1819,0.6766836743958019,0.0604727872457394,0.3232545354590435,0.1726223199560198,0.8076923076923077,0.8306483135004571,0.0863111599780099,0.0863111599780099,3,2
652,2007,0.6893317113595995,0.08520179372197301,0.27703039362232185,0.05430991529646238,0.681592039800995,0.8525405141919981,0.026407573492775286,0.027902341803687097,2,3
653,1544,0.6926375273979049,0.0890544041450777,0.2778497409326425,0.0744818652849741,0.7483870967741936,0.8627147477957596,0.05764248704663212,0.01683937823834197,1,1
654,1646,0.6633045617583484,0.09234507897934391,0.2928311057108141,0.08809234507897934,0.5333333333333333,0.83054179784387,0.05589307411907655,0.03219927095990279,2,2
655,1471,0.7471064477206708,0.061182868796736845,0.2345343303874915,0.024473147518694765,0.8378378378378378,0.9047612274043633,0.021753908905506457,0.002719238613188307,3,1
656,1615,0.6919141836873423,0.07616099071207427,0.28297213622291023,0.07306501547987616,0.5802469135802469,0.8545503274404009,0.060061919504643964,0.013003095975232198,2,2
657,1652,0.6739513927617481,0.07021791767554479,0.29170702179176766,0.07808716707021791,0.8012048192771084,0.8468199232120498,0.044794188861985475,0.033292978208232446,2,2
658,1571,0.7060602593347273,0.07129217059197968,0.26861871419478045,0.042011457670273714,0.7341772151898734,0.8743678175200823,0.02991725015913431,0.0120942075111394,3,2
659,1871,0.6913397953386832,0.090860502405131,0.27525387493319076,0.07589524318546231,0.7127659574468085,0.8551777683768624,0.03955104222340994,0.036344200962052375,1,1
660,1779,0.7617357166722352,0.05845980888139404,0.24620573355817868,0.01911186059584036,0.8258426966292135,0.9106951019860975,0.01911186059584036,0.0,3,2
661,1619,0.5697031911291365,0.11303273625694876,0.358863495985176,0.20074119827053738,0.5802469135802469,0.7387067707964095,0.09079678814082767,0.1099444101297097,2,2
662,1493,0.7035413380784836,0.05961152042866713,0.28251841929002003,0.06028131279303416,0.82,0.8609786443608621,0.03415941058271936,0.026121902210314803,3,1
663,1763,0.6680526211679261,0.08224617129892231,0.29778786159954623,0.09642654566080544,0.751412429378531,0.8295830781772038,0.07827566647759501,0.018150879183210438,1,2
664,1597,0.673932729167632,0.08202880400751406,0.27263619286161556,0.07263619286161553,0.8125,0.8422239139927797,0.052598622417031934,0.020037570444583593,1,1
665,1664,0.749090409333883,0.060096153846153855,0.23016826923076927,0.031850961538461536,0.7544910179640718,0.9032840871782281,0.026442307692307692,0.005408653846153846,1,1
666,1980,0.7461204243178143,0.061616161616161624,0.251010101010101,0.04090909090909091,0.6666666666666666,0.897639426107238,0.04090909090909091,0.0,2,2
667,1589,0.6804074792340482,0.08495909376966648,0.2838263058527376,0.0578980490874764,0.7295597484276729,0.8543875456039632,0.042794210195091255,0.015103838892385148,5,1
668,1805,0.6846937828423486,0.07479224376731303,0.2967313019390583,0.0925207756232687,0.8674033149171271,0.8461384826710557,0.049307479224376734,0.043213296398891966,1,2
669,1678,0.5953808790073714,0.10429082240762813,0.35220500595947557,0.18176400476758045,0.6130952380952381,0.7732442802884781,0.12514898688915377,0.056615017878426696,2,3
670,1454,0.7409847374974652,0.06671251719394766,0.21870701513067398,0.04264099037138927,0.8698630136986302,0.8942062248628418,0.04264099037138927,0.0,1,2
671,1821,0.7333057131002645,0.07413509060955525,0.23613399231191654,0.032948929159802305,0.8961748633879781,0.8942850581479865,0.020318506315211423,0.012630422844590884,1,1
672,1854,0.748186773675089,0.06957928802588995,0.23085221143473578,0.0296655879180151,0.6881720430107527,0.9001381618533607,0.022114347357065803,0.007551240560949299,5,3
673,1572,0.6970846617849362,0.06870229007633588,0.2926208651399491,0.0846055979643766,0.7278481012658228,0.8523420156753032,0.07633587786259542,0.00826972010178117,2,1
674,1732,0.6867705566085794,0.07505773672055427,0.2661662817551963,0.07217090069284064,0.7988505747126436,0.8565662878449726,0.05369515011547344,0.018475750577367205,3,3
675,1577,0.7571161133164921,0.06467977171845277,0.23335447051363356,0.018389346861128725,0.7721518987341772,0.9081747944200154,0.018389346861128725,0.0,1,3
676,1797,0.6682680916992594,0.06510851419031721,0.30439621591541455,0.10907067334446299,0.8166666666666667,0.8386325010193162,0.07679465776293823,0.032276015581524764,1,1
677,2035,0.7343991149860557,0.046191646191646195,0.2712530712530713,0.041277641277641275,0.6862745098039216,0.8869875318476246,0.0343980343980344,0.0068796068796068794,1,1
678,1668,0.7304556865969407,0.06414868105515587,0.2615707434052757,0.0605515587529976,0.8323353293413174,0.8928215990979879,0.049160671462829736,0.011390887290167866,3,3
679,1952,0.7618687083778931,0.07325819672131142,0.25609631147541034,0.07581967213114754,0.7806122448979592,0.8930518915569248,0.07530737704918032,0.0005122950819672131,1,1
680,1783,0.7532958286956463,0.06449803701626466,0.2271452607964105,0.007291082445316881,0.7653631284916201,0.906579321641436,0.007291082445316881,0.0,1,3
681,1671,0.6862929910902902,0.06762417713943747,0.2710951526032316,0.07839616995810891,0.6547619047619048,0.8508512260887158,0.07839616995810891,0.0,1,3
682,1523,0.6781154912814523,0.06828627708470125,0.2803676953381484,0.06565988181221274,0.869281045751634,0.8439462793385809,0.017071569271175313,0.048588312541037425,1,2
683,1920,0.642816594135545,0.08619791666666665,0.3057812500000001,0.10364583333333334,0.8020833333333334,0.8076430280487539,0.10364583333333334,0.0,2,1
684,1718,0.5982119225971777,0.12747380675203734,0.34592549476135037,0.1728754365541327,0.7616279069767442,0.7733418524678384,0.08789289871944121,0.08498253783469151,1,1
685,2037,0.8162473702982088,0.04123711340206182,0.19096710849288173,0.017673048600883652,0.6715686274509803,0.9383384950070284,0.015709376534118802,0.0019636720667648502,1,1
686,1673,0.7228406525185083,0.0645546921697549,0.2624028690974298,0.052002390914524806,0.9107142857142857,0.8821769576302158,0.05080693365212194,0.001195457262402869,2,3
687,1520,0.7081943336685507,0.09276315789473687,0.2335526315789473,0.03618421052631579,0.7828947368421053,0.8798888211139799,0.026973684210526316,0.009210526315789473,3,3
688,1392,0.6936670448657152,0.08764367816091956,0.2456896551724138,0.05675287356321839,0.7785714285714286,0.870025882420431,0.05028735632183908,0.00646551724137931,4,1
689,1762,0.770949605325811,0.06469920544835411,0.22241770715096484,0.024971623155505107,0.7005649717514124,0.916603741590245,0.023269012485811577,0.00170261066969353,2,2
690,1654,0.6689127850110401,0.10066505441354291,0.2938331318016929,0.07799274486094317,0.6927710843373494,0.8438343477463167,0.06590084643288996,0.012091898428053204,2,1
691,1706,0.7117393249148402,0.08440797186400939,0.2754982415005861,0.02403282532239156,0.6842105263157895,0.8682881136681744,0.02403282532239156,0.0,1,1
692,1602,0.7362902507929519,0.05867665418227219,0.2440699126092385,0.06304619225967541,0.7515527950310559,0.8924988768628351,0.028089887640449437,0.03495630461922597,2,4
693,2137,0.7167065706282583,0.06785212915301825,0.27889564810481987,0.06644829199812821,0.5981308411214953,0.8685400964276693,0.06644829199812821,0.0,1,1
694,1742,0.6795461028875717,0.08266360505166481,0.2846727898966705,0.07634902411021814,0.4514285714285714,0.8540939695566832,0.06946039035591274,0.006888633754305396,2,2
695,1904,0.6973946279736424,0.07195378151260504,0.28503151260504206,0.09243697478991597,0.743455497382199,0.8666891110892522,0.0661764705882353,0.026260504201680673,1,3
696,2066,0.7490441627766861,0.057115198451113236,0.23015488867376577,0.026137463697967087,0.3188405797101449,0.8949107514443688,0.02420135527589545,0.001936108422071636,3,2
697,1778,0.6413484171210072,0.09055118110236215,0.30871766029246334,0.12373453318335208,0.4550561797752809,0.8001285966785456,0.09561304836895389,0.0281214848143982,1,1
698,1750,0.7607684220436854,0.05542857142857141,0.22400000000000003,0.017714285714285714,0.8171428571428572,0.9127281271336001,0.017714285714285714,0.0,1,2
699,1713,0.7421512941372397,0.05429071803852892,0.2591943957968476,0.023934617629889084,0.7674418604651163,0.8959765532804275,0.023934617629889084,0.0,2,2
700,1605,0.6845409775257569,0.07414330218068532,0.25732087227414335,0.06417445482866044,0.6459627329192547,0.8557274709006346,0.047975077881619935,0.0161993769470405,2,3
701,1761,0.7201736548561304,0.0789324247586598,0.2566723452583759,0.06416808631459398,0.672316384180791,0.8803101931091959,0.02498580352072686,0.039182282793867124,2,2
702,1787,0.7047607996863974,0.054840514829322895,0.30352546166759936,0.11807498601007274,0.6871508379888268,0.8539751316705644,0.07162842753217684,0.046446558477895916,1,4
703,1674,0.6954611796456386,0.09259259259259262,0.25806451612903225,0.05854241338112306,0.7083333333333334,0.8489654672703384,0.05675029868578255,0.0017921146953405018,1,4
704,1955,0.7902315774471357,0.049104859335038276,0.2,0.02404092071611253,0.6887755102040817,0.9249108305627798,0.02404092071611253,0.0,2,1
705,1542,0.7512084763971101,0.06290531776913094,0.19649805447470814,0.028534370946822308,0.7741935483870968,0.9068336455426675,0.028534370946822308,0.0,2,2
706,1745,0.6996377476547664,0.09398280802292264,0.2662464183381089,0.048137535816618914,0.76,0.8670340625156437,0.048137535816618914,0.0,2,2
707,1738,0.6371272201336771,0.08457997698504024,0.3319907940161105,0.1432681242807825,0.7873563218390804,0.7978679073896366,0.07997698504027619,0.06329113924050633,3,1
708,2041,0.6954079013399629,0.07986281234688875,0.2866242038216561,0.048015678588927,0.47804878048780486,0.8582434111091319,0.03576678098971093,0.01224889759921607,3,1
709,1597,0.7336066603832863,0.05572949279899808,0.25046963055729493,0.03757044458359424,0.88125,0.8911447408639357,0.03757044458359424,0.0,5,3
710,2025,0.7170134461942181,0.07061728395061728,0.2577777777777778,0.07160493827160494,0.8719211822660099,0.8643768067788639,0.07160493827160494,0.0,2,2
711,1962,0.7262171413586904,0.07084607543323142,0.2660550458715596,0.03109072375127421,0.7360406091370558,0.8801120026465733,0.019877675840978593,0.011213047910295617,2,2
712,1642,0.7043454488454779,0.08708891595615106,0.2727771010962241,0.06638246041412911,0.6666666666666666,0.8677322829977461,0.04689403166869671,0.0194884287454324,2,2
713,1840,0.733027675951128,0.06739130434782606,0.2456521739130435,0.051086956521739134,0.7717391304347826,0.8855716427239233,0.051086956521739134,0.0,2,3
714,1671,0.7290863117120672,0.07241172950329144,0.23099940155595444,0.029922202274087373,0.6071428571428571,0.888868997796708,0.024536205864751647,0.005385996409335727,3,1
715,1926,0.7049835838632157,0.0773624091381101,0.2772585669781932,0.06438213914849429,0.5595854922279793,0.8664502266914282,0.047248182762201454,0.017133956386292833,3,3
716,1820,0.7275319201685879,0.0714285714285714,0.26428571428571423,0.02967032967032967,0.8076923076923077,0.8866326804903005,0.02967032967032967,0.0,1,3
717,1582,0.6514892220505718,0.09987357774968397,0.3059418457648546,0.106826801517067,0.710691823899371,0.8305603874182551,0.07016434892541087,0.03666245259165613,1,1
718,1644,0.6424396114501848,0.09428223844282242,0.31021897810218974,0.11131386861313869,0.6121212121212121,0.8139680640254201,0.06204379562043796,0.04927007299270073,2,4
719,1591,0.7653093042139069,0.05216844751728478,0.22061596480201134,0.01257071024512885,0.54375,0.9150075255827868,0.011313639220615965,0.001257071024512885,2,3
720,1756,0.7049704817139968,0.07403189066059224,0.2892938496583144,0.07118451025056947,0.7102272727272727,0.8670309766665506,0.0541002277904328,0.017084282460136675,2,4
721,1759,0.7962285399912622,0.050596930073905616,0.18487777146105744,0.008527572484366117,0.7443181818181818,0.9337448587690067,0.008527572484366117,0.0,2,1
722,1623,0.6738526084565577,0.07332101047443007,0.2966112138016018,0.09057301293900184,0.5337423312883436,0.8348151131524971,0.07208872458410351,0.018484288354898338,1,1
723,1839,0.7161946151600167,0.07014681892332791,0.24034801522566618,0.05600870038064165,0.6902173913043478,0.8733731553255091,0.05600870038064165,0.0,1,5
724,1894,0.7353094536006618,0.05200633579725451,0.2571277719112988,0.036430834213305174,0.7578947368421053,0.887456595118786,0.028511087645195353,0.00791974656810982,1,3
725,1659,0.7193893256427778,0.06931886678722121,0.28631705846895716,0.0650994575045208,0.8795180722891566,0.8802223330621485,0.04460518384569018,0.020494273658830622,2,3
726,1805,0.7808726167004493,0.04432132963988922,0.22105263157894736,0.006648199445983379,0.7734806629834254,0.9197922486315004,0.00443213296398892,0.00221606648199446,2,2
727,1843,0.8044782957076071,0.029300054259359665,0.18936516549104726,0.018990775908844276,0.7081081081081081,0.934133001158082,0.016820401519262073,0.002170374389582203,1,3
728,1714,0.6843944364006206,0.08343057176196034,0.27071178529754963,0.0647607934655776,0.6395348837209303,0.8447757298750718,0.0647607934655776,0.0,2,1
729,1808,0.7147360425370299,0.07190265486725661,0.2512721238938053,0.05641592920353982,0.43646408839779005,0.8760088639860328,0.05641592920353982,0.0,1,1
730,1577,0.7495507845062334,0.0513633481293595,0.23335447051363356,0.03741280913126189,0.8670886075949367,0.8998571014262909,0.03487634749524413,0.0025364616360177552,2,2
731,1877,0.7292384362106704,0.05966968566862019,0.2594565796483751,0.047416089504528504,0.8297872340425532,0.8820691573747785,0.021310602024507193,0.02610548748002131,2,1
732,1647,0.7292982391376573,0.06557377049180324,0.24529447480267205,0.048573163327261686,0.8727272727272727,0.8889715057768613,0.048573163327261686,0.0,1,1
733,1699,0.6823118470573869,0.07180694526191878,0.2973513831665687,0.09711595055915244,0.9235294117647059,0.8458659025538738,0.05414949970570924,0.0429664508534432,2,1
734,1700,0.7419822587330478,0.06411764705882353,0.2471176470588236,0.026470588235294117,0.5294117647058824,0.9023791709276157,0.026470588235294117,0.0,5,3
735,1867,0.7628729222095001,0.05088377075522227,0.21606855918585974,0.017675415104445636,0.8074866310160428,0.9111732427285469,0.017675415104445636,0.0,2,1
736,1924,0.7938417349030404,0.050935550935550966,0.19386694386694392,0.02079002079002079,0.7616580310880829,0.9322857434762101,0.018711018711018712,0.002079002079002079,2,2
737,1718,0.6714556676404821,0.06693830034924333,0.3084982537834691,0.1362048894062864,0.7965116279069767,0.8301997637692058,0.07450523864959255,0.06169965075669383,2,1
738,1671,0.7485641893103662,0.060442848593656506,0.22501496110113706,0.023937761819269897,0.7619047619047619,0.902114625784084,0.02333931777378815,0.0005984440454817474,1,1
739,1666,0.7458152412407325,0.04561824729891961,0.25210084033613445,0.058823529411764705,0.9281437125748503,0.8960192771990325,0.058823529411764705,0.0,3,3
740,1691,0.7545528365855179,0.08101714961561202,0.2241277350680071,0.014192785334121822,0.8235294117647058,0.9070527117954521,0.013601419278533412,0.0005913660555884093,1,2
741,1868,0.6663629876731587,0.09850107066381153,0.2928265524625267,0.08458244111349036,0.6631016042780749,0.8254257700558624,0.07922912205567452,0.0053533190578158455,2,2
742,1764,0.6642260228790242,0.08390022675736963,0.2950113378684808,0.08786848072562359,0.6384180790960452,0.8321454098969605,0.05272108843537415,0.035147392290249435,2,3
743,1813,0.6958767254997478,0.11527854384997249,0.24214009928295643,0.07501378929950359,0.7692307692307693,0.8482673807431025,0.07501378929950359,0.0,3,1
744,1639,0.6717226750677404,0.08419768151311774,0.29896278218425876,0.09823062843197071,0.8048780487804879,0.8406727608544534,0.06711409395973154,0.03111653447223917,2,2
745,1756,0.7398504554618061,0.08143507972665148,0.2312072892938497,0.014806378132118452,0.6931818181818182,0.8990942688211374,0.014806378132118452,0.0,1,1
746,1867,0.7212668560097862,0.07177289769683981,0.24102838778789504,0.04552758435993572,0.5614973262032086,0.8802997552173552,0.04552758435993572,0.0,2,4
747,1662,0.7348111235879307,0.053549939831528226,0.24969915764139583,0.05054151624548736,0.8143712574850299,0.8870404400666442,0.02888086642599278,0.021660649819494584,2,2
748,1938,0.7626403273750018,0.04953560371517029,0.21305469556243542,0.037667698658410735,0.6443298969072165,0.9078103333275078,0.037667698658410735,0.0,2,1
749,1823,0.7330894693547949,0.06253428414701043,0.22095447065277013,0.044432254525507406,0.7978142076502732,0.8877099348416051,0.044432254525507406,0.0,3,2
750,1820,0.7133914877126758,0.05247252747252745,0.2664835164835164,0.07802197802197802,0.8186813186813187,0.8705776803761357,0.028021978021978023,0.05,1,2
751,1685,0.6889358267794305,0.08902077151335308,0.25994065281899115,0.03857566765578635,0.8106508875739645,0.8644473040128986,0.03857566765578635,0.0,2,1
752,1771,0.6777673791499994,0.07171089779785433,0.3122529644268775,0.1101072840203275,0.6685393258426966,0.8436694305591341,0.0722755505364201,0.0378317334839074,2,1
753,1901,0.7145062780311305,0.06049447659126772,0.2745923198316676,0.05312993161493951,0.7015706806282722,0.8741251790306044,0.05312993161493951,0.0,1,3
754,1953,0.7706713485933482,0.04864311315924219,0.2226318484383,0.01945724526369688,0.8469387755102041,0.9131891864122964,0.017409114183307733,0.002048131080389145,2,1
755,1593,0.676654100463831,0.0784682988072819,0.3049591964846202,0.1167608286252354,0.80625,0.8424186032235111,0.07281858129315756,0.04394224733207784,1,3
756,1958,0.7248307844351977,0.06613891726251278,0.25740551583248217,0.033707865168539325,0.6683673469387755,0.8820668206833234,0.033707865168539325,0.0,2,4
757,1639,0.6083355704697987,0.11043319097010373,0.326418547895058,0.1464307504575961,0.524390243902439,0.7846147605127873,0.07809640024405125,0.06833435021354485,1,4
758,1763,0.7096707045853373,0.07543959160521835,0.27498581962563806,0.04027226318774816,0.7853107344632768,0.8670920291407118,0.04027226318774816,0.0,1,2
759,1793,0.7113381894482917,0.06748466257668712,0.2520914668153932,0.07306190741773563,0.6611111111111111,0.8608573035617274,0.07306190741773563,0.0,2,1
760,1714,0.6974860961775653,0.0752625437572928,0.2928821470245041,0.0705950991831972,0.5232558139534884,0.8564455999285873,0.03558926487747958,0.03500583430571762,4,2
761,1672,0.7015525344496124,0.08612440191387555,0.25956937799043067,0.06997607655502393,0.7976190476190477,0.8664541810707135,0.04007177033492823,0.029904306220095694,2,3
762,2054,0.7647093445199301,0.05696202531645568,0.21324245374878292,0.025803310613437196,0.6456310679611651,0.9072205492502814,0.02385589094449854,0.0019474196689386564,2,2
763,1749,0.6900359002961579,0.07604345340194407,0.28587764436821034,0.08404802744425385,0.6742857142857143,0.853342958276625,0.06975414522584333,0.01429388221841052,4,1
764,1686,0.7418702825368411,0.0527876631079478,0.24436536180308432,0.018979833926453145,0.7337278106508875,0.8961666100362353,0.018386714116251483,0.0005931198102016608,4,4
765,1561,0.7260521735698964,0.06854580397181287,0.24343369634849454,0.010249839846252402,0.8343949044585988,0.879817493540649,0.008968609865470852,0.0012812299807815502,2,2
766,1852,0.7033767637970101,0.0755939524838013,0.2764038876889849,0.07505399568034557,0.6881720430107527,0.8602737709479457,0.07505399568034557,0.0,2,2
767,1726,0.7081835267063161,0.0741599073001159,0.276361529548088,0.04866743916570104,0.630057803468208,0.8711654342021053,0.043453070683661645,0.005214368482039398,2,2
768,1522,0.6785498395369532,0.09231274638633376,0.2890932982917215,0.0795006570302234,0.8235294117647058,0.8484764668738863,0.04336399474375821,0.03613666228646518,1,1
769,1691,0.7579849233387136,0.06386753400354817,0.20993494973388527,0.018332347723240685,0.7529411764705882,0.9139921012843013,0.017740981667652277,0.0005913660555884093,2,2
770,1682,0.7074839177312677,0.060047562425683654,0.2804399524375745,0.06004756242568371,0.7988165680473372,0.8693141745206967,0.04518430439952437,0.014863258026159334,1,2
771,1704,0.6323235165708304,0.07717136150234742,0.3339201877934272,0.19131455399061034,0.8888888888888888,0.8007774352537451,0.09330985915492958,0.09800469483568075,1,1
772,1548,0.7262888899666687,0.08010335917312655,0.24870801033591727,0.03165374677002584,0.7806451612903226,0.8808977742150603,0.012919896640826873,0.018733850129198967,1,3
773,1480,0.7194134195729237,0.07702702702702705,0.26054054054054115,0.057432432432432436,0.8513513513513513,0.885681912915331,0.05540540540540541,0.002027027027027027,3,2
774,1612,0.7173011981311006,0.0632754342431762,0.2475186104218362,0.034119106699751864,0.7716049382716049,0.8776955773482507,0.034119106699751864,0.0,2,1
775,1510,0.7226422109307223,0.07019867549668873,0.26496688741721863,0.05827814569536424,0.8013245033112583,0.8818266496212996,0.0390728476821192,0.019205298013245033,2,2
776,1903,0.7198802626347197,0.0767209668943773,0.24802942722017868,0.058854440357330534,0.837696335078534,0.8749251705041275,0.05465055176037835,0.004203888596952181,1,1
777,1700,0.6527802030583482,0.07470588235294118,0.33352941176470585,0.1676470588235294,0.6411764705882353,0.811591177834018,0.08235294117647059,0.08529411764705883,2,2
778,1779,0.7119028426153124,0.08993816750983696,0.22147273749297358,0.05171444631815627,0.47191011235955055,0.8781031694406928,0.05171444631815627,0.0,4,1
779,1739,0.7466419163278725,0.07245543415756184,0.22438182863714784,0.0063254744105807935,0.7413793103448276,0.9068884085669202,0.0063254744105807935,0.0,3,1
780,1800,0.725384271151911,0.050000000000000044,0.27950000000000014,0.06944444444444445,0.7833333333333333,0.879838991943692,0.041666666666666664,0.027777777777777776,1,3
781,1814,0.726439406573849,0.07497243660418967,0.23814773980154358,0.004961411245865491,0.6153846153846154,0.8866914898224262,0.003858875413450937,0.0011025358324145535,3,3
782,1472,0.7156457891519297,0.05910326086956519,0.25679347826086957,0.08355978260869565,0.7567567567567568,0.8658779829400296,0.05638586956521739,0.02717391304347826,1,1
783,1738,0.778117063872376,0.06329113924050633,0.17796317606444187,0.020138089758342925,0.8390804597701149,0.9248103340455833,0.011507479861910242,0.00863060989643268,3,2
784,1580,0.7272184352393828,0.06645569620253167,0.26392405063291136,0.0670886075949367,0.620253164556962,0.887090918567215,0.05,0.01708860759493671,4,2
785,1671,0.7234549336516829,0.0442848593656493,0.2854578096947935,0.06044284859365649,0.7619047619047619,0.878560848448227,0.03710353081986834,0.02333931777378815,1,4
786,1948,0.7140913148153134,0.06031827515400412,0.2747946611909651,0.033367556468172486,0.4461538461538462,0.8668922551329064,0.033367556468172486,0.0,2,3
787,1691,0.7229614944078798,0.06978119455943232,0.2584269662921348,0.05913660555884092,0.8764705882352941,0.8762608830697375,0.05913660555884092,0.0,3,2
788,1677,0.7051031781358497,0.059630292188431744,0.2832438878950507,0.07036374478234943,0.8095238095238095,0.8679130420063826,0.029218843172331546,0.04114490161001789,2,2
789,2201,0.7869184961491069,0.03952748750567914,0.210358927760109,0.019990913221263062,0.8823529411764706,0.9247544331753471,0.01817355747387551,0.001817355747387551,2,2
790,1503,0.7726953474183065,0.06387225548902198,0.18749168330006652,0.02661343978709248,0.6556291390728477,0.9216661277718428,0.021290751829673986,0.0053226879574184965,1,2
791,1688,0.6958735130742616,0.08056872037914692,0.278436018957346,0.06575829383886256,0.757396449704142,0.8609449799428792,0.05509478672985782,0.01066350710900474,1,4
792,1842,0.7950983031316267,0.04288816503800219,0.1937567861020631,0.02280130293159609,0.7675675675675676,0.9303073630488301,0.02280130293159609,0.0,1,1
793,1684,0.6273591468966018,0.08491686460807601,0.3598574821852732,0.16152019002375298,0.6982248520710059,0.795722672503124,0.09323040380047506,0.06828978622327792,1,2
794,1818,0.6900418063190017,0.09515951595159516,0.2810781078107811,0.059955995599559955,0.7967032967032966,0.8588018429848133,0.059955995599559955,0.0,5,1
795,1872,0.6439072706499754,0.1474358974358974,0.2799145299145299,0.06837606837606838,0.6648936170212766,0.8158700385979367,0.037927350427350424,0.030448717948717948,3,2
796,1950,0.7842587689137955,0.04102564102564099,0.2318461538461539,0.013846153846153847,0.7538461538461538,0.9165298529617604,0.013846153846153847,0.0,3,2
797,1708,0.631347149725487,0.0936768149882904,0.33307962529274,0.14285714285714285,0.7485380116959064,0.8034310072463579,0.06733021077283373,0.07552693208430913,3,2
798,1662,0.7057722123357307,0.07250300842358605,0.26534296028880866,0.07340553549939831,0.8502994011976048,0.8620499280094975,0.060770156438026475,0.01263537906137184,3,3
799,1835,0.6588271823777561,0.07792915531335154,0.3002724795640327,0.10463215258855586,0.717391304347826,0.8286239908051284,0.06376021798365122,0.04087193460490463,3,2
800,1809,0.6982417182893248,0.06412382531785521,0.2962962962962963,0.07407407407407407,0.8176795580110497,0.8522802042710517,0.04532891100055279,0.028745163073521283,2,1
801,1750,0.7252359855482352,0.05714285714285716,0.2725714285714286,0.05942857142857143,0.8457142857142858,0.8827459031574697,0.032,0.027428571428571427,1,1
802,1624,0.7296868674516691,0.05264778325123153,0.26785714285714285,0.024630541871921183,0.8159509202453987,0.886999784001387,0.017241379310344827,0.007389162561576354,3,2
803,1843,0.6343389868292161,0.1345632121540966,0.30113944655453073,0.1112316874660879,0.44324324324324327,0.8121794002380777,0.08193163320672817,0.02930005425935974,1,2
804,1671,0.7360490651071129,0.05385996409335725,0.2609216038300419,0.025134649910233394,0.6726190476190477,0.8921560375738167,0.017354877318970677,0.007779772591262717,1,1
805,1768,0.6969195700390676,0.08399321266968324,0.2816742081447964,0.05429864253393665,0.7005649717514124,0.8688459866443081,0.03733031674208145,0.016968325791855202,1,2
806,1814,0.6908306211024039,0.07552370452039692,0.2648842337375966,0.04520396912899669,0.44505494505494503,0.8672390495658718,0.04189636163175303,0.0033076074972436605,1,1
807,1946,0.7892950743801653,0.04779033915724562,0.20092497430626932,0.014902363823227132,0.6358974358974359,0.9295261461168121,0.014902363823227132,0.0,1,1
808,1727,0.7545183169932228,0.05906195715112911,0.23219455703532133,0.030689056166763172,0.6878612716763006,0.9093832590076579,0.030689056166763172,0.0,2,2
809,1502,0.6618104218115579,0.07589880159786955,0.3374167776298271,0.1278295605858855,0.6026490066225165,0.8320896446715746,0.06258322237017311,0.06524633821571238,2,1
810,1697,0.6694190504276025,0.06717737183264588,0.31290512669416615,0.11490866234531526,0.7705882352941177,0.8331775178499325,0.06305244549204478,0.05185621685327048,1,1
811,1772,0.7261394114701764,0.045428893905191864,0.2663656884875847,0.04401805869074492,0.8314606741573034,0.8814484198339739,0.022573363431151242,0.02144469525959368,2,2
812,1693,0.6463454013998565,0.12049616066154756,0.3088009450679267,0.1340815121086828,0.7588235294117647,0.8122490325804598,0.10809214412285884,0.02598936798582398,1,2
813,1665,0.7733526451057089,0.05165165165165164,0.22690690690690715,0.015015015015015015,0.7005988023952096,0.921440416975986,0.015015015015015015,0.0,1,3
814,1722,0.6829278339655157,0.07520325203252037,0.29442508710801396,0.08536585365853659,0.6069364161849711,0.8529879140085621,0.04645760743321719,0.038908246225319396,1,2
815,1806,0.7583521577059787,0.055647840531561465,0.22840531561461797,0.023809523809523808,0.8674033149171271,0.9090160063436384,0.023809523809523808,0.0,2,4
816,1725,0.6908476620849217,0.07246376811594207,0.28231884057971013,0.042898550724637684,0.7861271676300579,0.8564530946448006,0.04115942028985507,0.0017391304347826088,1,2
817,1591,0.7450201283658044,0.05656819610307981,0.2413576367064739,0.020741671904462602,0.8125,0.8993746319322335,0.02011313639220616,0.0006285355122564425,1,2
818,1720,0.7457340494813705,0.061046511627906974,0.24366279069767452,0.04186046511627907,0.7732558139534884,0.8966332910687443,0.02441860465116279,0.01744186046511628,1,2
819,1774,0.7580390928582706,0.05355129650507329,0.24577226606538893,0.036076662908680945,0.7865168539325843,0.9037902798330321,0.020293122886133032,0.015783540022547914,1,1
820,1548,0.7041742620620453,0.07041343669250644,0.26892764857881135,0.04974160206718346,0.6903225806451613,0.8725265665618148,0.0355297157622739,0.014211886304909561,3,1
821,1492,0.700814427515951,0.0824396782841823,0.26407506702412864,0.044906166219839144,0.6666666666666666,0.8756285510954019,0.03820375335120643,0.006702412868632708,2,3
822,1770,0.7092596048873901,0.07740112994350282,0.2751412429378531,0.05141242937853107,0.8813559322033898,0.8741999850718778,0.05141242937853107,0.0,1,2
823,1584,0.6839601436922258,0.0744949494949495,0.3005050505050505,0.10101010101010101,0.7232704402515723,0.8435145097895302,0.05113636363636364,0.049873737373737376,3,3
824,1750,0.6796657272328989,0.07714285714285718,0.29725714285714305,0.09714285714285714,0.7142857142857143,0.8481199465094948,0.054285714285714284,0.04285714285714286,1,2
825,1971,0.7477293091057566,0.05936073059360736,0.2257737189244039,0.029426686960933535,0.803030303030303,0.8935584468131276,0.029426686960933535,0.0,2,1
826,1596,0.693797300178011,0.07299498746867164,0.28070175438596495,0.07832080200501253,0.625,0.8497105684836888,0.02443609022556391,0.05388471177944862,1,2
827,1735,0.7137442978277186,0.06397694524495678,0.2752737752161384,0.08126801152737752,0.7011494252873564,0.8740232913877923,0.03976945244956772,0.0414985590778098,1,2
828,1953,0.73575700296658,0.07117255504352271,0.24065540194572452,0.030721966205837174,0.7091836734693877,0.8913333586335777,0.030721966205837174,0.0,2,3
829,1872,0.6969789797341319,0.0854700854700855,0.26869658119658124,0.06837606837606838,0.648936170212766,0.8594969135491528,0.056623931623931624,0.011752136752136752,1,1
830,1660,0.6583762318094835,0.10120481927710845,0.31506024096385543,0.13012048192771083,0.8192771084337349,0.8283208907345821,0.05963855421686747,0.07048192771084337,1,1
831,1674,0.7270254912962216,0.06989247311827956,0.2682198327359618,0.05017921146953405,0.8630952380952381,0.8804173804415993,0.04181600955794504,0.008363201911589008,1,3
832,1903,0.6393604542807544,0.09931686810299528,0.29584866001050975,0.09196006305832895,0.8638743455497382,0.8068113783066952,0.07777193904361535,0.01418812401471361,2,1
833,1755,0.6705826202925163,0.07179487179487179,0.28581196581196594,0.0905982905982906,0.7102272727272727,0.8432393066309329,0.05242165242165242,0.038176638176638175,1,2
834,1629,0.698538214305663,0.07182320441988951,0.2585635359116024,0.058931860036832415,0.7914110429447853,0.8544843501154537,0.058931860036832415,0.0,1,3
835,1678,0.764734772318807,0.05244338498212159,0.2252681764004768,0.033373063170441,0.7559523809523809,0.9056362786856312,0.027413587604290822,0.0059594755661501785,2,2
836,1613,0.7468974604418985,0.07067575945443277,0.23422194668319904,0.023558586484810913,0.691358024691358,0.9006939026607267,0.023558586484810913,0.0,2,2
837,1688,0.7140228430855736,0.06398104265402843,0.2748815165876777,0.07879146919431279,0.650887573964497,0.8746482353145426,0.041469194312796206,0.037322274881516584,1,1
838,1758,0.7288276645196079,0.057451649601820254,0.2696245733788396,0.055176336746302616,0.8522727272727273,0.8838905242571407,0.03128555176336746,0.023890784982935155,2,1
839,1517,0.6924533016859543,0.07580751483190509,0.2841133816743573,0.07317073170731707,0.8486842105263158,0.8538128226980725,0.028345418589321027,0.04482531311799604,1,1
840,1806,0.7650069142704155,0.04595791805094129,0.25027685492801777,0.016611295681063124,0.7569060773480663,0.910641747970283,0.01273532668881506,0.003875968992248062,2,1
841,1489,0.6848751188096984,0.08059100067159167,0.2941571524513096,0.08462055070517126,0.6644295302013423,0.8599246758909161,0.039623908663532575,0.04499664204163868,2,3
842,1825,0.7329958637937669,0.07287671232876713,0.23397260273972603,0.043835616438356165,0.8469945355191257,0.8914176747075413,0.043835616438356165,0.0,1,1
843,1977,0.7438330374912591,0.06474456246838645,0.23530601922104216,0.035407182599898834,0.7070707070707071,0.8969419413607517,0.035407182599898834,0.0,2,1
844,1793,0.750755420649369,0.05800334634690463,0.23067484662576684,0.024539877300613498,0.8777777777777778,0.9015202255812916,0.015616285554935862,0.008923591745677636,5,2
845,1773,0.7247297686498501,0.07388606880992665,0.24760293288212076,0.06034968979131416,0.7191011235955056,0.8838345625151888,0.047377326565143825,0.012972363226170333,2,2
846,1791,0.7834771535402753,0.03685092127303191,0.22166387493020662,0.01507537688442211,0.7944444444444444,0.9212823535405327,0.01507537688442211,0.0,3,3
847,1541,0.7264519285931226,0.06424399740428294,0.25438027255029205,0.031148604802076575,0.7612903225806451,0.8887591343041212,0.031148604802076575,0.0,1,1
848,2036,0.8186920160102135,0.036345776031434185,0.16846758349705304,0.015225933202357564,0.7549019607843137,0.9449398966954436,0.013261296660117878,0.0019646365422396855,1,5
849,1712,0.744650462241612,0.04497663551401869,0.2558411214953271,0.04672897196261682,0.7325581395348837,0.896770647560633,0.04672897196261682,0.0,1,1
850,1765,0.733040790559774,0.07535410764872519,0.2657223796033994,0.05042492917847025,0.6497175141242938,0.890234932417509,0.03456090651558073,0.01586402266288952,1,1
851,1608,0.6932061282221941,0.07835820895522388,0.29558457711442787,0.08333333333333333,0.7763975155279503,0.8588761682406622,0.048507462686567165,0.03482587064676617,1,1
852,1862,0.6995005498110314,0.07357679914070892,0.3012889366272825,0.10311493018259936,0.839572192513369,0.8588274936337885,0.05853920515574651,0.04457572502685284,1,1
853,1674,0.7218568889327243,0.07078853046594982,0.24832735961768218,0.031660692951015534,0.7797619047619048,0.8823771697789154,0.02986857825567503,0.0017921146953405018,2,3
854,1443,0.7362518058385491,0.06029106029106024,0.270963270963271,0.058905058905058906,0.7241379310344828,0.8922864421688601,0.05197505197505198,0.00693000693000693,3,3
855,1727,0.7335769463290118,0.07064273306311519,0.2721482339316734,0.04863925883034163,0.838150289017341,0.8828705989167247,0.04748118123914302,0.0011580775911986102,2,2
856,1830,0.7402946746970516,0.07076502732240436,0.2066666666666668,0.03551912568306011,0.644808743169399,0.8969909627972198,0.03551912568306011,0.0,3,1
857,1810,0.7182885145684684,0.08066298342541434,0.25193370165745854,0.032044198895027624,0.6519337016574586,0.8744469743308779,0.0281767955801105,0.0038674033149171273,2,2
858,1926,0.5915456465131945,0.11889927310488058,0.3748701973001038,0.19470404984423675,0.32124352331606215,0.754785161545754,0.102803738317757,0.09190031152647975,2,1
859,2026,0.7105365480977934,0.06614017769002956,0.28084896347482724,0.08835143139190524,0.7980295566502463,0.8676553586409192,0.07650542941757157,0.011846001974333662,3,5
860,1930,0.7473848883154584,0.061658031088082904,0.2269948186528498,0.03005181347150259,0.7098445595854922,0.9017954371841257,0.025906735751295335,0.004145077720207254,2,2
861,1761,0.7080104193437156,0.061896649630891504,0.26916524701873934,0.03747870528109029,0.6214689265536724,0.8729143060788477,0.02385008517887564,0.013628620102214651,2,2
862,1965,0.7360633051373182,0.07531806615776082,0.22524173027989827,0.022391857506361322,0.8781725888324873,0.8964571008620091,0.017811704834605598,0.004580152671755725,2,2
863,1975,0.6813652182707448,0.07645569620253165,0.27341772151898736,0.06936708860759494,0.5353535353535354,0.844143138134768,0.06936708860759494,0.0,2,2
864,1720,0.7204058945156308,0.06511627906976741,0.2418604651162791,0.05290697674418605,0.5872093023255814,0.8866648387940027,0.05116279069767442,0.0017441860465116279,1,2
865,1932,0.6888484258674588,0.05357142857142855,0.2986542443064182,0.09989648033126294,0.7783505154639175,0.8424310051385264,0.043478260869565216,0.05641821946169772,2,1
866,1838,0.6447727416870123,0.08868335146898798,0.3215451577801958,0.10500544069640914,0.7065217391304348,0.8094007520075472,0.10282916213275299,0.002176278563656148,2,2
867,1802,0.6451555415232691,0.11043285238623746,0.30688124306326303,0.11098779134295228,0.5138121546961326,0.8138018855267942,0.07103218645948946,0.03995560488346282,2,1
868,1659,0.6947138183154822,0.09041591320072331,0.28149487643158533,0.06268836648583484,0.8614457831325302,0.8655950549935383,0.03676913803496082,0.02591922845087402,1,1
869,1732,0.7162385674574266,0.07678983833718245,0.2719399538106235,0.04561200923787529,0.6264367816091954,0.876911598485673,0.037528868360277134,0.008083140877598153,1,3
870,1569,0.6989545926622888,0.0745697896749522,0.26959847036328877,0.05672402804333971,0.8089171974522293,0.8644740714765685,0.03505417463352454,0.021669853409815167,1,3
871,1848,0.7015265300043217,0.0679112554112554,0.28084415584415584,0.04599567099567099,0.8108108108108109,0.8702656223071653,0.03896103896103896,0.007034632034632035,1,2
872,1706,0.7540819254426315,0.06096131301289566,0.22977725674091443,0.02403282532239156,0.783625730994152,0.9060410945270188,0.022274325908558032,0.0017584994138335288,2,2
873,1826,0.7652195897963755,0.05202628696604601,0.21741511500547647,0.019167579408543262,0.6885245901639344,0.9135367918071047,0.018072289156626505,0.001095290251916758,1,3
874,1643,0.6273975652380405,0.08886183810103465,0.3268411442483262,0.14668289713937918,0.8121212121212121,0.7988663447257439,0.08703590992087644,0.05964698721850274,2,1
875,1846,0.7820966167505785,0.04144095341278442,0.22345612134344522,0.013001083423618635,0.8,0.9206675916486736,0.013001083423618635,0.0,1,2
876,1564,0.6846914862083028,0.08567774936061381,0.28964194373401536,0.07225063938618925,0.6687898089171974,0.8534690314491029,0.05370843989769821,0.01854219948849105,1,2
877,1792,0.6309372213249188,0.10797991071428575,0.3108258928571429,0.13950892857142858,0.8444444444444444,0.7944582853044766,0.11607142857142858,0.0234375,2,2
878,1777,0.6989802681021597,0.08891389983117615,0.2583005064715813,0.056837366347777155,0.6235955056179775,0.8634997057580737,0.056837366347777155,0.0,1,1
879,1613,0.7569050819740287,0.0582765034097954,0.22244265344079353,0.013639181649101054,0.691358024691358,0.9103941714759652,0.013639181649101054,0.0,2,3
880,1705,0.7006504812293343,0.08035190615835774,0.2651026392961877,0.04457478005865103,0.7719298245614035,0.8653935472244714,0.04457478005865103,0.0,3,2
881,1690,0.749332697473157,0.052662721893491096,0.23846153846153845,0.04674556213017751,0.7988165680473372,0.8967171228112133,0.03964497041420118,0.007100591715976331,3,1
882,1802,0.652342824713778,0.09433962264150947,0.3113207547169811,0.1309655937846837,0.8950276243093923,0.8209303672206951,0.0732519422863485,0.05771365149833518,3,1
883,1860,0.7268579301402059,0.05537634408602149,0.2693548387096774,0.034408602150537634,0.8172043010752689,0.877858171508457,0.023655913978494623,0.010752688172043012,2,1
884,1850,0.7716774981973461,0.047027027027027046,0.24270270270270267,0.03135135135135135,0.6918918918918919,0.9069647314345153,0.03135135135135135,0.0,3,1
885,1787,0.7036190523978575,0.06994963626189143,0.2742025741466145,0.05204252937884723,0.7262569832402235,0.8674445005358133,0.03357582540570789,0.01846670397313934,1,1
886,1978,0.7543687248282989,0.04903943377148634,0.24180990899898885,0.0262891809908999,0.5151515151515151,0.9014186359814356,0.0262891809908999,0.0,1,3
887,1809,0.6550985896873295,0.0713101160862355,0.3322277501381979,0.13930348258706468,0.7955801104972375,0.8155450409183269,0.07131011608623548,0.06799336650082918,2,2
888,1803,0.6869758588615043,0.06877426511369938,0.2945091514143095,0.09706045479755962,0.7734806629834254,0.8519421461760356,0.05379922351636162,0.04326123128119801,1,1
889,1562,0.7160885922061121,0.07234314980793854,0.2604993597951345,0.030089628681177975,0.8471337579617835,0.8836021964402012,0.017285531370038413,0.012804097311139564,1,2
890,1796,0.75512370716068,0.0512249443207127,0.24777282850779514,0.015590200445434299,0.8444444444444444,0.9053910488168793,0.015590200445434299,0.0,2,2
891,1721,0.727320916169268,0.0720511330621732,0.26786751888436966,0.04474142940151075,0.7052023121387283,0.883146801547988,0.04299825682742592,0.0017431725740848344,2,1
892,1467,0.6785365994510105,0.09338786639400143,0.2862985685071575,0.09202453987730061,0.7346938775510204,0.8427064022273413,0.06339468302658487,0.028629856850715747,2,3
893,1622,0.7029783618857376,0.06165228113440195,0.29408138101109743,0.0906288532675709,0.8343558282208589,0.8615720574518727,0.06103575832305795,0.029593094944512947,1,3
894,1884,0.7500471106768026,0.043524416135881205,0.24240976645435244,0.03503184713375796,0.5291005291005291,0.8997255851625808,0.032908704883227176,0.0021231422505307855,1,3
895,1869,0.7545745314534332,0.06848582129481001,0.2279293739967897,0.026217228464419477,0.786096256684492,0.9003979077183851,0.026217228464419477,0.0,1,2
896,1814,0.7222378778371068,0.07772877618522603,0.2188533627342889,0.06284454244762955,0.7307692307692307,0.8735236272749487,0.06284454244762955,0.0,3,1
897,1496,0.7167710402120825,0.0755347593582888,0.26604278074866317,0.0374331550802139,0.8466666666666667,0.8761143646509029,0.03409090909090909,0.0033422459893048127,2,2
898,1984,0.7172928612746318,0.07888104838709675,0.26184475806451624,0.04133064516129032,0.7085427135678392,0.8751531488337859,0.038306451612903226,0.0030241935483870967,3,1
899,1551,0.7248339477862203,0.06447453255963895,0.24306898774983876,0.029658284977433915,0.8397435897435898,0.8889205887085836,0.02385557704706641,0.005802707930367505,1,1
900,1877,0.6941260728698915,0.09163558870538091,0.26020245071923287,0.049547149706979224,0.8936170212765957,0.8537341742577311,0.04208843899840171,0.007458710708577517,1,1
901,1928,0.6616098534037845,0.07339211618257258,0.2951244813278008,0.0803941908713693,0.689119170984456,0.8273322189964034,0.05342323651452282,0.026970954356846474,3,2
902,1699,0.7446972656046745,0.05709240729841092,0.2348440258975868,0.03825779870512066,0.6647058823529411,0.8911303533909756,0.03825779870512066,0.0,1,3
903,1631,0.7543384654304359,0.06315144083384427,0.22992029429797672,0.02145922746781116,0.774390243902439,0.906528189771458,0.02023298589822195,0.001226241569589209,2,2
904,1733,0.6740535185994309,0.07616849394114256,0.3177149451817656,0.14598961338718985,0.8505747126436781,0.834018289170183,0.09405654933641085,0.05193306405077899,3,3
905,1585,0.7256840438534318,0.06624605678233442,0.25274447949526824,0.039116719242902206,0.7924528301886793,0.8875921000702194,0.02082018927444795,0.01829652996845426,1,2
906,1988,0.7028406067394092,0.07243460764587525,0.2681086519114687,0.0789738430583501,0.7487437185929648,0.8558336602215713,0.0789738430583501,0.0,2,1
907,1541,0.6912777155853479,0.08695652173913049,0.2855288773523686,0.05970149253731343,0.7741935483870968,0.8538940355871706,0.04282933160285529,0.016872160934458143,2,1
908,1737,0.6473521779240863,0.08923431203223947,0.32412204951065055,0.17271157167530224,0.7931034482758621,0.8177021665192676,0.1111111111111111,0.061600460564191134,3,2
909,1584,0.6829887112998769,0.0877525252525252,0.27777777777777773,0.03977272727272727,0.5534591194968553,0.857271038577023,0.03851010101010101,0.0012626262626262627,1,1
910,1734,0.6502628360718196,0.08881199538638983,0.31603229527104965,0.16782006920415224,0.8448275862068966,0.8152124229154855,0.11937716262975778,0.04844290657439446,2,1
911,1734,0.7729905529915528,0.04700115340253751,0.2220299884659746,0.01787773933102653,0.8505747126436781,0.9135018485550327,0.01787773933102653,0.0,2,3
912,1525,0.6625687602397412,0.08983606557377047,0.29180327868852457,0.07868852459016394,0.6209150326797386,0.8287691304757393,0.03540983606557377,0.043278688524590166,2,5
913,1977,0.6579493540274087,0.09559939301972686,0.2933737986848761,0.08598887202832575,0.6919191919191919,0.8259067917788809,0.07890743550834597,0.0070814365199797676,2,2
914,1802,0.7205146674297217,0.0527192008879023,0.27469478357380694,0.06770255271920089,0.8453038674033149,0.8793347461094971,0.026637069922308545,0.041065482796892344,1,3
915,1657,0.7313935764158714,0.060350030175015085,0.2561255280627641,0.02715751357875679,0.7349397590361446,0.8929963776295046,0.02051901025950513,0.006638503319251659,2,3
916,2003,0.7156570105328299,0.07338991512730908,0.2509236145781327,0.06789815277084374,0.5572139303482587,0.8702254193747239,0.06789815277084374,0.0,3,2
917,1638,0.7206386417849715,0.08180708180708185,0.24542124542124544,0.0231990231990232,0.7804878048780488,0.8827421225087771,0.0231990231990232,0.0,2,1
918,1622,0.6860902613477751,0.0709001233045623,0.2847102342786684,0.08014796547472257,0.8220858895705522,0.8451662066471353,0.04932182490752158,0.030826140567200986,2,1
919,1756,0.7552929194779956,0.05438496583143504,0.25683371298405466,0.014236902050113895,0.7215909090909091,0.9038941447183261,0.014236902050113895,0.0,2,2
920,1488,0.735427603863589,0.0678763440860215,0.2446236559139785,0.053763440860215055,0.7651006711409396,0.8947459970427256,0.031586021505376344,0.02217741935483871,2,2
921,1913,0.7365156818446694,0.059069524307370586,0.2502875065342395,0.02195504443282802,0.8385416666666666,0.8941839406527556,0.02195504443282802,0.0,1,1
922,1729,0.7532936860268373,0.05031810294968189,0.24522845575477148,0.04164256795835743,0.838150289017341,0.9061333014479188,0.031231925968768073,0.010410641989589358,1,2
923,1666,0.6532723463666987,0.1092436974789916,0.30162064825930374,0.11224489795918367,0.5149700598802395,0.820629107008365,0.0666266506602641,0.04561824729891957,2,3
924,1716,0.695717589443613,0.06701631701631694,0.25320512820512825,0.05244755244755245,0.7558139534883721,0.8695100996777094,0.051864801864801864,0.0005827505827505828,3,3
925,1640,0.7568299539232292,0.05792682926829268,0.2100609756097565,0.00975609756097561,0.7926829268292683,0.9075484596059543,0.00975609756097561,0.0,2,1
926,1796,0.7150399841056971,0.06458797327394211,0.2861915367483296,0.06570155902004454,0.8222222222222222,0.8720620221702582,0.05011135857461024,0.015590200445434299,1,3
927,1880,0.7263232203853643,0.06436170212765957,0.2515957446808511,0.04042553191489362,0.7872340425531915,0.8803009885760463,0.039361702127659576,0.0010638297872340426,2,2
928,1743,0.6955975506060865,0.06942053930005743,0.2759609868043603,0.06196213425129088,0.8628571428571429,0.8557120672166697,0.06196213425129088,0.0,2,3
929,1894,0.710031765423875,0.08025343189017947,0.2624076029567054,0.048574445617740235,0.8,0.8702136684983459,0.028511087645195353,0.02006335797254488,1,3
930,1719,0.6845131294699477,0.07155322862129143,0.2933100639906923,0.08784176847004072,0.7325581395348837,0.84149791181556,0.048283885980221056,0.03955788248981966,1,4
931,1985,0.7729552879882872,0.059949622166246885,0.2005037783375315,0.009571788413098237,0.678391959798995,0.9224805020283249,0.007556675062972292,0.0020151133501259445,3,2
932,1743,0.7371579699559386,0.051635111876075696,0.26161790017211706,0.03499713138267355,0.7714285714285715,0.8907744140773695,0.021801491681009755,0.013195639701663799,2,2
933,1796,0.6930777852638639,0.07683741648106901,0.3048440979955457,0.11024498886414254,0.7611111111111111,0.8507390035971494,0.0556792873051225,0.05456570155902005,3,2
934,1799,0.7239115460381569,0.06837131739855468,0.2546970539188438,0.04724847137298499,0.7611111111111111,0.8871253667107026,0.04613674263479711,0.0011117287381878821,1,1
935,1591,0.7225284292371593,0.05782526712759273,0.272784412319296,0.07165304839723445,0.59375,0.8767847199176404,0.02765556253928347,0.04399748585795098,1,1
936,1833,0.7699876984108065,0.05946535733769778,0.20272776868521544,0.027277686852154936,0.9021739130434783,0.9161051204459355,0.027277686852154936,0.0,1,1
937,1982,0.8070670560119843,0.03506559031281531,0.18819374369323916,0.0075681130171543895,0.6331658291457286,0.9365848278968041,0.0075681130171543895,0.0,1,1
938,1661,0.7443180168092607,0.04996989765201687,0.2691149909692956,0.049969897652016856,0.7425149700598802,0.8913427158850813,0.03732691149909693,0.012642986152919929,1,2
939,1553,0.7148900675280481,0.07018673535093362,0.25048293625241475,0.04829362524146812,0.7564102564102564,0.8782267942154657,0.0206052801030264,0.027688345138441726,2,1
940,1943,0.6715425524861821,0.08028821410190423,0.28358208955223885,0.09264024704065878,0.8923076923076924,0.840958330204963,0.06948018528049409,0.023160061760164694,1,2
941,1767,0.6729816107084617,0.09903791737408035,0.2814940577249576,0.053763440860215055,0.5141242937853108,0.8416037988422389,0.04187889077532541,0.011884550084889643,2,3
942,1724,0.7675122661346848,0.047563805104408385,0.23184454756380515,0.029002320185614848,0.5664739884393064,0.9062244342177515,0.021461716937354988,0.0075406032482598605,3,3
943,1794,0.7172057830695568,0.055741360089186176,0.2618171683389075,0.02564102564102564,0.6944444444444444,0.8782418656152349,0.023968784838350056,0.0016722408026755853,1,3
944,2032,0.6856514565244595,0.07086614173228345,0.31643700787401574,0.13484251968503938,0.5343137254901961,0.8386394580111677,0.06496062992125984,0.06988188976377953,2,2
945,1810,0.7414788512426044,0.059668508287292865,0.23038674033149165,0.023204419889502764,0.7237569060773481,0.8990214874883592,0.01270718232044199,0.010497237569060774,2,2
946,1786,0.7745468152284397,0.053191489361702135,0.20828667413213886,0.01791713325867861,0.7206703910614525,0.9190967230924054,0.01791713325867861,0.0,3,1
947,1455,0.7483496351028073,0.0515463917525773,0.22350515463917542,0.03711340206185567,0.7808219178082192,0.9052088652114312,0.03436426116838488,0.0027491408934707906,2,2
948,1807,0.6609862170069988,0.08024349750968462,0.29275041505257327,0.08688433868289984,0.7237569060773481,0.8260681927594371,0.03707802988378528,0.04980630879911455,2,4
949,1855,0.8022674343137307,0.047439353099730464,0.18199460916442056,0.01725067385444744,0.7903225806451613,0.9346393410820961,0.01725067385444744,0.0,2,3
950,1885,0.6903089673922232,0.07374005305039788,0.3096021220159152,0.11671087533156499,0.7037037037037037,0.849585820737257,0.06312997347480107,0.053580901856763924,2,1
951,1683,0.7371813228966692,0.05466428995840755,0.2558526440879381,0.027332144979203804,0.7337278106508875,0.8917896952049483,0.027332144979203804,0.0,1,2
952,1773,0.659052670674659,0.0620417371686407,0.3079526226734349,0.13761985335589397,0.8202247191011236,0.8239026772050596,0.09926677946982515,0.03835307388606881,2,2
953,1889,0.7828393321398036,0.0640550555849656,0.1810481736368449,0.04023292747485442,0.5502645502645502,0.922318373457905,0.04023292747485442,0.0,2,1
954,1835,0.7354335430687368,0.05722070844686655,0.25776566757493186,0.05068119891008174,0.7934782608695652,0.8855427454492384,0.026158038147138966,0.02452316076294278,1,4
955,2136,0.7829019994794233,0.051029962546816465,0.2401685393258427,0.017322097378277154,0.897196261682243,0.9158768140405809,0.017322097378277154,0.0,3,1
956,1794,0.7509530239765028,0.06465997770345598,0.2246376811594203,0.026755852842809364,0.7555555555555555,0.9075445449207281,0.02564102564102564,0.0011148272017837235,1,2
957,1714,0.6308319859086188,0.09859976662777131,0.33704784130688453,0.1499416569428238,0.7151162790697675,0.8023571483414551,0.0822637106184364,0.0676779463243874,2,2
958,1773,0.7415137432032541,0.07332205301748451,0.23688663282571912,0.01071630005640158,0.8426966292134831,0.9002948216903673,0.009588268471517203,0.0011280315848843769,1,4
959,1615,0.7279604446899408,0.06439628482972137,0.25857585139318895,0.02848297213622291,0.7654320987654321,0.8869791406446992,0.02848297213622291,0.0,2,2
960,1945,0.6721160468638581,0.09922879177377886,0.2859640102827765,0.08020565552699228,0.7025641025641025,0.8304471586821042,0.0699228791773779,0.010282776349614395,3,3
961,1657,0.646398915512246,0.0911285455642728,0.3204586602293301,0.1412190706095353,0.6265060240963856,0.8177981935649197,0.08931804465902234,0.05190102595051298,1,2
962,1658,0.680992870176584,0.07418576598311215,0.294692400482509,0.0850422195416164,0.6987951807228916,0.8523303536864879,0.04463208685162847,0.040410132689987936,3,3
963,1845,0.7521769292279559,0.06070460704607045,0.23197831978319783,0.00975609756097561,0.6972972972972973,0.903830727291753,0.00975609756097561,0.0,1,3
964,1582,0.6660623306558445,0.06226295828065739,0.32048040455120097,0.15170670037926676,0.9308176100628931,0.824246795964386,0.07901390644753477,0.07269279393173199,4,4
965,1742,0.7776387522280933,0.055683122847301925,0.20321469575200912,0.01951779563719862,0.7828571428571428,0.9221657534589045,0.01951779563719862,0.0,3,2
966,1824,0.7269793990558552,0.05921052631578946,0.23793859649122806,0.04057017543859649,0.7704918032786885,0.8851502068589336,0.00712719298245614,0.03344298245614035,5,1
967,1826,0.6961739786346244,0.08680175246440305,0.27163198247535597,0.029572836801752465,0.8797814207650273,0.8621565725833934,0.029572836801752465,0.0,2,3
968,1901,0.7755397453645464,0.049973698053655924,0.21094160967911624,0.02367175170962651,0.9319371727748691,0.9187248744328155,0.02367175170962651,0.0,1,2
969,1722,0.7656587954450581,0.059233449477351874,0.21080139372822293,0.011033681765389082,0.7861271676300579,0.91409770258912,0.011033681765389082,0.0,3,2
970,2080,0.7396510469332799,0.05528846153846151,0.24091346153846163,0.03173076923076923,0.5673076923076923,0.8941522802292807,0.01971153846153846,0.01201923076923077,2,1
971,1729,0.7576034994762447,0.06072874493927122,0.2422209369577792,0.03412377096587623,0.8439306358381503,0.9049410036786351,0.03412377096587623,0.0,1,1
972,1761,0.7345716810318099,0.06416808631459392,0.259511641113004,0.028960817717206135,0.8757062146892656,0.8878740742963284,0.028960817717206135,0.0,2,2
973,1682,0.7182585055204906,0.08145065398335316,0.2312722948870392,0.05291319857312723,0.6982248520710059,0.8839517272078019,0.04994054696789536,0.002972651605231867,1,3
974,1690,0.6985261120771863,0.06449704142011836,0.26692307692307704,0.0378698224852071,0.727810650887574,0.8609785528819562,0.0378698224852071,0.0,1,2
975,1764,0.6975975407715213,0.06632653061224486,0.24092970521541957,0.07539682539682539,0.7627118644067796,0.8596053150877123,0.07539682539682539,0.0,1,1
976,1720,0.7353949935750835,0.06744186046511635,0.24186046511627907,0.04534883720930233,0.7732558139534884,0.8957214897724239,0.03488372093023256,0.010465116279069767,4,4
977,1863,0.7976706109264632,0.04777241009125066,0.1932367149758455,0.01878690284487386,0.7807486631016043,0.9321847601890156,0.014492753623188406,0.0042941492216854536,1,2
978,1866,0.6574602031625818,0.06672025723472669,0.3161843515541265,0.17363344051446947,0.7914438502673797,0.8170383549875306,0.09431939978563773,0.07931404072883172,1,5
979,1890,0.6593691015490765,0.07513227513227516,0.3296296296296296,0.1529100529100529,0.6296296296296297,0.8160421743165376,0.08835978835978836,0.06455026455026455,1,3
980,1918,0.7350259902788899,0.07924921793534934,0.22836287799791447,0.05578727841501564,0.4114583333333333,0.8911549377620942,0.05578727841501564,0.0,3,2
981,1735,0.6730958521205266,0.08933717579250722,0.2910662824207493,0.08876080691642652,0.6666666666666666,0.8489307612257198,0.040345821325648415,0.0484149855907781,1,2
982,1826,0.7073163699791516,0.07228915662650603,0.2562979189485214,0.029025191675794086,0.6994535519125683,0.8710401787261853,0.012048192771084338,0.016976998904709748,2,1
983,1802,0.6883151329132352,0.09267480577136517,0.29128745837957826,0.07713651498335183,0.7900552486187845,0.8557304070387526,0.049944506104328525,0.02719200887902331,3,2
984,1529,0.7321449386660817,0.0725964682799215,0.221190320470896,0.028122956180510136,0.8235294117647058,0.8988288561052501,0.028122956180510136,0.0,2,1
985,1782,0.7753121277906441,0.04882154882154883,0.22491582491582496,0.008978675645342313,0.7094972067039106,0.9255065165495872,0.008417508417508417,0.0005611672278338945,3,2
986,1744,0.7322865236533069,0.06594036697247704,0.24598623853211007,0.025802752293577983,0.9371428571428572,0.8872878216208745,0.025802752293577983,0.0,5,1
987,1576,0.7400219203624684,0.060913705583756354,0.23604060913705582,0.02728426395939086,0.7025316455696202,0.8940898309540473,0.005076142131979695,0.022208121827411168,1,1
988,1816,0.674561555298525,0.10737885462555063,0.27973568281938327,0.07488986784140969,0.5659340659340659,0.8409933791838129,0.07488986784140969,0.0,3,1
989,1723,0.7514184134008866,0.052814857806152055,0.23737666860127687,0.021474172954149738,0.8265895953757225,0.9070336932179981,0.019152640742890307,0.0023215322112594312,2,2
990,1646,0.669135568684568,0.074726609963548,0.3110571081409478,0.12818955042527339,0.5151515151515151,0.8316635825953933,0.08687727825030377,0.041312272174969626,2,3
991,1777,0.7176918446861802,0.0770962296004502,0.26674169949352833,0.03432751828925155,0.6123595505617978,0.8752704147709598,0.027574563871693866,0.006752954417557681,2,1
992,1766,0.7344521604442772,0.06030577576443941,0.24462061155152884,0.04983012457531144,0.8192090395480226,0.8864623036087811,0.03227633069082673,0.017553793884484713,2,1
993,1798,0.7096356675648532,0.07007786429365959,0.2687986651835373,0.060622914349276975,0.7,0.8670665825256555,0.05839822024471635,0.002224694104560623,1,3
994,1772,0.7187245086187196,0.07844243792325056,0.23702031602708806,0.014108352144469526,0.8764044943820225,0.8855960525134524,0.014108352144469526,0.0,4,2
995,1758,0.7322545372759558,0.07281001137656429,0.23378839590443679,0.03299203640500569,0.7670454545454546,0.8980202682926204,0.02502844141069397,0.007963594994311717,2,1
996,1788,0.7556826154062017,0.057606263982102904,0.22651006711409397,0.018456375838926176,0.6312849162011173,0.9077528105840176,0.017337807606263984,0.0011185682326621924,1,2
997,1638,0.7184974045685268,0.07020757020757018,0.25274725274725274,0.06043956043956044,0.6707317073170732,0.8825949431035346,0.06043956043956044,0.0,2,1
998,1867,0.7287373965716032,0.05356186395286561,0.26020353508302096,0.020353508302088912,0.6737967914438503,0.8833246772809967,0.020353508302088912,0.0,2,1
999,1821,0.6728432074053277,0.10323997803404722,0.2756727073036793,0.07633168588687535,0.6612021857923497,0.8366476144524894,0.07633168588687535,0.0,3,2
1000,1659,0.738762640323697,0.05907172995780591,0.22905364677516576,0.03375527426160337,0.8614457831325302,0.898467781263371,0.03375527426160337,0.0,3,3
1001,1723,0.6604324427877409,0.08589669181659898,0.3163087637840975,0.12594312246082415,0.7456647398843931,0.8313740013137023,0.062100986651189787,0.06384213580963435,1,3
1002,1690,0.7066581760393187,0.07544378698224853,0.257396449704142,0.038461538461538464,0.8165680473372781,0.87296338253204,0.028402366863905324,0.010059171597633136,5,1
1003,1678,0.7206949336762857,0.06644815256257447,0.2578069129916566,0.032777115613825986,0.5,0.8855192910898811,0.03158522050059595,0.0011918951132300357,5,1
1004,1959,0.7343572597341881,0.0627871362940276,0.2792240939254722,0.04696273608984176,0.75,0.8831247760326084,0.029606942317508933,0.017355793772332824,1,3
1005,1847,0.7392835675107071,0.07092582566323768,0.23822414726583652,0.040606388738494856,0.7513513513513513,0.8972333942225307,0.036816459122902004,0.003789929615592853,1,1
1006,1581,0.6439526274459527,0.09677419354838712,0.3149905123339658,0.13725490196078433,0.559748427672956,0.8153185863095962,0.09108159392789374,0.046173308032890575,1,3
1007,1802,0.7058080847019291,0.07824639289678137,0.25749167591564925,0.059378468368479466,0.7403314917127072,0.857715659688051,0.058823529411764705,0.0005549389567147614,1,3
1008,1697,0.7605899769848882,0.04242781378903948,0.2280494991160873,0.028874484384207425,0.7588235294117647,0.9032285007200577,0.011785503830288745,0.01708898055391868,3,2
1009,1777,0.7005615248310161,0.06302757456387176,0.3088351153629714,0.11311198649409117,0.7584269662921348,0.8595592045008263,0.05458638154192459,0.05852560495216657,2,1
1010,1886,0.7357331086006959,0.05567338282078471,0.26033934252386004,0.025980911983032873,0.8941798941798942,0.8932055570401806,0.025980911983032873,0.0,3,1
1011,1763,0.6685068919863546,0.0975609756097561,0.2785025524673852,0.0737379466817924,0.5480225988700564,0.8431789972632094,0.05445263754963131,0.019285309132161088,2,1
1012,1781,0.7158403197344305,0.061763054463784384,0.2801796743402583,0.043795620437956206,0.7877094972067039,0.8696231762985923,0.035934868051656375,0.007860752386299831,5,1
1013,1715,0.7029820277570854,0.06822157434402337,0.27288629737609327,0.06822157434402332,0.8197674418604651,0.8687439854713742,0.037900874635568516,0.030320699708454812,1,2
1014,1852,0.7276883796885828,0.07019438444924406,0.24670626349892016,0.04103671706263499,0.6075268817204301,0.8815487745582374,0.011879049676025918,0.029157667386609073,1,2
1015,1606,0.7456861437048647,0.06257783312577833,0.2285180572851806,0.0224159402241594,0.7204968944099379,0.903230753135896,0.021170610211706103,0.0012453300124533001,2,1
1016,1808,0.7101504146327119,0.060840707964601726,0.30033185840707965,0.10176991150442478,0.6464088397790055,0.8664866321018948,0.046460176991150445,0.05530973451327434,2,1
1017,1808,0.6697382410706898,0.08545353982300885,0.32317477876106193,0.10951327433628319,0.6353591160220995,0.8233689094027871,0.10896017699115045,0.0005530973451327434,3,3
1018,1636,0.7815172335344667,0.0568459657701712,0.2078239608801956,0.007946210268948655,0.8475609756097561,0.9248430902907221,0.007946210268948655,0.0,5,1
1019,1922,0.699670136959568,0.06893860561914672,0.3006763787721124,0.10145681581685743,0.8238341968911918,0.8600388840905775,0.0639958376690947,0.037460978147762745,1,2
1020,1869,0.7360635248251348,0.06367041198501877,0.26431246655965757,0.0299625468164794,0.786096256684492,0.8820662945378224,0.0299625468164794,0.0,3,3
1021,1591,0.710472961744275,0.06599622878692646,0.27529855436832185,0.07605279698302954,0.6625,0.870503025789117,0.05091137649277184,0.0251414204902577,2,1
1022,1933,0.753790430679965,0.07501293326435596,0.20693222969477498,0.031039834454216243,0.654639175257732,0.9051736365391254,0.030522503879979308,0.0005173305742369374,2,1
1023,1718,0.6706965345940155,0.0861466821885914,0.30634458672875436,0.11816065192083819,0.7906976744186046,0.8418117808737392,0.08207217694994179,0.03608847497089639,1,4
1024,1550,0.7258598054605175,0.044193548387096764,0.27806451612903227,0.03483870967741935,0.8580645161290322,0.8868627492677321,0.03225806451612903,0.0025806451612903226,2,2
1025,1735,0.7388820775375832,0.06109510086455339,0.25936599423631124,0.03688760806916427,0.5919540229885057,0.8947333880877344,0.029971181556195964,0.0069164265129683,5,1
1026,1665,0.7302280278101729,0.06846846846846849,0.24120120120120128,0.04504504504504504,0.6826347305389222,0.8958089514851721,0.032432432432432434,0.012612612612612612,2,2
1027,1623,0.7267912959709005,0.06715958102279729,0.2692544670363525,0.04066543438077634,0.6809815950920245,0.8922273225014326,0.025878003696857672,0.014787430683918669,2,4
1028,1906,0.6508009478751359,0.08053515215110174,0.33735571878279125,0.16107030430220357,0.6858638743455497,0.8139953069477633,0.09706190975865688,0.06400839454354669,1,3
1029,1773,0.7010423879813551,0.07670614777213758,0.25820642978003383,0.06429780033840947,0.7359550561797753,0.8605914149896903,0.06429780033840947,0.0,2,1
1030,1605,0.7352628096320378,0.06542056074766356,0.25420560747663556,0.07165109034267912,0.8198757763975155,0.8890735711179657,0.03925233644859813,0.032398753894081,1,2
1031,1812,0.773654522626861,0.049116997792494455,0.2163355408388521,0.025386313465783666,0.7747252747252747,0.9132423444594664,0.016556291390728478,0.008830022075055188,1,2
1032,1673,0.6891018509044884,0.0735206216377765,0.30412432755528984,0.11177525403466826,0.8809523809523809,0.8574760545164091,0.06694560669456066,0.04482964734010759,2,1
1033,1642,0.6486614794491237,0.10048721071863576,0.3172350791717418,0.13215590742996347,0.7272727272727273,0.8153592941583062,0.08891595615103533,0.043239951278928136,2,2
1034,1690,0.74197797018836,0.07130177514792901,0.24852071005917165,0.03905325443786982,0.6331360946745562,0.8945431690062092,0.028402366863905324,0.010650887573964497,2,1
1035,1360,0.7869400688345803,0.05514705882352941,0.17808823529411782,0.019852941176470587,0.7720588235294118,0.9279205020876687,0.019852941176470587,0.0,4,1
1036,1757,0.7857167417391602,0.047808764940239,0.20887877063175872,0.01195219123505976,0.7613636363636364,0.9306141293117538,0.01195219123505976,0.0,2,1
1037,1921,0.7509449074845356,0.0640291514836023,0.2347735554398751,0.01665799062988027,0.772020725388601,0.9038353750727801,0.01665799062988027,0.0,1,2
1038,1811,0.7558844306430608,0.06350082827167314,0.22197680839315292,0.018221976808393152,0.6923076923076923,0.9063868330509746,0.018221976808393152,0.0,1,2
1039,1839,0.7060859471240406,0.08917890157694397,0.24089178901576946,0.05492115280043502,0.7282608695652174,0.8622340116015281,0.05492115280043502,0.0,3,3
1040,1638,0.7024511498608548,0.07326007326007328,0.2814407814407814,0.09462759462759462,0.8536585365853658,0.8601245928452631,0.051892551892551896,0.042735042735042736,2,1
1041,1854,0.7646210269660892,0.05366774541531824,0.2362459546925566,0.019417475728155338,0.7419354838709677,0.9137048650160702,0.015102481121898598,0.004314994606256742,1,1
1042,1642,0.704055803987676,0.0828258221680877,0.2520706455542022,0.05785627283800244,0.5212121212121212,0.8750324009896536,0.05602923264311815,0.0018270401948842874,3,2
1043,1611,0.678547143058925,0.09186840471756674,0.29422718808193665,0.074487895716946,0.691358024691358,0.8446531385549059,0.0670391061452514,0.0074487895716946,1,3
1044,1812,0.7846611899002163,0.03669977924944812,0.20750551876379686,0.025938189845474614,0.8461538461538461,0.9211276947153374,0.019315673289183224,0.006622516556291391,1,1
1045,1951,0.7288834315548246,0.05228088159917993,0.2526909277293695,0.02665299846232701,0.7551020408163265,0.8881868127624211,0.007175807278318811,0.019477191184008202,3,2
1046,1752,0.651364330362386,0.08732876712328766,0.29960045662100454,0.0976027397260274,0.6875,0.8242060191639041,0.05593607305936073,0.041666666666666664,2,2
1047,1523,0.7156424962270131,0.06434668417596845,0.2564674983585029,0.06434668417596848,0.738562091503268,0.8722595105950375,0.05384110308601445,0.010505581089954037,2,2
1048,1817,0.6879332204973276,0.0731975784259769,0.27022564667033566,0.06384149697303247,0.6318681318681318,0.8503142379442205,0.058337919647771054,0.00550357732526142,2,3
1049,1610,0.6867851701685151,0.07453416149068323,0.2795031055900622,0.06770186335403727,0.7950310559006211,0.8549012556459176,0.029192546583850933,0.03850931677018633,1,2
1050,1707,0.6410550356253562,0.09841827768014061,0.31693028705330994,0.11775043936731107,0.5614035087719298,0.8141048613768403,0.06502636203866433,0.05272407732864675,4,2
1051,1874,0.7249822961722102,0.06109925293489865,0.25827107790821774,0.05389541088580576,0.8563829787234043,0.882298865636966,0.0336179295624333,0.020277481323372464,3,4
1052,1760,0.6353532427357238,0.08125000000000003,0.364318181818182,0.15795454545454546,0.9488636363636364,0.8012171399879152,0.08352272727272728,0.07443181818181818,4,4
1053,1709,0.663499796327308,0.08250438853130482,0.3165593914569924,0.11702750146284377,0.7368421052631579,0.8282019650399859,0.07255705090696314,0.044470450555880635,3,3
1054,1813,0.7107286266331648,0.07611693325979046,0.263099834528406,0.049641478212906785,0.42857142857142855,0.8690778871553062,0.043574186431329286,0.006067291781577496,2,3
1055,1683,0.7611110561002418,0.05109922756981583,0.24064171122994654,0.0172311348781937,0.8284023668639053,0.9084614582212236,0.0172311348781937,0.0,2,1
1056,1819,0.6864479944010082,0.08356239692138534,0.28037383177570085,0.07091808686091258,0.6483516483516484,0.836535649177596,0.07091808686091258,0.0,1,2
1057,1923,0.6596617724458036,0.07332293291731673,0.296411856474259,0.0904836193447738,0.5751295336787565,0.8197416734369436,0.08788351534061363,0.0026001040041601664,1,2
1058,1639,0.6873867626993535,0.06833435021354484,0.27638804148871265,0.06894447834045149,0.8048780487804879,0.8529492464122053,0.018303843807199512,0.05064063453325198,3,2
1059,1832,0.7883065382540145,0.04912663755458513,0.18558951965065507,0.019650655021834062,0.6739130434782609,0.9307668323462546,0.016921397379912665,0.0027292576419213972,4,4
1060,1760,0.7235348760238688,0.05369318181818179,0.2840909090909091,0.05795454545454545,0.7840909090909091,0.8793208016090641,0.028409090909090908,0.029545454545454545,1,4
1061,1534,0.6240903503066503,0.07431551499348107,0.3448500651890483,0.196870925684485,0.7077922077922078,0.7852247970317735,0.121251629726206,0.07561929595827901,1,3
1062,1497,0.7497872538222801,0.06746826987307941,0.21042084168336675,0.02404809619238477,0.7866666666666666,0.9056994485602339,0.02404809619238477,0.0,2,3
1063,1742,0.6590529850982711,0.06946039035591273,0.30367393800229614,0.1182548794489093,0.7542857142857143,0.8273810173484526,0.07003444316877153,0.04822043628013777,1,1
1064,1863,0.7543820359613236,0.05528717122920024,0.22383252818035426,0.031132581857219538,0.6844919786096256,0.9074284145213556,0.02147074610842727,0.00966183574879227,2,2
1065,1957,0.7061176255277984,0.10168625447112928,0.22738886050076645,0.05518650996423097,0.6938775510204082,0.8692203103745841,0.05518650996423097,0.0,2,2
1066,1758,0.7467361892015386,0.05290102389078499,0.260523321956769,0.04152445961319681,0.8920454545454546,0.8915321700694546,0.04152445961319681,0.0,3,3
1067,1476,0.6798825310980896,0.09146341463414642,0.27168021680216803,0.06707317073170732,0.527027027027027,0.8524428758518916,0.0535230352303523,0.013550135501355014,1,3
1068,1639,0.7103375870363714,0.07138499084807809,0.26674801708358764,0.051250762660158634,0.6829268292682927,0.8665800824927745,0.04820012202562538,0.003050640634533252,4,3
1069,1748,0.7050623047344782,0.07208237986270019,0.2736270022883295,0.08924485125858124,0.6628571428571428,0.8683636408833281,0.05434782608695652,0.03489702517162471,2,1
1070,1805,0.6837784006583061,0.08088642659279782,0.2906371191135735,0.08698060941828255,0.8066298342541437,0.8526005187988573,0.04875346260387812,0.03822714681440443,3,2
1071,1992,0.78443940778282,0.04066265060240959,0.24442771084337359,0.01355421686746988,0.9,0.9166803686827483,0.01355421686746988,0.0,4,4
1072,1607,0.7410775311975112,0.07031736154324825,0.21120099564405734,0.037958929682638455,0.7453416149068323,0.8926573644051041,0.037958929682638455,0.0,1,2
1073,1737,0.7418282563185569,0.05526770293609673,0.2550374208405296,0.04260218767990789,0.7816091954022989,0.8895242773532568,0.04260218767990789,0.0,1,2
1074,1598,0.6696264464521473,0.08886107634543178,0.3072590738423029,0.10888610763454318,0.79375,0.8346360095760179,0.06695869837296621,0.041927409261576974,2,1
1075,1643,0.7196565369703498,0.06451612903225806,0.24650030432136336,0.036518563603164945,0.8121212121212121,0.8798887859138853,0.035909920876445525,0.0006086427267194157,2,2
1076,2104,0.709846303784513,0.0755703422053231,0.27286121673003805,0.07557034220532319,0.4976303317535545,0.8630857328728805,0.07557034220532319,0.0,2,3
1077,1839,0.7493174649612273,0.05546492659053834,0.26992930940728666,0.03371397498640565,0.8369565217391305,0.8935460579172708,0.03262642740619902,0.001087547580206634,1,1
1078,1833,0.6740620578766638,0.09274413529732684,0.276595744680851,0.0851063829787234,0.8369565217391305,0.8428121696326114,0.04582651391162029,0.03927986906710311,3,1
1079,1757,0.7523693238733385,0.05236198064883324,0.23164484917472972,0.021627774615822423,0.6704545454545454,0.9020313558479963,0.01707455890722823,0.004553215708594195,2,2
1080,1685,0.6946333108057583,0.06884272997032642,0.2712166172106825,0.060534124629080116,0.757396449704142,0.8643661512493793,0.024925816023738872,0.03560830860534125,1,4
1081,1768,0.7205815354982325,0.06843891402714936,0.2812782805429864,0.057692307692307696,0.6384180790960452,0.8789929162132887,0.024321266968325792,0.0333710407239819,3,2
1082,1618,0.6199048427089302,0.0815822002472188,0.3510506798516687,0.20642768850432633,0.8271604938271605,0.7836433763783894,0.10630407911001236,0.10012360939431397,2,2
1083,1832,0.7180815322535409,0.08051310043668125,0.27565502183406115,0.05786026200873363,0.7445652173913043,0.8773229818244134,0.04093886462882096,0.016921397379912665,2,2
1084,1688,0.711437016921708,0.07879146919431279,0.27150473933649283,0.05154028436018957,0.8402366863905325,0.8764365728165715,0.04561611374407583,0.005924170616113744,1,1
1085,1891,0.769913397609362,0.0449497620306716,0.24378635642517188,0.016922263352723427,0.9,0.9131783473339455,0.016922263352723427,0.0,3,2
1086,1658,0.7482084474571431,0.0636308805790109,0.24065138721351026,0.011459589867310011,0.6987951807228916,0.9059901246256031,0.011459589867310011,0.0,1,1
1087,1608,0.6369017045846299,0.08022388059701491,0.3078358208955224,0.1417910447761194,0.7515527950310559,0.8065697815908435,0.10634328358208955,0.03544776119402985,2,1
1088,1599,0.8120879723578128,0.04127579737335834,0.1607254534083803,0.008130081300813009,0.8,0.944464422698418,0.008130081300813009,0.0,2,1
1089,1703,0.7225349525010671,0.0593071051086318,0.2746917204932472,0.06987668819729888,0.8245614035087719,0.8759439219321664,0.040516735173223725,0.029359953024075163,1,2
1090,2081,0.7216990053973162,0.0797693416626622,0.2542047092743873,0.06198942815953868,0.5406698564593302,0.8785822057247583,0.05814512253724171,0.0038443056222969728,3,1
1091,2072,0.746342100476215,0.05188223938223935,0.2345559845559846,0.04584942084942085,0.6057692307692307,0.8936429372894357,0.04584942084942085,0.0,1,2
1092,1738,0.7644645888292415,0.044303797468354444,0.22974683544303795,0.043153049482163405,0.7471264367816092,0.9029912165329312,0.043153049482163405,0.0,2,1
1093,1570,0.7376452803199013,0.060509554140127375,0.2637579617834396,0.03503184713375796,0.802547770700637,0.888070314629215,0.03503184713375796,0.0,1,1
1094,1903,0.7735858654836664,0.04887020493956917,0.21334734629532315,0.0162900683131897,0.7539267015706806,0.9207255158735944,0.0162900683131897,0.0,1,2
1095,1605,0.6589401114845237,0.08411214953271029,0.30654205607476626,0.13021806853582554,0.515527950310559,0.8325249426264064,0.08971962616822429,0.040498442367601244,3,4
1096,1857,0.6972973914659357,0.06515885837372115,0.29962304792676364,0.0990845449649973,0.6075268817204301,0.8579859359256808,0.04254173397953689,0.05654281098546042,3,2
1097,2063,0.7631441232168606,0.044110518662142516,0.2365487154629181,0.02035870092098885,0.8454106280193237,0.9010457593184711,0.012603005332040717,0.007755695588948134,1,2
1098,1796,0.7085902714384188,0.07321826280623606,0.26224944320712695,0.05400890868596882,0.7166666666666667,0.8722036267852212,0.05066815144766147,0.0033407572383073497,1,2
1099,1846,0.6928650138550553,0.08938244853737809,0.2768147345612134,0.05471289274106175,0.772972972972973,0.8541704296992444,0.02275189599133261,0.031960996749729145,1,1
1100,1782,0.7084096470647596,0.0791245791245791,0.2771604938271605,0.03479236812570146,0.9106145251396648,0.8698275328223802,0.03479236812570146,0.0,3,2
1101,1739,0.6878057567535529,0.0805060379528465,0.28349626221966645,0.07648073605520414,0.6724137931034483,0.8519173282769792,0.0718803910293272,0.004600345025876941,1,1
1102,1751,0.7432389532445578,0.05482581382067386,0.23243860651056536,0.021701884637350087,0.7670454545454546,0.8976593207872421,0.014277555682467162,0.0074243289548829245,2,2
1103,1620,0.747666676336365,0.06728395061728398,0.23703703703703705,0.020370370370370372,0.5740740740740741,0.9063283380993766,0.009259259259259259,0.011111111111111112,1,2
1104,1638,0.6958488813977843,0.08150183150183149,0.26434676434676435,0.07387057387057387,0.725609756097561,0.8666371051392023,0.029304029304029304,0.04456654456654457,2,2
1105,1802,0.7652121778842536,0.06354051054384019,0.2147613762486127,0.03662597114317425,0.7237569060773481,0.9080610256997222,0.03662597114317425,0.0,2,1
1106,1771,0.7491029126362394,0.06888763410502541,0.23941276115189158,0.028232636928289104,0.6460674157303371,0.8985430115212182,0.028232636928289104,0.0,3,2
1107,1922,0.798635630199613,0.049427679500520294,0.20031217481789798,0.023413111342351717,0.8082901554404145,0.9318611913622904,0.01716961498439126,0.006243496357960458,1,1
1108,1741,0.6910331396892799,0.0723721998851235,0.28317059161401487,0.08385985066053991,0.7942857142857143,0.8568979045429693,0.048822515795519814,0.0350373348650201,1,3
1109,1871,0.6998305594740821,0.07803313735970074,0.2923570283270978,0.05451630144307857,0.7606382978723404,0.8625539146259116,0.043826830571886695,0.010689470871191877,1,1
1110,1837,0.6976034579136449,0.06641262928688074,0.29036472509526406,0.08383233532934131,0.7934782608695652,0.852784912266668,0.08219923788786064,0.001633097441480675,1,1
1111,1779,0.7274887095467616,0.06632939853850478,0.2519392917369309,0.045531197301854974,0.7640449438202247,0.8848410518120191,0.04440697020798201,0.0011242270938729624,4,2
1112,1927,0.7836567765571717,0.071613907628438,0.1981318111053452,0.013492475350285417,0.7512953367875648,0.9226811119425314,0.013492475350285417,0.0,3,2
1113,1801,0.7378289873848417,0.0610771793448085,0.2626318711826763,0.03886729594669628,0.8121546961325967,0.8916998276854178,0.038312048861743477,0.000555247084952804,2,1
1114,1795,0.7145963026313171,0.058495821727019504,0.27186629526462397,0.0690807799442897,0.8611111111111112,0.8679151978432825,0.0690807799442897,0.0,2,1
1115,1750,0.6910255890344296,0.06171428571428572,0.308,0.12914285714285714,0.8,0.8440781543532097,0.072,0.05714285714285714,1,3
1116,1729,0.7091937007241087,0.07692307692307687,0.2510121457489878,0.05263157894736842,0.815028901734104,0.8774287554357728,0.05089647194910353,0.001735106998264893,2,2
1117,1646,0.7742570450394493,0.05650060753341435,0.2162818955042527,0.023693803159173753,0.8181818181818182,0.9181415109250055,0.023693803159173753,0.0,2,1
1118,1807,0.6982509854574871,0.0752628666297731,0.29883785279468733,0.09795240730492528,0.861878453038674,0.8538963200867984,0.059767570558937465,0.03818483674598783,2,2
1119,1821,0.7710922985115013,0.05491488193300381,0.2306425041186161,0.021965952773201538,0.7377049180327869,0.9163769493571802,0.021965952773201538,0.0,1,1
1120,1890,0.7381175855808575,0.053439153439153425,0.26243386243386246,0.03650793650793651,0.8201058201058201,0.8867162783811365,0.03650793650793651,0.0,3,1
1121,1799,0.7524731335847982,0.04558087826570312,0.23179544191217338,0.01556420233463035,0.7833333333333333,0.9043725264584468,0.008893829905503057,0.006670372429127293,1,3
1122,1737,0.7342342043316689,0.07772020725388601,0.254461715601612,0.06044905008635579,0.7758620689655172,0.8851502676993571,0.04778353483016695,0.012665515256188831,1,2
1123,1695,0.7378268954164745,0.0471976401179941,0.2407079646017699,0.01887905604719764,0.5647058823529412,0.891614462434271,0.018289085545722714,0.0005899705014749262,1,1
1124,1645,0.7582095672015496,0.04498480243161096,0.22674772036474167,0.044984802431610946,0.8121212121212121,0.9036529010958887,0.044984802431610946,0.0,2,3
1125,1772,0.7908297171671033,0.03950338600451467,0.19503386004514692,0.02144469525959368,0.7191011235955056,0.9272971735108173,0.02144469525959368,0.0,1,2
1126,1661,0.6954409797113106,0.06020469596628536,0.29620710415412405,0.09030704394942805,0.8323353293413174,0.8528507082257933,0.07104154124021674,0.01926550270921132,3,1
1127,1797,0.6549361812972129,0.10072342793544797,0.3216471897607123,0.13633834168057873,0.6444444444444445,0.8201691284560808,0.07512520868113523,0.06121313299944352,1,1
1128,1797,0.8042741615399881,0.04396215915414581,0.1671675013912076,0.019476905954368393,0.8666666666666667,0.9355728760841342,0.015025041736227046,0.004451864218141347,1,1
1129,1794,0.7324640402468017,0.07246376811594207,0.22224080267558532,0.04738015607580825,0.85,0.8933338351265064,0.04738015607580825,0.0,2,1
1130,1664,0.6874178949866028,0.08173076923076926,0.2608173076923077,0.024639423076923076,0.688622754491018,0.8641420487868058,0.019230769230769232,0.005408653846153846,3,2
1131,1824,0.7388120398615575,0.08223684210526314,0.20504385964912286,0.049342105263157895,0.6885245901639344,0.8945258303826845,0.049342105263157895,0.0,4,1
1132,1656,0.7408495722337994,0.06944444444444445,0.19897342995169082,0.03260869565217391,0.6927710843373494,0.902011998996342,0.03260869565217391,0.0,3,1
1133,1602,0.6991438659600263,0.07490636704119846,0.27215980024968783,0.04931335830212235,0.5962732919254659,0.8648224922985382,0.04931335830212235,0.0,2,2
1134,1716,0.7220229569872728,0.06876456876456871,0.27505827505827507,0.051864801864801864,0.7616279069767442,0.8823447566793974,0.043706293706293704,0.008158508158508158,2,2
1135,1583,0.6775100857549005,0.07454200884396722,0.2974099810486418,0.08970309538850284,0.6792452830188679,0.849016518011609,0.043588123815540114,0.04611497157296273,1,2
1136,1846,0.77681693737803,0.054171180931744334,0.1993499458288191,0.015167930660888408,0.9135135135135135,0.9232597916666476,0.015167930660888408,0.0,3,3
1137,1820,0.7396570415556414,0.05686813186813183,0.22967032967032963,0.03021978021978022,0.5824175824175825,0.8951309356289592,0.03021978021978022,0.0,1,1
1138,1698,0.7583469000206365,0.06595995288574796,0.1984687868080094,0.02061248527679623,0.5941176470588235,0.913435759493216,0.015901060070671377,0.004711425206124852,2,1
1139,1873,0.6481019973685173,0.09343299519487458,0.27560064068339546,0.06780565936999466,0.39361702127659576,0.8130174792615545,0.06780565936999466,0.0,3,2
1140,1704,0.6420337533536103,0.10739436619718307,0.3274647887323944,0.15669014084507044,0.783625730994152,0.8064548763274719,0.07863849765258216,0.07805164319248827,1,3
1141,2073,0.8043101624512231,0.04968644476603956,0.16401350699469375,0.013024602026049204,0.8028846153846154,0.9364561421372375,0.011095031355523395,0.001929570670525808,2,1
1142,1866,0.7406146485623095,0.06430868167202569,0.23311897106109325,0.04233654876741694,0.7219251336898396,0.8950695683356821,0.03751339764201501,0.00482315112540193,2,2
1143,1706,0.7514189781705196,0.06389214536928489,0.21541617819460723,0.04630715123094959,0.7953216374269005,0.9043018837065504,0.03751465416178194,0.008792497069167644,2,2
1144,1804,0.7106185785892973,0.0612527716186253,0.25776053215077604,0.03436807095343681,0.6132596685082873,0.8792499856117398,0.026607538802660754,0.007760532150776054,3,1
1145,2073,0.6976821452819278,0.09358417752050169,0.2570188133140376,0.06271104679208876,0.7211538461538461,0.855467953285595,0.052580800771828265,0.010130246020260492,2,1
1146,1803,0.741323840328714,0.07432057681641713,0.20909595119245705,0.052135330005546314,0.7237569060773481,0.8889453034863007,0.052135330005546314,0.0,3,3
1147,1991,0.7356257843650407,0.0698141637368157,0.2566549472626821,0.03515821195379206,0.87,0.88543931773278,0.03515821195379206,0.0,1,1
1148,1607,0.7349305261459657,0.05973864343497204,0.2358431860609832,0.028002489110143122,0.8633540372670807,0.8946489645890402,0.024891101431238332,0.0031113876789047915,1,2
1149,1722,0.663000950103998,0.0882694541231126,0.32171893147502906,0.14518002322880372,0.8265895953757225,0.8183576553423872,0.1091753774680604,0.036004645760743324,2,2
1150,1819,0.7472754802607403,0.07256734469488735,0.22924683892248487,0.05167674546454096,0.7912087912087912,0.9025299945180881,0.04782847718526663,0.0038482682792743265,1,2
1151,1745,0.6915899037278967,0.08825214899713468,0.2866475644699142,0.08022922636103152,0.7428571428571429,0.8575888601024855,0.0664756446991404,0.013753581661891117,3,1
1152,1718,0.7001973189591764,0.05646100116414432,0.2962747380675204,0.0919674039580908,0.8895348837209303,0.8592818003869551,0.06519208381839348,0.02677532013969732,1,1
1153,1750,0.7595221026853926,0.05257142857142855,0.23199999999999998,0.013142857142857144,0.8057142857142857,0.9100340309136706,0.012,0.001142857142857143,2,1
1154,1980,0.7318112020498506,0.07272727272727275,0.2308585858585859,0.03888888888888889,0.6717171717171717,0.8892069229103207,0.03888888888888889,0.0,1,3
1155,1769,0.7638477713305445,0.04918032786885246,0.23120407009609956,0.02035048049745619,0.6666666666666666,0.9061624303693303,0.02035048049745619,0.0,3,2
1156,1863,0.6814218625855184,0.09017713365539459,0.2814814814814814,0.08480944712828771,0.6844919786096256,0.8477381181963742,0.08266237251744499,0.0021470746108427268,3,2
1157,1636,0.7451605152835878,0.059290953545232256,0.24999999999999994,0.0488997555012225,0.8292682926829268,0.8952583962044652,0.029951100244498777,0.018948655256723717,1,1
1158,1981,0.7311567126084737,0.0822816759212518,0.2412922766279656,0.04038364462392731,0.7286432160804021,0.8875292972006782,0.04038364462392731,0.0,3,2
1159,1899,0.7609884662276818,0.05634544497103733,0.24971037388099,0.020537124802527645,0.6157894736842106,0.9019208013229821,0.020537124802527645,0.0,1,2
1160,2023,0.769365021877233,0.0682155215027187,0.20771131982204635,0.030153237765694514,0.812807881773399,0.907249894518239,0.030153237765694514,0.0,2,1
1161,1762,0.7628358152156035,0.05505107832009078,0.21384790011350743,0.02213393870601589,0.6497175141242938,0.917864048810747,0.017593643586833144,0.004540295119182747,4,1
1162,1988,0.7060390750267871,0.06539235412474853,0.2885311871227364,0.060362173038229376,0.8793969849246231,0.8654787422268061,0.04476861167002012,0.015593561368209255,2,1
1163,1738,0.7719397822996457,0.055235903337169184,0.21634062140391253,0.024165707710011506,0.7586206896551724,0.9193108688108694,0.019562715765247412,0.004602991944764097,2,1
1164,1813,0.6368385871416411,0.09817981246552676,0.2801985659128517,0.08935466078323222,0.6318681318681318,0.79790609287124,0.0888030888030888,0.0005515719801434088,3,2
1165,1572,0.6760245664119079,0.06520356234096697,0.31679389312977096,0.12404580152671756,0.6835443037974683,0.8359616858730732,0.09223918575063614,0.031806615776081425,2,1
1166,2065,0.7598140364882952,0.06101694915254241,0.24019370460048423,0.042130750605326873,0.7198067632850241,0.9029942047335779,0.042130750605326873,0.0,1,1
1167,1936,0.741123302943124,0.05630165289256195,0.23140495867768596,0.02066115702479339,0.4845360824742268,0.8939180452095206,0.01962809917355372,0.0010330578512396695,1,3
1168,1701,0.7276568171292369,0.07113462669018233,0.2716049382716049,0.06407995296884186,0.8421052631578947,0.8868122070978743,0.03468547912992358,0.029394473838918283,4,2
1169,1666,0.6695420399781515,0.09003601440576225,0.28091236494597843,0.07803121248499399,0.41317365269461076,0.8453822636965947,0.04441776710684274,0.03361344537815126,1,1
1170,2049,0.727547076575543,0.07027818448023425,0.26403123474865786,0.04441190824792582,0.824390243902439,0.8783687355084666,0.04441190824792582,0.0,3,2
1171,1793,0.7214146698050594,0.07975460122699385,0.2693809258226436,0.0384829894032348,0.7,0.8767834163105191,0.03457891801450084,0.0039040713887339654,1,4
1172,1565,0.6980602122675462,0.061980830670926516,0.281150159744409,0.038338658146964855,0.7197452229299363,0.8605478050293799,0.017252396166134186,0.021086261980830672,1,2
1173,1737,0.7078704336709973,0.06275187104202645,0.27518710420264825,0.046632124352331605,0.7471264367816092,0.8710672653211616,0.04548071387449626,0.0011514104778353484,2,2
1174,1804,0.7259341921497636,0.059312638580931276,0.2598115299334812,0.061529933481152994,0.6187845303867403,0.8900536259988876,0.029379157427937917,0.03215077605321508,1,1
1175,1829,0.7191448915193043,0.06287588846364134,0.2669218151995626,0.057408419901585565,0.6010928961748634,0.874143848646915,0.025150355385456534,0.03225806451612903,1,2
1176,1594,0.7284337391189181,0.052070263488080304,0.26474278544542035,0.04015056461731493,0.90625,0.885424483097208,0.028230865746549563,0.01191969887076537,1,2
1177,2008,0.632990952340983,0.11603585657370519,0.31523904382470125,0.125,0.8308457711442786,0.8077658230782848,0.09810756972111553,0.026892430278884463,1,3
1178,1809,0.6571848984585928,0.10834715312327253,0.29961304588170257,0.09894969596462133,0.7071823204419889,0.8265143621734283,0.05251520176893311,0.04643449419568822,2,3
1179,1697,0.7379082472355897,0.05362404242781382,0.26588096641131426,0.05892751915144372,0.8058823529411765,0.88858072453691,0.020035356511490868,0.038892162639952856,1,2
1180,1828,0.6873062844312472,0.06673960612691465,0.31017505470459517,0.11214442013129103,0.6120218579234973,0.8504828416408904,0.053610503282275714,0.058533916849015315,2,2
1181,1759,0.758316542208454,0.06083001705514496,0.20977828311540647,0.025014212620807278,0.7159090909090909,0.9120308392801308,0.02160318362706083,0.0034110289937464467,2,5
1182,1717,0.7352227650296166,0.07338380896913221,0.2358765288293535,0.023878858474082703,0.7325581395348837,0.8919975552264758,0.023878858474082703,0.0,2,1
1183,1624,0.7173774520786609,0.08220443349753695,0.2580049261083744,0.0332512315270936,0.7177914110429447,0.8820113599230037,0.022167487684729065,0.011083743842364532,2,2
1184,1649,0.7033451871319012,0.07580351728320195,0.26986052152819884,0.053972104305639784,0.8303030303030303,0.86978768859561,0.04002425712553062,0.013947847180109158,1,1
1185,1988,0.7839480962230516,0.0477867203219316,0.1973340040241448,0.02665995975855131,0.8090452261306532,0.9201728662034205,0.02464788732394366,0.002012072434607646,2,2
1186,1816,0.6546264375841663,0.0812224669603524,0.308920704845815,0.10572687224669604,0.7362637362637363,0.8289901392738278,0.06828193832599119,0.037444933920704845,1,1
1187,1706,0.7054888883077776,0.07502930832356391,0.27725674091441965,0.08206330597889801,0.6549707602339181,0.8645652729322661,0.05627198124267292,0.02579132473622509,1,1
1188,1702,0.7317851465616965,0.0628672150411281,0.23431257344300835,0.05464159811985899,0.7777777777777778,0.8834768912609187,0.05464159811985899,0.0,1,1
1189,1879,0.7433923478521303,0.05534858967535922,0.26663118680149017,0.056412985630654604,0.7872340425531915,0.8893704843655909,0.056412985630654604,0.0,1,2
1190,1894,0.7245417597697538,0.05438225976768743,0.2666314677930306,0.036430834213305174,0.6684210526315789,0.8822618994116445,0.036430834213305174,0.0,3,1
1191,1640,0.7062290979241306,0.08536585365853666,0.2463414634146341,0.0524390243902439,0.7804878048780488,0.8668951364423366,0.011585365853658536,0.04085365853658537,3,3
1192,1898,0.6866977933411149,0.07586933614330871,0.3099578503688093,0.1238145416227608,0.6684210526315789,0.8469696299300256,0.06585879873551106,0.05795574288724974,1,4
1193,1810,0.6814585310902982,0.0723756906077348,0.3072375690607735,0.11546961325966851,0.7569060773480663,0.8487932916171718,0.07624309392265194,0.039226519337016576,1,1
1194,1610,0.7537626190224108,0.06459627329192547,0.21944099378882018,0.03540372670807453,0.8012422360248447,0.9110623323273337,0.034161490683229816,0.0012422360248447205,1,1
1195,1652,0.6732076036741207,0.0847457627118644,0.2772397094430993,0.07687651331719128,0.6867469879518072,0.8358938335972979,0.07627118644067797,0.0006053268765133172,1,1
1196,1856,0.7544978822894758,0.04633620689655171,0.21740301724137934,0.046875,0.7634408602150538,0.8997040859159321,0.04633620689655173,0.0005387931034482759,4,1
1197,1760,0.7567161641167947,0.06647727272727277,0.24375000000000002,0.026136363636363635,0.8068181818181818,0.9041025849879378,0.01818181818181818,0.007954545454545454,1,2
1198,1945,0.7421024492755924,0.05655526992287921,0.25295629820051413,0.05398457583547558,0.8307692307692308,0.8890717270397219,0.05398457583547558,0.0,1,2
1199,1791,0.6818668513023245,0.0843104410943607,0.2869905080960357,0.08877721943048576,0.7166666666666667,0.8487045460338322,0.06420993858179788,0.024567280848687884,2,3
1200,1645,0.7105262573611422,0.05775075987841943,0.28705167173252344,0.0851063829787234,0.8181818181818182,0.8660027528379829,0.04559270516717325,0.03951367781155015,2,2
1201,1742,0.708017903665816,0.08036739380022967,0.2738231917336395,0.07175660160734787,0.8171428571428572,0.8709826033585308,0.04362801377726751,0.02812858783008037,1,2
1202,1850,0.6861034988638683,0.06459459459459457,0.3189189189189189,0.14216216216216215,0.7621621621621621,0.8423625007391872,0.07351351351351351,0.06864864864864866,1,2
1203,1785,0.7334991910351355,0.06106442577030802,0.26498599439775916,0.0711484593837535,0.8770949720670391,0.8827136080320732,0.03865546218487395,0.032492997198879554,2,2
1204,1734,0.7335749403754679,0.06689734717416385,0.25011534025374854,0.04440599769319493,0.7873563218390804,0.8931739674176812,0.040945790080738176,0.0034602076124567475,1,2
1205,1569,0.6309200065748466,0.1064372211599745,0.3256851497769279,0.15678776290630975,0.7707006369426752,0.7945886648401641,0.07010834926704908,0.08667941363926067,2,1
1206,1684,0.7155157862770092,0.061757719714964354,0.26128266033254155,0.04275534441805225,0.7751479289940828,0.8768838539368692,0.04275534441805225,0.0,1,3
1207,1584,0.7310844928052326,0.06186868686868685,0.2316919191919192,0.045454545454545456,0.8176100628930818,0.8905260257291484,0.0422979797979798,0.0031565656565656565,2,2
1208,1755,0.7072027258126394,0.07692307692307687,0.25527065527065523,0.021082621082621083,0.4772727272727273,0.8718208694440366,0.021082621082621083,0.0,2,3
1209,1682,0.775395943219229,0.04399524375743169,0.22170035671819271,0.03626634958382877,0.7810650887573964,0.9149757236098617,0.030915576694411414,0.00535077288941736,1,2
1210,1574,0.7803958941434592,0.06988564167725542,0.17496823379923765,0.01397712833545108,0.9177215189873418,0.9285636970480872,0.01397712833545108,0.0,3,3
1211,1738,0.6540670541566789,0.12025316455696201,0.2876869965477561,0.07479861910241657,0.5804597701149425,0.8283850547674176,0.05466052934407365,0.020138089758342925,2,2
1212,1888,0.6959868670910966,0.07891949152542366,0.2623411016949152,0.05826271186440678,0.8253968253968254,0.8666963670648685,0.02913135593220339,0.02913135593220339,1,2
1213,1793,0.7217285127352129,0.0758505298382599,0.27105409927495816,0.047406581148912434,0.4777777777777778,0.8764718737329996,0.047406581148912434,0.0,4,1
1214,1705,0.748297388548198,0.04809384164222874,0.23565982404692107,0.03225806451612903,0.8654970760233918,0.8963991432908761,0.03225806451612903,0.0,2,3
1215,1807,0.6425303400886591,0.08688433868289991,0.303486441615938,0.12285556170448257,0.7955801104972375,0.8025373397515985,0.09684560044272275,0.026009961261759824,1,1
1216,1801,0.8043794268212104,0.041088284286507515,0.20544142143253752,0.01665741254858412,0.9116022099447514,0.9316260714690624,0.013325930038867296,0.003331482509716824,1,1
1217,1653,0.7380177454067779,0.06049606775559588,0.2637628554143981,0.039927404718693285,0.7349397590361446,0.8911914057655393,0.03871748336358137,0.0012099213551119178,2,2
1218,1523,0.7682752022326763,0.044648719632304656,0.22783978988837827,0.004596191726854892,0.7843137254901961,0.916545487109515,0.003282994090610637,0.0013131976362442547,1,3
1219,1883,0.7692754336993762,0.06532129580456714,0.2118959107806691,0.01858736059479554,0.8201058201058201,0.9114577715640612,0.01858736059479554,0.0,3,2
1220,1736,0.7451369443384956,0.0472350230414747,0.2592165898617511,0.014976958525345621,0.7068965517241379,0.8968413207605737,0.012096774193548387,0.002880184331797235,2,5
1221,1667,0.7363428489892573,0.06118776244751045,0.23899220155968812,0.05038992201559688,0.8562874251497006,0.8969178957437713,0.04079184163167367,0.009598080383923215,2,2
1222,1742,0.7124568417286936,0.07749712973593575,0.2652123995407577,0.025832376578645237,0.4857142857142857,0.8740957108947286,0.025832376578645237,0.0,2,3
1223,1809,0.7135851657938528,0.07075732448866778,0.2697622996130459,0.056937534549474846,0.7900552486187845,0.868948064345312,0.04809286898839138,0.008844665561083471,2,3
1224,1689,0.7711427764959649,0.052101835405565344,0.2002368265245708,0.02901124925991711,0.8047337278106509,0.9181130791179914,0.02901124925991711,0.0,2,3
1225,1882,0.6969153369014925,0.0765143464399575,0.2789585547290117,0.048352816153028694,0.7936507936507936,0.853548008793886,0.04675876726886291,0.001594048884165781,3,2
1226,1987,0.7560372811144768,0.069954705586311,0.2279818822345244,0.026673376950176145,0.8090452261306532,0.9049449295746355,0.026673376950176145,0.0,3,3
1227,1712,0.7297285477262354,0.06191588785046728,0.22716121495327107,0.04322429906542056,0.8430232558139535,0.8859869581984358,0.04322429906542056,0.0,2,1
1228,1684,0.6987275311617813,0.08372921615201903,0.23871733966745845,0.057007125890736345,0.650887573964497,0.8661673451846027,0.057007125890736345,0.0,3,1
1229,1687,0.6813914066551594,0.08002371072910497,0.29128630705394193,0.07172495554238292,0.5207100591715976,0.8479432192874117,0.03615886188500297,0.03556609365737996,3,4
1230,1673,0.763679471793011,0.06276150627615062,0.21542139868499702,0.017931858936043037,0.7916666666666666,0.9066695554716012,0.010759115361625823,0.007172743574417215,3,1
1231,1566,0.6761311793051225,0.07790549169859515,0.2931034482758621,0.08045977011494253,0.7452229299363057,0.838526845526772,0.035759897828863345,0.04469987228607918,3,4
1232,1616,0.7162374729556961,0.06745049504950495,0.2735148514851485,0.055074257425742575,0.8580246913580247,0.8825147379159234,0.02599009900990099,0.029084158415841586,1,3
1233,1906,0.7235777825801244,0.06925498426023086,0.2691500524658972,0.039349422875131164,0.8638743455497382,0.8768109410186372,0.039349422875131164,0.0,3,3
1234,1726,0.6372522590052645,0.10805330243337194,0.31141367323290847,0.13151796060254925,0.7456647398843931,0.8119667866726096,0.0880648899188876,0.043453070683661645,1,2
1235,1564,0.7233930358198543,0.059462915601023014,0.26278772378516624,0.06074168797953964,0.7515923566878981,0.8829897509837146,0.05115089514066496,0.00959079283887468,2,1
1236,1672,0.7222567303359275,0.0795454545454545,0.25119617224880386,0.019138755980861243,0.8154761904761905,0.890513959482168,0.019138755980861243,0.0,2,4
1237,1904,0.7507238496868107,0.06302521008403361,0.22846638655462181,0.05304621848739496,0.6701570680628273,0.8966083976084008,0.04779411764705882,0.005252100840336135,1,1
1238,1864,0.75403853171133,0.05311158798283261,0.2194206008583691,0.024141630901287552,0.7647058823529411,0.9051869630802694,0.024141630901287552,0.0,3,2
1239,1929,0.7162135833499281,0.064282011404873,0.2768273716951788,0.06376360808709176,0.7357512953367875,0.8787352896215307,0.02851218247796786,0.0352514256091239,1,1
1240,1733,0.7582793622555632,0.05193306405077899,0.2388920946335834,0.015579919215233698,0.7183908045977011,0.907446886406331,0.015579919215233698,0.0,1,2
1241,1646,0.6761011961970103,0.0674362089914946,0.29100850546780077,0.09173754556500607,0.6787878787878788,0.8376155159805728,0.06743620899149454,0.024301336573511544,1,1
1242,1776,0.6718035083441132,0.09234234234234229,0.2730855855855856,0.06475225225225226,0.6910112359550562,0.838306600466663,0.04335585585585586,0.021396396396396396,2,3
1243,1727,0.5990561191427981,0.10596409959467284,0.3364215402431963,0.19455703532136653,0.7976878612716763,0.7736904936082827,0.10306890561667632,0.09148812970469021,3,3
1244,1689,0.7998479057549346,0.0521018354055654,0.17951450562463,0.009473060982830076,0.6331360946745562,0.9368495877534154,0.009473060982830076,0.0,1,2
1245,1857,0.7526972400334542,0.058158319870759256,0.24717285945072695,0.02046311254711901,0.7849462365591398,0.904619275928808,0.02046311254711901,0.0,2,3
1246,1775,0.688237997674642,0.08281690140845072,0.2829295774647889,0.05802816901408451,0.5056179775280899,0.8504540896145304,0.05802816901408451,0.0,2,3
1247,1587,0.6437414850745734,0.09577819785759295,0.32967863894139904,0.12791430371770637,0.7861635220125787,0.8116019388270336,0.05419029615626969,0.07372400756143667,1,2
1248,1821,0.7869469614594661,0.04393190554640308,0.2130697419000549,0.0214168039538715,0.6885245901639344,0.9231323526328289,0.014827018121911038,0.006589785831960461,2,3
1249,1875,0.7698844505619092,0.06719999999999998,0.20618666666666674,0.013333333333333334,0.7978723404255319,0.9161554369417294,0.013333333333333334,0.0,3,2
1250,2037,0.7522057425090677,0.04565537555228272,0.2552773686794305,0.026018654884634267,0.7941176470588235,0.8941898106176417,0.022091310751104567,0.0039273441335297005,3,2
1251,2121,0.7799330293315138,0.04667609618104662,0.2248939179632249,0.033946251768033946,0.5352112676056338,0.9178120562066405,0.033474776049033476,0.0004714757190004715,1,2
1252,1496,0.7048716372062801,0.06885026737967914,0.27907754010695185,0.0748663101604278,0.7266666666666667,0.8712945684815214,0.02540106951871658,0.04946524064171123,2,2
1253,1734,0.7316437618897906,0.06113033448673588,0.25126874279123423,0.025374855824682813,0.7528735632183908,0.8834691822446562,0.025374855824682813,0.0,3,5
1254,1796,0.7589971990569557,0.048719376391982205,0.24471046770601335,0.034521158129175944,0.7944444444444444,0.9046463486828474,0.026169265033407572,0.008351893095768375,1,3
1255,1670,0.7993273035329134,0.04491017964071853,0.19281437125748502,0.017964071856287425,0.7005988023952096,0.9358160188802348,0.015568862275449102,0.0023952095808383233,5,2
1256,1863,0.719597816573479,0.048309178743961345,0.2764358561460011,0.03274288781535158,0.8288770053475936,0.8725064439743243,0.03274288781535158,0.0,2,2
1257,1691,0.6811485583482995,0.06386753400354817,0.2862211709047901,0.09107037256061502,0.7176470588235294,0.8480508758324073,0.03429923122412774,0.05677114133648729,1,1
1258,1657,0.716067290461542,0.07543753771876893,0.26433313216656606,0.023536511768255886,0.5060240963855421,0.8838639257529373,0.018708509354254676,0.004828002414001207,1,1
1259,1602,0.6738152402301615,0.07240948813982526,0.29357053682896417,0.09675405742821473,0.5838509316770186,0.8437517743772975,0.07178526841448189,0.024968789013732832,1,3
1260,1581,0.7575708026950471,0.05819101834282103,0.21758380771663502,0.018975332068311195,0.7358490566037735,0.9098546829720257,0.018342820999367487,0.0006325110689437065,2,2
1261,1714,0.7309222437939008,0.060676779463243846,0.2695449241540257,0.048424737456242706,0.7151162790697675,0.8826686029428432,0.048424737456242706,0.0,1,6
1262,1788,0.5823578422467094,0.10906040268456374,0.37472035794183445,0.18959731543624161,0.5921787709497207,0.7550910134468598,0.09172259507829977,0.09787472035794184,1,2
1263,1718,0.8124106175036635,0.04947613504074505,0.16199068684516876,0.015133876600698487,0.9011627906976745,0.9411188959331062,0.015133876600698487,0.0,1,1
1264,1667,0.7529986442041348,0.05998800239952018,0.22219556088782252,0.028194361127774445,0.6646706586826348,0.9055257362632116,0.028194361127774445,0.0,1,2
1265,1711,0.7004481359596608,0.08883693746347165,0.2489772063120982,0.07188778492109878,0.8081395348837209,0.859519010734783,0.07071887784921099,0.0011689070718877848,2,1
1266,1868,0.719505938176847,0.07655246252676656,0.25444325481798713,0.048179871520342615,0.6951871657754011,0.8802801345046238,0.048179871520342615,0.0,3,1
1267,1651,0.7538204942634724,0.04966686856450636,0.23682616596002426,0.022410660205935795,0.6686746987951807,0.9070850417185063,0.022410660205935795,0.0,2,2
1268,1599,0.7770854175300498,0.06128830519074424,0.19699812382739212,0.0075046904315197,0.8,0.9288781789389476,0.0075046904315197,0.0,2,2
1269,1908,0.7282028430595899,0.08123689727463312,0.24947589098532486,0.04716981132075472,0.7068062827225131,0.8869187598942307,0.04716981132075472,0.0,2,2
1270,1803,0.7035814688062837,0.06932889628397121,0.2490293954520244,0.056017748197448695,0.4972375690607735,0.870190046027794,0.056017748197448695,0.0,3,1
1271,1717,0.7354017040487291,0.0594059405940594,0.2714036109493303,0.064065230052417,0.8081395348837209,0.883358707277637,0.045428072218986607,0.018637157833430402,2,3
1272,1763,0.6829952205024851,0.08054452637549633,0.290414066931367,0.0952921157118548,0.8983050847457628,0.8436299253588698,0.09359047078842882,0.0017016449234259785,1,1
1273,1790,0.783114306750552,0.054748603351955305,0.20279329608938548,0.011731843575418994,0.4692737430167598,0.9280803513746507,0.011731843575418994,0.0,6,3
1274,1653,0.7419556750402013,0.07622504537205083,0.23097398669086505,0.03690260133091349,0.8674698795180723,0.9013686668103406,0.032667876588021776,0.004234724742891712,1,1
1275,1718,0.6819146950948493,0.08469150174621659,0.2727590221187427,0.06577415599534342,0.8488372093023255,0.8487945414810176,0.06461001164144353,0.0011641443538998836,3,1
1276,2123,0.706665280417723,0.07913330193122942,0.2708431464908149,0.0659444182760245,0.39436619718309857,0.8665223360456547,0.0659444182760245,0.0,3,3
1277,1699,0.7187307040682243,0.07533843437316068,0.22012948793407885,0.033549146556798116,0.7588235294117647,0.8849196468225303,0.028251912889935255,0.00529723366686286,2,3
1278,1612,0.7555228231471055,0.062034739454094295,0.23442928039702238,0.011786600496277916,0.7407407407407407,0.9093724579725894,0.011166253101736972,0.0006203473945409429,1,1
1279,1582,0.6998701824648684,0.07585335018963338,0.28944374209860946,0.09039190897597978,0.7987421383647799,0.8726968793118737,0.0638432364096081,0.02654867256637168,2,1
1280,1810,0.6132631203141735,0.09861878453038671,0.3149171270718232,0.1298342541436464,0.6850828729281768,0.7857979109185675,0.04806629834254143,0.08176795580110498,2,2
1281,1812,0.7391706424077832,0.08305739514348787,0.21462472406181013,0.032560706401766004,0.8131868131868132,0.898651734568352,0.02869757174392936,0.003863134657836645,1,2
1282,1654,0.6757782294912951,0.07920193470374848,0.3137847642079807,0.12454655380894801,0.8493975903614458,0.8395287811781154,0.0761789600967352,0.04836759371221282,2,1
1283,1816,0.7017276015439589,0.08149779735682816,0.24284140969162998,0.06607929515418502,0.6593406593406593,0.8576947066028658,0.06607929515418502,0.0,3,2
1284,1778,0.7432683256238829,0.06214848143982002,0.20826771653543305,0.03768278965129359,0.7528089887640449,0.8995615900819861,0.03768278965129359,0.0,2,3
1285,1917,0.7779443389052573,0.06416275430359938,0.18257694314032347,0.02138758476786646,0.8020833333333334,0.9246799468248261,0.020865936358894107,0.0005216484089723526,3,3
1286,1887,0.7203050914554598,0.06889242183359831,0.25225225225225234,0.04080551139374669,0.7037037037037037,0.8824895665276847,0.02278749337572867,0.018018018018018018,4,2
1287,1598,0.6882301957385394,0.06852315394242806,0.2926157697121401,0.08135168961201501,0.6875,0.8509100614966777,0.06758448060075094,0.01376720901126408,2,2
1288,2044,0.7358698199724599,0.05870841487279843,0.24608610567514677,0.0337573385518591,0.6048780487804878,0.8943795088731382,0.024951076320939333,0.008806262230919765,2,2
1289,1950,0.7572783719795718,0.048205128205128234,0.24425641025641046,0.02666666666666667,0.8256410256410256,0.8990852112790181,0.02666666666666667,0.0,5,1
1290,1805,0.6953025044497251,0.0736842105263158,0.29063711911357354,0.08919667590027701,0.7569060773480663,0.8603677434628025,0.07590027700831024,0.013296398891966758,1,2
1291,1719,0.7455882592124737,0.05759162303664922,0.23036649214659677,0.02268760907504363,0.6918604651162791,0.9008935393368669,0.02268760907504363,0.0,2,1
1292,1814,0.7483316911433111,0.055126791620727644,0.25964718853362734,0.026460859977949284,0.6923076923076923,0.8975326738654972,0.026460859977949284,0.0,1,2
1293,1728,0.676913642536244,0.08333333333333331,0.3275462962962963,0.1255787037037037,0.8439306358381503,0.8350611870265333,0.05555555555555555,0.07002314814814815,2,1
1294,1901,0.6908625163528526,0.06470278800631246,0.300894266175697,0.10257759074171488,0.6963350785340314,0.8532199350551616,0.08048395581273014,0.022093634928984744,1,3
1295,1536,0.6830946867705485,0.07356770833333334,0.28710937500000006,0.0625,0.6753246753246753,0.8508922398594955,0.037760416666666664,0.024739583333333332,3,2
1296,1866,0.8287693056244111,0.037513397642015,0.15434083601286175,0.015005359056806002,0.7807486631016043,0.9490694649254989,0.015005359056806002,0.0,2,2
1297,1869,0.7030215117879093,0.07651150347779556,0.27940074906367046,0.07223113964686999,0.5454545454545454,0.864593109101558,0.07223113964686999,0.0,4,5
1298,1830,0.6715015891129318,0.10163934426229507,0.30393442622950834,0.10109289617486339,0.9016393442622951,0.8279985837096835,0.08907103825136611,0.012021857923497269,1,2
1299,1560,0.781023724460396,0.05480769230769228,0.21602564102564092,0.007692307692307693,0.6987179487179487,0.923313262948935,0.007692307692307693,0.0,1,1
1300,1808,0.7459010418230033,0.07383849557522124,0.22400442477876115,0.019358407079646017,0.7790055248618785,0.90242552665639,0.019358407079646017,0.0,1,1
1301,1971,0.6574523666668727,0.07255200405885343,0.3176052765093861,0.1476407914764079,0.7373737373737373,0.8188946400484646,0.08117706747843734,0.06646372399797057,2,1
1302,1692,0.733812189563817,0.06323877068557918,0.2505910165484634,0.0384160756501182,0.7529411764705882,0.8898839558372627,0.02304964539007092,0.015366430260047281,4,1
1303,2234,0.7467756864793686,0.0810205908683975,0.22233661593554166,0.02730528200537153,0.8214285714285714,0.9001443758502227,0.024171888988361683,0.003133393017009848,3,1
1304,1969,0.8289053143461204,0.037074657186389026,0.1728796343321483,0.013712544438801422,0.6040609137055838,0.9451534117391476,0.013712544438801422,0.0,1,2
1305,1683,0.6498311451020766,0.09625668449197862,0.30362448009506826,0.12537136066547833,0.8994082840236687,0.8238781598780037,0.0885323826500297,0.0368389780154486,1,1
1306,1848,0.7404231237263037,0.06980519480519487,0.2364718614718615,0.025432900432900432,0.7837837837837838,0.899009686257487,0.025432900432900432,0.0,3,3
1307,1591,0.7128692494138396,0.07291011942174733,0.2696417347580139,0.08862350722815839,0.80625,0.8731372335418707,0.05279698302954117,0.035826524198617225,4,2
1308,1710,0.7185210857133857,0.06491228070175441,0.26198830409356727,0.09239766081871345,0.6374269005847953,0.8761490563899053,0.05497076023391813,0.03742690058479532,1,1
1309,1861,0.7577550705285055,0.0655561526061258,0.2299838796346051,0.03707684040838259,0.7272727272727273,0.9013823234249793,0.035464803868887694,0.0016120365394948952,1,3
1310,1914,0.6958507863920531,0.0715778474399164,0.28944618599791005,0.0768025078369906,0.546875,0.8583367785181367,0.02664576802507837,0.050156739811912224,1,4
1311,1618,0.7064012542207143,0.0710754017305315,0.2756489493201483,0.059332509270704575,0.8641975308641975,0.8658908933087833,0.02843016069221261,0.030902348578491966,1,1
1312,1803,0.7068966791759171,0.08319467554076543,0.2673322240709928,0.05546311702717693,0.7071823204419889,0.8688361970819656,0.04270660011092623,0.012756516916250694,2,2
1313,1679,0.6693431051043199,0.08576533650982732,0.2888624181060155,0.08338296605122096,0.8392857142857143,0.8437454400486035,0.06075044669446099,0.022632519356759976,1,1
1314,1846,0.6687043101918605,0.08992416034669554,0.3001083423618635,0.10238353196099675,0.7513513513513513,0.8352727547133965,0.06392199349945829,0.038461538461538464,2,2
1315,1668,0.6718913631642701,0.08003597122302156,0.30455635491606714,0.11151079136690648,0.8203592814371258,0.846180193453947,0.07314148681055156,0.03836930455635491,2,1
1316,1851,0.7628709945392503,0.04916261480280931,0.2101566720691519,0.018368449486763912,0.543010752688172,0.915468036766312,0.01620745542949757,0.0021609940572663426,2,2
1317,1457,0.735212469026532,0.06726149622512012,0.21839396019217594,0.04461221688400824,0.5205479452054794,0.8930132589524331,0.041866849691146193,0.002745367192862045,1,1
1318,1826,0.7326250356601252,0.06845564074479737,0.2469879518072289,0.05421686746987952,0.8087431693989071,0.8866186178513228,0.04271631982475356,0.011500547645125958,1,2
1319,1757,0.6723757884784967,0.07342060330108138,0.3033579965850882,0.10586226522481502,0.6931818181818182,0.8383448697481884,0.06033010813887308,0.045532157085941945,2,3
1320,1653,0.7232276448332715,0.06896551724137928,0.24016938898971568,0.027828191167574106,0.7590361445783133,0.8886099627640783,0.019963702359346643,0.007864488808227465,2,3
1321,1566,0.7536135873334319,0.05236270753512129,0.23754789272030652,0.018518518518518517,0.7770700636942676,0.912367879701825,0.018518518518518517,0.0,2,4
1322,1933,0.7846542746784705,0.04293843766166583,0.20641489912053806,0.014485256078634247,0.7680412371134021,0.9262884911532802,0.014485256078634247,0.0,2,2
1323,1856,0.7261422802871071,0.053879310344827624,0.24730603448275856,0.0668103448275862,0.7526881720430108,0.8805163674489834,0.0668103448275862,0.0,1,2
1324,1757,0.6631122316899017,0.0717131474103585,0.3016505406943654,0.1064314171883893,0.8068181818181818,0.8308713775169307,0.056915196357427436,0.04951622083096187,2,3
1325,1639,0.7268949885739635,0.06406345332519825,0.24893227577791333,0.03172666259914582,0.7134146341463414,0.8860669844672361,0.03172666259914582,0.0,1,4
1326,1723,0.6842524916943521,0.07196749854904239,0.2818340104468948,0.07254788160185723,0.815028901734104,0.8546810471541718,0.04875217643644805,0.02379570516540917,1,2
1327,1881,0.733145935445088,0.06751727804359381,0.2402977139819245,0.0531632110579479,0.798941798941799,0.8891544778929962,0.0531632110579479,0.0,2,3
1328,1811,0.7492814517148375,0.06239646604086141,0.24737713970182218,0.018221976808393152,0.8351648351648352,0.9021511533697255,0.0176697956929873,0.0005521811154058532,1,1
1329,1980,0.7274963636447237,0.06313131313131312,0.2545454545454546,0.028282828282828285,0.6666666666666666,0.8871207150592749,0.025757575757575757,0.0025252525252525255,1,3
1330,1932,0.7608886685743901,0.060559006211180155,0.23649068322981376,0.028467908902691512,0.6804123711340206,0.9052336567550007,0.028467908902691512,0.0,4,4
1331,1763,0.7012556119706573,0.0737379466817924,0.25751559841179805,0.023255813953488372,0.6892655367231638,0.8716897679729281,0.022688598979013045,0.0005672149744753262,2,2
1332,1624,0.7181727797563574,0.06280788177339902,0.2623152709359606,0.027093596059113302,0.7730061349693251,0.8779182043033253,0.022167487684729065,0.0049261083743842365,3,1
1333,1822,0.724421793008897,0.06256860592755209,0.2760702524698134,0.04939626783754116,0.8469945355191257,0.8787078407247425,0.02305159165751921,0.026344676180021953,4,4
1334,1880,0.745946757717864,0.07154255319148942,0.2117021276595744,0.05585106382978723,0.7021276595744681,0.8987433817327543,0.05585106382978723,0.0,3,1
1335,1948,0.745795763702525,0.051848049281314146,0.23506160164271037,0.03696098562628337,0.6974358974358974,0.8952811053122913,0.03490759753593429,0.002053388090349076,2,1
1336,1599,0.6812554301458981,0.08442776735459662,0.301688555347092,0.1050656660412758,0.70625,0.8528631679325568,0.06128830519074421,0.043777360850531584,2,1
1337,1906,0.7222747780526851,0.06977964323189925,0.24055613850996854,0.05456453305351522,0.675392670157068,0.8787411892389866,0.05456453305351522,0.0,2,2
1338,1872,0.7614868831160667,0.04380341880341876,0.2270299145299145,0.0438034188034188,0.7287234042553191,0.9035644441869871,0.041666666666666664,0.002136752136752137,1,1
1339,1850,0.6939523686638964,0.0686486486486487,0.2772972972972973,0.0718918918918919,0.8648648648648649,0.8595891561677381,0.047027027027027025,0.024864864864864864,4,2
1340,1953,0.7470788191151869,0.06451612903225806,0.23522785458269319,0.01945724526369688,0.6989795918367347,0.901005652658364,0.01945724526369688,0.0,1,2
1341,1986,0.7413139510496789,0.05639476334340379,0.24471299093655596,0.0473313192346425,0.7989949748743719,0.8870489085959378,0.045317220543806644,0.002014098690835851,1,1
1342,1779,0.7454249350215497,0.07026419336706013,0.2596964586846543,0.030916245081506463,0.6629213483146067,0.8978458222088858,0.02922990444069702,0.0016863406408094434,3,1
1343,1617,0.7313928205316796,0.06307977736549164,0.26864564007421154,0.03277674706246135,0.691358024691358,0.8879126142125143,0.027210884353741496,0.0055658627087198514,1,3
1344,1681,0.7216556892785976,0.06960142772159428,0.2546103509815586,0.02558001189767995,0.7988165680473372,0.8803948946823965,0.02558001189767995,0.0,2,4
1345,1926,0.7327580901667752,0.07009345794392523,0.24558670820353062,0.029595015576323987,0.5647668393782384,0.8922447811938254,0.029595015576323987,0.0,2,1
1346,1870,0.7073111223239716,0.0786096256684492,0.26844919786096255,0.06577540106951872,0.7112299465240641,0.8625275739637726,0.03796791443850268,0.027807486631016044,2,1
1347,1796,0.6499162395858298,0.09548997772828506,0.313195991091314,0.13418708240534521,0.7777777777777778,0.814578044567103,0.07405345211581292,0.060133630289532294,1,1
1348,1780,0.7128042073856814,0.08061797752808986,0.27196629213483153,0.04550561797752809,0.6853932584269663,0.8773033967734915,0.04550561797752809,0.0,2,1
1349,1697,0.6577249018311183,0.07837360047142015,0.30819092516205066,0.12610489098408956,0.7647058823529411,0.8274628739889542,0.08131997642899234,0.04478491455509723,1,3
1350,1757,0.6973396266199537,0.0700056915196357,0.28799089356858276,0.05976095617529881,0.7897727272727273,0.8574326022848887,0.04154809334092203,0.01821286283437678,3,1
1351,1690,0.7158669283724245,0.06863905325443787,0.26485207100591773,0.04437869822485207,0.8402366863905325,0.8781230634020998,0.03254437869822485,0.011834319526627219,2,1
1352,1946,0.7390721731805199,0.0817060637204522,0.24897225077081192,0.03597122302158273,0.5641025641025641,0.8930248199435876,0.020554984583761562,0.015416238437821172,1,3
1353,1755,0.6773625527592838,0.08205128205128198,0.2809116809116809,0.039886039886039885,0.7727272727272727,0.854153317058776,0.023361823361823363,0.016524216524216526,2,1
1354,1841,0.6751943623255289,0.09831613253666485,0.2944052145573058,0.08256382400869093,0.6378378378378379,0.83407429531804,0.066811515480717,0.015752308527973928,2,2
1355,1862,0.7825801439862771,0.05665950590762622,0.19441460794844245,0.00322234156820623,0.8502673796791443,0.9254665750166136,0.00322234156820623,0.0,2,1
1356,1796,0.7345530567906569,0.0779510022271715,0.23775055679287305,0.06848552338530067,0.7333333333333333,0.8837625598700644,0.0645879732739421,0.0038975501113585748,2,2
1357,1606,0.7278241056409891,0.05915317559153177,0.2808219178082192,0.07036114570361146,0.8012422360248447,0.8850390304620125,0.0410958904109589,0.029265255292652552,1,2
1358,1658,0.8179982946222297,0.029252110977080803,0.17370325693606758,0.021712907117008445,0.7891566265060241,0.9393678164831047,0.021712907117008445,0.0,3,3
1359,1804,0.745169795083708,0.04490022172949003,0.26186252771618634,0.026053215077605323,0.8342541436464088,0.8916962953668202,0.009977827050997782,0.01607538802660754,2,1
1360,1859,0.7390865456214352,0.07423345884884347,0.23345884884346424,0.03550295857988166,0.5806451612903226,0.8988606676011922,0.03012372243141474,0.0053792361484669175,2,2
1361,1701,0.6348204295953296,0.09229864785420339,0.34626690182245745,0.14462081128747795,0.7953216374269005,0.798198013257711,0.06466784244562022,0.07995296884185774,3,1
1362,1822,0.6751244045234499,0.06695938529088918,0.29692645444566407,0.09659714599341383,0.7049180327868853,0.8325265417259786,0.08726673984632272,0.009330406147091108,1,3
1363,1630,0.63841522455862,0.0825153374233129,0.3226993865030674,0.2,0.6073619631901841,0.7974213546442602,0.08404907975460123,0.11595092024539877,2,2
1364,1655,0.6767619143743366,0.08217522658610271,0.26114803625377664,0.07492447129909366,0.7409638554216867,0.84079121657039,0.07492447129909366,0.0,1,2
1365,1492,0.7552768816115695,0.06367292225201071,0.2184986595174262,0.005361930294906166,0.7466666666666667,0.9125661832117514,0.005361930294906166,0.0,1,2
1366,2005,0.7389031315545802,0.06832917705735658,0.24618453865336667,0.0344139650872818,0.7263681592039801,0.8916971881509476,0.018952618453865335,0.015461346633416459,3,2
1367,1829,0.7698292993844145,0.05139420448332421,0.21815199562602516,0.023510114816839803,0.73224043715847,0.9159763467031994,0.01202843083652269,0.011481683980317113,1,3
1368,1715,0.7288110660340287,0.05247813411078717,0.26647230320699705,0.04081632653061224,0.7732558139534884,0.8817665318721519,0.04081632653061224,0.0,2,1
1369,1850,0.7791485711410158,0.051351351351351354,0.2281081081081081,0.01891891891891892,0.7675675675675676,0.9179107383013337,0.01891891891891892,0.0,1,1
1370,1623,0.7399311109032322,0.06654343807763402,0.23450400492914347,0.025261860751694395,0.7300613496932515,0.8963588835422723,0.009858287122612447,0.015403573629081947,1,3
1371,1755,0.773163269753563,0.05128205128205132,0.23122507122507147,0.03418803418803419,0.75,0.9128109551509609,0.02621082621082621,0.007977207977207978,1,3
1372,1706,0.6755362526693061,0.07444314185228607,0.28282532239155916,0.03634232121922626,0.7543859649122807,0.8446049420667004,0.027549824150058615,0.008792497069167644,1,1
1373,2044,0.7807678168566181,0.04990215264187868,0.19784735812133072,0.015655577299412915,0.6926829268292682,0.9240493110197693,0.015655577299412915,0.0,1,1
1374,1780,0.6236247601647474,0.08314606741573038,0.31129213483146073,0.13539325842696628,0.5898876404494382,0.7927895666922432,0.056179775280898875,0.07921348314606741,3,3
1375,1790,0.7735168401756737,0.05027932960893855,0.2156424581005586,0.01899441340782123,0.8435754189944135,0.9148834025438957,0.01452513966480447,0.004469273743016759,2,2
1376,1780,0.7708647262871532,0.04550561797752807,0.20848314606741583,0.020786516853932586,0.7584269662921348,0.9163245605353427,0.020786516853932586,0.0,2,1
1377,1895,0.7341718572501703,0.06174142480211087,0.2594195250659631,0.04802110817941953,0.7894736842105263,0.8812906208516634,0.04802110817941953,0.0,3,4
1378,1699,0.7578014039231303,0.06474396703943495,0.20835785756327252,0.03708063566804003,0.5705882352941176,0.9095788269963678,0.03708063566804003,0.0,2,2
1379,1544,0.6451744917432705,0.0935880829015544,0.30356217616580317,0.10686528497409327,0.7354838709677419,0.8255225069589738,0.08160621761658031,0.025259067357512953,2,1
1380,1641,0.7380183469585277,0.06520414381474704,0.2321755027422303,0.02254722730042657,0.8181818181818182,0.8973651590413021,0.02254722730042657,0.0,1,3
1381,1688,0.7149946353817315,0.06575829383886256,0.28436018957345965,0.07582938388625593,0.834319526627219,0.8734571156276438,0.039691943127962086,0.03613744075829384,1,1
1382,1785,0.610787292044988,0.10700280112044824,0.35014005602240894,0.20840336134453782,0.6927374301675978,0.7761237806056155,0.12941176470588237,0.07899159663865546,1,2
1383,1875,0.694032354819469,0.06293333333333334,0.312,0.1392,0.7978723404255319,0.8494216907458896,0.072,0.0672,2,2
1384,2032,0.6981940606428596,0.06643700787401574,0.30398622047244106,0.10728346456692914,0.75,0.8566605333519747,0.07726377952755906,0.030019685039370077,2,2
1385,1797,0.7125459464756897,0.07735114079020594,0.28213689482470783,0.06010016694490818,0.8111111111111111,0.8676219528859807,0.05676126878130217,0.00333889816360601,5,2
1386,1424,0.6253884500041994,0.0895365168539326,0.32794943820224715,0.14676966292134833,0.5384615384615384,0.7985945178484102,0.07443820224719101,0.0723314606741573,2,2
1387,1779,0.7067170101729155,0.06801573917931425,0.27262507026419336,0.08431703204047218,0.797752808988764,0.8678367617567359,0.047217537942664416,0.03709949409780776,1,3
1388,1649,0.7488490419061503,0.05761067313523349,0.21224984839296537,0.029108550636749546,0.7393939393939394,0.9048181996174535,0.029108550636749546,0.0,2,3
1389,1782,0.7382760549453805,0.04769921436588104,0.2569584736251403,0.025252525252525252,0.5754189944134078,0.894713203857569,0.014029180695847363,0.01122334455667789,3,3
1390,1797,0.635508668071389,0.10851419031719534,0.29660545353366724,0.09126321647189761,0.6333333333333333,0.8130634384502029,0.05008347245409015,0.041179744017807454,1,2
1391,1816,0.7397978703635104,0.0652533039647577,0.246420704845815,0.04515418502202643,0.8131868131868132,0.8990754769828406,0.03248898678414097,0.012665198237885462,1,2
1392,1733,0.7005386614303474,0.07270628967109061,0.2670513560300058,0.06462781304096941,0.5919540229885057,0.8598626156059812,0.038084246970571264,0.026543566070398154,1,4
1393,1673,0.6445240391632729,0.08248655110579806,0.3214584578601315,0.1177525403466826,0.8571428571428571,0.8121782246428304,0.04781829049611477,0.06993424985056784,1,1
1394,1771,0.6782455212719626,0.08300395256916998,0.28176171654432514,0.05646527385657821,0.5112359550561798,0.8450323549367115,0.02766798418972332,0.028797289666854884,3,2
1395,1758,0.7205541198700885,0.057736063708759944,0.24288964732650742,0.05688282138794084,0.7556818181818182,0.8802053254274959,0.055176336746302616,0.0017064846416382253,6,1
1396,1874,0.7300436208437698,0.06883671291355392,0.2614727854855924,0.05656350053361793,0.6968085106382979,0.872480827983668,0.05656350053361793,0.0,1,2
1397,1821,0.7091073390632863,0.08347062053816584,0.25700164744645804,0.053816584294343765,0.639344262295082,0.8716447809499936,0.053816584294343765,0.0,1,2
1398,2133,0.7818674741215407,0.06000937646507276,0.2081575246132208,0.02015939990623535,0.8785046728971962,0.9175136973037012,0.02015939990623535,0.0,3,2
1399,1857,0.7433925226860253,0.055465805061927886,0.23155627355950456,0.014539579967689823,0.8440860215053764,0.899564182322097,0.014001077005923533,0.0005385029617662897,2,1
1400,1767,0.6856673523410747,0.07696661007357103,0.2854555744199208,0.08715336728919072,0.6949152542372882,0.853147213882523,0.05602716468590832,0.0311262026032824,1,3
1401,1739,0.7557222575928524,0.056354226566992516,0.218056354226567,0.02645198389879241,0.6551724137931034,0.902822864860511,0.02645198389879241,0.0,1,1
1402,1903,0.7995172835171397,0.03363110877561737,0.19600630583289547,0.016815554387808723,0.8272251308900523,0.9315404505680146,0.016815554387808723,0.0,1,3
1403,1803,0.6589039737159706,0.08763172490293958,0.2882972823072656,0.07986688851913477,0.6795580110497238,0.8278782877649904,0.04603438713255685,0.03383250138657792,1,1
1404,1910,0.7233660905610004,0.07591623036649214,0.2638743455497382,0.04293193717277487,0.7120418848167539,0.8828783412782433,0.03664921465968586,0.0062827225130890054,2,1
1405,1838,0.7110527295425095,0.06909684439608269,0.25511425462459186,0.06528835690968444,0.7880434782608695,0.8678152504147447,0.06528835690968444,0.0,2,2
1406,1850,0.7547399334013246,0.059459459459459456,0.21999999999999997,0.014594594594594595,0.6378378378378379,0.9050535442420619,0.012432432432432432,0.002162162162162162,3,3
1407,1746,0.6980150148335202,0.07044673539518898,0.27720504009163804,0.06987399770904926,0.7542857142857143,0.8612563516360544,0.03665521191294387,0.033218785796105384,1,1
1408,1685,0.7218315994573685,0.07062314540059345,0.227893175074184,0.04925816023738872,0.7810650887573964,0.8856232098694803,0.04925816023738872,0.0,2,1
1409,1874,0.7496934222176107,0.06189967982924227,0.24279615795090714,0.028281750266808965,0.6223404255319149,0.9065820751249231,0.028281750266808965,0.0,2,3
1410,1659,0.68553472849872,0.08619650391802292,0.27016274864376133,0.05063291139240506,0.6746987951807228,0.8571188093194906,0.038577456298975285,0.012055455093429777,2,2
1411,1815,0.7504014026751261,0.05950413223140494,0.2545454545454546,0.02699724517906336,0.7692307692307693,0.9013197445790733,0.021487603305785124,0.005509641873278237,2,2
1412,1977,0.755321917878406,0.06019221041982803,0.24299443601416293,0.02225594334850784,0.7626262626262627,0.9051484162129287,0.018209408194233688,0.004046535154274153,2,3
1413,1646,0.7206980515279213,0.059842041312272165,0.27825030376670723,0.07776427703523693,0.8484848484848485,0.8756939671953027,0.031591737545565005,0.046172539489671933,2,1
1414,1685,0.7033907335803796,0.09258160237388724,0.22350148367952533,0.06172106824925816,0.7396449704142012,0.8658537477357918,0.06172106824925816,0.0,1,2
1415,1859,0.736131822810502,0.06347498655190964,0.2227003765465304,0.06670252824098978,0.7903225806451613,0.8836523838192187,0.06670252824098978,0.0,3,2
1416,2057,0.753496901449776,0.07097715119105497,0.2317938745746233,0.027224112785610113,0.7572815533980582,0.90231017728249,0.027224112785610113,0.0,2,2
1417,1883,0.7162958423815587,0.07806691449814124,0.21402018056293154,0.04354753053637812,0.6666666666666666,0.8834635586542867,0.04248539564524695,0.0010621348911311736,3,3
1418,1923,0.7446992423581837,0.061882475299011974,0.24825793031721255,0.03224128965158606,0.6787564766839378,0.8906751002479044,0.02392095683827353,0.008320332813312533,2,1
1419,1679,0.7376528909645456,0.06134603930911259,0.2531268612269208,0.043478260869565216,0.8035714285714286,0.8936660203539798,0.026801667659321026,0.016676593210244194,2,1
1420,1745,0.696779582977044,0.07392550143266474,0.2785100286532951,0.06131805157593123,0.7371428571428571,0.861427440035872,0.032091690544412604,0.029226361031518624,2,4
1421,1634,0.6981325699779907,0.07894736842105263,0.2637698898408813,0.07221542227662178,0.6585365853658537,0.8639852582323257,0.0397796817625459,0.03243574051407589,1,2
1422,1637,0.6128212544572222,0.09468540012217472,0.3610262675626145,0.1973121563836286,0.8109756097560976,0.78176327675767,0.08735491753207086,0.10995723885155773,2,1
1423,1703,0.6982778146061209,0.08103347034644748,0.280093951849677,0.057545507927187316,0.7192982456140351,0.8624484876300984,0.03347034644744568,0.024075161479741633,1,3
1424,1786,0.7259050252461515,0.06886898096304594,0.23516237402015683,0.04591265397536394,0.8435754189944135,0.8808263727327823,0.04591265397536394,0.0,1,1
1425,1506,0.7015831959675409,0.0776892430278884,0.2729083665338645,0.034528552456839307,0.7019867549668874,0.8675576359362395,0.014608233731739707,0.0199203187250996,2,3
1426,1610,0.6440044133599948,0.09254658385093167,0.35527950310559003,0.14037267080745341,0.8074534161490683,0.8064918701021789,0.08944099378881988,0.05093167701863354,3,2
1427,1808,0.7095398566264323,0.08130530973451333,0.24170353982300885,0.06139380530973451,0.6187845303867403,0.8598558010435805,0.06139380530973451,0.0,5,4
1428,1564,0.7281966205837175,0.059462915601023014,0.2506393861892583,0.0632992327365729,0.6878980891719745,0.8836415730553215,0.062020460358056265,0.0012787723785166241,2,2
1429,1641,0.6772011111755873,0.07861060329067643,0.28945764777574656,0.08348567946374162,0.6727272727272727,0.8459824294237878,0.04814137720901889,0.03534430225472273,1,1
1430,1882,0.7244899343732899,0.06482465462274178,0.27523910733262485,0.04091392136025505,0.7142857142857143,0.8802590011641898,0.038788522848034,0.0021253985122210413,1,1
1431,1653,0.755849902895681,0.056261343012704135,0.23206291591046574,0.03932244404113733,0.8313253012048193,0.9078916087446544,0.03932244404113733,0.0,3,1
1432,1655,0.6606249044815607,0.08217522658610277,0.3033232628398792,0.11782477341389729,0.5602409638554217,0.8339662611407251,0.05558912386706949,0.062235649546827795,2,2
1433,1982,0.7165026728536248,0.06962663975782035,0.27800201816347114,0.06659939455095863,0.6381909547738693,0.8716533369735636,0.06659939455095863,0.0,2,3
1434,1778,0.7545136553038222,0.04499437570303713,0.2587176602924634,0.011811023622047244,0.8707865168539326,0.9013082985344439,0.009561304836895388,0.0022497187851518562,2,2
1435,1531,0.6919694394527062,0.06401045068582623,0.30176355323318094,0.10320052253429131,0.6363636363636364,0.8581011312249565,0.06923579359895493,0.033964728935336384,2,3
1436,1728,0.7396122701098162,0.059606481481481496,0.23396990740740736,0.028356481481481483,0.8034682080924855,0.8986877798475358,0.028356481481481483,0.0,2,2
1437,1729,0.7457541851914126,0.05957200694042797,0.23076923076923075,0.014459224985540775,0.7052023121387283,0.9020677635990069,0.009832272990167727,0.004626951995373048,1,2
1438,1607,0.6117596604467456,0.09707529558182953,0.34411947728687,0.14561294337274425,0.43478260869565216,0.7796151362264729,0.09831985065339141,0.04729309271935283,2,1
1439,1789,0.7549108310463885,0.06428172163219681,0.21028507546115147,0.04024594745667971,0.8491620111731844,0.9078766555116266,0.04024594745667971,0.0,2,1
1440,2116,0.8058980389069833,0.047731568998109646,0.17863894139886577,0.006616257088846881,0.8160377358490566,0.9388179044107974,0.006616257088846881,0.0,4,2
1441,1714,0.7543562465902892,0.06651108518086346,0.21703617269544925,0.019836639439906652,0.8197674418604651,0.9072034765171711,0.019836639439906652,0.0,2,2
1442,1902,0.7452530901067318,0.050473186119873836,0.24894847528916955,0.04889589905362776,0.7591623036649214,0.8958731955925552,0.04889589905362776,0.0,2,1
1443,1751,0.7554426913922787,0.04625928041119354,0.24500285551113654,0.02227298686464877,0.75,0.9075121721702354,0.02227298686464877,0.0,3,1
1444,1821,0.7342678549961005,0.06589785831960465,0.24052718286655683,0.05161998901702362,0.8415300546448088,0.892491531106994,0.051070840197693576,0.0005491488193300384,3,3
1445,1657,0.6982164210083966,0.08509354254677126,0.27338563669281835,0.07604103802051901,0.8493975903614458,0.8622728705702383,0.0627640313820157,0.013277006638503319,2,1
1446,1770,0.7190158939406628,0.08135593220338982,0.24915254237288137,0.023728813559322035,0.7231638418079096,0.8879948017810826,0.023728813559322035,0.0,1,2
1447,1671,0.6900149309309914,0.07660083782166371,0.30580490724117293,0.10053859964093358,0.7440476190476191,0.8446693609288858,0.08497905445840814,0.015559545182525433,2,1
1448,1844,0.7480346887238073,0.06941431670281994,0.2245119305856833,0.055314533622559656,0.7027027027027027,0.8904981244619836,0.04609544468546638,0.009219088937093275,2,1
1449,1619,0.6762466175709785,0.08462013588634953,0.29462631253860405,0.09573810994441014,0.6234567901234568,0.8382425924407074,0.04941321803582458,0.04632489190858555,2,1
1450,1646,0.7532713790098001,0.05467800729040097,0.23936816524908877,0.015795868772782502,0.7151515151515152,0.8996455316963606,0.010935601458080195,0.004860267314702308,1,1
1451,1664,0.721890734417501,0.06911057692307693,0.26225961538461545,0.03365384615384615,0.7245508982035929,0.8845916030185625,0.03365384615384615,0.0,2,4
1452,1609,0.6403926895051912,0.0832815413300187,0.31037911746426383,0.12367930391547545,0.7267080745341615,0.8091124792941303,0.10316967060285892,0.020509633312616533,1,2
1453,1842,0.6833361662747763,0.08034744842562427,0.2714440825190011,0.07980456026058631,0.7081081081081081,0.8435099576278728,0.07980456026058631,0.0,2,1
1454,1713,0.6719318666689423,0.0741389375364857,0.2849970811441913,0.07647402218330414,0.7151162790697675,0.835739725634385,0.07647402218330414,0.0,1,1
1455,1827,0.6819592416674866,0.061850027367268745,0.28648056923919024,0.09523809523809523,0.9234972677595629,0.8453588265323803,0.033388067870826495,0.061850027367268745,1,2
1456,1738,0.6951769409988865,0.07997698504027617,0.2905638665132336,0.08860759493670886,0.5632183908045977,0.860147393064624,0.05983889528193326,0.028768699654775604,2,3
1457,1784,0.724631899524301,0.0594170403587444,0.24663677130044848,0.020739910313901346,0.5698324022346368,0.8909420869555108,0.018497757847533634,0.002242152466367713,1,2
1458,1731,0.742009564261343,0.04679376083188913,0.2645869439630272,0.057770075101097634,0.5804597701149425,0.8879606876241621,0.057770075101097634,0.0,1,2
1459,1887,0.7473333404567977,0.0757816640169581,0.21579226285108655,0.02755696873343932,0.6772486772486772,0.905679087348656,0.023317435082140965,0.0042395336512983575,1,2
1460,1640,0.7388624865402631,0.06036585365853661,0.26097560975609757,0.023170731707317073,0.7012195121951219,0.8967827478099462,0.016463414634146342,0.006707317073170732,2,2
1461,1819,0.7742549443364874,0.048927982407916404,0.2259483232545355,0.01594282572842221,0.7857142857142857,0.914193895016931,0.009895547003848268,0.006047278724573941,2,4
1462,1570,0.7167836345238725,0.06942675159235667,0.28280254777070063,0.07834394904458598,0.6687898089171974,0.8749055800051552,0.040127388535031845,0.03821656050955414,5,2
1463,1839,0.763744815121014,0.041326808047852104,0.23414899401848838,0.02773246329526917,0.7065217391304348,0.9053360568135643,0.02773246329526917,0.0,2,2
1464,1783,0.6789979862947066,0.060011217049915855,0.30398205272013457,0.11104879416713405,0.5754189944134078,0.8383349323168082,0.08020190689848569,0.030846887268648347,1,2
1465,1909,0.6908219940660841,0.0890518596123625,0.25720272393923516,0.03352540597171294,0.7068062827225131,0.8642779916635265,0.03352540597171294,0.0,3,2
1466,1670,0.6849998815173532,0.06706586826347308,0.31017964071856285,0.1341317365269461,0.8203592814371258,0.8460521177101697,0.07904191616766468,0.055089820359281436,2,2
1467,1915,0.7321753818956181,0.07362924281984334,0.2595300261096606,0.06370757180156658,0.7864583333333334,0.8831768990317213,0.030287206266318537,0.03342036553524804,2,1
1468,1893,0.74728093519511,0.05335446381405179,0.243000528262018,0.040147913365029056,0.7315789473684211,0.8984930655725113,0.03222398309561542,0.00792393026941363,1,2
1469,1683,0.7178169286075047,0.071301247771836,0.2925727866904337,0.09566250742721331,0.9053254437869822,0.8737888538065625,0.056446821152703504,0.0392156862745098,2,2
1470,1661,0.7994668091606602,0.05719446116797111,0.16977724262492472,0.017459361830222758,0.7664670658682635,0.9341073658197954,0.015051173991571343,0.002408187838651415,1,3
1471,1761,0.7402073066856439,0.05962521294718914,0.23225440090857463,0.006246450880181715,0.8248587570621468,0.9004313514487086,0.006246450880181715,0.0,1,1
1472,1769,0.7280215613968071,0.06444318824194462,0.24420576596947435,0.0248728094968909,0.8135593220338984,0.8895455757026047,0.018089315997738834,0.006783493499152063,3,2
1473,1676,0.7460607236174025,0.05966587112171834,0.23926014319809064,0.017899761336515514,0.49404761904761907,0.8986263710784587,0.017899761336515514,0.0,1,1
1474,1839,0.7833759383314117,0.05709624796084822,0.19249592169657426,0.013050570962479609,0.8967391304347826,0.9272338591612166,0.013050570962479609,0.0,1,1
1475,1817,0.7239933720368856,0.05503577325261422,0.2702256466703357,0.07264722069345074,0.6648351648351648,0.8802504420998525,0.031920748486516236,0.04072647220693451,3,2
1476,1873,0.6182762424378068,0.09983982915109446,0.3502402562733582,0.16657768286171917,0.7659574468085106,0.781143436221288,0.12279765082754938,0.04378003203416978,3,2
1477,1923,0.7786086118077863,0.05252210088403536,0.21372854914196568,0.013000520020800831,0.7512953367875648,0.9177710205150962,0.008840353614144566,0.004160166406656267,2,1
1478,1852,0.7434206185386419,0.05021598272138228,0.24298056155507564,0.023758099352051837,0.8924731182795699,0.8972886780667194,0.013498920086393088,0.010259179265658747,2,1
1479,1661,0.6853137309276539,0.0746538229981939,0.3052378085490668,0.11198073449729079,0.7724550898203593,0.8550214469885703,0.09933774834437085,0.012642986152919929,2,1
1480,1451,0.6884245498795493,0.07718814610613378,0.2749827705031014,0.08821502412129566,0.8698630136986302,0.8576890945657197,0.04135079255685734,0.04686423156443832,1,3
1481,1604,0.6970075434323552,0.07044887780548637,0.28304239401496256,0.05112219451371571,0.7763975155279503,0.8699988191113464,0.025561097256857856,0.025561097256857856,1,1
1482,1728,0.6328325408665973,0.11284722222222224,0.31712962962962965,0.1701388888888889,0.861271676300578,0.8078847529306055,0.10243055555555555,0.06770833333333333,1,4
1483,1657,0.6369759747092985,0.1019915509957755,0.30416415208207603,0.11104405552202776,0.8012048192771084,0.7976594340900102,0.053108026554013275,0.05793602896801448,3,1
1484,1748,0.7512315868503965,0.06407322654462241,0.19336384439359267,0.04233409610983982,0.5485714285714286,0.9074933837908881,0.04233409610983982,0.0,2,3
1485,1989,0.7132597401019668,0.06334841628959276,0.285369532428356,0.04675716440422323,0.8090452261306532,0.8682066777758422,0.02815485168426345,0.01860231271995978,2,2
1486,2002,0.719875807746874,0.04845154845154842,0.27922077922077926,0.06343656343656344,0.7810945273631841,0.8683952071009515,0.057942057942057944,0.005494505494505495,2,1
1487,1665,0.7742762492932757,0.05945945945945946,0.2156156156156156,0.01981981981981982,0.6467065868263473,0.9147470646623629,0.01981981981981982,0.0,2,3
1488,1858,0.7072970574630725,0.07696447793326155,0.2755651237890204,0.040365984930032295,0.5645161290322581,0.8756846177410129,0.02529601722282024,0.015069967707212056,2,1
1489,1635,0.7565218173261674,0.05932721712538227,0.24159021406727826,0.04097859327217125,0.7987804878048781,0.9051589661562307,0.03363914373088685,0.007339449541284404,2,1
1490,1683,0.7517092642155839,0.0600118835412953,0.2192513368983958,0.029708853238265002,0.7218934911242604,0.9084445900965356,0.029708853238265002,0.0,2,1
1491,2001,0.6910703099513869,0.06396801599200402,0.26936531734132935,0.035982008995502246,0.6567164179104478,0.8554970699792238,0.031984007996002,0.00399800099950025,1,2
1492,1586,0.646862568359095,0.10781841109709955,0.30327868852459017,0.1116015132408575,0.6855345911949685,0.8176330095095313,0.03909205548549811,0.0725094577553594,2,1
1493,2088,0.7356362225085142,0.06369731800766287,0.23180076628352497,0.012452107279693486,0.6507177033492823,0.8999311965085988,0.012452107279693486,0.0,3,2
1494,1752,0.7195755458674833,0.06278538812785384,0.2973173515981736,0.09246575342465753,0.7727272727272727,0.8731661251592504,0.06164383561643835,0.030821917808219176,4,4
1495,1667,0.6632085175272877,0.08338332333533294,0.31793641271745643,0.10977804439112178,0.8203592814371258,0.8271572858276969,0.04379124175164967,0.06598680263947211,2,1
1496,1999,0.6843750093965838,0.07403701850925459,0.2996498249124562,0.0945472736368184,0.615,0.8404729138881256,0.08454227113556778,0.010005002501250625,3,3
1497,1692,0.6963357599267822,0.06028368794326243,0.28368794326241137,0.0768321513002364,0.7294117647058823,0.8635222059016049,0.07624113475177305,0.000591016548463357,1,5
1498,1753,0.7517578112267846,0.05019965772960644,0.2538505419281232,0.04791785510553337,0.7784090909090909,0.896111936716887,0.045636052481460354,0.0022818026240730175,4,2
1499,1647,0.7580916888267439,0.06193078324225865,0.2179720704310868,0.018822100789313904,0.7575757575757576,0.9110999912224929,0.018822100789313904,0.0,4,3
1500,1644,0.6348492978498226,0.10279805352798055,0.3059610705596107,0.13017031630170317,0.5151515151515151,0.8063957589385906,0.08880778588807786,0.0413625304136253,2,2
1501,1925,0.7596080315485748,0.04675324675324677,0.21485714285714294,0.03272727272727273,0.616580310880829,0.908552048285036,0.03064935064935065,0.002077922077922078,2,2
1502,1787,0.7345076677572814,0.050923335198656966,0.26021264689423607,0.03917179630665921,0.6871508379888268,0.8837559134026947,0.03693340794627868,0.002238388360380526,2,2
1503,1868,0.7704517648463091,0.03479657387580304,0.24892933618843682,0.04068522483940043,0.7593582887700535,0.9086425708198625,0.02676659528907923,0.013918629550321198,2,2
1504,1661,0.7821572410107698,0.04635761589403975,0.21312462372065016,0.008428657435279952,0.8323353293413174,0.9258692989789682,0.006020469596628537,0.002408187838651415,2,2
1505,1923,0.7702528979126797,0.049401976079043064,0.22672906916276653,0.014040561622464899,0.8808290155440415,0.914098499577868,0.013520540821632865,0.0005200208008320333,3,1
1506,1912,0.719036071952105,0.09701882845188281,0.2650627615062762,0.07374476987447699,0.7395833333333334,0.8701937740601018,0.06903765690376569,0.004707112970711297,2,2
1507,1713,0.7402861589711385,0.07705779334500878,0.24985405720957388,0.027437244600116754,0.7558139534883721,0.8879660644450156,0.027437244600116754,0.0,3,3
1508,1648,0.7533457249070632,0.05643203883495149,0.2087378640776699,0.03216019417475728,0.6181818181818182,0.9075412850257117,0.03155339805825243,0.0006067961165048543,3,2
1509,1757,0.7091513106670126,0.07911212293682413,0.23335230506545246,0.028457598178713718,0.8465909090909091,0.8786338974408636,0.02618099032441662,0.0022766078542970974,2,1
1510,1681,0.76293183801259,0.062462819750148724,0.2010707911957168,0.018441403926234383,0.8816568047337278,0.9189024694304933,0.018441403926234383,0.0,1,4
1511,1717,0.7232532873481684,0.08386721025043675,0.23750728013977881,0.054746651135701804,0.6395348837209303,0.8840010814960633,0.054746651135701804,0.0,3,2
1512,1521,0.6927624674870381,0.08349769888231426,0.2669296515450361,0.06377383300460224,0.7254901960784313,0.8598671294808181,0.03155818540433925,0.032215647600262985,1,3
1513,1758,0.7757851428778858,0.06427758816837317,0.20932878270762229,0.01080773606370876,0.6306818181818182,0.9213298874207541,0.01080773606370876,0.0,2,2
1514,1826,0.7943696332808209,0.03285870755750275,0.2269989047097481,0.01533406352683461,0.8579234972677595,0.9280469822437496,0.01095290251916758,0.004381161007667032,1,1
1515,1733,0.6556879978394309,0.0825158684362377,0.2922100403923831,0.08655510675129832,0.7413793103448276,0.8251968917242247,0.022504327755337564,0.06405077899596076,1,2
1516,1856,0.6778462057374808,0.09644396551724133,0.25592672413793105,0.06465517241379311,0.7634408602150538,0.8273918615223533,0.06465517241379311,0.0,2,3
1517,1490,0.6206606894896542,0.076510067114094,0.3751677852348993,0.1691275167785235,0.8322147651006712,0.7885603040658797,0.0738255033557047,0.0953020134228188,2,2
1518,1646,0.7092557131978381,0.06682867557715673,0.261543134872418,0.04738760631834751,0.696969696969697,0.8746694958188249,0.032806804374240585,0.014580801944106925,2,2
1519,1661,0.7757861731127561,0.04455147501505119,0.22396146899458158,0.012642986152919929,0.6167664670658682,0.9152096788141245,0.007826610475617099,0.00481637567730283,2,2
1520,1939,0.759731633708562,0.05466735430634351,0.22949974213512114,0.020629190304280558,0.6391752577319587,0.9110305083086965,0.020629190304280558,0.0,2,1
1521,1649,0.687534157583757,0.08550636749545182,0.2748332322619769,0.08489993935718618,0.6909090909090909,0.858995404318301,0.04790782292298363,0.03699211643420255,3,4
1522,1615,0.681080890079704,0.096594427244582,0.3027863777089783,0.11145510835913312,0.5802469135802469,0.844862277822314,0.06996904024767801,0.04148606811145511,1,3
1523,1678,0.6178225146718833,0.06376638855780692,0.3533969010727056,0.133492252681764,0.6845238095238095,0.7858138300221701,0.09296781883194279,0.04052443384982122,2,1
1524,1634,0.8044812019918122,0.04528763769889843,0.17870257037943701,0.014075887392900856,0.7378048780487805,0.9373643813987923,0.014075887392900856,0.0,4,2
1525,1577,0.6950601123708642,0.0843373493975903,0.27330374128091317,0.07736207989854153,0.7848101265822784,0.8612482670504252,0.05136334812935954,0.02599873176918199,1,3
1526,1901,0.8050713671834522,0.05365597054182014,0.15044713308784846,0.01262493424513414,0.7277486910994765,0.9390412631055716,0.01262493424513414,0.0,1,2
1527,1681,0.718665961636332,0.06305770374776914,0.25817965496728135,0.030339083878643664,0.7159763313609467,0.884661643395069,0.02379535990481856,0.006543723973825104,1,3
1528,1848,0.7409159326879834,0.05411255411255411,0.24675324675324678,0.046536796536796536,0.7945945945945946,0.8927077800907757,0.017316017316017316,0.02922077922077922,3,3
1529,1969,0.6859602832366,0.09649568308786188,0.2747587607922804,0.062468257998984256,0.8527918781725888,0.8393502730761285,0.06043676993397664,0.002031488065007618,1,1
1530,2120,0.7178546379137788,0.07665094339622641,0.2472641509433963,0.05707547169811321,0.7924528301886793,0.8785068423230978,0.04575471698113207,0.011320754716981131,1,2
1531,1832,0.7679242152803556,0.045305676855895205,0.2281659388646288,0.012008733624454149,0.8695652173913043,0.9128452867685322,0.012008733624454149,0.0,2,2
1532,1676,0.7961594135725438,0.0510143198090692,0.1810859188544153,0.031026252983293555,0.8809523809523809,0.929805813022422,0.030429594272076373,0.0005966587112171838,2,1
1533,2007,0.7560759732223081,0.0687593423019432,0.24962630792227208,0.039860488290981565,0.9054726368159204,0.8958397495182943,0.039860488290981565,0.0,1,1
1534,1874,0.7545647868510859,0.06776947705442904,0.24706510138740667,0.05069370330843116,0.5425531914893617,0.8983427361977655,0.04855923159018143,0.0021344717182497333,5,1
1535,2008,0.6653240003873554,0.07519920318725093,0.32036852589641435,0.1399402390438247,0.8258706467661692,0.8267756181289826,0.08117529880478087,0.05876494023904383,2,1
1536,1670,0.7269022949049033,0.056886227544910184,0.2682634730538922,0.03652694610778443,0.8622754491017964,0.8771475438152114,0.03053892215568862,0.005988023952095809,1,2
1537,1723,0.6470065142514009,0.10446894950667446,0.3109692396982008,0.12013929193267557,0.6011560693641619,0.8228797829110229,0.07777132907719095,0.04236796285548462,3,2
1538,1738,0.7201031314195959,0.06098964326812428,0.27192174913693895,0.08745684695051784,0.8333333333333334,0.8716711011622956,0.08745684695051784,0.0,2,1
1539,1693,0.7506255888923371,0.05906674542232726,0.22787950383933842,0.0318960425280567,0.6705882352941176,0.9005003718481599,0.0318960425280567,0.0,3,1
1540,1752,0.7139125419818841,0.07191780821917804,0.2807648401826484,0.07191780821917808,0.6193181818181818,0.8771391012762869,0.05821917808219178,0.0136986301369863,2,1
1541,1730,0.7003562263302262,0.0716763005780347,0.26994219653179186,0.06820809248554913,0.861271676300578,0.8591971165352927,0.02716763005780347,0.041040462427745665,1,2
1542,1785,0.6105701420263839,0.11708683473389359,0.35126050420168065,0.1826330532212885,0.7653631284916201,0.7764331149379291,0.10476190476190476,0.07787114845938375,2,3
1543,1726,0.6797118140506787,0.07473928157589804,0.2859212050984936,0.07821552723059096,0.6589595375722543,0.8421057928066364,0.047508690614136734,0.03070683661645423,1,3
1544,1698,0.5837144689333089,0.1307420494699647,0.3710247349823321,0.19022379269729092,0.5294117647058824,0.7495129845898789,0.07891637220259129,0.11130742049469965,4,2
1545,1750,0.742205616181993,0.08571428571428574,0.2112571428571434,0.04057142857142857,0.8057142857142857,0.8967089654794452,0.037142857142857144,0.0034285714285714284,1,3
1546,1883,0.676691865220122,0.0849707912904939,0.29782262347318106,0.09771640998406797,0.7936507936507936,0.8400242328847713,0.055762081784386616,0.04195432819968136,1,1
1547,1680,0.6978070474179523,0.08928571428571427,0.2666666666666667,0.05654761904761905,0.6964285714285714,0.8685619301188777,0.041666666666666664,0.01488095238095238,2,1
1548,1934,0.7005887480376849,0.078076525336091,0.2631851085832472,0.05894519131334023,0.5721649484536082,0.8625155272368127,0.05894519131334023,0.0,3,2
1549,1693,0.6739413553334674,0.08151210868281156,0.3106910809214412,0.10868281157708211,0.6705882352941176,0.8340802839928912,0.07619610159480213,0.032486709982279975,2,2
1550,1858,0.7148869968339855,0.060279870828848225,0.26910656620021534,0.03498385360602799,0.543010752688172,0.8779378791520973,0.03444564047362755,0.0005382131324004305,1,2
1551,1681,0.6919253460814065,0.07911957168352168,0.2760261748958953,0.0761451516954194,0.7751479289940828,0.8628491662285906,0.03152885187388459,0.044616299821534804,1,2
1552,1943,0.7407277937297135,0.06999485331960886,0.23932063818836846,0.041173443129181676,0.8307692307692308,0.8885363544095183,0.03757076685537828,0.003602676273803397,3,3
1553,1768,0.6898097309016543,0.06957013574660637,0.3165158371040724,0.11142533936651584,0.7627118644067796,0.8528535338244884,0.0746606334841629,0.03676470588235294,2,1
1554,1932,0.7263550447327568,0.0768633540372671,0.2660455486542443,0.043478260869565216,0.8814432989690721,0.8791833119450942,0.043478260869565216,0.0,2,4
1555,1740,0.768992255241621,0.047126436781609216,0.22534482758620694,0.021839080459770115,0.8103448275862069,0.9096927575116679,0.021839080459770115,0.0,1,2
1556,1583,0.7357990722303003,0.0587492103600758,0.25521162349968407,0.04421983575489577,0.6163522012578616,0.8974675426364669,0.04421983575489577,0.0,1,1
1557,1582,0.6639600199836032,0.08154235145385584,0.3217446270543616,0.12389380530973451,0.9308176100628931,0.8328153044070142,0.07964601769911504,0.04424778761061947,5,5
1558,1694,0.6968130885546344,0.09976387249114524,0.2399055489964581,0.026564344746162927,0.711764705882353,0.8559883904466149,0.026564344746162927,0.0,2,1
1559,1623,0.6420048894177942,0.09242144177449169,0.3203943314849045,0.1423290203327172,0.7239263803680982,0.8119807026795711,0.08133086876155268,0.06099815157116451,3,3
1560,1773,0.6947232569922662,0.08742244782853914,0.23970671178793004,0.0631697687535251,0.6685393258426966,0.8527592632351899,0.0631697687535251,0.0,2,2
1561,1585,0.7160243860621455,0.0725552050473186,0.2543848580441642,0.050473186119873815,0.7672955974842768,0.8794042057817326,0.033438485804416405,0.017034700315457414,1,3
1562,1946,0.7303050106167889,0.05549845837615619,0.27312435765673176,0.047276464542651594,0.7948717948717948,0.8841826150666041,0.024665981500513873,0.022610483042137718,2,1
1563,1923,0.6661084566648866,0.07228289131565258,0.32657306292251687,0.14092563702548103,0.8082901554404145,0.8231701575473712,0.059802392095683825,0.0811232449297972,2,2
1564,1598,0.77428489157154,0.05319148936170215,0.172090112640801,0.02065081351689612,0.65625,0.9240698267182518,0.02065081351689612,0.0,1,1
1565,1677,0.7422444937151385,0.07096004770423375,0.25342874180083486,0.03577817531305903,0.8452380952380952,0.8976595131994375,0.035181872391174714,0.0005963029218843172,2,2
1566,1773,0.6853733682959545,0.08121827411167515,0.2820078962210942,0.05583756345177665,0.8539325842696629,0.8501830013583516,0.05358150028200789,0.0022560631697687537,1,1
1567,1634,0.689470173882838,0.07190942472460221,0.29602203182374537,0.0832313341493268,0.5609756097560976,0.854619309337738,0.06303549571603427,0.020195838433292534,2,3
1568,1917,0.7383756096231916,0.05112154407929048,0.2608242044861763,0.0406885758998435,0.828125,0.8905957908371693,0.040166927490871154,0.0005216484089723526,1,1
1569,1609,0.690578000190389,0.08017402113113736,0.3020509633312617,0.10254816656308266,0.5900621118012422,0.8517170555007794,0.06339341205717837,0.03915475450590429,1,2
1570,1883,0.7705418842208074,0.04407859798194369,0.2246415294742432,0.02973977695167286,0.7566137566137566,0.9135976883890548,0.025491237387148168,0.004248539564524694,3,1
1571,1917,0.7189093641481172,0.07198748043818468,0.2655190401669275,0.05894627021387585,0.7760416666666666,0.8768822742361433,0.046948356807511735,0.011997913406364111,2,1
1572,2246,0.7494394990489252,0.058325912733748875,0.23731077471059658,0.0578806767586821,0.6044444444444445,0.88933804785498,0.05431878895814782,0.003561887800534283,1,1
1573,1598,0.7094157780107078,0.07446808510638298,0.24593241551939926,0.025657071339173967,0.81875,0.8775830373731303,0.025657071339173967,0.0,2,2
1574,1772,0.7851320951597955,0.04514672686230248,0.2036681715575621,0.012415349887133182,0.8258426966292135,0.9274102781064498,0.012415349887133182,0.0,2,1
1575,1590,0.6679141702727526,0.0792452830188679,0.2989308176100632,0.1,0.5849056603773585,0.8384647899639551,0.08679245283018867,0.013207547169811321,1,2
1576,1760,0.7326014359929268,0.05625000000000002,0.2557954545454547,0.042045454545454546,0.7329545454545454,0.888841933405415,0.031818181818181815,0.010227272727272727,2,1
1577,1851,0.7500640037221527,0.04970286331712581,0.23878984332793085,0.021609940572663425,0.6344086021505376,0.9046277498078686,0.015126958400864398,0.006482982171799027,2,3
1578,1630,0.668015431111969,0.07883435582822085,0.3067484662576687,0.12515337423312883,0.5950920245398773,0.8370734406887262,0.0785276073619632,0.046625766871165646,1,3
1579,1970,0.7639723542963581,0.05228426395939087,0.22492385786802035,0.023350253807106598,0.7309644670050761,0.9102545001648362,0.02131979695431472,0.0020304568527918783,2,3
1580,1869,0.7270474765111832,0.0609951845906902,0.28325307651150344,0.0754414125200642,0.732620320855615,0.875689949854536,0.04654895666131621,0.028892455858747994,1,1
1581,1634,0.704799024262909,0.06303549571603428,0.2837821297429621,0.06364749082007344,0.7804878048780488,0.8663811742765377,0.025703794369645042,0.037943696450428395,1,1
1582,2039,0.8205558063992282,0.03580186365865623,0.16576753310446302,0.014222658165767533,0.8774509803921569,0.9415516940811788,0.012260912211868563,0.00196174595389897,3,4
1583,1814,0.7446248258390616,0.06174200661521498,0.22772877618522605,0.0402425578831312,0.7142857142857143,0.9012552052374964,0.038037486218302094,0.002205071664829107,2,1
1584,1806,0.7274260100699987,0.05758582502768547,0.27297895902547065,0.044296788482835,0.7955801104972375,0.8792958440079932,0.02823920265780731,0.016057585825027684,2,1
1585,1685,0.664759410580262,0.08486646884272997,0.32166172106824925,0.11750741839762611,0.7869822485207101,0.8334362297559783,0.07062314540059347,0.04688427299703264,2,2
1586,1571,0.7438269149915343,0.06429026098026736,0.22469764481222154,0.04073838319541693,0.5949367088607594,0.8968047397734823,0.025461489497135583,0.015276893698281349,1,1
1587,1732,0.761201603829962,0.06639722863741337,0.2233833718244804,0.01789838337182448,0.8333333333333334,0.9113280646772381,0.01789838337182448,0.0,2,1
1588,1688,0.7304224468936158,0.07257109004739334,0.26362559241706157,0.022511848341232227,0.834319526627219,0.8891927782574734,0.022511848341232227,0.0,1,1
1589,1882,0.6986745380109023,0.08660998937300743,0.26349628055260366,0.03294367693942614,0.746031746031746,0.8622814764760739,0.03294367693942614,0.0,4,2
1590,1651,0.7700260487105006,0.05572380375529973,0.2144155057540884,0.023622047244094488,0.8795180722891566,0.9150725102388303,0.023622047244094488,0.0,3,2
1591,1742,0.610983102157749,0.14179104477611942,0.34328358208955273,0.11595866819747416,0.8,0.7613632984168525,0.10907003444316878,0.006888633754305396,3,3
1592,1768,0.8101511504000625,0.052601809954751055,0.15214932126696834,0.007918552036199095,0.8870056497175142,0.9450217111042639,0.007918552036199095,0.0,1,1
1593,1974,0.7197567070544468,0.06940222897669712,0.25227963525835867,0.0243161094224924,0.8232323232323232,0.8782350313948236,0.02330293819655522,0.0010131712259371835,2,4
1594,1696,0.7206192243678576,0.06780660377358494,0.2617924528301887,0.02653301886792453,0.9352941176470588,0.8831326099867991,0.024174528301886794,0.0023584905660377358,2,4
1595,1837,0.7189547719371325,0.06967882416984211,0.25280348394120855,0.06096897114861187,0.717391304347826,0.876514994820431,0.04953728905824714,0.011431682090364725,1,1
1596,1759,0.7547769216429502,0.05116543490619663,0.23831722569641844,0.02274019329164298,0.75,0.9033403054052295,0.02274019329164298,0.0,2,3
1597,1622,0.7007359289561321,0.08138101109741058,0.27496917385943276,0.04192355117139334,0.7177914110429447,0.8664043931827937,0.027127003699136867,0.014796547472256474,4,3
1598,1862,0.7850744165118186,0.0725026852846401,0.1707841031149302,0.015037593984962405,0.5775401069518716,0.9266804503001415,0.015037593984962405,0.0,2,2
1599,2033,0.7626058337798076,0.05213969503197241,0.24377766847024096,0.02557796360059026,0.7990196078431373,0.9078249104944293,0.023610427939006393,0.001967535661583866,2,2
1600,1792,0.6932476241132319,0.08258928571428571,0.2743303571428573,0.056361607142857144,0.8777777777777778,0.8622750527886192,0.056361607142857144,0.0,1,1
1601,1842,0.6965089677999674,0.07817589576547232,0.27616720955483187,0.046145494028230184,0.8432432432432433,0.8570778548575926,0.046145494028230184,0.0,2,2
1602,1747,0.6819004159669904,0.07555809959931309,0.2921579851173441,0.09101316542644533,0.8171428571428572,0.8499257387652269,0.06067544361763022,0.03033772180881511,3,2
1603,1921,0.590035382478076,0.11087975013014051,0.34669442998438316,0.20978656949505467,0.6787564766839378,0.7508213358702007,0.1353461738677772,0.07444039562727746,3,1
1604,1573,0.7722979264333195,0.05340114431023518,0.2030514939605846,0.03178639542275906,0.7974683544303798,0.9183146576927177,0.03178639542275906,0.0,1,3
1605,1924,0.7473719285073678,0.05041580041580043,0.24168399168399168,0.009875259875259876,0.7875647668393783,0.8996681303474925,0.005197505197505198,0.004677754677754678,1,2
1606,1646,0.7481352430377106,0.05528554070473879,0.2284325637910085,0.02551640340218712,0.7515151515151515,0.9003657682383943,0.02551640340218712,0.0,1,1
1607,1991,0.6172212255884362,0.10999497739829234,0.3294826720241084,0.12656956303365144,0.63,0.7781288277704639,0.11652435961828227,0.010045203415369162,2,2
1608,1736,0.7111754856884684,0.07286866359447008,0.253168202764977,0.05587557603686636,0.8448275862068966,0.8760685280150554,0.05357142857142857,0.002304147465437788,4,4
1609,1785,0.715093290090226,0.07226890756302529,0.26252100840336146,0.04593837535014006,0.7988826815642458,0.8669638293366609,0.017927170868347338,0.028011204481792718,2,1
1610,1605,0.7346026064967905,0.06417445482866047,0.26105919003115263,0.0573208722741433,0.7950310559006211,0.8866656947308049,0.040498442367601244,0.016822429906542057,2,1
1611,1878,0.7874885333802885,0.04526091586794467,0.2071352502662407,0.026624068157614485,0.8031914893617021,0.9217518103556662,0.026624068157614485,0.0,1,2
1612,1824,0.7022901912154659,0.08251096491228069,0.29111842105263164,0.07017543859649122,0.7213114754098361,0.8639645244110082,0.0400219298245614,0.030153508771929825,1,2
1613,1826,0.6962846167938564,0.06790799561883909,0.2721796276013144,0.06571741511500548,0.7868852459016393,0.856622643304181,0.03066812705366922,0.03504928806133625,2,3
1614,1880,0.750929311162442,0.06914893617021278,0.2335638297872341,0.05053191489361702,0.7127659574468085,0.9030547334224259,0.021808510638297873,0.02872340425531915,1,2
1615,1956,0.7064504579203257,0.0899795501022495,0.2640593047034765,0.04805725971370143,0.7295918367346939,0.8692369738631507,0.04805725971370143,0.0,1,3
1616,1839,0.7125748644815957,0.06470908102229478,0.2544861337683524,0.06688417618270799,0.8913043478260869,0.870102003527293,0.01794453507340946,0.048939641109298535,1,2
1617,1705,0.7089158393392959,0.08856304985337243,0.22639296187683283,0.06275659824046921,0.8713450292397661,0.8646314924265535,0.06275659824046921,0.0,1,2
1618,1823,0.634516249172867,0.09983543609434997,0.3302249040043884,0.1267142073505211,0.6284153005464481,0.808782784092928,0.07789358200767965,0.04882062534284147,1,1
1619,1932,0.7488501057210628,0.047101449275362306,0.25351966873706006,0.028467908902691512,0.8350515463917526,0.8981116145112944,0.017080745341614908,0.011387163561076604,2,2
1620,1483,0.6830375319369867,0.08159136884693186,0.3068105192178018,0.1112609575185435,0.7181208053691275,0.8479482647013853,0.09372892784895483,0.01753202966958867,2,2
1621,1726,0.7294149446896406,0.06488991888760132,0.26361529548088064,0.06257242178447277,0.8901734104046243,0.8883795233619785,0.04692931633835458,0.015643105446118192,4,1
1622,1836,0.7563961647371129,0.04738562091503268,0.23447712418300654,0.023965141612200435,0.8043478260869565,0.901604088914435,0.016339869281045753,0.007625272331154684,4,3
1623,1785,0.7814300748495279,0.05714285714285716,0.18834733893557437,0.028011204481792718,0.7877094972067039,0.9217947515808435,0.021848739495798318,0.0061624649859943975,3,3
1624,1876,0.7581251678753694,0.04211087420042642,0.24760127931769724,0.03624733475479744,0.8457446808510638,0.8996297035732064,0.03624733475479744,0.0,3,2
1625,1669,0.682506930624734,0.08747753145596171,0.2762133013780707,0.07549430796884361,0.7544910179640718,0.856748091928831,0.059316956261234274,0.016177351707609346,1,4
1626,1872,0.8040566801249194,0.035790598290598274,0.2029380341880342,0.005876068376068376,0.6702127659574468,0.9361952872563274,0.0037393162393162395,0.002136752136752137,3,3
1627,1713,0.7170256193213234,0.07647402218330412,0.24751897256275535,0.04786923525977817,0.7383720930232558,0.8765931958090174,0.04786923525977817,0.0,1,1
1628,1495,0.7457121985542254,0.06755852842809368,0.2214046822742475,0.03076923076923077,0.7733333333333333,0.9072910617067793,0.030100334448160536,0.0006688963210702341,1,1
1629,1786,0.73613284340442,0.0464725643896976,0.2569988801791714,0.025195968645016796,0.7821229050279329,0.8795547988614982,0.025195968645016796,0.0,3,2
1630,1896,0.7173253769656023,0.06856540084388188,0.2602848101265823,0.05959915611814346,0.6842105263157895,0.8766132534345075,0.05959915611814346,0.0,3,3
1631,1476,0.7316334479609377,0.07723577235772355,0.21476964769647694,0.048102981029810296,0.8040540540540541,0.8894574131398568,0.032520325203252036,0.015582655826558265,1,3
1632,1753,0.7364802951009849,0.0690245293782088,0.25898459783228744,0.01825442099258414,0.7443181818181818,0.8866657188190578,0.01825442099258414,0.0,1,2
1633,1840,0.7545975838767393,0.05652173913043479,0.2527173913043479,0.01358695652173913,0.7934782608695652,0.9070897635496519,0.01358695652173913,0.0,4,5
1634,1812,0.6752812538499727,0.06484547461368653,0.32384105960264914,0.1661147902869757,0.7747252747252747,0.8363883387103186,0.07891832229580574,0.08719646799116998,2,2
1635,1711,0.6835691358590673,0.08416130917592052,0.27586206896551724,0.05026300409117475,0.5174418604651163,0.8582285903338689,0.024547048509643482,0.02571595558153127,1,2
1636,1920,0.7619323161246752,0.060937500000000006,0.21197916666666672,0.0203125,0.75,0.9093557212409029,0.017708333333333333,0.0026041666666666665,1,1
1637,1725,0.6347614596351249,0.0939130434782609,0.3429565217391305,0.1455072463768116,0.8265895953757225,0.796761151181568,0.04811594202898551,0.09739130434782609,2,2
1638,1839,0.7419783412994865,0.05818379554105493,0.2333877107123437,0.06035889070146819,0.8369565217391305,0.890280573160147,0.06035889070146819,0.0,3,1
1639,1826,0.6944251574261161,0.09364731653888281,0.26971522453450164,0.04874041621029573,0.7978142076502732,0.8652016437040159,0.04874041621029573,0.0,4,1
1640,1662,0.6959997795102663,0.08062575210589658,0.30728038507821914,0.10830324909747292,0.8502994011976048,0.8555561529554881,0.06919374247894103,0.03910950661853189,1,1
1641,1814,0.7082741726892354,0.058158765159867704,0.2745314222712238,0.06670341786108049,0.7197802197802198,0.8658690385225541,0.024807056229327454,0.04189636163175303,1,1
1642,1571,0.7611557034451975,0.05856142584341184,0.2068746021642266,0.008274984086569064,0.620253164556962,0.9234478687942858,0.008274984086569064,0.0,2,3
1643,1770,0.730560037640994,0.05932203389830504,0.25706214689265533,0.03728813559322034,0.7570621468926554,0.889345961180827,0.010169491525423728,0.02711864406779661,5,5
1644,1759,0.6183044528018539,0.10005685048322915,0.36668561682774303,0.1671404206935759,0.5625,0.7883358450670112,0.0847072200113701,0.0824332006822058,5,2
1645,1799,0.6584574455244405,0.11450806003335187,0.28571428571428564,0.07115063924402446,0.4888888888888889,0.8286246392891031,0.06670372429127293,0.0044469149527515284,5,1
1646,1700,0.6929688090128087,0.07705882352941179,0.28470588235294114,0.08,0.7823529411764706,0.8550798921297793,0.04588235294117647,0.03411764705882353,1,2
1647,1839,0.7442122940490967,0.07123436650353443,0.20609026644915712,0.037520391517128875,0.40217391304347827,0.901344756669727,0.037520391517128875,0.0,3,3
1648,1676,0.7225575851587407,0.07547732696897375,0.26252983293556087,0.0513126491646778,0.7380952380952381,0.8855123273385269,0.023269689737470168,0.028042959427207637,1,3
1649,1886,0.6516368107609626,0.123541887592789,0.27730646871686104,0.08695652173913043,0.5291005291005291,0.8131118493720213,0.08695652173913043,0.0,2,4
1650,1598,0.7175270913162674,0.06195244055068838,0.2528160200250313,0.05068836045056321,0.61875,0.8780167970629891,0.05068836045056321,0.0,1,2
1651,1554,0.7569392671589866,0.05469755469755477,0.22844272844272845,0.016087516087516088,0.7243589743589743,0.9115848749313743,0.011583011583011582,0.0045045045045045045,1,2
1652,1652,0.7010558481128587,0.07929782082324455,0.2777845036319613,0.07506053268765134,0.6807228915662651,0.8683163220468615,0.07506053268765134,0.0,1,1
1653,2129,0.770434295464416,0.060122123062470556,0.19511507750117432,0.04837952090183185,0.596244131455399,0.9082127235683629,0.04837952090183185,0.0,4,2
1654,1895,0.6532910721126688,0.09234828496042213,0.3052242744063327,0.10501319261213721,0.8473684210526315,0.8249061241851872,0.04854881266490765,0.056464379947229554,2,1
1655,1484,0.7329384791746274,0.06738544474393526,0.2526954177897574,0.03369272237196765,0.5771812080536913,0.8917896151822711,0.016846361185983826,0.016846361185983826,1,1
1656,2112,0.7392482555941756,0.06392045454545456,0.2608901515151515,0.038825757575757576,0.8679245283018868,0.8894407988840257,0.03787878787878788,0.000946969696969697,3,3
1657,1762,0.7291337261998072,0.0627128263337117,0.23093076049943245,0.02043132803632236,0.7740112994350282,0.8924884634539079,0.014755959137343927,0.0056753688989784334,2,3
1658,1822,0.7013243554702818,0.06695938529088907,0.2791986827661911,0.0845225027442371,0.7704918032786885,0.8560408166000778,0.04226125137211855,0.04226125137211855,3,1
1659,1965,0.749624066780471,0.07379134860050889,0.2432569974554707,0.030025445292620866,0.649746192893401,0.8976270149822929,0.029516539440203562,0.0005089058524173028,4,2
1660,1645,0.7316435461848431,0.06322188449848032,0.23890577507598787,0.05167173252279635,0.8303030303030303,0.8945700685447864,0.019452887537993922,0.03221884498480243,1,2
1661,1598,0.685555289753052,0.09261576971214015,0.3028160200250312,0.10200250312891114,0.65,0.8570065298125457,0.06758448060075094,0.0344180225281602,1,1
1662,1682,0.6768857956584807,0.06658739595719382,0.30493460166468495,0.10998810939357907,0.6568047337278107,0.8498041544757376,0.08561236623067776,0.02437574316290131,3,3
1663,1942,0.7939330855018589,0.03810504634397527,0.21163748712667352,0.012873326467559218,0.6410256410256411,0.9266586892492047,0.012873326467559218,0.0,1,3
1664,1902,0.694454576096889,0.07097791798107256,0.2806519453207151,0.04784437434279706,0.8586387434554974,0.854146867880454,0.03732912723449001,0.010515247108307046,2,3
1665,1687,0.6680465574153471,0.07172495554238295,0.3179608772969769,0.11499703615886188,0.7041420118343196,0.8320369102061255,0.08180201541197392,0.03319502074688797,2,1
1666,1759,0.6971830028768643,0.07504263786242182,0.26719727117680503,0.06196702671972712,0.6136363636363636,0.8636370349227022,0.019897669130187607,0.04206935758953951,1,1
1667,1748,0.7268913676996308,0.058352402745995485,0.2568649885583524,0.06064073226544622,0.6342857142857142,0.8791191001935822,0.05892448512585812,0.0017162471395881006,2,2
1668,1794,0.6860222948861143,0.0903010033444816,0.29208472686733555,0.07915273132664437,0.7388888888888889,0.8518076452715596,0.06577480490523968,0.013377926421404682,2,2
1669,1988,0.5816905091555563,0.09356136820925554,0.34657947686116697,0.2454728370221328,0.5979899497487438,0.7593632938630079,0.1358148893360161,0.1096579476861167,3,1
1670,1629,0.7224991771870971,0.06813996316758747,0.24309392265193375,0.02394106813996317,0.7730061349693251,0.8842821463527176,0.019643953345610803,0.004297114794352364,1,2
1671,1684,0.7094886984138645,0.0671021377672209,0.2630641330166271,0.043942992874109264,0.6568047337278107,0.8727511410310167,0.037410926365795724,0.006532066508313539,1,2
1672,1659,0.7051421603010556,0.0723327305605787,0.26968053044002416,0.0650994575045208,0.7590361445783133,0.8652414720887889,0.03496081977094635,0.030138637733574444,5,1
1673,1601,0.6848499624144165,0.08869456589631486,0.2879450343535291,0.08994378513429106,0.5962732919254659,0.8517752960855247,0.07870081199250469,0.011242973141786383,2,1
1674,1708,0.7232280902178002,0.08635831381733021,0.24355971896955508,0.03044496487119438,0.9064327485380117,0.8816631386523621,0.026346604215456676,0.004098360655737705,2,2
1675,2106,0.7623754150198697,0.06196581196581197,0.22910731244064572,0.0389363722697056,0.8483412322274881,0.9045027696345608,0.03133903133903134,0.007597340930674264,1,3
1676,1569,0.7572229125015968,0.06883365200764818,0.2052262587635436,0.022307202039515615,0.8853503184713376,0.9160079167674154,0.022307202039515615,0.0,2,1
1677,1632,0.7575590293576809,0.04718137254901961,0.2332107843137257,0.032475490196078434,0.7378048780487805,0.9087278651682368,0.032475490196078434,0.0,3,2
1678,1792,0.7476703027701843,0.0496651785714286,0.2376674107142858,0.022321428571428572,0.6166666666666667,0.8989845713374861,0.020089285714285716,0.002232142857142857,2,1
1679,1769,0.6853958469855833,0.07235726399095534,0.327416619559073,0.13566986998304126,0.7401129943502824,0.8480940850896392,0.07122668174109667,0.0644431882419446,1,1
1680,1649,0.7794508479769945,0.03881140084899937,0.22437841115827767,0.014554275318374773,0.7636363636363637,0.9199718528587012,0.009702850212249849,0.004851425106124924,2,2
1681,1736,0.6490481957663023,0.09043778801843319,0.28801843317972353,0.08410138248847926,0.7241379310344828,0.8220230067712879,0.08237327188940093,0.0017281105990783411,2,3
1682,1829,0.744042558796131,0.05959540732640789,0.2487698195735375,0.04100601421541826,0.8579234972677595,0.8931278729979033,0.03389830508474576,0.007107709130672498,1,1
1683,1873,0.7081089906061476,0.08916177255739455,0.2471970101441538,0.04805125467164976,0.7712765957446809,0.8695065127441184,0.04805125467164976,0.0,2,1
1684,1727,0.6925208091041676,0.0619571511291257,0.28801389693109447,0.0781702374059062,0.8265895953757225,0.855705307987164,0.027793862188766647,0.05037637521713955,1,2
1685,1768,0.7341945222541434,0.05938914027149325,0.2522624434389141,0.02828054298642534,0.8418079096045198,0.8906521994915604,0.02828054298642534,0.0,1,2
1686,1742,0.8081622712269148,0.04822043628013778,0.15786452353616542,0.015499425947187142,0.8057142857142857,0.9400292379891168,0.015499425947187142,0.0,2,1
1687,1718,0.7082844448908212,0.07741559953434227,0.2357392316647265,0.06577415599534342,0.5930232558139535,0.8707150743285705,0.06577415599534342,0.0,5,2
1688,1828,0.7179971255997823,0.07658643326039388,0.262582056892779,0.045951859956236324,0.6284153005464481,0.8781012554315923,0.03938730853391685,0.006564551422319475,2,1
1689,1773,0.7560955090553108,0.05188945290468133,0.2526790750141004,0.01804850535815003,0.7359550561797753,0.9035787751051213,0.008460236886632826,0.009588268471517203,1,1
1690,1760,0.6910525366266553,0.08153409090909089,0.24545454545454548,0.045454545454545456,0.5454545454545454,0.8611241739747735,0.045454545454545456,0.0,3,2
1691,1996,0.690966404081809,0.06913827655310623,0.2945891783567134,0.06813627254509018,0.63,0.8477939077629281,0.06663326653306613,0.001503006012024048,1,2
1692,1577,0.687209602062188,0.06658211794546598,0.24857324032974001,0.07609384908053266,0.8734177215189873,0.8550010001258557,0.06721623335447051,0.008877615726062143,1,2
1693,1948,0.7215890951938456,0.07212525667351133,0.24399383983572898,0.061088295687885014,0.6102564102564103,0.8740093093400929,0.061088295687885014,0.0,2,3
1694,2022,0.7657167598744951,0.07195845697329376,0.20563798219584575,0.04747774480712166,0.6403940886699507,0.90326624961965,0.04253214638971316,0.004945598417408506,1,2
1695,1719,0.7073122459990185,0.07271669575334494,0.2779522978475859,0.06573589296102385,0.7093023255813954,0.8705026699319736,0.06573589296102385,0.0,5,3
1696,2136,0.76440622467943,0.06367041198501872,0.226123595505618,0.033707865168539325,0.7663551401869159,0.909175071549354,0.027153558052434457,0.006554307116104869,2,2
1697,1740,0.7940790548932393,0.04827586206896556,0.19310344827586212,0.021264367816091954,0.6379310344827587,0.9313521188239359,0.021264367816091954,0.0,2,2
1698,1949,0.7544698956743218,0.06208311954848644,0.23304258594150853,0.059517701385325805,0.8564102564102564,0.9010157175967093,0.059517701385325805,0.0,2,2
1699,1918,0.7258224439158018,0.05396246089676743,0.2893639207507821,0.06517205422314912,0.78125,0.8757797198232097,0.05683003128258603,0.008342022940563087,3,1
1700,1740,0.675852405418029,0.06896551724137931,0.29775862068965525,0.09540229885057472,0.7816091954022989,0.8354669427282505,0.09540229885057472,0.0,2,2
1701,1663,0.6808024703430623,0.0757666867107637,0.3012627781118461,0.10463018641010223,0.6586826347305389,0.8399575369260872,0.06494287432351173,0.0396873120865905,2,1
1702,1698,0.7473664753123782,0.06183745583038869,0.24087161366313314,0.02120141342756184,0.888235294117647,0.8975043661673201,0.01707891637220259,0.004122497055359246,3,3
1703,1545,0.7093847802714744,0.07119741100323623,0.26640776699029134,0.02394822006472492,0.7290322580645161,0.8707216628959037,0.02394822006472492,0.0,1,1
1704,1800,0.7473260090015968,0.06999999999999998,0.2283333333333334,0.03888888888888889,0.6333333333333333,0.8951323572778517,0.03888888888888889,0.0,2,1
1705,1620,0.682555940389274,0.0685185185185185,0.28395061728395055,0.06790123456790123,0.8950617283950617,0.8500478040438361,0.05740740740740741,0.010493827160493827,2,2
1706,1840,0.7234496788768379,0.083695652173913,0.24836956521739129,0.021739130434782608,0.7608695652173914,0.889923312577041,0.020652173913043477,0.0010869565217391304,1,2
1707,1701,0.7122308831877274,0.062316284538506794,0.28159905937683716,0.06466784244562022,0.8187134502923976,0.8720341258514304,0.06466784244562022,0.0,3,2
1708,1731,0.7556051008640717,0.04217215482380132,0.2108607741190064,0.035239745811669554,0.8390804597701149,0.906741926584036,0.035239745811669554,0.0,1,3
1709,1489,0.6265045111620432,0.08529214237743452,0.3277367360644728,0.15312290127602418,0.5637583892617449,0.7963573396630834,0.0913364674278039,0.06178643384822028,2,2
1710,1944,0.7096564308739597,0.07227366255144035,0.2808641975308642,0.08693415637860083,0.7846153846153846,0.8681128011700524,0.06738683127572016,0.01954732510288066,4,4
1711,1655,0.6447072862557912,0.09667673716012082,0.316012084592145,0.12809667673716013,0.6024096385542169,0.8174577207625452,0.08761329305135952,0.0404833836858006,2,1
1712,1855,0.7282271699496853,0.0544474393530997,0.25455525606469015,0.020485175202156335,0.8709677419354839,0.8818925704296873,0.014555256064690027,0.005929919137466307,3,2
1713,1778,0.7189909037408121,0.08042744656917888,0.256636670416198,0.03374578177727784,0.7640449438202247,0.8865380384318585,0.033183352080989874,0.0005624296962879641,1,3
1714,1887,0.6802713054041742,0.08585055643879169,0.2829888712241654,0.07313195548489666,0.7037037037037037,0.8446155369746807,0.07101218865924748,0.0021197668256491787,2,2
1715,1795,0.6285289211599425,0.1158774373259053,0.33314763231197775,0.1671309192200557,0.7,0.7885765285996232,0.10696378830083565,0.06016713091922005,1,4
1716,1494,0.7384412722228004,0.06626506024096387,0.24297188755020072,0.0214190093708166,0.7,0.9004800366485368,0.01673360107095047,0.004685408299866131,1,1
1717,2003,0.7088134542191972,0.09136295556665008,0.28956565152271596,0.09435846230654019,0.7562189054726368,0.8566713368252858,0.08587119321018473,0.008487269096355467,1,1
1718,1643,0.6903305926750757,0.08277541083384055,0.2772976262933657,0.07060255629945222,0.696969696969697,0.8548228953009477,0.07060255629945222,0.0,1,1
1719,1791,0.7635813984850868,0.06197654941373537,0.23283082077051925,0.04075935231714126,0.7111111111111111,0.9048377327427363,0.015633724176437745,0.02512562814070352,3,3
1720,1831,0.7227329112381061,0.08847624249044242,0.2523211359912616,0.05570726379027854,0.7717391304347826,0.8777555656317524,0.04478427089022392,0.010922992900054615,1,1
1721,1893,0.7426342936358978,0.06444796619123083,0.2402535657686212,0.048600105652403594,0.6736842105263158,0.8949871621590696,0.048600105652403594,0.0,1,1
1722,1744,0.6327596959772502,0.09633027522935786,0.3274082568807339,0.13073394495412843,0.6171428571428571,0.7993343244516835,0.08314220183486239,0.047591743119266054,2,1
1723,1618,0.7200116297752852,0.06983930778739178,0.2521631644004944,0.042027194066749075,0.8518518518518519,0.8858646359771707,0.02533992583436341,0.01668726823238566,3,1
1724,1762,0.7625641435990627,0.057321225879682164,0.2088535754824064,0.0340522133938706,0.7231638418079096,0.9085940197558418,0.0340522133938706,0.0,1,1
1725,1641,0.6465474602882998,0.08714198659354051,0.3107861060329068,0.12614259597806216,0.509090909090909,0.8330352757523539,0.09079829372333943,0.03534430225472273,1,1
1726,1783,0.7220964468348068,0.06786315199102633,0.25070106561974204,0.044868199663488505,0.8659217877094972,0.876896832010383,0.044868199663488505,0.0,3,3
1727,1709,0.7342715379413182,0.0649502633118783,0.26214160327677,0.0310122878876536,0.7953216374269005,0.8908290618184875,0.0310122878876536,0.0,2,1
1728,1870,0.7591770508008817,0.05240641711229943,0.22834224598930483,0.0481283422459893,0.6417112299465241,0.9035190149942344,0.03529411764705882,0.012834224598930482,1,2
1729,1723,0.7177833538273402,0.06326175275681956,0.26802089378990135,0.054556006964596636,0.7514450867052023,0.8793837769263743,0.054556006964596636,0.0,1,4
1730,1762,0.744271948124667,0.07150964812712823,0.24744608399545964,0.03575482406356413,0.6949152542372882,0.8986112651247182,0.03575482406356413,0.0,2,2
1731,1671,0.7554247650398529,0.06463195691202872,0.22321962896469183,0.024536205864751647,0.6726190476190477,0.9068364284631945,0.024536205864751647,0.0,2,2
1732,1642,0.6302627521926973,0.08191230207064554,0.35566382460414125,0.17722289890377588,0.7575757575757576,0.7924654300694665,0.09926918392204628,0.0779537149817296,2,1
1733,1768,0.6457729459313308,0.08823529411764708,0.28846153846153855,0.08257918552036199,0.536723163841808,0.8170555671969432,0.032805429864253395,0.049773755656108594,2,4
1734,1857,0.739377639219845,0.05331179321486268,0.2569736133548736,0.04954227248249865,0.6182795698924731,0.8882489602865865,0.03984921917070544,0.009693053311793215,1,2
1735,1754,0.7468433205072038,0.05530216647662478,0.2457240592930445,0.036488027366020526,0.5227272727272727,0.8980597118423578,0.033637400228050174,0.0028506271379703536,1,1
1736,1649,0.7491134320749742,0.060036385688295946,0.25239539114614923,0.04002425712553062,0.8787878787878788,0.9009322966854291,0.03214069132807762,0.007883565797453002,1,1
1737,1775,0.7136369907913418,0.06478873239436622,0.28,0.07098591549295774,0.702247191011236,0.8661156669334078,0.04619718309859155,0.024788732394366197,1,2
1738,1845,0.6833676601136931,0.07208672086720874,0.2883468834688347,0.0943089430894309,0.7891891891891892,0.8508731218482246,0.044444444444444446,0.04986449864498645,2,1
1739,1773,0.7094365353487722,0.07106598984771573,0.2628313592780598,0.07388606880992668,0.6853932584269663,0.8652900471370526,0.07388606880992668,0.0,1,1
1740,1880,0.7324718563797117,0.06914893617021278,0.2595744680851063,0.05797872340425532,0.675531914893617,0.8844433597650555,0.05797872340425532,0.0,2,5
1741,1682,0.6127477042819186,0.11058263971462545,0.3418549346016647,0.20095124851367419,0.8047337278106509,0.7800795991153286,0.12663495838287753,0.07431629013079667,1,3
1742,1579,0.780591693725096,0.05953134895503487,0.20468651044965172,0.014566181127295756,0.5632911392405063,0.9258902323239714,0.009499683343888538,0.00506649778340722,2,2
1743,1810,0.6537469343431225,0.09723756906077347,0.3082872928176795,0.11878453038674033,0.5248618784530387,0.8214231227126525,0.08011049723756906,0.03867403314917127,1,3
1744,1859,0.8064836922506317,0.04410973641742871,0.19203873050026887,0.010220548682087143,0.7903225806451613,0.9358218465501442,0.010220548682087143,0.0,4,1
1745,1815,0.7178733236597332,0.06391184573002756,0.25377410468319567,0.03801652892561983,0.7692307692307693,0.8793454419237272,0.03360881542699724,0.004407713498622589,1,1
1746,2162,0.7299838535068822,0.06799259944495839,0.2704440333024978,0.0633672525439408,0.6129032258064516,0.8807133762528868,0.058279370952821465,0.005087881591119334,1,2
1747,1661,0.6880274209907655,0.07405177603853103,0.2859723058398555,0.09271523178807947,0.6826347305389222,0.8465927876654363,0.09271523178807947,0.0,1,1
1748,1675,0.7167924790937221,0.0752238805970149,0.25528358208955226,0.05791044776119403,0.7857142857142857,0.879577714339595,0.04,0.01791044776119403,2,2
1749,1734,0.7639388773757161,0.049596309111880066,0.23298731257208768,0.01730103806228374,0.6494252873563219,0.9139604399946439,0.01730103806228374,0.0,4,2
1750,1741,0.6977730794007367,0.07007466973004028,0.2682366456059736,0.05858701895462378,0.8114285714285714,0.8678980608404933,0.058012636415852956,0.0005743825387708214,2,2
1751,1966,0.6848121946404394,0.07299084435401826,0.2698372329603256,0.03967446592065107,0.700507614213198,0.8492210275185018,0.03967446592065107,0.0,3,3
1752,1885,0.7723065545892608,0.05994694960212199,0.2053050397877984,0.03395225464190981,0.6878306878306878,0.9126600082977762,0.03395225464190981,0.0,1,2
1753,1727,0.7069931802509952,0.08396062536189922,0.24724956572090329,0.04863925883034163,0.8092485549132948,0.8793777339015665,0.04748118123914302,0.0011580775911986102,2,3
1754,2063,0.6702656435502398,0.07174018419777028,0.3027629665535626,0.101308773630635,0.6763285024154589,0.8315903723074606,0.0465341735336888,0.054774600096946194,1,2
1755,1565,0.7066097418344355,0.06581469648562299,0.2684984025559108,0.06517571884984026,0.6369426751592356,0.8717204517667173,0.038338658146964855,0.0268370607028754,1,2
1756,1759,0.7392225741284819,0.04945992040932351,0.25753268902785675,0.06083001705514497,0.8295454545454546,0.8882798010831302,0.026151222285389426,0.03467879476975554,3,2
1757,1797,0.7280280189653869,0.07011686143572626,0.2505286588759045,0.036171396772398445,0.8222222222222222,0.8897854329474492,0.036171396772398445,0.0,2,1
1758,1672,0.6823544079586589,0.075956937799043,0.2894138755980862,0.08373205741626795,0.7083333333333334,0.8415683523206939,0.08373205741626795,0.0,1,4
1759,1759,0.7054161615625532,0.07333712336554854,0.2689027856736782,0.05230244457077885,0.8125,0.8671834227116254,0.03695281409891984,0.015349630471859011,3,3
1760,1577,0.6694499239318225,0.08306911857958149,0.30310716550412176,0.1109701965757768,0.7278481012658228,0.8380720543889124,0.055168040583386174,0.05580215599239061,3,2
1761,1829,0.736566377617017,0.06287588846364134,0.23575724439584472,0.018042646254784037,0.5519125683060109,0.8935450677431496,0.018042646254784037,0.0,2,1
1762,1588,0.6692144333204674,0.07619647355163728,0.3268261964735516,0.12279596977329975,0.7044025157232704,0.8348767955503579,0.06863979848866499,0.05415617128463476,3,1
1763,1690,0.6849929643675188,0.07041420118343192,0.30236686390532547,0.10532544378698225,0.7988165680473372,0.8475817278048812,0.04674556213017751,0.058579881656804736,3,3
1764,1693,0.7025178053643575,0.07974010632014172,0.255759007678677,0.05493207324276432,0.7941176470588235,0.8630572095021662,0.0318960425280567,0.02303603071470762,1,1
1765,1658,0.6393169342770003,0.08866103739445108,0.3256936067551267,0.13872135102533173,0.7951807228915663,0.8105348194587421,0.09529553679131483,0.04342581423401689,1,2
1766,1596,0.733248500015336,0.0670426065162907,0.23903508771929827,0.05701754385964912,0.70625,0.8941919686534079,0.05701754385964912,0.0,2,2
1767,1879,0.7609733522531996,0.05694518360830225,0.21128259712613096,0.021287919105907396,0.7127659574468085,0.9081516561145043,0.021287919105907396,0.0,1,3
1768,1863,0.707289654690848,0.08910359634997322,0.27976382179280723,0.06333870101986044,0.5668449197860963,0.859692654503063,0.04723564143853999,0.01610305958132045,4,3
1769,1732,0.7694116767206785,0.054272517321016206,0.2135681293302541,0.011547344110854504,0.632183908045977,0.9189991169254804,0.011547344110854504,0.0,1,4
1770,1766,0.7240777078046826,0.06342015855039637,0.25254813137032844,0.039637599093997736,0.9209039548022598,0.8855887113765922,0.01812004530011325,0.021517553793884484,3,3
1771,1682,0.6927747273368445,0.07372175980975026,0.2674197384066589,0.0356718192627824,0.7041420118343196,0.8646597388085592,0.0356718192627824,0.0,1,3
1772,1682,0.7022909734513273,0.06004756242568374,0.28947681331747926,0.07788347205707491,0.48520710059171596,0.8688306715544967,0.055291319857312726,0.022592152199762187,1,1
1773,1932,0.6946415006888028,0.09109730848861286,0.2675465838509317,0.038302277432712216,0.7938144329896907,0.8608416613289159,0.03260869565217391,0.005693581780538302,2,2
1774,1753,0.7488214210992509,0.06503137478608101,0.2298916143753565,0.011409013120365089,0.8238636363636364,0.9014044719585685,0.010838562464346835,0.0005704506560182544,1,1
1775,1549,0.6881453882595676,0.07036797934151073,0.2943834732085216,0.08263395739186571,0.7548387096774194,0.8529948316019845,0.06197546804389929,0.02065848934796643,2,2
1776,1663,0.7167058435041037,0.07516536380036087,0.22669873722188816,0.06253758268190018,0.7604790419161677,0.8781312913294916,0.058929645219482865,0.0036079374624173183,3,1
1777,1924,0.7658895089388381,0.05509355509355518,0.23388773388773387,0.02234927234927235,0.7668393782383419,0.9048762510990636,0.02234927234927235,0.0,1,1
1778,1917,0.754942344087088,0.07303077725612939,0.23161189358372453,0.01773604590505999,0.84375,0.9038348268950046,0.01773604590505999,0.0,2,4
1779,1696,0.7001633150517975,0.0625,0.28272405660377364,0.09198113207547169,0.7470588235294118,0.8673951396040598,0.05837264150943396,0.033608490566037735,4,1
1780,1630,0.7063061270030818,0.06073619631901844,0.29754601226993865,0.0950920245398773,0.8650306748466258,0.863311135612742,0.06319018404907975,0.03190184049079755,3,1
1781,1685,0.7353557533413394,0.06765578635014835,0.25400593471810096,0.02195845697329377,0.8224852071005917,0.8883335042411235,0.018397626112759646,0.0035608308605341245,4,4
1782,1951,0.7083136021821075,0.07790876473603281,0.24090210148641716,0.0584315735520246,0.6683673469387755,0.8726564154770585,0.0584315735520246,0.0,3,3
1783,1885,0.6992742556301825,0.05941644562334214,0.2923076923076924,0.09336870026525199,0.7724867724867724,0.856289829980997,0.032360742705570295,0.0610079575596817,1,2
1784,2002,0.6904269108651049,0.08841158841158842,0.2877122877122877,0.08891108891108891,0.6865671641791045,0.8478568990321839,0.07642357642357642,0.012487512487512488,3,3
1785,1972,0.7413135964234576,0.07302231237322515,0.23427991886409738,0.05628803245436106,0.7828282828282829,0.8887468096365045,0.05628803245436106,0.0,1,2
1786,1690,0.7315941671271221,0.06390532544378702,0.2580473372781066,0.03372781065088758,0.6863905325443787,0.886030132755941,0.03254437869822485,0.001183431952662722,1,1
1787,1981,0.7874732137390561,0.039878849066128264,0.22412922766279653,0.023220595658758204,0.8542713567839196,0.9239271905216483,0.02120141342756184,0.0020191822311963654,1,3
1788,1578,0.7441504085282125,0.05513307984790872,0.24271229404309258,0.031051964512040557,0.7721518987341772,0.901365402507224,0.027249683143219267,0.0038022813688212928,2,1
1789,1720,0.7131610376737648,0.06715116279069774,0.2633720930232558,0.06337209302325582,0.6627906976744186,0.8676332763270977,0.022674418604651164,0.040697674418604654,2,1
1790,1859,0.7502157299437798,0.058633674018289395,0.22700376546530393,0.02097902097902098,0.7096774193548387,0.9017393411487598,0.01237224314147391,0.008606777837547068,1,4
1791,1686,0.7518047298506475,0.05812574139976276,0.2253855278766311,0.02491103202846975,0.650887573964497,0.9047185681741298,0.022538552787663108,0.002372479240806643,2,2
1792,1925,0.6716720709035884,0.08675324675324675,0.282909090909091,0.05610389610389611,0.6683937823834197,0.8456606450921234,0.052987012987012985,0.003116883116883117,2,1
1793,1931,0.7084082574424614,0.07716209218021752,0.26514759192128434,0.06939409632314862,0.8556701030927835,0.8661262299805187,0.06939409632314862,0.0,3,3
1794,2111,0.715518612969077,0.09805779251539548,0.25675035528185697,0.05352913311226907,0.6509433962264151,0.8741716069390681,0.052581714827096164,0.0009474182851729038,3,2
1795,1953,0.7961639524556576,0.05069124423963134,0.21146953405017926,0.00972862263184844,0.8010204081632653,0.9256200950777438,0.00972862263184844,0.0,1,1
1796,1710,0.732904800517198,0.07543859649122797,0.23099415204678364,0.05263157894736842,0.7543859649122807,0.8883777115222168,0.05263157894736842,0.0,2,2
1797,1711,0.7369449763531519,0.06019871420222089,0.26008182349503217,0.029807130333138514,0.8837209302325582,0.8930878121762709,0.029807130333138514,0.0,1,3
1798,1643,0.7432757937479687,0.0620815581253804,0.23420572124163114,0.024954351795496044,0.8181818181818182,0.9000561487934288,0.023737066342057214,0.0012172854534388314,2,1
1799,1792,0.7031292292992757,0.07198660714285712,0.28342633928571426,0.0546875,0.5388888888888889,0.8596617356027914,0.04799107142857143,0.006696428571428571,1,1
1800,2013,0.7254600037062204,0.05514157973174372,0.27213114754098355,0.026825633383010434,0.801980198019802,0.880993056543191,0.026825633383010434,0.0,1,4
1801,1676,0.7743778323303241,0.044749403341288796,0.20823389021479716,0.04474940334128878,0.8214285714285714,0.916050617114176,0.04474940334128878,0.0,1,1
1802,1931,0.7122468201828577,0.06991196271361988,0.2547902641118591,0.05178663904712584,0.7319587628865979,0.8732148951605927,0.05178663904712584,0.0,1,1
1803,2101,0.7547567808850534,0.04331270823417421,0.24654926225606855,0.05711565920990005,0.5165876777251185,0.8973093038843724,0.05521180390290338,0.0019038553069966682,2,3
1804,1745,0.6433640483284334,0.08997134670487106,0.31518624641833815,0.12664756446991404,0.8057142857142857,0.8119040584477688,0.09627507163323783,0.03037249283667622,2,1
1805,1968,0.7830194874871044,0.040142276422764245,0.2054369918699187,0.009654471544715448,0.7055837563451777,0.9230314754771837,0.009654471544715448,0.0,2,1
1806,1689,0.7651360767468781,0.05328596802841923,0.20959147424511543,0.02605091770278271,0.8402366863905325,0.91679495607358,0.02605091770278271,0.0,2,2
1807,1704,0.6483480561289198,0.08685446009389675,0.32218309859154937,0.12852112676056338,0.5730994152046783,0.8184070232002304,0.07394366197183098,0.05457746478873239,1,2
1808,1672,0.7082704267093344,0.0562200956937799,0.2936602870813397,0.08492822966507177,0.7321428571428571,0.8661636952504143,0.04126794258373206,0.04366028708133971,3,3
1809,1950,0.6893649949983223,0.08307692307692305,0.29384615384615387,0.09487179487179487,0.841025641025641,0.8426400407685524,0.050256410256410255,0.04461538461538461,2,1
1810,1602,0.7659280718828508,0.05493133583021226,0.2446941323345817,0.018726591760299626,0.7453416149068323,0.9106684060880473,0.018102372034956304,0.0006242197253433209,5,1
1811,1649,0.7441568525757293,0.06185567010309278,0.24499696785930863,0.01637355973317162,0.8848484848484849,0.8972292836900393,0.01637355973317162,0.0,2,2
1812,1894,0.7306771084808109,0.05596620908130942,0.25448785638859556,0.06230200633579725,0.6947368421052632,0.8840591866792842,0.02006335797254488,0.042238648363252376,2,2
1813,1890,0.6507973524546189,0.10317460317460314,0.2941798941798942,0.09312169312169312,0.8359788359788359,0.8065605748483232,0.08994708994708994,0.0031746031746031746,1,1
1814,1723,0.7895907344243932,0.037144515380150844,0.20603598374927454,0.01567034242600116,0.838150289017341,0.9277070623360237,0.013348810214741729,0.0023215322112594312,1,2
1815,1750,0.7292425476930643,0.06171428571428572,0.2635428571428573,0.04,0.76,0.8896809391972968,0.03371428571428572,0.006285714285714286,3,3
1816,1765,0.7041301124944872,0.059490084985835745,0.2957507082152975,0.09235127478753541,0.8192090395480226,0.8653095827908464,0.06515580736543909,0.027195467422096317,1,2
1817,1802,0.6476766057167526,0.09933407325194227,0.326803551609323,0.16648168701442842,0.7182320441988951,0.817407403112545,0.097669256381798,0.06881243063263041,2,2
1818,1729,0.651673257495253,0.09600925390399076,0.27703875072296125,0.06015037593984962,0.7456647398843931,0.8323168665607443,0.019664545980335454,0.04048582995951417,5,4
1819,1736,0.7480860272512234,0.07546082949308758,0.22638248847926268,0.02534562211981567,0.8448275862068966,0.9018875249923167,0.024193548387096774,0.001152073732718894,3,3
1820,1688,0.6699044824427524,0.11167061611374407,0.26972748815165876,0.046800947867298576,0.591715976331361,0.8438785813108025,0.03495260663507109,0.011848341232227487,2,2
1821,1777,0.7403847068469904,0.06359032076533483,0.23353967360720307,0.04783342712436691,0.7359550561797753,0.8989420869537725,0.03995498030388295,0.007878446820483961,3,2
1822,1861,0.739470805494076,0.0574959699086513,0.21762493283181084,0.04782375067168189,0.6256684491978609,0.8903332884423288,0.04782375067168189,0.0,2,3
1823,1665,0.7118242618326435,0.07087087087087085,0.29009009009009,0.08168168168168168,0.7005988023952096,0.8674888977630342,0.04384384384384384,0.03783783783783784,3,1
1824,1686,0.6420719458119922,0.0815539739027284,0.32680901542111507,0.1239620403321471,0.6863905325443787,0.814655692113278,0.08066429418742586,0.04329774614472123,2,1
1825,1758,0.6537520534286911,0.08077360637087605,0.3009101251422071,0.10238907849829351,0.7272727272727273,0.8114077576999199,0.09215017064846416,0.010238907849829351,1,1
1826,1926,0.7020414443157801,0.0776220145379024,0.24402907580477673,0.0628245067497404,0.7979274611398963,0.8560797543007379,0.0628245067497404,0.0,4,2
1827,1949,0.7468556659176012,0.05233453052847614,0.2539763981528989,0.064648537711647,0.7589743589743589,0.8952632657937739,0.04002052334530529,0.024628014366341714,1,2
1828,1716,0.6497935268578331,0.07925407925407923,0.3391608391608391,0.17191142191142192,0.5290697674418605,0.818388033714617,0.10722610722610723,0.06468531468531469,1,1
1829,1457,0.6902658877463549,0.08373369938229236,0.2656142759094029,0.06588881262868909,0.8904109589041096,0.8568171834263003,0.06177076183939602,0.004118050789293068,2,2
1830,1668,0.7075985505180732,0.07733812949640287,0.2601918465227817,0.0539568345323741,0.6526946107784432,0.8688612614928752,0.0539568345323741,0.0,2,1
1831,1869,0.7287353607018723,0.06955591225254149,0.23434991974317815,0.034777956126270736,0.44919786096256686,0.8863538712005613,0.03263777421080792,0.002140181915462814,1,1
1832,1708,0.6838265833968932,0.08050351288056207,0.3011124121779859,0.10245901639344263,0.6198830409356725,0.845167404879823,0.06674473067915691,0.03571428571428571,2,2
1833,1675,0.6579516591209893,0.07701492537313426,0.29170149253731353,0.09014925373134329,0.7857142857142857,0.8260954737243628,0.04477611940298507,0.04537313432835821,4,1
1834,1686,0.707386509777061,0.07799525504151833,0.2645314353499407,0.04863582443653618,0.9230769230769231,0.8700875127517663,0.029062870699881376,0.019572953736654804,1,1
1835,1850,0.7467995691609579,0.0637837837837838,0.24486486486486492,0.01891891891891892,0.7567567567567568,0.8966579154382511,0.00972972972972973,0.009189189189189189,2,2
1836,1836,0.7202245181575821,0.07135076252723316,0.2728758169934641,0.06209150326797386,0.782608695652174,0.87027209257689,0.06209150326797386,0.0,1,1
1837,1554,0.6531989352780793,0.07303732303732303,0.31879021879021885,0.1377091377091377,0.8717948717948718,0.8226580871079355,0.08687258687258688,0.05083655083655084,2,2
1838,1765,0.7771071093849437,0.05552407932011327,0.2113314447592068,0.018130311614730877,0.7740112994350282,0.9189251313557497,0.014730878186968839,0.0033994334277620396,1,2
1839,1637,0.7893617768899344,0.05497861942577886,0.2009773976786805,0.014660965180207697,0.7621951219512195,0.9287726686546246,0.014660965180207697,0.0,1,2
1840,1977,0.7585991564899202,0.05462822458270106,0.2266059686393526,0.058168942842690946,0.7272727272727273,0.9022100623239295,0.05614567526555387,0.0020232675771370764,3,1
1841,1813,0.784810620375224,0.05460562603419747,0.1787093215664644,0.00827357970215113,0.7692307692307693,0.9290433621642538,0.00827357970215113,0.0,2,1
1842,1846,0.8050178630093192,0.05037919826652221,0.15601300108342364,0.021668472372697724,0.7783783783783784,0.9408587631353804,0.021668472372697724,0.0,2,2
1843,1859,0.7123007665166079,0.07477138246369014,0.2637977407208177,0.038730500268961805,0.6182795698924731,0.8706148128692445,0.038730500268961805,0.0,1,2
1844,1860,0.7417976774919551,0.06908602150537635,0.23817204301075268,0.015591397849462365,0.7741935483870968,0.8980795322066322,0.013978494623655914,0.0016129032258064516,1,3
1845,1579,0.7251599177955846,0.06269791006966435,0.24686510449651686,0.013299556681443952,0.7278481012658228,0.8895958138470017,0.013299556681443952,0.0,2,1
1846,1775,0.6177540055280228,0.09802816901408451,0.3374647887323944,0.14535211267605633,0.6067415730337079,0.7920014294637872,0.07549295774647888,0.06985915492957746,3,2
1847,1614,0.6851269984081944,0.08240396530359351,0.288723667905824,0.09169764560099132,0.7222222222222222,0.8581147426465862,0.05885997521685254,0.03283767038413878,1,1
1848,1722,0.6864628065904882,0.07636469221835078,0.27990708478513354,0.07665505226480836,0.7398843930635838,0.8498745579699202,0.04529616724738676,0.0313588850174216,1,1
1849,1684,0.7212612850575705,0.07600950118764843,0.26941805225653215,0.05463182897862233,0.7396449704142012,0.8788484169195159,0.054038004750593824,0.0005938242280285036,2,2
1850,1540,0.6584285343783978,0.0957792207792208,0.3150000000000001,0.12272727272727273,0.461038961038961,0.836620158117303,0.07142857142857142,0.0512987012987013,1,3
1851,1911,0.7492156546665395,0.060701203558346406,0.24018838304552592,0.03976975405546834,0.84375,0.8986307567834521,0.029304029304029304,0.010465724751439037,2,2
1852,1826,0.7731127565214466,0.053121577217962845,0.20262869660460026,0.01533406352683461,0.7759562841530054,0.9189537807114487,0.01533406352683461,0.0,1,3
1853,1925,0.730665609029398,0.06025974025974029,0.2623376623376623,0.027012987012987013,0.8393782383419689,0.8831895495350397,0.027012987012987013,0.0,2,1
1854,1645,0.6983708328582029,0.060182370820668685,0.29641337386018246,0.09604863221884498,0.7151515151515152,0.8561185434920843,0.038905775075987845,0.05714285714285714,1,3
1855,1721,0.7279114184305068,0.06449738524113888,0.24636839047065662,0.04357931435212086,0.7861271676300579,0.8884196062711007,0.029633933759442184,0.013945380592678676,2,3
1856,1675,0.7306119884896564,0.0674626865671642,0.2624477611940299,0.029850746268656716,0.8095238095238095,0.8897607779391539,0.020298507462686566,0.00955223880597015,1,2
1857,1845,0.732081850020856,0.07804878048780495,0.22059620596205964,0.03956639566395664,0.8324324324324325,0.889055716375941,0.03956639566395664,0.0,2,2
1858,1737,0.7557065834316903,0.05814622913068501,0.21934369602763382,0.051237766263673,0.6149425287356322,0.9063773439571214,0.03511801957397812,0.016119746689694875,1,2
1859,1861,0.7678749357370335,0.0720042987641053,0.2208490059108007,0.015045674368619023,0.7486631016042781,0.9107896977484369,0.015045674368619023,0.0,1,1
1860,1701,0.6369037194050224,0.09347442680776008,0.3345091122868901,0.14814814814814814,0.8128654970760234,0.8074319074382282,0.053497942386831275,0.09465020576131687,1,1
1861,1830,0.7331579721742749,0.060655737704918056,0.25360655737704924,0.054098360655737705,0.6666666666666666,0.8837631022073976,0.053551912568306013,0.000546448087431694,2,2
1862,1672,0.799940246451148,0.058014354066985636,0.1710526315789474,0.006578947368421052,0.6904761904761905,0.9367225011123254,0.006578947368421052,0.0,2,1
1863,1689,0.6949917255450714,0.06335109532267613,0.275902901124926,0.0497335701598579,0.6153846153846154,0.852991290360208,0.0497335701598579,0.0,1,2
1864,1467,0.7089538413702641,0.07975460122699385,0.27266530334015027,0.06680299931833675,0.7346938775510204,0.8708893182626228,0.049079754601226995,0.01772324471710975,1,2
1865,1599,0.7083855926460668,0.06441525953721072,0.28642901813633526,0.08755472170106317,0.6375,0.8712906793090012,0.050031269543464665,0.0375234521575985,3,3
1866,1959,0.777347884081084,0.055130168453292494,0.21623277182235845,0.02450229709035222,0.7295918367346939,0.9181269958241992,0.02450229709035222,0.0,5,5
1867,1620,0.7245707840921319,0.060493827160493785,0.26543209876543206,0.033950617283950615,0.7345679012345679,0.8870613125085188,0.033950617283950615,0.0,2,3
1868,1855,0.7464648727924552,0.060377358490566024,0.2264150943396226,0.022641509433962263,0.5591397849462365,0.9016607517755661,0.016172506738544475,0.00646900269541779,3,2
1869,1819,0.6844425128866916,0.07916437603078619,0.2982957669048929,0.09840571742715779,0.6758241758241759,0.853086810732547,0.07641561297416163,0.02199010445299615,2,2
1870,1880,0.7338664261441344,0.06968085106382982,0.24414893617021283,0.04680851063829787,0.6329787234042553,0.8914281062480391,0.04680851063829787,0.0,3,2
1871,1803,0.79613359797649,0.04658901830282863,0.18668885191347748,0.016638935108153077,0.7403314917127072,0.9334023050123597,0.014420410427066,0.0022185246810870773,1,1
1872,1749,0.6535028342944719,0.08004574042309887,0.32361349342481427,0.1234991423670669,0.7485714285714286,0.8110668149709246,0.12006861063464837,0.003430531732418525,2,2
1873,1860,0.6335351884244536,0.11397849462365592,0.3193548387096774,0.19032258064516128,0.6397849462365591,0.7941366763961065,0.0935483870967742,0.0967741935483871,1,3
1874,1893,0.7935552748370654,0.03909138932910727,0.2038034865293185,0.012150026413100899,0.8842105263157894,0.9287338357699303,0.010036978341257264,0.0021130480718436345,1,2
1875,1649,0.6566833276618186,0.10187992722862338,0.29205579138872056,0.08489993935718618,0.6606060606060606,0.8284919848519547,0.061249241964827165,0.023650697392359005,2,1
1876,1858,0.7642918311506568,0.06889128094725505,0.21689989235737353,0.011840688912809472,0.7150537634408602,0.913168403654556,0.011840688912809472,0.0,1,1
1877,1608,0.6618492565532295,0.08457711442786067,0.29850746268656714,0.09577114427860696,0.7018633540372671,0.832934652106628,0.07960199004975124,0.01616915422885572,3,3
1878,1980,0.7532952827764612,0.05252525252525253,0.23888888888888893,0.026262626262626262,0.8484848484848485,0.9036946257059221,0.026262626262626262,0.0,3,3
1879,1698,0.7364210105074769,0.059481743227326356,0.23792697290930498,0.0447585394581861,0.7235294117647059,0.8968684996578382,0.030035335689045935,0.014723203769140165,3,1
1880,1766,0.7797692811251093,0.04983012457531144,0.19394110985277463,0.010758776896942242,0.711864406779661,0.9221344142461871,0.010758776896942242,0.0,2,2
1881,1987,0.6885669454952584,0.07649723200805236,0.27750377453447433,0.08958228485153498,0.7537688442211056,0.8422690112367339,0.08958228485153498,0.0,4,1
1882,1768,0.7216977777265186,0.07579185520361986,0.250735294117647,0.06165158371040724,0.6779661016949152,0.8754274505778675,0.06165158371040724,0.0,4,2
1883,1490,0.7047686606631974,0.07348993288590602,0.27469798657718153,0.05436241610738255,0.825503355704698,0.8684255270284992,0.030201342281879196,0.024161073825503355,1,1
1884,1808,0.7231581489367701,0.06028761061946905,0.2184734513274336,0.05752212389380531,0.5911602209944752,0.8796340063652472,0.05752212389380531,0.0,3,3
1885,1973,0.7698242350282858,0.051191079574252396,0.23061327927014696,0.015712113532691332,0.6666666666666666,0.911011803472841,0.015712113532691332,0.0,2,1
1886,1530,0.6900438278989135,0.06732026143790848,0.2928758169934642,0.08954248366013072,0.7124183006535948,0.8543137386764247,0.045098039215686274,0.044444444444444446,2,2
1887,1584,0.6724432881799451,0.08459595959595967,0.3049242424242424,0.11300505050505051,0.710691823899371,0.8366687494350523,0.06313131313131314,0.049873737373737376,1,3
1888,1893,0.7189614436340308,0.05705229793977812,0.27680929741151605,0.0491283676703645,0.6368421052631579,0.8752667556511349,0.0491283676703645,0.0,2,3
1889,1694,0.7119903502569147,0.07054309327036597,0.27804014167650526,0.05489964580873672,0.7823529411764706,0.8699296919936088,0.05489964580873672,0.0,1,1
1890,1887,0.7643400076033139,0.056703762586115536,0.22204557498675148,0.02278749337572867,0.7195767195767195,0.9140024732463908,0.018547959724430314,0.0042395336512983575,1,2
1891,1985,0.6181234380115543,0.09974811083123425,0.3506297229219143,0.21309823677581863,0.6231155778894473,0.7776121041861063,0.11889168765743073,0.09420654911838791,2,1
1892,1820,0.793336054298369,0.03736263736263734,0.21763736263736272,0.013186813186813187,0.9010989010989011,0.9248018859679737,0.013186813186813187,0.0,2,2
1893,1537,0.7416800331823219,0.05790500975927132,0.24528301886792453,0.05530253741054001,0.8051948051948052,0.8933008298317106,0.04619388418998048,0.009108653220559532,5,1
1894,1652,0.7895143321746217,0.055084745762711884,0.1797820823244552,0.006658595641646489,0.6144578313253012,0.9289880131855436,0.006658595641646489,0.0,4,4
1895,1631,0.6888986972607526,0.07909258123850399,0.2814224402207235,0.03862660944206009,0.6097560975609756,0.8587315839939048,0.023911710606989576,0.014714898835070508,1,3
1896,1627,0.7591362754908179,0.04978488014751076,0.24031960663798405,0.015365703749231715,0.8466257668711656,0.9040867618773265,0.015365703749231715,0.0,7,7
1897,1783,0.7334629626945937,0.05103757711721818,0.25350532809871007,0.06449803701626472,0.88268156424581,0.8848198742119381,0.04206393718452047,0.022434099831744252,2,2
1898,1795,0.724556644796217,0.06685236768802227,0.2618384401114206,0.017827298050139277,0.6666666666666666,0.8788325106935575,0.015598885793871866,0.0022284122562674096,2,4
1899,1971,0.734313138640595,0.06900050735667174,0.252156265854896,0.0350076103500761,0.7373737373737373,0.8845824857578131,0.0350076103500761,0.0,3,3
1900,1931,0.7211902661476024,0.06266183324702235,0.2739513205592957,0.0523045054375971,0.7371134020618557,0.8745797090921639,0.02641118591403418,0.02589331952356292,1,1
1901,1557,0.726468087778335,0.05587668593448947,0.26140012845215155,0.03917790622992935,0.6987179487179487,0.8858562571405494,0.036608863198458574,0.002569043031470777,1,2
1902,1830,0.7164016153006326,0.06721311475409841,0.26448087431693984,0.059562841530054644,0.5081967213114754,0.8702723567015487,0.059562841530054644,0.0,2,2
1903,2092,0.7548232272732056,0.07074569789674956,0.23470363288718932,0.022466539196940728,0.7904761904761904,0.9033009266919699,0.022466539196940728,0.0,3,4
1904,1873,0.814941906928839,0.03310197544046978,0.19273892151628402,0.007474639615589963,0.8191489361702128,0.9369858717113912,0.005339028296849973,0.002135611318739989,2,2
1905,1850,0.7670632816879486,0.05999999999999997,0.2260000000000001,0.02108108108108108,0.8162162162162162,0.9126970911119636,0.02108108108108108,0.0,1,3
1906,1808,0.7521118407065223,0.0564159292035398,0.23893805309734517,0.0459070796460177,0.6961325966850829,0.9012881923850735,0.03650442477876106,0.009402654867256638,2,2
1907,1505,0.7553207669969191,0.05581395348837209,0.22299003322259145,0.0106312292358804,0.8079470198675497,0.9105639490470486,0.0106312292358804,0.0,2,2
1908,1758,0.69952960373051,0.07565415244596135,0.29254835039817967,0.08475540386803185,0.8068181818181818,0.859330190559611,0.08418657565415244,0.0005688282138794084,1,1
1909,1661,0.6689815386179011,0.08549066827212522,0.2805538832028898,0.0806742925948224,0.718562874251497,0.8344020109891073,0.0806742925948224,0.0,2,2
1910,2017,0.7315258181760905,0.06841844323252355,0.26445215666831934,0.02330193356470005,0.5693069306930693,0.8849371752603951,0.022806147744174516,0.0004957858205255329,2,4
1911,1425,0.689020203614553,0.07298245614035087,0.29178947368421077,0.08842105263157894,0.7762237762237763,0.8533190965002888,0.04421052631578947,0.04421052631578947,2,1
1912,1722,0.7158758379559953,0.06445993031358888,0.2584204413472706,0.0429732868757259,0.8034682080924855,0.8706132627267834,0.010452961672473868,0.032520325203252036,1,2
1913,1543,0.7808106666128085,0.044718081659105624,0.20311082307193767,0.01814646791963707,0.8193548387096774,0.9231907973977805,0.015554115359688918,0.002592352559948153,1,3
1914,1950,0.7668415609472516,0.05076923076923076,0.22923076923076918,0.011282051282051283,0.8974358974358975,0.9115597595169205,0.011282051282051283,0.0,3,3
1915,1631,0.7432589434625437,0.06376456161863886,0.2360515021459227,0.022072348252605765,0.774390243902439,0.9026834224080084,0.017167381974248927,0.004904966278356836,3,2
1916,1669,0.6826624106609205,0.07189934092270822,0.3067705212702217,0.10844817255841821,0.8562874251497006,0.8441525484529919,0.07429598562013182,0.0341521869382864,1,3
1917,1649,0.7230868518746358,0.06973923590054587,0.2674348089751364,0.04002425712553062,0.7393939393939394,0.8787910312377545,0.025469981807155852,0.014554275318374773,2,1
1918,1789,0.7723032692407625,0.0642817216321967,0.21967579653437674,0.043040804918949134,0.6201117318435754,0.9097410114073969,0.043040804918949134,0.0,3,1
1919,1731,0.7573791310334227,0.06874638937030618,0.21259387637203928,0.014442518775274409,0.8103448275862069,0.9109041658985585,0.014442518775274409,0.0,2,3
1920,1813,0.7813270777479894,0.05129619415333703,0.19746276889134035,0.026475455046883617,0.8461538461538461,0.9203542048312874,0.026475455046883617,0.0,3,1
1921,1903,0.7287740295960689,0.06621124540199685,0.2543352601156069,0.04676826064109301,0.6910994764397905,0.8814413917477634,0.04676826064109301,0.0,4,2
1922,2003,0.7356330101565565,0.06490264603095357,0.2615077383924114,0.05142286570144783,0.6467661691542289,0.8882639758949458,0.050424363454817774,0.000998502246630055,1,3
1923,1860,0.7384385860399845,0.07311827956989247,0.23817204301075268,0.037096774193548385,0.8548387096774194,0.8930470073826751,0.03064516129032258,0.0064516129032258064,1,2
1924,1887,0.6844996135338531,0.08797032326444088,0.29856915739268686,0.08744038155802862,0.656084656084656,0.8343882472628373,0.06518282988871224,0.022257551669316374,2,4
1925,1742,0.7145442497267558,0.08783008036739381,0.2731917336394949,0.0677382319173364,0.6742857142857143,0.8732432602608455,0.06027554535017222,0.007462686567164179,1,2
1926,1605,0.7550512334674004,0.0691588785046729,0.19750778816199377,0.024299065420560748,0.6335403726708074,0.9150735163333198,0.024299065420560748,0.0,1,2
1927,1702,0.6999063201086825,0.06521739130434781,0.2796709753231493,0.06580493537015276,0.7543859649122807,0.8622156366740955,0.045828437132784956,0.0199764982373678,1,1
1928,1978,0.7355119607134557,0.0722952477249747,0.24721941354903942,0.033367037411526794,0.6060606060606061,0.8936719820963835,0.02578361981799798,0.007583417593528817,2,1
1929,1879,0.7443768441806988,0.057477381585950005,0.26130920702501326,0.023416711016498136,0.75,0.8914670621578187,0.021287919105907396,0.0021287919105907396,3,1
1930,1800,0.740359307501164,0.04888888888888887,0.2844444444444444,0.05722222222222222,0.8055555555555556,0.884016913096379,0.05333333333333334,0.0038888888888888888,2,1
1931,2050,0.6933330918960955,0.07414634146341459,0.2868292682926829,0.05024390243902439,0.7951219512195122,0.8527481659182167,0.04926829268292683,0.000975609756097561,3,3
1932,1916,0.7040648667991873,0.08194154488517746,0.2776617954070981,0.06889352818371608,0.703125,0.8665141748908931,0.0511482254697286,0.017745302713987474,1,2
1933,1738,0.7019257031786567,0.06070195627157654,0.29804372842347526,0.09838895281933256,0.9310344827586207,0.8610451579742799,0.06041426927502877,0.0379746835443038,1,1
1934,1605,0.6336645827501477,0.08037383177570095,0.3361993769470406,0.1426791277258567,0.7329192546583851,0.8080032326882823,0.08411214953271028,0.058566978193146414,1,2
1935,1972,0.750665854232649,0.05223123732251522,0.24847870182555787,0.02281947261663286,0.4696969696969697,0.8875377401250343,0.02079107505070994,0.002028397565922921,1,3
1936,1628,0.6900391203661714,0.07647420147420148,0.29238329238329236,0.08169533169533169,0.6871165644171779,0.8487530521745329,0.07063882063882064,0.011056511056511056,2,2
1937,1852,0.6479733863924035,0.09449244060475165,0.31306695464362855,0.13606911447084233,0.7956989247311828,0.821032006893594,0.07991360691144708,0.056155507559395246,2,3
1938,1943,0.7712320031577038,0.04683479155944417,0.2253216675244467,0.013381369016984045,0.7487179487179487,0.9162896186465146,0.013381369016984045,0.0,3,1
1939,2007,0.6867324102454995,0.09466865969108124,0.2785251619332336,0.05530642750373692,0.6567164179104478,0.8484077468386076,0.05530642750373692,0.0,2,1
1940,1821,0.7792567553690793,0.037891268533772615,0.20538165842943434,0.010982976386600769,0.7540983606557377,0.9248244525741585,0.006589785831960461,0.004393190554640308,4,1
1941,1682,0.7464245770510369,0.0636147443519619,0.24137931034482757,0.02437574316290131,0.6982248520710059,0.899387338332258,0.022592152199762187,0.0017835909631391202,1,1
1942,1705,0.7894096475853478,0.06099706744868033,0.1958944281524927,0.011730205278592375,0.8245614035087719,0.928727824314307,0.011730205278592375,0.0,1,1
1943,1801,0.7516327198414511,0.049972237645752426,0.24708495280399778,0.03609106052193226,0.7016574585635359,0.9003840702119704,0.03609106052193226,0.0,3,2
1944,1651,0.7225238779862636,0.08540278619018776,0.2325863113264688,0.012719563900666263,0.7108433734939759,0.8931657437448395,0.009085402786190187,0.0036341611144760752,1,4
1945,1863,0.7149720847699699,0.0665593129361246,0.2657004830917874,0.03274288781535158,0.8823529411764706,0.8765950798341386,0.027911969940955447,0.004830917874396135,1,1
1946,1679,0.7349449977939437,0.06372840976771887,0.23883263847528302,0.016081000595592615,0.8809523809523809,0.897012725397744,0.011911852293031567,0.004169148302561048,1,2
1947,1702,0.6720407872514942,0.07520564042303171,0.32902467685076386,0.12338425381903642,0.8421052631578947,0.8344620986460077,0.08049353701527615,0.04289071680376028,3,3
1948,1785,0.7549379041853314,0.06162464985994397,0.21344537815126047,0.02969187675070028,0.7932960893854749,0.9084395826630471,0.021288515406162466,0.008403361344537815,3,3
1949,1614,0.7462885561122335,0.0613382899628252,0.23605947955390333,0.0322180916976456,0.7592592592592593,0.8997191177104669,0.020446096654275093,0.011771995043370507,1,2
1950,1809,0.6658088563712299,0.08347153123272522,0.2830292979546711,0.08512990602542841,0.6685082872928176,0.8434485622735837,0.04588170259812051,0.03924820342730791,3,2
1951,1814,0.7053699902855182,0.06725468577728777,0.2666482910694598,0.06725468577728776,0.31868131868131866,0.8610622729812758,0.06504961411245866,0.002205071664829107,2,1
1952,1645,0.7108855551630912,0.07659574468085106,0.25045592705167175,0.05592705167173252,0.6848484848484848,0.8736715111451248,0.05592705167173252,0.0,2,1
1953,1703,0.7519279309142264,0.06283029947152086,0.21608925425719316,0.022313564298297124,0.5614035087719298,0.9089005095395708,0.022313564298297124,0.0,1,2
1954,1770,0.7464574821148231,0.04915254237288136,0.2481355932203392,0.025423728813559324,0.8757062146892656,0.8994478267359309,0.01751412429378531,0.007909604519774011,2,1
1955,1518,0.7254250669968542,0.06982872200263501,0.23056653491436097,0.04940711462450593,0.7960526315789473,0.8848022347382067,0.04940711462450593,0.0,2,1
1956,1780,0.7515877626437868,0.06264044943820224,0.2353932584269663,0.026404494382022473,0.7134831460674157,0.9036041437510048,0.026404494382022473,0.0,4,2
1957,1920,0.7533970011854869,0.06770833333333333,0.23177083333333337,0.030729166666666665,0.8020833333333334,0.9038705688166617,0.0265625,0.004166666666666667,2,1
1958,1731,0.640664624861804,0.09127671865973425,0.32120161756210286,0.13518197573656845,0.603448275862069,0.80959102344564,0.09185441941074524,0.043327556325823226,1,3
1959,1839,0.7200997351488242,0.06797172376291466,0.234910277324633,0.048939641109298535,0.7989130434782609,0.8795098755989155,0.048939641109298535,0.0,3,3
1960,1543,0.6944127900028446,0.08165910563836687,0.28580686973428393,0.08036292935839275,0.864516129032258,0.8561288840409819,0.057679844458846406,0.02268308489954634,1,2
1961,1993,0.7873648011536967,0.058705469141997035,0.19116909182137476,0.019568489713998997,0.49,0.9278096748601777,0.015554440541896638,0.004014049172102358,1,3
1962,1806,0.6906491392416727,0.07032115171650055,0.27380952380952384,0.07198228128460686,0.6464088397790055,0.8443615117174774,0.06312292358803986,0.008859357696566999,1,1
1963,1645,0.7031628981748553,0.06686930091185406,0.28510638297872337,0.0486322188449848,0.7636363636363637,0.8642690264860344,0.041945288753799395,0.006686930091185411,1,3
1964,1616,0.7135001986248108,0.07178217821782179,0.27351485148514854,0.06806930693069307,0.8765432098765432,0.8717013416562477,0.03403465346534654,0.03403465346534654,1,1
1965,1771,0.7710756593566579,0.04517221908526259,0.21908526256352345,0.015810276679841896,0.7921348314606742,0.9192547831294859,0.015810276679841896,0.0,3,2
1966,1845,0.7109165050667956,0.0829268292682927,0.2731707317073171,0.05420054200542006,0.6972972972972973,0.8763047473482201,0.03902439024390244,0.015176151761517615,1,2
1967,2028,0.6954747899098288,0.08925049309664693,0.28747534516765283,0.08530571992110454,0.8226600985221675,0.8543416038036202,0.0655818540433925,0.01972386587771203,4,5
1968,2055,0.7466467534179851,0.07347931873479319,0.22267639902676406,0.030656934306569343,0.4223300970873786,0.9020137066324151,0.03017031630170316,0.00048661800486618007,4,1
1969,1873,0.7411910838533126,0.06353443673251469,0.2428190069407368,0.02562733582487987,0.8138297872340425,0.8962085468930784,0.025093432995194873,0.0005339028296849973,2,3
1970,1673,0.7651801930092469,0.059175134488942016,0.2231918708906156,0.008965929468021518,0.7916666666666666,0.9149970624949482,0.008965929468021518,0.0,1,1
1971,1912,0.7707998229336046,0.05073221757322177,0.22332635983263593,0.043933054393305436,0.65625,0.9056272296661839,0.043933054393305436,0.0,2,3
1972,1907,0.6615761197055171,0.10330361824855794,0.31976927110645026,0.13109596224436287,0.7486910994764397,0.8228813627913104,0.09071840587309911,0.040377556371263765,1,3
1973,1819,0.6802684984529024,0.07421660252886209,0.3001649257833975,0.1011544804837823,0.8131868131868132,0.8450951203542946,0.05112699285321605,0.05002748763056625,2,1
1974,1705,0.7122569791529605,0.07272727272727274,0.2545454545454546,0.020527859237536656,0.7192982456140351,0.8828471514796636,0.020527859237536656,0.0,1,1
1975,1627,0.7192575686948731,0.07928703134603565,0.23822987092808873,0.03995082974800246,0.5828220858895705,0.8814265379178099,0.03995082974800246,0.0,3,1
1976,1631,0.6918559963021153,0.09564684242795832,0.2532188841201717,0.056407112201103615,0.6707317073170732,0.8641639227506733,0.045370938074800735,0.011036174126302882,2,5
1977,1614,0.6199627841171222,0.10656753407682773,0.32881040892193314,0.1926889714993804,0.808641975308642,0.7833531938432994,0.0885997521685254,0.10408921933085502,2,1
1978,1822,0.7300231512479839,0.05268935236004392,0.27277716794731055,0.042810098792535674,0.8743169398907104,0.8841631421500932,0.031833150384193196,0.010976948408342482,2,2
1979,1783,0.6893376631395631,0.07234997195737525,0.2899607403252944,0.06618059450364554,0.8715083798882681,0.8565175368462096,0.054963544587773416,0.011217049915872126,1,2
1980,1564,0.6898876183675676,0.07352941176470595,0.27621483375959077,0.08184143222506395,0.6815286624203821,0.8621109128384981,0.06713554987212277,0.014705882352941176,1,3
1981,2081,0.7397343696029232,0.05814512253724169,0.252763094666026,0.035559827006247,0.6555023923444976,0.8897480444737913,0.035079288803459875,0.0004805382027871216,1,3
1982,1782,0.6885247969325462,0.07463524130190792,0.2940516273849607,0.08529741863075196,0.5754189944134078,0.8558287524104389,0.04994388327721661,0.03535353535353535,2,2
1983,1458,0.6974094690193758,0.10013717421124829,0.24711934156378595,0.0438957475994513,0.7397260273972602,0.8682957853309414,0.03017832647462277,0.013717421124828532,2,2
1984,1819,0.7047328944668815,0.06706981858163827,0.27982407916437607,0.058823529411764705,0.7747252747252747,0.8693918929521146,0.03903243540406817,0.019791094007696537,1,2
1985,1865,0.7403409493309011,0.05737265415549597,0.268632707774799,0.04932975871313673,0.7379679144385026,0.8913726606281576,0.03324396782841823,0.0160857908847185,2,1
1986,2076,0.6670942420417321,0.0809248554913295,0.2991329479768786,0.1001926782273603,0.7403846153846154,0.828047601704474,0.06454720616570328,0.03564547206165703,1,3
1987,1645,0.6319104755505366,0.10030395136778114,0.33738601823708203,0.1513677811550152,0.7818181818181819,0.8009736438310192,0.07781155015197569,0.07355623100303951,1,1
1988,1602,0.699477093576836,0.08676654182272159,0.26404494382022475,0.07053682896379526,0.45962732919254656,0.8593563753134158,0.04681647940074907,0.02372034956304619,1,3
1989,1592,0.6278743672677032,0.11055276381909551,0.34233668341708545,0.15829145728643215,0.7,0.7977929292403416,0.0829145728643216,0.07537688442211055,3,1
1990,1481,0.6630992298064009,0.10128291694800817,0.31735313977042545,0.11816340310600945,0.6375838926174496,0.8225758163274307,0.08507765023632681,0.03308575286968265,1,3
1991,1685,0.6954075905390253,0.07359050445103854,0.286646884272997,0.05637982195845697,0.6923076923076923,0.8607491747376104,0.050445103857566766,0.005934718100890208,2,1
1992,1886,0.7667301172521767,0.07794273594909862,0.20148462354188756,0.024390243902439025,0.6931216931216931,0.9103583392007492,0.02332979851537646,0.0010604453870625664,1,1
1993,1794,0.6648358316710596,0.11705685618729098,0.31716833890746937,0.11705685618729098,0.7888888888888889,0.8341890665814913,0.07971014492753623,0.037346711259754736,2,2
1994,1978,0.7503599431051894,0.0609201213346815,0.24853387259858445,0.03185035389282103,0.702020202020202,0.8989466510239372,0.029828109201213347,0.0020222446916076846,1,1
1995,1639,0.7111400982829204,0.056131787675411826,0.2757779133618059,0.05613178767541183,0.8719512195121951,0.8653468348336519,0.037827943868212324,0.018303843807199512,2,1
1996,1791,0.7183738090702708,0.06923506420993863,0.22724734785036294,0.04355108877721943,0.8277777777777777,0.8693030564326555,0.04355108877721943,0.0,2,2
1997,1573,0.6553272335897299,0.09027336300063571,0.2987921169739351,0.09980928162746344,0.7658227848101266,0.822405762500026,0.04831532104259377,0.05149396058486968,1,2
1998,1856,0.6666027114678647,0.08081896551724138,0.30226293103448276,0.10560344827586207,0.6290322580645161,0.830746178157256,0.07974137931034483,0.02586206896551724,2,1
1999,1771,0.726515204741861,0.05759457933370982,0.2732919254658385,0.044042913608131,0.6067415730337079,0.8748572851297914,0.043478260869565216,0.000564652738565782,2,2
