original_episode_id,decision_node_id,technical_node_id,stage,m,view_count,robust_high_consequence
sha256:00b05b273658f3332865de1e9796d851ca6a2919bb7e4b04ee3e58f06dfe56c6,sha256:edfdf585c6afb6dc8894af29de5681887c288f1d2cf8a178c623dd55078b015f,sha256:edfdf585c6afb6dc8894af29de5681887c288f1d2cf8a178c623dd55078b015f,POST_IB_PRE_OB,3,0,False
sha256:00e8e773cd283d939ca84156277aff75b1c9ef7a14cb2e3f5e073116f61ab1cf,sha256:1d3c7da17e5875f62cb5d8a0dfa06c0ccf049ac6bad37f7e430ae3c81b0358fe,sha256:1d3c7da17e5875f62cb5d8a0dfa06c0ccf049ac6bad37f7e430ae3c81b0358fe,POST_IB_PRE_OB,3,0,False
sha256:02b711e90d440bcac9e7f163616a5b76929dfbad5f6bb2c0335c5bf85959ad65,sha256:53a1308c333c44d8f8a523127b010c5071e6ba0b600d4f3eb5e869104000a325,sha256:53a1308c333c44d8f8a523127b010c5071e6ba0b600d4f3eb5e869104000a325,POST_IB_PRE_OB,3,2,False
sha256:06175f5b45577085e11e76989574ab452a8bd8302e12d0b474181b63941dc70a,sha256:0caa35f6636548b031c543a6d8678b41b4aea08deec7a3983c6cc68a1ece117a,sha256:0caa35f6636548b031c543a6d8678b41b4aea08deec7a3983c6cc68a1ece117a,POST_IB_PRE_OB,3,0,False
sha256:06eebf6187fae5c4b5cb17b45cf57576dc2853d3944de85276bd6fbecc169ab9,sha256:93f5c0828bd5b82d3832d919d8fe5b8f4300cfe6c9c3e953746e86d251821675,sha256:93f5c0828bd5b82d3832d919d8fe5b8f4300cfe6c9c3e953746e86d251821675,POST_IB_PRE_OB,3,7,True
sha256:0a3614eb32c0724b572424173c306ae90f30957ba07dcbfaa924207801aa32fa,sha256:e86aa95cd76b1e745cdbdda75649a98ed6f6e52d2a4a73161fd7aa9d7b818412,sha256:e86aa95cd76b1e745cdbdda75649a98ed6f6e52d2a4a73161fd7aa9d7b818412,POST_IB_PRE_OB,3,0,False
sha256:0dcfae5a2f00a7a4f20494ea14c926169491cdcb628fb59e54a304d5013dd671,sha256:f6bf7783ee0b170dbb73ee5d418e04fec5fb282fd403bad976c9b1a35539fc83,sha256:f6bf7783ee0b170dbb73ee5d418e04fec5fb282fd403bad976c9b1a35539fc83,POST_IB_PRE_OB,3,0,False
sha256:131687a2a4d1ce3d87839668761d426361e0f6474d5e3c22895ba7ed1fd37e43,sha256:e342e7de4df5dd481ac0ebda139b264215edd0b12ee9229df80b2bdc31b61815,sha256:e342e7de4df5dd481ac0ebda139b264215edd0b12ee9229df80b2bdc31b61815,POST_IB_PRE_OB,3,0,False
sha256:17cb9f5c5180ae688b3d4a691216cbb6e153dd26fec2a70ec212f96d4a3e19f6,sha256:54c118da997363d7bea66b4dca367652732d27708a06413c8ef673815d6272a2,sha256:54c118da997363d7bea66b4dca367652732d27708a06413c8ef673815d6272a2,POST_IB_PRE_OB,3,0,False
sha256:181bc7c975fd4b2da221a0b667fef47f9b851c9cf9c2f60a9d2ed76de463c702,sha256:e428615e517b78bc97e766c56032e1531e4345ec50c396659dbc43989fa6afeb,sha256:e428615e517b78bc97e766c56032e1531e4345ec50c396659dbc43989fa6afeb,POST_IB_PRE_OB,3,0,False
sha256:19018d30b8242c3626aa00ca5672a0a99fdfb5627522791ce4231a969b41626d,sha256:557d1927536ab0aabef134f41ee52ed85642241e1af086e61a4214554909dd4c,sha256:557d1927536ab0aabef134f41ee52ed85642241e1af086e61a4214554909dd4c,POST_IB_PRE_OB,3,0,False
sha256:19c3ba96b1702f047910bbbce7058a4000ac8b2acafd113a3c36a35147dff201,sha256:24a1d406326f0dd43f8bafeb887f77678519774b4fd3331530b956a4aec3b19f,sha256:24a1d406326f0dd43f8bafeb887f77678519774b4fd3331530b956a4aec3b19f,POST_IB_PRE_OB,3,0,False
sha256:1aaa144cdc8cf40cab4b2ce0440457e245eb58744e457753a9a5b27a7fa67cd2,sha256:96775ad254d06048ccfcd53dea45e00a119cd74b11a428bf055dcdea4bcbdec8,sha256:96775ad254d06048ccfcd53dea45e00a119cd74b11a428bf055dcdea4bcbdec8,POST_IB_PRE_OB,3,0,False
sha256:1b38dfe1dd2690b17c5845dc0d41cf26511f63a6fd9412b810642e365802adc4,sha256:92fb0e62e5cb8278c4f65f63d657afe5d58bcbb67312ebca1ea88a8a1ae94e69,sha256:92fb0e62e5cb8278c4f65f63d657afe5d58bcbb67312ebca1ea88a8a1ae94e69,POST_IB_PRE_OB,3,0,False
sha256:22af1782183a59cb9c7ceb95e41ac6227e1069d5774b9ec5848041809a646143,sha256:cb2bd977a0a0050b50dc0e89dbef80118cfe353d8000171fa8ae80d47779a337,sha256:cb2bd977a0a0050b50dc0e89dbef80118cfe353d8000171fa8ae80d47779a337,POST_IB_PRE_OB,3,2,False
sha256:2535ad26710c031ab1827c61c902b08a37ff80f68a6e45abb36c2bc4904a1cb6,sha256:cc18251e3aa422e3199388b0b3fed8f176940eccc17a0cc95560a0dd06ead7a9,sha256:cc18251e3aa422e3199388b0b3fed8f176940eccc17a0cc95560a0dd06ead7a9,POST_IB_PRE_OB,3,0,False
sha256:25fe599dc22a1edc79d64db38d787481a8a0e7acd4a83b83b938ee3de35f633b,sha256:fef3c6e090e76e1abef57068c5570a86161395b3d572336f06b0cccf316661ad,sha256:fef3c6e090e76e1abef57068c5570a86161395b3d572336f06b0cccf316661ad,POST_IB_PRE_OB,3,0,False
sha256:29a423c8c4fc9dc08eabb584988d1d942c78c6f372c39e98876f9af82ccebba4,sha256:ac93cbf9c38411063c0370cbc27f7ff18a9309cae49433bfee812202eac230d5,sha256:ac93cbf9c38411063c0370cbc27f7ff18a9309cae49433bfee812202eac230d5,POST_IB_PRE_OB,3,0,False
sha256:2b04686f26ff3a5ef1f854cfa1f27a54eb3ad1fc242885b0aa9f8ed70f856335,sha256:10809eca963a9c4c722ab89c586e46c0a44162740e22dadcf03ed15806e37eb6,sha256:10809eca963a9c4c722ab89c586e46c0a44162740e22dadcf03ed15806e37eb6,POST_IB_PRE_OB,3,8,True
sha256:2f88de8e2dfd4dd93b29ae1d50513fed3ef3d03131015ee83f0b2c5a4f8b85f1,sha256:d762d95fe2042a6872cb92bd4ee8044dc58bd4a8aa9a9926e3468366aa0fade1,sha256:d762d95fe2042a6872cb92bd4ee8044dc58bd4a8aa9a9926e3468366aa0fade1,POST_IB_PRE_OB,3,0,False
sha256:303410c378ce9366901a9312d7eca17462f978c69efe6a4716458489c2a91129,sha256:c44a1224a2cc3e9d98aa3c35267bce55ed67c05f820f0003d16b24f03105526e,sha256:c44a1224a2cc3e9d98aa3c35267bce55ed67c05f820f0003d16b24f03105526e,POST_IB_PRE_OB,3,0,False
sha256:31440bc3e5679e7db44d799df4cda40a6b4b5036b4248d2c215dd559ca7ab204,sha256:6661d6a93bb32debe91dc662587a3462ee7baad0fdcb5690963c0ede833d3f99,sha256:6661d6a93bb32debe91dc662587a3462ee7baad0fdcb5690963c0ede833d3f99,POST_IB_PRE_OB,3,0,False
sha256:330272da4115b59e0fc45effab0c00959f23f483620a509aa53295aee8a5c81d,sha256:b462410bcd04c5203ab4015ca22b436129106561c99f4789315527361d95a201,sha256:b462410bcd04c5203ab4015ca22b436129106561c99f4789315527361d95a201,POST_IB_PRE_OB,3,0,False
sha256:34e1640dddb2189641d8114c383322b89b44b2f9f203668e9b4dd9f3c59b2385,sha256:f8c6f5a943410e5e571ed702d40c4f8b201d726bb0c73d4d10486aa88ad748c1,sha256:f8c6f5a943410e5e571ed702d40c4f8b201d726bb0c73d4d10486aa88ad748c1,POST_IB_PRE_OB,3,0,False
sha256:351755fd8a70eb14bc9a8058768a60fcb02b32acbcda041a7566b4fdcb7634d0,sha256:0a69737c7deb68ab687c57cbe64201c48f7db25bb1cc4a59983f5a155189a881,sha256:0a69737c7deb68ab687c57cbe64201c48f7db25bb1cc4a59983f5a155189a881,POST_IB_PRE_OB,3,0,False
sha256:39638a61edea8c9430fb7c6a9a25400c086b685169f8504a1919ca2d69d06558,sha256:95a2453515b40dc6bb5815de94ce9e01ffdfac886419efde1b6e278f9807fe92,sha256:95a2453515b40dc6bb5815de94ce9e01ffdfac886419efde1b6e278f9807fe92,POST_IB_PRE_OB,3,0,False
sha256:3c0efef12c89add8481f7b74abc06ace2acfc7c9ae2c8911f59a6f4d11affca8,sha256:d21ea2c3d6c4835187b0da3c1a974383dcf25bc948f1bbcce580a84d14b3537f,sha256:d21ea2c3d6c4835187b0da3c1a974383dcf25bc948f1bbcce580a84d14b3537f,POST_IB_PRE_OB,3,6,True
sha256:3cbe1d3c28fefc5e05634bd16bac697f6f3b6c8ec24dc0269b5f2a12417ef2a2,sha256:e036a0ad1363191f327fec493c0aea9ee57da2330daebd9de9db0ba59608341f,sha256:e036a0ad1363191f327fec493c0aea9ee57da2330daebd9de9db0ba59608341f,POST_IB_PRE_OB,3,0,False
sha256:402e50f1ff2b6883ca83dfccca0fc7f64b884554559ee570d3f1a5fbfb592f77,sha256:0e005d35d71579eaa9c49d2d2d85827ad46d8d933c73428175f3afb9c7af5612,sha256:0e005d35d71579eaa9c49d2d2d85827ad46d8d933c73428175f3afb9c7af5612,POST_IB_PRE_OB,3,0,False
sha256:42a14675030dafcd004783399878efe6902b6b8df0bc9a976dd8eec7f557edc3,sha256:437397c9d275cd6515c812f68e4a4408fdfceb791291c825df13a564000725eb,sha256:437397c9d275cd6515c812f68e4a4408fdfceb791291c825df13a564000725eb,POST_IB_PRE_OB,3,1,False
sha256:436b80c2e54bc585729f4ed9aba0e7507351da1428093c88f7198ece74393838,sha256:d5db3539bdca289cd2611d373548326b60607d0dc1feccab83ed780c4bb72592,sha256:d5db3539bdca289cd2611d373548326b60607d0dc1feccab83ed780c4bb72592,POST_IB_PRE_OB,3,0,False
sha256:44f1aa2681ebb944368caf826e3a034a76e9d2e60a172fec117d6fceea3c2138,sha256:653d8652cfbaae83bd4f652f716ae5f5414f34f27af68778ea1eddece0c950b1,sha256:653d8652cfbaae83bd4f652f716ae5f5414f34f27af68778ea1eddece0c950b1,POST_IB_PRE_OB,3,1,False
sha256:4b57944dca417714024c2cb73b578abc8e9c84656e9c472735690e42f962b4a7,sha256:b61b41dfbb5e9a4fd307732b727adaab5722ded5b97efe7f9aa3f903cf057e8f,sha256:b61b41dfbb5e9a4fd307732b727adaab5722ded5b97efe7f9aa3f903cf057e8f,POST_IB_PRE_OB,3,7,True
sha256:4cc5721218e3c92a3972961c724182e47afaa7e72e67d7fcf5b0b181c236c862,sha256:b9c2282887e37bdee10e1e0681c901473fd45db4bbbea92bc1a19d3de8750fd0,sha256:b9c2282887e37bdee10e1e0681c901473fd45db4bbbea92bc1a19d3de8750fd0,POST_IB_PRE_OB,3,0,False
sha256:4ceded2e20c37c4bd58c23dacbce7a3e6c6f344645cf12d5b9d53daaba772059,sha256:8c6a59f2668178d3e8460c48e6a3e79cdd8b5452759c1b2cc9a05436f89b66a6,sha256:8c6a59f2668178d3e8460c48e6a3e79cdd8b5452759c1b2cc9a05436f89b66a6,POST_IB_PRE_OB,3,0,False
sha256:4dd77563fd50d7c805fc789c9974ff08e00177b1376203e49df9b84fdfaa9f47,sha256:8451119d54ab50c58ffa99949c291d4fbf4d35da0cfd8529af03707ae8fa14f8,sha256:8451119d54ab50c58ffa99949c291d4fbf4d35da0cfd8529af03707ae8fa14f8,POST_IB_PRE_OB,3,0,False
sha256:510abd23e23e320ff38ddd1f3853911be839643757730779fe7933a210573ab7,sha256:4afc6772d3bfc6dbeb82078193742649dfb71785fdf021496a8015739746b3a6,sha256:4afc6772d3bfc6dbeb82078193742649dfb71785fdf021496a8015739746b3a6,POST_IB_PRE_OB,3,0,False
sha256:5127cac22e525d592ee8cb981de5e070b24764e1585466b612ef1afa149955fb,sha256:f11e7e067cad51427600c4d6ce3aa0e2e72560a6fe937104bb81c5c6fb77ce0c,sha256:f11e7e067cad51427600c4d6ce3aa0e2e72560a6fe937104bb81c5c6fb77ce0c,POST_IB_PRE_OB,3,0,False
sha256:56fd853a34b14f4f2c93241dfde7c8a8978cb393bc464515c91e4837bd3cf201,sha256:d072716e8dd92ee7e7cea50827aaa156b435deb813d555f03f8b4f3d78b251b8,sha256:d072716e8dd92ee7e7cea50827aaa156b435deb813d555f03f8b4f3d78b251b8,POST_IB_PRE_OB,3,0,False
sha256:5beb1a6d99bbbd17fd51c7fbc4ef4e63ed2d7101e5ceda1492c756db1f2122c7,sha256:7a256d3c7a3f6339a002db4d3750843b450e5e219281f19854225457f06a0f2d,sha256:7a256d3c7a3f6339a002db4d3750843b450e5e219281f19854225457f06a0f2d,POST_IB_PRE_OB,3,0,False
sha256:61faf60db885a5f7432518ff29e228ecf3f8d4aa0f4e90860233da996e7d6fc7,sha256:24f380aa8e9f80d9934fb836d7dd32ed5aa607d22236bf686feefe206c314d8b,sha256:24f380aa8e9f80d9934fb836d7dd32ed5aa607d22236bf686feefe206c314d8b,POST_IB_PRE_OB,3,0,False
sha256:62af01a047ac10066296e766243f1e1f3f03b4b107a166319407db7df23f4dc4,sha256:2afb084fcd2d2c66556ed19b0f6ccdac6418a2cb1f998e8378550c7b9bc8fb1c,sha256:2afb084fcd2d2c66556ed19b0f6ccdac6418a2cb1f998e8378550c7b9bc8fb1c,POST_IB_PRE_OB,3,0,False
sha256:63332b181b4f85d57c3f1f8aa629d80c9386423705d6bac0512a19938277ed18,sha256:888e8f24088a9e50866ef9ee69de81e3c8314fd1d3da25aca45535a3375580f3,sha256:888e8f24088a9e50866ef9ee69de81e3c8314fd1d3da25aca45535a3375580f3,POST_IB_PRE_OB,3,0,False
sha256:651d1c25c6869ad0047b73cebaf29447014385404c2a6300ab266c3af01b5b5b,sha256:7550976f06a0a0128585aa80ed4b23c50c9b915e503f0cb6edc0314c9969b04f,sha256:7550976f06a0a0128585aa80ed4b23c50c9b915e503f0cb6edc0314c9969b04f,POST_IB_PRE_OB,3,0,False
sha256:6710bf2d94fd133a2e3198a219550df6575c6c9ad17177fc29515fa62236c8a5,sha256:09fb4a399e4783bea8b9dd6ced363d1806f872cb5341a6aa7e5d05bfb07db6d6,sha256:09fb4a399e4783bea8b9dd6ced363d1806f872cb5341a6aa7e5d05bfb07db6d6,POST_IB_PRE_OB,3,0,False
sha256:6c8e828f71a05c5c7ac186aeccf4963d88fd55d5ddd5ffa500dece610782031d,sha256:3a2e051d5300bc13cdeb1205da3de6f9b24d42d7dd6550f716e0fce91548828b,sha256:3a2e051d5300bc13cdeb1205da3de6f9b24d42d7dd6550f716e0fce91548828b,POST_IB_PRE_OB,3,8,True
sha256:6d39926190538294f7153287c797b64afa70e4405610e6997c682a34d71f1f39,sha256:a697bdf33f52a74a01cec25cd12fc8fc4d58be2da6afa6dbdd83b14158d11e21,sha256:a697bdf33f52a74a01cec25cd12fc8fc4d58be2da6afa6dbdd83b14158d11e21,POST_IB_PRE_OB,3,0,False
sha256:6d5af9abdb6bc0b322b30d9cad06d7471821fff96df8c14ffca52fe4ac05164c,sha256:fa6b6701bd3aec99533bd5b57b1b81370cc5d6198e4d5b2bceff9e9b31fa7aef,sha256:fa6b6701bd3aec99533bd5b57b1b81370cc5d6198e4d5b2bceff9e9b31fa7aef,POST_IB_PRE_OB,3,0,False
sha256:6eda9cdf75c1e5fb3b598b18b05d588ec3b00281457bdea1a2ea3e120aef1c48,sha256:6a46a162e77eceef1dab9958ddc81979261637ad9f9066e3c17dff34e14517dc,sha256:6a46a162e77eceef1dab9958ddc81979261637ad9f9066e3c17dff34e14517dc,POST_IB_PRE_OB,3,2,False
sha256:73d86411ce4c378261aab5edc53d9b472631a7670b7866e1d4ba5422d05430c5,sha256:db7321ea61566115b4d046859ad8c9f08261a342581051abffc60eba9f1ab415,sha256:db7321ea61566115b4d046859ad8c9f08261a342581051abffc60eba9f1ab415,POST_IB_PRE_OB,3,0,False
sha256:75a2e2b6ef83fe44f16611fe8c79c7e51553b21c5262571ea1ed1dad3a7fdc73,sha256:f2c81acd2cab99581c8ea7023e2c2329a7ca6d60eb199bdca588ecd38a718f44,sha256:f2c81acd2cab99581c8ea7023e2c2329a7ca6d60eb199bdca588ecd38a718f44,POST_IB_PRE_OB,3,0,False
sha256:79c2db204a92c4ebb042a7ed764220250a8e99df9315de602a17f5d70a620f5a,sha256:d392db5ca192f971b9632831ed75a0ca6c2cd09549b4a0d38d1e5be44efa84eb,sha256:d392db5ca192f971b9632831ed75a0ca6c2cd09549b4a0d38d1e5be44efa84eb,POST_IB_PRE_OB,3,0,False
sha256:7a303a13be87a210af44b6e4f8b454f5b3a9106f8f1e1e05d1542b20c7734aff,sha256:49a947bbf6c4f2660755734ebf1a15a609bc38e6e6117b4473a3f2332f5d145c,sha256:49a947bbf6c4f2660755734ebf1a15a609bc38e6e6117b4473a3f2332f5d145c,POST_IB_PRE_OB,3,2,False
sha256:7ad35ec0017d1bb984fe4321d99f45a61e9ab7c6f2e5020ac21656dd8bbb7c0e,sha256:e33f8c29e1afa0532a11d130b8b2d744289b9b03ad5225d5ade0d21afccb25e5,sha256:e33f8c29e1afa0532a11d130b8b2d744289b9b03ad5225d5ade0d21afccb25e5,POST_IB_PRE_OB,3,0,False
sha256:7f2fe4ffae7d8e36f9e0c4fab024049858b34c10d7520981d2555d0a310e913c,sha256:ab1fdbe49fe71606422a06b9d79a995aa3114d146d2ceb438168baba8269946a,sha256:ab1fdbe49fe71606422a06b9d79a995aa3114d146d2ceb438168baba8269946a,POST_IB_PRE_OB,3,0,False
sha256:7fd23dce052089e82cfff87c56e5fbd55cba17e65e209fd6ef24c883d7a29f0d,sha256:1e66fb04e1c96fa7d59047694b7f66db388d392f9edf01540e70ae35c0ed1ccc,sha256:1e66fb04e1c96fa7d59047694b7f66db388d392f9edf01540e70ae35c0ed1ccc,POST_IB_PRE_OB,3,0,False
sha256:802eadf18c516c6866ee9487911e4f6527c31b7675f3138d74361f5b3e1b4da0,sha256:5d4aaf5d038a4ef9d1787f7054b0cd411efbb12bf18cafdd47f326e4d452eb3b,sha256:5d4aaf5d038a4ef9d1787f7054b0cd411efbb12bf18cafdd47f326e4d452eb3b,POST_IB_PRE_OB,3,0,False
sha256:8103566065b9d055f455fcf60e91908f8e0796d2647d54a1fbc0781654c688fa,sha256:910a4bc0c1528d89177c7ddac2c49d07699afd0f43896d26f325bfa870ba49c0,sha256:910a4bc0c1528d89177c7ddac2c49d07699afd0f43896d26f325bfa870ba49c0,POST_IB_PRE_OB,3,0,False
sha256:821d9c064ce0d35c20d67925cf60d653dcff4e42018cc8d874ae780dcd8f4648,sha256:3ea1618fe3d1dd483034ce39cc6097c2ff8a44b7221e33958d32b6c3aae28f25,sha256:3ea1618fe3d1dd483034ce39cc6097c2ff8a44b7221e33958d32b6c3aae28f25,POST_IB_PRE_OB,3,0,False
sha256:8529a23662e22b9ffd26a82dc98e03c1415a54bea3ae930cf84f0fe06b37872e,sha256:118512a53bf3e628857be09b6015191328a80b125fe37e3e608eb143a646c742,sha256:118512a53bf3e628857be09b6015191328a80b125fe37e3e608eb143a646c742,POST_IB_PRE_OB,3,0,False
sha256:8b1cd58281a9dfd745efda44159737fd261f3e5a0394d8bf26bd0858569c4989,sha256:9c905603d962258ebd674ea474cd50ccde1889ee9fecd1af27b961746a52ab03,sha256:9c905603d962258ebd674ea474cd50ccde1889ee9fecd1af27b961746a52ab03,POST_IB_PRE_OB,3,7,True
sha256:8dede4f142335c2392da8ba546a888102138b6e530d2f14911ac6147a417c717,sha256:6e580783712fddd5e8e7c96a9bdec5a797777c27812253caedc12a01f30859f2,sha256:6e580783712fddd5e8e7c96a9bdec5a797777c27812253caedc12a01f30859f2,POST_IB_PRE_OB,3,3,True
sha256:8e0c43eee94d184b24df43d48bccb8f3c04c0c57fab498bfe6bea28485fe30b8,sha256:b42a54e8c5114ffe9312a2129e7499c31f34c84b00fbc37db0b0ed89e48d6951,sha256:b42a54e8c5114ffe9312a2129e7499c31f34c84b00fbc37db0b0ed89e48d6951,POST_IB_PRE_OB,3,0,False
sha256:8ec4cb7b2667f829df62a3748d8aa2fe9fd16c72b8541f202ec4b5fa27c25c2f,sha256:1532f07a2d9f3a5a9c65570c3de741c5dae7530237e525e884db036abf6c1581,sha256:1532f07a2d9f3a5a9c65570c3de741c5dae7530237e525e884db036abf6c1581,POST_IB_PRE_OB,3,1,False
sha256:8f79d882dda34aceda0cc2aedb1ec15fd6de01695e208dfeae83ed7ae3d57bd9,sha256:a752ad548138f4d535d0602beab4ea95ca9853d811e188183891b5c4f40e5bff,sha256:a752ad548138f4d535d0602beab4ea95ca9853d811e188183891b5c4f40e5bff,POST_IB_PRE_OB,3,0,False
sha256:909c65b08b7c18af875df2b8f11d5cdb914ceb2e71f3833937300b002ef4b5c5,sha256:eed2d75fa9cd4501d55362f8f3aa88bdd21eb566320a90de47e8896f79d46192,sha256:eed2d75fa9cd4501d55362f8f3aa88bdd21eb566320a90de47e8896f79d46192,POST_IB_PRE_OB,3,0,False
sha256:9136d802eeeb2edae0bad6b4688d8f82f096a435c4768b05ff3b2ae4e83fc470,sha256:7056a7bec0943a294d4c8126bcfde4d239fd14e7dd761062234321a2f2da8fa7,sha256:7056a7bec0943a294d4c8126bcfde4d239fd14e7dd761062234321a2f2da8fa7,POST_IB_PRE_OB,3,1,False
sha256:92954cdff5a86c68328d0a8f09ca47398b691ff8412d2cd90e1ef55b72178388,sha256:8e87abe443134878726cdfb79ed47a4195b0ff7238efefca74aeb5ef02f1b9c8,sha256:8e87abe443134878726cdfb79ed47a4195b0ff7238efefca74aeb5ef02f1b9c8,POST_IB_PRE_OB,3,0,False
sha256:92a29f18646e5814d1fc271bcc58a58302762a6cf73fe4ba740c45e4a0adc937,sha256:3a39d2c66fdc38c3a1fc901fd6de5214813b2f935ecf12361106153533d26ba8,sha256:3a39d2c66fdc38c3a1fc901fd6de5214813b2f935ecf12361106153533d26ba8,POST_IB_PRE_OB,3,0,False
sha256:92dfb300eff61238f0ae402e6956257e202a4ed932f4a45abb7631f7a5ae10ff,sha256:f76fbd30cfbf7ccb05d570667798d7e842bb3604c86eaca32963b86428f0943c,sha256:f76fbd30cfbf7ccb05d570667798d7e842bb3604c86eaca32963b86428f0943c,POST_IB_PRE_OB,3,0,False
sha256:9bc1c4d7908588a21802e6c224ab7595655c93af346cc39b44488108ea0c17e4,sha256:d35bd02577f33e3c200ee75bb649c7e8d69ed092e79296a58ec46bd45e636db5,sha256:d35bd02577f33e3c200ee75bb649c7e8d69ed092e79296a58ec46bd45e636db5,POST_IB_PRE_OB,3,0,False
sha256:9ce5cffb874040a620d68f9d91f95b0a279c0687adcb861dbe822ba059a9b3fe,sha256:49373cbcb2d7824a96668befe97710087bb1c78f0828706d6ae74b9ffba7b71f,sha256:49373cbcb2d7824a96668befe97710087bb1c78f0828706d6ae74b9ffba7b71f,POST_IB_PRE_OB,3,0,False
sha256:9db48b846fa1564a70ddc8d2cd2dae62e8e2b76c470614b4ede20d0f1ebcd0c9,sha256:ed5e77f797bf165b182ef44a350529fd03f8ed00e1ce7d6f82acdc345743af03,sha256:ed5e77f797bf165b182ef44a350529fd03f8ed00e1ce7d6f82acdc345743af03,POST_IB_PRE_OB,3,0,False
sha256:a41457ba655f56cd7192d6646e8ea413e88168eb808e399c0ccd008e8b3bbd74,sha256:253a76a2e0aceffda554f2deb627da18553b83261af1c4b126034de287c1fe07,sha256:253a76a2e0aceffda554f2deb627da18553b83261af1c4b126034de287c1fe07,POST_IB_PRE_OB,3,0,False
sha256:a4272b2dbb59d804c80972be0345e6c68eefe5e5b15435f4eb7524b1083972fb,sha256:90a779143bae2a757e969822d635532d0221d6433363162d5dd05249b062f76e,sha256:90a779143bae2a757e969822d635532d0221d6433363162d5dd05249b062f76e,POST_IB_PRE_OB,3,0,False
sha256:ae88e6a57a9d1596e3f49145f73633957dd15ca16e2a0869ff9b84d580a4b124,sha256:dcac9d847cc1533d81b522407a089a5498d7e8cc0778b0b6329c68872c3900ef,sha256:dcac9d847cc1533d81b522407a089a5498d7e8cc0778b0b6329c68872c3900ef,POST_IB_PRE_OB,3,0,False
sha256:aedab96ddd9ea7a740af09f38e3b5ac1a054a44295e3fe2aeb3124eb2b2fab56,sha256:fe93aa29ed2faeee2282410b9f8ef887cdc47c8d91b36d91b81197fd08133424,sha256:fe93aa29ed2faeee2282410b9f8ef887cdc47c8d91b36d91b81197fd08133424,POST_IB_PRE_OB,3,0,False
sha256:af73cf46cc7e39445099a80730dce5c7af45a971852a5baf6896d89214397d38,sha256:55a990d1c0e83f83d884252fbcf00c9e7c3f762d956327d15ca4ad3824b2a8bc,sha256:55a990d1c0e83f83d884252fbcf00c9e7c3f762d956327d15ca4ad3824b2a8bc,POST_IB_PRE_OB,3,0,False
sha256:b1b5c499dfcd0d8c24a69167194439317710dc6a47a7c2d3000b45392cae7551,sha256:4b83ddf2fc0b26b2d58964f746f394d8c8af5a5936c7ea10bf5379dce4cb9187,sha256:4b83ddf2fc0b26b2d58964f746f394d8c8af5a5936c7ea10bf5379dce4cb9187,POST_IB_PRE_OB,3,2,False
sha256:b5233980f2c1df7d34acc3f0721fb7ac2a66808c1a837329f9fd3f49926f24dc,sha256:da2d2376e3b0976cc5f0bb6d5b3f902012a0998c41315da25a6f9ec0bf141ace,sha256:da2d2376e3b0976cc5f0bb6d5b3f902012a0998c41315da25a6f9ec0bf141ace,POST_IB_PRE_OB,3,0,False
sha256:b9a4fa94dafc0e3ad02143e811d8a97e414acf62bbd5363768564cff85896f70,sha256:41d8cbdd63863224badc09ea387183b762570e4377fe93838f095dda3d7b2c41,sha256:41d8cbdd63863224badc09ea387183b762570e4377fe93838f095dda3d7b2c41,POST_IB_PRE_OB,3,6,True
sha256:baac9bacdfb1e7985e9641fc25996dc5d24e9b89b2b3a6b50fe0aae193d75dc4,sha256:d8b1aa0a19b345d100b48a09dda67fd5e213f801bf849f37cfc19b3ebf52c069,sha256:d8b1aa0a19b345d100b48a09dda67fd5e213f801bf849f37cfc19b3ebf52c069,POST_IB_PRE_OB,3,7,True
sha256:bb6a3a1dfac623ada2d14aca8d6f5478d2d136818469561e8bfa82604cd6829a,sha256:ebfa8963e19ace180cd925bc3e4dcf02b0ef1b863ac72bbd85df70d45bcf3270,sha256:ebfa8963e19ace180cd925bc3e4dcf02b0ef1b863ac72bbd85df70d45bcf3270,POST_IB_PRE_OB,3,0,False
sha256:be3400a5a79081b7ee340d6a04016a28d151eb141eacdd8f262be7b298d1d1aa,sha256:7b0e2c8933583cfef8ee41c6a7bb596e32aa766beb2c43f28e904ec8fe6576d1,sha256:7b0e2c8933583cfef8ee41c6a7bb596e32aa766beb2c43f28e904ec8fe6576d1,POST_IB_PRE_OB,3,0,False
sha256:be79535a3e87c18fe317c3dfd5d7bef438d28fa95d5f89d38b906107bb734d32,sha256:de6a9330d8ce550f1f0a6c026ba1f923d30886ad816a34b357b11c68cf4ab2c7,sha256:de6a9330d8ce550f1f0a6c026ba1f923d30886ad816a34b357b11c68cf4ab2c7,POST_IB_PRE_OB,3,0,False
sha256:bef367e1c36ad90a02cc50df1ff122b9afde7e33e57dd98de21cdfaea8e8664e,sha256:1d32c88f245af39ba05dd1a6ade77573c2524353657888586b04a0c53cca973d,sha256:1d32c88f245af39ba05dd1a6ade77573c2524353657888586b04a0c53cca973d,POST_IB_PRE_OB,3,0,False
sha256:c11cc4ac45fa99bf7a0262c199c31bfbadf6372c3a4722db663df8564fcd8c1b,sha256:393f7d16db868ed0fe5a14311e309471cbcf5c3266711104eece77f131787ed0,sha256:393f7d16db868ed0fe5a14311e309471cbcf5c3266711104eece77f131787ed0,POST_IB_PRE_OB,3,0,False
sha256:c12488e0ec2b62e3f067d190c62f470d81b9308828d5c97a9dbb692d4ddd0fe5,sha256:121ab81847231077fc477135313ab9fd2e501f2448b17f3179efa3f7e954a5c2,sha256:121ab81847231077fc477135313ab9fd2e501f2448b17f3179efa3f7e954a5c2,POST_IB_PRE_OB,3,0,False
sha256:c47612951f046a604739c6a61b0c750156217227310a6fa1b301fc1b55f37a73,sha256:2499816614111cc383b6c624095d7defc8d995e92089a1aaa28e4ae01985699f,sha256:2499816614111cc383b6c624095d7defc8d995e92089a1aaa28e4ae01985699f,POST_IB_PRE_OB,3,5,True
sha256:c5c14d18234ec838169a0ae30e3a0bf979f7c2462ba4d819586b1aebae8dc798,sha256:6c1ac95e562afdebd3e8eb2955379885748efacb05fdd6ff1927258ad3a7c464,sha256:6c1ac95e562afdebd3e8eb2955379885748efacb05fdd6ff1927258ad3a7c464,POST_IB_PRE_OB,3,0,False
sha256:c667775745918d82640a962c0a0af11d2a072a97d7ad14915a963dd62cfba789,sha256:14c8a0e539a0f474de7629fc92576c735804e76360b6b724a2b7dd0b3a4415fb,sha256:14c8a0e539a0f474de7629fc92576c735804e76360b6b724a2b7dd0b3a4415fb,POST_IB_PRE_OB,3,7,True
sha256:c93b7957ac3b84b4db39d22952d2dcc28ed430f32c54f168c33d1e0be55abdb3,sha256:f24dcf4ddf49d9a1b99df6255ceebbcaaca2c2afc09de901c41d62d2bfec6a71,sha256:f24dcf4ddf49d9a1b99df6255ceebbcaaca2c2afc09de901c41d62d2bfec6a71,POST_IB_PRE_OB,3,0,False
sha256:ca0cf314c6f083b712d1ef57fb973dbd4bf180ce9be0631e86a5324a9552eb1a,sha256:c6bb4ca86a9a5ecff50c5b83c745b7a10996f84096c80cb7dbdbace9f919a32d,sha256:c6bb4ca86a9a5ecff50c5b83c745b7a10996f84096c80cb7dbdbace9f919a32d,POST_IB_PRE_OB,3,0,False
sha256:cbf806907eb00fdf63d3cd8602bc31292b09856da2ebd594f2bcac5055906433,sha256:eaca65d8f21ad35d342e25508086bdbc8b3cc57c6e9f42612b882364c2655caa,sha256:eaca65d8f21ad35d342e25508086bdbc8b3cc57c6e9f42612b882364c2655caa,POST_IB_PRE_OB,3,0,False
sha256:d0d25f0423a24b24d9c09095a4379dd9dbc4e350b658a4ac88b734ea6c1cd547,sha256:758bf84858aac4b140103e86c363d1b12eb7483d36f92de6c7f79105630b0bfb,sha256:758bf84858aac4b140103e86c363d1b12eb7483d36f92de6c7f79105630b0bfb,POST_IB_PRE_OB,3,0,False
sha256:d2b8703b5ac8902546d685f92f25bdaf8f41d8cd650c90427539d0046d82e377,sha256:64943982854ea0cf56018fa2fb7920448e315d60fff1c4d1e60b930d55f996fd,sha256:64943982854ea0cf56018fa2fb7920448e315d60fff1c4d1e60b930d55f996fd,POST_IB_PRE_OB,3,0,False
sha256:d3ed059578f7fd0714346decd46b964c5ea3991a64939cd76ea5330b65a76826,sha256:df0655c61f3d7e3283468e2e48980239d43786768d51b90a40eac172008fd32f,sha256:df0655c61f3d7e3283468e2e48980239d43786768d51b90a40eac172008fd32f,POST_IB_PRE_OB,3,2,False
sha256:d3f910983062abcf15c05c333d3d298cdc3649d11fe49167054cc6d6d1624224,sha256:9cb480c7aeda15fedf5a4a41354cdba61f9d765c45d3608d5aeb43b19fe0937a,sha256:9cb480c7aeda15fedf5a4a41354cdba61f9d765c45d3608d5aeb43b19fe0937a,POST_IB_PRE_OB,3,0,False
sha256:d53009afcb9cf96770c109906a7244da385246736bc78ca2884cea98769494c2,sha256:b511ec3f18dbce5122140525d9571c7597d506949a8198ec6154e0ad2d378171,sha256:b511ec3f18dbce5122140525d9571c7597d506949a8198ec6154e0ad2d378171,POST_IB_PRE_OB,3,0,False
sha256:d819a0c974552effd49673acbec18d5eda40ee393222fdb1acd448f5092451c9,sha256:c52a32811d10ab099df28a44fcbb319a95f6bd349963617bd381db4f0f7b31ba,sha256:c52a32811d10ab099df28a44fcbb319a95f6bd349963617bd381db4f0f7b31ba,POST_IB_PRE_OB,3,1,False
sha256:d970fe6d87b762fec500982351e53ea3a94f15ab03b216349f484718eb171043,sha256:bc54032b13ea0c69835146d98d258b9eb5d242b75f004deb315ce09ee6bbe6f2,sha256:bc54032b13ea0c69835146d98d258b9eb5d242b75f004deb315ce09ee6bbe6f2,POST_IB_PRE_OB,3,1,False
sha256:dc83e29f18c777de0af89dd66b485befe48f223e42a059015f3f8bd2bb005464,sha256:2feb5ec8e696a51089cfbef2f074e28141a03683a33f93c938518c559747dfb0,sha256:2feb5ec8e696a51089cfbef2f074e28141a03683a33f93c938518c559747dfb0,POST_IB_PRE_OB,3,0,False
sha256:dc99925fe37b8a67137b8b43e1bc607abb03732380e63034ec46fd6eabe4d37a,sha256:9d371948139dbb9fe5c6fe9221453bc7fbf83fd1271f773276c5600b1e37bbca,sha256:9d371948139dbb9fe5c6fe9221453bc7fbf83fd1271f773276c5600b1e37bbca,POST_IB_PRE_OB,3,0,False
sha256:de39b3297f3c6e67b64e6da9ddc05f04cd17be61d1d7f83c465c05fb7165f30d,sha256:f04baf4fb53741cd69106693fe8001b9b6b936bd7510e514b20dd2053435a4f7,sha256:f04baf4fb53741cd69106693fe8001b9b6b936bd7510e514b20dd2053435a4f7,POST_IB_PRE_OB,3,6,True
sha256:e2d08005665217f11de04ba8bce2b7afe2c6423bc45506bc537b35a3155c843a,sha256:d77ad5b66cb4d16057f969dca593425a80b16c69aaf50c20b20f702ebb497463,sha256:d77ad5b66cb4d16057f969dca593425a80b16c69aaf50c20b20f702ebb497463,POST_IB_PRE_OB,3,0,False
sha256:e5b7846a306946ce9de43e3415dea0a8448f3cf5042a30d7809f57d766e5aed6,sha256:e672e8a5940e0cd1a01ef51523de9f087a1d55d995553eb9182d0161e7090d67,sha256:e672e8a5940e0cd1a01ef51523de9f087a1d55d995553eb9182d0161e7090d67,POST_IB_PRE_OB,3,0,False
sha256:e67e103529436039a88420e71c2856b5da77723b71c1d0abeb04fc85b1aac31a,sha256:d597032f1269c44514914cb4fe4261d643d1e7d010d5edf70ecd4862d9fdc4b2,sha256:d597032f1269c44514914cb4fe4261d643d1e7d010d5edf70ecd4862d9fdc4b2,POST_IB_PRE_OB,3,0,False
sha256:e82e14159c7b665cb9f7e1446d9dc4dd49ad798dae53d327190b820357ed8de3,sha256:186f55c608984b1727d5681a8537835f2e9be069bcde45d3c8b21e76799efcc6,sha256:186f55c608984b1727d5681a8537835f2e9be069bcde45d3c8b21e76799efcc6,POST_IB_PRE_OB,3,0,False
sha256:ea0f484dd70b52dfcfda0107ee55b8489cfe8e127e4d6befbfba25cc0d78b703,sha256:37802db3edb39636a9427727400eddfce50015d8238465d8e452f9352ab980b1,sha256:37802db3edb39636a9427727400eddfce50015d8238465d8e452f9352ab980b1,POST_IB_PRE_OB,3,0,False
sha256:ebbe8eeed2c67c7f9ecdb3544158411484af65485e571f7451464e71269b492a,sha256:ecffcfdae3526fae48068aa4b8dc54bf6fa0c85f05a89e4ea25947118feaf1b3,sha256:ecffcfdae3526fae48068aa4b8dc54bf6fa0c85f05a89e4ea25947118feaf1b3,POST_IB_PRE_OB,3,0,False
sha256:ec102d3fc8dae3f12f4136cea3e99d18b0d847205350682987e0c5ea002d385d,sha256:a44db5bd4499d82373bf50f213c4aade678f14c50d6ad449cae495930834fc6f,sha256:a44db5bd4499d82373bf50f213c4aade678f14c50d6ad449cae495930834fc6f,POST_IB_PRE_OB,3,0,False
sha256:eca53de8bef95a075b99b1ec91d585d0bb644d1bd60fcda1ab7be7de3e98c7ab,sha256:3fc517c761ebd07d0761abce4bb3f05489ac1918db203f79b84815054437b37d,sha256:3fc517c761ebd07d0761abce4bb3f05489ac1918db203f79b84815054437b37d,POST_IB_PRE_OB,3,1,False
sha256:f002e1ea1efd57bc6aacf2fd697e8792978edcc68e8782b31b5f756d30e6b480,sha256:58256d01a9fc4d90fb22689eb660ba6f2cdb9e8aea4bdee5aac40e9f41ee5407,sha256:58256d01a9fc4d90fb22689eb660ba6f2cdb9e8aea4bdee5aac40e9f41ee5407,POST_IB_PRE_OB,3,0,False
sha256:f1355c1d155b917be4c9a2f84da92e66e195ec31454243c60217db7926b00927,sha256:b8f0b51e5368742b2a238d7041f97dd989baccf0ee8ee7cfdd629f3222d4b2f7,sha256:b8f0b51e5368742b2a238d7041f97dd989baccf0ee8ee7cfdd629f3222d4b2f7,POST_IB_PRE_OB,3,0,False
sha256:f1a2b1b8f516c06be50e9c6d4fdccc61707d3927ff3273b1bc7135d02fa615d0,sha256:5f0443c319285c99d5bd433391d6085ae28afa6d994bd7f517c0a8e13d7ef651,sha256:5f0443c319285c99d5bd433391d6085ae28afa6d994bd7f517c0a8e13d7ef651,POST_IB_PRE_OB,3,0,False
sha256:f5c0b79dbb03b4f80460aedd04e4964147706ae7bb7fded4cd2f8e1dcddcc7b1,sha256:8cb32e6fcd82632bcd7001b8a1d0302e4278b684de404c801ac417c241155192,sha256:8cb32e6fcd82632bcd7001b8a1d0302e4278b684de404c801ac417c241155192,POST_IB_PRE_OB,3,0,False
sha256:f8585a199d876b2529da3743f679c3f93d57a1667dc6dd7851915b127794bd83,sha256:a988736a31614f808889ebd1b1247cbbe5b2d97429cfd6e2cf5f8435fa357282,sha256:a988736a31614f808889ebd1b1247cbbe5b2d97429cfd6e2cf5f8435fa357282,POST_IB_PRE_OB,3,0,False
sha256:fa358aaec54a8e20890dec4a8f9bd076455d0efbbdf2a884c9632d515afb96e6,sha256:3795535fde503866de5ae9798121f7cbcf39c5646820b126b5d5de64aaf4681f,sha256:3795535fde503866de5ae9798121f7cbcf39c5646820b126b5d5de64aaf4681f,POST_IB_PRE_OB,3,0,False
sha256:fe6b227984dd8a16db0b4c9a65e9dc1fc5f70084d2ccb0e5e896df39f32d6a9c,sha256:2f203cf70710dd042c789a9e88228c372d4c9cb00b51506637000e461b465cea,sha256:2f203cf70710dd042c789a9e88228c372d4c9cb00b51506637000e461b465cea,POST_IB_PRE_OB,3,0,False
sha256:ff9ae344a57e16af22c274ff033a4ac81ea6e56288589378b539a539ee42ec1d,sha256:20d8790c9b9e0bf59890c8e4d59b59ff6c5c64d3748e751f9dafcbcb2c418018,sha256:20d8790c9b9e0bf59890c8e4d59b59ff6c5c64d3748e751f9dafcbcb2c418018,POST_IB_PRE_OB,3,0,False
sha256:00b05b273658f3332865de1e9796d851ca6a2919bb7e4b04ee3e58f06dfe56c6,sha256:cb5f6cf3c0f422d7f078044a7a0314c325f9cd6d8fb1fae4e76fac09488f39d4,sha256:cb5f6cf3c0f422d7f078044a7a0314c325f9cd6d8fb1fae4e76fac09488f39d4,POST_OB_PRE_TO,3,0,False
sha256:02b711e90d440bcac9e7f163616a5b76929dfbad5f6bb2c0335c5bf85959ad65,sha256:16549b4446bed8af4961d51d468de67aa1eb4530b9bb814cec18424c9c0e7b13,sha256:16549b4446bed8af4961d51d468de67aa1eb4530b9bb814cec18424c9c0e7b13,POST_OB_PRE_TO,3,0,False
sha256:06175f5b45577085e11e76989574ab452a8bd8302e12d0b474181b63941dc70a,sha256:b749fe74b3c8555690ca81375653abab13cb95933388903a0de21d4fa3a11472,sha256:b749fe74b3c8555690ca81375653abab13cb95933388903a0de21d4fa3a11472,POST_OB_PRE_TO,3,0,False
sha256:06eebf6187fae5c4b5cb17b45cf57576dc2853d3944de85276bd6fbecc169ab9,sha256:3c2e16c8014d86883b1a1cc494797148ebdfa45a4b3e29bac08c16be990b18e2,sha256:3c2e16c8014d86883b1a1cc494797148ebdfa45a4b3e29bac08c16be990b18e2,POST_OB_PRE_TO,3,8,True
sha256:0a3614eb32c0724b572424173c306ae90f30957ba07dcbfaa924207801aa32fa,sha256:d5ab0f2ee93444bf969a3eb5ca7911b43d79fb93f9f2b632ab824a9e67d66d7f,sha256:d5ab0f2ee93444bf969a3eb5ca7911b43d79fb93f9f2b632ab824a9e67d66d7f,POST_OB_PRE_TO,3,0,False
sha256:0dcfae5a2f00a7a4f20494ea14c926169491cdcb628fb59e54a304d5013dd671,sha256:e2825bd890af19aaf18b49fc6e931c81cb18e9f0f3d827346e2651d9ef345023,sha256:e2825bd890af19aaf18b49fc6e931c81cb18e9f0f3d827346e2651d9ef345023,POST_OB_PRE_TO,3,0,False
sha256:131687a2a4d1ce3d87839668761d426361e0f6474d5e3c22895ba7ed1fd37e43,sha256:9ce686604ee7919f5bf5249e2122ed1dca909dec8347474ddbe41e19052d663b,sha256:9ce686604ee7919f5bf5249e2122ed1dca909dec8347474ddbe41e19052d663b,POST_OB_PRE_TO,3,0,False
sha256:17cb9f5c5180ae688b3d4a691216cbb6e153dd26fec2a70ec212f96d4a3e19f6,sha256:0b028dd4c6daa5cd32a45edd6fbca940d48ec297fc78fee29cd27b5ebbaeaabe,sha256:0b028dd4c6daa5cd32a45edd6fbca940d48ec297fc78fee29cd27b5ebbaeaabe,POST_OB_PRE_TO,3,0,False
sha256:181bc7c975fd4b2da221a0b667fef47f9b851c9cf9c2f60a9d2ed76de463c702,sha256:6e1404d11b12aaa1beef0257826787eab7f259aede74aaf7794bb042807e77f2,sha256:6e1404d11b12aaa1beef0257826787eab7f259aede74aaf7794bb042807e77f2,POST_OB_PRE_TO,3,0,False
sha256:1b38dfe1dd2690b17c5845dc0d41cf26511f63a6fd9412b810642e365802adc4,sha256:686b0e19ebf894d35a55d3d55a595aca55a59e61640652491893624313e0ccd2,sha256:686b0e19ebf894d35a55d3d55a595aca55a59e61640652491893624313e0ccd2,POST_OB_PRE_TO,3,0,False
sha256:2535ad26710c031ab1827c61c902b08a37ff80f68a6e45abb36c2bc4904a1cb6,sha256:bb7d6484af810ee122d4fd6b155a6cf30ef3f3396aa86cd394c81710e8436149,sha256:bb7d6484af810ee122d4fd6b155a6cf30ef3f3396aa86cd394c81710e8436149,POST_OB_PRE_TO,3,0,False
sha256:29a423c8c4fc9dc08eabb584988d1d942c78c6f372c39e98876f9af82ccebba4,sha256:9c4d57d19a3d7b0e24a2bc7976cfe12416d1cba3ddfcddde3f5b9166b8e752e9,sha256:9c4d57d19a3d7b0e24a2bc7976cfe12416d1cba3ddfcddde3f5b9166b8e752e9,POST_OB_PRE_TO,3,0,False
sha256:2f88de8e2dfd4dd93b29ae1d50513fed3ef3d03131015ee83f0b2c5a4f8b85f1,sha256:194fae2e27ad3daa13bac911119230ec4319eb7b2d8eb601bc656bfc6ed67db9,sha256:194fae2e27ad3daa13bac911119230ec4319eb7b2d8eb601bc656bfc6ed67db9,POST_OB_PRE_TO,3,0,False
sha256:303410c378ce9366901a9312d7eca17462f978c69efe6a4716458489c2a91129,sha256:33b4e4366ad3a69730233d775cb234ec1b1b1f364a766f98d9687258afba0089,sha256:33b4e4366ad3a69730233d775cb234ec1b1b1f364a766f98d9687258afba0089,POST_OB_PRE_TO,3,0,False
sha256:34e1640dddb2189641d8114c383322b89b44b2f9f203668e9b4dd9f3c59b2385,sha256:239aeb3dbfb56c29e66316df629a79741864317f2a7920b54348f3fb529ce530,sha256:239aeb3dbfb56c29e66316df629a79741864317f2a7920b54348f3fb529ce530,POST_OB_PRE_TO,3,0,False
sha256:39638a61edea8c9430fb7c6a9a25400c086b685169f8504a1919ca2d69d06558,sha256:7f759ef090fd9a529d342a5c59cd855fd88adb47b9fea82e26c2cb7b9cba8d69,sha256:7f759ef090fd9a529d342a5c59cd855fd88adb47b9fea82e26c2cb7b9cba8d69,POST_OB_PRE_TO,3,2,False
sha256:3c0efef12c89add8481f7b74abc06ace2acfc7c9ae2c8911f59a6f4d11affca8,sha256:9033e4a7840386db5797a4d22d6acb4ae79d3a4188f245d8da705f74347359c1,sha256:9033e4a7840386db5797a4d22d6acb4ae79d3a4188f245d8da705f74347359c1,POST_OB_PRE_TO,3,8,True
sha256:3cbe1d3c28fefc5e05634bd16bac697f6f3b6c8ec24dc0269b5f2a12417ef2a2,sha256:def3ee35ac20f16c2b0fb23bda9046e073f0ca1ee9d40face238f55bc4de1631,sha256:def3ee35ac20f16c2b0fb23bda9046e073f0ca1ee9d40face238f55bc4de1631,POST_OB_PRE_TO,3,0,False
sha256:42a14675030dafcd004783399878efe6902b6b8df0bc9a976dd8eec7f557edc3,sha256:98f9eb41b09ee4ed8ffd652736af57a317798b107897a26c71332676344c5cf3,sha256:98f9eb41b09ee4ed8ffd652736af57a317798b107897a26c71332676344c5cf3,POST_OB_PRE_TO,3,8,True
sha256:436b80c2e54bc585729f4ed9aba0e7507351da1428093c88f7198ece74393838,sha256:e41ff2edf45dfafbb59fc432019b44e8609a87ca43f386f3f86ee602fb9b95e6,sha256:e41ff2edf45dfafbb59fc432019b44e8609a87ca43f386f3f86ee602fb9b95e6,POST_OB_PRE_TO,3,0,False
sha256:4b57944dca417714024c2cb73b578abc8e9c84656e9c472735690e42f962b4a7,sha256:68b1878ec516f109fc1266094f22b71edf4842a75bdca182cc6b68e74c55b841,sha256:68b1878ec516f109fc1266094f22b71edf4842a75bdca182cc6b68e74c55b841,POST_OB_PRE_TO,3,0,False
sha256:4ceded2e20c37c4bd58c23dacbce7a3e6c6f344645cf12d5b9d53daaba772059,sha256:cdd10f9dcaf15efd15e1c14331653d746264d6821aff6fc2c2da4405c9ca0068,sha256:cdd10f9dcaf15efd15e1c14331653d746264d6821aff6fc2c2da4405c9ca0068,POST_OB_PRE_TO,3,0,False
sha256:4dd77563fd50d7c805fc789c9974ff08e00177b1376203e49df9b84fdfaa9f47,sha256:2bef1d1035d2a424d767cfeefca03e95ce29bb186ae971879c77bfd17ad91e30,sha256:2bef1d1035d2a424d767cfeefca03e95ce29bb186ae971879c77bfd17ad91e30,POST_OB_PRE_TO,3,8,True
sha256:5127cac22e525d592ee8cb981de5e070b24764e1585466b612ef1afa149955fb,sha256:aa09f556d538cec2ec2469113a788557d45814f783dfca2037a9a81b13b2e86a,sha256:aa09f556d538cec2ec2469113a788557d45814f783dfca2037a9a81b13b2e86a,POST_OB_PRE_TO,3,0,False
sha256:56fd853a34b14f4f2c93241dfde7c8a8978cb393bc464515c91e4837bd3cf201,sha256:256fed15cf7a9635a20c0022b6e1605eb1bf37a17aef19968b5734cf23d0e280,sha256:256fed15cf7a9635a20c0022b6e1605eb1bf37a17aef19968b5734cf23d0e280,POST_OB_PRE_TO,3,0,False
sha256:61faf60db885a5f7432518ff29e228ecf3f8d4aa0f4e90860233da996e7d6fc7,sha256:3c2260462c5b954f79cd09067a2ca1372e7b5ef9e333a6110a8af1d583879c36,sha256:3c2260462c5b954f79cd09067a2ca1372e7b5ef9e333a6110a8af1d583879c36,POST_OB_PRE_TO,3,0,False
sha256:63332b181b4f85d57c3f1f8aa629d80c9386423705d6bac0512a19938277ed18,sha256:427648c246ea77f0a309b784c5209e0fa22fce73e9140722e70e95f1f48f3099,sha256:427648c246ea77f0a309b784c5209e0fa22fce73e9140722e70e95f1f48f3099,POST_OB_PRE_TO,3,5,True
sha256:651d1c25c6869ad0047b73cebaf29447014385404c2a6300ab266c3af01b5b5b,sha256:952daf4152c8433b7455822cc7a650211bc77e5666376a1529c701391b6ed186,sha256:952daf4152c8433b7455822cc7a650211bc77e5666376a1529c701391b6ed186,POST_OB_PRE_TO,3,0,False
sha256:6710bf2d94fd133a2e3198a219550df6575c6c9ad17177fc29515fa62236c8a5,sha256:bbfa791ea65f2472609c559360c2752b22a9e68db61e92f04d3f46ce08305893,sha256:bbfa791ea65f2472609c559360c2752b22a9e68db61e92f04d3f46ce08305893,POST_OB_PRE_TO,3,0,False
sha256:6c8e828f71a05c5c7ac186aeccf4963d88fd55d5ddd5ffa500dece610782031d,sha256:7c7bb58c5f957c787e55fe3d778baed1d007ab3a4a3416a0bc944e92cf54d764,sha256:7c7bb58c5f957c787e55fe3d778baed1d007ab3a4a3416a0bc944e92cf54d764,POST_OB_PRE_TO,3,3,True
sha256:73d86411ce4c378261aab5edc53d9b472631a7670b7866e1d4ba5422d05430c5,sha256:7908d9b8c32d97461d9ec1eaeef75b8cc81926ac6d5afb93878adf3841d7329b,sha256:7908d9b8c32d97461d9ec1eaeef75b8cc81926ac6d5afb93878adf3841d7329b,POST_OB_PRE_TO,3,0,False
sha256:75a2e2b6ef83fe44f16611fe8c79c7e51553b21c5262571ea1ed1dad3a7fdc73,sha256:231aa06bccc421fc9d6719bf7a2f7a7fafd81adeafda77c53d266e0cdbadd9b0,sha256:231aa06bccc421fc9d6719bf7a2f7a7fafd81adeafda77c53d266e0cdbadd9b0,POST_OB_PRE_TO,3,0,False
sha256:79c2db204a92c4ebb042a7ed764220250a8e99df9315de602a17f5d70a620f5a,sha256:0439717e278e71f14440b1c2993822c45cb5caa24ddef402499da3eb1d6828c6,sha256:0439717e278e71f14440b1c2993822c45cb5caa24ddef402499da3eb1d6828c6,POST_OB_PRE_TO,3,0,False
sha256:7a303a13be87a210af44b6e4f8b454f5b3a9106f8f1e1e05d1542b20c7734aff,sha256:30b0a31eb97214915d59496fee588c2dd9ae4e11e7e353aff836ed8d8a880f66,sha256:30b0a31eb97214915d59496fee588c2dd9ae4e11e7e353aff836ed8d8a880f66,POST_OB_PRE_TO,3,0,False
sha256:7ad35ec0017d1bb984fe4321d99f45a61e9ab7c6f2e5020ac21656dd8bbb7c0e,sha256:3b17ab26c59e71df3fcd6a5526a33a12a6b401ef39b70268fda55955594a7bfa,sha256:3b17ab26c59e71df3fcd6a5526a33a12a6b401ef39b70268fda55955594a7bfa,POST_OB_PRE_TO,3,0,False
sha256:7f2fe4ffae7d8e36f9e0c4fab024049858b34c10d7520981d2555d0a310e913c,sha256:ac2e44339574243dc1ddaf893d2f8bd0be649e1be08ec4f836b954d45200147d,sha256:ac2e44339574243dc1ddaf893d2f8bd0be649e1be08ec4f836b954d45200147d,POST_OB_PRE_TO,3,0,False
sha256:7fd23dce052089e82cfff87c56e5fbd55cba17e65e209fd6ef24c883d7a29f0d,sha256:f27c016469c8a4b4357eb9b020ac6ef0ce53379f8031aa7693eabc1f6449c281,sha256:f27c016469c8a4b4357eb9b020ac6ef0ce53379f8031aa7693eabc1f6449c281,POST_OB_PRE_TO,3,0,False
sha256:802eadf18c516c6866ee9487911e4f6527c31b7675f3138d74361f5b3e1b4da0,sha256:fdd0fb3e09bee8fbe112c6efb668e829be9d263f53546f32070bbd5f2cbdc04e,sha256:fdd0fb3e09bee8fbe112c6efb668e829be9d263f53546f32070bbd5f2cbdc04e,POST_OB_PRE_TO,3,0,False
sha256:8103566065b9d055f455fcf60e91908f8e0796d2647d54a1fbc0781654c688fa,sha256:36deef2f14858b4381356104afe9870ce5a08ee4e1548e8125687ca829e89a8c,sha256:36deef2f14858b4381356104afe9870ce5a08ee4e1548e8125687ca829e89a8c,POST_OB_PRE_TO,3,0,False
sha256:821d9c064ce0d35c20d67925cf60d653dcff4e42018cc8d874ae780dcd8f4648,sha256:e2ff5097d2e39efd80ed018d12a1600aca3959233c1203dad0a1959720c1bfc1,sha256:e2ff5097d2e39efd80ed018d12a1600aca3959233c1203dad0a1959720c1bfc1,POST_OB_PRE_TO,3,0,False
sha256:8529a23662e22b9ffd26a82dc98e03c1415a54bea3ae930cf84f0fe06b37872e,sha256:ebbc3dacdf64739a295ce3267e86614d54c870bacbee7efad62b5266eb401a61,sha256:ebbc3dacdf64739a295ce3267e86614d54c870bacbee7efad62b5266eb401a61,POST_OB_PRE_TO,3,0,False
sha256:8ec4cb7b2667f829df62a3748d8aa2fe9fd16c72b8541f202ec4b5fa27c25c2f,sha256:44ea3b527c2927360912d224da336dccda12887915d4718af1db1808b86d02e2,sha256:44ea3b527c2927360912d224da336dccda12887915d4718af1db1808b86d02e2,POST_OB_PRE_TO,3,6,True
sha256:909c65b08b7c18af875df2b8f11d5cdb914ceb2e71f3833937300b002ef4b5c5,sha256:330758aaafc41607c6af93ad9679dc2b405ba5ca6ba1310cb4fd075759eff049,sha256:330758aaafc41607c6af93ad9679dc2b405ba5ca6ba1310cb4fd075759eff049,POST_OB_PRE_TO,3,0,False
sha256:92a29f18646e5814d1fc271bcc58a58302762a6cf73fe4ba740c45e4a0adc937,sha256:a1962a7d59ee36ef601ccd31e1b1277332a59cda0f66a39c6c2b7dbf28d386f0,sha256:a1962a7d59ee36ef601ccd31e1b1277332a59cda0f66a39c6c2b7dbf28d386f0,POST_OB_PRE_TO,3,0,False
sha256:92dfb300eff61238f0ae402e6956257e202a4ed932f4a45abb7631f7a5ae10ff,sha256:4163feeb208cc1b37db49d8bbb10799289563f582f8c291cbf7e890e91921ec8,sha256:4163feeb208cc1b37db49d8bbb10799289563f582f8c291cbf7e890e91921ec8,POST_OB_PRE_TO,3,0,False
sha256:9bc1c4d7908588a21802e6c224ab7595655c93af346cc39b44488108ea0c17e4,sha256:f4235c134fba9a6033d0a2a9446d72d91d5930f9f1ba80db1cb3ed06be7fbdac,sha256:f4235c134fba9a6033d0a2a9446d72d91d5930f9f1ba80db1cb3ed06be7fbdac,POST_OB_PRE_TO,3,0,False
sha256:9ce5cffb874040a620d68f9d91f95b0a279c0687adcb861dbe822ba059a9b3fe,sha256:b0d576d6339ec7beac37ebad225ead5317477729aa6e26fe877441ed546995ef,sha256:b0d576d6339ec7beac37ebad225ead5317477729aa6e26fe877441ed546995ef,POST_OB_PRE_TO,3,0,False
sha256:a4272b2dbb59d804c80972be0345e6c68eefe5e5b15435f4eb7524b1083972fb,sha256:acce784a5a4c8a1cae2a0c5d563d99a77b9e488c121a5a6dc693b6a7751274a6,sha256:acce784a5a4c8a1cae2a0c5d563d99a77b9e488c121a5a6dc693b6a7751274a6,POST_OB_PRE_TO,3,0,False
sha256:aedab96ddd9ea7a740af09f38e3b5ac1a054a44295e3fe2aeb3124eb2b2fab56,sha256:ba1b3e2436fee9d0324b9eb67567233957c890309e2b64ad249de019fd74fb7f,sha256:ba1b3e2436fee9d0324b9eb67567233957c890309e2b64ad249de019fd74fb7f,POST_OB_PRE_TO,3,0,False
sha256:af73cf46cc7e39445099a80730dce5c7af45a971852a5baf6896d89214397d38,sha256:d05be2961f6a503528984ff4b54865051da74d59afee82ed1105edae15fed175,sha256:d05be2961f6a503528984ff4b54865051da74d59afee82ed1105edae15fed175,POST_OB_PRE_TO,3,0,False
sha256:b1b5c499dfcd0d8c24a69167194439317710dc6a47a7c2d3000b45392cae7551,sha256:dcf56483ad20e5e95e41868b089828aabd7f67d59324eb8eca68d59655292ada,sha256:dcf56483ad20e5e95e41868b089828aabd7f67d59324eb8eca68d59655292ada,POST_OB_PRE_TO,3,1,False
sha256:b5233980f2c1df7d34acc3f0721fb7ac2a66808c1a837329f9fd3f49926f24dc,sha256:94516e8e10f89882598dd30ade93e97719797bc201e36b53b5b827618a5503db,sha256:94516e8e10f89882598dd30ade93e97719797bc201e36b53b5b827618a5503db,POST_OB_PRE_TO,3,0,False
sha256:baac9bacdfb1e7985e9641fc25996dc5d24e9b89b2b3a6b50fe0aae193d75dc4,sha256:3e65bc8f5059d3cc32a995d9160cbdaedaad0cf35c81036bf0ed1c6bfa7654d5,sha256:3e65bc8f5059d3cc32a995d9160cbdaedaad0cf35c81036bf0ed1c6bfa7654d5,POST_OB_PRE_TO,3,7,True
sha256:bb6a3a1dfac623ada2d14aca8d6f5478d2d136818469561e8bfa82604cd6829a,sha256:15539b15ff1a30a50606e12a028f36655e9aaf770f09914892c1d4e94d71c35d,sha256:15539b15ff1a30a50606e12a028f36655e9aaf770f09914892c1d4e94d71c35d,POST_OB_PRE_TO,3,0,False
sha256:c47612951f046a604739c6a61b0c750156217227310a6fa1b301fc1b55f37a73,sha256:d14e8f8d8b9e279df88d30a95a2e2653b4ea39f9cc9ca37175880422cd39136e,sha256:d14e8f8d8b9e279df88d30a95a2e2653b4ea39f9cc9ca37175880422cd39136e,POST_OB_PRE_TO,3,0,False
sha256:ca0cf314c6f083b712d1ef57fb973dbd4bf180ce9be0631e86a5324a9552eb1a,sha256:39d33afb0fd63eb181c76cde179af1e578eac49b1be3c562da8bb12b3c960e12,sha256:39d33afb0fd63eb181c76cde179af1e578eac49b1be3c562da8bb12b3c960e12,POST_OB_PRE_TO,3,0,False
sha256:d0d25f0423a24b24d9c09095a4379dd9dbc4e350b658a4ac88b734ea6c1cd547,sha256:994c8961a6ec0143c9ac7604df82b24060755cf5390219f5530dde4e0c11c023,sha256:994c8961a6ec0143c9ac7604df82b24060755cf5390219f5530dde4e0c11c023,POST_OB_PRE_TO,3,0,False
sha256:d3f910983062abcf15c05c333d3d298cdc3649d11fe49167054cc6d6d1624224,sha256:57a1bfb07c5be379280e523681aef07de9e2035187ea0d4ecfb1111f9526982c,sha256:57a1bfb07c5be379280e523681aef07de9e2035187ea0d4ecfb1111f9526982c,POST_OB_PRE_TO,3,0,False
sha256:dc83e29f18c777de0af89dd66b485befe48f223e42a059015f3f8bd2bb005464,sha256:c475e74b0df9392ed6d3c2b08f77a2d65fb350d7c4a4534fb24a0f052ab6e2bc,sha256:c475e74b0df9392ed6d3c2b08f77a2d65fb350d7c4a4534fb24a0f052ab6e2bc,POST_OB_PRE_TO,3,0,False
sha256:e2d08005665217f11de04ba8bce2b7afe2c6423bc45506bc537b35a3155c843a,sha256:fcb7568fc4a1fdc600b5faeafebdf2dd3ed0b89b9fc865520b116ecfede61905,sha256:fcb7568fc4a1fdc600b5faeafebdf2dd3ed0b89b9fc865520b116ecfede61905,POST_OB_PRE_TO,3,0,False
sha256:e5b7846a306946ce9de43e3415dea0a8448f3cf5042a30d7809f57d766e5aed6,sha256:f1baf2c91b6666fa886e2c1e7f5ae8f20806e956bb485a8182a7c7d14c3cb860,sha256:f1baf2c91b6666fa886e2c1e7f5ae8f20806e956bb485a8182a7c7d14c3cb860,POST_OB_PRE_TO,3,0,False
sha256:e67e103529436039a88420e71c2856b5da77723b71c1d0abeb04fc85b1aac31a,sha256:706077c7fc8b5b5f3b2148aa95776e8b62266bd1e6bf7dac4b91e0cbe7ae7cb0,sha256:706077c7fc8b5b5f3b2148aa95776e8b62266bd1e6bf7dac4b91e0cbe7ae7cb0,POST_OB_PRE_TO,3,0,False
sha256:ec102d3fc8dae3f12f4136cea3e99d18b0d847205350682987e0c5ea002d385d,sha256:5c4e6ffefb344539dca2ce744d37d155c710e8a9163e71f4888f841a045ba827,sha256:5c4e6ffefb344539dca2ce744d37d155c710e8a9163e71f4888f841a045ba827,POST_OB_PRE_TO,3,0,False
sha256:eca53de8bef95a075b99b1ec91d585d0bb644d1bd60fcda1ab7be7de3e98c7ab,sha256:6cabdaf88726bad191d81cd0d9d6049afb3221e58e71a32be69c89ac76a750c1,sha256:6cabdaf88726bad191d81cd0d9d6049afb3221e58e71a32be69c89ac76a750c1,POST_OB_PRE_TO,3,0,False
sha256:f1a2b1b8f516c06be50e9c6d4fdccc61707d3927ff3273b1bc7135d02fa615d0,sha256:0eef009aab9685e98c3c3787f5730d86f5d52f566910d785abcc9d096012156f,sha256:0eef009aab9685e98c3c3787f5730d86f5d52f566910d785abcc9d096012156f,POST_OB_PRE_TO,3,0,False
sha256:fe6b227984dd8a16db0b4c9a65e9dc1fc5f70084d2ccb0e5e896df39f32d6a9c,sha256:568c1da11d8980ebc833601049c3acfc41c3b98b15d5ed6724899478129e8913,sha256:568c1da11d8980ebc833601049c3acfc41c3b98b15d5ed6724899478129e8913,POST_OB_PRE_TO,3,0,False
sha256:ff9ae344a57e16af22c274ff033a4ac81ea6e56288589378b539a539ee42ec1d,sha256:fcc05efd74cdff3b8fb5df21f350360b7f231b40cbca3caf8b33df8b4e9f0816,sha256:fcc05efd74cdff3b8fb5df21f350360b7f231b40cbca3caf8b33df8b4e9f0816,POST_OB_PRE_TO,3,0,False
sha256:00b05b273658f3332865de1e9796d851ca6a2919bb7e4b04ee3e58f06dfe56c6,sha256:8e0c2d381ffe02968cef5fef7c1855a081829cb787a00bafcecc5c69be195552,sha256:8e0c2d381ffe02968cef5fef7c1855a081829cb787a00bafcecc5c69be195552,PRE_IB,3,0,False
sha256:00e8e773cd283d939ca84156277aff75b1c9ef7a14cb2e3f5e073116f61ab1cf,sha256:47182a6b63fe793cc42e3024d0a5762fdf80e1de50b5d6caa1eb6cfc73beebaf,sha256:47182a6b63fe793cc42e3024d0a5762fdf80e1de50b5d6caa1eb6cfc73beebaf,PRE_IB,3,0,False
sha256:02b711e90d440bcac9e7f163616a5b76929dfbad5f6bb2c0335c5bf85959ad65,sha256:df30aa665df52d2c6d561a63b364df460221aaffc1945a83b0abc34915f8d3dd,sha256:df30aa665df52d2c6d561a63b364df460221aaffc1945a83b0abc34915f8d3dd,PRE_IB,3,1,False
sha256:0918063938e7c4457d171896b2fc2534f6874f77bf8065cfc20b298899c89e7a,sha256:ada0ac6afb7776eca9a9a58aae4d07131bed77842d629841d7c2453f76f04020,sha256:ada0ac6afb7776eca9a9a58aae4d07131bed77842d629841d7c2453f76f04020,PRE_IB,3,0,False
sha256:17cb9f5c5180ae688b3d4a691216cbb6e153dd26fec2a70ec212f96d4a3e19f6,sha256:475a4cbc05ecc725941837f874a89ec6c02cb14a413758a64b2f10cdf8035ca5,sha256:475a4cbc05ecc725941837f874a89ec6c02cb14a413758a64b2f10cdf8035ca5,PRE_IB,3,0,False
sha256:19018d30b8242c3626aa00ca5672a0a99fdfb5627522791ce4231a969b41626d,sha256:4af52bc7a1f88474657f7899827ecd3d09d828b50daeb78e832df27fe5806a31,sha256:4af52bc7a1f88474657f7899827ecd3d09d828b50daeb78e832df27fe5806a31,PRE_IB,3,0,False
sha256:1aaa144cdc8cf40cab4b2ce0440457e245eb58744e457753a9a5b27a7fa67cd2,sha256:971ab354421759100f3c8d436a10a528a29f138d733aed2481291ac28345ada7,sha256:971ab354421759100f3c8d436a10a528a29f138d733aed2481291ac28345ada7,PRE_IB,3,1,False
sha256:25fe599dc22a1edc79d64db38d787481a8a0e7acd4a83b83b938ee3de35f633b,sha256:57cc94cf66a8017a7ca1212d523a18414f9dcc62443436012268f434d8b0e859,sha256:57cc94cf66a8017a7ca1212d523a18414f9dcc62443436012268f434d8b0e859,PRE_IB,3,0,False
sha256:2b04686f26ff3a5ef1f854cfa1f27a54eb3ad1fc242885b0aa9f8ed70f856335,sha256:bcd219b6a06009efa545d617b7ca5e37f9eeeeacceddd96afd9777a245ec1d80,sha256:bcd219b6a06009efa545d617b7ca5e37f9eeeeacceddd96afd9777a245ec1d80,PRE_IB,3,8,True
sha256:2f88de8e2dfd4dd93b29ae1d50513fed3ef3d03131015ee83f0b2c5a4f8b85f1,sha256:16123b56ec261edc960be14b5e8bff8943005c23ca9ed37e432a578495504980,sha256:16123b56ec261edc960be14b5e8bff8943005c23ca9ed37e432a578495504980,PRE_IB,3,0,False
sha256:31440bc3e5679e7db44d799df4cda40a6b4b5036b4248d2c215dd559ca7ab204,sha256:cc258e175be3844902316ab5bd1e0c076aa62711e973725bd2084252c53d58ab,sha256:cc258e175be3844902316ab5bd1e0c076aa62711e973725bd2084252c53d58ab,PRE_IB,3,0,False
sha256:34e1640dddb2189641d8114c383322b89b44b2f9f203668e9b4dd9f3c59b2385,sha256:6737668e6f593ca9d89b88d27af228956044fc837b2f36ec7ba85962674ee51a,sha256:6737668e6f593ca9d89b88d27af228956044fc837b2f36ec7ba85962674ee51a,PRE_IB,3,0,False
sha256:351755fd8a70eb14bc9a8058768a60fcb02b32acbcda041a7566b4fdcb7634d0,sha256:8497e6119a87983b8493a77450e23a76a283f63303b9c6448674cfce163c8df0,sha256:8497e6119a87983b8493a77450e23a76a283f63303b9c6448674cfce163c8df0,PRE_IB,3,0,False
sha256:402e50f1ff2b6883ca83dfccca0fc7f64b884554559ee570d3f1a5fbfb592f77,sha256:8c379057e8d31fe7a7fe25ef96da8ecbe95b3ed1e52f7f9dd8f6e8fd2fd728c4,sha256:8c379057e8d31fe7a7fe25ef96da8ecbe95b3ed1e52f7f9dd8f6e8fd2fd728c4,PRE_IB,3,0,False
sha256:44f1aa2681ebb944368caf826e3a034a76e9d2e60a172fec117d6fceea3c2138,sha256:ed23d5fdd85984b4e5c35a6114fab047232128c53659e4aa177b848e31957b12,sha256:ed23d5fdd85984b4e5c35a6114fab047232128c53659e4aa177b848e31957b12,PRE_IB,3,0,False
sha256:4b1e28733ab8e4bebdbee6cb187098efe69ce2863b5785c0b4f5c113f3bc665c,sha256:6b621c58148122045de69ebd5f3a0b0f75df1ef88cd0fa55f510a0ee0594db2c,sha256:6b621c58148122045de69ebd5f3a0b0f75df1ef88cd0fa55f510a0ee0594db2c,PRE_IB,3,1,False
sha256:510abd23e23e320ff38ddd1f3853911be839643757730779fe7933a210573ab7,sha256:5434a03ebef5fd63779e64b16f187eacbc778f933d01e561233bd6bf40882d2c,sha256:5434a03ebef5fd63779e64b16f187eacbc778f933d01e561233bd6bf40882d2c,PRE_IB,3,0,False
sha256:63a73f9efff44891959717f3e7a601c46a19896544d7816d7d7608b43d12d6ba,sha256:c060aab46fad78b7263e6706fbd480bf2ccd06e5e83965cadd1a792fd7204912,sha256:c060aab46fad78b7263e6706fbd480bf2ccd06e5e83965cadd1a792fd7204912,PRE_IB,3,0,False
sha256:651d1c25c6869ad0047b73cebaf29447014385404c2a6300ab266c3af01b5b5b,sha256:5b9503bfb1fad26081d09b26eac6c3ffb9ddb97f10e058ba84e4ff2900d71747,sha256:5b9503bfb1fad26081d09b26eac6c3ffb9ddb97f10e058ba84e4ff2900d71747,PRE_IB,3,0,False
sha256:6710bf2d94fd133a2e3198a219550df6575c6c9ad17177fc29515fa62236c8a5,sha256:3f872ac6cdbb78b711007d168dfc6c0a1a72551a87b8a58655e41a902b68d55d,sha256:3f872ac6cdbb78b711007d168dfc6c0a1a72551a87b8a58655e41a902b68d55d,PRE_IB,3,0,False
sha256:6c8e828f71a05c5c7ac186aeccf4963d88fd55d5ddd5ffa500dece610782031d,sha256:1102e3941a4ba02c56ead46df20bb04649038ed44ac7e5d7ef448336f2abc783,sha256:1102e3941a4ba02c56ead46df20bb04649038ed44ac7e5d7ef448336f2abc783,PRE_IB,3,7,True
sha256:6d39926190538294f7153287c797b64afa70e4405610e6997c682a34d71f1f39,sha256:b58679771067c996e0e4a911f54c6f1cc9cab930bb3ff39fbdd96b12f2cbf99e,sha256:b58679771067c996e0e4a911f54c6f1cc9cab930bb3ff39fbdd96b12f2cbf99e,PRE_IB,3,0,False
sha256:7a303a13be87a210af44b6e4f8b454f5b3a9106f8f1e1e05d1542b20c7734aff,sha256:903fb67e74eee89103bcd6487e64fc90c696bcb81afd70c75f06a91607420363,sha256:903fb67e74eee89103bcd6487e64fc90c696bcb81afd70c75f06a91607420363,PRE_IB,3,4,True
sha256:8529a23662e22b9ffd26a82dc98e03c1415a54bea3ae930cf84f0fe06b37872e,sha256:7b797465920d0dd630211c45659cbe83ea13a5e303c93a5e10651909064fad6b,sha256:7b797465920d0dd630211c45659cbe83ea13a5e303c93a5e10651909064fad6b,PRE_IB,3,0,False
sha256:8b1cd58281a9dfd745efda44159737fd261f3e5a0394d8bf26bd0858569c4989,sha256:4265ee37dba0c96a46e7f000d7a70378132a9ce5c43004e8631e178c2ddad6b2,sha256:4265ee37dba0c96a46e7f000d7a70378132a9ce5c43004e8631e178c2ddad6b2,PRE_IB,3,6,True
sha256:8dede4f142335c2392da8ba546a888102138b6e530d2f14911ac6147a417c717,sha256:30bc447f1a582a45dca59a887e0bc5ae01e0abb6f93558bb0e2b99a4d7593d6e,sha256:30bc447f1a582a45dca59a887e0bc5ae01e0abb6f93558bb0e2b99a4d7593d6e,PRE_IB,3,0,False
sha256:8ec4cb7b2667f829df62a3748d8aa2fe9fd16c72b8541f202ec4b5fa27c25c2f,sha256:6749d040d5f6438a309cf93ff56ba0915fdb2465cb07c1c13973d508fecde27b,sha256:6749d040d5f6438a309cf93ff56ba0915fdb2465cb07c1c13973d508fecde27b,PRE_IB,3,0,False
sha256:8f79d882dda34aceda0cc2aedb1ec15fd6de01695e208dfeae83ed7ae3d57bd9,sha256:057c65d1ca630ae359f7748cb27fe0e344ad6a11276f7ed2f90c764d816529a1,sha256:057c65d1ca630ae359f7748cb27fe0e344ad6a11276f7ed2f90c764d816529a1,PRE_IB,3,0,False
sha256:9136d802eeeb2edae0bad6b4688d8f82f096a435c4768b05ff3b2ae4e83fc470,sha256:816cba014f513f2109d353154159791bc8507d53a11e4244e43237f4dce2737e,sha256:816cba014f513f2109d353154159791bc8507d53a11e4244e43237f4dce2737e,PRE_IB,3,0,False
sha256:92954cdff5a86c68328d0a8f09ca47398b691ff8412d2cd90e1ef55b72178388,sha256:1aa6c298a066fa52c20b2be5cc403455f54ada03daa5dc96df9ece0299f7bbcf,sha256:1aa6c298a066fa52c20b2be5cc403455f54ada03daa5dc96df9ece0299f7bbcf,PRE_IB,3,0,False
sha256:9db48b846fa1564a70ddc8d2cd2dae62e8e2b76c470614b4ede20d0f1ebcd0c9,sha256:11010237a5edcb4a44b48c8fd9bde8a44fd4446a4dcc8d77a0b9c258567100fc,sha256:11010237a5edcb4a44b48c8fd9bde8a44fd4446a4dcc8d77a0b9c258567100fc,PRE_IB,3,0,False
sha256:a18676c27b5e9bf753b73e24f65c06fba864c7c06c32851b9a4c5af13418f1ac,sha256:47afa4ea7ca123e3d3949ce40bf55190ed8d9f52003dcb352cf7bf390e51551e,sha256:47afa4ea7ca123e3d3949ce40bf55190ed8d9f52003dcb352cf7bf390e51551e,PRE_IB,3,0,False
sha256:ae88e6a57a9d1596e3f49145f73633957dd15ca16e2a0869ff9b84d580a4b124,sha256:7bb75dcb6fbfb67c39ec31bd93c9b545524d3b55c479a2796d0c85430b903da5,sha256:7bb75dcb6fbfb67c39ec31bd93c9b545524d3b55c479a2796d0c85430b903da5,PRE_IB,3,0,False
sha256:aedab96ddd9ea7a740af09f38e3b5ac1a054a44295e3fe2aeb3124eb2b2fab56,sha256:16e7205bf1da600d7b3192a45040e91075db98c41f6404db7eccd39a19ead08c,sha256:16e7205bf1da600d7b3192a45040e91075db98c41f6404db7eccd39a19ead08c,PRE_IB,3,0,False
sha256:b00572d512ad12902cbeb806e1232808ca3d76ad6adcbc6a6247ef685a371753,sha256:4ce12fe1b5b24fbe8d43a6cb96ae71a6efd8296aa24f882435a2138f48234a45,sha256:4ce12fe1b5b24fbe8d43a6cb96ae71a6efd8296aa24f882435a2138f48234a45,PRE_IB,3,0,False
sha256:bb6a3a1dfac623ada2d14aca8d6f5478d2d136818469561e8bfa82604cd6829a,sha256:e480aa4bb569d9e00bd7e5d46e3143d7f4f8123604e7c61d2b9c505129bc0549,sha256:e480aa4bb569d9e00bd7e5d46e3143d7f4f8123604e7c61d2b9c505129bc0549,PRE_IB,3,0,False
sha256:c11cc4ac45fa99bf7a0262c199c31bfbadf6372c3a4722db663df8564fcd8c1b,sha256:5f721fad48e1e4d3fa09050e6ca2e15d981c63067cdda712da7508442bf922d4,sha256:5f721fad48e1e4d3fa09050e6ca2e15d981c63067cdda712da7508442bf922d4,PRE_IB,3,0,False
sha256:c667775745918d82640a962c0a0af11d2a072a97d7ad14915a963dd62cfba789,sha256:981413b9f36efdbb7ef349c67a8f340179b794c3f6424041520596ee93da6e35,sha256:981413b9f36efdbb7ef349c67a8f340179b794c3f6424041520596ee93da6e35,PRE_IB,3,0,False
sha256:c93b7957ac3b84b4db39d22952d2dcc28ed430f32c54f168c33d1e0be55abdb3,sha256:4328a1c11ce9f6a1b1fcf3671ae549d63097c8a2a6f0778d52d9cf0f713d6fd6,sha256:4328a1c11ce9f6a1b1fcf3671ae549d63097c8a2a6f0778d52d9cf0f713d6fd6,PRE_IB,3,0,False
sha256:cfdbdcb2ac2450fc35b3eae40cadb5b179c7168cd636fe95cfbce2a932596707,sha256:ee337d5afe24bc12ccb7088a360a521511cf786935110a3a1460c47782156d95,sha256:ee337d5afe24bc12ccb7088a360a521511cf786935110a3a1460c47782156d95,PRE_IB,3,7,True
sha256:d3ed059578f7fd0714346decd46b964c5ea3991a64939cd76ea5330b65a76826,sha256:9859703a9323174b92d458aa73b47827c2f8ae47a7e5d48c9c7149e17966af4f,sha256:9859703a9323174b92d458aa73b47827c2f8ae47a7e5d48c9c7149e17966af4f,PRE_IB,3,3,True
sha256:d819a0c974552effd49673acbec18d5eda40ee393222fdb1acd448f5092451c9,sha256:bad37ff8136f26d48e5826a56df1ba7692a52e99ab2c1ff77425abc9e3d44051,sha256:bad37ff8136f26d48e5826a56df1ba7692a52e99ab2c1ff77425abc9e3d44051,PRE_IB,3,1,False
sha256:dc99925fe37b8a67137b8b43e1bc607abb03732380e63034ec46fd6eabe4d37a,sha256:0e0081c19f416d375337bffca7329a44fb95740317768ffb11e8419fe45f67d9,sha256:0e0081c19f416d375337bffca7329a44fb95740317768ffb11e8419fe45f67d9,PRE_IB,3,0,False
sha256:ddc691538db897df846acfa4ba1dfe3332c4c04f9270cde23794be1eafeaf344,sha256:1487cdbaf3586ba7b9726e3593f24eff641e8c5c5cf44d12cc37fc7a196eb30b,sha256:1487cdbaf3586ba7b9726e3593f24eff641e8c5c5cf44d12cc37fc7a196eb30b,PRE_IB,3,0,False
sha256:f002e1ea1efd57bc6aacf2fd697e8792978edcc68e8782b31b5f756d30e6b480,sha256:b09636a657251e9d4216b7ef95e07185b5e540baed4f79411a87da550267e5ac,sha256:b09636a657251e9d4216b7ef95e07185b5e540baed4f79411a87da550267e5ac,PRE_IB,3,0,False
sha256:f8585a199d876b2529da3743f679c3f93d57a1667dc6dd7851915b127794bd83,sha256:f997db307b451ced0ed69df4f877e2f244c83efdc70584241a46b9c84342e8a8,sha256:f997db307b451ced0ed69df4f877e2f244c83efdc70584241a46b9c84342e8a8,PRE_IB,3,0,False
sha256:fa358aaec54a8e20890dec4a8f9bd076455d0efbbdf2a884c9632d515afb96e6,sha256:ba1b57b4cfa8fb9d1f5458be6f25b5b95ef1c326a172c12147aa4dd24f51aedd,sha256:ba1b57b4cfa8fb9d1f5458be6f25b5b95ef1c326a172c12147aa4dd24f51aedd,PRE_IB,3,1,False
sha256:fe6b227984dd8a16db0b4c9a65e9dc1fc5f70084d2ccb0e5e896df39f32d6a9c,sha256:8e8c9d5e772384f720a5bba2b3c204952e0122d5a68e98673441f6165b5ddf12,sha256:8e8c9d5e772384f720a5bba2b3c204952e0122d5a68e98673441f6165b5ddf12,PRE_IB,3,0,False
sha256:00b05b273658f3332865de1e9796d851ca6a2919bb7e4b04ee3e58f06dfe56c6,sha256:edfdf585c6afb6dc8894af29de5681887c288f1d2cf8a178c623dd55078b015f,sha256:edfdf585c6afb6dc8894af29de5681887c288f1d2cf8a178c623dd55078b015f,POST_IB_PRE_OB,4,0,False
sha256:00e8e773cd283d939ca84156277aff75b1c9ef7a14cb2e3f5e073116f61ab1cf,sha256:1d3c7da17e5875f62cb5d8a0dfa06c0ccf049ac6bad37f7e430ae3c81b0358fe,sha256:1d3c7da17e5875f62cb5d8a0dfa06c0ccf049ac6bad37f7e430ae3c81b0358fe,POST_IB_PRE_OB,4,0,False
sha256:02b711e90d440bcac9e7f163616a5b76929dfbad5f6bb2c0335c5bf85959ad65,sha256:53a1308c333c44d8f8a523127b010c5071e6ba0b600d4f3eb5e869104000a325,sha256:53a1308c333c44d8f8a523127b010c5071e6ba0b600d4f3eb5e869104000a325,POST_IB_PRE_OB,4,2,False
sha256:06175f5b45577085e11e76989574ab452a8bd8302e12d0b474181b63941dc70a,sha256:0caa35f6636548b031c543a6d8678b41b4aea08deec7a3983c6cc68a1ece117a,sha256:0caa35f6636548b031c543a6d8678b41b4aea08deec7a3983c6cc68a1ece117a,POST_IB_PRE_OB,4,0,False
sha256:06eebf6187fae5c4b5cb17b45cf57576dc2853d3944de85276bd6fbecc169ab9,sha256:93f5c0828bd5b82d3832d919d8fe5b8f4300cfe6c9c3e953746e86d251821675,sha256:93f5c0828bd5b82d3832d919d8fe5b8f4300cfe6c9c3e953746e86d251821675,POST_IB_PRE_OB,4,7,True
sha256:0a3614eb32c0724b572424173c306ae90f30957ba07dcbfaa924207801aa32fa,sha256:e86aa95cd76b1e745cdbdda75649a98ed6f6e52d2a4a73161fd7aa9d7b818412,sha256:e86aa95cd76b1e745cdbdda75649a98ed6f6e52d2a4a73161fd7aa9d7b818412,POST_IB_PRE_OB,4,0,False
sha256:0dcfae5a2f00a7a4f20494ea14c926169491cdcb628fb59e54a304d5013dd671,sha256:f6bf7783ee0b170dbb73ee5d418e04fec5fb282fd403bad976c9b1a35539fc83,sha256:f6bf7783ee0b170dbb73ee5d418e04fec5fb282fd403bad976c9b1a35539fc83,POST_IB_PRE_OB,4,0,False
sha256:131687a2a4d1ce3d87839668761d426361e0f6474d5e3c22895ba7ed1fd37e43,sha256:e342e7de4df5dd481ac0ebda139b264215edd0b12ee9229df80b2bdc31b61815,sha256:e342e7de4df5dd481ac0ebda139b264215edd0b12ee9229df80b2bdc31b61815,POST_IB_PRE_OB,4,0,False
sha256:17cb9f5c5180ae688b3d4a691216cbb6e153dd26fec2a70ec212f96d4a3e19f6,sha256:54c118da997363d7bea66b4dca367652732d27708a06413c8ef673815d6272a2,sha256:54c118da997363d7bea66b4dca367652732d27708a06413c8ef673815d6272a2,POST_IB_PRE_OB,4,0,False
sha256:181bc7c975fd4b2da221a0b667fef47f9b851c9cf9c2f60a9d2ed76de463c702,sha256:e428615e517b78bc97e766c56032e1531e4345ec50c396659dbc43989fa6afeb,sha256:e428615e517b78bc97e766c56032e1531e4345ec50c396659dbc43989fa6afeb,POST_IB_PRE_OB,4,0,False
sha256:19018d30b8242c3626aa00ca5672a0a99fdfb5627522791ce4231a969b41626d,sha256:557d1927536ab0aabef134f41ee52ed85642241e1af086e61a4214554909dd4c,sha256:557d1927536ab0aabef134f41ee52ed85642241e1af086e61a4214554909dd4c,POST_IB_PRE_OB,4,0,False
sha256:19c3ba96b1702f047910bbbce7058a4000ac8b2acafd113a3c36a35147dff201,sha256:24a1d406326f0dd43f8bafeb887f77678519774b4fd3331530b956a4aec3b19f,sha256:24a1d406326f0dd43f8bafeb887f77678519774b4fd3331530b956a4aec3b19f,POST_IB_PRE_OB,4,0,False
sha256:1aaa144cdc8cf40cab4b2ce0440457e245eb58744e457753a9a5b27a7fa67cd2,sha256:96775ad254d06048ccfcd53dea45e00a119cd74b11a428bf055dcdea4bcbdec8,sha256:96775ad254d06048ccfcd53dea45e00a119cd74b11a428bf055dcdea4bcbdec8,POST_IB_PRE_OB,4,0,False
sha256:1b38dfe1dd2690b17c5845dc0d41cf26511f63a6fd9412b810642e365802adc4,sha256:92fb0e62e5cb8278c4f65f63d657afe5d58bcbb67312ebca1ea88a8a1ae94e69,sha256:92fb0e62e5cb8278c4f65f63d657afe5d58bcbb67312ebca1ea88a8a1ae94e69,POST_IB_PRE_OB,4,0,False
sha256:22af1782183a59cb9c7ceb95e41ac6227e1069d5774b9ec5848041809a646143,sha256:cb2bd977a0a0050b50dc0e89dbef80118cfe353d8000171fa8ae80d47779a337,sha256:cb2bd977a0a0050b50dc0e89dbef80118cfe353d8000171fa8ae80d47779a337,POST_IB_PRE_OB,4,2,False
sha256:2535ad26710c031ab1827c61c902b08a37ff80f68a6e45abb36c2bc4904a1cb6,sha256:cc18251e3aa422e3199388b0b3fed8f176940eccc17a0cc95560a0dd06ead7a9,sha256:cc18251e3aa422e3199388b0b3fed8f176940eccc17a0cc95560a0dd06ead7a9,POST_IB_PRE_OB,4,0,False
sha256:25fe599dc22a1edc79d64db38d787481a8a0e7acd4a83b83b938ee3de35f633b,sha256:fef3c6e090e76e1abef57068c5570a86161395b3d572336f06b0cccf316661ad,sha256:fef3c6e090e76e1abef57068c5570a86161395b3d572336f06b0cccf316661ad,POST_IB_PRE_OB,4,0,False
sha256:29a423c8c4fc9dc08eabb584988d1d942c78c6f372c39e98876f9af82ccebba4,sha256:ac93cbf9c38411063c0370cbc27f7ff18a9309cae49433bfee812202eac230d5,sha256:ac93cbf9c38411063c0370cbc27f7ff18a9309cae49433bfee812202eac230d5,POST_IB_PRE_OB,4,0,False
sha256:2b04686f26ff3a5ef1f854cfa1f27a54eb3ad1fc242885b0aa9f8ed70f856335,sha256:10809eca963a9c4c722ab89c586e46c0a44162740e22dadcf03ed15806e37eb6,sha256:10809eca963a9c4c722ab89c586e46c0a44162740e22dadcf03ed15806e37eb6,POST_IB_PRE_OB,4,8,True
sha256:2f88de8e2dfd4dd93b29ae1d50513fed3ef3d03131015ee83f0b2c5a4f8b85f1,sha256:d762d95fe2042a6872cb92bd4ee8044dc58bd4a8aa9a9926e3468366aa0fade1,sha256:d762d95fe2042a6872cb92bd4ee8044dc58bd4a8aa9a9926e3468366aa0fade1,POST_IB_PRE_OB,4,0,False
sha256:303410c378ce9366901a9312d7eca17462f978c69efe6a4716458489c2a91129,sha256:c44a1224a2cc3e9d98aa3c35267bce55ed67c05f820f0003d16b24f03105526e,sha256:c44a1224a2cc3e9d98aa3c35267bce55ed67c05f820f0003d16b24f03105526e,POST_IB_PRE_OB,4,0,False
sha256:31440bc3e5679e7db44d799df4cda40a6b4b5036b4248d2c215dd559ca7ab204,sha256:6661d6a93bb32debe91dc662587a3462ee7baad0fdcb5690963c0ede833d3f99,sha256:6661d6a93bb32debe91dc662587a3462ee7baad0fdcb5690963c0ede833d3f99,POST_IB_PRE_OB,4,0,False
sha256:330272da4115b59e0fc45effab0c00959f23f483620a509aa53295aee8a5c81d,sha256:b462410bcd04c5203ab4015ca22b436129106561c99f4789315527361d95a201,sha256:b462410bcd04c5203ab4015ca22b436129106561c99f4789315527361d95a201,POST_IB_PRE_OB,4,0,False
sha256:34e1640dddb2189641d8114c383322b89b44b2f9f203668e9b4dd9f3c59b2385,sha256:f8c6f5a943410e5e571ed702d40c4f8b201d726bb0c73d4d10486aa88ad748c1,sha256:f8c6f5a943410e5e571ed702d40c4f8b201d726bb0c73d4d10486aa88ad748c1,POST_IB_PRE_OB,4,0,False
sha256:351755fd8a70eb14bc9a8058768a60fcb02b32acbcda041a7566b4fdcb7634d0,sha256:0a69737c7deb68ab687c57cbe64201c48f7db25bb1cc4a59983f5a155189a881,sha256:0a69737c7deb68ab687c57cbe64201c48f7db25bb1cc4a59983f5a155189a881,POST_IB_PRE_OB,4,0,False
sha256:39638a61edea8c9430fb7c6a9a25400c086b685169f8504a1919ca2d69d06558,sha256:95a2453515b40dc6bb5815de94ce9e01ffdfac886419efde1b6e278f9807fe92,sha256:95a2453515b40dc6bb5815de94ce9e01ffdfac886419efde1b6e278f9807fe92,POST_IB_PRE_OB,4,0,False
sha256:3c0efef12c89add8481f7b74abc06ace2acfc7c9ae2c8911f59a6f4d11affca8,sha256:d21ea2c3d6c4835187b0da3c1a974383dcf25bc948f1bbcce580a84d14b3537f,sha256:d21ea2c3d6c4835187b0da3c1a974383dcf25bc948f1bbcce580a84d14b3537f,POST_IB_PRE_OB,4,6,True
sha256:3cbe1d3c28fefc5e05634bd16bac697f6f3b6c8ec24dc0269b5f2a12417ef2a2,sha256:e036a0ad1363191f327fec493c0aea9ee57da2330daebd9de9db0ba59608341f,sha256:e036a0ad1363191f327fec493c0aea9ee57da2330daebd9de9db0ba59608341f,POST_IB_PRE_OB,4,0,False
sha256:402e50f1ff2b6883ca83dfccca0fc7f64b884554559ee570d3f1a5fbfb592f77,sha256:0e005d35d71579eaa9c49d2d2d85827ad46d8d933c73428175f3afb9c7af5612,sha256:0e005d35d71579eaa9c49d2d2d85827ad46d8d933c73428175f3afb9c7af5612,POST_IB_PRE_OB,4,0,False
sha256:42a14675030dafcd004783399878efe6902b6b8df0bc9a976dd8eec7f557edc3,sha256:437397c9d275cd6515c812f68e4a4408fdfceb791291c825df13a564000725eb,sha256:437397c9d275cd6515c812f68e4a4408fdfceb791291c825df13a564000725eb,POST_IB_PRE_OB,4,1,False
sha256:436b80c2e54bc585729f4ed9aba0e7507351da1428093c88f7198ece74393838,sha256:d5db3539bdca289cd2611d373548326b60607d0dc1feccab83ed780c4bb72592,sha256:d5db3539bdca289cd2611d373548326b60607d0dc1feccab83ed780c4bb72592,POST_IB_PRE_OB,4,0,False
sha256:44f1aa2681ebb944368caf826e3a034a76e9d2e60a172fec117d6fceea3c2138,sha256:653d8652cfbaae83bd4f652f716ae5f5414f34f27af68778ea1eddece0c950b1,sha256:653d8652cfbaae83bd4f652f716ae5f5414f34f27af68778ea1eddece0c950b1,POST_IB_PRE_OB,4,1,False
sha256:4b57944dca417714024c2cb73b578abc8e9c84656e9c472735690e42f962b4a7,sha256:b61b41dfbb5e9a4fd307732b727adaab5722ded5b97efe7f9aa3f903cf057e8f,sha256:b61b41dfbb5e9a4fd307732b727adaab5722ded5b97efe7f9aa3f903cf057e8f,POST_IB_PRE_OB,4,7,True
sha256:4cc5721218e3c92a3972961c724182e47afaa7e72e67d7fcf5b0b181c236c862,sha256:b9c2282887e37bdee10e1e0681c901473fd45db4bbbea92bc1a19d3de8750fd0,sha256:b9c2282887e37bdee10e1e0681c901473fd45db4bbbea92bc1a19d3de8750fd0,POST_IB_PRE_OB,4,0,False
sha256:4ceded2e20c37c4bd58c23dacbce7a3e6c6f344645cf12d5b9d53daaba772059,sha256:8c6a59f2668178d3e8460c48e6a3e79cdd8b5452759c1b2cc9a05436f89b66a6,sha256:8c6a59f2668178d3e8460c48e6a3e79cdd8b5452759c1b2cc9a05436f89b66a6,POST_IB_PRE_OB,4,0,False
sha256:4dd77563fd50d7c805fc789c9974ff08e00177b1376203e49df9b84fdfaa9f47,sha256:8451119d54ab50c58ffa99949c291d4fbf4d35da0cfd8529af03707ae8fa14f8,sha256:8451119d54ab50c58ffa99949c291d4fbf4d35da0cfd8529af03707ae8fa14f8,POST_IB_PRE_OB,4,0,False
sha256:510abd23e23e320ff38ddd1f3853911be839643757730779fe7933a210573ab7,sha256:4afc6772d3bfc6dbeb82078193742649dfb71785fdf021496a8015739746b3a6,sha256:4afc6772d3bfc6dbeb82078193742649dfb71785fdf021496a8015739746b3a6,POST_IB_PRE_OB,4,0,False
sha256:5127cac22e525d592ee8cb981de5e070b24764e1585466b612ef1afa149955fb,sha256:f11e7e067cad51427600c4d6ce3aa0e2e72560a6fe937104bb81c5c6fb77ce0c,sha256:f11e7e067cad51427600c4d6ce3aa0e2e72560a6fe937104bb81c5c6fb77ce0c,POST_IB_PRE_OB,4,0,False
sha256:56fd853a34b14f4f2c93241dfde7c8a8978cb393bc464515c91e4837bd3cf201,sha256:d072716e8dd92ee7e7cea50827aaa156b435deb813d555f03f8b4f3d78b251b8,sha256:d072716e8dd92ee7e7cea50827aaa156b435deb813d555f03f8b4f3d78b251b8,POST_IB_PRE_OB,4,0,False
sha256:5beb1a6d99bbbd17fd51c7fbc4ef4e63ed2d7101e5ceda1492c756db1f2122c7,sha256:7a256d3c7a3f6339a002db4d3750843b450e5e219281f19854225457f06a0f2d,sha256:7a256d3c7a3f6339a002db4d3750843b450e5e219281f19854225457f06a0f2d,POST_IB_PRE_OB,4,0,False
sha256:61faf60db885a5f7432518ff29e228ecf3f8d4aa0f4e90860233da996e7d6fc7,sha256:24f380aa8e9f80d9934fb836d7dd32ed5aa607d22236bf686feefe206c314d8b,sha256:24f380aa8e9f80d9934fb836d7dd32ed5aa607d22236bf686feefe206c314d8b,POST_IB_PRE_OB,4,0,False
sha256:62af01a047ac10066296e766243f1e1f3f03b4b107a166319407db7df23f4dc4,sha256:2afb084fcd2d2c66556ed19b0f6ccdac6418a2cb1f998e8378550c7b9bc8fb1c,sha256:2afb084fcd2d2c66556ed19b0f6ccdac6418a2cb1f998e8378550c7b9bc8fb1c,POST_IB_PRE_OB,4,0,False
sha256:63332b181b4f85d57c3f1f8aa629d80c9386423705d6bac0512a19938277ed18,sha256:888e8f24088a9e50866ef9ee69de81e3c8314fd1d3da25aca45535a3375580f3,sha256:888e8f24088a9e50866ef9ee69de81e3c8314fd1d3da25aca45535a3375580f3,POST_IB_PRE_OB,4,0,False
sha256:651d1c25c6869ad0047b73cebaf29447014385404c2a6300ab266c3af01b5b5b,sha256:7550976f06a0a0128585aa80ed4b23c50c9b915e503f0cb6edc0314c9969b04f,sha256:7550976f06a0a0128585aa80ed4b23c50c9b915e503f0cb6edc0314c9969b04f,POST_IB_PRE_OB,4,0,False
sha256:6710bf2d94fd133a2e3198a219550df6575c6c9ad17177fc29515fa62236c8a5,sha256:09fb4a399e4783bea8b9dd6ced363d1806f872cb5341a6aa7e5d05bfb07db6d6,sha256:09fb4a399e4783bea8b9dd6ced363d1806f872cb5341a6aa7e5d05bfb07db6d6,POST_IB_PRE_OB,4,0,False
sha256:6c8e828f71a05c5c7ac186aeccf4963d88fd55d5ddd5ffa500dece610782031d,sha256:3a2e051d5300bc13cdeb1205da3de6f9b24d42d7dd6550f716e0fce91548828b,sha256:3a2e051d5300bc13cdeb1205da3de6f9b24d42d7dd6550f716e0fce91548828b,POST_IB_PRE_OB,4,8,True
sha256:6d39926190538294f7153287c797b64afa70e4405610e6997c682a34d71f1f39,sha256:a697bdf33f52a74a01cec25cd12fc8fc4d58be2da6afa6dbdd83b14158d11e21,sha256:a697bdf33f52a74a01cec25cd12fc8fc4d58be2da6afa6dbdd83b14158d11e21,POST_IB_PRE_OB,4,0,False
sha256:6d5af9abdb6bc0b322b30d9cad06d7471821fff96df8c14ffca52fe4ac05164c,sha256:fa6b6701bd3aec99533bd5b57b1b81370cc5d6198e4d5b2bceff9e9b31fa7aef,sha256:fa6b6701bd3aec99533bd5b57b1b81370cc5d6198e4d5b2bceff9e9b31fa7aef,POST_IB_PRE_OB,4,0,False
sha256:6eda9cdf75c1e5fb3b598b18b05d588ec3b00281457bdea1a2ea3e120aef1c48,sha256:6a46a162e77eceef1dab9958ddc81979261637ad9f9066e3c17dff34e14517dc,sha256:6a46a162e77eceef1dab9958ddc81979261637ad9f9066e3c17dff34e14517dc,POST_IB_PRE_OB,4,2,False
sha256:73d86411ce4c378261aab5edc53d9b472631a7670b7866e1d4ba5422d05430c5,sha256:db7321ea61566115b4d046859ad8c9f08261a342581051abffc60eba9f1ab415,sha256:db7321ea61566115b4d046859ad8c9f08261a342581051abffc60eba9f1ab415,POST_IB_PRE_OB,4,0,False
sha256:75a2e2b6ef83fe44f16611fe8c79c7e51553b21c5262571ea1ed1dad3a7fdc73,sha256:f2c81acd2cab99581c8ea7023e2c2329a7ca6d60eb199bdca588ecd38a718f44,sha256:f2c81acd2cab99581c8ea7023e2c2329a7ca6d60eb199bdca588ecd38a718f44,POST_IB_PRE_OB,4,0,False
sha256:79c2db204a92c4ebb042a7ed764220250a8e99df9315de602a17f5d70a620f5a,sha256:d392db5ca192f971b9632831ed75a0ca6c2cd09549b4a0d38d1e5be44efa84eb,sha256:d392db5ca192f971b9632831ed75a0ca6c2cd09549b4a0d38d1e5be44efa84eb,POST_IB_PRE_OB,4,0,False
sha256:7a303a13be87a210af44b6e4f8b454f5b3a9106f8f1e1e05d1542b20c7734aff,sha256:49a947bbf6c4f2660755734ebf1a15a609bc38e6e6117b4473a3f2332f5d145c,sha256:49a947bbf6c4f2660755734ebf1a15a609bc38e6e6117b4473a3f2332f5d145c,POST_IB_PRE_OB,4,2,False
sha256:7ad35ec0017d1bb984fe4321d99f45a61e9ab7c6f2e5020ac21656dd8bbb7c0e,sha256:e33f8c29e1afa0532a11d130b8b2d744289b9b03ad5225d5ade0d21afccb25e5,sha256:e33f8c29e1afa0532a11d130b8b2d744289b9b03ad5225d5ade0d21afccb25e5,POST_IB_PRE_OB,4,0,False
sha256:7f2fe4ffae7d8e36f9e0c4fab024049858b34c10d7520981d2555d0a310e913c,sha256:ab1fdbe49fe71606422a06b9d79a995aa3114d146d2ceb438168baba8269946a,sha256:ab1fdbe49fe71606422a06b9d79a995aa3114d146d2ceb438168baba8269946a,POST_IB_PRE_OB,4,0,False
sha256:7fd23dce052089e82cfff87c56e5fbd55cba17e65e209fd6ef24c883d7a29f0d,sha256:1e66fb04e1c96fa7d59047694b7f66db388d392f9edf01540e70ae35c0ed1ccc,sha256:1e66fb04e1c96fa7d59047694b7f66db388d392f9edf01540e70ae35c0ed1ccc,POST_IB_PRE_OB,4,0,False
sha256:802eadf18c516c6866ee9487911e4f6527c31b7675f3138d74361f5b3e1b4da0,sha256:5d4aaf5d038a4ef9d1787f7054b0cd411efbb12bf18cafdd47f326e4d452eb3b,sha256:5d4aaf5d038a4ef9d1787f7054b0cd411efbb12bf18cafdd47f326e4d452eb3b,POST_IB_PRE_OB,4,0,False
sha256:8103566065b9d055f455fcf60e91908f8e0796d2647d54a1fbc0781654c688fa,sha256:910a4bc0c1528d89177c7ddac2c49d07699afd0f43896d26f325bfa870ba49c0,sha256:910a4bc0c1528d89177c7ddac2c49d07699afd0f43896d26f325bfa870ba49c0,POST_IB_PRE_OB,4,0,False
sha256:821d9c064ce0d35c20d67925cf60d653dcff4e42018cc8d874ae780dcd8f4648,sha256:3ea1618fe3d1dd483034ce39cc6097c2ff8a44b7221e33958d32b6c3aae28f25,sha256:3ea1618fe3d1dd483034ce39cc6097c2ff8a44b7221e33958d32b6c3aae28f25,POST_IB_PRE_OB,4,0,False
sha256:8529a23662e22b9ffd26a82dc98e03c1415a54bea3ae930cf84f0fe06b37872e,sha256:118512a53bf3e628857be09b6015191328a80b125fe37e3e608eb143a646c742,sha256:118512a53bf3e628857be09b6015191328a80b125fe37e3e608eb143a646c742,POST_IB_PRE_OB,4,0,False
sha256:8b1cd58281a9dfd745efda44159737fd261f3e5a0394d8bf26bd0858569c4989,sha256:9c905603d962258ebd674ea474cd50ccde1889ee9fecd1af27b961746a52ab03,sha256:9c905603d962258ebd674ea474cd50ccde1889ee9fecd1af27b961746a52ab03,POST_IB_PRE_OB,4,7,True
sha256:8dede4f142335c2392da8ba546a888102138b6e530d2f14911ac6147a417c717,sha256:6e580783712fddd5e8e7c96a9bdec5a797777c27812253caedc12a01f30859f2,sha256:6e580783712fddd5e8e7c96a9bdec5a797777c27812253caedc12a01f30859f2,POST_IB_PRE_OB,4,3,False
sha256:8e0c43eee94d184b24df43d48bccb8f3c04c0c57fab498bfe6bea28485fe30b8,sha256:b42a54e8c5114ffe9312a2129e7499c31f34c84b00fbc37db0b0ed89e48d6951,sha256:b42a54e8c5114ffe9312a2129e7499c31f34c84b00fbc37db0b0ed89e48d6951,POST_IB_PRE_OB,4,0,False
sha256:8ec4cb7b2667f829df62a3748d8aa2fe9fd16c72b8541f202ec4b5fa27c25c2f,sha256:1532f07a2d9f3a5a9c65570c3de741c5dae7530237e525e884db036abf6c1581,sha256:1532f07a2d9f3a5a9c65570c3de741c5dae7530237e525e884db036abf6c1581,POST_IB_PRE_OB,4,1,False
sha256:8f79d882dda34aceda0cc2aedb1ec15fd6de01695e208dfeae83ed7ae3d57bd9,sha256:a752ad548138f4d535d0602beab4ea95ca9853d811e188183891b5c4f40e5bff,sha256:a752ad548138f4d535d0602beab4ea95ca9853d811e188183891b5c4f40e5bff,POST_IB_PRE_OB,4,0,False
sha256:909c65b08b7c18af875df2b8f11d5cdb914ceb2e71f3833937300b002ef4b5c5,sha256:eed2d75fa9cd4501d55362f8f3aa88bdd21eb566320a90de47e8896f79d46192,sha256:eed2d75fa9cd4501d55362f8f3aa88bdd21eb566320a90de47e8896f79d46192,POST_IB_PRE_OB,4,0,False
sha256:9136d802eeeb2edae0bad6b4688d8f82f096a435c4768b05ff3b2ae4e83fc470,sha256:7056a7bec0943a294d4c8126bcfde4d239fd14e7dd761062234321a2f2da8fa7,sha256:7056a7bec0943a294d4c8126bcfde4d239fd14e7dd761062234321a2f2da8fa7,POST_IB_PRE_OB,4,1,False
sha256:92954cdff5a86c68328d0a8f09ca47398b691ff8412d2cd90e1ef55b72178388,sha256:8e87abe443134878726cdfb79ed47a4195b0ff7238efefca74aeb5ef02f1b9c8,sha256:8e87abe443134878726cdfb79ed47a4195b0ff7238efefca74aeb5ef02f1b9c8,POST_IB_PRE_OB,4,0,False
sha256:92a29f18646e5814d1fc271bcc58a58302762a6cf73fe4ba740c45e4a0adc937,sha256:3a39d2c66fdc38c3a1fc901fd6de5214813b2f935ecf12361106153533d26ba8,sha256:3a39d2c66fdc38c3a1fc901fd6de5214813b2f935ecf12361106153533d26ba8,POST_IB_PRE_OB,4,0,False
sha256:92dfb300eff61238f0ae402e6956257e202a4ed932f4a45abb7631f7a5ae10ff,sha256:f76fbd30cfbf7ccb05d570667798d7e842bb3604c86eaca32963b86428f0943c,sha256:f76fbd30cfbf7ccb05d570667798d7e842bb3604c86eaca32963b86428f0943c,POST_IB_PRE_OB,4,0,False
sha256:9bc1c4d7908588a21802e6c224ab7595655c93af346cc39b44488108ea0c17e4,sha256:d35bd02577f33e3c200ee75bb649c7e8d69ed092e79296a58ec46bd45e636db5,sha256:d35bd02577f33e3c200ee75bb649c7e8d69ed092e79296a58ec46bd45e636db5,POST_IB_PRE_OB,4,0,False
sha256:9ce5cffb874040a620d68f9d91f95b0a279c0687adcb861dbe822ba059a9b3fe,sha256:49373cbcb2d7824a96668befe97710087bb1c78f0828706d6ae74b9ffba7b71f,sha256:49373cbcb2d7824a96668befe97710087bb1c78f0828706d6ae74b9ffba7b71f,POST_IB_PRE_OB,4,0,False
sha256:9db48b846fa1564a70ddc8d2cd2dae62e8e2b76c470614b4ede20d0f1ebcd0c9,sha256:ed5e77f797bf165b182ef44a350529fd03f8ed00e1ce7d6f82acdc345743af03,sha256:ed5e77f797bf165b182ef44a350529fd03f8ed00e1ce7d6f82acdc345743af03,POST_IB_PRE_OB,4,0,False
sha256:a41457ba655f56cd7192d6646e8ea413e88168eb808e399c0ccd008e8b3bbd74,sha256:253a76a2e0aceffda554f2deb627da18553b83261af1c4b126034de287c1fe07,sha256:253a76a2e0aceffda554f2deb627da18553b83261af1c4b126034de287c1fe07,POST_IB_PRE_OB,4,0,False
sha256:a4272b2dbb59d804c80972be0345e6c68eefe5e5b15435f4eb7524b1083972fb,sha256:90a779143bae2a757e969822d635532d0221d6433363162d5dd05249b062f76e,sha256:90a779143bae2a757e969822d635532d0221d6433363162d5dd05249b062f76e,POST_IB_PRE_OB,4,0,False
sha256:ae88e6a57a9d1596e3f49145f73633957dd15ca16e2a0869ff9b84d580a4b124,sha256:dcac9d847cc1533d81b522407a089a5498d7e8cc0778b0b6329c68872c3900ef,sha256:dcac9d847cc1533d81b522407a089a5498d7e8cc0778b0b6329c68872c3900ef,POST_IB_PRE_OB,4,0,False
sha256:aedab96ddd9ea7a740af09f38e3b5ac1a054a44295e3fe2aeb3124eb2b2fab56,sha256:fe93aa29ed2faeee2282410b9f8ef887cdc47c8d91b36d91b81197fd08133424,sha256:fe93aa29ed2faeee2282410b9f8ef887cdc47c8d91b36d91b81197fd08133424,POST_IB_PRE_OB,4,0,False
sha256:af73cf46cc7e39445099a80730dce5c7af45a971852a5baf6896d89214397d38,sha256:55a990d1c0e83f83d884252fbcf00c9e7c3f762d956327d15ca4ad3824b2a8bc,sha256:55a990d1c0e83f83d884252fbcf00c9e7c3f762d956327d15ca4ad3824b2a8bc,POST_IB_PRE_OB,4,0,False
sha256:b1b5c499dfcd0d8c24a69167194439317710dc6a47a7c2d3000b45392cae7551,sha256:4b83ddf2fc0b26b2d58964f746f394d8c8af5a5936c7ea10bf5379dce4cb9187,sha256:4b83ddf2fc0b26b2d58964f746f394d8c8af5a5936c7ea10bf5379dce4cb9187,POST_IB_PRE_OB,4,2,False
sha256:b5233980f2c1df7d34acc3f0721fb7ac2a66808c1a837329f9fd3f49926f24dc,sha256:da2d2376e3b0976cc5f0bb6d5b3f902012a0998c41315da25a6f9ec0bf141ace,sha256:da2d2376e3b0976cc5f0bb6d5b3f902012a0998c41315da25a6f9ec0bf141ace,POST_IB_PRE_OB,4,0,False
sha256:b9a4fa94dafc0e3ad02143e811d8a97e414acf62bbd5363768564cff85896f70,sha256:41d8cbdd63863224badc09ea387183b762570e4377fe93838f095dda3d7b2c41,sha256:41d8cbdd63863224badc09ea387183b762570e4377fe93838f095dda3d7b2c41,POST_IB_PRE_OB,4,6,True
sha256:baac9bacdfb1e7985e9641fc25996dc5d24e9b89b2b3a6b50fe0aae193d75dc4,sha256:d8b1aa0a19b345d100b48a09dda67fd5e213f801bf849f37cfc19b3ebf52c069,sha256:d8b1aa0a19b345d100b48a09dda67fd5e213f801bf849f37cfc19b3ebf52c069,POST_IB_PRE_OB,4,7,True
sha256:bb6a3a1dfac623ada2d14aca8d6f5478d2d136818469561e8bfa82604cd6829a,sha256:ebfa8963e19ace180cd925bc3e4dcf02b0ef1b863ac72bbd85df70d45bcf3270,sha256:ebfa8963e19ace180cd925bc3e4dcf02b0ef1b863ac72bbd85df70d45bcf3270,POST_IB_PRE_OB,4,0,False
sha256:be3400a5a79081b7ee340d6a04016a28d151eb141eacdd8f262be7b298d1d1aa,sha256:7b0e2c8933583cfef8ee41c6a7bb596e32aa766beb2c43f28e904ec8fe6576d1,sha256:7b0e2c8933583cfef8ee41c6a7bb596e32aa766beb2c43f28e904ec8fe6576d1,POST_IB_PRE_OB,4,0,False
sha256:be79535a3e87c18fe317c3dfd5d7bef438d28fa95d5f89d38b906107bb734d32,sha256:de6a9330d8ce550f1f0a6c026ba1f923d30886ad816a34b357b11c68cf4ab2c7,sha256:de6a9330d8ce550f1f0a6c026ba1f923d30886ad816a34b357b11c68cf4ab2c7,POST_IB_PRE_OB,4,0,False
sha256:bef367e1c36ad90a02cc50df1ff122b9afde7e33e57dd98de21cdfaea8e8664e,sha256:1d32c88f245af39ba05dd1a6ade77573c2524353657888586b04a0c53cca973d,sha256:1d32c88f245af39ba05dd1a6ade77573c2524353657888586b04a0c53cca973d,POST_IB_PRE_OB,4,0,False
sha256:c11cc4ac45fa99bf7a0262c199c31bfbadf6372c3a4722db663df8564fcd8c1b,sha256:393f7d16db868ed0fe5a14311e309471cbcf5c3266711104eece77f131787ed0,sha256:393f7d16db868ed0fe5a14311e309471cbcf5c3266711104eece77f131787ed0,POST_IB_PRE_OB,4,0,False
sha256:c12488e0ec2b62e3f067d190c62f470d81b9308828d5c97a9dbb692d4ddd0fe5,sha256:121ab81847231077fc477135313ab9fd2e501f2448b17f3179efa3f7e954a5c2,sha256:121ab81847231077fc477135313ab9fd2e501f2448b17f3179efa3f7e954a5c2,POST_IB_PRE_OB,4,0,False
sha256:c47612951f046a604739c6a61b0c750156217227310a6fa1b301fc1b55f37a73,sha256:2499816614111cc383b6c624095d7defc8d995e92089a1aaa28e4ae01985699f,sha256:2499816614111cc383b6c624095d7defc8d995e92089a1aaa28e4ae01985699f,POST_IB_PRE_OB,4,5,True
sha256:c5c14d18234ec838169a0ae30e3a0bf979f7c2462ba4d819586b1aebae8dc798,sha256:6c1ac95e562afdebd3e8eb2955379885748efacb05fdd6ff1927258ad3a7c464,sha256:6c1ac95e562afdebd3e8eb2955379885748efacb05fdd6ff1927258ad3a7c464,POST_IB_PRE_OB,4,0,False
sha256:c667775745918d82640a962c0a0af11d2a072a97d7ad14915a963dd62cfba789,sha256:14c8a0e539a0f474de7629fc92576c735804e76360b6b724a2b7dd0b3a4415fb,sha256:14c8a0e539a0f474de7629fc92576c735804e76360b6b724a2b7dd0b3a4415fb,POST_IB_PRE_OB,4,7,True
sha256:c93b7957ac3b84b4db39d22952d2dcc28ed430f32c54f168c33d1e0be55abdb3,sha256:f24dcf4ddf49d9a1b99df6255ceebbcaaca2c2afc09de901c41d62d2bfec6a71,sha256:f24dcf4ddf49d9a1b99df6255ceebbcaaca2c2afc09de901c41d62d2bfec6a71,POST_IB_PRE_OB,4,0,False
sha256:ca0cf314c6f083b712d1ef57fb973dbd4bf180ce9be0631e86a5324a9552eb1a,sha256:c6bb4ca86a9a5ecff50c5b83c745b7a10996f84096c80cb7dbdbace9f919a32d,sha256:c6bb4ca86a9a5ecff50c5b83c745b7a10996f84096c80cb7dbdbace9f919a32d,POST_IB_PRE_OB,4,0,False
sha256:cbf806907eb00fdf63d3cd8602bc31292b09856da2ebd594f2bcac5055906433,sha256:eaca65d8f21ad35d342e25508086bdbc8b3cc57c6e9f42612b882364c2655caa,sha256:eaca65d8f21ad35d342e25508086bdbc8b3cc57c6e9f42612b882364c2655caa,POST_IB_PRE_OB,4,0,False
sha256:d0d25f0423a24b24d9c09095a4379dd9dbc4e350b658a4ac88b734ea6c1cd547,sha256:758bf84858aac4b140103e86c363d1b12eb7483d36f92de6c7f79105630b0bfb,sha256:758bf84858aac4b140103e86c363d1b12eb7483d36f92de6c7f79105630b0bfb,POST_IB_PRE_OB,4,0,False
sha256:d2b8703b5ac8902546d685f92f25bdaf8f41d8cd650c90427539d0046d82e377,sha256:64943982854ea0cf56018fa2fb7920448e315d60fff1c4d1e60b930d55f996fd,sha256:64943982854ea0cf56018fa2fb7920448e315d60fff1c4d1e60b930d55f996fd,POST_IB_PRE_OB,4,0,False
sha256:d3ed059578f7fd0714346decd46b964c5ea3991a64939cd76ea5330b65a76826,sha256:df0655c61f3d7e3283468e2e48980239d43786768d51b90a40eac172008fd32f,sha256:df0655c61f3d7e3283468e2e48980239d43786768d51b90a40eac172008fd32f,POST_IB_PRE_OB,4,2,False
sha256:d3f910983062abcf15c05c333d3d298cdc3649d11fe49167054cc6d6d1624224,sha256:9cb480c7aeda15fedf5a4a41354cdba61f9d765c45d3608d5aeb43b19fe0937a,sha256:9cb480c7aeda15fedf5a4a41354cdba61f9d765c45d3608d5aeb43b19fe0937a,POST_IB_PRE_OB,4,0,False
sha256:d53009afcb9cf96770c109906a7244da385246736bc78ca2884cea98769494c2,sha256:b511ec3f18dbce5122140525d9571c7597d506949a8198ec6154e0ad2d378171,sha256:b511ec3f18dbce5122140525d9571c7597d506949a8198ec6154e0ad2d378171,POST_IB_PRE_OB,4,0,False
sha256:d819a0c974552effd49673acbec18d5eda40ee393222fdb1acd448f5092451c9,sha256:c52a32811d10ab099df28a44fcbb319a95f6bd349963617bd381db4f0f7b31ba,sha256:c52a32811d10ab099df28a44fcbb319a95f6bd349963617bd381db4f0f7b31ba,POST_IB_PRE_OB,4,1,False
sha256:d970fe6d87b762fec500982351e53ea3a94f15ab03b216349f484718eb171043,sha256:bc54032b13ea0c69835146d98d258b9eb5d242b75f004deb315ce09ee6bbe6f2,sha256:bc54032b13ea0c69835146d98d258b9eb5d242b75f004deb315ce09ee6bbe6f2,POST_IB_PRE_OB,4,1,False
sha256:dc83e29f18c777de0af89dd66b485befe48f223e42a059015f3f8bd2bb005464,sha256:2feb5ec8e696a51089cfbef2f074e28141a03683a33f93c938518c559747dfb0,sha256:2feb5ec8e696a51089cfbef2f074e28141a03683a33f93c938518c559747dfb0,POST_IB_PRE_OB,4,0,False
sha256:dc99925fe37b8a67137b8b43e1bc607abb03732380e63034ec46fd6eabe4d37a,sha256:9d371948139dbb9fe5c6fe9221453bc7fbf83fd1271f773276c5600b1e37bbca,sha256:9d371948139dbb9fe5c6fe9221453bc7fbf83fd1271f773276c5600b1e37bbca,POST_IB_PRE_OB,4,0,False
sha256:de39b3297f3c6e67b64e6da9ddc05f04cd17be61d1d7f83c465c05fb7165f30d,sha256:f04baf4fb53741cd69106693fe8001b9b6b936bd7510e514b20dd2053435a4f7,sha256:f04baf4fb53741cd69106693fe8001b9b6b936bd7510e514b20dd2053435a4f7,POST_IB_PRE_OB,4,6,True
sha256:e2d08005665217f11de04ba8bce2b7afe2c6423bc45506bc537b35a3155c843a,sha256:d77ad5b66cb4d16057f969dca593425a80b16c69aaf50c20b20f702ebb497463,sha256:d77ad5b66cb4d16057f969dca593425a80b16c69aaf50c20b20f702ebb497463,POST_IB_PRE_OB,4,0,False
sha256:e5b7846a306946ce9de43e3415dea0a8448f3cf5042a30d7809f57d766e5aed6,sha256:e672e8a5940e0cd1a01ef51523de9f087a1d55d995553eb9182d0161e7090d67,sha256:e672e8a5940e0cd1a01ef51523de9f087a1d55d995553eb9182d0161e7090d67,POST_IB_PRE_OB,4,0,False
sha256:e67e103529436039a88420e71c2856b5da77723b71c1d0abeb04fc85b1aac31a,sha256:d597032f1269c44514914cb4fe4261d643d1e7d010d5edf70ecd4862d9fdc4b2,sha256:d597032f1269c44514914cb4fe4261d643d1e7d010d5edf70ecd4862d9fdc4b2,POST_IB_PRE_OB,4,0,False
sha256:e82e14159c7b665cb9f7e1446d9dc4dd49ad798dae53d327190b820357ed8de3,sha256:186f55c608984b1727d5681a8537835f2e9be069bcde45d3c8b21e76799efcc6,sha256:186f55c608984b1727d5681a8537835f2e9be069bcde45d3c8b21e76799efcc6,POST_IB_PRE_OB,4,0,False
sha256:ea0f484dd70b52dfcfda0107ee55b8489cfe8e127e4d6befbfba25cc0d78b703,sha256:37802db3edb39636a9427727400eddfce50015d8238465d8e452f9352ab980b1,sha256:37802db3edb39636a9427727400eddfce50015d8238465d8e452f9352ab980b1,POST_IB_PRE_OB,4,0,False
sha256:ebbe8eeed2c67c7f9ecdb3544158411484af65485e571f7451464e71269b492a,sha256:ecffcfdae3526fae48068aa4b8dc54bf6fa0c85f05a89e4ea25947118feaf1b3,sha256:ecffcfdae3526fae48068aa4b8dc54bf6fa0c85f05a89e4ea25947118feaf1b3,POST_IB_PRE_OB,4,0,False
sha256:ec102d3fc8dae3f12f4136cea3e99d18b0d847205350682987e0c5ea002d385d,sha256:a44db5bd4499d82373bf50f213c4aade678f14c50d6ad449cae495930834fc6f,sha256:a44db5bd4499d82373bf50f213c4aade678f14c50d6ad449cae495930834fc6f,POST_IB_PRE_OB,4,0,False
sha256:eca53de8bef95a075b99b1ec91d585d0bb644d1bd60fcda1ab7be7de3e98c7ab,sha256:3fc517c761ebd07d0761abce4bb3f05489ac1918db203f79b84815054437b37d,sha256:3fc517c761ebd07d0761abce4bb3f05489ac1918db203f79b84815054437b37d,POST_IB_PRE_OB,4,1,False
sha256:f002e1ea1efd57bc6aacf2fd697e8792978edcc68e8782b31b5f756d30e6b480,sha256:58256d01a9fc4d90fb22689eb660ba6f2cdb9e8aea4bdee5aac40e9f41ee5407,sha256:58256d01a9fc4d90fb22689eb660ba6f2cdb9e8aea4bdee5aac40e9f41ee5407,POST_IB_PRE_OB,4,0,False
sha256:f1355c1d155b917be4c9a2f84da92e66e195ec31454243c60217db7926b00927,sha256:b8f0b51e5368742b2a238d7041f97dd989baccf0ee8ee7cfdd629f3222d4b2f7,sha256:b8f0b51e5368742b2a238d7041f97dd989baccf0ee8ee7cfdd629f3222d4b2f7,POST_IB_PRE_OB,4,0,False
sha256:f1a2b1b8f516c06be50e9c6d4fdccc61707d3927ff3273b1bc7135d02fa615d0,sha256:5f0443c319285c99d5bd433391d6085ae28afa6d994bd7f517c0a8e13d7ef651,sha256:5f0443c319285c99d5bd433391d6085ae28afa6d994bd7f517c0a8e13d7ef651,POST_IB_PRE_OB,4,0,False
sha256:f5c0b79dbb03b4f80460aedd04e4964147706ae7bb7fded4cd2f8e1dcddcc7b1,sha256:8cb32e6fcd82632bcd7001b8a1d0302e4278b684de404c801ac417c241155192,sha256:8cb32e6fcd82632bcd7001b8a1d0302e4278b684de404c801ac417c241155192,POST_IB_PRE_OB,4,0,False
sha256:f8585a199d876b2529da3743f679c3f93d57a1667dc6dd7851915b127794bd83,sha256:a988736a31614f808889ebd1b1247cbbe5b2d97429cfd6e2cf5f8435fa357282,sha256:a988736a31614f808889ebd1b1247cbbe5b2d97429cfd6e2cf5f8435fa357282,POST_IB_PRE_OB,4,0,False
sha256:fa358aaec54a8e20890dec4a8f9bd076455d0efbbdf2a884c9632d515afb96e6,sha256:3795535fde503866de5ae9798121f7cbcf39c5646820b126b5d5de64aaf4681f,sha256:3795535fde503866de5ae9798121f7cbcf39c5646820b126b5d5de64aaf4681f,POST_IB_PRE_OB,4,0,False
sha256:fe6b227984dd8a16db0b4c9a65e9dc1fc5f70084d2ccb0e5e896df39f32d6a9c,sha256:2f203cf70710dd042c789a9e88228c372d4c9cb00b51506637000e461b465cea,sha256:2f203cf70710dd042c789a9e88228c372d4c9cb00b51506637000e461b465cea,POST_IB_PRE_OB,4,0,False
sha256:ff9ae344a57e16af22c274ff033a4ac81ea6e56288589378b539a539ee42ec1d,sha256:20d8790c9b9e0bf59890c8e4d59b59ff6c5c64d3748e751f9dafcbcb2c418018,sha256:20d8790c9b9e0bf59890c8e4d59b59ff6c5c64d3748e751f9dafcbcb2c418018,POST_IB_PRE_OB,4,0,False
sha256:00b05b273658f3332865de1e9796d851ca6a2919bb7e4b04ee3e58f06dfe56c6,sha256:cb5f6cf3c0f422d7f078044a7a0314c325f9cd6d8fb1fae4e76fac09488f39d4,sha256:cb5f6cf3c0f422d7f078044a7a0314c325f9cd6d8fb1fae4e76fac09488f39d4,POST_OB_PRE_TO,4,0,False
sha256:02b711e90d440bcac9e7f163616a5b76929dfbad5f6bb2c0335c5bf85959ad65,sha256:16549b4446bed8af4961d51d468de67aa1eb4530b9bb814cec18424c9c0e7b13,sha256:16549b4446bed8af4961d51d468de67aa1eb4530b9bb814cec18424c9c0e7b13,POST_OB_PRE_TO,4,0,False
sha256:06175f5b45577085e11e76989574ab452a8bd8302e12d0b474181b63941dc70a,sha256:b749fe74b3c8555690ca81375653abab13cb95933388903a0de21d4fa3a11472,sha256:b749fe74b3c8555690ca81375653abab13cb95933388903a0de21d4fa3a11472,POST_OB_PRE_TO,4,0,False
sha256:06eebf6187fae5c4b5cb17b45cf57576dc2853d3944de85276bd6fbecc169ab9,sha256:3c2e16c8014d86883b1a1cc494797148ebdfa45a4b3e29bac08c16be990b18e2,sha256:3c2e16c8014d86883b1a1cc494797148ebdfa45a4b3e29bac08c16be990b18e2,POST_OB_PRE_TO,4,8,True
sha256:0a3614eb32c0724b572424173c306ae90f30957ba07dcbfaa924207801aa32fa,sha256:d5ab0f2ee93444bf969a3eb5ca7911b43d79fb93f9f2b632ab824a9e67d66d7f,sha256:d5ab0f2ee93444bf969a3eb5ca7911b43d79fb93f9f2b632ab824a9e67d66d7f,POST_OB_PRE_TO,4,0,False
sha256:0dcfae5a2f00a7a4f20494ea14c926169491cdcb628fb59e54a304d5013dd671,sha256:e2825bd890af19aaf18b49fc6e931c81cb18e9f0f3d827346e2651d9ef345023,sha256:e2825bd890af19aaf18b49fc6e931c81cb18e9f0f3d827346e2651d9ef345023,POST_OB_PRE_TO,4,0,False
sha256:131687a2a4d1ce3d87839668761d426361e0f6474d5e3c22895ba7ed1fd37e43,sha256:9ce686604ee7919f5bf5249e2122ed1dca909dec8347474ddbe41e19052d663b,sha256:9ce686604ee7919f5bf5249e2122ed1dca909dec8347474ddbe41e19052d663b,POST_OB_PRE_TO,4,0,False
sha256:17cb9f5c5180ae688b3d4a691216cbb6e153dd26fec2a70ec212f96d4a3e19f6,sha256:0b028dd4c6daa5cd32a45edd6fbca940d48ec297fc78fee29cd27b5ebbaeaabe,sha256:0b028dd4c6daa5cd32a45edd6fbca940d48ec297fc78fee29cd27b5ebbaeaabe,POST_OB_PRE_TO,4,0,False
sha256:181bc7c975fd4b2da221a0b667fef47f9b851c9cf9c2f60a9d2ed76de463c702,sha256:6e1404d11b12aaa1beef0257826787eab7f259aede74aaf7794bb042807e77f2,sha256:6e1404d11b12aaa1beef0257826787eab7f259aede74aaf7794bb042807e77f2,POST_OB_PRE_TO,4,0,False
sha256:1b38dfe1dd2690b17c5845dc0d41cf26511f63a6fd9412b810642e365802adc4,sha256:686b0e19ebf894d35a55d3d55a595aca55a59e61640652491893624313e0ccd2,sha256:686b0e19ebf894d35a55d3d55a595aca55a59e61640652491893624313e0ccd2,POST_OB_PRE_TO,4,0,False
sha256:2535ad26710c031ab1827c61c902b08a37ff80f68a6e45abb36c2bc4904a1cb6,sha256:bb7d6484af810ee122d4fd6b155a6cf30ef3f3396aa86cd394c81710e8436149,sha256:bb7d6484af810ee122d4fd6b155a6cf30ef3f3396aa86cd394c81710e8436149,POST_OB_PRE_TO,4,0,False
sha256:29a423c8c4fc9dc08eabb584988d1d942c78c6f372c39e98876f9af82ccebba4,sha256:9c4d57d19a3d7b0e24a2bc7976cfe12416d1cba3ddfcddde3f5b9166b8e752e9,sha256:9c4d57d19a3d7b0e24a2bc7976cfe12416d1cba3ddfcddde3f5b9166b8e752e9,POST_OB_PRE_TO,4,0,False
sha256:2f88de8e2dfd4dd93b29ae1d50513fed3ef3d03131015ee83f0b2c5a4f8b85f1,sha256:194fae2e27ad3daa13bac911119230ec4319eb7b2d8eb601bc656bfc6ed67db9,sha256:194fae2e27ad3daa13bac911119230ec4319eb7b2d8eb601bc656bfc6ed67db9,POST_OB_PRE_TO,4,0,False
sha256:303410c378ce9366901a9312d7eca17462f978c69efe6a4716458489c2a91129,sha256:33b4e4366ad3a69730233d775cb234ec1b1b1f364a766f98d9687258afba0089,sha256:33b4e4366ad3a69730233d775cb234ec1b1b1f364a766f98d9687258afba0089,POST_OB_PRE_TO,4,0,False
sha256:34e1640dddb2189641d8114c383322b89b44b2f9f203668e9b4dd9f3c59b2385,sha256:239aeb3dbfb56c29e66316df629a79741864317f2a7920b54348f3fb529ce530,sha256:239aeb3dbfb56c29e66316df629a79741864317f2a7920b54348f3fb529ce530,POST_OB_PRE_TO,4,0,False
sha256:39638a61edea8c9430fb7c6a9a25400c086b685169f8504a1919ca2d69d06558,sha256:7f759ef090fd9a529d342a5c59cd855fd88adb47b9fea82e26c2cb7b9cba8d69,sha256:7f759ef090fd9a529d342a5c59cd855fd88adb47b9fea82e26c2cb7b9cba8d69,POST_OB_PRE_TO,4,2,False
sha256:3c0efef12c89add8481f7b74abc06ace2acfc7c9ae2c8911f59a6f4d11affca8,sha256:9033e4a7840386db5797a4d22d6acb4ae79d3a4188f245d8da705f74347359c1,sha256:9033e4a7840386db5797a4d22d6acb4ae79d3a4188f245d8da705f74347359c1,POST_OB_PRE_TO,4,8,True
sha256:3cbe1d3c28fefc5e05634bd16bac697f6f3b6c8ec24dc0269b5f2a12417ef2a2,sha256:def3ee35ac20f16c2b0fb23bda9046e073f0ca1ee9d40face238f55bc4de1631,sha256:def3ee35ac20f16c2b0fb23bda9046e073f0ca1ee9d40face238f55bc4de1631,POST_OB_PRE_TO,4,0,False
sha256:42a14675030dafcd004783399878efe6902b6b8df0bc9a976dd8eec7f557edc3,sha256:98f9eb41b09ee4ed8ffd652736af57a317798b107897a26c71332676344c5cf3,sha256:98f9eb41b09ee4ed8ffd652736af57a317798b107897a26c71332676344c5cf3,POST_OB_PRE_TO,4,8,True
sha256:436b80c2e54bc585729f4ed9aba0e7507351da1428093c88f7198ece74393838,sha256:e41ff2edf45dfafbb59fc432019b44e8609a87ca43f386f3f86ee602fb9b95e6,sha256:e41ff2edf45dfafbb59fc432019b44e8609a87ca43f386f3f86ee602fb9b95e6,POST_OB_PRE_TO,4,0,False
sha256:4b57944dca417714024c2cb73b578abc8e9c84656e9c472735690e42f962b4a7,sha256:68b1878ec516f109fc1266094f22b71edf4842a75bdca182cc6b68e74c55b841,sha256:68b1878ec516f109fc1266094f22b71edf4842a75bdca182cc6b68e74c55b841,POST_OB_PRE_TO,4,0,False
sha256:4ceded2e20c37c4bd58c23dacbce7a3e6c6f344645cf12d5b9d53daaba772059,sha256:cdd10f9dcaf15efd15e1c14331653d746264d6821aff6fc2c2da4405c9ca0068,sha256:cdd10f9dcaf15efd15e1c14331653d746264d6821aff6fc2c2da4405c9ca0068,POST_OB_PRE_TO,4,0,False
sha256:4dd77563fd50d7c805fc789c9974ff08e00177b1376203e49df9b84fdfaa9f47,sha256:2bef1d1035d2a424d767cfeefca03e95ce29bb186ae971879c77bfd17ad91e30,sha256:2bef1d1035d2a424d767cfeefca03e95ce29bb186ae971879c77bfd17ad91e30,POST_OB_PRE_TO,4,8,True
sha256:5127cac22e525d592ee8cb981de5e070b24764e1585466b612ef1afa149955fb,sha256:aa09f556d538cec2ec2469113a788557d45814f783dfca2037a9a81b13b2e86a,sha256:aa09f556d538cec2ec2469113a788557d45814f783dfca2037a9a81b13b2e86a,POST_OB_PRE_TO,4,0,False
sha256:56fd853a34b14f4f2c93241dfde7c8a8978cb393bc464515c91e4837bd3cf201,sha256:256fed15cf7a9635a20c0022b6e1605eb1bf37a17aef19968b5734cf23d0e280,sha256:256fed15cf7a9635a20c0022b6e1605eb1bf37a17aef19968b5734cf23d0e280,POST_OB_PRE_TO,4,0,False
sha256:61faf60db885a5f7432518ff29e228ecf3f8d4aa0f4e90860233da996e7d6fc7,sha256:3c2260462c5b954f79cd09067a2ca1372e7b5ef9e333a6110a8af1d583879c36,sha256:3c2260462c5b954f79cd09067a2ca1372e7b5ef9e333a6110a8af1d583879c36,POST_OB_PRE_TO,4,0,False
sha256:63332b181b4f85d57c3f1f8aa629d80c9386423705d6bac0512a19938277ed18,sha256:427648c246ea77f0a309b784c5209e0fa22fce73e9140722e70e95f1f48f3099,sha256:427648c246ea77f0a309b784c5209e0fa22fce73e9140722e70e95f1f48f3099,POST_OB_PRE_TO,4,5,True
sha256:651d1c25c6869ad0047b73cebaf29447014385404c2a6300ab266c3af01b5b5b,sha256:952daf4152c8433b7455822cc7a650211bc77e5666376a1529c701391b6ed186,sha256:952daf4152c8433b7455822cc7a650211bc77e5666376a1529c701391b6ed186,POST_OB_PRE_TO,4,0,False
sha256:6710bf2d94fd133a2e3198a219550df6575c6c9ad17177fc29515fa62236c8a5,sha256:bbfa791ea65f2472609c559360c2752b22a9e68db61e92f04d3f46ce08305893,sha256:bbfa791ea65f2472609c559360c2752b22a9e68db61e92f04d3f46ce08305893,POST_OB_PRE_TO,4,0,False
sha256:6c8e828f71a05c5c7ac186aeccf4963d88fd55d5ddd5ffa500dece610782031d,sha256:7c7bb58c5f957c787e55fe3d778baed1d007ab3a4a3416a0bc944e92cf54d764,sha256:7c7bb58c5f957c787e55fe3d778baed1d007ab3a4a3416a0bc944e92cf54d764,POST_OB_PRE_TO,4,3,False
sha256:73d86411ce4c378261aab5edc53d9b472631a7670b7866e1d4ba5422d05430c5,sha256:7908d9b8c32d97461d9ec1eaeef75b8cc81926ac6d5afb93878adf3841d7329b,sha256:7908d9b8c32d97461d9ec1eaeef75b8cc81926ac6d5afb93878adf3841d7329b,POST_OB_PRE_TO,4,0,False
sha256:75a2e2b6ef83fe44f16611fe8c79c7e51553b21c5262571ea1ed1dad3a7fdc73,sha256:231aa06bccc421fc9d6719bf7a2f7a7fafd81adeafda77c53d266e0cdbadd9b0,sha256:231aa06bccc421fc9d6719bf7a2f7a7fafd81adeafda77c53d266e0cdbadd9b0,POST_OB_PRE_TO,4,0,False
sha256:79c2db204a92c4ebb042a7ed764220250a8e99df9315de602a17f5d70a620f5a,sha256:0439717e278e71f14440b1c2993822c45cb5caa24ddef402499da3eb1d6828c6,sha256:0439717e278e71f14440b1c2993822c45cb5caa24ddef402499da3eb1d6828c6,POST_OB_PRE_TO,4,0,False
sha256:7a303a13be87a210af44b6e4f8b454f5b3a9106f8f1e1e05d1542b20c7734aff,sha256:30b0a31eb97214915d59496fee588c2dd9ae4e11e7e353aff836ed8d8a880f66,sha256:30b0a31eb97214915d59496fee588c2dd9ae4e11e7e353aff836ed8d8a880f66,POST_OB_PRE_TO,4,0,False
sha256:7ad35ec0017d1bb984fe4321d99f45a61e9ab7c6f2e5020ac21656dd8bbb7c0e,sha256:3b17ab26c59e71df3fcd6a5526a33a12a6b401ef39b70268fda55955594a7bfa,sha256:3b17ab26c59e71df3fcd6a5526a33a12a6b401ef39b70268fda55955594a7bfa,POST_OB_PRE_TO,4,0,False
sha256:7f2fe4ffae7d8e36f9e0c4fab024049858b34c10d7520981d2555d0a310e913c,sha256:ac2e44339574243dc1ddaf893d2f8bd0be649e1be08ec4f836b954d45200147d,sha256:ac2e44339574243dc1ddaf893d2f8bd0be649e1be08ec4f836b954d45200147d,POST_OB_PRE_TO,4,0,False
sha256:7fd23dce052089e82cfff87c56e5fbd55cba17e65e209fd6ef24c883d7a29f0d,sha256:f27c016469c8a4b4357eb9b020ac6ef0ce53379f8031aa7693eabc1f6449c281,sha256:f27c016469c8a4b4357eb9b020ac6ef0ce53379f8031aa7693eabc1f6449c281,POST_OB_PRE_TO,4,0,False
sha256:802eadf18c516c6866ee9487911e4f6527c31b7675f3138d74361f5b3e1b4da0,sha256:fdd0fb3e09bee8fbe112c6efb668e829be9d263f53546f32070bbd5f2cbdc04e,sha256:fdd0fb3e09bee8fbe112c6efb668e829be9d263f53546f32070bbd5f2cbdc04e,POST_OB_PRE_TO,4,0,False
sha256:8103566065b9d055f455fcf60e91908f8e0796d2647d54a1fbc0781654c688fa,sha256:36deef2f14858b4381356104afe9870ce5a08ee4e1548e8125687ca829e89a8c,sha256:36deef2f14858b4381356104afe9870ce5a08ee4e1548e8125687ca829e89a8c,POST_OB_PRE_TO,4,0,False
sha256:821d9c064ce0d35c20d67925cf60d653dcff4e42018cc8d874ae780dcd8f4648,sha256:e2ff5097d2e39efd80ed018d12a1600aca3959233c1203dad0a1959720c1bfc1,sha256:e2ff5097d2e39efd80ed018d12a1600aca3959233c1203dad0a1959720c1bfc1,POST_OB_PRE_TO,4,0,False
sha256:8529a23662e22b9ffd26a82dc98e03c1415a54bea3ae930cf84f0fe06b37872e,sha256:ebbc3dacdf64739a295ce3267e86614d54c870bacbee7efad62b5266eb401a61,sha256:ebbc3dacdf64739a295ce3267e86614d54c870bacbee7efad62b5266eb401a61,POST_OB_PRE_TO,4,0,False
sha256:8ec4cb7b2667f829df62a3748d8aa2fe9fd16c72b8541f202ec4b5fa27c25c2f,sha256:44ea3b527c2927360912d224da336dccda12887915d4718af1db1808b86d02e2,sha256:44ea3b527c2927360912d224da336dccda12887915d4718af1db1808b86d02e2,POST_OB_PRE_TO,4,6,True
sha256:909c65b08b7c18af875df2b8f11d5cdb914ceb2e71f3833937300b002ef4b5c5,sha256:330758aaafc41607c6af93ad9679dc2b405ba5ca6ba1310cb4fd075759eff049,sha256:330758aaafc41607c6af93ad9679dc2b405ba5ca6ba1310cb4fd075759eff049,POST_OB_PRE_TO,4,0,False
sha256:92a29f18646e5814d1fc271bcc58a58302762a6cf73fe4ba740c45e4a0adc937,sha256:a1962a7d59ee36ef601ccd31e1b1277332a59cda0f66a39c6c2b7dbf28d386f0,sha256:a1962a7d59ee36ef601ccd31e1b1277332a59cda0f66a39c6c2b7dbf28d386f0,POST_OB_PRE_TO,4,0,False
sha256:92dfb300eff61238f0ae402e6956257e202a4ed932f4a45abb7631f7a5ae10ff,sha256:4163feeb208cc1b37db49d8bbb10799289563f582f8c291cbf7e890e91921ec8,sha256:4163feeb208cc1b37db49d8bbb10799289563f582f8c291cbf7e890e91921ec8,POST_OB_PRE_TO,4,0,False
sha256:9bc1c4d7908588a21802e6c224ab7595655c93af346cc39b44488108ea0c17e4,sha256:f4235c134fba9a6033d0a2a9446d72d91d5930f9f1ba80db1cb3ed06be7fbdac,sha256:f4235c134fba9a6033d0a2a9446d72d91d5930f9f1ba80db1cb3ed06be7fbdac,POST_OB_PRE_TO,4,0,False
sha256:9ce5cffb874040a620d68f9d91f95b0a279c0687adcb861dbe822ba059a9b3fe,sha256:b0d576d6339ec7beac37ebad225ead5317477729aa6e26fe877441ed546995ef,sha256:b0d576d6339ec7beac37ebad225ead5317477729aa6e26fe877441ed546995ef,POST_OB_PRE_TO,4,0,False
sha256:a4272b2dbb59d804c80972be0345e6c68eefe5e5b15435f4eb7524b1083972fb,sha256:acce784a5a4c8a1cae2a0c5d563d99a77b9e488c121a5a6dc693b6a7751274a6,sha256:acce784a5a4c8a1cae2a0c5d563d99a77b9e488c121a5a6dc693b6a7751274a6,POST_OB_PRE_TO,4,0,False
sha256:aedab96ddd9ea7a740af09f38e3b5ac1a054a44295e3fe2aeb3124eb2b2fab56,sha256:ba1b3e2436fee9d0324b9eb67567233957c890309e2b64ad249de019fd74fb7f,sha256:ba1b3e2436fee9d0324b9eb67567233957c890309e2b64ad249de019fd74fb7f,POST_OB_PRE_TO,4,0,False
sha256:af73cf46cc7e39445099a80730dce5c7af45a971852a5baf6896d89214397d38,sha256:d05be2961f6a503528984ff4b54865051da74d59afee82ed1105edae15fed175,sha256:d05be2961f6a503528984ff4b54865051da74d59afee82ed1105edae15fed175,POST_OB_PRE_TO,4,0,False
sha256:b1b5c499dfcd0d8c24a69167194439317710dc6a47a7c2d3000b45392cae7551,sha256:dcf56483ad20e5e95e41868b089828aabd7f67d59324eb8eca68d59655292ada,sha256:dcf56483ad20e5e95e41868b089828aabd7f67d59324eb8eca68d59655292ada,POST_OB_PRE_TO,4,1,False
sha256:b5233980f2c1df7d34acc3f0721fb7ac2a66808c1a837329f9fd3f49926f24dc,sha256:94516e8e10f89882598dd30ade93e97719797bc201e36b53b5b827618a5503db,sha256:94516e8e10f89882598dd30ade93e97719797bc201e36b53b5b827618a5503db,POST_OB_PRE_TO,4,0,False
sha256:baac9bacdfb1e7985e9641fc25996dc5d24e9b89b2b3a6b50fe0aae193d75dc4,sha256:3e65bc8f5059d3cc32a995d9160cbdaedaad0cf35c81036bf0ed1c6bfa7654d5,sha256:3e65bc8f5059d3cc32a995d9160cbdaedaad0cf35c81036bf0ed1c6bfa7654d5,POST_OB_PRE_TO,4,7,True
sha256:bb6a3a1dfac623ada2d14aca8d6f5478d2d136818469561e8bfa82604cd6829a,sha256:15539b15ff1a30a50606e12a028f36655e9aaf770f09914892c1d4e94d71c35d,sha256:15539b15ff1a30a50606e12a028f36655e9aaf770f09914892c1d4e94d71c35d,POST_OB_PRE_TO,4,0,False
sha256:c47612951f046a604739c6a61b0c750156217227310a6fa1b301fc1b55f37a73,sha256:d14e8f8d8b9e279df88d30a95a2e2653b4ea39f9cc9ca37175880422cd39136e,sha256:d14e8f8d8b9e279df88d30a95a2e2653b4ea39f9cc9ca37175880422cd39136e,POST_OB_PRE_TO,4,0,False
sha256:ca0cf314c6f083b712d1ef57fb973dbd4bf180ce9be0631e86a5324a9552eb1a,sha256:39d33afb0fd63eb181c76cde179af1e578eac49b1be3c562da8bb12b3c960e12,sha256:39d33afb0fd63eb181c76cde179af1e578eac49b1be3c562da8bb12b3c960e12,POST_OB_PRE_TO,4,0,False
sha256:d0d25f0423a24b24d9c09095a4379dd9dbc4e350b658a4ac88b734ea6c1cd547,sha256:994c8961a6ec0143c9ac7604df82b24060755cf5390219f5530dde4e0c11c023,sha256:994c8961a6ec0143c9ac7604df82b24060755cf5390219f5530dde4e0c11c023,POST_OB_PRE_TO,4,0,False
sha256:d3f910983062abcf15c05c333d3d298cdc3649d11fe49167054cc6d6d1624224,sha256:57a1bfb07c5be379280e523681aef07de9e2035187ea0d4ecfb1111f9526982c,sha256:57a1bfb07c5be379280e523681aef07de9e2035187ea0d4ecfb1111f9526982c,POST_OB_PRE_TO,4,0,False
sha256:dc83e29f18c777de0af89dd66b485befe48f223e42a059015f3f8bd2bb005464,sha256:c475e74b0df9392ed6d3c2b08f77a2d65fb350d7c4a4534fb24a0f052ab6e2bc,sha256:c475e74b0df9392ed6d3c2b08f77a2d65fb350d7c4a4534fb24a0f052ab6e2bc,POST_OB_PRE_TO,4,0,False
sha256:e2d08005665217f11de04ba8bce2b7afe2c6423bc45506bc537b35a3155c843a,sha256:fcb7568fc4a1fdc600b5faeafebdf2dd3ed0b89b9fc865520b116ecfede61905,sha256:fcb7568fc4a1fdc600b5faeafebdf2dd3ed0b89b9fc865520b116ecfede61905,POST_OB_PRE_TO,4,0,False
sha256:e5b7846a306946ce9de43e3415dea0a8448f3cf5042a30d7809f57d766e5aed6,sha256:f1baf2c91b6666fa886e2c1e7f5ae8f20806e956bb485a8182a7c7d14c3cb860,sha256:f1baf2c91b6666fa886e2c1e7f5ae8f20806e956bb485a8182a7c7d14c3cb860,POST_OB_PRE_TO,4,0,False
sha256:e67e103529436039a88420e71c2856b5da77723b71c1d0abeb04fc85b1aac31a,sha256:706077c7fc8b5b5f3b2148aa95776e8b62266bd1e6bf7dac4b91e0cbe7ae7cb0,sha256:706077c7fc8b5b5f3b2148aa95776e8b62266bd1e6bf7dac4b91e0cbe7ae7cb0,POST_OB_PRE_TO,4,0,False
sha256:ec102d3fc8dae3f12f4136cea3e99d18b0d847205350682987e0c5ea002d385d,sha256:5c4e6ffefb344539dca2ce744d37d155c710e8a9163e71f4888f841a045ba827,sha256:5c4e6ffefb344539dca2ce744d37d155c710e8a9163e71f4888f841a045ba827,POST_OB_PRE_TO,4,0,False
sha256:eca53de8bef95a075b99b1ec91d585d0bb644d1bd60fcda1ab7be7de3e98c7ab,sha256:6cabdaf88726bad191d81cd0d9d6049afb3221e58e71a32be69c89ac76a750c1,sha256:6cabdaf88726bad191d81cd0d9d6049afb3221e58e71a32be69c89ac76a750c1,POST_OB_PRE_TO,4,0,False
sha256:f1a2b1b8f516c06be50e9c6d4fdccc61707d3927ff3273b1bc7135d02fa615d0,sha256:0eef009aab9685e98c3c3787f5730d86f5d52f566910d785abcc9d096012156f,sha256:0eef009aab9685e98c3c3787f5730d86f5d52f566910d785abcc9d096012156f,POST_OB_PRE_TO,4,0,False
sha256:fe6b227984dd8a16db0b4c9a65e9dc1fc5f70084d2ccb0e5e896df39f32d6a9c,sha256:568c1da11d8980ebc833601049c3acfc41c3b98b15d5ed6724899478129e8913,sha256:568c1da11d8980ebc833601049c3acfc41c3b98b15d5ed6724899478129e8913,POST_OB_PRE_TO,4,0,False
sha256:ff9ae344a57e16af22c274ff033a4ac81ea6e56288589378b539a539ee42ec1d,sha256:fcc05efd74cdff3b8fb5df21f350360b7f231b40cbca3caf8b33df8b4e9f0816,sha256:fcc05efd74cdff3b8fb5df21f350360b7f231b40cbca3caf8b33df8b4e9f0816,POST_OB_PRE_TO,4,0,False
sha256:00b05b273658f3332865de1e9796d851ca6a2919bb7e4b04ee3e58f06dfe56c6,sha256:8e0c2d381ffe02968cef5fef7c1855a081829cb787a00bafcecc5c69be195552,sha256:8e0c2d381ffe02968cef5fef7c1855a081829cb787a00bafcecc5c69be195552,PRE_IB,4,0,False
sha256:00e8e773cd283d939ca84156277aff75b1c9ef7a14cb2e3f5e073116f61ab1cf,sha256:47182a6b63fe793cc42e3024d0a5762fdf80e1de50b5d6caa1eb6cfc73beebaf,sha256:47182a6b63fe793cc42e3024d0a5762fdf80e1de50b5d6caa1eb6cfc73beebaf,PRE_IB,4,0,False
sha256:02b711e90d440bcac9e7f163616a5b76929dfbad5f6bb2c0335c5bf85959ad65,sha256:df30aa665df52d2c6d561a63b364df460221aaffc1945a83b0abc34915f8d3dd,sha256:df30aa665df52d2c6d561a63b364df460221aaffc1945a83b0abc34915f8d3dd,PRE_IB,4,1,False
sha256:0918063938e7c4457d171896b2fc2534f6874f77bf8065cfc20b298899c89e7a,sha256:ada0ac6afb7776eca9a9a58aae4d07131bed77842d629841d7c2453f76f04020,sha256:ada0ac6afb7776eca9a9a58aae4d07131bed77842d629841d7c2453f76f04020,PRE_IB,4,0,False
sha256:17cb9f5c5180ae688b3d4a691216cbb6e153dd26fec2a70ec212f96d4a3e19f6,sha256:475a4cbc05ecc725941837f874a89ec6c02cb14a413758a64b2f10cdf8035ca5,sha256:475a4cbc05ecc725941837f874a89ec6c02cb14a413758a64b2f10cdf8035ca5,PRE_IB,4,0,False
sha256:19018d30b8242c3626aa00ca5672a0a99fdfb5627522791ce4231a969b41626d,sha256:4af52bc7a1f88474657f7899827ecd3d09d828b50daeb78e832df27fe5806a31,sha256:4af52bc7a1f88474657f7899827ecd3d09d828b50daeb78e832df27fe5806a31,PRE_IB,4,0,False
sha256:1aaa144cdc8cf40cab4b2ce0440457e245eb58744e457753a9a5b27a7fa67cd2,sha256:971ab354421759100f3c8d436a10a528a29f138d733aed2481291ac28345ada7,sha256:971ab354421759100f3c8d436a10a528a29f138d733aed2481291ac28345ada7,PRE_IB,4,1,False
sha256:25fe599dc22a1edc79d64db38d787481a8a0e7acd4a83b83b938ee3de35f633b,sha256:57cc94cf66a8017a7ca1212d523a18414f9dcc62443436012268f434d8b0e859,sha256:57cc94cf66a8017a7ca1212d523a18414f9dcc62443436012268f434d8b0e859,PRE_IB,4,0,False
sha256:2b04686f26ff3a5ef1f854cfa1f27a54eb3ad1fc242885b0aa9f8ed70f856335,sha256:bcd219b6a06009efa545d617b7ca5e37f9eeeeacceddd96afd9777a245ec1d80,sha256:bcd219b6a06009efa545d617b7ca5e37f9eeeeacceddd96afd9777a245ec1d80,PRE_IB,4,8,True
sha256:2f88de8e2dfd4dd93b29ae1d50513fed3ef3d03131015ee83f0b2c5a4f8b85f1,sha256:16123b56ec261edc960be14b5e8bff8943005c23ca9ed37e432a578495504980,sha256:16123b56ec261edc960be14b5e8bff8943005c23ca9ed37e432a578495504980,PRE_IB,4,0,False
sha256:31440bc3e5679e7db44d799df4cda40a6b4b5036b4248d2c215dd559ca7ab204,sha256:cc258e175be3844902316ab5bd1e0c076aa62711e973725bd2084252c53d58ab,sha256:cc258e175be3844902316ab5bd1e0c076aa62711e973725bd2084252c53d58ab,PRE_IB,4,0,False
sha256:34e1640dddb2189641d8114c383322b89b44b2f9f203668e9b4dd9f3c59b2385,sha256:6737668e6f593ca9d89b88d27af228956044fc837b2f36ec7ba85962674ee51a,sha256:6737668e6f593ca9d89b88d27af228956044fc837b2f36ec7ba85962674ee51a,PRE_IB,4,0,False
sha256:351755fd8a70eb14bc9a8058768a60fcb02b32acbcda041a7566b4fdcb7634d0,sha256:8497e6119a87983b8493a77450e23a76a283f63303b9c6448674cfce163c8df0,sha256:8497e6119a87983b8493a77450e23a76a283f63303b9c6448674cfce163c8df0,PRE_IB,4,0,False
sha256:402e50f1ff2b6883ca83dfccca0fc7f64b884554559ee570d3f1a5fbfb592f77,sha256:8c379057e8d31fe7a7fe25ef96da8ecbe95b3ed1e52f7f9dd8f6e8fd2fd728c4,sha256:8c379057e8d31fe7a7fe25ef96da8ecbe95b3ed1e52f7f9dd8f6e8fd2fd728c4,PRE_IB,4,0,False
sha256:44f1aa2681ebb944368caf826e3a034a76e9d2e60a172fec117d6fceea3c2138,sha256:ed23d5fdd85984b4e5c35a6114fab047232128c53659e4aa177b848e31957b12,sha256:ed23d5fdd85984b4e5c35a6114fab047232128c53659e4aa177b848e31957b12,PRE_IB,4,0,False
sha256:4b1e28733ab8e4bebdbee6cb187098efe69ce2863b5785c0b4f5c113f3bc665c,sha256:6b621c58148122045de69ebd5f3a0b0f75df1ef88cd0fa55f510a0ee0594db2c,sha256:6b621c58148122045de69ebd5f3a0b0f75df1ef88cd0fa55f510a0ee0594db2c,PRE_IB,4,1,False
sha256:510abd23e23e320ff38ddd1f3853911be839643757730779fe7933a210573ab7,sha256:5434a03ebef5fd63779e64b16f187eacbc778f933d01e561233bd6bf40882d2c,sha256:5434a03ebef5fd63779e64b16f187eacbc778f933d01e561233bd6bf40882d2c,PRE_IB,4,0,False
sha256:63a73f9efff44891959717f3e7a601c46a19896544d7816d7d7608b43d12d6ba,sha256:c060aab46fad78b7263e6706fbd480bf2ccd06e5e83965cadd1a792fd7204912,sha256:c060aab46fad78b7263e6706fbd480bf2ccd06e5e83965cadd1a792fd7204912,PRE_IB,4,0,False
sha256:651d1c25c6869ad0047b73cebaf29447014385404c2a6300ab266c3af01b5b5b,sha256:5b9503bfb1fad26081d09b26eac6c3ffb9ddb97f10e058ba84e4ff2900d71747,sha256:5b9503bfb1fad26081d09b26eac6c3ffb9ddb97f10e058ba84e4ff2900d71747,PRE_IB,4,0,False
sha256:6710bf2d94fd133a2e3198a219550df6575c6c9ad17177fc29515fa62236c8a5,sha256:3f872ac6cdbb78b711007d168dfc6c0a1a72551a87b8a58655e41a902b68d55d,sha256:3f872ac6cdbb78b711007d168dfc6c0a1a72551a87b8a58655e41a902b68d55d,PRE_IB,4,0,False
sha256:6c8e828f71a05c5c7ac186aeccf4963d88fd55d5ddd5ffa500dece610782031d,sha256:1102e3941a4ba02c56ead46df20bb04649038ed44ac7e5d7ef448336f2abc783,sha256:1102e3941a4ba02c56ead46df20bb04649038ed44ac7e5d7ef448336f2abc783,PRE_IB,4,7,True
sha256:6d39926190538294f7153287c797b64afa70e4405610e6997c682a34d71f1f39,sha256:b58679771067c996e0e4a911f54c6f1cc9cab930bb3ff39fbdd96b12f2cbf99e,sha256:b58679771067c996e0e4a911f54c6f1cc9cab930bb3ff39fbdd96b12f2cbf99e,PRE_IB,4,0,False
sha256:7a303a13be87a210af44b6e4f8b454f5b3a9106f8f1e1e05d1542b20c7734aff,sha256:903fb67e74eee89103bcd6487e64fc90c696bcb81afd70c75f06a91607420363,sha256:903fb67e74eee89103bcd6487e64fc90c696bcb81afd70c75f06a91607420363,PRE_IB,4,4,True
sha256:8529a23662e22b9ffd26a82dc98e03c1415a54bea3ae930cf84f0fe06b37872e,sha256:7b797465920d0dd630211c45659cbe83ea13a5e303c93a5e10651909064fad6b,sha256:7b797465920d0dd630211c45659cbe83ea13a5e303c93a5e10651909064fad6b,PRE_IB,4,0,False
sha256:8b1cd58281a9dfd745efda44159737fd261f3e5a0394d8bf26bd0858569c4989,sha256:4265ee37dba0c96a46e7f000d7a70378132a9ce5c43004e8631e178c2ddad6b2,sha256:4265ee37dba0c96a46e7f000d7a70378132a9ce5c43004e8631e178c2ddad6b2,PRE_IB,4,6,True
sha256:8dede4f142335c2392da8ba546a888102138b6e530d2f14911ac6147a417c717,sha256:30bc447f1a582a45dca59a887e0bc5ae01e0abb6f93558bb0e2b99a4d7593d6e,sha256:30bc447f1a582a45dca59a887e0bc5ae01e0abb6f93558bb0e2b99a4d7593d6e,PRE_IB,4,0,False
sha256:8ec4cb7b2667f829df62a3748d8aa2fe9fd16c72b8541f202ec4b5fa27c25c2f,sha256:6749d040d5f6438a309cf93ff56ba0915fdb2465cb07c1c13973d508fecde27b,sha256:6749d040d5f6438a309cf93ff56ba0915fdb2465cb07c1c13973d508fecde27b,PRE_IB,4,0,False
sha256:8f79d882dda34aceda0cc2aedb1ec15fd6de01695e208dfeae83ed7ae3d57bd9,sha256:057c65d1ca630ae359f7748cb27fe0e344ad6a11276f7ed2f90c764d816529a1,sha256:057c65d1ca630ae359f7748cb27fe0e344ad6a11276f7ed2f90c764d816529a1,PRE_IB,4,0,False
sha256:9136d802eeeb2edae0bad6b4688d8f82f096a435c4768b05ff3b2ae4e83fc470,sha256:816cba014f513f2109d353154159791bc8507d53a11e4244e43237f4dce2737e,sha256:816cba014f513f2109d353154159791bc8507d53a11e4244e43237f4dce2737e,PRE_IB,4,0,False
sha256:92954cdff5a86c68328d0a8f09ca47398b691ff8412d2cd90e1ef55b72178388,sha256:1aa6c298a066fa52c20b2be5cc403455f54ada03daa5dc96df9ece0299f7bbcf,sha256:1aa6c298a066fa52c20b2be5cc403455f54ada03daa5dc96df9ece0299f7bbcf,PRE_IB,4,0,False
sha256:9db48b846fa1564a70ddc8d2cd2dae62e8e2b76c470614b4ede20d0f1ebcd0c9,sha256:11010237a5edcb4a44b48c8fd9bde8a44fd4446a4dcc8d77a0b9c258567100fc,sha256:11010237a5edcb4a44b48c8fd9bde8a44fd4446a4dcc8d77a0b9c258567100fc,PRE_IB,4,0,False
sha256:a18676c27b5e9bf753b73e24f65c06fba864c7c06c32851b9a4c5af13418f1ac,sha256:47afa4ea7ca123e3d3949ce40bf55190ed8d9f52003dcb352cf7bf390e51551e,sha256:47afa4ea7ca123e3d3949ce40bf55190ed8d9f52003dcb352cf7bf390e51551e,PRE_IB,4,0,False
sha256:ae88e6a57a9d1596e3f49145f73633957dd15ca16e2a0869ff9b84d580a4b124,sha256:7bb75dcb6fbfb67c39ec31bd93c9b545524d3b55c479a2796d0c85430b903da5,sha256:7bb75dcb6fbfb67c39ec31bd93c9b545524d3b55c479a2796d0c85430b903da5,PRE_IB,4,0,False
sha256:aedab96ddd9ea7a740af09f38e3b5ac1a054a44295e3fe2aeb3124eb2b2fab56,sha256:16e7205bf1da600d7b3192a45040e91075db98c41f6404db7eccd39a19ead08c,sha256:16e7205bf1da600d7b3192a45040e91075db98c41f6404db7eccd39a19ead08c,PRE_IB,4,0,False
sha256:b00572d512ad12902cbeb806e1232808ca3d76ad6adcbc6a6247ef685a371753,sha256:4ce12fe1b5b24fbe8d43a6cb96ae71a6efd8296aa24f882435a2138f48234a45,sha256:4ce12fe1b5b24fbe8d43a6cb96ae71a6efd8296aa24f882435a2138f48234a45,PRE_IB,4,0,False
sha256:bb6a3a1dfac623ada2d14aca8d6f5478d2d136818469561e8bfa82604cd6829a,sha256:e480aa4bb569d9e00bd7e5d46e3143d7f4f8123604e7c61d2b9c505129bc0549,sha256:e480aa4bb569d9e00bd7e5d46e3143d7f4f8123604e7c61d2b9c505129bc0549,PRE_IB,4,0,False
sha256:c11cc4ac45fa99bf7a0262c199c31bfbadf6372c3a4722db663df8564fcd8c1b,sha256:5f721fad48e1e4d3fa09050e6ca2e15d981c63067cdda712da7508442bf922d4,sha256:5f721fad48e1e4d3fa09050e6ca2e15d981c63067cdda712da7508442bf922d4,PRE_IB,4,0,False
sha256:c667775745918d82640a962c0a0af11d2a072a97d7ad14915a963dd62cfba789,sha256:981413b9f36efdbb7ef349c67a8f340179b794c3f6424041520596ee93da6e35,sha256:981413b9f36efdbb7ef349c67a8f340179b794c3f6424041520596ee93da6e35,PRE_IB,4,0,False
sha256:c93b7957ac3b84b4db39d22952d2dcc28ed430f32c54f168c33d1e0be55abdb3,sha256:4328a1c11ce9f6a1b1fcf3671ae549d63097c8a2a6f0778d52d9cf0f713d6fd6,sha256:4328a1c11ce9f6a1b1fcf3671ae549d63097c8a2a6f0778d52d9cf0f713d6fd6,PRE_IB,4,0,False
sha256:cfdbdcb2ac2450fc35b3eae40cadb5b179c7168cd636fe95cfbce2a932596707,sha256:ee337d5afe24bc12ccb7088a360a521511cf786935110a3a1460c47782156d95,sha256:ee337d5afe24bc12ccb7088a360a521511cf786935110a3a1460c47782156d95,PRE_IB,4,7,True
sha256:d3ed059578f7fd0714346decd46b964c5ea3991a64939cd76ea5330b65a76826,sha256:9859703a9323174b92d458aa73b47827c2f8ae47a7e5d48c9c7149e17966af4f,sha256:9859703a9323174b92d458aa73b47827c2f8ae47a7e5d48c9c7149e17966af4f,PRE_IB,4,3,False
sha256:d819a0c974552effd49673acbec18d5eda40ee393222fdb1acd448f5092451c9,sha256:bad37ff8136f26d48e5826a56df1ba7692a52e99ab2c1ff77425abc9e3d44051,sha256:bad37ff8136f26d48e5826a56df1ba7692a52e99ab2c1ff77425abc9e3d44051,PRE_IB,4,1,False
sha256:dc99925fe37b8a67137b8b43e1bc607abb03732380e63034ec46fd6eabe4d37a,sha256:0e0081c19f416d375337bffca7329a44fb95740317768ffb11e8419fe45f67d9,sha256:0e0081c19f416d375337bffca7329a44fb95740317768ffb11e8419fe45f67d9,PRE_IB,4,0,False
sha256:ddc691538db897df846acfa4ba1dfe3332c4c04f9270cde23794be1eafeaf344,sha256:1487cdbaf3586ba7b9726e3593f24eff641e8c5c5cf44d12cc37fc7a196eb30b,sha256:1487cdbaf3586ba7b9726e3593f24eff641e8c5c5cf44d12cc37fc7a196eb30b,PRE_IB,4,0,False
sha256:f002e1ea1efd57bc6aacf2fd697e8792978edcc68e8782b31b5f756d30e6b480,sha256:b09636a657251e9d4216b7ef95e07185b5e540baed4f79411a87da550267e5ac,sha256:b09636a657251e9d4216b7ef95e07185b5e540baed4f79411a87da550267e5ac,PRE_IB,4,0,False
sha256:f8585a199d876b2529da3743f679c3f93d57a1667dc6dd7851915b127794bd83,sha256:f997db307b451ced0ed69df4f877e2f244c83efdc70584241a46b9c84342e8a8,sha256:f997db307b451ced0ed69df4f877e2f244c83efdc70584241a46b9c84342e8a8,PRE_IB,4,0,False
sha256:fa358aaec54a8e20890dec4a8f9bd076455d0efbbdf2a884c9632d515afb96e6,sha256:ba1b57b4cfa8fb9d1f5458be6f25b5b95ef1c326a172c12147aa4dd24f51aedd,sha256:ba1b57b4cfa8fb9d1f5458be6f25b5b95ef1c326a172c12147aa4dd24f51aedd,PRE_IB,4,1,False
sha256:fe6b227984dd8a16db0b4c9a65e9dc1fc5f70084d2ccb0e5e896df39f32d6a9c,sha256:8e8c9d5e772384f720a5bba2b3c204952e0122d5a68e98673441f6165b5ddf12,sha256:8e8c9d5e772384f720a5bba2b3c204952e0122d5a68e98673441f6165b5ddf12,PRE_IB,4,0,False
sha256:00b05b273658f3332865de1e9796d851ca6a2919bb7e4b04ee3e58f06dfe56c6,sha256:edfdf585c6afb6dc8894af29de5681887c288f1d2cf8a178c623dd55078b015f,sha256:edfdf585c6afb6dc8894af29de5681887c288f1d2cf8a178c623dd55078b015f,POST_IB_PRE_OB,5,0,False
sha256:00e8e773cd283d939ca84156277aff75b1c9ef7a14cb2e3f5e073116f61ab1cf,sha256:1d3c7da17e5875f62cb5d8a0dfa06c0ccf049ac6bad37f7e430ae3c81b0358fe,sha256:1d3c7da17e5875f62cb5d8a0dfa06c0ccf049ac6bad37f7e430ae3c81b0358fe,POST_IB_PRE_OB,5,0,False
sha256:02b711e90d440bcac9e7f163616a5b76929dfbad5f6bb2c0335c5bf85959ad65,sha256:53a1308c333c44d8f8a523127b010c5071e6ba0b600d4f3eb5e869104000a325,sha256:53a1308c333c44d8f8a523127b010c5071e6ba0b600d4f3eb5e869104000a325,POST_IB_PRE_OB,5,2,False
sha256:06175f5b45577085e11e76989574ab452a8bd8302e12d0b474181b63941dc70a,sha256:0caa35f6636548b031c543a6d8678b41b4aea08deec7a3983c6cc68a1ece117a,sha256:0caa35f6636548b031c543a6d8678b41b4aea08deec7a3983c6cc68a1ece117a,POST_IB_PRE_OB,5,0,False
sha256:06eebf6187fae5c4b5cb17b45cf57576dc2853d3944de85276bd6fbecc169ab9,sha256:93f5c0828bd5b82d3832d919d8fe5b8f4300cfe6c9c3e953746e86d251821675,sha256:93f5c0828bd5b82d3832d919d8fe5b8f4300cfe6c9c3e953746e86d251821675,POST_IB_PRE_OB,5,7,True
sha256:0a3614eb32c0724b572424173c306ae90f30957ba07dcbfaa924207801aa32fa,sha256:e86aa95cd76b1e745cdbdda75649a98ed6f6e52d2a4a73161fd7aa9d7b818412,sha256:e86aa95cd76b1e745cdbdda75649a98ed6f6e52d2a4a73161fd7aa9d7b818412,POST_IB_PRE_OB,5,0,False
sha256:0dcfae5a2f00a7a4f20494ea14c926169491cdcb628fb59e54a304d5013dd671,sha256:f6bf7783ee0b170dbb73ee5d418e04fec5fb282fd403bad976c9b1a35539fc83,sha256:f6bf7783ee0b170dbb73ee5d418e04fec5fb282fd403bad976c9b1a35539fc83,POST_IB_PRE_OB,5,0,False
sha256:131687a2a4d1ce3d87839668761d426361e0f6474d5e3c22895ba7ed1fd37e43,sha256:e342e7de4df5dd481ac0ebda139b264215edd0b12ee9229df80b2bdc31b61815,sha256:e342e7de4df5dd481ac0ebda139b264215edd0b12ee9229df80b2bdc31b61815,POST_IB_PRE_OB,5,0,False
sha256:17cb9f5c5180ae688b3d4a691216cbb6e153dd26fec2a70ec212f96d4a3e19f6,sha256:54c118da997363d7bea66b4dca367652732d27708a06413c8ef673815d6272a2,sha256:54c118da997363d7bea66b4dca367652732d27708a06413c8ef673815d6272a2,POST_IB_PRE_OB,5,0,False
sha256:181bc7c975fd4b2da221a0b667fef47f9b851c9cf9c2f60a9d2ed76de463c702,sha256:e428615e517b78bc97e766c56032e1531e4345ec50c396659dbc43989fa6afeb,sha256:e428615e517b78bc97e766c56032e1531e4345ec50c396659dbc43989fa6afeb,POST_IB_PRE_OB,5,0,False
sha256:19018d30b8242c3626aa00ca5672a0a99fdfb5627522791ce4231a969b41626d,sha256:557d1927536ab0aabef134f41ee52ed85642241e1af086e61a4214554909dd4c,sha256:557d1927536ab0aabef134f41ee52ed85642241e1af086e61a4214554909dd4c,POST_IB_PRE_OB,5,0,False
sha256:19c3ba96b1702f047910bbbce7058a4000ac8b2acafd113a3c36a35147dff201,sha256:24a1d406326f0dd43f8bafeb887f77678519774b4fd3331530b956a4aec3b19f,sha256:24a1d406326f0dd43f8bafeb887f77678519774b4fd3331530b956a4aec3b19f,POST_IB_PRE_OB,5,0,False
sha256:1aaa144cdc8cf40cab4b2ce0440457e245eb58744e457753a9a5b27a7fa67cd2,sha256:96775ad254d06048ccfcd53dea45e00a119cd74b11a428bf055dcdea4bcbdec8,sha256:96775ad254d06048ccfcd53dea45e00a119cd74b11a428bf055dcdea4bcbdec8,POST_IB_PRE_OB,5,0,False
sha256:1b38dfe1dd2690b17c5845dc0d41cf26511f63a6fd9412b810642e365802adc4,sha256:92fb0e62e5cb8278c4f65f63d657afe5d58bcbb67312ebca1ea88a8a1ae94e69,sha256:92fb0e62e5cb8278c4f65f63d657afe5d58bcbb67312ebca1ea88a8a1ae94e69,POST_IB_PRE_OB,5,0,False
sha256:22af1782183a59cb9c7ceb95e41ac6227e1069d5774b9ec5848041809a646143,sha256:cb2bd977a0a0050b50dc0e89dbef80118cfe353d8000171fa8ae80d47779a337,sha256:cb2bd977a0a0050b50dc0e89dbef80118cfe353d8000171fa8ae80d47779a337,POST_IB_PRE_OB,5,2,False
sha256:2535ad26710c031ab1827c61c902b08a37ff80f68a6e45abb36c2bc4904a1cb6,sha256:cc18251e3aa422e3199388b0b3fed8f176940eccc17a0cc95560a0dd06ead7a9,sha256:cc18251e3aa422e3199388b0b3fed8f176940eccc17a0cc95560a0dd06ead7a9,POST_IB_PRE_OB,5,0,False
sha256:25fe599dc22a1edc79d64db38d787481a8a0e7acd4a83b83b938ee3de35f633b,sha256:fef3c6e090e76e1abef57068c5570a86161395b3d572336f06b0cccf316661ad,sha256:fef3c6e090e76e1abef57068c5570a86161395b3d572336f06b0cccf316661ad,POST_IB_PRE_OB,5,0,False
sha256:29a423c8c4fc9dc08eabb584988d1d942c78c6f372c39e98876f9af82ccebba4,sha256:ac93cbf9c38411063c0370cbc27f7ff18a9309cae49433bfee812202eac230d5,sha256:ac93cbf9c38411063c0370cbc27f7ff18a9309cae49433bfee812202eac230d5,POST_IB_PRE_OB,5,0,False
sha256:2b04686f26ff3a5ef1f854cfa1f27a54eb3ad1fc242885b0aa9f8ed70f856335,sha256:10809eca963a9c4c722ab89c586e46c0a44162740e22dadcf03ed15806e37eb6,sha256:10809eca963a9c4c722ab89c586e46c0a44162740e22dadcf03ed15806e37eb6,POST_IB_PRE_OB,5,8,True
sha256:2f88de8e2dfd4dd93b29ae1d50513fed3ef3d03131015ee83f0b2c5a4f8b85f1,sha256:d762d95fe2042a6872cb92bd4ee8044dc58bd4a8aa9a9926e3468366aa0fade1,sha256:d762d95fe2042a6872cb92bd4ee8044dc58bd4a8aa9a9926e3468366aa0fade1,POST_IB_PRE_OB,5,0,False
sha256:303410c378ce9366901a9312d7eca17462f978c69efe6a4716458489c2a91129,sha256:c44a1224a2cc3e9d98aa3c35267bce55ed67c05f820f0003d16b24f03105526e,sha256:c44a1224a2cc3e9d98aa3c35267bce55ed67c05f820f0003d16b24f03105526e,POST_IB_PRE_OB,5,0,False
sha256:31440bc3e5679e7db44d799df4cda40a6b4b5036b4248d2c215dd559ca7ab204,sha256:6661d6a93bb32debe91dc662587a3462ee7baad0fdcb5690963c0ede833d3f99,sha256:6661d6a93bb32debe91dc662587a3462ee7baad0fdcb5690963c0ede833d3f99,POST_IB_PRE_OB,5,0,False
sha256:330272da4115b59e0fc45effab0c00959f23f483620a509aa53295aee8a5c81d,sha256:b462410bcd04c5203ab4015ca22b436129106561c99f4789315527361d95a201,sha256:b462410bcd04c5203ab4015ca22b436129106561c99f4789315527361d95a201,POST_IB_PRE_OB,5,0,False
sha256:34e1640dddb2189641d8114c383322b89b44b2f9f203668e9b4dd9f3c59b2385,sha256:f8c6f5a943410e5e571ed702d40c4f8b201d726bb0c73d4d10486aa88ad748c1,sha256:f8c6f5a943410e5e571ed702d40c4f8b201d726bb0c73d4d10486aa88ad748c1,POST_IB_PRE_OB,5,0,False
sha256:351755fd8a70eb14bc9a8058768a60fcb02b32acbcda041a7566b4fdcb7634d0,sha256:0a69737c7deb68ab687c57cbe64201c48f7db25bb1cc4a59983f5a155189a881,sha256:0a69737c7deb68ab687c57cbe64201c48f7db25bb1cc4a59983f5a155189a881,POST_IB_PRE_OB,5,0,False
sha256:39638a61edea8c9430fb7c6a9a25400c086b685169f8504a1919ca2d69d06558,sha256:95a2453515b40dc6bb5815de94ce9e01ffdfac886419efde1b6e278f9807fe92,sha256:95a2453515b40dc6bb5815de94ce9e01ffdfac886419efde1b6e278f9807fe92,POST_IB_PRE_OB,5,0,False
sha256:3c0efef12c89add8481f7b74abc06ace2acfc7c9ae2c8911f59a6f4d11affca8,sha256:d21ea2c3d6c4835187b0da3c1a974383dcf25bc948f1bbcce580a84d14b3537f,sha256:d21ea2c3d6c4835187b0da3c1a974383dcf25bc948f1bbcce580a84d14b3537f,POST_IB_PRE_OB,5,6,True
sha256:3cbe1d3c28fefc5e05634bd16bac697f6f3b6c8ec24dc0269b5f2a12417ef2a2,sha256:e036a0ad1363191f327fec493c0aea9ee57da2330daebd9de9db0ba59608341f,sha256:e036a0ad1363191f327fec493c0aea9ee57da2330daebd9de9db0ba59608341f,POST_IB_PRE_OB,5,0,False
sha256:402e50f1ff2b6883ca83dfccca0fc7f64b884554559ee570d3f1a5fbfb592f77,sha256:0e005d35d71579eaa9c49d2d2d85827ad46d8d933c73428175f3afb9c7af5612,sha256:0e005d35d71579eaa9c49d2d2d85827ad46d8d933c73428175f3afb9c7af5612,POST_IB_PRE_OB,5,0,False
sha256:42a14675030dafcd004783399878efe6902b6b8df0bc9a976dd8eec7f557edc3,sha256:437397c9d275cd6515c812f68e4a4408fdfceb791291c825df13a564000725eb,sha256:437397c9d275cd6515c812f68e4a4408fdfceb791291c825df13a564000725eb,POST_IB_PRE_OB,5,1,False
sha256:436b80c2e54bc585729f4ed9aba0e7507351da1428093c88f7198ece74393838,sha256:d5db3539bdca289cd2611d373548326b60607d0dc1feccab83ed780c4bb72592,sha256:d5db3539bdca289cd2611d373548326b60607d0dc1feccab83ed780c4bb72592,POST_IB_PRE_OB,5,0,False
sha256:44f1aa2681ebb944368caf826e3a034a76e9d2e60a172fec117d6fceea3c2138,sha256:653d8652cfbaae83bd4f652f716ae5f5414f34f27af68778ea1eddece0c950b1,sha256:653d8652cfbaae83bd4f652f716ae5f5414f34f27af68778ea1eddece0c950b1,POST_IB_PRE_OB,5,1,False
sha256:4b57944dca417714024c2cb73b578abc8e9c84656e9c472735690e42f962b4a7,sha256:b61b41dfbb5e9a4fd307732b727adaab5722ded5b97efe7f9aa3f903cf057e8f,sha256:b61b41dfbb5e9a4fd307732b727adaab5722ded5b97efe7f9aa3f903cf057e8f,POST_IB_PRE_OB,5,7,True
sha256:4cc5721218e3c92a3972961c724182e47afaa7e72e67d7fcf5b0b181c236c862,sha256:b9c2282887e37bdee10e1e0681c901473fd45db4bbbea92bc1a19d3de8750fd0,sha256:b9c2282887e37bdee10e1e0681c901473fd45db4bbbea92bc1a19d3de8750fd0,POST_IB_PRE_OB,5,0,False
sha256:4ceded2e20c37c4bd58c23dacbce7a3e6c6f344645cf12d5b9d53daaba772059,sha256:8c6a59f2668178d3e8460c48e6a3e79cdd8b5452759c1b2cc9a05436f89b66a6,sha256:8c6a59f2668178d3e8460c48e6a3e79cdd8b5452759c1b2cc9a05436f89b66a6,POST_IB_PRE_OB,5,0,False
sha256:4dd77563fd50d7c805fc789c9974ff08e00177b1376203e49df9b84fdfaa9f47,sha256:8451119d54ab50c58ffa99949c291d4fbf4d35da0cfd8529af03707ae8fa14f8,sha256:8451119d54ab50c58ffa99949c291d4fbf4d35da0cfd8529af03707ae8fa14f8,POST_IB_PRE_OB,5,0,False
sha256:510abd23e23e320ff38ddd1f3853911be839643757730779fe7933a210573ab7,sha256:4afc6772d3bfc6dbeb82078193742649dfb71785fdf021496a8015739746b3a6,sha256:4afc6772d3bfc6dbeb82078193742649dfb71785fdf021496a8015739746b3a6,POST_IB_PRE_OB,5,0,False
sha256:5127cac22e525d592ee8cb981de5e070b24764e1585466b612ef1afa149955fb,sha256:f11e7e067cad51427600c4d6ce3aa0e2e72560a6fe937104bb81c5c6fb77ce0c,sha256:f11e7e067cad51427600c4d6ce3aa0e2e72560a6fe937104bb81c5c6fb77ce0c,POST_IB_PRE_OB,5,0,False
sha256:56fd853a34b14f4f2c93241dfde7c8a8978cb393bc464515c91e4837bd3cf201,sha256:d072716e8dd92ee7e7cea50827aaa156b435deb813d555f03f8b4f3d78b251b8,sha256:d072716e8dd92ee7e7cea50827aaa156b435deb813d555f03f8b4f3d78b251b8,POST_IB_PRE_OB,5,0,False
sha256:5beb1a6d99bbbd17fd51c7fbc4ef4e63ed2d7101e5ceda1492c756db1f2122c7,sha256:7a256d3c7a3f6339a002db4d3750843b450e5e219281f19854225457f06a0f2d,sha256:7a256d3c7a3f6339a002db4d3750843b450e5e219281f19854225457f06a0f2d,POST_IB_PRE_OB,5,0,False
sha256:61faf60db885a5f7432518ff29e228ecf3f8d4aa0f4e90860233da996e7d6fc7,sha256:24f380aa8e9f80d9934fb836d7dd32ed5aa607d22236bf686feefe206c314d8b,sha256:24f380aa8e9f80d9934fb836d7dd32ed5aa607d22236bf686feefe206c314d8b,POST_IB_PRE_OB,5,0,False
sha256:62af01a047ac10066296e766243f1e1f3f03b4b107a166319407db7df23f4dc4,sha256:2afb084fcd2d2c66556ed19b0f6ccdac6418a2cb1f998e8378550c7b9bc8fb1c,sha256:2afb084fcd2d2c66556ed19b0f6ccdac6418a2cb1f998e8378550c7b9bc8fb1c,POST_IB_PRE_OB,5,0,False
sha256:63332b181b4f85d57c3f1f8aa629d80c9386423705d6bac0512a19938277ed18,sha256:888e8f24088a9e50866ef9ee69de81e3c8314fd1d3da25aca45535a3375580f3,sha256:888e8f24088a9e50866ef9ee69de81e3c8314fd1d3da25aca45535a3375580f3,POST_IB_PRE_OB,5,0,False
sha256:651d1c25c6869ad0047b73cebaf29447014385404c2a6300ab266c3af01b5b5b,sha256:7550976f06a0a0128585aa80ed4b23c50c9b915e503f0cb6edc0314c9969b04f,sha256:7550976f06a0a0128585aa80ed4b23c50c9b915e503f0cb6edc0314c9969b04f,POST_IB_PRE_OB,5,0,False
sha256:6710bf2d94fd133a2e3198a219550df6575c6c9ad17177fc29515fa62236c8a5,sha256:09fb4a399e4783bea8b9dd6ced363d1806f872cb5341a6aa7e5d05bfb07db6d6,sha256:09fb4a399e4783bea8b9dd6ced363d1806f872cb5341a6aa7e5d05bfb07db6d6,POST_IB_PRE_OB,5,0,False
sha256:6c8e828f71a05c5c7ac186aeccf4963d88fd55d5ddd5ffa500dece610782031d,sha256:3a2e051d5300bc13cdeb1205da3de6f9b24d42d7dd6550f716e0fce91548828b,sha256:3a2e051d5300bc13cdeb1205da3de6f9b24d42d7dd6550f716e0fce91548828b,POST_IB_PRE_OB,5,8,True
sha256:6d39926190538294f7153287c797b64afa70e4405610e6997c682a34d71f1f39,sha256:a697bdf33f52a74a01cec25cd12fc8fc4d58be2da6afa6dbdd83b14158d11e21,sha256:a697bdf33f52a74a01cec25cd12fc8fc4d58be2da6afa6dbdd83b14158d11e21,POST_IB_PRE_OB,5,0,False
sha256:6d5af9abdb6bc0b322b30d9cad06d7471821fff96df8c14ffca52fe4ac05164c,sha256:fa6b6701bd3aec99533bd5b57b1b81370cc5d6198e4d5b2bceff9e9b31fa7aef,sha256:fa6b6701bd3aec99533bd5b57b1b81370cc5d6198e4d5b2bceff9e9b31fa7aef,POST_IB_PRE_OB,5,0,False
sha256:6eda9cdf75c1e5fb3b598b18b05d588ec3b00281457bdea1a2ea3e120aef1c48,sha256:6a46a162e77eceef1dab9958ddc81979261637ad9f9066e3c17dff34e14517dc,sha256:6a46a162e77eceef1dab9958ddc81979261637ad9f9066e3c17dff34e14517dc,POST_IB_PRE_OB,5,2,False
sha256:73d86411ce4c378261aab5edc53d9b472631a7670b7866e1d4ba5422d05430c5,sha256:db7321ea61566115b4d046859ad8c9f08261a342581051abffc60eba9f1ab415,sha256:db7321ea61566115b4d046859ad8c9f08261a342581051abffc60eba9f1ab415,POST_IB_PRE_OB,5,0,False
sha256:75a2e2b6ef83fe44f16611fe8c79c7e51553b21c5262571ea1ed1dad3a7fdc73,sha256:f2c81acd2cab99581c8ea7023e2c2329a7ca6d60eb199bdca588ecd38a718f44,sha256:f2c81acd2cab99581c8ea7023e2c2329a7ca6d60eb199bdca588ecd38a718f44,POST_IB_PRE_OB,5,0,False
sha256:79c2db204a92c4ebb042a7ed764220250a8e99df9315de602a17f5d70a620f5a,sha256:d392db5ca192f971b9632831ed75a0ca6c2cd09549b4a0d38d1e5be44efa84eb,sha256:d392db5ca192f971b9632831ed75a0ca6c2cd09549b4a0d38d1e5be44efa84eb,POST_IB_PRE_OB,5,0,False
sha256:7a303a13be87a210af44b6e4f8b454f5b3a9106f8f1e1e05d1542b20c7734aff,sha256:49a947bbf6c4f2660755734ebf1a15a609bc38e6e6117b4473a3f2332f5d145c,sha256:49a947bbf6c4f2660755734ebf1a15a609bc38e6e6117b4473a3f2332f5d145c,POST_IB_PRE_OB,5,2,False
sha256:7ad35ec0017d1bb984fe4321d99f45a61e9ab7c6f2e5020ac21656dd8bbb7c0e,sha256:e33f8c29e1afa0532a11d130b8b2d744289b9b03ad5225d5ade0d21afccb25e5,sha256:e33f8c29e1afa0532a11d130b8b2d744289b9b03ad5225d5ade0d21afccb25e5,POST_IB_PRE_OB,5,0,False
sha256:7f2fe4ffae7d8e36f9e0c4fab024049858b34c10d7520981d2555d0a310e913c,sha256:ab1fdbe49fe71606422a06b9d79a995aa3114d146d2ceb438168baba8269946a,sha256:ab1fdbe49fe71606422a06b9d79a995aa3114d146d2ceb438168baba8269946a,POST_IB_PRE_OB,5,0,False
sha256:7fd23dce052089e82cfff87c56e5fbd55cba17e65e209fd6ef24c883d7a29f0d,sha256:1e66fb04e1c96fa7d59047694b7f66db388d392f9edf01540e70ae35c0ed1ccc,sha256:1e66fb04e1c96fa7d59047694b7f66db388d392f9edf01540e70ae35c0ed1ccc,POST_IB_PRE_OB,5,0,False
sha256:802eadf18c516c6866ee9487911e4f6527c31b7675f3138d74361f5b3e1b4da0,sha256:5d4aaf5d038a4ef9d1787f7054b0cd411efbb12bf18cafdd47f326e4d452eb3b,sha256:5d4aaf5d038a4ef9d1787f7054b0cd411efbb12bf18cafdd47f326e4d452eb3b,POST_IB_PRE_OB,5,0,False
sha256:8103566065b9d055f455fcf60e91908f8e0796d2647d54a1fbc0781654c688fa,sha256:910a4bc0c1528d89177c7ddac2c49d07699afd0f43896d26f325bfa870ba49c0,sha256:910a4bc0c1528d89177c7ddac2c49d07699afd0f43896d26f325bfa870ba49c0,POST_IB_PRE_OB,5,0,False
sha256:821d9c064ce0d35c20d67925cf60d653dcff4e42018cc8d874ae780dcd8f4648,sha256:3ea1618fe3d1dd483034ce39cc6097c2ff8a44b7221e33958d32b6c3aae28f25,sha256:3ea1618fe3d1dd483034ce39cc6097c2ff8a44b7221e33958d32b6c3aae28f25,POST_IB_PRE_OB,5,0,False
sha256:8529a23662e22b9ffd26a82dc98e03c1415a54bea3ae930cf84f0fe06b37872e,sha256:118512a53bf3e628857be09b6015191328a80b125fe37e3e608eb143a646c742,sha256:118512a53bf3e628857be09b6015191328a80b125fe37e3e608eb143a646c742,POST_IB_PRE_OB,5,0,False
sha256:8b1cd58281a9dfd745efda44159737fd261f3e5a0394d8bf26bd0858569c4989,sha256:9c905603d962258ebd674ea474cd50ccde1889ee9fecd1af27b961746a52ab03,sha256:9c905603d962258ebd674ea474cd50ccde1889ee9fecd1af27b961746a52ab03,POST_IB_PRE_OB,5,7,True
sha256:8dede4f142335c2392da8ba546a888102138b6e530d2f14911ac6147a417c717,sha256:6e580783712fddd5e8e7c96a9bdec5a797777c27812253caedc12a01f30859f2,sha256:6e580783712fddd5e8e7c96a9bdec5a797777c27812253caedc12a01f30859f2,POST_IB_PRE_OB,5,3,False
sha256:8e0c43eee94d184b24df43d48bccb8f3c04c0c57fab498bfe6bea28485fe30b8,sha256:b42a54e8c5114ffe9312a2129e7499c31f34c84b00fbc37db0b0ed89e48d6951,sha256:b42a54e8c5114ffe9312a2129e7499c31f34c84b00fbc37db0b0ed89e48d6951,POST_IB_PRE_OB,5,0,False
sha256:8ec4cb7b2667f829df62a3748d8aa2fe9fd16c72b8541f202ec4b5fa27c25c2f,sha256:1532f07a2d9f3a5a9c65570c3de741c5dae7530237e525e884db036abf6c1581,sha256:1532f07a2d9f3a5a9c65570c3de741c5dae7530237e525e884db036abf6c1581,POST_IB_PRE_OB,5,1,False
sha256:8f79d882dda34aceda0cc2aedb1ec15fd6de01695e208dfeae83ed7ae3d57bd9,sha256:a752ad548138f4d535d0602beab4ea95ca9853d811e188183891b5c4f40e5bff,sha256:a752ad548138f4d535d0602beab4ea95ca9853d811e188183891b5c4f40e5bff,POST_IB_PRE_OB,5,0,False
sha256:909c65b08b7c18af875df2b8f11d5cdb914ceb2e71f3833937300b002ef4b5c5,sha256:eed2d75fa9cd4501d55362f8f3aa88bdd21eb566320a90de47e8896f79d46192,sha256:eed2d75fa9cd4501d55362f8f3aa88bdd21eb566320a90de47e8896f79d46192,POST_IB_PRE_OB,5,0,False
sha256:9136d802eeeb2edae0bad6b4688d8f82f096a435c4768b05ff3b2ae4e83fc470,sha256:7056a7bec0943a294d4c8126bcfde4d239fd14e7dd761062234321a2f2da8fa7,sha256:7056a7bec0943a294d4c8126bcfde4d239fd14e7dd761062234321a2f2da8fa7,POST_IB_PRE_OB,5,1,False
sha256:92954cdff5a86c68328d0a8f09ca47398b691ff8412d2cd90e1ef55b72178388,sha256:8e87abe443134878726cdfb79ed47a4195b0ff7238efefca74aeb5ef02f1b9c8,sha256:8e87abe443134878726cdfb79ed47a4195b0ff7238efefca74aeb5ef02f1b9c8,POST_IB_PRE_OB,5,0,False
sha256:92a29f18646e5814d1fc271bcc58a58302762a6cf73fe4ba740c45e4a0adc937,sha256:3a39d2c66fdc38c3a1fc901fd6de5214813b2f935ecf12361106153533d26ba8,sha256:3a39d2c66fdc38c3a1fc901fd6de5214813b2f935ecf12361106153533d26ba8,POST_IB_PRE_OB,5,0,False
sha256:92dfb300eff61238f0ae402e6956257e202a4ed932f4a45abb7631f7a5ae10ff,sha256:f76fbd30cfbf7ccb05d570667798d7e842bb3604c86eaca32963b86428f0943c,sha256:f76fbd30cfbf7ccb05d570667798d7e842bb3604c86eaca32963b86428f0943c,POST_IB_PRE_OB,5,0,False
sha256:9bc1c4d7908588a21802e6c224ab7595655c93af346cc39b44488108ea0c17e4,sha256:d35bd02577f33e3c200ee75bb649c7e8d69ed092e79296a58ec46bd45e636db5,sha256:d35bd02577f33e3c200ee75bb649c7e8d69ed092e79296a58ec46bd45e636db5,POST_IB_PRE_OB,5,0,False
sha256:9ce5cffb874040a620d68f9d91f95b0a279c0687adcb861dbe822ba059a9b3fe,sha256:49373cbcb2d7824a96668befe97710087bb1c78f0828706d6ae74b9ffba7b71f,sha256:49373cbcb2d7824a96668befe97710087bb1c78f0828706d6ae74b9ffba7b71f,POST_IB_PRE_OB,5,0,False
sha256:9db48b846fa1564a70ddc8d2cd2dae62e8e2b76c470614b4ede20d0f1ebcd0c9,sha256:ed5e77f797bf165b182ef44a350529fd03f8ed00e1ce7d6f82acdc345743af03,sha256:ed5e77f797bf165b182ef44a350529fd03f8ed00e1ce7d6f82acdc345743af03,POST_IB_PRE_OB,5,0,False
sha256:a41457ba655f56cd7192d6646e8ea413e88168eb808e399c0ccd008e8b3bbd74,sha256:253a76a2e0aceffda554f2deb627da18553b83261af1c4b126034de287c1fe07,sha256:253a76a2e0aceffda554f2deb627da18553b83261af1c4b126034de287c1fe07,POST_IB_PRE_OB,5,0,False
sha256:a4272b2dbb59d804c80972be0345e6c68eefe5e5b15435f4eb7524b1083972fb,sha256:90a779143bae2a757e969822d635532d0221d6433363162d5dd05249b062f76e,sha256:90a779143bae2a757e969822d635532d0221d6433363162d5dd05249b062f76e,POST_IB_PRE_OB,5,0,False
sha256:ae88e6a57a9d1596e3f49145f73633957dd15ca16e2a0869ff9b84d580a4b124,sha256:dcac9d847cc1533d81b522407a089a5498d7e8cc0778b0b6329c68872c3900ef,sha256:dcac9d847cc1533d81b522407a089a5498d7e8cc0778b0b6329c68872c3900ef,POST_IB_PRE_OB,5,0,False
sha256:aedab96ddd9ea7a740af09f38e3b5ac1a054a44295e3fe2aeb3124eb2b2fab56,sha256:fe93aa29ed2faeee2282410b9f8ef887cdc47c8d91b36d91b81197fd08133424,sha256:fe93aa29ed2faeee2282410b9f8ef887cdc47c8d91b36d91b81197fd08133424,POST_IB_PRE_OB,5,0,False
sha256:af73cf46cc7e39445099a80730dce5c7af45a971852a5baf6896d89214397d38,sha256:55a990d1c0e83f83d884252fbcf00c9e7c3f762d956327d15ca4ad3824b2a8bc,sha256:55a990d1c0e83f83d884252fbcf00c9e7c3f762d956327d15ca4ad3824b2a8bc,POST_IB_PRE_OB,5,0,False
sha256:b1b5c499dfcd0d8c24a69167194439317710dc6a47a7c2d3000b45392cae7551,sha256:4b83ddf2fc0b26b2d58964f746f394d8c8af5a5936c7ea10bf5379dce4cb9187,sha256:4b83ddf2fc0b26b2d58964f746f394d8c8af5a5936c7ea10bf5379dce4cb9187,POST_IB_PRE_OB,5,2,False
sha256:b5233980f2c1df7d34acc3f0721fb7ac2a66808c1a837329f9fd3f49926f24dc,sha256:da2d2376e3b0976cc5f0bb6d5b3f902012a0998c41315da25a6f9ec0bf141ace,sha256:da2d2376e3b0976cc5f0bb6d5b3f902012a0998c41315da25a6f9ec0bf141ace,POST_IB_PRE_OB,5,0,False
sha256:b9a4fa94dafc0e3ad02143e811d8a97e414acf62bbd5363768564cff85896f70,sha256:41d8cbdd63863224badc09ea387183b762570e4377fe93838f095dda3d7b2c41,sha256:41d8cbdd63863224badc09ea387183b762570e4377fe93838f095dda3d7b2c41,POST_IB_PRE_OB,5,6,True
sha256:baac9bacdfb1e7985e9641fc25996dc5d24e9b89b2b3a6b50fe0aae193d75dc4,sha256:d8b1aa0a19b345d100b48a09dda67fd5e213f801bf849f37cfc19b3ebf52c069,sha256:d8b1aa0a19b345d100b48a09dda67fd5e213f801bf849f37cfc19b3ebf52c069,POST_IB_PRE_OB,5,7,True
sha256:bb6a3a1dfac623ada2d14aca8d6f5478d2d136818469561e8bfa82604cd6829a,sha256:ebfa8963e19ace180cd925bc3e4dcf02b0ef1b863ac72bbd85df70d45bcf3270,sha256:ebfa8963e19ace180cd925bc3e4dcf02b0ef1b863ac72bbd85df70d45bcf3270,POST_IB_PRE_OB,5,0,False
sha256:be3400a5a79081b7ee340d6a04016a28d151eb141eacdd8f262be7b298d1d1aa,sha256:7b0e2c8933583cfef8ee41c6a7bb596e32aa766beb2c43f28e904ec8fe6576d1,sha256:7b0e2c8933583cfef8ee41c6a7bb596e32aa766beb2c43f28e904ec8fe6576d1,POST_IB_PRE_OB,5,0,False
sha256:be79535a3e87c18fe317c3dfd5d7bef438d28fa95d5f89d38b906107bb734d32,sha256:de6a9330d8ce550f1f0a6c026ba1f923d30886ad816a34b357b11c68cf4ab2c7,sha256:de6a9330d8ce550f1f0a6c026ba1f923d30886ad816a34b357b11c68cf4ab2c7,POST_IB_PRE_OB,5,0,False
sha256:bef367e1c36ad90a02cc50df1ff122b9afde7e33e57dd98de21cdfaea8e8664e,sha256:1d32c88f245af39ba05dd1a6ade77573c2524353657888586b04a0c53cca973d,sha256:1d32c88f245af39ba05dd1a6ade77573c2524353657888586b04a0c53cca973d,POST_IB_PRE_OB,5,0,False
sha256:c11cc4ac45fa99bf7a0262c199c31bfbadf6372c3a4722db663df8564fcd8c1b,sha256:393f7d16db868ed0fe5a14311e309471cbcf5c3266711104eece77f131787ed0,sha256:393f7d16db868ed0fe5a14311e309471cbcf5c3266711104eece77f131787ed0,POST_IB_PRE_OB,5,0,False
sha256:c12488e0ec2b62e3f067d190c62f470d81b9308828d5c97a9dbb692d4ddd0fe5,sha256:121ab81847231077fc477135313ab9fd2e501f2448b17f3179efa3f7e954a5c2,sha256:121ab81847231077fc477135313ab9fd2e501f2448b17f3179efa3f7e954a5c2,POST_IB_PRE_OB,5,0,False
sha256:c47612951f046a604739c6a61b0c750156217227310a6fa1b301fc1b55f37a73,sha256:2499816614111cc383b6c624095d7defc8d995e92089a1aaa28e4ae01985699f,sha256:2499816614111cc383b6c624095d7defc8d995e92089a1aaa28e4ae01985699f,POST_IB_PRE_OB,5,5,True
sha256:c5c14d18234ec838169a0ae30e3a0bf979f7c2462ba4d819586b1aebae8dc798,sha256:6c1ac95e562afdebd3e8eb2955379885748efacb05fdd6ff1927258ad3a7c464,sha256:6c1ac95e562afdebd3e8eb2955379885748efacb05fdd6ff1927258ad3a7c464,POST_IB_PRE_OB,5,0,False
sha256:c667775745918d82640a962c0a0af11d2a072a97d7ad14915a963dd62cfba789,sha256:14c8a0e539a0f474de7629fc92576c735804e76360b6b724a2b7dd0b3a4415fb,sha256:14c8a0e539a0f474de7629fc92576c735804e76360b6b724a2b7dd0b3a4415fb,POST_IB_PRE_OB,5,7,True
sha256:c93b7957ac3b84b4db39d22952d2dcc28ed430f32c54f168c33d1e0be55abdb3,sha256:f24dcf4ddf49d9a1b99df6255ceebbcaaca2c2afc09de901c41d62d2bfec6a71,sha256:f24dcf4ddf49d9a1b99df6255ceebbcaaca2c2afc09de901c41d62d2bfec6a71,POST_IB_PRE_OB,5,0,False
sha256:ca0cf314c6f083b712d1ef57fb973dbd4bf180ce9be0631e86a5324a9552eb1a,sha256:c6bb4ca86a9a5ecff50c5b83c745b7a10996f84096c80cb7dbdbace9f919a32d,sha256:c6bb4ca86a9a5ecff50c5b83c745b7a10996f84096c80cb7dbdbace9f919a32d,POST_IB_PRE_OB,5,0,False
sha256:cbf806907eb00fdf63d3cd8602bc31292b09856da2ebd594f2bcac5055906433,sha256:eaca65d8f21ad35d342e25508086bdbc8b3cc57c6e9f42612b882364c2655caa,sha256:eaca65d8f21ad35d342e25508086bdbc8b3cc57c6e9f42612b882364c2655caa,POST_IB_PRE_OB,5,0,False
sha256:d0d25f0423a24b24d9c09095a4379dd9dbc4e350b658a4ac88b734ea6c1cd547,sha256:758bf84858aac4b140103e86c363d1b12eb7483d36f92de6c7f79105630b0bfb,sha256:758bf84858aac4b140103e86c363d1b12eb7483d36f92de6c7f79105630b0bfb,POST_IB_PRE_OB,5,0,False
sha256:d2b8703b5ac8902546d685f92f25bdaf8f41d8cd650c90427539d0046d82e377,sha256:64943982854ea0cf56018fa2fb7920448e315d60fff1c4d1e60b930d55f996fd,sha256:64943982854ea0cf56018fa2fb7920448e315d60fff1c4d1e60b930d55f996fd,POST_IB_PRE_OB,5,0,False
sha256:d3ed059578f7fd0714346decd46b964c5ea3991a64939cd76ea5330b65a76826,sha256:df0655c61f3d7e3283468e2e48980239d43786768d51b90a40eac172008fd32f,sha256:df0655c61f3d7e3283468e2e48980239d43786768d51b90a40eac172008fd32f,POST_IB_PRE_OB,5,2,False
sha256:d3f910983062abcf15c05c333d3d298cdc3649d11fe49167054cc6d6d1624224,sha256:9cb480c7aeda15fedf5a4a41354cdba61f9d765c45d3608d5aeb43b19fe0937a,sha256:9cb480c7aeda15fedf5a4a41354cdba61f9d765c45d3608d5aeb43b19fe0937a,POST_IB_PRE_OB,5,0,False
sha256:d53009afcb9cf96770c109906a7244da385246736bc78ca2884cea98769494c2,sha256:b511ec3f18dbce5122140525d9571c7597d506949a8198ec6154e0ad2d378171,sha256:b511ec3f18dbce5122140525d9571c7597d506949a8198ec6154e0ad2d378171,POST_IB_PRE_OB,5,0,False
sha256:d819a0c974552effd49673acbec18d5eda40ee393222fdb1acd448f5092451c9,sha256:c52a32811d10ab099df28a44fcbb319a95f6bd349963617bd381db4f0f7b31ba,sha256:c52a32811d10ab099df28a44fcbb319a95f6bd349963617bd381db4f0f7b31ba,POST_IB_PRE_OB,5,1,False
sha256:d970fe6d87b762fec500982351e53ea3a94f15ab03b216349f484718eb171043,sha256:bc54032b13ea0c69835146d98d258b9eb5d242b75f004deb315ce09ee6bbe6f2,sha256:bc54032b13ea0c69835146d98d258b9eb5d242b75f004deb315ce09ee6bbe6f2,POST_IB_PRE_OB,5,1,False
sha256:dc83e29f18c777de0af89dd66b485befe48f223e42a059015f3f8bd2bb005464,sha256:2feb5ec8e696a51089cfbef2f074e28141a03683a33f93c938518c559747dfb0,sha256:2feb5ec8e696a51089cfbef2f074e28141a03683a33f93c938518c559747dfb0,POST_IB_PRE_OB,5,0,False
sha256:dc99925fe37b8a67137b8b43e1bc607abb03732380e63034ec46fd6eabe4d37a,sha256:9d371948139dbb9fe5c6fe9221453bc7fbf83fd1271f773276c5600b1e37bbca,sha256:9d371948139dbb9fe5c6fe9221453bc7fbf83fd1271f773276c5600b1e37bbca,POST_IB_PRE_OB,5,0,False
sha256:de39b3297f3c6e67b64e6da9ddc05f04cd17be61d1d7f83c465c05fb7165f30d,sha256:f04baf4fb53741cd69106693fe8001b9b6b936bd7510e514b20dd2053435a4f7,sha256:f04baf4fb53741cd69106693fe8001b9b6b936bd7510e514b20dd2053435a4f7,POST_IB_PRE_OB,5,6,True
sha256:e2d08005665217f11de04ba8bce2b7afe2c6423bc45506bc537b35a3155c843a,sha256:d77ad5b66cb4d16057f969dca593425a80b16c69aaf50c20b20f702ebb497463,sha256:d77ad5b66cb4d16057f969dca593425a80b16c69aaf50c20b20f702ebb497463,POST_IB_PRE_OB,5,0,False
sha256:e5b7846a306946ce9de43e3415dea0a8448f3cf5042a30d7809f57d766e5aed6,sha256:e672e8a5940e0cd1a01ef51523de9f087a1d55d995553eb9182d0161e7090d67,sha256:e672e8a5940e0cd1a01ef51523de9f087a1d55d995553eb9182d0161e7090d67,POST_IB_PRE_OB,5,0,False
sha256:e67e103529436039a88420e71c2856b5da77723b71c1d0abeb04fc85b1aac31a,sha256:d597032f1269c44514914cb4fe4261d643d1e7d010d5edf70ecd4862d9fdc4b2,sha256:d597032f1269c44514914cb4fe4261d643d1e7d010d5edf70ecd4862d9fdc4b2,POST_IB_PRE_OB,5,0,False
sha256:e82e14159c7b665cb9f7e1446d9dc4dd49ad798dae53d327190b820357ed8de3,sha256:186f55c608984b1727d5681a8537835f2e9be069bcde45d3c8b21e76799efcc6,sha256:186f55c608984b1727d5681a8537835f2e9be069bcde45d3c8b21e76799efcc6,POST_IB_PRE_OB,5,0,False
sha256:ea0f484dd70b52dfcfda0107ee55b8489cfe8e127e4d6befbfba25cc0d78b703,sha256:37802db3edb39636a9427727400eddfce50015d8238465d8e452f9352ab980b1,sha256:37802db3edb39636a9427727400eddfce50015d8238465d8e452f9352ab980b1,POST_IB_PRE_OB,5,0,False
sha256:ebbe8eeed2c67c7f9ecdb3544158411484af65485e571f7451464e71269b492a,sha256:ecffcfdae3526fae48068aa4b8dc54bf6fa0c85f05a89e4ea25947118feaf1b3,sha256:ecffcfdae3526fae48068aa4b8dc54bf6fa0c85f05a89e4ea25947118feaf1b3,POST_IB_PRE_OB,5,0,False
sha256:ec102d3fc8dae3f12f4136cea3e99d18b0d847205350682987e0c5ea002d385d,sha256:a44db5bd4499d82373bf50f213c4aade678f14c50d6ad449cae495930834fc6f,sha256:a44db5bd4499d82373bf50f213c4aade678f14c50d6ad449cae495930834fc6f,POST_IB_PRE_OB,5,0,False
sha256:eca53de8bef95a075b99b1ec91d585d0bb644d1bd60fcda1ab7be7de3e98c7ab,sha256:3fc517c761ebd07d0761abce4bb3f05489ac1918db203f79b84815054437b37d,sha256:3fc517c761ebd07d0761abce4bb3f05489ac1918db203f79b84815054437b37d,POST_IB_PRE_OB,5,1,False
sha256:f002e1ea1efd57bc6aacf2fd697e8792978edcc68e8782b31b5f756d30e6b480,sha256:58256d01a9fc4d90fb22689eb660ba6f2cdb9e8aea4bdee5aac40e9f41ee5407,sha256:58256d01a9fc4d90fb22689eb660ba6f2cdb9e8aea4bdee5aac40e9f41ee5407,POST_IB_PRE_OB,5,0,False
sha256:f1355c1d155b917be4c9a2f84da92e66e195ec31454243c60217db7926b00927,sha256:b8f0b51e5368742b2a238d7041f97dd989baccf0ee8ee7cfdd629f3222d4b2f7,sha256:b8f0b51e5368742b2a238d7041f97dd989baccf0ee8ee7cfdd629f3222d4b2f7,POST_IB_PRE_OB,5,0,False
sha256:f1a2b1b8f516c06be50e9c6d4fdccc61707d3927ff3273b1bc7135d02fa615d0,sha256:5f0443c319285c99d5bd433391d6085ae28afa6d994bd7f517c0a8e13d7ef651,sha256:5f0443c319285c99d5bd433391d6085ae28afa6d994bd7f517c0a8e13d7ef651,POST_IB_PRE_OB,5,0,False
sha256:f5c0b79dbb03b4f80460aedd04e4964147706ae7bb7fded4cd2f8e1dcddcc7b1,sha256:8cb32e6fcd82632bcd7001b8a1d0302e4278b684de404c801ac417c241155192,sha256:8cb32e6fcd82632bcd7001b8a1d0302e4278b684de404c801ac417c241155192,POST_IB_PRE_OB,5,0,False
sha256:f8585a199d876b2529da3743f679c3f93d57a1667dc6dd7851915b127794bd83,sha256:a988736a31614f808889ebd1b1247cbbe5b2d97429cfd6e2cf5f8435fa357282,sha256:a988736a31614f808889ebd1b1247cbbe5b2d97429cfd6e2cf5f8435fa357282,POST_IB_PRE_OB,5,0,False
sha256:fa358aaec54a8e20890dec4a8f9bd076455d0efbbdf2a884c9632d515afb96e6,sha256:3795535fde503866de5ae9798121f7cbcf39c5646820b126b5d5de64aaf4681f,sha256:3795535fde503866de5ae9798121f7cbcf39c5646820b126b5d5de64aaf4681f,POST_IB_PRE_OB,5,0,False
sha256:fe6b227984dd8a16db0b4c9a65e9dc1fc5f70084d2ccb0e5e896df39f32d6a9c,sha256:2f203cf70710dd042c789a9e88228c372d4c9cb00b51506637000e461b465cea,sha256:2f203cf70710dd042c789a9e88228c372d4c9cb00b51506637000e461b465cea,POST_IB_PRE_OB,5,0,False
sha256:ff9ae344a57e16af22c274ff033a4ac81ea6e56288589378b539a539ee42ec1d,sha256:20d8790c9b9e0bf59890c8e4d59b59ff6c5c64d3748e751f9dafcbcb2c418018,sha256:20d8790c9b9e0bf59890c8e4d59b59ff6c5c64d3748e751f9dafcbcb2c418018,POST_IB_PRE_OB,5,0,False
sha256:00b05b273658f3332865de1e9796d851ca6a2919bb7e4b04ee3e58f06dfe56c6,sha256:cb5f6cf3c0f422d7f078044a7a0314c325f9cd6d8fb1fae4e76fac09488f39d4,sha256:cb5f6cf3c0f422d7f078044a7a0314c325f9cd6d8fb1fae4e76fac09488f39d4,POST_OB_PRE_TO,5,0,False
sha256:02b711e90d440bcac9e7f163616a5b76929dfbad5f6bb2c0335c5bf85959ad65,sha256:16549b4446bed8af4961d51d468de67aa1eb4530b9bb814cec18424c9c0e7b13,sha256:16549b4446bed8af4961d51d468de67aa1eb4530b9bb814cec18424c9c0e7b13,POST_OB_PRE_TO,5,0,False
sha256:06175f5b45577085e11e76989574ab452a8bd8302e12d0b474181b63941dc70a,sha256:b749fe74b3c8555690ca81375653abab13cb95933388903a0de21d4fa3a11472,sha256:b749fe74b3c8555690ca81375653abab13cb95933388903a0de21d4fa3a11472,POST_OB_PRE_TO,5,0,False
sha256:06eebf6187fae5c4b5cb17b45cf57576dc2853d3944de85276bd6fbecc169ab9,sha256:3c2e16c8014d86883b1a1cc494797148ebdfa45a4b3e29bac08c16be990b18e2,sha256:3c2e16c8014d86883b1a1cc494797148ebdfa45a4b3e29bac08c16be990b18e2,POST_OB_PRE_TO,5,8,True
sha256:0a3614eb32c0724b572424173c306ae90f30957ba07dcbfaa924207801aa32fa,sha256:d5ab0f2ee93444bf969a3eb5ca7911b43d79fb93f9f2b632ab824a9e67d66d7f,sha256:d5ab0f2ee93444bf969a3eb5ca7911b43d79fb93f9f2b632ab824a9e67d66d7f,POST_OB_PRE_TO,5,0,False
sha256:0dcfae5a2f00a7a4f20494ea14c926169491cdcb628fb59e54a304d5013dd671,sha256:e2825bd890af19aaf18b49fc6e931c81cb18e9f0f3d827346e2651d9ef345023,sha256:e2825bd890af19aaf18b49fc6e931c81cb18e9f0f3d827346e2651d9ef345023,POST_OB_PRE_TO,5,0,False
sha256:131687a2a4d1ce3d87839668761d426361e0f6474d5e3c22895ba7ed1fd37e43,sha256:9ce686604ee7919f5bf5249e2122ed1dca909dec8347474ddbe41e19052d663b,sha256:9ce686604ee7919f5bf5249e2122ed1dca909dec8347474ddbe41e19052d663b,POST_OB_PRE_TO,5,0,False
sha256:17cb9f5c5180ae688b3d4a691216cbb6e153dd26fec2a70ec212f96d4a3e19f6,sha256:0b028dd4c6daa5cd32a45edd6fbca940d48ec297fc78fee29cd27b5ebbaeaabe,sha256:0b028dd4c6daa5cd32a45edd6fbca940d48ec297fc78fee29cd27b5ebbaeaabe,POST_OB_PRE_TO,5,0,False
sha256:181bc7c975fd4b2da221a0b667fef47f9b851c9cf9c2f60a9d2ed76de463c702,sha256:6e1404d11b12aaa1beef0257826787eab7f259aede74aaf7794bb042807e77f2,sha256:6e1404d11b12aaa1beef0257826787eab7f259aede74aaf7794bb042807e77f2,POST_OB_PRE_TO,5,0,False
sha256:1b38dfe1dd2690b17c5845dc0d41cf26511f63a6fd9412b810642e365802adc4,sha256:686b0e19ebf894d35a55d3d55a595aca55a59e61640652491893624313e0ccd2,sha256:686b0e19ebf894d35a55d3d55a595aca55a59e61640652491893624313e0ccd2,POST_OB_PRE_TO,5,0,False
sha256:2535ad26710c031ab1827c61c902b08a37ff80f68a6e45abb36c2bc4904a1cb6,sha256:bb7d6484af810ee122d4fd6b155a6cf30ef3f3396aa86cd394c81710e8436149,sha256:bb7d6484af810ee122d4fd6b155a6cf30ef3f3396aa86cd394c81710e8436149,POST_OB_PRE_TO,5,0,False
sha256:29a423c8c4fc9dc08eabb584988d1d942c78c6f372c39e98876f9af82ccebba4,sha256:9c4d57d19a3d7b0e24a2bc7976cfe12416d1cba3ddfcddde3f5b9166b8e752e9,sha256:9c4d57d19a3d7b0e24a2bc7976cfe12416d1cba3ddfcddde3f5b9166b8e752e9,POST_OB_PRE_TO,5,0,False
sha256:2f88de8e2dfd4dd93b29ae1d50513fed3ef3d03131015ee83f0b2c5a4f8b85f1,sha256:194fae2e27ad3daa13bac911119230ec4319eb7b2d8eb601bc656bfc6ed67db9,sha256:194fae2e27ad3daa13bac911119230ec4319eb7b2d8eb601bc656bfc6ed67db9,POST_OB_PRE_TO,5,0,False
sha256:303410c378ce9366901a9312d7eca17462f978c69efe6a4716458489c2a91129,sha256:33b4e4366ad3a69730233d775cb234ec1b1b1f364a766f98d9687258afba0089,sha256:33b4e4366ad3a69730233d775cb234ec1b1b1f364a766f98d9687258afba0089,POST_OB_PRE_TO,5,0,False
sha256:34e1640dddb2189641d8114c383322b89b44b2f9f203668e9b4dd9f3c59b2385,sha256:239aeb3dbfb56c29e66316df629a79741864317f2a7920b54348f3fb529ce530,sha256:239aeb3dbfb56c29e66316df629a79741864317f2a7920b54348f3fb529ce530,POST_OB_PRE_TO,5,0,False
sha256:39638a61edea8c9430fb7c6a9a25400c086b685169f8504a1919ca2d69d06558,sha256:7f759ef090fd9a529d342a5c59cd855fd88adb47b9fea82e26c2cb7b9cba8d69,sha256:7f759ef090fd9a529d342a5c59cd855fd88adb47b9fea82e26c2cb7b9cba8d69,POST_OB_PRE_TO,5,2,False
sha256:3c0efef12c89add8481f7b74abc06ace2acfc7c9ae2c8911f59a6f4d11affca8,sha256:9033e4a7840386db5797a4d22d6acb4ae79d3a4188f245d8da705f74347359c1,sha256:9033e4a7840386db5797a4d22d6acb4ae79d3a4188f245d8da705f74347359c1,POST_OB_PRE_TO,5,8,True
sha256:3cbe1d3c28fefc5e05634bd16bac697f6f3b6c8ec24dc0269b5f2a12417ef2a2,sha256:def3ee35ac20f16c2b0fb23bda9046e073f0ca1ee9d40face238f55bc4de1631,sha256:def3ee35ac20f16c2b0fb23bda9046e073f0ca1ee9d40face238f55bc4de1631,POST_OB_PRE_TO,5,0,False
sha256:42a14675030dafcd004783399878efe6902b6b8df0bc9a976dd8eec7f557edc3,sha256:98f9eb41b09ee4ed8ffd652736af57a317798b107897a26c71332676344c5cf3,sha256:98f9eb41b09ee4ed8ffd652736af57a317798b107897a26c71332676344c5cf3,POST_OB_PRE_TO,5,8,True
sha256:436b80c2e54bc585729f4ed9aba0e7507351da1428093c88f7198ece74393838,sha256:e41ff2edf45dfafbb59fc432019b44e8609a87ca43f386f3f86ee602fb9b95e6,sha256:e41ff2edf45dfafbb59fc432019b44e8609a87ca43f386f3f86ee602fb9b95e6,POST_OB_PRE_TO,5,0,False
sha256:4b57944dca417714024c2cb73b578abc8e9c84656e9c472735690e42f962b4a7,sha256:68b1878ec516f109fc1266094f22b71edf4842a75bdca182cc6b68e74c55b841,sha256:68b1878ec516f109fc1266094f22b71edf4842a75bdca182cc6b68e74c55b841,POST_OB_PRE_TO,5,0,False
sha256:4ceded2e20c37c4bd58c23dacbce7a3e6c6f344645cf12d5b9d53daaba772059,sha256:cdd10f9dcaf15efd15e1c14331653d746264d6821aff6fc2c2da4405c9ca0068,sha256:cdd10f9dcaf15efd15e1c14331653d746264d6821aff6fc2c2da4405c9ca0068,POST_OB_PRE_TO,5,0,False
sha256:4dd77563fd50d7c805fc789c9974ff08e00177b1376203e49df9b84fdfaa9f47,sha256:2bef1d1035d2a424d767cfeefca03e95ce29bb186ae971879c77bfd17ad91e30,sha256:2bef1d1035d2a424d767cfeefca03e95ce29bb186ae971879c77bfd17ad91e30,POST_OB_PRE_TO,5,8,True
sha256:5127cac22e525d592ee8cb981de5e070b24764e1585466b612ef1afa149955fb,sha256:aa09f556d538cec2ec2469113a788557d45814f783dfca2037a9a81b13b2e86a,sha256:aa09f556d538cec2ec2469113a788557d45814f783dfca2037a9a81b13b2e86a,POST_OB_PRE_TO,5,0,False
sha256:56fd853a34b14f4f2c93241dfde7c8a8978cb393bc464515c91e4837bd3cf201,sha256:256fed15cf7a9635a20c0022b6e1605eb1bf37a17aef19968b5734cf23d0e280,sha256:256fed15cf7a9635a20c0022b6e1605eb1bf37a17aef19968b5734cf23d0e280,POST_OB_PRE_TO,5,0,False
sha256:61faf60db885a5f7432518ff29e228ecf3f8d4aa0f4e90860233da996e7d6fc7,sha256:3c2260462c5b954f79cd09067a2ca1372e7b5ef9e333a6110a8af1d583879c36,sha256:3c2260462c5b954f79cd09067a2ca1372e7b5ef9e333a6110a8af1d583879c36,POST_OB_PRE_TO,5,0,False
sha256:63332b181b4f85d57c3f1f8aa629d80c9386423705d6bac0512a19938277ed18,sha256:427648c246ea77f0a309b784c5209e0fa22fce73e9140722e70e95f1f48f3099,sha256:427648c246ea77f0a309b784c5209e0fa22fce73e9140722e70e95f1f48f3099,POST_OB_PRE_TO,5,5,True
sha256:651d1c25c6869ad0047b73cebaf29447014385404c2a6300ab266c3af01b5b5b,sha256:952daf4152c8433b7455822cc7a650211bc77e5666376a1529c701391b6ed186,sha256:952daf4152c8433b7455822cc7a650211bc77e5666376a1529c701391b6ed186,POST_OB_PRE_TO,5,0,False
sha256:6710bf2d94fd133a2e3198a219550df6575c6c9ad17177fc29515fa62236c8a5,sha256:bbfa791ea65f2472609c559360c2752b22a9e68db61e92f04d3f46ce08305893,sha256:bbfa791ea65f2472609c559360c2752b22a9e68db61e92f04d3f46ce08305893,POST_OB_PRE_TO,5,0,False
sha256:6c8e828f71a05c5c7ac186aeccf4963d88fd55d5ddd5ffa500dece610782031d,sha256:7c7bb58c5f957c787e55fe3d778baed1d007ab3a4a3416a0bc944e92cf54d764,sha256:7c7bb58c5f957c787e55fe3d778baed1d007ab3a4a3416a0bc944e92cf54d764,POST_OB_PRE_TO,5,3,False
sha256:73d86411ce4c378261aab5edc53d9b472631a7670b7866e1d4ba5422d05430c5,sha256:7908d9b8c32d97461d9ec1eaeef75b8cc81926ac6d5afb93878adf3841d7329b,sha256:7908d9b8c32d97461d9ec1eaeef75b8cc81926ac6d5afb93878adf3841d7329b,POST_OB_PRE_TO,5,0,False
sha256:75a2e2b6ef83fe44f16611fe8c79c7e51553b21c5262571ea1ed1dad3a7fdc73,sha256:231aa06bccc421fc9d6719bf7a2f7a7fafd81adeafda77c53d266e0cdbadd9b0,sha256:231aa06bccc421fc9d6719bf7a2f7a7fafd81adeafda77c53d266e0cdbadd9b0,POST_OB_PRE_TO,5,0,False
sha256:79c2db204a92c4ebb042a7ed764220250a8e99df9315de602a17f5d70a620f5a,sha256:0439717e278e71f14440b1c2993822c45cb5caa24ddef402499da3eb1d6828c6,sha256:0439717e278e71f14440b1c2993822c45cb5caa24ddef402499da3eb1d6828c6,POST_OB_PRE_TO,5,0,False
sha256:7a303a13be87a210af44b6e4f8b454f5b3a9106f8f1e1e05d1542b20c7734aff,sha256:30b0a31eb97214915d59496fee588c2dd9ae4e11e7e353aff836ed8d8a880f66,sha256:30b0a31eb97214915d59496fee588c2dd9ae4e11e7e353aff836ed8d8a880f66,POST_OB_PRE_TO,5,0,False
sha256:7ad35ec0017d1bb984fe4321d99f45a61e9ab7c6f2e5020ac21656dd8bbb7c0e,sha256:3b17ab26c59e71df3fcd6a5526a33a12a6b401ef39b70268fda55955594a7bfa,sha256:3b17ab26c59e71df3fcd6a5526a33a12a6b401ef39b70268fda55955594a7bfa,POST_OB_PRE_TO,5,0,False
sha256:7f2fe4ffae7d8e36f9e0c4fab024049858b34c10d7520981d2555d0a310e913c,sha256:ac2e44339574243dc1ddaf893d2f8bd0be649e1be08ec4f836b954d45200147d,sha256:ac2e44339574243dc1ddaf893d2f8bd0be649e1be08ec4f836b954d45200147d,POST_OB_PRE_TO,5,0,False
sha256:7fd23dce052089e82cfff87c56e5fbd55cba17e65e209fd6ef24c883d7a29f0d,sha256:f27c016469c8a4b4357eb9b020ac6ef0ce53379f8031aa7693eabc1f6449c281,sha256:f27c016469c8a4b4357eb9b020ac6ef0ce53379f8031aa7693eabc1f6449c281,POST_OB_PRE_TO,5,0,False
sha256:802eadf18c516c6866ee9487911e4f6527c31b7675f3138d74361f5b3e1b4da0,sha256:fdd0fb3e09bee8fbe112c6efb668e829be9d263f53546f32070bbd5f2cbdc04e,sha256:fdd0fb3e09bee8fbe112c6efb668e829be9d263f53546f32070bbd5f2cbdc04e,POST_OB_PRE_TO,5,0,False
sha256:8103566065b9d055f455fcf60e91908f8e0796d2647d54a1fbc0781654c688fa,sha256:36deef2f14858b4381356104afe9870ce5a08ee4e1548e8125687ca829e89a8c,sha256:36deef2f14858b4381356104afe9870ce5a08ee4e1548e8125687ca829e89a8c,POST_OB_PRE_TO,5,0,False
sha256:821d9c064ce0d35c20d67925cf60d653dcff4e42018cc8d874ae780dcd8f4648,sha256:e2ff5097d2e39efd80ed018d12a1600aca3959233c1203dad0a1959720c1bfc1,sha256:e2ff5097d2e39efd80ed018d12a1600aca3959233c1203dad0a1959720c1bfc1,POST_OB_PRE_TO,5,0,False
sha256:8529a23662e22b9ffd26a82dc98e03c1415a54bea3ae930cf84f0fe06b37872e,sha256:ebbc3dacdf64739a295ce3267e86614d54c870bacbee7efad62b5266eb401a61,sha256:ebbc3dacdf64739a295ce3267e86614d54c870bacbee7efad62b5266eb401a61,POST_OB_PRE_TO,5,0,False
sha256:8ec4cb7b2667f829df62a3748d8aa2fe9fd16c72b8541f202ec4b5fa27c25c2f,sha256:44ea3b527c2927360912d224da336dccda12887915d4718af1db1808b86d02e2,sha256:44ea3b527c2927360912d224da336dccda12887915d4718af1db1808b86d02e2,POST_OB_PRE_TO,5,6,True
sha256:909c65b08b7c18af875df2b8f11d5cdb914ceb2e71f3833937300b002ef4b5c5,sha256:330758aaafc41607c6af93ad9679dc2b405ba5ca6ba1310cb4fd075759eff049,sha256:330758aaafc41607c6af93ad9679dc2b405ba5ca6ba1310cb4fd075759eff049,POST_OB_PRE_TO,5,0,False
sha256:92a29f18646e5814d1fc271bcc58a58302762a6cf73fe4ba740c45e4a0adc937,sha256:a1962a7d59ee36ef601ccd31e1b1277332a59cda0f66a39c6c2b7dbf28d386f0,sha256:a1962a7d59ee36ef601ccd31e1b1277332a59cda0f66a39c6c2b7dbf28d386f0,POST_OB_PRE_TO,5,0,False
sha256:92dfb300eff61238f0ae402e6956257e202a4ed932f4a45abb7631f7a5ae10ff,sha256:4163feeb208cc1b37db49d8bbb10799289563f582f8c291cbf7e890e91921ec8,sha256:4163feeb208cc1b37db49d8bbb10799289563f582f8c291cbf7e890e91921ec8,POST_OB_PRE_TO,5,0,False
sha256:9bc1c4d7908588a21802e6c224ab7595655c93af346cc39b44488108ea0c17e4,sha256:f4235c134fba9a6033d0a2a9446d72d91d5930f9f1ba80db1cb3ed06be7fbdac,sha256:f4235c134fba9a6033d0a2a9446d72d91d5930f9f1ba80db1cb3ed06be7fbdac,POST_OB_PRE_TO,5,0,False
sha256:9ce5cffb874040a620d68f9d91f95b0a279c0687adcb861dbe822ba059a9b3fe,sha256:b0d576d6339ec7beac37ebad225ead5317477729aa6e26fe877441ed546995ef,sha256:b0d576d6339ec7beac37ebad225ead5317477729aa6e26fe877441ed546995ef,POST_OB_PRE_TO,5,0,False
sha256:a4272b2dbb59d804c80972be0345e6c68eefe5e5b15435f4eb7524b1083972fb,sha256:acce784a5a4c8a1cae2a0c5d563d99a77b9e488c121a5a6dc693b6a7751274a6,sha256:acce784a5a4c8a1cae2a0c5d563d99a77b9e488c121a5a6dc693b6a7751274a6,POST_OB_PRE_TO,5,0,False
sha256:aedab96ddd9ea7a740af09f38e3b5ac1a054a44295e3fe2aeb3124eb2b2fab56,sha256:ba1b3e2436fee9d0324b9eb67567233957c890309e2b64ad249de019fd74fb7f,sha256:ba1b3e2436fee9d0324b9eb67567233957c890309e2b64ad249de019fd74fb7f,POST_OB_PRE_TO,5,0,False
sha256:af73cf46cc7e39445099a80730dce5c7af45a971852a5baf6896d89214397d38,sha256:d05be2961f6a503528984ff4b54865051da74d59afee82ed1105edae15fed175,sha256:d05be2961f6a503528984ff4b54865051da74d59afee82ed1105edae15fed175,POST_OB_PRE_TO,5,0,False
sha256:b1b5c499dfcd0d8c24a69167194439317710dc6a47a7c2d3000b45392cae7551,sha256:dcf56483ad20e5e95e41868b089828aabd7f67d59324eb8eca68d59655292ada,sha256:dcf56483ad20e5e95e41868b089828aabd7f67d59324eb8eca68d59655292ada,POST_OB_PRE_TO,5,1,False
sha256:b5233980f2c1df7d34acc3f0721fb7ac2a66808c1a837329f9fd3f49926f24dc,sha256:94516e8e10f89882598dd30ade93e97719797bc201e36b53b5b827618a5503db,sha256:94516e8e10f89882598dd30ade93e97719797bc201e36b53b5b827618a5503db,POST_OB_PRE_TO,5,0,False
sha256:baac9bacdfb1e7985e9641fc25996dc5d24e9b89b2b3a6b50fe0aae193d75dc4,sha256:3e65bc8f5059d3cc32a995d9160cbdaedaad0cf35c81036bf0ed1c6bfa7654d5,sha256:3e65bc8f5059d3cc32a995d9160cbdaedaad0cf35c81036bf0ed1c6bfa7654d5,POST_OB_PRE_TO,5,7,True
sha256:bb6a3a1dfac623ada2d14aca8d6f5478d2d136818469561e8bfa82604cd6829a,sha256:15539b15ff1a30a50606e12a028f36655e9aaf770f09914892c1d4e94d71c35d,sha256:15539b15ff1a30a50606e12a028f36655e9aaf770f09914892c1d4e94d71c35d,POST_OB_PRE_TO,5,0,False
sha256:c47612951f046a604739c6a61b0c750156217227310a6fa1b301fc1b55f37a73,sha256:d14e8f8d8b9e279df88d30a95a2e2653b4ea39f9cc9ca37175880422cd39136e,sha256:d14e8f8d8b9e279df88d30a95a2e2653b4ea39f9cc9ca37175880422cd39136e,POST_OB_PRE_TO,5,0,False
sha256:ca0cf314c6f083b712d1ef57fb973dbd4bf180ce9be0631e86a5324a9552eb1a,sha256:39d33afb0fd63eb181c76cde179af1e578eac49b1be3c562da8bb12b3c960e12,sha256:39d33afb0fd63eb181c76cde179af1e578eac49b1be3c562da8bb12b3c960e12,POST_OB_PRE_TO,5,0,False
sha256:d0d25f0423a24b24d9c09095a4379dd9dbc4e350b658a4ac88b734ea6c1cd547,sha256:994c8961a6ec0143c9ac7604df82b24060755cf5390219f5530dde4e0c11c023,sha256:994c8961a6ec0143c9ac7604df82b24060755cf5390219f5530dde4e0c11c023,POST_OB_PRE_TO,5,0,False
sha256:d3f910983062abcf15c05c333d3d298cdc3649d11fe49167054cc6d6d1624224,sha256:57a1bfb07c5be379280e523681aef07de9e2035187ea0d4ecfb1111f9526982c,sha256:57a1bfb07c5be379280e523681aef07de9e2035187ea0d4ecfb1111f9526982c,POST_OB_PRE_TO,5,0,False
sha256:dc83e29f18c777de0af89dd66b485befe48f223e42a059015f3f8bd2bb005464,sha256:c475e74b0df9392ed6d3c2b08f77a2d65fb350d7c4a4534fb24a0f052ab6e2bc,sha256:c475e74b0df9392ed6d3c2b08f77a2d65fb350d7c4a4534fb24a0f052ab6e2bc,POST_OB_PRE_TO,5,0,False
sha256:e2d08005665217f11de04ba8bce2b7afe2c6423bc45506bc537b35a3155c843a,sha256:fcb7568fc4a1fdc600b5faeafebdf2dd3ed0b89b9fc865520b116ecfede61905,sha256:fcb7568fc4a1fdc600b5faeafebdf2dd3ed0b89b9fc865520b116ecfede61905,POST_OB_PRE_TO,5,0,False
sha256:e5b7846a306946ce9de43e3415dea0a8448f3cf5042a30d7809f57d766e5aed6,sha256:f1baf2c91b6666fa886e2c1e7f5ae8f20806e956bb485a8182a7c7d14c3cb860,sha256:f1baf2c91b6666fa886e2c1e7f5ae8f20806e956bb485a8182a7c7d14c3cb860,POST_OB_PRE_TO,5,0,False
sha256:e67e103529436039a88420e71c2856b5da77723b71c1d0abeb04fc85b1aac31a,sha256:706077c7fc8b5b5f3b2148aa95776e8b62266bd1e6bf7dac4b91e0cbe7ae7cb0,sha256:706077c7fc8b5b5f3b2148aa95776e8b62266bd1e6bf7dac4b91e0cbe7ae7cb0,POST_OB_PRE_TO,5,0,False
sha256:ec102d3fc8dae3f12f4136cea3e99d18b0d847205350682987e0c5ea002d385d,sha256:5c4e6ffefb344539dca2ce744d37d155c710e8a9163e71f4888f841a045ba827,sha256:5c4e6ffefb344539dca2ce744d37d155c710e8a9163e71f4888f841a045ba827,POST_OB_PRE_TO,5,0,False
sha256:eca53de8bef95a075b99b1ec91d585d0bb644d1bd60fcda1ab7be7de3e98c7ab,sha256:6cabdaf88726bad191d81cd0d9d6049afb3221e58e71a32be69c89ac76a750c1,sha256:6cabdaf88726bad191d81cd0d9d6049afb3221e58e71a32be69c89ac76a750c1,POST_OB_PRE_TO,5,0,False
sha256:f1a2b1b8f516c06be50e9c6d4fdccc61707d3927ff3273b1bc7135d02fa615d0,sha256:0eef009aab9685e98c3c3787f5730d86f5d52f566910d785abcc9d096012156f,sha256:0eef009aab9685e98c3c3787f5730d86f5d52f566910d785abcc9d096012156f,POST_OB_PRE_TO,5,0,False
sha256:fe6b227984dd8a16db0b4c9a65e9dc1fc5f70084d2ccb0e5e896df39f32d6a9c,sha256:568c1da11d8980ebc833601049c3acfc41c3b98b15d5ed6724899478129e8913,sha256:568c1da11d8980ebc833601049c3acfc41c3b98b15d5ed6724899478129e8913,POST_OB_PRE_TO,5,0,False
sha256:ff9ae344a57e16af22c274ff033a4ac81ea6e56288589378b539a539ee42ec1d,sha256:fcc05efd74cdff3b8fb5df21f350360b7f231b40cbca3caf8b33df8b4e9f0816,sha256:fcc05efd74cdff3b8fb5df21f350360b7f231b40cbca3caf8b33df8b4e9f0816,POST_OB_PRE_TO,5,0,False
sha256:00b05b273658f3332865de1e9796d851ca6a2919bb7e4b04ee3e58f06dfe56c6,sha256:8e0c2d381ffe02968cef5fef7c1855a081829cb787a00bafcecc5c69be195552,sha256:8e0c2d381ffe02968cef5fef7c1855a081829cb787a00bafcecc5c69be195552,PRE_IB,5,0,False
sha256:00e8e773cd283d939ca84156277aff75b1c9ef7a14cb2e3f5e073116f61ab1cf,sha256:47182a6b63fe793cc42e3024d0a5762fdf80e1de50b5d6caa1eb6cfc73beebaf,sha256:47182a6b63fe793cc42e3024d0a5762fdf80e1de50b5d6caa1eb6cfc73beebaf,PRE_IB,5,0,False
sha256:02b711e90d440bcac9e7f163616a5b76929dfbad5f6bb2c0335c5bf85959ad65,sha256:df30aa665df52d2c6d561a63b364df460221aaffc1945a83b0abc34915f8d3dd,sha256:df30aa665df52d2c6d561a63b364df460221aaffc1945a83b0abc34915f8d3dd,PRE_IB,5,1,False
sha256:0918063938e7c4457d171896b2fc2534f6874f77bf8065cfc20b298899c89e7a,sha256:ada0ac6afb7776eca9a9a58aae4d07131bed77842d629841d7c2453f76f04020,sha256:ada0ac6afb7776eca9a9a58aae4d07131bed77842d629841d7c2453f76f04020,PRE_IB,5,0,False
sha256:17cb9f5c5180ae688b3d4a691216cbb6e153dd26fec2a70ec212f96d4a3e19f6,sha256:475a4cbc05ecc725941837f874a89ec6c02cb14a413758a64b2f10cdf8035ca5,sha256:475a4cbc05ecc725941837f874a89ec6c02cb14a413758a64b2f10cdf8035ca5,PRE_IB,5,0,False
sha256:19018d30b8242c3626aa00ca5672a0a99fdfb5627522791ce4231a969b41626d,sha256:4af52bc7a1f88474657f7899827ecd3d09d828b50daeb78e832df27fe5806a31,sha256:4af52bc7a1f88474657f7899827ecd3d09d828b50daeb78e832df27fe5806a31,PRE_IB,5,0,False
sha256:1aaa144cdc8cf40cab4b2ce0440457e245eb58744e457753a9a5b27a7fa67cd2,sha256:971ab354421759100f3c8d436a10a528a29f138d733aed2481291ac28345ada7,sha256:971ab354421759100f3c8d436a10a528a29f138d733aed2481291ac28345ada7,PRE_IB,5,1,False
sha256:25fe599dc22a1edc79d64db38d787481a8a0e7acd4a83b83b938ee3de35f633b,sha256:57cc94cf66a8017a7ca1212d523a18414f9dcc62443436012268f434d8b0e859,sha256:57cc94cf66a8017a7ca1212d523a18414f9dcc62443436012268f434d8b0e859,PRE_IB,5,0,False
sha256:2b04686f26ff3a5ef1f854cfa1f27a54eb3ad1fc242885b0aa9f8ed70f856335,sha256:bcd219b6a06009efa545d617b7ca5e37f9eeeeacceddd96afd9777a245ec1d80,sha256:bcd219b6a06009efa545d617b7ca5e37f9eeeeacceddd96afd9777a245ec1d80,PRE_IB,5,8,True
sha256:2f88de8e2dfd4dd93b29ae1d50513fed3ef3d03131015ee83f0b2c5a4f8b85f1,sha256:16123b56ec261edc960be14b5e8bff8943005c23ca9ed37e432a578495504980,sha256:16123b56ec261edc960be14b5e8bff8943005c23ca9ed37e432a578495504980,PRE_IB,5,0,False
sha256:31440bc3e5679e7db44d799df4cda40a6b4b5036b4248d2c215dd559ca7ab204,sha256:cc258e175be3844902316ab5bd1e0c076aa62711e973725bd2084252c53d58ab,sha256:cc258e175be3844902316ab5bd1e0c076aa62711e973725bd2084252c53d58ab,PRE_IB,5,0,False
sha256:34e1640dddb2189641d8114c383322b89b44b2f9f203668e9b4dd9f3c59b2385,sha256:6737668e6f593ca9d89b88d27af228956044fc837b2f36ec7ba85962674ee51a,sha256:6737668e6f593ca9d89b88d27af228956044fc837b2f36ec7ba85962674ee51a,PRE_IB,5,0,False
sha256:351755fd8a70eb14bc9a8058768a60fcb02b32acbcda041a7566b4fdcb7634d0,sha256:8497e6119a87983b8493a77450e23a76a283f63303b9c6448674cfce163c8df0,sha256:8497e6119a87983b8493a77450e23a76a283f63303b9c6448674cfce163c8df0,PRE_IB,5,0,False
sha256:402e50f1ff2b6883ca83dfccca0fc7f64b884554559ee570d3f1a5fbfb592f77,sha256:8c379057e8d31fe7a7fe25ef96da8ecbe95b3ed1e52f7f9dd8f6e8fd2fd728c4,sha256:8c379057e8d31fe7a7fe25ef96da8ecbe95b3ed1e52f7f9dd8f6e8fd2fd728c4,PRE_IB,5,0,False
sha256:44f1aa2681ebb944368caf826e3a034a76e9d2e60a172fec117d6fceea3c2138,sha256:ed23d5fdd85984b4e5c35a6114fab047232128c53659e4aa177b848e31957b12,sha256:ed23d5fdd85984b4e5c35a6114fab047232128c53659e4aa177b848e31957b12,PRE_IB,5,0,False
sha256:4b1e28733ab8e4bebdbee6cb187098efe69ce2863b5785c0b4f5c113f3bc665c,sha256:6b621c58148122045de69ebd5f3a0b0f75df1ef88cd0fa55f510a0ee0594db2c,sha256:6b621c58148122045de69ebd5f3a0b0f75df1ef88cd0fa55f510a0ee0594db2c,PRE_IB,5,1,False
sha256:510abd23e23e320ff38ddd1f3853911be839643757730779fe7933a210573ab7,sha256:5434a03ebef5fd63779e64b16f187eacbc778f933d01e561233bd6bf40882d2c,sha256:5434a03ebef5fd63779e64b16f187eacbc778f933d01e561233bd6bf40882d2c,PRE_IB,5,0,False
sha256:63a73f9efff44891959717f3e7a601c46a19896544d7816d7d7608b43d12d6ba,sha256:c060aab46fad78b7263e6706fbd480bf2ccd06e5e83965cadd1a792fd7204912,sha256:c060aab46fad78b7263e6706fbd480bf2ccd06e5e83965cadd1a792fd7204912,PRE_IB,5,0,False
sha256:651d1c25c6869ad0047b73cebaf29447014385404c2a6300ab266c3af01b5b5b,sha256:5b9503bfb1fad26081d09b26eac6c3ffb9ddb97f10e058ba84e4ff2900d71747,sha256:5b9503bfb1fad26081d09b26eac6c3ffb9ddb97f10e058ba84e4ff2900d71747,PRE_IB,5,0,False
sha256:6710bf2d94fd133a2e3198a219550df6575c6c9ad17177fc29515fa62236c8a5,sha256:3f872ac6cdbb78b711007d168dfc6c0a1a72551a87b8a58655e41a902b68d55d,sha256:3f872ac6cdbb78b711007d168dfc6c0a1a72551a87b8a58655e41a902b68d55d,PRE_IB,5,0,False
sha256:6c8e828f71a05c5c7ac186aeccf4963d88fd55d5ddd5ffa500dece610782031d,sha256:1102e3941a4ba02c56ead46df20bb04649038ed44ac7e5d7ef448336f2abc783,sha256:1102e3941a4ba02c56ead46df20bb04649038ed44ac7e5d7ef448336f2abc783,PRE_IB,5,7,True
sha256:6d39926190538294f7153287c797b64afa70e4405610e6997c682a34d71f1f39,sha256:b58679771067c996e0e4a911f54c6f1cc9cab930bb3ff39fbdd96b12f2cbf99e,sha256:b58679771067c996e0e4a911f54c6f1cc9cab930bb3ff39fbdd96b12f2cbf99e,PRE_IB,5,0,False
sha256:7a303a13be87a210af44b6e4f8b454f5b3a9106f8f1e1e05d1542b20c7734aff,sha256:903fb67e74eee89103bcd6487e64fc90c696bcb81afd70c75f06a91607420363,sha256:903fb67e74eee89103bcd6487e64fc90c696bcb81afd70c75f06a91607420363,PRE_IB,5,4,False
sha256:8529a23662e22b9ffd26a82dc98e03c1415a54bea3ae930cf84f0fe06b37872e,sha256:7b797465920d0dd630211c45659cbe83ea13a5e303c93a5e10651909064fad6b,sha256:7b797465920d0dd630211c45659cbe83ea13a5e303c93a5e10651909064fad6b,PRE_IB,5,0,False
sha256:8b1cd58281a9dfd745efda44159737fd261f3e5a0394d8bf26bd0858569c4989,sha256:4265ee37dba0c96a46e7f000d7a70378132a9ce5c43004e8631e178c2ddad6b2,sha256:4265ee37dba0c96a46e7f000d7a70378132a9ce5c43004e8631e178c2ddad6b2,PRE_IB,5,6,True
sha256:8dede4f142335c2392da8ba546a888102138b6e530d2f14911ac6147a417c717,sha256:30bc447f1a582a45dca59a887e0bc5ae01e0abb6f93558bb0e2b99a4d7593d6e,sha256:30bc447f1a582a45dca59a887e0bc5ae01e0abb6f93558bb0e2b99a4d7593d6e,PRE_IB,5,0,False
sha256:8ec4cb7b2667f829df62a3748d8aa2fe9fd16c72b8541f202ec4b5fa27c25c2f,sha256:6749d040d5f6438a309cf93ff56ba0915fdb2465cb07c1c13973d508fecde27b,sha256:6749d040d5f6438a309cf93ff56ba0915fdb2465cb07c1c13973d508fecde27b,PRE_IB,5,0,False
sha256:8f79d882dda34aceda0cc2aedb1ec15fd6de01695e208dfeae83ed7ae3d57bd9,sha256:057c65d1ca630ae359f7748cb27fe0e344ad6a11276f7ed2f90c764d816529a1,sha256:057c65d1ca630ae359f7748cb27fe0e344ad6a11276f7ed2f90c764d816529a1,PRE_IB,5,0,False
sha256:9136d802eeeb2edae0bad6b4688d8f82f096a435c4768b05ff3b2ae4e83fc470,sha256:816cba014f513f2109d353154159791bc8507d53a11e4244e43237f4dce2737e,sha256:816cba014f513f2109d353154159791bc8507d53a11e4244e43237f4dce2737e,PRE_IB,5,0,False
sha256:92954cdff5a86c68328d0a8f09ca47398b691ff8412d2cd90e1ef55b72178388,sha256:1aa6c298a066fa52c20b2be5cc403455f54ada03daa5dc96df9ece0299f7bbcf,sha256:1aa6c298a066fa52c20b2be5cc403455f54ada03daa5dc96df9ece0299f7bbcf,PRE_IB,5,0,False
sha256:9db48b846fa1564a70ddc8d2cd2dae62e8e2b76c470614b4ede20d0f1ebcd0c9,sha256:11010237a5edcb4a44b48c8fd9bde8a44fd4446a4dcc8d77a0b9c258567100fc,sha256:11010237a5edcb4a44b48c8fd9bde8a44fd4446a4dcc8d77a0b9c258567100fc,PRE_IB,5,0,False
sha256:a18676c27b5e9bf753b73e24f65c06fba864c7c06c32851b9a4c5af13418f1ac,sha256:47afa4ea7ca123e3d3949ce40bf55190ed8d9f52003dcb352cf7bf390e51551e,sha256:47afa4ea7ca123e3d3949ce40bf55190ed8d9f52003dcb352cf7bf390e51551e,PRE_IB,5,0,False
sha256:ae88e6a57a9d1596e3f49145f73633957dd15ca16e2a0869ff9b84d580a4b124,sha256:7bb75dcb6fbfb67c39ec31bd93c9b545524d3b55c479a2796d0c85430b903da5,sha256:7bb75dcb6fbfb67c39ec31bd93c9b545524d3b55c479a2796d0c85430b903da5,PRE_IB,5,0,False
sha256:aedab96ddd9ea7a740af09f38e3b5ac1a054a44295e3fe2aeb3124eb2b2fab56,sha256:16e7205bf1da600d7b3192a45040e91075db98c41f6404db7eccd39a19ead08c,sha256:16e7205bf1da600d7b3192a45040e91075db98c41f6404db7eccd39a19ead08c,PRE_IB,5,0,False
sha256:b00572d512ad12902cbeb806e1232808ca3d76ad6adcbc6a6247ef685a371753,sha256:4ce12fe1b5b24fbe8d43a6cb96ae71a6efd8296aa24f882435a2138f48234a45,sha256:4ce12fe1b5b24fbe8d43a6cb96ae71a6efd8296aa24f882435a2138f48234a45,PRE_IB,5,0,False
sha256:bb6a3a1dfac623ada2d14aca8d6f5478d2d136818469561e8bfa82604cd6829a,sha256:e480aa4bb569d9e00bd7e5d46e3143d7f4f8123604e7c61d2b9c505129bc0549,sha256:e480aa4bb569d9e00bd7e5d46e3143d7f4f8123604e7c61d2b9c505129bc0549,PRE_IB,5,0,False
sha256:c11cc4ac45fa99bf7a0262c199c31bfbadf6372c3a4722db663df8564fcd8c1b,sha256:5f721fad48e1e4d3fa09050e6ca2e15d981c63067cdda712da7508442bf922d4,sha256:5f721fad48e1e4d3fa09050e6ca2e15d981c63067cdda712da7508442bf922d4,PRE_IB,5,0,False
sha256:c667775745918d82640a962c0a0af11d2a072a97d7ad14915a963dd62cfba789,sha256:981413b9f36efdbb7ef349c67a8f340179b794c3f6424041520596ee93da6e35,sha256:981413b9f36efdbb7ef349c67a8f340179b794c3f6424041520596ee93da6e35,PRE_IB,5,0,False
sha256:c93b7957ac3b84b4db39d22952d2dcc28ed430f32c54f168c33d1e0be55abdb3,sha256:4328a1c11ce9f6a1b1fcf3671ae549d63097c8a2a6f0778d52d9cf0f713d6fd6,sha256:4328a1c11ce9f6a1b1fcf3671ae549d63097c8a2a6f0778d52d9cf0f713d6fd6,PRE_IB,5,0,False
sha256:cfdbdcb2ac2450fc35b3eae40cadb5b179c7168cd636fe95cfbce2a932596707,sha256:ee337d5afe24bc12ccb7088a360a521511cf786935110a3a1460c47782156d95,sha256:ee337d5afe24bc12ccb7088a360a521511cf786935110a3a1460c47782156d95,PRE_IB,5,7,True
sha256:d3ed059578f7fd0714346decd46b964c5ea3991a64939cd76ea5330b65a76826,sha256:9859703a9323174b92d458aa73b47827c2f8ae47a7e5d48c9c7149e17966af4f,sha256:9859703a9323174b92d458aa73b47827c2f8ae47a7e5d48c9c7149e17966af4f,PRE_IB,5,3,False
sha256:d819a0c974552effd49673acbec18d5eda40ee393222fdb1acd448f5092451c9,sha256:bad37ff8136f26d48e5826a56df1ba7692a52e99ab2c1ff77425abc9e3d44051,sha256:bad37ff8136f26d48e5826a56df1ba7692a52e99ab2c1ff77425abc9e3d44051,PRE_IB,5,1,False
sha256:dc99925fe37b8a67137b8b43e1bc607abb03732380e63034ec46fd6eabe4d37a,sha256:0e0081c19f416d375337bffca7329a44fb95740317768ffb11e8419fe45f67d9,sha256:0e0081c19f416d375337bffca7329a44fb95740317768ffb11e8419fe45f67d9,PRE_IB,5,0,False
sha256:ddc691538db897df846acfa4ba1dfe3332c4c04f9270cde23794be1eafeaf344,sha256:1487cdbaf3586ba7b9726e3593f24eff641e8c5c5cf44d12cc37fc7a196eb30b,sha256:1487cdbaf3586ba7b9726e3593f24eff641e8c5c5cf44d12cc37fc7a196eb30b,PRE_IB,5,0,False
sha256:f002e1ea1efd57bc6aacf2fd697e8792978edcc68e8782b31b5f756d30e6b480,sha256:b09636a657251e9d4216b7ef95e07185b5e540baed4f79411a87da550267e5ac,sha256:b09636a657251e9d4216b7ef95e07185b5e540baed4f79411a87da550267e5ac,PRE_IB,5,0,False
sha256:f8585a199d876b2529da3743f679c3f93d57a1667dc6dd7851915b127794bd83,sha256:f997db307b451ced0ed69df4f877e2f244c83efdc70584241a46b9c84342e8a8,sha256:f997db307b451ced0ed69df4f877e2f244c83efdc70584241a46b9c84342e8a8,PRE_IB,5,0,False
sha256:fa358aaec54a8e20890dec4a8f9bd076455d0efbbdf2a884c9632d515afb96e6,sha256:ba1b57b4cfa8fb9d1f5458be6f25b5b95ef1c326a172c12147aa4dd24f51aedd,sha256:ba1b57b4cfa8fb9d1f5458be6f25b5b95ef1c326a172c12147aa4dd24f51aedd,PRE_IB,5,1,False
sha256:fe6b227984dd8a16db0b4c9a65e9dc1fc5f70084d2ccb0e5e896df39f32d6a9c,sha256:8e8c9d5e772384f720a5bba2b3c204952e0122d5a68e98673441f6165b5ddf12,sha256:8e8c9d5e772384f720a5bba2b3c204952e0122d5a68e98673441f6165b5ddf12,PRE_IB,5,0,False
