relative_path,pre_sha256,current_sha256,match
overall_adv\output\fast\artifact_registry.json,26eb25632fed3dc8c30f258f05d54d06c44f77ad26b76e5678155386655759b1,26eb25632fed3dc8c30f258f05d54d06c44f77ad26b76e5678155386655759b1,True
overall_adv\output\fast\audit.parquet,6e16370ba22d3eb46d311dcf8510852edd0f914ac3df16b267fdd094a85536ee,6e16370ba22d3eb46d311dcf8510852edd0f914ac3df16b267fdd094a85536ee,True
overall_adv\output\fast\benchmark_action_outcomes\part.parquet,00d0c8726734450f761369c534f69ffb1cd6806d2707a71bba295ce5ea281fde,00d0c8726734450f761369c534f69ffb1cd6806d2707a71bba295ce5ea281fde,True
overall_adv\output\fast\bootstrap_results.parquet,9d9ace1ea075b13de7ad3e5948b49e465ead956c21407951f83d3476f47565cb,9d9ace1ea075b13de7ad3e5948b49e465ead956c21407951f83d3476f47565cb,True
overall_adv\output\fast\checkpoints\GLOBAL_FPR_decisions.parquet,bb321a1e30374ec4fbcd6b7c50765f9e3b66b46552f695b7da30c2e67bd2f012,bb321a1e30374ec4fbcd6b7c50765f9e3b66b46552f695b7da30c2e67bd2f012,True
overall_adv\output\fast\checkpoints\GLOBAL_FPR.json,38a6ce8ee4ac1084e0eb81947bcce7bf450b09916f68379b4bb441f9ce979335,38a6ce8ee4ac1084e0eb81947bcce7bf450b09916f68379b4bb441f9ce979335,True
overall_adv\output\fast\checkpoints\LOCAL_F_decisions.parquet,cdc092a81844060ff7f8d25262ad82ec65eefdecf059016317e666072f77cb4d,cdc092a81844060ff7f8d25262ad82ec65eefdecf059016317e666072f77cb4d,True
overall_adv\output\fast\checkpoints\LOCAL_F.json,83dd387e57a42485d95f877cade03cc20132f8a185a3567be042ceee4d257f94,83dd387e57a42485d95f877cade03cc20132f8a185a3567be042ceee4d257f94,True
overall_adv\output\fast\common_support_cohort.json,8ae388b9053c4fd6b879905ccbecc64bc3997179440d8d01dee6d03471cc8e1d,8ae388b9053c4fd6b879905ccbecc64bc3997179440d8d01dee6d03471cc8e1d,True
overall_adv\output\fast\figures\fig01_local_global_comparison.pdf,f001b266660b924298701fb65ad15d3da6b743bcab68d69ad7e341e7249e4677,f001b266660b924298701fb65ad15d3da6b743bcab68d69ad7e341e7249e4677,True
overall_adv\output\fast\figures\fig01_local_global_comparison.png,1af7f21d0665c37d07339aec8f9d35499be837ec1cb958762a8aa5cde4a129f0,1af7f21d0665c37d07339aec8f9d35499be837ec1cb958762a8aa5cde4a129f0,True
overall_adv\output\fast\figures\fig01_local_global_comparison.svg,e2e77f18ef39c846a3df4e832e3df082454fb9b4c9df312fbd5aabaa501d0f19,e2e77f18ef39c846a3df4e832e3df082454fb9b4c9df312fbd5aabaa501d0f19,True
overall_adv\output\fast\local_f_scores.parquet,37cbb565624afe7f574c45979d44079ca1fd8e4eae4b652ba485ba54dcc5d43e,37cbb565624afe7f574c45979d44079ca1fd8e4eae4b652ba485ba54dcc5d43e,True
overall_adv\output\fast\logs\run.log,884ffb91ee3b68699de3f2d1774b52c08d54c740ebefce2a68caa38e80978bff,884ffb91ee3b68699de3f2d1774b52c08d54c740ebefce2a68caa38e80978bff,True
overall_adv\output\fast\m4_common_support_cohort.parquet,614814d4f8a546ea67f3702e2dc410f9bdb78a8ab1877e2b6c1bf489423f44f5,614814d4f8a546ea67f3702e2dc410f9bdb78a8ab1877e2b6c1bf489423f44f5,True
overall_adv\output\fast\m4_selected_action_distribution.parquet,f14cdae78998cd27e6111456c9ee4d0f068550977b9a84784a73322027e03e72,f14cdae78998cd27e6111456c9ee4d0f068550977b9a84784a73322027e03e72,True
overall_adv\output\fast\paired_metrics.parquet,bd0ad73881beb2bb153bd06297efd2f076baec3818b01724daf699bce6977490,bd0ad73881beb2bb153bd06297efd2f076baec3818b01724daf699bce6977490,True
overall_adv\output\fast\policy_decisions.parquet,a8d7a418695b2a3c3b1b48a76d75d9e52b22df7afc3163fe4044e940dd5640ab,a8d7a418695b2a3c3b1b48a76d75d9e52b22df7afc3163fe4044e940dd5640ab,True
overall_adv\output\fast\recovery_case_metrics.parquet,cbb139202f72f1a6eb8f9a8847051b7938d7248d27e5940d0d1bdb2c3ee0b9b4,cbb139202f72f1a6eb8f9a8847051b7938d7248d27e5940d0d1bdb2c3ee0b9b4,True
overall_adv\output\fast\run_state.json,5274bc72b961a823d7be5fa2621ca871f14deb18197908edfb6d6e753723b36b,5274bc72b961a823d7be5fa2621ca871f14deb18197908edfb6d6e753723b36b,True
overall_adv\output\fast\run_summary.json,0c799befe73104a293d18693e937cb14759cfb5a243004ab49ff5d947888ecf4,0c799befe73104a293d18693e937cb14759cfb5a243004ab49ff5d947888ecf4,True
overall_adv\output\fast\summary.csv,e4554fe92914b80cc010f6ed9bec3df0f2515c029657f805f90208ca92e8c67e,e4554fe92914b80cc010f6ed9bec3df0f2515c029657f805f90208ca92e8c67e,True
overall_run\output\fast\action_metadata.parquet,4f778ba118f14db072f7885759678ed0a7062244ef3e79188a7786173a28f220,4f778ba118f14db072f7885759678ed0a7062244ef3e79188a7786173a28f220,True
overall_run\output\fast\artifact_registry.json,1730d13b5459f2e95e10546e2f4365804f5f237cbfa591ed473959130dea7b6a,1730d13b5459f2e95e10546e2f4365804f5f237cbfa591ed473959130dea7b6a,True
overall_run\output\fast\audit.parquet,f7978828b09497d4dda9ae35cad0c5e925bdd8be6d7edf5cd32db4398a2fa1ed,f7978828b09497d4dda9ae35cad0c5e925bdd8be6d7edf5cd32db4398a2fa1ed,True
overall_run\output\fast\audit\q95_audit.json,b6f69cbd779a975a770d6cdf7d6df5fdc691bfab1fc32f2efc3f3acff0c1ce69,b6f69cbd779a975a770d6cdf7d6df5fdc691bfab1fc32f2efc3f3acff0c1ce69,True
overall_run\output\fast\audits\acceptance_checks.csv,3c429516ea1a5de5d73c7a49abb632ca4b7a235a2ea4e3e57a0b8f793f375548,3c429516ea1a5de5d73c7a49abb632ca4b7a235a2ea4e3e57a0b8f793f375548,True
overall_run\output\fast\audits\acceptance_checks.parquet,919792f58b832864ecd821f3d7abec1beb4ae3e88fb255c2e6306ebf56dd004e,919792f58b832864ecd821f3d7abec1beb4ae3e88fb255c2e6306ebf56dd004e,True
overall_run\output\fast\audits\m1_d6_audit_registry.json,eebec68e8efd319477eb1005e60b1197f2db63712493f13ba499d2282ff889e3,eebec68e8efd319477eb1005e60b1197f2db63712493f13ba499d2282ff889e3,True
overall_run\output\fast\audits\m1_d6_bootstrap_lineage.parquet,c8676b469a8f5f98da1d095b751be42b765561cbbb93c54c712035e1711c3d56,c8676b469a8f5f98da1d095b751be42b765561cbbb93c54c712035e1711c3d56,True
overall_run\output\fast\audits\m1_d6_cross_run_comparison.parquet,c7480ff82dcd7101407f33f3d2150a40bed338ccd64da10b056697ccda0e3830,c7480ff82dcd7101407f33f3d2150a40bed338ccd64da10b056697ccda0e3830,True
overall_run\output\fast\audits\m1_d6_current_metric_identity.parquet,e0503a3bb8815851663564df55ae9f42bba6e778c3c6b0597970e9b62c5ba814,e0503a3bb8815851663564df55ae9f42bba6e778c3c6b0597970e9b62c5ba814,True
overall_run\output\fast\audits\m1_d6_historical_artifact_inventory.parquet,84a85966a5f4c8a755f857adde676a06c3ae48785df2d5d47d3c370fde6c0209,84a85966a5f4c8a755f857adde676a06c3ae48785df2d5d47d3c370fde6c0209,True
overall_run\output\fast\audits\m1_d6_historical_deprecation_registry.parquet,10cff6ac4ece901dcdbdb72f798e1956488a6113fd82aeca866f31def17b3046,10cff6ac4ece901dcdbdb72f798e1956488a6113fd82aeca866f31def17b3046,True
overall_run\output\fast\audits\m1_d6_historical_deprecation_summary.json,73fa3918765cd1c30de71098679d8c7ec390b318b02fe59c67e9ba2dde9dd468,73fa3918765cd1c30de71098679d8c7ec390b318b02fe59c67e9ba2dde9dd468,True
overall_run\output\fast\audits\m1_d6_historical_metric_identity.parquet,f800b43a9a6402aed49cdefd10b5641cf757cf6e3f9c39f03f5094a325ac910f,f800b43a9a6402aed49cdefd10b5641cf757cf6e3f9c39f03f5094a325ac910f,True
overall_run\output\fast\audits\m1_d6_lineage_summary.json,40e05b1e9ffcec3113af01ce09d2d71b26b42c7cf673601466feefb42cd0e824,40e05b1e9ffcec3113af01ce09d2d71b26b42c7cf673601466feefb42cd0e824,True
overall_run\output\fast\audits\m1_d6_metric_version_registry.parquet,d3e8049add077d7c0e6512551dfb1f9889b970d825e0f0c5cca5e2a5c40e9bf1,d3e8049add077d7c0e6512551dfb1f9889b970d825e0f0c5cca5e2a5c40e9bf1,True
overall_run\output\fast\audits\m1_d6_prediction_layer_mapping.parquet,fe14a88dbf9a46676ef0660f294aa4d17795b3e0689285add7dd2f9b17bb23c6,fe14a88dbf9a46676ef0660f294aa4d17795b3e0689285add7dd2f9b17bb23c6,True
overall_run\output\fast\audits\m1_metric_cohort_lineage.parquet,195f3a4a07c6b83716a8ceff816de3654dee7cccd23045f3d6bfe93f7aba875f,195f3a4a07c6b83716a8ceff816de3654dee7cccd23045f3d6bfe93f7aba875f,True
overall_run\output\fast\audits\m1_metric_dictionary.parquet,8d812f51b141ef1ce471751ae8b808ff21f4746a0819339a87bcbb488e917e82,8d812f51b141ef1ce471751ae8b808ff21f4746a0819339a87bcbb488e917e82,True
overall_run\output\fast\audits\m4_a00_concentration_decomposition.csv,d29b9308b87c89281d92cb87d8810c1e0f9401c0c0f46ff3757d5140dd530191,d29b9308b87c89281d92cb87d8810c1e0f9401c0c0f46ff3757d5140dd530191,True
overall_run\output\fast\audits\m4_a00_concentration_decomposition.parquet,4c7dd20b137d34043f38d6e54b5791c513f5e8739807774c0dfc69d8ca8e81ec,4c7dd20b137d34043f38d6e54b5791c513f5e8739807774c0dfc69d8ca8e81ec,True
overall_run\output\fast\audits\m4_decision_value_decomposition.csv,7500d58f8fc6f31b54da0d9727edd80d3003f55073343c21fd8a301e16724a87,7500d58f8fc6f31b54da0d9727edd80d3003f55073343c21fd8a301e16724a87,True
overall_run\output\fast\audits\m4_decision_value_decomposition.parquet,14954cfd7f58ef142c42811ee7960aa9c20cc2d50770d91876a76f790c8c68b0,14954cfd7f58ef142c42811ee7960aa9c20cc2d50770d91876a76f790c8c68b0,True
overall_run\output\fast\audits\m4_gate_decomposition.csv,35c259b30056c63fc67097fd9b884477b7689f329f1849d6117aef00d8548d45,35c259b30056c63fc67097fd9b884477b7689f329f1849d6117aef00d8548d45,True
overall_run\output\fast\audits\m4_gate_decomposition.parquet,de0d72fa4251460072e64b5abb857f00f272731d9cb07bb8df2d759b7af1265e,de0d72fa4251460072e64b5abb857f00f272731d9cb07bb8df2d759b7af1265e,True
overall_run\output\fast\audits\m4_score_gap_analysis.csv,7196a5f1862094239ac583b7a379175c19d6027d438c34885ddb7e007f2cb22b,7196a5f1862094239ac583b7a379175c19d6027d438c34885ddb7e007f2cb22b,True
overall_run\output\fast\audits\m4_score_gap_analysis.parquet,6abf8abb05a449269931fc980368c8bb105c949bef5769507ffb355d90a9e85e,6abf8abb05a449269931fc980368c8bb105c949bef5769507ffb355d90a9e85e,True
overall_run\output\fast\audits\m4_snapshot_retained_action_count.csv,8a2a9c5a6886eee1823a77f0cfe42d1f6812f517c2fe1d6c009e8fb345bc5b22,8a2a9c5a6886eee1823a77f0cfe42d1f6812f517c2fe1d6c009e8fb345bc5b22,True
overall_run\output\fast\audits\m4_snapshot_retained_action_count.parquet,528d144bfa730207355430d43a926b34856f1f6f250e63caa4784fe5a6bc1758,528d144bfa730207355430d43a926b34856f1f6f250e63caa4784fe5a6bc1758,True
overall_run\output\fast\audits\m4_snapshot_retained_action_summary.csv,23114a5c676f9c202ab5246b1af90335acb083601f3e1bab93f1f3b100a8d6bd,23114a5c676f9c202ab5246b1af90335acb083601f3e1bab93f1f3b100a8d6bd,True
overall_run\output\fast\audits\m4_snapshot_retained_action_summary.parquet,0219ed9317c8a1d63d46c3f80d17c027087a7a6b17d9575459129ffdaf398425,0219ed9317c8a1d63d46c3f80d17c027087a7a6b17d9575459129ffdaf398425,True
overall_run\output\fast\audits\m4_threshold_margin_rows.csv,01f6c51fa3914dfa334771bea0cd9e7e3715c61b3fd3e1d7f15e5a643a7acc8b,01f6c51fa3914dfa334771bea0cd9e7e3715c61b3fd3e1d7f15e5a643a7acc8b,True
overall_run\output\fast\audits\m4_threshold_margin_rows.parquet,77409e76d3fea46044f64a08a1079b556f12f90577dd27fa1c010d082b721a29,77409e76d3fea46044f64a08a1079b556f12f90577dd27fa1c010d082b721a29,True
overall_run\output\fast\audits\m4_threshold_margin_summary.csv,56888c395a4bd87f9ccb46970a0f660f75005a9e685d385ebe7a807e77bc61ad,56888c395a4bd87f9ccb46970a0f660f75005a9e685d385ebe7a807e77bc61ad,True
overall_run\output\fast\audits\m4_threshold_margin_summary.parquet,372c267660bc12ffd46c18812080eeab8cca29c48ade9b865967c8bd7778f7fa,372c267660bc12ffd46c18812080eeab8cca29c48ade9b865967c8bd7778f7fa,True
overall_run\output\fast\checkpoints\m1_evaluation.json,77a600c99551577f04b425ada910bcdc2a841b987a1ffb1f20d15689974b3612,77a600c99551577f04b425ada910bcdc2a841b987a1ffb1f20d15689974b3612,True
overall_run\output\fast\checkpoints\m1_fit.json,9f729a3995fd9c2de2bad6bc512b5bbdc13c8f47ee2136b65c4dda3960d56b6f,9f729a3995fd9c2de2bad6bc512b5bbdc13c8f47ee2136b65c4dda3960d56b6f,True
overall_run\output\fast\checkpoints\m2_evaluation.json,1717e31c9bbf3741ec39339fbbad3a56eaef31b7332ac7a7cde193089a64bb35,1717e31c9bbf3741ec39339fbbad3a56eaef31b7332ac7a7cde193089a64bb35,True
overall_run\output\fast\checkpoints\m2_fit.json,b986ad441b3a0ecf7822bc0f851aab5f9916d109fd5e4b68d9d96298881055e5,b986ad441b3a0ecf7822bc0f851aab5f9916d109fd5e4b68d9d96298881055e5,True
overall_run\output\fast\checkpoints\m3_contract.json,a01431124aa1582c4ae07411974480e5d8b74a51aa2a2464a3d2f28b906cf4fe,a01431124aa1582c4ae07411974480e5d8b74a51aa2a2464a3d2f28b906cf4fe,True
overall_run\output\fast\checkpoints\m3_evaluation.json,419c85f253230ea91f528a00a358c4fb65becbb732a7f381972bc279237507af,419c85f253230ea91f528a00a358c4fb65becbb732a7f381972bc279237507af,True
overall_run\output\fast\checkpoints\m4_evaluation.json,4354a1510404046656c703bbe4d3edc590728085d80c3497e3451b375d7c029e,4354a1510404046656c703bbe4d3edc590728085d80c3497e3451b375d7c029e,True
overall_run\output\fast\checkpoints\m4_fit.json,a5e60b7e35702d9f2b2439cf20e7b4db2c959c0367ebc38ce55f610de2f8207f,a5e60b7e35702d9f2b2439cf20e7b4db2c959c0367ebc38ce55f610de2f8207f,True
overall_run\output\fast\config_sources.json,6b90aacbf46d5c7438b3b2e7f187b2516b16fbe636f6fb00ed05ec4eee37574c,6b90aacbf46d5c7438b3b2e7f187b2516b16fbe636f6fb00ed05ec4eee37574c,True
overall_run\output\fast\failure_records.parquet,3856706e10c6231709181e3837c49fd6936cb11fc72264fe438a9133ef7e6e5a,3856706e10c6231709181e3837c49fd6936cb11fc72264fe438a9133ef7e6e5a,True
overall_run\output\fast\figures\core\fig01_execution_risk_validity.pdf,a3b573fc58eefd88868d582669b71e63a8926bf36893361659496257e0d6be56,a3b573fc58eefd88868d582669b71e63a8926bf36893361659496257e0d6be56,True
overall_run\output\fast\figures\core\fig01_execution_risk_validity.png,a45b0ff8876b4bb3653dd9e43c54c86b43612601427508013969aee71c435a62,a45b0ff8876b4bb3653dd9e43c54c86b43612601427508013969aee71c435a62,True
overall_run\output\fast\figures\core\fig01_execution_risk_validity.svg,c201d13df80b8fdf06bc8fc9de634ba0bbfe56e648b201495be943974106b04f,c201d13df80b8fdf06bc8fc9de634ba0bbfe56e648b201495be943974106b04f,True
overall_run\output\fast\figures\core\fig02_channel_reconstruction.pdf,1f3b9c9db130fb1514f77a03f197e55d59371ee7f21eb8d3d4e9d89d2fcbc019,1f3b9c9db130fb1514f77a03f197e55d59371ee7f21eb8d3d4e9d89d2fcbc019,True
overall_run\output\fast\figures\core\fig02_channel_reconstruction.png,9b6004015e1235e0a808d7a069816413f5e4ee52047954bd4a1b3a4e04bb6930,9b6004015e1235e0a808d7a069816413f5e4ee52047954bd4a1b3a4e04bb6930,True
overall_run\output\fast\figures\core\fig02_channel_reconstruction.svg,50ba6060ce06bcf46666faf5906b1386fccb846638493509af7eff4537837983,50ba6060ce06bcf46666faf5906b1386fccb846638493509af7eff4537837983,True
overall_run\output\fast\figures\core\fig03_action_response_library.pdf,ff95abdcfdc55e678f96a3873100f046faa6703c0e6299005bad0a5c52f3eeee,ff95abdcfdc55e678f96a3873100f046faa6703c0e6299005bad0a5c52f3eeee,True
overall_run\output\fast\figures\core\fig03_action_response_library.png,6a145f93016e8ff36156332be221d1ed1140cf2f114cf25e77fd9be9cd874e6e,6a145f93016e8ff36156332be221d1ed1140cf2f114cf25e77fd9be9cd874e6e,True
overall_run\output\fast\figures\core\fig03_action_response_library.svg,d09b4ca0be705c2104b1cf1dd57ca5be69f497f8d519e8585316fe02973c5df7,d09b4ca0be705c2104b1cf1dd57ca5be69f497f8d519e8585316fe02973c5df7,True
overall_run\output\fast\figures\core\fig04_screening_and_recommendation.pdf,3dac0f9bf28edad429e22f0a954a447b2d9f2d3d9bc09f103b89b3d2c2939919,3dac0f9bf28edad429e22f0a954a447b2d9f2d3d9bc09f103b89b3d2c2939919,True
overall_run\output\fast\figures\core\fig04_screening_and_recommendation.png,e2edf21f05e23814b595f9a326566325c7b1ada72e9201eee8e094482380a5b3,e2edf21f05e23814b595f9a326566325c7b1ada72e9201eee8e094482380a5b3,True
overall_run\output\fast\figures\core\fig04_screening_and_recommendation.svg,51624330ede293ba93adc493e5c750b169e2c6883e1d9b747094b8093472540a,51624330ede293ba93adc493e5c750b169e2c6883e1d9b747094b8093472540a,True
overall_run\output\fast\figures\core\fig05_representative_episode.pdf,c3182ddd6c22fa75cdf46074906684c726e3144e1ddd98d22cafd07cc9f9f077,c3182ddd6c22fa75cdf46074906684c726e3144e1ddd98d22cafd07cc9f9f077,True
overall_run\output\fast\figures\core\fig05_representative_episode.png,09fd5c24dad9ca686e11c7b908ff7eb209c9ccde75ea50a939daab0608abec6b,09fd5c24dad9ca686e11c7b908ff7eb209c9ccde75ea50a939daab0608abec6b,True
overall_run\output\fast\figures\core\fig05_representative_episode.svg,7d136f8556e167505acf296ee20c376388d32486f38f442f148480994042df0b,7d136f8556e167505acf296ee20c376388d32486f38f442f148480994042df0b,True
overall_run\output\fast\figures\figure_metadata.json,a2d089dd0f663312e4824c87c6b3d8a69e4ceaaf47c5e8d0c282423441906896,a2d089dd0f663312e4824c87c6b3d8a69e4ceaaf47c5e8d0c282423441906896,True
overall_run\output\fast\implementation_manifest.json,354be7a4a41a89fbe50a654a14040abc37d1bba52a34c43a84d1f2e1c6a07f3b,354be7a4a41a89fbe50a654a14040abc37d1bba52a34c43a84d1f2e1c6a07f3b,True
overall_run\output\fast\input_audit.json,74f0babe49684849dc27086d3248f7d2c36597926cd658d1bba6b4cc7ab33b6b,74f0babe49684849dc27086d3248f7d2c36597926cd658d1bba6b4cc7ab33b6b,True
overall_run\output\fast\logs\publication.log,47bfe1ea37570f673775fb5bfdb930369dc6c2a61836c121afe9d10e1f8c87f2,47bfe1ea37570f673775fb5bfdb930369dc6c2a61836c121afe9d10e1f8c87f2,True
overall_run\output\fast\m1_predictive_samples\part.parquet,97b757f0159cb3a503ace8cfcd6fbbfd1a743bd8582b8adfaeffc8d64b4c5a2d,97b757f0159cb3a503ace8cfcd6fbbfd1a743bd8582b8adfaeffc8d64b4c5a2d,True
overall_run\output\fast\m1.joblib,1bb9ebdd51cb71bf3b31629654fb32ffde4a0fa7799178919cc051f386adf56a,1bb9ebdd51cb71bf3b31629654fb32ffde4a0fa7799178919cc051f386adf56a,True
overall_run\output\fast\m2.joblib,07ff5539ce7d2e2b12888d6e97255a7bd2e1a8c230f4b9c54eaa6b8a3a5b97f3,07ff5539ce7d2e2b12888d6e97255a7bd2e1a8c230f4b9c54eaa6b8a3a5b97f3,True
overall_run\output\fast\m3_action_library.parquet,4f778ba118f14db072f7885759678ed0a7062244ef3e79188a7786173a28f220,4f778ba118f14db072f7885759678ed0a7062244ef3e79188a7786173a28f220,True
overall_run\output\fast\m3_response_audit.parquet,2c7506e0c1607d17101c30715da415bad9fc3c4e8cb14d5b0aea5a613ec82c24,2c7506e0c1607d17101c30715da415bad9fc3c4e8cb14d5b0aea5a613ec82c24,True
overall_run\output\fast\m3_response_parameters.parquet,44cc3aca0e9d8e6c69d622ba3191bfcbc726e843fbe534ab2a452b4044a1f2f0,44cc3aca0e9d8e6c69d622ba3191bfcbc726e843fbe534ab2a452b4044a1f2f0,True
overall_run\output\fast\m3_response_samples.parquet,6865453b5f0679235f98ea307a0d35d8336437c424be18e387b8008548dd3faa,6865453b5f0679235f98ea307a0d35d8336437c424be18e387b8008548dd3faa,True
overall_run\output\fast\m3.joblib,e4d8b2d70aa00469025a4343d4f3c2086d5538aff3bcd2e8cc2f738baaa50443,e4d8b2d70aa00469025a4343d4f3c2086d5538aff3bcd2e8cc2f738baaa50443,True
overall_run\output\fast\m4_action_scores.parquet,33973d5838ec1f94ebedc0808c425c575aa062d99cd738b3a7e0d35fd0425a25,33973d5838ec1f94ebedc0808c425c575aa062d99cd738b3a7e0d35fd0425a25,True
overall_run\output\fast\m4_candidate_screen.parquet,e79c69a48308ffc0e6579e618d2448fe5aef4f0986360bf54380a86e0bf5b163,e79c69a48308ffc0e6579e618d2448fe5aef4f0986360bf54380a86e0bf5b163,True
overall_run\output\fast\m4_rankings.parquet,314e2b9fe8a97713f78df88caea620ab91ebcbe88221a3bc3655ed9020f6e314,314e2b9fe8a97713f78df88caea620ab91ebcbe88221a3bc3655ed9020f6e314,True
overall_run\output\fast\m4_recommendations.parquet,4f67b2112eb8166bb60c2f1a534682423ad479f0bccd19df33a4921714b4dd19,4f67b2112eb8166bb60c2f1a534682423ad479f0bccd19df33a4921714b4dd19,True
overall_run\output\fast\m4.joblib,d2490b9e2d9edef48ea67418b246bf165f1fc2c7bf1daf602e3e8612761cc020,d2490b9e2d9edef48ea67418b246bf165f1fc2c7bf1daf602e3e8612761cc020,True
overall_run\output\fast\merged_config.json,d60ba55a32f1af10a4c7ef232e90baecc5fc5cd3513ba613065ed8a6e8370232,d60ba55a32f1af10a4c7ef232e90baecc5fc5cd3513ba613065ed8a6e8370232,True
overall_run\output\fast\metrics\m1_feature_audit.parquet,72d172d93f89f80621edab72032df29d0f1b4644b84c5b00af05619879d31bcf,72d172d93f89f80621edab72032df29d0f1b4644b84c5b00af05619879d31bcf,True
overall_run\output\fast\metrics\m1_predictions_evaluation.parquet,23687e8b9c32f4d74c13f52943d2fe2b4dc2431b25e9ce0aa60cc625ba2e718f,23687e8b9c32f4d74c13f52943d2fe2b4dc2431b25e9ce0aa60cc625ba2e718f,True
overall_run\output\fast\metrics\m1_summary_evaluation.parquet,4a5382e4002cda3d10fbd03dba679f8d261a0e3a8a631ce03dec2a3321d77d7c,4a5382e4002cda3d10fbd03dba679f8d261a0e3a8a631ce03dec2a3321d77d7c,True
overall_run\output\fast\metrics\m1_tuning.parquet,86b0e43fa9e4dddff90733e0ef029e166b8a3ecbe5d5345517eeef18d7345ed4,86b0e43fa9e4dddff90733e0ef029e166b8a3ecbe5d5345517eeef18d7345ed4,True
overall_run\output\fast\metrics\m2_channel_correlation.parquet,3ed049c65b453fca7c8dff9db2706f31881558470cb7f749442931d394fdf9c5,3ed049c65b453fca7c8dff9db2706f31881558470cb7f749442931d394fdf9c5,True
overall_run\output\fast\metrics\m2_channel_summary.parquet,a0d4690ffc796b2c353119626d689014f222a255e70602e2102a6794b6f2e843,a0d4690ffc796b2c353119626d689014f222a255e70602e2102a6794b6f2e843,True
overall_run\output\fast\metrics\m2_summary.parquet,85fc22501924c02a728ec3485916d22a8205cf523b708a8a695d02a8ec2ac13f,85fc22501924c02a728ec3485916d22a8205cf523b708a8a695d02a8ec2ac13f,True
overall_run\output\fast\metrics\m3_audit.parquet,7c46de9e2328d22151741425e52a80d1c048b1c5eacbbf5353825b1daf7566c5,7c46de9e2328d22151741425e52a80d1c048b1c5eacbbf5353825b1daf7566c5,True
overall_run\output\fast\metrics\m4_action_scores.parquet,33973d5838ec1f94ebedc0808c425c575aa062d99cd738b3a7e0d35fd0425a25,33973d5838ec1f94ebedc0808c425c575aa062d99cd738b3a7e0d35fd0425a25,True
overall_run\output\fast\metrics\m4_physical_screening.parquet,7c46de9e2328d22151741425e52a80d1c048b1c5eacbbf5353825b1daf7566c5,7c46de9e2328d22151741425e52a80d1c048b1c5eacbbf5353825b1daf7566c5,True
overall_run\output\fast\metrics\m4_rankings.parquet,314e2b9fe8a97713f78df88caea620ab91ebcbe88221a3bc3655ed9020f6e314,314e2b9fe8a97713f78df88caea620ab91ebcbe88221a3bc3655ed9020f6e314,True
overall_run\output\fast\metrics\representative_episode_selection.parquet,99a552eaf29a92c899ce94f5940426e1c084df056282dd72b3b1a8288abe240f,99a552eaf29a92c899ce94f5940426e1c084df056282dd72b3b1a8288abe240f,True
overall_run\output\fast\model_contract.json,37e7fc2f80851de13f1742d591104bf96a3ce320b5b13d4b1952c423f81310b7,37e7fc2f80851de13f1742d591104bf96a3ce320b5b13d4b1952c423f81310b7,True
overall_run\output\fast\parameter_manifest.json,64fa9da5d66a76ad56df9045f6e533c33e42d0b150615331e9c27625550fbe47,64fa9da5d66a76ad56df9045f6e533c33e42d0b150615331e9c27625550fbe47,True
overall_run\output\fast\parameter_manifest.parquet,cd82225db8a8fd4d356c2de434aeebd08c0058c5994e86c7bef2c4b792bb5dcd,cd82225db8a8fd4d356c2de434aeebd08c0058c5994e86c7bef2c4b792bb5dcd,True
overall_run\output\fast\publication_manifest.json,f3d49ec5fb5bc6491556fbce74d1dcb1150913739d63fbc30ebfb0d576ff08d0,f3d49ec5fb5bc6491556fbce74d1dcb1150913739d63fbc30ebfb0d576ff08d0,True
overall_run\output\fast\run_manifest.json,fac2097ca778ec9c687d667069b9a5e1c1212b7107dd6424c48d3064ad882b67,fac2097ca778ec9c687d667069b9a5e1c1212b7107dd6424c48d3064ad882b67,True
overall_run\output\fast\run_state.json,c2e48bf0792c2629ba8144dd4ab58e94d89578153ec0d2f7cf1d9676a81809c1,c2e48bf0792c2629ba8144dd4ab58e94d89578153ec0d2f7cf1d9676a81809c1,True
overall_run\output\fast\run_summary.json,5af8f0143933b7efc3ac7f9af5aa6c5a25bf8946fcfb3511f81476ab21c0317c,5af8f0143933b7efc3ac7f9af5aa6c5a25bf8946fcfb3511f81476ab21c0317c,True
overall_run\output\fast\scientific_gate.json,11c647806b5e5acfe2f0ede1de66ecbd1641e3cb58065ff32495b80ec7b97593,11c647806b5e5acfe2f0ede1de66ecbd1641e3cb58065ff32495b80ec7b97593,True
overall_run\output\fast\tables\core\figure_metadata.csv,46a43f585d26fd46c3f54220da135f0e078ea567455101ed85ebd7a79dae9530,46a43f585d26fd46c3f54220da135f0e078ea567455101ed85ebd7a79dae9530,True
overall_run\output\fast\tables\core\figure_metadata.parquet,7a6e67cfe9193adbdc923d76d06de325c8242191f5d99b554314549cb47c9094,7a6e67cfe9193adbdc923d76d06de325c8242191f5d99b554314549cb47c9094,True
overall_run\output\fast\tables\core\m4_a00_concentration_decomposition.csv,d29b9308b87c89281d92cb87d8810c1e0f9401c0c0f46ff3757d5140dd530191,d29b9308b87c89281d92cb87d8810c1e0f9401c0c0f46ff3757d5140dd530191,True
overall_run\output\fast\tables\core\m4_a00_concentration_decomposition.parquet,4c7dd20b137d34043f38d6e54b5791c513f5e8739807774c0dfc69d8ca8e81ec,4c7dd20b137d34043f38d6e54b5791c513f5e8739807774c0dfc69d8ca8e81ec,True
overall_run\output\fast\tables\core\m4_decision_value_decomposition.csv,7500d58f8fc6f31b54da0d9727edd80d3003f55073343c21fd8a301e16724a87,7500d58f8fc6f31b54da0d9727edd80d3003f55073343c21fd8a301e16724a87,True
overall_run\output\fast\tables\core\m4_decision_value_decomposition.parquet,14954cfd7f58ef142c42811ee7960aa9c20cc2d50770d91876a76f790c8c68b0,14954cfd7f58ef142c42811ee7960aa9c20cc2d50770d91876a76f790c8c68b0,True
overall_run\output\fast\tables\core\m4_gate_decomposition.csv,35c259b30056c63fc67097fd9b884477b7689f329f1849d6117aef00d8548d45,35c259b30056c63fc67097fd9b884477b7689f329f1849d6117aef00d8548d45,True
overall_run\output\fast\tables\core\m4_gate_decomposition.parquet,de0d72fa4251460072e64b5abb857f00f272731d9cb07bb8df2d759b7af1265e,de0d72fa4251460072e64b5abb857f00f272731d9cb07bb8df2d759b7af1265e,True
overall_run\output\fast\tables\core\m4_score_gap_analysis.csv,7196a5f1862094239ac583b7a379175c19d6027d438c34885ddb7e007f2cb22b,7196a5f1862094239ac583b7a379175c19d6027d438c34885ddb7e007f2cb22b,True
overall_run\output\fast\tables\core\m4_score_gap_analysis.parquet,6abf8abb05a449269931fc980368c8bb105c949bef5769507ffb355d90a9e85e,6abf8abb05a449269931fc980368c8bb105c949bef5769507ffb355d90a9e85e,True
overall_run\output\fast\tables\core\m4_snapshot_retained_action_count.csv,8a2a9c5a6886eee1823a77f0cfe42d1f6812f517c2fe1d6c009e8fb345bc5b22,8a2a9c5a6886eee1823a77f0cfe42d1f6812f517c2fe1d6c009e8fb345bc5b22,True
overall_run\output\fast\tables\core\m4_snapshot_retained_action_count.parquet,528d144bfa730207355430d43a926b34856f1f6f250e63caa4784fe5a6bc1758,528d144bfa730207355430d43a926b34856f1f6f250e63caa4784fe5a6bc1758,True
overall_run\output\fast\tables\core\m4_snapshot_retained_action_summary.csv,23114a5c676f9c202ab5246b1af90335acb083601f3e1bab93f1f3b100a8d6bd,23114a5c676f9c202ab5246b1af90335acb083601f3e1bab93f1f3b100a8d6bd,True
overall_run\output\fast\tables\core\m4_snapshot_retained_action_summary.parquet,0219ed9317c8a1d63d46c3f80d17c027087a7a6b17d9575459129ffdaf398425,0219ed9317c8a1d63d46c3f80d17c027087a7a6b17d9575459129ffdaf398425,True
overall_run\output\fast\tables\core\m4_threshold_margin_rows.csv,01f6c51fa3914dfa334771bea0cd9e7e3715c61b3fd3e1d7f15e5a643a7acc8b,01f6c51fa3914dfa334771bea0cd9e7e3715c61b3fd3e1d7f15e5a643a7acc8b,True
overall_run\output\fast\tables\core\m4_threshold_margin_rows.parquet,77409e76d3fea46044f64a08a1079b556f12f90577dd27fa1c010d082b721a29,77409e76d3fea46044f64a08a1079b556f12f90577dd27fa1c010d082b721a29,True
overall_run\output\fast\tables\core\m4_threshold_margin_summary.csv,56888c395a4bd87f9ccb46970a0f660f75005a9e685d385ebe7a807e77bc61ad,56888c395a4bd87f9ccb46970a0f660f75005a9e685d385ebe7a807e77bc61ad,True
overall_run\output\fast\tables\core\m4_threshold_margin_summary.parquet,372c267660bc12ffd46c18812080eeab8cca29c48ade9b865967c8bd7778f7fa,372c267660bc12ffd46c18812080eeab8cca29c48ade9b865967c8bd7778f7fa,True
overall_run\output\fast\tables\core\table01_m1_distributional_validity.csv,573f85352ae012781b848f198785c85ed0f45ce375d5981219d0d8a5cfda3c9a,573f85352ae012781b848f198785c85ed0f45ce375d5981219d0d8a5cfda3c9a,True
overall_run\output\fast\tables\core\table01_m1_distributional_validity.parquet,bfe6d99b170260384099c9add9118f99b22e77b1f324a2ea335998bb6c633c4b,bfe6d99b170260384099c9add9118f99b22e77b1f324a2ea335998bb6c633c4b,True
overall_run\output\fast\tables\core\table02_interface_acceptance.csv,3c429516ea1a5de5d73c7a49abb632ca4b7a235a2ea4e3e57a0b8f793f375548,3c429516ea1a5de5d73c7a49abb632ca4b7a235a2ea4e3e57a0b8f793f375548,True
overall_run\output\fast\tables\core\table02_interface_acceptance.parquet,919792f58b832864ecd821f3d7abec1beb4ae3e88fb255c2e6306ebf56dd004e,919792f58b832864ecd821f3d7abec1beb4ae3e88fb255c2e6306ebf56dd004e,True
overall_run\output\fast\tables\core\table03_m2_channel_cost_summary.csv,b67693db469125f0f92e03a57f8739cb24550ad2e6befce3aba6adab51ee0ce0,b67693db469125f0f92e03a57f8739cb24550ad2e6befce3aba6adab51ee0ce0,True
overall_run\output\fast\tables\core\table03_m2_channel_cost_summary.parquet,39b3f6c9b1cb01a10f29fdbb5653acc6bdfa5b97753d98723276c4dcd7807581,39b3f6c9b1cb01a10f29fdbb5653acc6bdfa5b97753d98723276c4dcd7807581,True
overall_run\output\fast\tables\core\table04_m3_response_library.csv,274806dc44d0f00ba39c9efd0cfba09939b3b8b28ec4dc010863c1128fb4ef43,274806dc44d0f00ba39c9efd0cfba09939b3b8b28ec4dc010863c1128fb4ef43,True
overall_run\output\fast\tables\core\table04_m3_response_library.parquet,2c7506e0c1607d17101c30715da415bad9fc3c4e8cb14d5b0aea5a613ec82c24,2c7506e0c1607d17101c30715da415bad9fc3c4e8cb14d5b0aea5a613ec82c24,True
overall_run\output\fast\tables\core\table05_m4_screening_and_recommendation.csv,6fbe34369c341daa94d063016f4009dd577d6f008bdfd0705b201c5b03cb3746,6fbe34369c341daa94d063016f4009dd577d6f008bdfd0705b201c5b03cb3746,True
overall_run\output\fast\tables\core\table05_m4_screening_and_recommendation.parquet,c2d6d8b9edcf8e222145a270c5d61dbd4ac91df347beedbe4c70a695dc430906,c2d6d8b9edcf8e222145a270c5d61dbd4ac91df347beedbe4c70a695dc430906,True
overall_run\output\fast\tables\optional\table_m3_response_parameters.csv,f7606475dbff89b28202189ecc6c542dad37e86c59945c2aa4451828ce684175,f7606475dbff89b28202189ecc6c542dad37e86c59945c2aa4451828ce684175,True
overall_run\output\fast\tables\optional\table_m3_response_parameters.parquet,44cc3aca0e9d8e6c69d622ba3191bfcbc726e843fbe534ab2a452b4044a1f2f0,44cc3aca0e9d8e6c69d622ba3191bfcbc726e843fbe534ab2a452b4044a1f2f0,True
part_adv\output\fast\artifact_registry.json,34df9299ec5cef89900fc145dafa33ef3ff11eb7fb3b82a234872308d9292c9a,34df9299ec5cef89900fc145dafa33ef3ff11eb7fb3b82a234872308d9292c9a,True
part_adv\output\fast\audit.parquet,ce2ec66c5845340c3f81034f938190ec7f5bd18a3e78644be935a7df6e9a49aa,ce2ec66c5845340c3f81034f938190ec7f5bd18a3e78644be935a7df6e9a49aa,True
part_adv\output\fast\benchmark_action_scores.parquet,c18517c1fea3861702eacfac26cf6899911374970530d1cb7e3842d80c20e762,c18517c1fea3861702eacfac26cf6899911374970530d1cb7e3842d80c20e762,True
part_adv\output\fast\checkpoints\m1\hist.joblib,b5a12074f0ae4dc3382504418bc3cb41789a1ca886b0a3b8b280a9bcbb95e3db,b5a12074f0ae4dc3382504418bc3cb41789a1ca886b0a3b8b280a9bcbb95e3db,True
part_adv\output\fast\checkpoints\m1\hist.json,583e557fa174827668b6de7856b00f8d1caf99a7fed11adfca80dc2fdad8c4e1,583e557fa174827668b6de7856b00f8d1caf99a7fed11adfca80dc2fdad8c4e1,True
part_adv\output\fast\checkpoints\m1\ngb.joblib,f25071ac9fe96d4bc4d3f62f8a644a606ca4930798aa2c9fd7af7cbe106ebe7d,f25071ac9fe96d4bc4d3f62f8a644a606ca4930798aa2c9fd7af7cbe106ebe7d,True
part_adv\output\fast\checkpoints\m1\ngb.json,de7776a62de1cd994b5752bdc8281533e7cec67d659cef56e0debffaf8e9ce24,de7776a62de1cd994b5752bdc8281533e7cec67d659cef56e0debffaf8e9ce24,True
part_adv\output\fast\checkpoints\m1\point_oof.joblib,8337be88cf4c698d4577bcf58f17b83ebb0ba96d2065de8cbc7f8bba62299fc6,8337be88cf4c698d4577bcf58f17b83ebb0ba96d2065de8cbc7f8bba62299fc6,True
part_adv\output\fast\checkpoints\m1\point_oof.json,28d25c1bb971346250c606e55b6b1bf39911bcb8c006763130948a23edd58f12,28d25c1bb971346250c606e55b6b1bf39911bcb8c006763130948a23edd58f12,True
part_adv\output\fast\checkpoints\m1\prop.joblib,dcf617585b4bb877fffbc8447a77e80dfcc1080c5fdc44848f644e642bd1ecca,dcf617585b4bb877fffbc8447a77e80dfcc1080c5fdc44848f644e642bd1ecca,True
part_adv\output\fast\checkpoints\m1\prop.json,a8fe193b1bf894f49bbf7a1f29e4334da1e2cea97f5444c766f470265226582b,a8fe193b1bf894f49bbf7a1f29e4334da1e2cea97f5444c766f470265226582b,True
part_adv\output\fast\checkpoints\m1\qrf.joblib,030af3aaf524b7d721ed9a8ab4f7e78740541d7774ee03fa3ed353a80a5d0a77,030af3aaf524b7d721ed9a8ab4f7e78740541d7774ee03fa3ed353a80a5d0a77,True
part_adv\output\fast\checkpoints\m1\qrf.json,e453e4cb7e27089174d99bf7b01f5252b34e11b1c7ece9e9ce5200a708fd1269,e453e4cb7e27089174d99bf7b01f5252b34e11b1c7ece9e9ce5200a708fd1269,True
part_adv\output\fast\common_support_cohort.json,8ae388b9053c4fd6b879905ccbecc64bc3997179440d8d01dee6d03471cc8e1d,8ae388b9053c4fd6b879905ccbecc64bc3997179440d8d01dee6d03471cc8e1d,True
part_adv\output\fast\figures\fig01_m1_predictive_and_downstream.pdf,878fdd958c57ddcfb186c249340808e4d37e0e1e760222eb69ff8efbcd75b76d,878fdd958c57ddcfb186c249340808e4d37e0e1e760222eb69ff8efbcd75b76d,True
part_adv\output\fast\figures\fig01_m1_predictive_and_downstream.png,805df09d0674cff79c7cad538dc0a49b1ca4b8bfec982d3b5952784366f35714,805df09d0674cff79c7cad538dc0a49b1ca4b8bfec982d3b5952784366f35714,True
part_adv\output\fast\figures\fig01_m1_predictive_and_downstream.svg,b29a1aa5fa8e6cbe25e490cd3a9101032d76b1c46a6e3a570e766e8658f129bd,b29a1aa5fa8e6cbe25e490cd3a9101032d76b1c46a6e3a570e766e8658f129bd,True
part_adv\output\fast\figures\fig02_m2_structure_and_sensitivity.pdf,e6157667c5576fa6b3ec296360362dc1a906ab238ed0d021a00e160bff6f4087,e6157667c5576fa6b3ec296360362dc1a906ab238ed0d021a00e160bff6f4087,True
part_adv\output\fast\figures\fig02_m2_structure_and_sensitivity.png,50b702b77e9d484247fd15ff5220744279cc1a36c890ed9f9726c8d555834b31,50b702b77e9d484247fd15ff5220744279cc1a36c890ed9f9726c8d555834b31,True
part_adv\output\fast\figures\fig02_m2_structure_and_sensitivity.svg,5dfd295e0796fd11c35d875451305e34887a3f3505d704c1b74fe22a38c7f989,5dfd295e0796fd11c35d875451305e34887a3f3505d704c1b74fe22a38c7f989,True
part_adv\output\fast\figures\fig03_m4_risk_tradeoff.pdf,17a6a6283eec6aaf35f834a9a51d232b4faaa845d35b14ebc9b305be1f32c326,17a6a6283eec6aaf35f834a9a51d232b4faaa845d35b14ebc9b305be1f32c326,True
part_adv\output\fast\figures\fig03_m4_risk_tradeoff.png,aaab81cfcb74f9f99a8be604e8246ccc7875686d0dcbbece29158f3d992bd8af,aaab81cfcb74f9f99a8be604e8246ccc7875686d0dcbbece29158f3d992bd8af,True
part_adv\output\fast\figures\fig03_m4_risk_tradeoff.svg,c04f80a17fe352d69ec88b96e4064d27074cb97afab37d03902bb3205c78d6f3,c04f80a17fe352d69ec88b96e4064d27074cb97afab37d03902bb3205c78d6f3,True
part_adv\output\fast\input_adapter\m1_model_frame.parquet,7eabe93df0d81d5881bda3351ed3b197aca12afdf6d238649a43b50045149bc3,7eabe93df0d81d5881bda3351ed3b197aca12afdf6d238649a43b50045149bc3,True
part_adv\output\fast\logs\run.log,a5a01627c81024fc76bb32467a64fb0f60a8e4fc900eb46980c45874097aa856,a5a01627c81024fc76bb32467a64fb0f60a8e4fc900eb46980c45874097aa856,True
part_adv\output\fast\m1_models.joblib,2a5e8fb69a3811d186368609e9bbe3f432c495527a311d98d1da127d2fa659ca,2a5e8fb69a3811d186368609e9bbe3f432c495527a311d98d1da127d2fa659ca,True
part_adv\output\fast\m1\m1_downstream_propagation.parquet,24890ca92d327b777bf0bed85fefe200d999b1b33697a69ad1598fc3d52f421e,24890ca92d327b777bf0bed85fefe200d999b1b33697a69ad1598fc3d52f421e,True
part_adv\output\fast\m1\m1_downstream_results.parquet,17f296d529de4803d37ef3821a45e1949f91441a04756af3220434ff1f21b670,17f296d529de4803d37ef3821a45e1949f91441a04756af3220434ff1f21b670,True
part_adv\output\fast\m1\m1_model_metrics.parquet,0c22b37e0043a4e05f999cf64f7ff1c2afb1a1bfbd3d6807f209b5a05a3cf52b,0c22b37e0043a4e05f999cf64f7ff1c2afb1a1bfbd3d6807f209b5a05a3cf52b,True
part_adv\output\fast\m1\m1_pairwise_decomposition.parquet,85427cf517e6dd9bede8d832376a249905041844cb94218134933091dc26c8bd,85427cf517e6dd9bede8d832376a249905041844cb94218134933091dc26c8bd,True
part_adv\output\fast\m1\m1_predictions.parquet,ed92b7982f27f7485f7744516dbecb2b7867d22346ba661254421beaec0a18a8,ed92b7982f27f7485f7744516dbecb2b7867d22346ba661254421beaec0a18a8,True
part_adv\output\fast\m1\m1_predictive_samples.parquet,11bd76f73c85e226ec804b3e887c5335d8088e5c65f901b8c52f53ab8129ed76,11bd76f73c85e226ec804b3e887c5335d8088e5c65f901b8c52f53ab8129ed76,True
part_adv\output\fast\m1\m1_propagated_cost_samples.parquet,399e5425008fc7b15ebf04b49a65fb90b78435e4b304839433b59195ac2205ca,399e5425008fc7b15ebf04b49a65fb90b78435e4b304839433b59195ac2205ca,True
part_adv\output\fast\m1\m4_selection_path.parquet,d6666f7c289d6825632845145aad0116d036f656a197aed6618d3a4cd95e6273,d6666f7c289d6825632845145aad0116d036f656a197aed6618d3a4cd95e6273,True
part_adv\output\fast\m2\m2_downstream_stability.parquet,77cb6a5b7824d604226b952c4c5b48770dfd0b152371fffa2dd4d85b7ca31061,77cb6a5b7824d604226b952c4c5b48770dfd0b152371fffa2dd4d85b7ca31061,True
part_adv\output\fast\m2\m2_sensitivity_results.parquet,f31e0222d663c5e6b2c6fe048d48d321f58e723446bb4e2f97c30a2d5e4729e0,f31e0222d663c5e6b2c6fe048d48d321f58e723446bb4e2f97c30a2d5e4729e0,True
part_adv\output\fast\m2\m2_structure_comparison.parquet,b36a6e722b4e755a89c4a657432274475f77fb95090c56bb359d3bbc57b135fe,b36a6e722b4e755a89c4a657432274475f77fb95090c56bb359d3bbc57b135fe,True
part_adv\output\fast\m4_common_support_cohort.parquet,614814d4f8a546ea67f3702e2dc410f9bdb78a8ab1877e2b6c1bf489423f44f5,614814d4f8a546ea67f3702e2dc410f9bdb78a8ab1877e2b6c1bf489423f44f5,True
part_adv\output\fast\m4\m4_variant_metrics.parquet,fe294c931301ef684649d47396a1db80da39915ccc137ede1550290b99c14b6e,fe294c931301ef684649d47396a1db80da39915ccc137ede1550290b99c14b6e,True
part_adv\output\fast\m4\m4_variant_scores.parquet,8a9aa1afe6c174045fd6ff5a30556ad6674e2c5ea29caeef346a5ecd91a1ce85,8a9aa1afe6c174045fd6ff5a30556ad6674e2c5ea29caeef346a5ecd91a1ce85,True
part_adv\output\fast\model_progress.json,723182d81df9b2922104bd10c720b196b309631a74667586ad499fc5355b7b29,723182d81df9b2922104bd10c720b196b309631a74667586ad499fc5355b7b29,True
part_adv\output\fast\run_state.json,a89b3328a4759db4e17f0b1310a9fbeda527f949ae2e0c1610a387a0bd137549,a89b3328a4759db4e17f0b1310a9fbeda527f949ae2e0c1610a387a0bd137549,True
part_adv\output\fast\run_summary.json,7d5691d5994e8c543c9fe593055e7d7419a1190f02ff79a7a0fe528c24917533,7d5691d5994e8c543c9fe593055e7d7419a1190f02ff79a7a0fe528c24917533,True
output_logs\POST_REFACTOR_BASELINE_FILES_20260727_113547\overall_adv\fast\artifact_registry.json,be58b32737122ee14628f3446a5d7053b771719cc3a4c49f197f1d86c4bfa206,be58b32737122ee14628f3446a5d7053b771719cc3a4c49f197f1d86c4bfa206,True
output_logs\POST_REFACTOR_BASELINE_FILES_20260727_113547\overall_adv\fast\audit.parquet,6e16370ba22d3eb46d311dcf8510852edd0f914ac3df16b267fdd094a85536ee,6e16370ba22d3eb46d311dcf8510852edd0f914ac3df16b267fdd094a85536ee,True
output_logs\POST_REFACTOR_BASELINE_FILES_20260727_113547\overall_adv\fast\benchmark_action_outcomes\part.parquet,a8f6a42e25f8f8a4eb3ceaf0c698f2b9ad5edee2467e9cc6fa796f0e4a583814,a8f6a42e25f8f8a4eb3ceaf0c698f2b9ad5edee2467e9cc6fa796f0e4a583814,True
output_logs\POST_REFACTOR_BASELINE_FILES_20260727_113547\overall_adv\fast\bootstrap_results.parquet,96bacd6c4b86a892232a0bd3d4d3b2ba6c1d625491f612d194d83a0ceb7ff2e4,96bacd6c4b86a892232a0bd3d4d3b2ba6c1d625491f612d194d83a0ceb7ff2e4,True
output_logs\POST_REFACTOR_BASELINE_FILES_20260727_113547\overall_adv\fast\checkpoints\GLOBAL_FPR_decisions.parquet,68418c4c20134d6cf3871be6bb9eff665d7eadf411f8eb9aace52c0d6f2e24df,68418c4c20134d6cf3871be6bb9eff665d7eadf411f8eb9aace52c0d6f2e24df,True
output_logs\POST_REFACTOR_BASELINE_FILES_20260727_113547\overall_adv\fast\checkpoints\GLOBAL_FPR.json,dfcb681875c380a2dffeb2d66b954260c35d1e98db9b1becfc45df4b229329bf,dfcb681875c380a2dffeb2d66b954260c35d1e98db9b1becfc45df4b229329bf,True
output_logs\POST_REFACTOR_BASELINE_FILES_20260727_113547\overall_adv\fast\checkpoints\LOCAL_F_decisions.parquet,cdc092a81844060ff7f8d25262ad82ec65eefdecf059016317e666072f77cb4d,cdc092a81844060ff7f8d25262ad82ec65eefdecf059016317e666072f77cb4d,True
output_logs\POST_REFACTOR_BASELINE_FILES_20260727_113547\overall_adv\fast\checkpoints\LOCAL_F.json,057f239026c55e3b816d5bf7d2d3f5e49723068cfd763376b84c0421b72a2691,057f239026c55e3b816d5bf7d2d3f5e49723068cfd763376b84c0421b72a2691,True
output_logs\POST_REFACTOR_BASELINE_FILES_20260727_113547\overall_adv\fast\common_support_cohort.json,b53a41d5d1092787e80d1fdf6e9ea089e01d30fb267a42f94fe431cf7bdcac03,b53a41d5d1092787e80d1fdf6e9ea089e01d30fb267a42f94fe431cf7bdcac03,True
output_logs\POST_REFACTOR_BASELINE_FILES_20260727_113547\overall_adv\fast\figures\fig01_local_global_comparison.pdf,384414c4ada156385c0451e21c14a513ef96f3593d7caf06ecbfda935fc69b29,384414c4ada156385c0451e21c14a513ef96f3593d7caf06ecbfda935fc69b29,True
output_logs\POST_REFACTOR_BASELINE_FILES_20260727_113547\overall_adv\fast\figures\fig01_local_global_comparison.png,44f50d23795c86dcd8253034b0ce21c33e819ecda099d03b8d4b2f2427c07c96,44f50d23795c86dcd8253034b0ce21c33e819ecda099d03b8d4b2f2427c07c96,True
output_logs\POST_REFACTOR_BASELINE_FILES_20260727_113547\overall_adv\fast\figures\fig01_local_global_comparison.svg,593cd57b3cc24b14d050a3b0c09d794072312f51818add3ab3c613cc9d72a24d,593cd57b3cc24b14d050a3b0c09d794072312f51818add3ab3c613cc9d72a24d,True
output_logs\POST_REFACTOR_BASELINE_FILES_20260727_113547\overall_adv\fast\local_f_scores.parquet,16ec8414cb0205f4be41003f8ba7a191fece07a0bc2fa41a13dc3865e90bf720,16ec8414cb0205f4be41003f8ba7a191fece07a0bc2fa41a13dc3865e90bf720,True
output_logs\POST_REFACTOR_BASELINE_FILES_20260727_113547\overall_adv\fast\logs\run.log,18a8e00f3c4ed4f834d4b8b38930bb4765b6d12d5de56006becfb9d735c9f72d,18a8e00f3c4ed4f834d4b8b38930bb4765b6d12d5de56006becfb9d735c9f72d,True
output_logs\POST_REFACTOR_BASELINE_FILES_20260727_113547\overall_adv\fast\m4_common_support_cohort.parquet,614814d4f8a546ea67f3702e2dc410f9bdb78a8ab1877e2b6c1bf489423f44f5,614814d4f8a546ea67f3702e2dc410f9bdb78a8ab1877e2b6c1bf489423f44f5,True
output_logs\POST_REFACTOR_BASELINE_FILES_20260727_113547\overall_adv\fast\m4_selected_action_distribution.parquet,cc11a8e55b02cb7ad987462395b64514ab9a874b8a78412447d82b49e14bcb56,cc11a8e55b02cb7ad987462395b64514ab9a874b8a78412447d82b49e14bcb56,True
output_logs\POST_REFACTOR_BASELINE_FILES_20260727_113547\overall_adv\fast\paired_metrics.parquet,a7f2ca545ef24dc76173e9876577b7ae9c5a413b84fc80f8ea48574f41550337,a7f2ca545ef24dc76173e9876577b7ae9c5a413b84fc80f8ea48574f41550337,True
output_logs\POST_REFACTOR_BASELINE_FILES_20260727_113547\overall_adv\fast\policy_decisions.parquet,a3f27adab8929ac8762284f7366ee0678f4d4917d28b915f56da9bb79996e88e,a3f27adab8929ac8762284f7366ee0678f4d4917d28b915f56da9bb79996e88e,True
output_logs\POST_REFACTOR_BASELINE_FILES_20260727_113547\overall_adv\fast\recovery_case_metrics.parquet,a24b07a79457e3563672fdda7950d20963476b8cc004bf26c9cfbe59afbab2c0,a24b07a79457e3563672fdda7950d20963476b8cc004bf26c9cfbe59afbab2c0,True
output_logs\POST_REFACTOR_BASELINE_FILES_20260727_113547\overall_adv\fast\run_state.json,b82fba4a940f22a21e5b58eba4cd2fb6fd97777046de695775767c11c2ab065d,b82fba4a940f22a21e5b58eba4cd2fb6fd97777046de695775767c11c2ab065d,True
output_logs\POST_REFACTOR_BASELINE_FILES_20260727_113547\overall_adv\fast\run_summary.json,bf1d44e0a99decb208db2074ace1c1417b607c7722cf06c8a6f5e2b0a0da5b96,bf1d44e0a99decb208db2074ace1c1417b607c7722cf06c8a6f5e2b0a0da5b96,True
output_logs\POST_REFACTOR_BASELINE_FILES_20260727_113547\overall_adv\fast\summary.csv,9ef5b21c36af371b1eab74dcacff5f36b5186e827f780dd06033f2ad1db89f12,9ef5b21c36af371b1eab74dcacff5f36b5186e827f780dd06033f2ad1db89f12,True
output_logs\POST_REFACTOR_BASELINE_FILES_20260727_113547\overall_run\fast\action_metadata.parquet,a4102616b05c97bf69007918df8055c127eb3ebebd8c5605fc6d86dee5fe27bf,a4102616b05c97bf69007918df8055c127eb3ebebd8c5605fc6d86dee5fe27bf,True
output_logs\POST_REFACTOR_BASELINE_FILES_20260727_113547\overall_run\fast\artifact_registry.json,c745861129e9bdd22376016f5f92ec2c9e7412bb33e79e5249d6ec48ea143a96,c745861129e9bdd22376016f5f92ec2c9e7412bb33e79e5249d6ec48ea143a96,True
output_logs\POST_REFACTOR_BASELINE_FILES_20260727_113547\overall_run\fast\audit.parquet,ef192d6b1f6fcbf42657ed4ef34b9c9a2ac128f346ffaedb05741d825cd1febb,ef192d6b1f6fcbf42657ed4ef34b9c9a2ac128f346ffaedb05741d825cd1febb,True
output_logs\POST_REFACTOR_BASELINE_FILES_20260727_113547\overall_run\fast\audit\corrected_target_lineage.json,f945fab487d265116466c61ec08f062c9435f8d21643ec91ca32c1d7c9ec76ed,f945fab487d265116466c61ec08f062c9435f8d21643ec91ca32c1d7c9ec76ed,True
output_logs\POST_REFACTOR_BASELINE_FILES_20260727_113547\overall_run\fast\audit\historical_d6_label_lineage.json,1a7940d87a56a01adaac04dd107a62518dba4605a0dfe9435a06761b56ef12ca,1a7940d87a56a01adaac04dd107a62518dba4605a0dfe9435a06761b56ef12ca,True
output_logs\POST_REFACTOR_BASELINE_FILES_20260727_113547\overall_run\fast\audit\q95_audit.json,8f24c1de8aed3c177645e6140bf5639d18071d790a1a85d84166516af5ac3f78,8f24c1de8aed3c177645e6140bf5639d18071d790a1a85d84166516af5ac3f78,True
output_logs\POST_REFACTOR_BASELINE_FILES_20260727_113547\overall_run\fast\audit\q95_event_decomposition.parquet,19f672d84f5fc6f3eb53a586975fcf4566fcf3870e7d8fc273fd14ff524eff99,19f672d84f5fc6f3eb53a586975fcf4566fcf3870e7d8fc273fd14ff524eff99,True
output_logs\POST_REFACTOR_BASELINE_FILES_20260727_113547\overall_run\fast\audit\q95_loeo.parquet,cb9f6f850003da14b27c2ab7be02a741deb40453263c7a2cfdaeccef72cc7b17,cb9f6f850003da14b27c2ab7be02a741deb40453263c7a2cfdaeccef72cc7b17,True
output_logs\POST_REFACTOR_BASELINE_FILES_20260727_113547\overall_run\fast\audit\q95_stratified.parquet,428e0ab992078994e88776cdccf4912adc5a01698e9694dbebad8da60138188e,428e0ab992078994e88776cdccf4912adc5a01698e9694dbebad8da60138188e,True
output_logs\POST_REFACTOR_BASELINE_FILES_20260727_113547\overall_run\fast\audits\acceptance_checks.csv,0b68071be5a4beaee7bb4335afaa44bd1302bf4c0345ae42a30100c38078bbd4,0b68071be5a4beaee7bb4335afaa44bd1302bf4c0345ae42a30100c38078bbd4,True
output_logs\POST_REFACTOR_BASELINE_FILES_20260727_113547\overall_run\fast\audits\acceptance_checks.parquet,b9251c86d5c65c0fce7b062dc123ee8436893c81c4777536ac9332733981ac1a,b9251c86d5c65c0fce7b062dc123ee8436893c81c4777536ac9332733981ac1a,True
output_logs\POST_REFACTOR_BASELINE_FILES_20260727_113547\overall_run\fast\audits\m1_d6_audit_registry.json,a55c5fff93b19182c766d93bfa086c9db27361c7a9a70c258d2d6b13efaa7f8e,a55c5fff93b19182c766d93bfa086c9db27361c7a9a70c258d2d6b13efaa7f8e,True
output_logs\POST_REFACTOR_BASELINE_FILES_20260727_113547\overall_run\fast\audits\m1_d6_bootstrap_lineage.parquet,5a8d49a0c98274055596a254ee2e9b9b5b000895688b78586bc85bdb97c92f98,5a8d49a0c98274055596a254ee2e9b9b5b000895688b78586bc85bdb97c92f98,True
output_logs\POST_REFACTOR_BASELINE_FILES_20260727_113547\overall_run\fast\audits\m1_d6_cross_run_comparison.parquet,bda37e4c57105a1dcb11ab8b7ee9ac097dd591a3c90faa2ebe092cb1f15afde0,bda37e4c57105a1dcb11ab8b7ee9ac097dd591a3c90faa2ebe092cb1f15afde0,True
output_logs\POST_REFACTOR_BASELINE_FILES_20260727_113547\overall_run\fast\audits\m1_d6_current_metric_identity.parquet,61024d5048a964639d2d0748b1657c26d5abd22cee230338e7c298e83325ea51,61024d5048a964639d2d0748b1657c26d5abd22cee230338e7c298e83325ea51,True
output_logs\POST_REFACTOR_BASELINE_FILES_20260727_113547\overall_run\fast\audits\m1_d6_historical_artifact_inventory.parquet,f029680056a0ad4015cc01e5f62df2a2ea29298cf75af7ebd71fb0ef887ba862,f029680056a0ad4015cc01e5f62df2a2ea29298cf75af7ebd71fb0ef887ba862,True
output_logs\POST_REFACTOR_BASELINE_FILES_20260727_113547\overall_run\fast\audits\m1_d6_historical_deprecation_registry.parquet,b5a88627b5814e83a72612dd8496d284fb1afa427fbf3ca25aeba9aebcb4e6c5,b5a88627b5814e83a72612dd8496d284fb1afa427fbf3ca25aeba9aebcb4e6c5,True
output_logs\POST_REFACTOR_BASELINE_FILES_20260727_113547\overall_run\fast\audits\m1_d6_historical_deprecation_summary.json,098ac6cfcdfec3116ef7dea226a53adcadf4e9bc4ea592f3c946df74ba13889c,098ac6cfcdfec3116ef7dea226a53adcadf4e9bc4ea592f3c946df74ba13889c,True
output_logs\POST_REFACTOR_BASELINE_FILES_20260727_113547\overall_run\fast\audits\m1_d6_historical_metric_identity.parquet,208c49f6c7568e64657f12349553d943f516fb6114c31c137040e06db0c78232,208c49f6c7568e64657f12349553d943f516fb6114c31c137040e06db0c78232,True
output_logs\POST_REFACTOR_BASELINE_FILES_20260727_113547\overall_run\fast\audits\m1_d6_lineage_summary.json,a1d37bd7be386a7ad5f6f68d43bbdc16523d1d8622a42fbbc8b501d2d80a91ce,a1d37bd7be386a7ad5f6f68d43bbdc16523d1d8622a42fbbc8b501d2d80a91ce,True
output_logs\POST_REFACTOR_BASELINE_FILES_20260727_113547\overall_run\fast\audits\m1_d6_metric_version_registry.parquet,d3e8049add077d7c0e6512551dfb1f9889b970d825e0f0c5cca5e2a5c40e9bf1,d3e8049add077d7c0e6512551dfb1f9889b970d825e0f0c5cca5e2a5c40e9bf1,True
output_logs\POST_REFACTOR_BASELINE_FILES_20260727_113547\overall_run\fast\audits\m1_d6_prediction_layer_mapping.parquet,fe14a88dbf9a46676ef0660f294aa4d17795b3e0689285add7dd2f9b17bb23c6,fe14a88dbf9a46676ef0660f294aa4d17795b3e0689285add7dd2f9b17bb23c6,True
output_logs\POST_REFACTOR_BASELINE_FILES_20260727_113547\overall_run\fast\audits\m1_metric_cohort_lineage.parquet,7d42d6cd34966c99bc0fdacaccf2daa51ec70a9a5fbd7ba74f34cac504d14a65,7d42d6cd34966c99bc0fdacaccf2daa51ec70a9a5fbd7ba74f34cac504d14a65,True
output_logs\POST_REFACTOR_BASELINE_FILES_20260727_113547\overall_run\fast\audits\m1_metric_dictionary.parquet,62261a6a5b3eb4b5a784349c3dd11a4621e17a33fa0543007bf417c2b7cbc6ba,62261a6a5b3eb4b5a784349c3dd11a4621e17a33fa0543007bf417c2b7cbc6ba,True
output_logs\POST_REFACTOR_BASELINE_FILES_20260727_113547\overall_run\fast\audits\m4_a00_concentration_decomposition.csv,d29b9308b87c89281d92cb87d8810c1e0f9401c0c0f46ff3757d5140dd530191,d29b9308b87c89281d92cb87d8810c1e0f9401c0c0f46ff3757d5140dd530191,True
output_logs\POST_REFACTOR_BASELINE_FILES_20260727_113547\overall_run\fast\audits\m4_a00_concentration_decomposition.parquet,4c7dd20b137d34043f38d6e54b5791c513f5e8739807774c0dfc69d8ca8e81ec,4c7dd20b137d34043f38d6e54b5791c513f5e8739807774c0dfc69d8ca8e81ec,True
output_logs\POST_REFACTOR_BASELINE_FILES_20260727_113547\overall_run\fast\audits\m4_alpha_sensitivity.parquet,1866e23e473abfab2dd4bb114608dc4ecfaf36aceb47e304cba1e68fda0bda6c,1866e23e473abfab2dd4bb114608dc4ecfaf36aceb47e304cba1e68fda0bda6c,True
output_logs\POST_REFACTOR_BASELINE_FILES_20260727_113547\overall_run\fast\audits\m4_b0_sensitivity.parquet,240a1010b5edf588004f0a9d28d30de1d2a421f5299aa8483320a4d085f84e73,240a1010b5edf588004f0a9d28d30de1d2a421f5299aa8483320a4d085f84e73,True
output_logs\POST_REFACTOR_BASELINE_FILES_20260727_113547\overall_run\fast\audits\m4_decision_value_decomposition.csv,8e688310017b25356c7eeeb88f8bf9f4e99847fac6c9ef887ea087f80641553f,8e688310017b25356c7eeeb88f8bf9f4e99847fac6c9ef887ea087f80641553f,True
output_logs\POST_REFACTOR_BASELINE_FILES_20260727_113547\overall_run\fast\audits\m4_decision_value_decomposition.parquet,31343d862b064a7e0de6d8a88313e64868840cef5626f518ec9d9fc3db9ff8f6,31343d862b064a7e0de6d8a88313e64868840cef5626f518ec9d9fc3db9ff8f6,True
output_logs\POST_REFACTOR_BASELINE_FILES_20260727_113547\overall_run\fast\audits\m4_gate_decomposition.csv,9772def4ca1cbd5517714242b0f68068076fe2e6ee25099dc749676b0db125a9,9772def4ca1cbd5517714242b0f68068076fe2e6ee25099dc749676b0db125a9,True
output_logs\POST_REFACTOR_BASELINE_FILES_20260727_113547\overall_run\fast\audits\m4_gate_decomposition.parquet,0794a2926624d4b87ae3236df705df978fcf229b0e791368cf320d3f547f61e5,0794a2926624d4b87ae3236df705df978fcf229b0e791368cf320d3f547f61e5,True
output_logs\POST_REFACTOR_BASELINE_FILES_20260727_113547\overall_run\fast\audits\m4_lambda_sensitivity.parquet,70dbfbf50656d37233949f5a3a05399b4ac405df2cbc4e72eeeaf408c64336cb,70dbfbf50656d37233949f5a3a05399b4ac405df2cbc4e72eeeaf408c64336cb,True
output_logs\POST_REFACTOR_BASELINE_FILES_20260727_113547\overall_run\fast\audits\m4_near_equivalent_sensitivity.parquet,1a64da91da11e37982d53c13c4d51e26d09fd1cfdf1e5699335cfcdee8319880,1a64da91da11e37982d53c13c4d51e26d09fd1cfdf1e5699335cfcdee8319880,True
output_logs\POST_REFACTOR_BASELINE_FILES_20260727_113547\overall_run\fast\audits\m4_parameter_action_family.parquet,0dc4c3800b863b49afc5ee0c9a88d438054a361c4d737be04e9c637c59fcfbc7,0dc4c3800b863b49afc5ee0c9a88d438054a361c4d737be04e9c637c59fcfbc7,True
output_logs\POST_REFACTOR_BASELINE_FILES_20260727_113547\overall_run\fast\audits\m4_parameter_cost_strata.parquet,02387fd226c08912a85de5d69b6cfe410b769a69f4b1baa75bf85f1cb533868e,02387fd226c08912a85de5d69b6cfe410b769a69f4b1baa75bf85f1cb533868e,True
output_logs\POST_REFACTOR_BASELINE_FILES_20260727_113547\overall_run\fast\audits\m4_parameter_reasonableness_summary.json,2f75ea73c7f928886c11e2971052de3dcb05a0c3eacbd0a81228f031407df473,2f75ea73c7f928886c11e2971052de3dcb05a0c3eacbd0a81228f031407df473,True
output_logs\POST_REFACTOR_BASELINE_FILES_20260727_113547\overall_run\fast\audits\m4_parameter_role_audit.parquet,cf1c61677b7a64da8b07d9ad65ef3b0f4e64e82957f891bfc04bc66b0dd39017,cf1c61677b7a64da8b07d9ad65ef3b0f4e64e82957f891bfc04bc66b0dd39017,True
output_logs\POST_REFACTOR_BASELINE_FILES_20260727_113547\overall_run\fast\audits\m4_physical_gate_parameter_audit.parquet,c34f530dd110e5db508e04e0712e3f7f9ff012b10e0490b9b3716726595209f8,c34f530dd110e5db508e04e0712e3f7f9ff012b10e0490b9b3716726595209f8,True
output_logs\POST_REFACTOR_BASELINE_FILES_20260727_113547\overall_run\fast\audits\m4_pnb_action_summary.parquet,4c067c35ff34862004977e87c855327c77a6a57c443ce21f47c77ee5fca79192,4c067c35ff34862004977e87c855327c77a6a57c443ce21f47c77ee5fca79192,True
output_logs\POST_REFACTOR_BASELINE_FILES_20260727_113547\overall_run\fast\audits\m4_pnb_audit_registry.json,7f42bf5a28c866636fe08a12b3a39c74f54650cf206b5047949db270624b9212,7f42bf5a28c866636fe08a12b3a39c74f54650cf206b5047949db270624b9212,True
output_logs\POST_REFACTOR_BASELINE_FILES_20260727_113547\overall_run\fast\audits\m4_pnb_audit_summary.json,9797a274e7b8df71d4e907e20c479923206dd8e94a8c0e444ed8715f871dfe26,9797a274e7b8df71d4e907e20c479923206dd8e94a8c0e444ed8715f871dfe26,True
output_logs\POST_REFACTOR_BASELINE_FILES_20260727_113547\overall_run\fast\audits\m4_pnb_channel_composition.parquet,6970d0431b47321af39777946afb881a32e45a12dc735ab7b45d9bdd4227cda3,6970d0431b47321af39777946afb881a32e45a12dc735ab7b45d9bdd4227cda3,True
output_logs\POST_REFACTOR_BASELINE_FILES_20260727_113547\overall_run\fast\audits\m4_pnb_cost_strata.parquet,65701d58842d11a3adcf1f94870d0848491e3716ba34072f29560e86fa43fb6c,65701d58842d11a3adcf1f94870d0848491e3716ba34072f29560e86fa43fb6c,True
output_logs\POST_REFACTOR_BASELINE_FILES_20260727_113547\overall_run\fast\audits\m4_pnb_failure_decomposition.parquet,6b6fbb1d5f5402fbb680f56dba2f572622e5060f49798296cc7e98b216ebb0c8,6b6fbb1d5f5402fbb680f56dba2f572622e5060f49798296cc7e98b216ebb0c8,True
output_logs\POST_REFACTOR_BASELINE_FILES_20260727_113547\overall_run\fast\audits\m4_pnb_family_summary.parquet,5235140411d38424468eb597181dc5e1ab030bb10898446e576292cc718f4a08,5235140411d38424468eb597181dc5e1ab030bb10898446e576292cc718f4a08,True
output_logs\POST_REFACTOR_BASELINE_FILES_20260727_113547\overall_run\fast\audits\m4_pnb_formula_identity.parquet,9d84653e83790eca3452c6c99b23a84f31da5f5e54b2aa617a6a4d8cc9179abc,9d84653e83790eca3452c6c99b23a84f31da5f5e54b2aa617a6a4d8cc9179abc,True
output_logs\POST_REFACTOR_BASELINE_FILES_20260727_113547\overall_run\fast\audits\m4_pnb_mc_stability.parquet,39259e80e3b6c1fda9860d780d8c484e82c3a624592fe8011dfe69c9b73ac379,39259e80e3b6c1fda9860d780d8c484e82c3a624592fe8011dfe69c9b73ac379,True
output_logs\POST_REFACTOR_BASELINE_FILES_20260727_113547\overall_run\fast\audits\m4_pnb_snapshot_action.parquet,99171699205ff80bbb3391cd418a805707c51631cd05db75f52a46cdf8ae7d1b,99171699205ff80bbb3391cd418a805707c51631cd05db75f52a46cdf8ae7d1b,True
output_logs\POST_REFACTOR_BASELINE_FILES_20260727_113547\overall_run\fast\audits\m4_pnb_stage_summary.parquet,cfe48f0450358721b3548f2f77c8618a1b3e0fd81b9fab7e3540b7253f85c06a,cfe48f0450358721b3548f2f77c8618a1b3e0fd81b9fab7e3540b7253f85c06a,True
output_logs\POST_REFACTOR_BASELINE_FILES_20260727_113547\overall_run\fast\audits\m4_q0_sensitivity.parquet,9d6adf0918bb294e7d4ba16c3fe94dcaf313a256c5a98b32a0ffbdca84557429,9d6adf0918bb294e7d4ba16c3fe94dcaf313a256c5a98b32a0ffbdca84557429,True
output_logs\POST_REFACTOR_BASELINE_FILES_20260727_113547\overall_run\fast\audits\m4_r0_q0_joint_sensitivity.parquet,df95dc961228ad3c95c3da02f0702b4b6e3314e1683ac96688c0407c5c571bd5,df95dc961228ad3c95c3da02f0702b4b6e3314e1683ac96688c0407c5c571bd5,True
output_logs\POST_REFACTOR_BASELINE_FILES_20260727_113547\overall_run\fast\audits\m4_r0_sensitivity.parquet,3db24f7c5c27b042a70433efe7c8e0241c60c2741ebc1401c11147a3c4351333,3db24f7c5c27b042a70433efe7c8e0241c60c2741ebc1401c11147a3c4351333,True
output_logs\POST_REFACTOR_BASELINE_FILES_20260727_113547\overall_run\fast\audits\m4_score_gap_analysis.csv,053f2ddd99af18e82b5b2c98daf3dda8765f190765c4acb5f66a72f419200504,053f2ddd99af18e82b5b2c98daf3dda8765f190765c4acb5f66a72f419200504,True
output_logs\POST_REFACTOR_BASELINE_FILES_20260727_113547\overall_run\fast\audits\m4_score_gap_analysis.parquet,3fb30324f66fba0c02a71a3b18937da90e80d24c9094ed81a4591d7d4dd12ea0,3fb30324f66fba0c02a71a3b18937da90e80d24c9094ed81a4591d7d4dd12ea0,True
output_logs\POST_REFACTOR_BASELINE_FILES_20260727_113547\overall_run\fast\audits\m4_snapshot_retained_action_count.csv,ea543bf7a7ef1629d6c8daef978b654359e76ad06a03352228f88d64cd9bf38d,ea543bf7a7ef1629d6c8daef978b654359e76ad06a03352228f88d64cd9bf38d,True
output_logs\POST_REFACTOR_BASELINE_FILES_20260727_113547\overall_run\fast\audits\m4_snapshot_retained_action_count.parquet,8f6fdeb3655d2630540089bddc39aa1744f876794384d29b070a95a5108b5714,8f6fdeb3655d2630540089bddc39aa1744f876794384d29b070a95a5108b5714,True
output_logs\POST_REFACTOR_BASELINE_FILES_20260727_113547\overall_run\fast\audits\m4_snapshot_retained_action_summary.csv,7ca71a6fdeb42a3acdb02491b3be2b4df5561d01dd4cea8ddd35494886bc39f8,7ca71a6fdeb42a3acdb02491b3be2b4df5561d01dd4cea8ddd35494886bc39f8,True
output_logs\POST_REFACTOR_BASELINE_FILES_20260727_113547\overall_run\fast\audits\m4_snapshot_retained_action_summary.parquet,7b7fb9fbb329ba80c5bfd0ddac33b8bc7469b7212103dba45728b81891332e62,7b7fb9fbb329ba80c5bfd0ddac33b8bc7469b7212103dba45728b81891332e62,True
output_logs\POST_REFACTOR_BASELINE_FILES_20260727_113547\overall_run\fast\audits\m4_threshold_margin_rows.csv,6608523b3ba1d63671f0be3e7a955b779b7fb172ed5b09c6833cd297acf3aa68,6608523b3ba1d63671f0be3e7a955b779b7fb172ed5b09c6833cd297acf3aa68,True
output_logs\POST_REFACTOR_BASELINE_FILES_20260727_113547\overall_run\fast\audits\m4_threshold_margin_rows.parquet,ff530c9e3bcf8bf724f5cda1ea7e956cf8d6604bd6f2211ec35af262fe5877b1,ff530c9e3bcf8bf724f5cda1ea7e956cf8d6604bd6f2211ec35af262fe5877b1,True
output_logs\POST_REFACTOR_BASELINE_FILES_20260727_113547\overall_run\fast\audits\m4_threshold_margin_summary.csv,7ec13064f46249970f5df686610c74588ce2c2b596fb9c944c324925404d2f8e,7ec13064f46249970f5df686610c74588ce2c2b596fb9c944c324925404d2f8e,True
output_logs\POST_REFACTOR_BASELINE_FILES_20260727_113547\overall_run\fast\audits\m4_threshold_margin_summary.parquet,e262f0f874f8afc17b3e8dbc4b93ba0d21dd7d29dcc2f8028b5608aa495f36c9,e262f0f874f8afc17b3e8dbc4b93ba0d21dd7d29dcc2f8028b5608aa495f36c9,True
output_logs\POST_REFACTOR_BASELINE_FILES_20260727_113547\overall_run\fast\checkpoints\m1_evaluation.json,2f0e5008de40f530f4cdea976baf29eb40e583a327b0c5372de38aca526bc704,2f0e5008de40f530f4cdea976baf29eb40e583a327b0c5372de38aca526bc704,True
output_logs\POST_REFACTOR_BASELINE_FILES_20260727_113547\overall_run\fast\checkpoints\m1_fit.json,3e148df3f1cdb2aa39dc7790e29adb5547d3e93abada9819280ed4b8d44d73b7,3e148df3f1cdb2aa39dc7790e29adb5547d3e93abada9819280ed4b8d44d73b7,True
output_logs\POST_REFACTOR_BASELINE_FILES_20260727_113547\overall_run\fast\checkpoints\m2_evaluation.json,dd1bd77e17ec0e146c92dfc683f76ae16bfa93d30c83ec8a43347db2b5366e12,dd1bd77e17ec0e146c92dfc683f76ae16bfa93d30c83ec8a43347db2b5366e12,True
output_logs\POST_REFACTOR_BASELINE_FILES_20260727_113547\overall_run\fast\checkpoints\m2_fit.json,182a1939e1578838c69d459aae52c4413e745796f306b19325c23b984e24ef48,182a1939e1578838c69d459aae52c4413e745796f306b19325c23b984e24ef48,True
output_logs\POST_REFACTOR_BASELINE_FILES_20260727_113547\overall_run\fast\checkpoints\m3_contract.json,c8fd8c51cd3a0b4eeae8f950ff22db574552b6eff9b6f11ad6d6c8e5bc3a8bdd,c8fd8c51cd3a0b4eeae8f950ff22db574552b6eff9b6f11ad6d6c8e5bc3a8bdd,True
output_logs\POST_REFACTOR_BASELINE_FILES_20260727_113547\overall_run\fast\checkpoints\m3_evaluation.json,3da12e0418da23c73b8a191fb2b00c4ff89bc094acd36d50914841a00c2907a2,3da12e0418da23c73b8a191fb2b00c4ff89bc094acd36d50914841a00c2907a2,True
output_logs\POST_REFACTOR_BASELINE_FILES_20260727_113547\overall_run\fast\checkpoints\m4_evaluation.json,fedc2e256098245dde4bfd99f4398000649dfaf2c91d7300be1a2df2d22fef16,fedc2e256098245dde4bfd99f4398000649dfaf2c91d7300be1a2df2d22fef16,True
output_logs\POST_REFACTOR_BASELINE_FILES_20260727_113547\overall_run\fast\checkpoints\m4_fit.json,5c1a9976dc415c79aa7f25b07834204fc0d5c251aeebe3933b0675de9da25cf7,5c1a9976dc415c79aa7f25b07834204fc0d5c251aeebe3933b0675de9da25cf7,True
output_logs\POST_REFACTOR_BASELINE_FILES_20260727_113547\overall_run\fast\config_sources.json,40470ee3fa2c247ba4909bbd1f45d9ad811be00c2759fc1a47b6a5031a3a5f2d,40470ee3fa2c247ba4909bbd1f45d9ad811be00c2759fc1a47b6a5031a3a5f2d,True
output_logs\POST_REFACTOR_BASELINE_FILES_20260727_113547\overall_run\fast\failure_records.parquet,3856706e10c6231709181e3837c49fd6936cb11fc72264fe438a9133ef7e6e5a,3856706e10c6231709181e3837c49fd6936cb11fc72264fe438a9133ef7e6e5a,True
output_logs\POST_REFACTOR_BASELINE_FILES_20260727_113547\overall_run\fast\figures\audit\m4_cost_strata_parameter_response.pdf,ebdace158d0534c9140c6e8593e10b13b74251263fced479be3c83201d08554a,ebdace158d0534c9140c6e8593e10b13b74251263fced479be3c83201d08554a,True
output_logs\POST_REFACTOR_BASELINE_FILES_20260727_113547\overall_run\fast\figures\audit\m4_cost_strata_parameter_response.png,f104fb351ee75fc76936c7003975863a5c2b972f323504be83d90ecb412986c0,f104fb351ee75fc76936c7003975863a5c2b972f323504be83d90ecb412986c0,True
output_logs\POST_REFACTOR_BASELINE_FILES_20260727_113547\overall_run\fast\figures\audit\m4_cost_strata_parameter_response.svg,e4b75f83613356136e085c994afef0503cca43938b9686a0931d7b2603a1dbb7,e4b75f83613356136e085c994afef0503cca43938b9686a0931d7b2603a1dbb7,True
output_logs\POST_REFACTOR_BASELINE_FILES_20260727_113547\overall_run\fast\figures\audit\m4_parameter_stability.pdf,96a24058f959950f926f6a58590c76aa1866c436d16579b19a8d430087f43d9c,96a24058f959950f926f6a58590c76aa1866c436d16579b19a8d430087f43d9c,True
output_logs\POST_REFACTOR_BASELINE_FILES_20260727_113547\overall_run\fast\figures\audit\m4_parameter_stability.png,646b933d2dfd8476eb7e39e86f5b0b864b348e16b5267781f6ad849fecfd1c5f,646b933d2dfd8476eb7e39e86f5b0b864b348e16b5267781f6ad849fecfd1c5f,True
output_logs\POST_REFACTOR_BASELINE_FILES_20260727_113547\overall_run\fast\figures\audit\m4_parameter_stability.svg,7d9f08769df8c7213b7af60c7f5d10a78d42eda75e61d0f6e4ea1fbc6f96121d,7d9f08769df8c7213b7af60c7f5d10a78d42eda75e61d0f6e4ea1fbc6f96121d,True
output_logs\POST_REFACTOR_BASELINE_FILES_20260727_113547\overall_run\fast\figures\audit\m4_pnb_a_recovered_vs_implementation.pdf,ce726c5e69a72dc23fbe0a62af0255d094adc0afbc1de71e1028cac45f3201ff,ce726c5e69a72dc23fbe0a62af0255d094adc0afbc1de71e1028cac45f3201ff,True
output_logs\POST_REFACTOR_BASELINE_FILES_20260727_113547\overall_run\fast\figures\audit\m4_pnb_a_recovered_vs_implementation.png,42ccc3a3b6545208c3dc5d597e1d58bf538309327d13d5773f3176e976dba78f,42ccc3a3b6545208c3dc5d597e1d58bf538309327d13d5773f3176e976dba78f,True
output_logs\POST_REFACTOR_BASELINE_FILES_20260727_113547\overall_run\fast\figures\audit\m4_pnb_a_recovered_vs_implementation.svg,972a42d8bae7fc99eff16411d8b1fbb89c25485907658f974686376f511839ce,972a42d8bae7fc99eff16411d8b1fbb89c25485907658f974686376f511839ce,True
output_logs\POST_REFACTOR_BASELINE_FILES_20260727_113547\overall_run\fast\figures\audit\m4_pnb_b_probability_by_action_cost.pdf,54c16280975962ca8c737a0a4c7d0288cc1e77ae6400ce01e52205f9bf2e79ea,54c16280975962ca8c737a0a4c7d0288cc1e77ae6400ce01e52205f9bf2e79ea,True
output_logs\POST_REFACTOR_BASELINE_FILES_20260727_113547\overall_run\fast\figures\audit\m4_pnb_b_probability_by_action_cost.png,d371cf4e3796a0546adb83b792c71b4839d000f47fc93552ba91ace64bbb3441,d371cf4e3796a0546adb83b792c71b4839d000f47fc93552ba91ace64bbb3441,True
output_logs\POST_REFACTOR_BASELINE_FILES_20260727_113547\overall_run\fast\figures\audit\m4_pnb_b_probability_by_action_cost.svg,e9c71496c022c240a65d93d18613d9e3ff96ebb41a45dabedbaee86a8e2f4386,e9c71496c022c240a65d93d18613d9e3ff96ebb41a45dabedbaee86a8e2f4386,True
output_logs\POST_REFACTOR_BASELINE_FILES_20260727_113547\overall_run\fast\figures\audit\m4_pnb_c_gate_loss_decomposition.pdf,94a71c460c4de6a5d439ff01115d80a7a4b6dc85ccd2b5a80bb6cee83e533956,94a71c460c4de6a5d439ff01115d80a7a4b6dc85ccd2b5a80bb6cee83e533956,True
output_logs\POST_REFACTOR_BASELINE_FILES_20260727_113547\overall_run\fast\figures\audit\m4_pnb_c_gate_loss_decomposition.png,9c7c2fd8df61f2596a055f1dd343931f1be98b643cdf898ff2dfbba4f23e6745,9c7c2fd8df61f2596a055f1dd343931f1be98b643cdf898ff2dfbba4f23e6745,True
output_logs\POST_REFACTOR_BASELINE_FILES_20260727_113547\overall_run\fast\figures\audit\m4_pnb_c_gate_loss_decomposition.svg,939e22f12aa9e32723cf0aee2b89533263d1a6f7df1e94ee78e0f0594600d992,939e22f12aa9e32723cf0aee2b89533263d1a6f7df1e94ee78e0f0594600d992,True
output_logs\POST_REFACTOR_BASELINE_FILES_20260727_113547\overall_run\fast\figures\audit\m4_q0_retention_curve.pdf,5b335d13cf63eae9a645f65cb197968f9e79ec3a390958184b4eac83a0efcded,5b335d13cf63eae9a645f65cb197968f9e79ec3a390958184b4eac83a0efcded,True
output_logs\POST_REFACTOR_BASELINE_FILES_20260727_113547\overall_run\fast\figures\audit\m4_q0_retention_curve.png,d0dee330a77ad6d58780509f512223fd20aba6390842cf09dd78e290c823487e,d0dee330a77ad6d58780509f512223fd20aba6390842cf09dd78e290c823487e,True
output_logs\POST_REFACTOR_BASELINE_FILES_20260727_113547\overall_run\fast\figures\audit\m4_q0_retention_curve.svg,e3dbf8a5f00c8ebbcc81358d5743bb4d6d6aa3d2b58eb7ab26bec3ed1067ad88,e3dbf8a5f00c8ebbcc81358d5743bb4d6d6aa3d2b58eb7ab26bec3ed1067ad88,True
output_logs\POST_REFACTOR_BASELINE_FILES_20260727_113547\overall_run\fast\figures\audit\m4_r0_q0_joint_heatmap.pdf,59f559d7affec0355f079621fcb23e898cd681c53dc7ad0b675d9ebbfe087198,59f559d7affec0355f079621fcb23e898cd681c53dc7ad0b675d9ebbfe087198,True
output_logs\POST_REFACTOR_BASELINE_FILES_20260727_113547\overall_run\fast\figures\audit\m4_r0_q0_joint_heatmap.png,1333cdaabdca6ef15a777e0cc680bf7b5538feb43e295cb0a0ddc1b416899de1,1333cdaabdca6ef15a777e0cc680bf7b5538feb43e295cb0a0ddc1b416899de1,True
output_logs\POST_REFACTOR_BASELINE_FILES_20260727_113547\overall_run\fast\figures\audit\m4_r0_q0_joint_heatmap.svg,4221e965392e241df674958c37faa186ba5c4731347713322e31aa3b4a25d245,4221e965392e241df674958c37faa186ba5c4731347713322e31aa3b4a25d245,True
output_logs\POST_REFACTOR_BASELINE_FILES_20260727_113547\overall_run\fast\figures\core\fig01_execution_risk_validity.pdf,d3a49ea13d3ccd85e44bd0d55d8e9c169156ef4cdb0302b53e92d85209fb393e,d3a49ea13d3ccd85e44bd0d55d8e9c169156ef4cdb0302b53e92d85209fb393e,True
output_logs\POST_REFACTOR_BASELINE_FILES_20260727_113547\overall_run\fast\figures\core\fig01_execution_risk_validity.png,5f1bc6bfa36af4cb354108222d3752495f7ac5c5ecfc57aeede6073d58ba7e61,5f1bc6bfa36af4cb354108222d3752495f7ac5c5ecfc57aeede6073d58ba7e61,True
output_logs\POST_REFACTOR_BASELINE_FILES_20260727_113547\overall_run\fast\figures\core\fig01_execution_risk_validity.svg,12ebfabecb6bfe56e5031126f7911b9fb8648e97b89ee90407592f73f009aa76,12ebfabecb6bfe56e5031126f7911b9fb8648e97b89ee90407592f73f009aa76,True
output_logs\POST_REFACTOR_BASELINE_FILES_20260727_113547\overall_run\fast\figures\core\fig02_channel_reconstruction.pdf,29e698b8c574bee5404757b1c4cb06ebe9a1b9ce08024a91d7a1c293fd501630,29e698b8c574bee5404757b1c4cb06ebe9a1b9ce08024a91d7a1c293fd501630,True
output_logs\POST_REFACTOR_BASELINE_FILES_20260727_113547\overall_run\fast\figures\core\fig02_channel_reconstruction.png,72e1a561c4f168e2a4509e3765e74e72b712bc060c08e8753f8abd1532eee177,72e1a561c4f168e2a4509e3765e74e72b712bc060c08e8753f8abd1532eee177,True
output_logs\POST_REFACTOR_BASELINE_FILES_20260727_113547\overall_run\fast\figures\core\fig02_channel_reconstruction.svg,cd279725aa90d9178c145565923b7e518f6f70e1ab67c767bd03c8a0f68772e3,cd279725aa90d9178c145565923b7e518f6f70e1ab67c767bd03c8a0f68772e3,True
output_logs\POST_REFACTOR_BASELINE_FILES_20260727_113547\overall_run\fast\figures\core\fig03_action_response_library.pdf,09754e17b77326881ac7a8f0e322a68e1387066e42b104db9834455b7052b224,09754e17b77326881ac7a8f0e322a68e1387066e42b104db9834455b7052b224,True
output_logs\POST_REFACTOR_BASELINE_FILES_20260727_113547\overall_run\fast\figures\core\fig03_action_response_library.png,28ec2ea44f58c8187c2dd35ab0a8b3ee2f52c9c9a3fdf2ea907b776c4cce4349,28ec2ea44f58c8187c2dd35ab0a8b3ee2f52c9c9a3fdf2ea907b776c4cce4349,True
output_logs\POST_REFACTOR_BASELINE_FILES_20260727_113547\overall_run\fast\figures\core\fig03_action_response_library.svg,9639e44cb63e987ddeb33bec865e8f5f3153feefa6a6da77a7fe5e81125b67b4,9639e44cb63e987ddeb33bec865e8f5f3153feefa6a6da77a7fe5e81125b67b4,True
output_logs\POST_REFACTOR_BASELINE_FILES_20260727_113547\overall_run\fast\figures\core\fig04_screening_and_recommendation.pdf,57f1233c66e27d92c4af888aac34c744d21db51c41d7807cf2191bd73c9ad3fb,57f1233c66e27d92c4af888aac34c744d21db51c41d7807cf2191bd73c9ad3fb,True
output_logs\POST_REFACTOR_BASELINE_FILES_20260727_113547\overall_run\fast\figures\core\fig04_screening_and_recommendation.png,e83b1e0787d1d8e16be409a1d611e6ecd6f6bcd8e5dd9799845229a67ccb37b0,e83b1e0787d1d8e16be409a1d611e6ecd6f6bcd8e5dd9799845229a67ccb37b0,True
output_logs\POST_REFACTOR_BASELINE_FILES_20260727_113547\overall_run\fast\figures\core\fig04_screening_and_recommendation.svg,2672ce58072bf079f771ac91acd8a64a148c29f59b7e7f46ace535e6f519e175,2672ce58072bf079f771ac91acd8a64a148c29f59b7e7f46ace535e6f519e175,True
output_logs\POST_REFACTOR_BASELINE_FILES_20260727_113547\overall_run\fast\figures\core\fig05_representative_episode.pdf,d556a5dfac1f15a83665aa8be12ef842b99511bf9daec1a97b0efd70d9f015c4,d556a5dfac1f15a83665aa8be12ef842b99511bf9daec1a97b0efd70d9f015c4,True
output_logs\POST_REFACTOR_BASELINE_FILES_20260727_113547\overall_run\fast\figures\core\fig05_representative_episode.png,d045bba33da5d54574acdb914d68df9412747722d7bf9ddd464b9cf7c9fa3538,d045bba33da5d54574acdb914d68df9412747722d7bf9ddd464b9cf7c9fa3538,True
output_logs\POST_REFACTOR_BASELINE_FILES_20260727_113547\overall_run\fast\figures\core\fig05_representative_episode.svg,a069fa47448534e5589a72961bb6ed9f052dea04d310bdaed71abe3f9bd4af80,a069fa47448534e5589a72961bb6ed9f052dea04d310bdaed71abe3f9bd4af80,True
output_logs\POST_REFACTOR_BASELINE_FILES_20260727_113547\overall_run\fast\figures\figure_metadata.json,92fa99ddae79ca1665c2beeab7f36163116df675faec7d417240915c10fb261b,92fa99ddae79ca1665c2beeab7f36163116df675faec7d417240915c10fb261b,True
output_logs\POST_REFACTOR_BASELINE_FILES_20260727_113547\overall_run\fast\implementation_manifest.json,b87790b326de4b992b911dcf8214e2911e941d7a90ec79edab54598a4e853d30,b87790b326de4b992b911dcf8214e2911e941d7a90ec79edab54598a4e853d30,True
output_logs\POST_REFACTOR_BASELINE_FILES_20260727_113547\overall_run\fast\input_audit.json,ed4ce3bdc70d41a6d5d6492639d678c262db7022dd32206f03303d815e82359c,ed4ce3bdc70d41a6d5d6492639d678c262db7022dd32206f03303d815e82359c,True
output_logs\POST_REFACTOR_BASELINE_FILES_20260727_113547\overall_run\fast\logs\M4_PNB_AUDIT_20260726_233155.log,f41ad65b23ef95bebb9c2a9b52b4de6c0469c6b92f13dc96dff0e94e019bf1e9,f41ad65b23ef95bebb9c2a9b52b4de6c0469c6b92f13dc96dff0e94e019bf1e9,True
output_logs\POST_REFACTOR_BASELINE_FILES_20260727_113547\overall_run\fast\logs\publication.log,fa201c8dfab9b9cd5e9b486829b31f2b11084e47aa6b23fb8f215045691abc9e,fa201c8dfab9b9cd5e9b486829b31f2b11084e47aa6b23fb8f215045691abc9e,True
output_logs\POST_REFACTOR_BASELINE_FILES_20260727_113547\overall_run\fast\m1_predictive_samples\part.parquet,97b757f0159cb3a503ace8cfcd6fbbfd1a743bd8582b8adfaeffc8d64b4c5a2d,97b757f0159cb3a503ace8cfcd6fbbfd1a743bd8582b8adfaeffc8d64b4c5a2d,True
output_logs\POST_REFACTOR_BASELINE_FILES_20260727_113547\overall_run\fast\m1.joblib,422b50378a1f4431813d84efbb0473284debe13fe03bd77864db3da94e026cf2,422b50378a1f4431813d84efbb0473284debe13fe03bd77864db3da94e026cf2,True
output_logs\POST_REFACTOR_BASELINE_FILES_20260727_113547\overall_run\fast\m2.joblib,99706f87155a165196376aa347f65aff045f48f04e8e67c21f09f17a7d13e571,99706f87155a165196376aa347f65aff045f48f04e8e67c21f09f17a7d13e571,True
output_logs\POST_REFACTOR_BASELINE_FILES_20260727_113547\overall_run\fast\m3_action_library.parquet,a4102616b05c97bf69007918df8055c127eb3ebebd8c5605fc6d86dee5fe27bf,a4102616b05c97bf69007918df8055c127eb3ebebd8c5605fc6d86dee5fe27bf,True
output_logs\POST_REFACTOR_BASELINE_FILES_20260727_113547\overall_run\fast\m3_response_audit.parquet,bb10cac470264de366d95f27bc3f7946180ac72ada83d76078a4aca770becc45,bb10cac470264de366d95f27bc3f7946180ac72ada83d76078a4aca770becc45,True
output_logs\POST_REFACTOR_BASELINE_FILES_20260727_113547\overall_run\fast\m3_response_parameters.parquet,7a56abdcfa412ce2d5011ef7e0d9f429be454fe1b10ec186cacd3130e621237a,7a56abdcfa412ce2d5011ef7e0d9f429be454fe1b10ec186cacd3130e621237a,True
output_logs\POST_REFACTOR_BASELINE_FILES_20260727_113547\overall_run\fast\m3_response_samples.parquet,5937bfd7e7f1aa9caaa6b27d938460a366e0d9b766fb4066cfd4047216c71297,5937bfd7e7f1aa9caaa6b27d938460a366e0d9b766fb4066cfd4047216c71297,True
output_logs\POST_REFACTOR_BASELINE_FILES_20260727_113547\overall_run\fast\m3.joblib,f44cd8dfb6faab3e9b58beac3b94e75b94ff3194fd9e00102063538623b31ed0,f44cd8dfb6faab3e9b58beac3b94e75b94ff3194fd9e00102063538623b31ed0,True
output_logs\POST_REFACTOR_BASELINE_FILES_20260727_113547\overall_run\fast\m4_action_scores.parquet,d40ae1c4d1d33375ad90852f4bd4f1607a0cbdac36958e28a38f851a0483c27e,d40ae1c4d1d33375ad90852f4bd4f1607a0cbdac36958e28a38f851a0483c27e,True
output_logs\POST_REFACTOR_BASELINE_FILES_20260727_113547\overall_run\fast\m4_candidate_screen.parquet,94ce944d1878dea1e94cc97958b806bbb769a32829e96aa7a1e461f1c29590f2,94ce944d1878dea1e94cc97958b806bbb769a32829e96aa7a1e461f1c29590f2,True
output_logs\POST_REFACTOR_BASELINE_FILES_20260727_113547\overall_run\fast\m4_rankings.parquet,cf2432f8f9a072663b2a94a9e4d3a2b68e5883fe98394520bc62148bb372c079,cf2432f8f9a072663b2a94a9e4d3a2b68e5883fe98394520bc62148bb372c079,True
output_logs\POST_REFACTOR_BASELINE_FILES_20260727_113547\overall_run\fast\m4_recommendations.parquet,90610836f3219ac8efc9b0b4dec24455a8176e18670717aac639a9e14393ae63,90610836f3219ac8efc9b0b4dec24455a8176e18670717aac639a9e14393ae63,True
output_logs\POST_REFACTOR_BASELINE_FILES_20260727_113547\overall_run\fast\m4.joblib,e2c1e53dfe8b97a013fe96c29adc302d08d2cff46c8cf1b49019e43343711503,e2c1e53dfe8b97a013fe96c29adc302d08d2cff46c8cf1b49019e43343711503,True
output_logs\POST_REFACTOR_BASELINE_FILES_20260727_113547\overall_run\fast\merged_config.json,3fc4d87f4970b5f0d47c5a39885c1fa4c29a186bcd8ddf2fe2a8d07af588a215,3fc4d87f4970b5f0d47c5a39885c1fa4c29a186bcd8ddf2fe2a8d07af588a215,True
output_logs\POST_REFACTOR_BASELINE_FILES_20260727_113547\overall_run\fast\metrics\m1_feature_audit.parquet,72d172d93f89f80621edab72032df29d0f1b4644b84c5b00af05619879d31bcf,72d172d93f89f80621edab72032df29d0f1b4644b84c5b00af05619879d31bcf,True
output_logs\POST_REFACTOR_BASELINE_FILES_20260727_113547\overall_run\fast\metrics\m1_predictions_evaluation.parquet,23687e8b9c32f4d74c13f52943d2fe2b4dc2431b25e9ce0aa60cc625ba2e718f,23687e8b9c32f4d74c13f52943d2fe2b4dc2431b25e9ce0aa60cc625ba2e718f,True
output_logs\POST_REFACTOR_BASELINE_FILES_20260727_113547\overall_run\fast\metrics\m1_summary_evaluation.parquet,4a5382e4002cda3d10fbd03dba679f8d261a0e3a8a631ce03dec2a3321d77d7c,4a5382e4002cda3d10fbd03dba679f8d261a0e3a8a631ce03dec2a3321d77d7c,True
output_logs\POST_REFACTOR_BASELINE_FILES_20260727_113547\overall_run\fast\metrics\m1_tuning.parquet,0084934ae88c92b059e2b1e9e74a62e1d7bcedf72f7dba876c65ccab939d8ef5,0084934ae88c92b059e2b1e9e74a62e1d7bcedf72f7dba876c65ccab939d8ef5,True
output_logs\POST_REFACTOR_BASELINE_FILES_20260727_113547\overall_run\fast\metrics\m2_channel_correlation.parquet,d3bd4c4cedddc814a1c0c1a8f3e8896687be07e2c5ffbf95ffa2c4950bd378fc,d3bd4c4cedddc814a1c0c1a8f3e8896687be07e2c5ffbf95ffa2c4950bd378fc,True
output_logs\POST_REFACTOR_BASELINE_FILES_20260727_113547\overall_run\fast\metrics\m2_channel_summary.parquet,2953e81e22bfe7399f544ddca713737fad303f27c9983e33f2d27a8394614364,2953e81e22bfe7399f544ddca713737fad303f27c9983e33f2d27a8394614364,True
output_logs\POST_REFACTOR_BASELINE_FILES_20260727_113547\overall_run\fast\metrics\m2_summary.parquet,4f4fdfd81bde4264d59332edc590c87ded06f535fcac707b473cad954a6be49c,4f4fdfd81bde4264d59332edc590c87ded06f535fcac707b473cad954a6be49c,True
output_logs\POST_REFACTOR_BASELINE_FILES_20260727_113547\overall_run\fast\metrics\m3_audit.parquet,7270bc2034a7bf9b2fb45af76e15b4d9e033e6f7b74b55f0f4cf0d4fc519e454,7270bc2034a7bf9b2fb45af76e15b4d9e033e6f7b74b55f0f4cf0d4fc519e454,True
output_logs\POST_REFACTOR_BASELINE_FILES_20260727_113547\overall_run\fast\metrics\m4_action_scores.parquet,d40ae1c4d1d33375ad90852f4bd4f1607a0cbdac36958e28a38f851a0483c27e,d40ae1c4d1d33375ad90852f4bd4f1607a0cbdac36958e28a38f851a0483c27e,True
output_logs\POST_REFACTOR_BASELINE_FILES_20260727_113547\overall_run\fast\metrics\m4_physical_screening.parquet,7270bc2034a7bf9b2fb45af76e15b4d9e033e6f7b74b55f0f4cf0d4fc519e454,7270bc2034a7bf9b2fb45af76e15b4d9e033e6f7b74b55f0f4cf0d4fc519e454,True
output_logs\POST_REFACTOR_BASELINE_FILES_20260727_113547\overall_run\fast\metrics\m4_rankings.parquet,cf2432f8f9a072663b2a94a9e4d3a2b68e5883fe98394520bc62148bb372c079,cf2432f8f9a072663b2a94a9e4d3a2b68e5883fe98394520bc62148bb372c079,True
output_logs\POST_REFACTOR_BASELINE_FILES_20260727_113547\overall_run\fast\metrics\representative_episode_selection.parquet,99a552eaf29a92c899ce94f5940426e1c084df056282dd72b3b1a8288abe240f,99a552eaf29a92c899ce94f5940426e1c084df056282dd72b3b1a8288abe240f,True
output_logs\POST_REFACTOR_BASELINE_FILES_20260727_113547\overall_run\fast\model_contract.json,e8bb6f4043cb10facdb0c03f057d3cdd24b0e84771f6f0eeddbda4a02d4f0438,e8bb6f4043cb10facdb0c03f057d3cdd24b0e84771f6f0eeddbda4a02d4f0438,True
output_logs\POST_REFACTOR_BASELINE_FILES_20260727_113547\overall_run\fast\parameter_manifest.json,3d5a9af3457a1a1397692ec804d66a0454264f5f385118ee4564ada5c8e19285,3d5a9af3457a1a1397692ec804d66a0454264f5f385118ee4564ada5c8e19285,True
output_logs\POST_REFACTOR_BASELINE_FILES_20260727_113547\overall_run\fast\parameter_manifest.parquet,f50ec8878d5555b7af0d208f832309765403070fe0f2a08ca41ae545bcfde232,f50ec8878d5555b7af0d208f832309765403070fe0f2a08ca41ae545bcfde232,True
output_logs\POST_REFACTOR_BASELINE_FILES_20260727_113547\overall_run\fast\publication_manifest.json,b19f00f7cc5b7d641e8091d6fcbbe0b3f63f798af6c2982257053a6396710c57,b19f00f7cc5b7d641e8091d6fcbbe0b3f63f798af6c2982257053a6396710c57,True
output_logs\POST_REFACTOR_BASELINE_FILES_20260727_113547\overall_run\fast\run_manifest.json,cf940acc872286cbc180426ce35c3f0e18381d377e3eacbb0c2eb2ca54831601,cf940acc872286cbc180426ce35c3f0e18381d377e3eacbb0c2eb2ca54831601,True
output_logs\POST_REFACTOR_BASELINE_FILES_20260727_113547\overall_run\fast\run_state.json,95175377d1d5f420989f483cc66a4b3513bfbe442ec6154ac2c0054ec93ed856,95175377d1d5f420989f483cc66a4b3513bfbe442ec6154ac2c0054ec93ed856,True
output_logs\POST_REFACTOR_BASELINE_FILES_20260727_113547\overall_run\fast\run_summary.json,65e62ee534ff3fb1789f25954541e165725baca207b95f73e81d106521db0f60,65e62ee534ff3fb1789f25954541e165725baca207b95f73e81d106521db0f60,True
output_logs\POST_REFACTOR_BASELINE_FILES_20260727_113547\overall_run\fast\scientific_gate.json,85a64e5d13c7a3965b2e778d8a338df767a88794569301a158bcdad49e2c517f,85a64e5d13c7a3965b2e778d8a338df767a88794569301a158bcdad49e2c517f,True
output_logs\POST_REFACTOR_BASELINE_FILES_20260727_113547\overall_run\fast\tables\core\figure_metadata.csv,077d3c6c86c6c0b50b4247692d7a154a1d4e0c8d1d14bd6c4919782563b6125b,077d3c6c86c6c0b50b4247692d7a154a1d4e0c8d1d14bd6c4919782563b6125b,True
output_logs\POST_REFACTOR_BASELINE_FILES_20260727_113547\overall_run\fast\tables\core\figure_metadata.parquet,202f9f76a47a6f1dd159887d1fc61fe6d9a7640ccf3faa51f4bba2facad45284,202f9f76a47a6f1dd159887d1fc61fe6d9a7640ccf3faa51f4bba2facad45284,True
output_logs\POST_REFACTOR_BASELINE_FILES_20260727_113547\overall_run\fast\tables\core\m4_a00_concentration_decomposition.csv,d29b9308b87c89281d92cb87d8810c1e0f9401c0c0f46ff3757d5140dd530191,d29b9308b87c89281d92cb87d8810c1e0f9401c0c0f46ff3757d5140dd530191,True
output_logs\POST_REFACTOR_BASELINE_FILES_20260727_113547\overall_run\fast\tables\core\m4_a00_concentration_decomposition.parquet,4c7dd20b137d34043f38d6e54b5791c513f5e8739807774c0dfc69d8ca8e81ec,4c7dd20b137d34043f38d6e54b5791c513f5e8739807774c0dfc69d8ca8e81ec,True
output_logs\POST_REFACTOR_BASELINE_FILES_20260727_113547\overall_run\fast\tables\core\m4_decision_value_decomposition.csv,8e688310017b25356c7eeeb88f8bf9f4e99847fac6c9ef887ea087f80641553f,8e688310017b25356c7eeeb88f8bf9f4e99847fac6c9ef887ea087f80641553f,True
output_logs\POST_REFACTOR_BASELINE_FILES_20260727_113547\overall_run\fast\tables\core\m4_decision_value_decomposition.parquet,31343d862b064a7e0de6d8a88313e64868840cef5626f518ec9d9fc3db9ff8f6,31343d862b064a7e0de6d8a88313e64868840cef5626f518ec9d9fc3db9ff8f6,True
output_logs\POST_REFACTOR_BASELINE_FILES_20260727_113547\overall_run\fast\tables\core\m4_gate_decomposition.csv,9772def4ca1cbd5517714242b0f68068076fe2e6ee25099dc749676b0db125a9,9772def4ca1cbd5517714242b0f68068076fe2e6ee25099dc749676b0db125a9,True
output_logs\POST_REFACTOR_BASELINE_FILES_20260727_113547\overall_run\fast\tables\core\m4_gate_decomposition.parquet,0794a2926624d4b87ae3236df705df978fcf229b0e791368cf320d3f547f61e5,0794a2926624d4b87ae3236df705df978fcf229b0e791368cf320d3f547f61e5,True
output_logs\POST_REFACTOR_BASELINE_FILES_20260727_113547\overall_run\fast\tables\core\m4_score_gap_analysis.csv,053f2ddd99af18e82b5b2c98daf3dda8765f190765c4acb5f66a72f419200504,053f2ddd99af18e82b5b2c98daf3dda8765f190765c4acb5f66a72f419200504,True
output_logs\POST_REFACTOR_BASELINE_FILES_20260727_113547\overall_run\fast\tables\core\m4_score_gap_analysis.parquet,3fb30324f66fba0c02a71a3b18937da90e80d24c9094ed81a4591d7d4dd12ea0,3fb30324f66fba0c02a71a3b18937da90e80d24c9094ed81a4591d7d4dd12ea0,True
output_logs\POST_REFACTOR_BASELINE_FILES_20260727_113547\overall_run\fast\tables\core\m4_snapshot_retained_action_count.csv,ea543bf7a7ef1629d6c8daef978b654359e76ad06a03352228f88d64cd9bf38d,ea543bf7a7ef1629d6c8daef978b654359e76ad06a03352228f88d64cd9bf38d,True
output_logs\POST_REFACTOR_BASELINE_FILES_20260727_113547\overall_run\fast\tables\core\m4_snapshot_retained_action_count.parquet,8f6fdeb3655d2630540089bddc39aa1744f876794384d29b070a95a5108b5714,8f6fdeb3655d2630540089bddc39aa1744f876794384d29b070a95a5108b5714,True
output_logs\POST_REFACTOR_BASELINE_FILES_20260727_113547\overall_run\fast\tables\core\m4_snapshot_retained_action_summary.csv,7ca71a6fdeb42a3acdb02491b3be2b4df5561d01dd4cea8ddd35494886bc39f8,7ca71a6fdeb42a3acdb02491b3be2b4df5561d01dd4cea8ddd35494886bc39f8,True
output_logs\POST_REFACTOR_BASELINE_FILES_20260727_113547\overall_run\fast\tables\core\m4_snapshot_retained_action_summary.parquet,7b7fb9fbb329ba80c5bfd0ddac33b8bc7469b7212103dba45728b81891332e62,7b7fb9fbb329ba80c5bfd0ddac33b8bc7469b7212103dba45728b81891332e62,True
output_logs\POST_REFACTOR_BASELINE_FILES_20260727_113547\overall_run\fast\tables\core\m4_threshold_margin_rows.csv,6608523b3ba1d63671f0be3e7a955b779b7fb172ed5b09c6833cd297acf3aa68,6608523b3ba1d63671f0be3e7a955b779b7fb172ed5b09c6833cd297acf3aa68,True
output_logs\POST_REFACTOR_BASELINE_FILES_20260727_113547\overall_run\fast\tables\core\m4_threshold_margin_rows.parquet,ff530c9e3bcf8bf724f5cda1ea7e956cf8d6604bd6f2211ec35af262fe5877b1,ff530c9e3bcf8bf724f5cda1ea7e956cf8d6604bd6f2211ec35af262fe5877b1,True
output_logs\POST_REFACTOR_BASELINE_FILES_20260727_113547\overall_run\fast\tables\core\m4_threshold_margin_summary.csv,7ec13064f46249970f5df686610c74588ce2c2b596fb9c944c324925404d2f8e,7ec13064f46249970f5df686610c74588ce2c2b596fb9c944c324925404d2f8e,True
output_logs\POST_REFACTOR_BASELINE_FILES_20260727_113547\overall_run\fast\tables\core\m4_threshold_margin_summary.parquet,e262f0f874f8afc17b3e8dbc4b93ba0d21dd7d29dcc2f8028b5608aa495f36c9,e262f0f874f8afc17b3e8dbc4b93ba0d21dd7d29dcc2f8028b5608aa495f36c9,True
output_logs\POST_REFACTOR_BASELINE_FILES_20260727_113547\overall_run\fast\tables\core\table01_m1_distributional_validity.csv,573f85352ae012781b848f198785c85ed0f45ce375d5981219d0d8a5cfda3c9a,573f85352ae012781b848f198785c85ed0f45ce375d5981219d0d8a5cfda3c9a,True
output_logs\POST_REFACTOR_BASELINE_FILES_20260727_113547\overall_run\fast\tables\core\table01_m1_distributional_validity.parquet,bfe6d99b170260384099c9add9118f99b22e77b1f324a2ea335998bb6c633c4b,bfe6d99b170260384099c9add9118f99b22e77b1f324a2ea335998bb6c633c4b,True
output_logs\POST_REFACTOR_BASELINE_FILES_20260727_113547\overall_run\fast\tables\core\table02_interface_acceptance.csv,0b68071be5a4beaee7bb4335afaa44bd1302bf4c0345ae42a30100c38078bbd4,0b68071be5a4beaee7bb4335afaa44bd1302bf4c0345ae42a30100c38078bbd4,True
output_logs\POST_REFACTOR_BASELINE_FILES_20260727_113547\overall_run\fast\tables\core\table02_interface_acceptance.parquet,b9251c86d5c65c0fce7b062dc123ee8436893c81c4777536ac9332733981ac1a,b9251c86d5c65c0fce7b062dc123ee8436893c81c4777536ac9332733981ac1a,True
output_logs\POST_REFACTOR_BASELINE_FILES_20260727_113547\overall_run\fast\tables\core\table03_m2_channel_cost_summary.csv,80a980ffe2021be9ce44b117bc819b59a5524f0ccc907fd1571cfcfa1166c9fe,80a980ffe2021be9ce44b117bc819b59a5524f0ccc907fd1571cfcfa1166c9fe,True
output_logs\POST_REFACTOR_BASELINE_FILES_20260727_113547\overall_run\fast\tables\core\table03_m2_channel_cost_summary.parquet,f8f39ed2d0870734fa27cbbfa383f5d224e49e43c7c46c5926b0a39c531c8e0d,f8f39ed2d0870734fa27cbbfa383f5d224e49e43c7c46c5926b0a39c531c8e0d,True
output_logs\POST_REFACTOR_BASELINE_FILES_20260727_113547\overall_run\fast\tables\core\table04_m3_response_library.csv,75946368aa6a5e3a928bb06550917fb61e928adef4b4f9edfeb04afaf2d0cbd4,75946368aa6a5e3a928bb06550917fb61e928adef4b4f9edfeb04afaf2d0cbd4,True
output_logs\POST_REFACTOR_BASELINE_FILES_20260727_113547\overall_run\fast\tables\core\table04_m3_response_library.parquet,bb10cac470264de366d95f27bc3f7946180ac72ada83d76078a4aca770becc45,bb10cac470264de366d95f27bc3f7946180ac72ada83d76078a4aca770becc45,True
output_logs\POST_REFACTOR_BASELINE_FILES_20260727_113547\overall_run\fast\tables\core\table05_m4_screening_and_recommendation.csv,9d47db931fb1d8264eacb27e55b4e943b9d8e92b81ae6a7df87744d873d7ab57,9d47db931fb1d8264eacb27e55b4e943b9d8e92b81ae6a7df87744d873d7ab57,True
output_logs\POST_REFACTOR_BASELINE_FILES_20260727_113547\overall_run\fast\tables\core\table05_m4_screening_and_recommendation.parquet,6d54b2839860d6e2a15c491cde6826591a87d7977f0ba36f0deb08d44163c52c,6d54b2839860d6e2a15c491cde6826591a87d7977f0ba36f0deb08d44163c52c,True
output_logs\POST_REFACTOR_BASELINE_FILES_20260727_113547\overall_run\fast\tables\optional\table_m3_response_parameters.csv,934f296e6df3ae2bbf87953e5fa12606c0211ad8f38cba4d4260d83728bf1d61,934f296e6df3ae2bbf87953e5fa12606c0211ad8f38cba4d4260d83728bf1d61,True
output_logs\POST_REFACTOR_BASELINE_FILES_20260727_113547\overall_run\fast\tables\optional\table_m3_response_parameters.parquet,7a56abdcfa412ce2d5011ef7e0d9f429be454fe1b10ec186cacd3130e621237a,7a56abdcfa412ce2d5011ef7e0d9f429be454fe1b10ec186cacd3130e621237a,True
output_logs\POST_REFACTOR_BASELINE_FILES_20260727_113547\part_adv\fast\artifact_registry.json,969564952191d924d57ebd57d5d3a8784cb61f77d6c2b545e5779fa16110e8be,969564952191d924d57ebd57d5d3a8784cb61f77d6c2b545e5779fa16110e8be,True
output_logs\POST_REFACTOR_BASELINE_FILES_20260727_113547\part_adv\fast\audit.parquet,ce2ec66c5845340c3f81034f938190ec7f5bd18a3e78644be935a7df6e9a49aa,ce2ec66c5845340c3f81034f938190ec7f5bd18a3e78644be935a7df6e9a49aa,True
output_logs\POST_REFACTOR_BASELINE_FILES_20260727_113547\part_adv\fast\benchmark_action_scores.parquet,ea1ba94a5386f8ae9c7ba528b6cbde30dfe10d9533ab38900fc55ee87b25d8d1,ea1ba94a5386f8ae9c7ba528b6cbde30dfe10d9533ab38900fc55ee87b25d8d1,True
output_logs\POST_REFACTOR_BASELINE_FILES_20260727_113547\part_adv\fast\checkpoints\m1\hist.joblib,b5a12074f0ae4dc3382504418bc3cb41789a1ca886b0a3b8b280a9bcbb95e3db,b5a12074f0ae4dc3382504418bc3cb41789a1ca886b0a3b8b280a9bcbb95e3db,True
output_logs\POST_REFACTOR_BASELINE_FILES_20260727_113547\part_adv\fast\checkpoints\m1\hist.json,62caf532a9e64551ae78d5855ca85ee226e6605aceb5b0114670a9a40d1a5242,62caf532a9e64551ae78d5855ca85ee226e6605aceb5b0114670a9a40d1a5242,True
output_logs\POST_REFACTOR_BASELINE_FILES_20260727_113547\part_adv\fast\checkpoints\m1\ngb.joblib,f25071ac9fe96d4bc4d3f62f8a644a606ca4930798aa2c9fd7af7cbe106ebe7d,f25071ac9fe96d4bc4d3f62f8a644a606ca4930798aa2c9fd7af7cbe106ebe7d,True
output_logs\POST_REFACTOR_BASELINE_FILES_20260727_113547\part_adv\fast\checkpoints\m1\ngb.json,8adda04756c7435f300cb88d9ff5c97233819eccd9bc9967dabd507ed17c1151,8adda04756c7435f300cb88d9ff5c97233819eccd9bc9967dabd507ed17c1151,True
output_logs\POST_REFACTOR_BASELINE_FILES_20260727_113547\part_adv\fast\checkpoints\m1\point_oof.joblib,8337be88cf4c698d4577bcf58f17b83ebb0ba96d2065de8cbc7f8bba62299fc6,8337be88cf4c698d4577bcf58f17b83ebb0ba96d2065de8cbc7f8bba62299fc6,True
output_logs\POST_REFACTOR_BASELINE_FILES_20260727_113547\part_adv\fast\checkpoints\m1\point_oof.json,5d532a50cac9f191f3ea87edce986390f838034bab89deb3eab87fef0905864b,5d532a50cac9f191f3ea87edce986390f838034bab89deb3eab87fef0905864b,True
output_logs\POST_REFACTOR_BASELINE_FILES_20260727_113547\part_adv\fast\checkpoints\m1\prop.joblib,dcf617585b4bb877fffbc8447a77e80dfcc1080c5fdc44848f644e642bd1ecca,dcf617585b4bb877fffbc8447a77e80dfcc1080c5fdc44848f644e642bd1ecca,True
output_logs\POST_REFACTOR_BASELINE_FILES_20260727_113547\part_adv\fast\checkpoints\m1\prop.json,8fb9b395623d287eddf425606780098197b54c198c55688f9dedc5f419dc3e53,8fb9b395623d287eddf425606780098197b54c198c55688f9dedc5f419dc3e53,True
output_logs\POST_REFACTOR_BASELINE_FILES_20260727_113547\part_adv\fast\checkpoints\m1\qrf.joblib,030af3aaf524b7d721ed9a8ab4f7e78740541d7774ee03fa3ed353a80a5d0a77,030af3aaf524b7d721ed9a8ab4f7e78740541d7774ee03fa3ed353a80a5d0a77,True
output_logs\POST_REFACTOR_BASELINE_FILES_20260727_113547\part_adv\fast\checkpoints\m1\qrf.json,2e80abb0ea41e2088649044348e3850efb6cf199c4bc72d7a1ad848b40fdbb6b,2e80abb0ea41e2088649044348e3850efb6cf199c4bc72d7a1ad848b40fdbb6b,True
output_logs\POST_REFACTOR_BASELINE_FILES_20260727_113547\part_adv\fast\common_support_cohort.json,b53a41d5d1092787e80d1fdf6e9ea089e01d30fb267a42f94fe431cf7bdcac03,b53a41d5d1092787e80d1fdf6e9ea089e01d30fb267a42f94fe431cf7bdcac03,True
output_logs\POST_REFACTOR_BASELINE_FILES_20260727_113547\part_adv\fast\figures\fig01_m1_predictive_and_downstream.pdf,cd8f7866d0943fce75db11ac4f9c3fab24996fa41a7f7160648a870a9ba2ab1d,cd8f7866d0943fce75db11ac4f9c3fab24996fa41a7f7160648a870a9ba2ab1d,True
output_logs\POST_REFACTOR_BASELINE_FILES_20260727_113547\part_adv\fast\figures\fig01_m1_predictive_and_downstream.png,f95b98a0ca8d13b38ebe15e2bec653b8d4a2816522f87b78de280600d025bade,f95b98a0ca8d13b38ebe15e2bec653b8d4a2816522f87b78de280600d025bade,True
output_logs\POST_REFACTOR_BASELINE_FILES_20260727_113547\part_adv\fast\figures\fig01_m1_predictive_and_downstream.svg,7230f8ffa7981eec8378063380755e7b838c39b3eb9c566ada1654ed3963a14d,7230f8ffa7981eec8378063380755e7b838c39b3eb9c566ada1654ed3963a14d,True
output_logs\POST_REFACTOR_BASELINE_FILES_20260727_113547\part_adv\fast\figures\fig02_m2_structure_and_sensitivity.pdf,dcb87216ab3271224ddb0b9d77497437eaa14512d29fc0ebd7a9c7e07983c2ca,dcb87216ab3271224ddb0b9d77497437eaa14512d29fc0ebd7a9c7e07983c2ca,True
output_logs\POST_REFACTOR_BASELINE_FILES_20260727_113547\part_adv\fast\figures\fig02_m2_structure_and_sensitivity.png,a34e8f780d4654ad8eb93b0566a6ba9ea19b36363457dc6774f68bc2843e1e58,a34e8f780d4654ad8eb93b0566a6ba9ea19b36363457dc6774f68bc2843e1e58,True
output_logs\POST_REFACTOR_BASELINE_FILES_20260727_113547\part_adv\fast\figures\fig02_m2_structure_and_sensitivity.svg,884b3abbd0ff31dabcc9e67c2164ffc5ad979630b30632c0c39358458a0408b3,884b3abbd0ff31dabcc9e67c2164ffc5ad979630b30632c0c39358458a0408b3,True
output_logs\POST_REFACTOR_BASELINE_FILES_20260727_113547\part_adv\fast\figures\fig03_m4_risk_tradeoff.pdf,27fb49be025599c9ed9790c357eb4053055437e9de48015ed407cdaa744fa4a0,27fb49be025599c9ed9790c357eb4053055437e9de48015ed407cdaa744fa4a0,True
output_logs\POST_REFACTOR_BASELINE_FILES_20260727_113547\part_adv\fast\figures\fig03_m4_risk_tradeoff.png,d16885fd1aba34cb06f6be6327a5a03551057c2eded7a0f8c0da22388670d4a0,d16885fd1aba34cb06f6be6327a5a03551057c2eded7a0f8c0da22388670d4a0,True
output_logs\POST_REFACTOR_BASELINE_FILES_20260727_113547\part_adv\fast\figures\fig03_m4_risk_tradeoff.svg,2c3cd571e86338df6158d147c722a979bc54d23256abf7a34ca8cec6475eed37,2c3cd571e86338df6158d147c722a979bc54d23256abf7a34ca8cec6475eed37,True
output_logs\POST_REFACTOR_BASELINE_FILES_20260727_113547\part_adv\fast\input_adapter\m1_model_frame.parquet,7eabe93df0d81d5881bda3351ed3b197aca12afdf6d238649a43b50045149bc3,7eabe93df0d81d5881bda3351ed3b197aca12afdf6d238649a43b50045149bc3,True
output_logs\POST_REFACTOR_BASELINE_FILES_20260727_113547\part_adv\fast\logs\run.log,6f165b5e683915ef191222b3799ece493671f9aa2355c584793df558614fdc92,6f165b5e683915ef191222b3799ece493671f9aa2355c584793df558614fdc92,True
output_logs\POST_REFACTOR_BASELINE_FILES_20260727_113547\part_adv\fast\m1_models.joblib,2a5e8fb69a3811d186368609e9bbe3f432c495527a311d98d1da127d2fa659ca,2a5e8fb69a3811d186368609e9bbe3f432c495527a311d98d1da127d2fa659ca,True
output_logs\POST_REFACTOR_BASELINE_FILES_20260727_113547\part_adv\fast\m1\m1_downstream_propagation.parquet,71ed5c9f239e6f680ba5b96f39a8dd99a848ac711683121bfa7ec2fb25c9cebd,71ed5c9f239e6f680ba5b96f39a8dd99a848ac711683121bfa7ec2fb25c9cebd,True
output_logs\POST_REFACTOR_BASELINE_FILES_20260727_113547\part_adv\fast\m1\m1_downstream_results.parquet,024f8574c99bd74dbc49e65ef3553b6193bd26c13a8e30e405e801f6ac8239ff,024f8574c99bd74dbc49e65ef3553b6193bd26c13a8e30e405e801f6ac8239ff,True
output_logs\POST_REFACTOR_BASELINE_FILES_20260727_113547\part_adv\fast\m1\m1_model_metrics.parquet,0c22b37e0043a4e05f999cf64f7ff1c2afb1a1bfbd3d6807f209b5a05a3cf52b,0c22b37e0043a4e05f999cf64f7ff1c2afb1a1bfbd3d6807f209b5a05a3cf52b,True
output_logs\POST_REFACTOR_BASELINE_FILES_20260727_113547\part_adv\fast\m1\m1_pairwise_decomposition.parquet,914e42bfb962f340e9b86aed1ead24bc5864704209b1879e4deb3bcafc99ea75,914e42bfb962f340e9b86aed1ead24bc5864704209b1879e4deb3bcafc99ea75,True
output_logs\POST_REFACTOR_BASELINE_FILES_20260727_113547\part_adv\fast\m1\m1_predictions.parquet,ed92b7982f27f7485f7744516dbecb2b7867d22346ba661254421beaec0a18a8,ed92b7982f27f7485f7744516dbecb2b7867d22346ba661254421beaec0a18a8,True
output_logs\POST_REFACTOR_BASELINE_FILES_20260727_113547\part_adv\fast\m1\m1_predictive_samples.parquet,11bd76f73c85e226ec804b3e887c5335d8088e5c65f901b8c52f53ab8129ed76,11bd76f73c85e226ec804b3e887c5335d8088e5c65f901b8c52f53ab8129ed76,True
output_logs\POST_REFACTOR_BASELINE_FILES_20260727_113547\part_adv\fast\m1\m1_propagated_cost_samples.parquet,7116f881c9cb842c9cd3440cc801ba180bc46f2f67c53cae7fd5eb99c81c0308,7116f881c9cb842c9cd3440cc801ba180bc46f2f67c53cae7fd5eb99c81c0308,True
output_logs\POST_REFACTOR_BASELINE_FILES_20260727_113547\part_adv\fast\m1\m4_selection_path.parquet,9f925e901b516f0baf6b1e2e9326f6c22831dd959bbbdfc35a03c525412e7fa0,9f925e901b516f0baf6b1e2e9326f6c22831dd959bbbdfc35a03c525412e7fa0,True
output_logs\POST_REFACTOR_BASELINE_FILES_20260727_113547\part_adv\fast\m2\m2_downstream_stability.parquet,ce06addf0bc30abb19d0e2d093808716fe337f7538be7329a0d7c38faa75f9c4,ce06addf0bc30abb19d0e2d093808716fe337f7538be7329a0d7c38faa75f9c4,True
output_logs\POST_REFACTOR_BASELINE_FILES_20260727_113547\part_adv\fast\m2\m2_sensitivity_results.parquet,e997de1513b1f6ad6ec2ed6b0364f00fdf4ca24b0a0acad104988130f2a3c044,e997de1513b1f6ad6ec2ed6b0364f00fdf4ca24b0a0acad104988130f2a3c044,True
output_logs\POST_REFACTOR_BASELINE_FILES_20260727_113547\part_adv\fast\m2\m2_structure_comparison.parquet,a436652c2bbfd9357bf4c97f064184843df15deaf68687846689ee7d54e3b19f,a436652c2bbfd9357bf4c97f064184843df15deaf68687846689ee7d54e3b19f,True
output_logs\POST_REFACTOR_BASELINE_FILES_20260727_113547\part_adv\fast\m4_common_support_cohort.parquet,614814d4f8a546ea67f3702e2dc410f9bdb78a8ab1877e2b6c1bf489423f44f5,614814d4f8a546ea67f3702e2dc410f9bdb78a8ab1877e2b6c1bf489423f44f5,True
output_logs\POST_REFACTOR_BASELINE_FILES_20260727_113547\part_adv\fast\m4\m4_variant_metrics.parquet,9cad3a69384c15b792fd045072d08ca1823dbd33a374c72ea480f8a161e6a0e4,9cad3a69384c15b792fd045072d08ca1823dbd33a374c72ea480f8a161e6a0e4,True
output_logs\POST_REFACTOR_BASELINE_FILES_20260727_113547\part_adv\fast\m4\m4_variant_scores.parquet,41d6a6e7f28bcbd82e7af0c3d6cf48d4a69f8f173e52e3ed7d459db4bdfdf2f1,41d6a6e7f28bcbd82e7af0c3d6cf48d4a69f8f173e52e3ed7d459db4bdfdf2f1,True
output_logs\POST_REFACTOR_BASELINE_FILES_20260727_113547\part_adv\fast\model_progress.json,eb45caca45a731df376298b56838b321d0ec2fed7ed52cf15a742f23ee6ab739,eb45caca45a731df376298b56838b321d0ec2fed7ed52cf15a742f23ee6ab739,True
output_logs\POST_REFACTOR_BASELINE_FILES_20260727_113547\part_adv\fast\run_state.json,1e6584eb317bd3acf95b475c7fb33e3f0f4b5033a63d119cbfcd7226be6f92c0,1e6584eb317bd3acf95b475c7fb33e3f0f4b5033a63d119cbfcd7226be6f92c0,True
output_logs\POST_REFACTOR_BASELINE_FILES_20260727_113547\part_adv\fast\run_summary.json,1e94f52a781be504e3e155339bda1abad2bdfe282a0177a894fa71839606cf76,1e94f52a781be504e3e155339bda1abad2bdfe282a0177a894fa71839606cf76,True
pre\output\fast\acceptance.json,470a0febaf782aa80dac83247a9736915ac7cd36f893c0ff44a1243ed86be78a,470a0febaf782aa80dac83247a9736915ac7cd36f893c0ff44a1243ed86be78a,True
pre\output\fast\artifact_registry.json,1e5002a92e4ebf165b396b63619222e634cd25120e7012362f0401abfdabbf80,1e5002a92e4ebf165b396b63619222e634cd25120e7012362f0401abfdabbf80,True
pre\output\fast\artifacts\airport_reference.parquet,640921f91b28f729dd63ab220990dce2ed9ebda7f6de106ae496482649642f6b,640921f91b28f729dd63ab220990dce2ed9ebda7f6de106ae496482649642f6b,True
pre\output\fast\artifacts\flow_reference.parquet,7300116c452bd08ee67aff68ae6bfa02d352e57f177bbc93707993883bd2fbed,7300116c452bd08ee67aff68ae6bfa02d352e57f177bbc93707993883bd2fbed,True
pre\output\fast\artifacts\label_clipping_bounds.json,685a7dd9a6532dd6014b8fb848224f180f2e54c0129f942aa30801a9db982d02,685a7dd9a6532dd6014b8fb848224f180f2e54c0129f942aa30801a9db982d02,True
pre\output\fast\artifacts\movement_time_reference.parquet,ead034d4513a0540328157f309072d280a0cd3443bfeb8aceb0cc9217624b63e,ead034d4513a0540328157f309072d280a0cd3443bfeb8aceb0cc9217624b63e,True
pre\output\fast\artifacts\passenger_reference_period_audit.parquet,3696b81dc17291b3fa9309a243186640ace5a32e6e8d94bb360576d793ad3158,3696b81dc17291b3fa9309a243186640ace5a32e6e8d94bb360576d793ad3158,True
pre\output\fast\artifacts\passenger_reference.parquet,ec168197a4df847a68e89b6a886afed8602f260da737355024140940c78c3c6b,ec168197a4df847a68e89b6a886afed8602f260da737355024140940c78c3c6b,True
pre\output\fast\artifacts\turnaround_reference.parquet,a94039bb179bdde40944a1a2c356c2fc22e43e1019d5e0ec77cea6d0d9d19086,a94039bb179bdde40944a1a2c356c2fc22e43e1019d5e0ec77cea6d0d9d19086,True
pre\output\fast\artifacts\weather_climatology.parquet,a41a92ed0c1da9057ef53bfd2e4a2fd5fa2e901d74c6548d65b8ccc4d611d357,a41a92ed0c1da9057ef53bfd2e4a2fd5fa2e901d74c6548d65b8ccc4d611d357,True
pre\output\fast\calibration.parquet,4522bdd95e29c2213f5a14e99b9f43c4d214963f86a123f2b70fb4b5a6e4537d,4522bdd95e29c2213f5a14e99b9f43c4d214963f86a123f2b70fb4b5a6e4537d,True
pre\output\fast\checkpoints\01_2.1_load_public_sources.json,a6e35e7506c1d62f5a3bf31c990cb0031c11e055e21eecdbb6a1be14b4d06024,a6e35e7506c1d62f5a3bf31c990cb0031c11e055e21eecdbb6a1be14b4d06024,True
pre\output\fast\checkpoints\02_2.2_build_episodes_and_references.json,b4ee1792c82a06379926d9425c44e930d6216d39dfd5e98e182b558e42657e85,b4ee1792c82a06379926d9425c44e930d6216d39dfd5e98e182b558e42657e85,True
pre\output\fast\checkpoints\03_2.3_build_snapshot_requests.json,e0178428b52193b61d339a2e34f9d32c2c29010641865fdc6a747029d7488c0a,e0178428b52193b61d339a2e34f9d32c2c29010641865fdc6a747029d7488c0a,True
pre\output\fast\checkpoints\04_2.4_extract_candidate_state_2.5_build_airport_flow_cache.json,5c52d621776f3ebecbf50cabf94386b60bc8e5f50a3dade8df870c7f41543327,5c52d621776f3ebecbf50cabf94386b60bc8e5f50a3dade8df870c7f41543327,True
pre\output\fast\checkpoints\05_2.6_attach_state_features.json,0598688f7ec32f88e7ceaef20786a2ff0c3e1cf359635f6d47dab34765a561f4,0598688f7ec32f88e7ceaef20786a2ff0c3e1cf359635f6d47dab34765a561f4,True
pre\output\fast\checkpoints\06_2.7_attach_weather.json,336f06661253edc083adf03c6963d4c9596417026632384406cccf33289653f6,336f06661253edc083adf03c6963d4c9596417026632384406cccf33289653f6,True
pre\output\fast\checkpoints\07_2.8_attach_flow.json,8e82fd2ca7f73a32794951ced4cec642d5801d9c2d6864e3ddf5f06a4726ca1a,8e82fd2ca7f73a32794951ced4cec642d5801d9c2d6864e3ddf5f06a4726ca1a,True
pre\output\fast\checkpoints\08_2.9_attach_calibration_and_rules.json,dc28d5844ee101a8a1fa6456cd838ac9d87d4da17d1219e7c02fa0ad4464d4bb,dc28d5844ee101a8a1fa6456cd838ac9d87d4da17d1219e7c02fa0ad4464d4bb,True
pre\output\fast\checkpoints\09_2.10_export_five_table_contract.json,08a04b7b4a3bb5a0ec8f8bb240c5bda8654f4e1ab150a4fd3e12f92500ed488f,08a04b7b4a3bb5a0ec8f8bb240c5bda8654f4e1ab150a4fd3e12f92500ed488f,True
pre\output\fast\episodes.parquet,212bc1132818486a0dd71bd6c7920059b4778417eebe91b1eb7a26345ca4ef93,212bc1132818486a0dd71bd6c7920059b4778417eebe91b1eb7a26345ca4ef93,True
pre\output\fast\evidence_audit.parquet,3d89704221288bad593e9eb32b836439f404c838d110fb5db6a75bfc553c83f7,3d89704221288bad593e9eb32b836439f404c838d110fb5db6a75bfc553c83f7,True
pre\output\fast\fast_month_selection_audit.csv,86369f45a998ba041745489e6046e8b28cf83b5a3f4fb7d1e4b4311562f3b190,86369f45a998ba041745489e6046e8b28cf83b5a3f4fb7d1e4b4311562f3b190,True
pre\output\fast\intermediate\snapshot_state_requests.parquet,d0e3a59b54af603c32f09d9272a3953e7ae2fbb86561fec2eadd3436d547ff6a,d0e3a59b54af603c32f09d9272a3953e7ae2fbb86561fec2eadd3436d547ff6a,True
pre\output\fast\logs\run.log,4e268644bdde9f91d3843d322f7bf58c5aa4d0fc67734de6299b41e57f8c8560,4e268644bdde9f91d3843d322f7bf58c5aa4d0fc67734de6299b41e57f8c8560,True
pre\output\fast\manifests\fast_subset_manifest.csv,27cbb73abb0e1ada881ae67781242265cf9d8b2cd7b3661d744e483b7bcdce55,27cbb73abb0e1ada881ae67781242265cf9d8b2cd7b3661d744e483b7bcdce55,True
pre\output\fast\manifests\fast_subset_manifest.parquet,908e2c1cb58d02aafde2b4b275fb38aa274efaa9fe957a666f3a61ad6805f726,908e2c1cb58d02aafde2b4b275fb38aa274efaa9fe957a666f3a61ad6805f726,True
pre\output\fast\manifests\pre_manifest.json,dfd97c34b28679149394b8b74282070810a5bc442034919e5a38c34c77300867,dfd97c34b28679149394b8b74282070810a5bc442034919e5a38c34c77300867,True
pre\output\fast\manifests\raw_inventory.parquet,f2b75c24362adf86e814398b7742d50c4363c210b18b9c4b92f8913d2e06dd23,f2b75c24362adf86e814398b7742d50c4363c210b18b9c4b92f8913d2e06dd23,True
pre\output\fast\manifests\state_vector_coverage_calendar.parquet,76c4bd0e0b504db9967d5f50467af4b261dee2a6bcdf318531b70a20c44eace4,76c4bd0e0b504db9967d5f50467af4b261dee2a6bcdf318531b70a20c44eace4,True
pre\output\fast\passenger_fallback_distribution.parquet,43ee0f795440d1dac8cea622d148ef3b4a7b373e6b75897629146e3a4b86d864,43ee0f795440d1dac8cea622d148ef3b4a7b373e6b75897629146e3a4b86d864,True
pre\output\fast\PASSENGER_MONTH_FAST_REPORT.md,e1a0c529c9a7660a944442166d4aed8bb4b4ea4f5508443fd5d2132a9e6d4754,e1a0c529c9a7660a944442166d4aed8bb4b4ea4f5508443fd5d2132a9e6d4754,True
pre\output\fast\PASSENGER_MONTH_FAST_SUMMARY.json,bafdcfac754b2085c68c970f72b04890e755975ba2b3c2ea1b1554d1272d2b1d,bafdcfac754b2085c68c970f72b04890e755975ba2b3c2ea1b1554d1272d2b1d,True
pre\output\fast\passenger_support_by_airport.parquet,1657cb46a1466750bfb4a8b422f26a8ab979c31fdbeabc30ee947e217e59c498,1657cb46a1466750bfb4a8b422f26a8ab979c31fdbeabc30ee947e217e59c498,True
pre\output\fast\passenger_support_by_source_period.parquet,b066545ca4c17b643b4b9c625eb33a633e31a35541a24d9c002615a4f5ab1105,b066545ca4c17b643b4b9c625eb33a633e31a35541a24d9c002615a4f5ab1105,True
pre\output\fast\passenger_support_by_split.parquet,f7bda5d736f5e364e1019dac054b76928584a444c84d179c840b0e9061163baf,f7bda5d736f5e364e1019dac054b76928584a444c84d179c840b0e9061163baf,True
pre\output\fast\reports\cache_manifest.json,c01ea9746241aa0135a0c9a8527f83e570d8ec52d3547c58e6b2b5d915936725,c01ea9746241aa0135a0c9a8527f83e570d8ec52d3547c58e6b2b5d915936725,True
pre\output\fast\reports\consumer_cohort_readiness.parquet,479997725d036f725d9ffb7b3d00c88c898d0e483b1c65b2bb81060fbc370caa,479997725d036f725d9ffb7b3d00c88c898d0e483b1c65b2bb81060fbc370caa,True
pre\output\fast\reports\consumer_input_matrix.parquet,23c359558565d7d018231f630c05ea84c2365060a48c9bf978e35f34621616b9,23c359558565d7d018231f630c05ea84c2365060a48c9bf978e35f34621616b9,True
pre\output\fast\reports\consumer_readiness.json,22a572b8ae774aa3ee7de3284f276cd5d4f746bd549b4c306fdbc3b6ea30f82c,22a572b8ae774aa3ee7de3284f276cd5d4f746bd549b4c306fdbc3b6ea30f82c,True
pre\output\fast\reports\leakage_checks.json,26dee02593eab8008adae5d8575cf8cedf45033f7d0a547b6a7750a0eb71ceba,26dee02593eab8008adae5d8575cf8cedf45033f7d0a547b6a7750a0eb71ceba,True
pre\output\fast\reports\missingness_by_table.parquet,0028a0656f93575ff0f432e9db705301b82e0fd8e945e7266da6b28d1565c241,0028a0656f93575ff0f432e9db705301b82e0fd8e945e7266da6b28d1565c241,True
pre\output\fast\reports\passenger_fallback_audit.parquet,70d9e66545a43e42796b7ae5f2b1febdf488151b9d96168107a852de962e16a3,70d9e66545a43e42796b7ae5f2b1febdf488151b9d96168107a852de962e16a3,True
pre\output\fast\reports\passenger_fallback_distribution.parquet,43ee0f795440d1dac8cea622d148ef3b4a7b373e6b75897629146e3a4b86d864,43ee0f795440d1dac8cea622d148ef3b4a7b373e6b75897629146e3a4b86d864,True
pre\output\fast\reports\PASSENGER_MONTH_FAST_REPORT.md,e1a0c529c9a7660a944442166d4aed8bb4b4ea4f5508443fd5d2132a9e6d4754,e1a0c529c9a7660a944442166d4aed8bb4b4ea4f5508443fd5d2132a9e6d4754,True
pre\output\fast\reports\PASSENGER_MONTH_FAST_SUMMARY.json,bafdcfac754b2085c68c970f72b04890e755975ba2b3c2ea1b1554d1272d2b1d,bafdcfac754b2085c68c970f72b04890e755975ba2b3c2ea1b1554d1272d2b1d,True
pre\output\fast\reports\passenger_support_by_airport.parquet,1657cb46a1466750bfb4a8b422f26a8ab979c31fdbeabc30ee947e217e59c498,1657cb46a1466750bfb4a8b422f26a8ab979c31fdbeabc30ee947e217e59c498,True
pre\output\fast\reports\passenger_support_by_source_period.parquet,b066545ca4c17b643b4b9c625eb33a633e31a35541a24d9c002615a4f5ab1105,b066545ca4c17b643b4b9c625eb33a633e31a35541a24d9c002615a4f5ab1105,True
pre\output\fast\reports\passenger_support_by_split.parquet,f7bda5d736f5e364e1019dac054b76928584a444c84d179c840b0e9061163baf,f7bda5d736f5e364e1019dac054b76928584a444c84d179c840b0e9061163baf,True
pre\output\fast\reports\pre_acceptance.json,470a0febaf782aa80dac83247a9736915ac7cd36f893c0ff44a1243ed86be78a,470a0febaf782aa80dac83247a9736915ac7cd36f893c0ff44a1243ed86be78a,True
pre\output\fast\reports\reference_fallback.parquet,7c872580955bd8382b7a32b8159dfc0c15400cd4ad5cd95354bac85a0476dba2,7c872580955bd8382b7a32b8159dfc0c15400cd4ad5cd95354bac85a0476dba2,True
pre\output\fast\reports\stage_runtime.parquet,01686db3288fafe4807a6a09d50a5a3b496bde7e88ed43a48bcb0aec6e1bbef1,01686db3288fafe4807a6a09d50a5a3b496bde7e88ed43a48bcb0aec6e1bbef1,True
pre\output\fast\reports\state_vector_extraction.parquet,97597b05c75d3d34e4e21f45f9fce113e2d23a9788cc810aa61705a866632121,97597b05c75d3d34e4e21f45f9fce113e2d23a9788cc810aa61705a866632121,True
pre\output\fast\reports\validation.json,d6f71ee3a08f4fb54a3666ac1c5d40dcca168a76e0db16ba221c5f61f14bc93b,d6f71ee3a08f4fb54a3666ac1c5d40dcca168a76e0db16ba221c5f61f14bc93b,True
pre\output\fast\rules.parquet,d5f65216ea85e718654cf3e1cedb10a1ad63b56d1722a211538cb00ca59068ea,d5f65216ea85e718654cf3e1cedb10a1ad63b56d1722a211538cb00ca59068ea,True
pre\output\fast\run_state.json,f0e8672b0b273f4dc95f27c3063c3dc03506e1430334b010fcae1a0616eb503d,f0e8672b0b273f4dc95f27c3063c3dc03506e1430334b010fcae1a0616eb503d,True
pre\output\fast\run_summary.json,4e268644bdde9f91d3843d322f7bf58c5aa4d0fc67734de6299b41e57f8c8560,4e268644bdde9f91d3843d322f7bf58c5aa4d0fc67734de6299b41e57f8c8560,True
pre\output\fast\snapshots.parquet,667d322a500b970bc09bfda83d5d14d72c4b7a933f22e8036de943c6af8bf239,667d322a500b970bc09bfda83d5d14d72c4b7a933f22e8036de943c6af8bf239,True
