table_or_source,actual_column,source_column,dtype,unit,nonmissing_count,missing_rate,unique_count,example_values,time_semantics,availability_semantics,current_consumers,candidate_roles,proposed_preprocessing,retain_status,alias_target,evidence_support,notes
episodes,episode_id,episode_id,object,unspecified,43985,0.0,43985,"[""a043dd9fe069fc65283ce0e27d6eb0da"", ""27f8742e8c55777f09fe7ed57ed6eedf"", ""34dfa662c847f97383282579ab2ee2bf""]",not_time,derived_or_not_applicable,overall_run|part_adv,IDENTITY|CATEGORICAL,normalize_explicitly; encode_downstream; keep_missing_category,RETAIN,,DERIVED_OR_PUBLISHED,accepted_fast_2026-08-03
episodes,flight_id,flight_id,object,unspecified,43985,0.0,43985,"[""a043dd9fe069fc65283ce0e27d6eb0da"", ""27f8742e8c55777f09fe7ed57ed6eedf"", ""34dfa662c847f97383282579ab2ee2bf""]",not_time,derived_or_not_applicable,overall_run|part_adv,IDENTITY|CATEGORICAL,normalize_explicitly; encode_downstream; keep_missing_category,RETAIN,,DERIVED_OR_PUBLISHED,accepted_fast_2026-08-03
episodes,icao24,icao24,object,unspecified,43985,0.0,5770,"[""770592"", ""48436e"", ""4851f5""]",not_time,derived_or_not_applicable,overall_run|part_adv,IDENTITY|CATEGORICAL,normalize_explicitly; encode_downstream; keep_missing_category,RETAIN,,DERIVED_OR_PUBLISHED,accepted_fast_2026-08-03
episodes,origin,origin,object,unspecified,43985,0.0,474,"["""", ""EHAM"", ""EDDF""]",not_time,derived_or_not_applicable,overall_run|part_adv|M1,IDENTITY|CATEGORICAL,normalize_explicitly; encode_downstream; keep_missing_category,RETAIN,,DERIVED_OR_PUBLISHED,accepted_fast_2026-08-03
episodes,destination,destination,object,unspecified,43985,0.0,6,"[""EDDF"", ""EHAM"", ""LEMD""]",not_time,derived_or_not_applicable,overall_run|part_adv|M1,IDENTITY|CATEGORICAL,normalize_explicitly; encode_downstream; keep_missing_category,RETAIN,,DERIVED_OR_PUBLISHED,accepted_fast_2026-08-03
episodes,airport,airport,object,unspecified,43985,0.0,6,"[""EDDF"", ""EHAM"", ""LEMD""]",not_time,derived_or_not_applicable,overall_run|part_adv|M1,IDENTITY|CATEGORICAL,normalize_explicitly; encode_downstream; keep_missing_category,RETAIN,,DERIVED_OR_PUBLISHED,accepted_fast_2026-08-03
episodes,firstseen_utc,firstseen_utc,"datetime64[ns, UTC]",unspecified,43985,0.0,42780,"[""2022-04-30 02:57:44+00:00"", ""2022-04-30 07:22:34+00:00"", ""2022-04-30 11:01:47+00:00""]",event_or_decision_time_utc,derived_or_not_applicable,overall_run|part_adv,TIME,parse_utc_or_period; preserve_original,RETAIN,,DERIVED_OR_PUBLISHED,accepted_fast_2026-08-03
episodes,lastseen_utc,lastseen_utc,"datetime64[ns, UTC]",unspecified,43985,0.0,42696,"[""2022-05-01 05:38:09+00:00"", ""2022-05-01 03:44:22+00:00"", ""2022-05-01 06:49:29+00:00""]",event_or_decision_time_utc,derived_or_not_applicable,overall_run|part_adv,TIME|FORBIDDEN_MODEL_INPUT,retain_for_label_or_audit; exclude_from_model_features,RETAIN,,DERIVED_OR_PUBLISHED,accepted_fast_2026-08-03
episodes,split,split,object,unspecified,28241,0.3579402068887121,3,"[""train"", ""validation"", ""test""]",not_time,derived_or_not_applicable,overall_run|part_adv,CATEGORICAL,normalize_explicitly; encode_downstream; keep_missing_category,RETAIN,,DERIVED_OR_PUBLISHED,accepted_fast_2026-08-03
episodes,observed_movement_time,observed_movement_time,float64,unspecified,43985,0.0,15924,"[""1600.4166666666667"", ""1221.8"", ""1187.7""]",not_time,derived_or_not_applicable,overall_run|part_adv,TIME,parse_utc_or_period; preserve_original,RETAIN,,DERIVED_OR_PUBLISHED,accepted_fast_2026-08-03
episodes,reference_movement_time,reference_movement_time,float64,unspecified,15851,0.6396271456178242,2934,"[""461.6333333333333"", ""553.2333333333333"", ""431.45""]",not_time,derived_or_not_applicable,overall_run|part_adv,TIME|REFERENCE,parse_utc_or_period; preserve_original,RETAIN,,DERIVED_OR_PUBLISHED,accepted_fast_2026-08-03
episodes,y_movement_raw,y_movement_raw,float64,unspecified,15851,0.6396271456178242,8468,"[""-314.98333333333335"", ""0.0"", ""-2.4166666666666856""]",not_time,derived_or_not_applicable,overall_run|part_adv,LABEL|TARGET_SOURCE|FORBIDDEN_MODEL_INPUT,retain_for_label_or_audit; exclude_from_model_features,RETAIN,,DERIVED_OR_PUBLISHED,accepted_fast_2026-08-03
episodes,y_movement_model,y_movement_model,float64,unspecified,15851,0.6396271456178242,8255,"[""-221.57862500000002"", ""0.0"", ""-2.4166666666666856""]",not_time,derived_or_not_applicable,overall_run|part_adv,LABEL|TARGET_SOURCE|FORBIDDEN_MODEL_INPUT,retain_for_label_or_audit; exclude_from_model_features,RETAIN,,DERIVED_OR_PUBLISHED,accepted_fast_2026-08-03
episodes,reference_level_used,reference_level_used,object,unspecified,43985,0.0,5,"["""", ""L1"", ""L5""]",not_time,derived_or_not_applicable,overall_run|part_adv,REFERENCE|CATEGORICAL,normalize_explicitly; encode_downstream; keep_missing_category,RETAIN,,DERIVED_OR_PUBLISHED,accepted_fast_2026-08-03
episodes,reference_cell_size,reference_cell_size,int64,unspecified,43985,0.0,53,"[""0"", ""33"", ""3""]",not_time,derived_or_not_applicable,overall_run|part_adv,REFERENCE|DYNAMIC_CONTINUOUS,numeric_coerce; preserve_missing; fit_scaling_on_train_only,RETAIN,,DERIVED_OR_PUBLISHED,accepted_fast_2026-08-03
episodes,reference_fallback_reason,reference_fallback_reason,object,unspecified,43985,0.0,4,"["""", ""FALLBACK_L5"", ""FALLBACK_L3""]",not_time,derived_or_not_applicable,overall_run|part_adv,EVIDENCE|REFERENCE,preserve,RETAIN,,DERIVED_OR_PUBLISHED,accepted_fast_2026-08-03
episodes,candidate_episode,candidate_episode,bool,unspecified,43985,0.0,2,"[""False"", ""True""]",calendar_date,derived_or_not_applicable,overall_run|part_adv,TIME,parse_utc_or_period; preserve_original,RETAIN,,DERIVED_OR_PUBLISHED,accepted_fast_2026-08-03
episodes,episode_valid,episode_valid,bool,unspecified,43985,0.0,2,"[""False"", ""True""]",event_or_decision_time_utc,derived_or_not_applicable,overall_run|part_adv,QUALITY|CATEGORICAL,normalize_explicitly; encode_downstream; keep_missing_category,RETAIN,,DERIVED_OR_PUBLISHED,accepted_fast_2026-08-03
episodes,exclusion_reason,exclusion_reason,object,unspecified,43985,0.0,4,"[""PHYSICAL_RANGE_FAILURE"", ""OUTSIDE_FROZEN_SPLIT"", """"]",not_time,derived_or_not_applicable,overall_run|part_adv,CATEGORICAL,normalize_explicitly; encode_downstream; keep_missing_category,RETAIN,,DERIVED_OR_PUBLISHED,accepted_fast_2026-08-03
episodes,raw_source_file,raw_source_file,object,unspecified,43985,0.0,1,"[""D:\\research\\air_slot\\code\\explore\\data\\raw\\opensky\\flightlist\\2022\\flightlist_20220501_20220531.csv.gz""]",not_time,derived_or_not_applicable,overall_run|part_adv,EVIDENCE,preserve,RETAIN,,DERIVED_OR_PUBLISHED,accepted_fast_2026-08-03
episodes,raw_source_hash,raw_source_hash,object,unspecified,43985,0.0,1,"[""3dcf7ee53f3648771f97d2656dbcef779b1b51f6cb10ccec1c6087b7fa692abc""]",not_time,derived_or_not_applicable,overall_run|part_adv,EVIDENCE,preserve,RETAIN,,DERIVED_OR_PUBLISHED,accepted_fast_2026-08-03
episodes,anchor_date,anchor_date,object,unspecified,43985,0.0,15,"[""2022-04-30"", ""2022-05-01"", ""2022-05-02""]",calendar_date,derived_or_not_applicable,overall_run|part_adv,TIME,parse_utc_or_period; preserve_original,RETAIN,,DERIVED_OR_PUBLISHED,accepted_fast_2026-08-03
episodes,departure_airport,departure_airport,object,unspecified,43985,0.0,474,"["""", ""EHAM"", ""EDDF""]",not_time,derived_or_not_applicable,overall_run|part_adv,CATEGORICAL,normalize_explicitly; encode_downstream; keep_missing_category,RETAIN,,DERIVED_OR_PUBLISHED,accepted_fast_2026-08-03
episodes,arrival_airport,arrival_airport,object,unspecified,43985,0.0,6,"[""EDDF"", ""EHAM"", ""LEMD""]",not_time,derived_or_not_applicable,overall_run|part_adv,CATEGORICAL,normalize_explicitly; encode_downstream; keep_missing_category,RETAIN,,DERIVED_OR_PUBLISHED,accepted_fast_2026-08-03
episodes,aircraft_id,aircraft_id,object,unspecified,43985,0.0,5770,"[""770592"", ""48436e"", ""4851f5""]",not_time,derived_or_not_applicable,overall_run|part_adv,IDENTITY|CATEGORICAL,normalize_explicitly; encode_downstream; keep_missing_category,RETAIN,,DERIVED_OR_PUBLISHED,accepted_fast_2026-08-03
episodes,planned_departure_time,planned_departure_time,datetime64[ns],unspecified,0,1.0,0,[],not_time,derived_or_not_applicable,overall_run|part_adv,TIME,parse_utc_or_period; preserve_original,RETAIN,,DERIVED_OR_PUBLISHED,accepted_fast_2026-08-03
episodes,planned_arrival_time,planned_arrival_time,datetime64[ns],unspecified,0,1.0,0,[],not_time,derived_or_not_applicable,overall_run|part_adv,TIME,parse_utc_or_period; preserve_original,RETAIN,,DERIVED_OR_PUBLISHED,accepted_fast_2026-08-03
episodes,realized_departure_time,realized_departure_time,"datetime64[ns, UTC]",unspecified,43985,0.0,42780,"[""2022-04-30 02:57:44+00:00"", ""2022-04-30 07:22:34+00:00"", ""2022-04-30 11:01:47+00:00""]",not_time,derived_or_not_applicable,overall_run|part_adv,TIME,parse_utc_or_period; preserve_original,RETAIN,,DERIVED_OR_PUBLISHED,accepted_fast_2026-08-03
episodes,realized_arrival_time,realized_arrival_time,"datetime64[ns, UTC]",unspecified,43985,0.0,42696,"[""2022-05-01 05:38:09+00:00"", ""2022-05-01 03:44:22+00:00"", ""2022-05-01 06:49:29+00:00""]",not_time,derived_or_not_applicable,overall_run|part_adv,TIME,parse_utc_or_period; preserve_original,RETAIN,,DERIVED_OR_PUBLISHED,accepted_fast_2026-08-03
episodes,m1_outcome_label,m1_outcome_label,float64,unspecified,15851,0.6396271456178242,8468,"[""-314.98333333333335"", ""0.0"", ""-2.4166666666666856""]",not_time,derived_or_not_applicable,overall_run|part_adv,LABEL|TARGET_SOURCE|FORBIDDEN_MODEL_INPUT,retain_for_label_or_audit; exclude_from_model_features,RETAIN,,DERIVED_OR_PUBLISHED,accepted_fast_2026-08-03
episodes,subset_role,subset_role,object,unspecified,43985,0.0,4,"[""excluded"", ""model"", ""audit""]",not_time,derived_or_not_applicable,overall_run|part_adv,CATEGORICAL,normalize_explicitly; encode_downstream; keep_missing_category,RETAIN,,DERIVED_OR_PUBLISHED,accepted_fast_2026-08-03
episodes,train_eligible,train_eligible,bool,unspecified,43985,0.0,2,"[""False"", ""True""]",not_time,derived_or_not_applicable,overall_run|part_adv,QUALITY|CATEGORICAL,normalize_explicitly; encode_downstream; keep_missing_category,RETAIN,,DERIVED_OR_PUBLISHED,accepted_fast_2026-08-03
episodes,evaluation_only,evaluation_only,bool,unspecified,43985,0.0,2,"[""False"", ""True""]",not_time,derived_or_not_applicable,overall_run|part_adv,CATEGORICAL,normalize_explicitly; encode_downstream; keep_missing_category,RETAIN,,DERIVED_OR_PUBLISHED,accepted_fast_2026-08-03
episodes,formal_eligible,formal_eligible,bool,unspecified,43985,0.0,2,"[""False"", ""True""]",not_time,derived_or_not_applicable,overall_run|part_adv,QUALITY|CATEGORICAL,normalize_explicitly; encode_downstream; keep_missing_category,RETAIN,,DERIVED_OR_PUBLISHED,accepted_fast_2026-08-03
episodes,debug_only,debug_only,bool,unspecified,43985,0.0,1,"[""True""]",not_time,derived_or_not_applicable,overall_run|part_adv,CATEGORICAL,normalize_explicitly; encode_downstream; keep_missing_category,RETAIN,,DERIVED_OR_PUBLISHED,accepted_fast_2026-08-03
episodes,trigger_event_group_id,trigger_event_group_id,object,unspecified,43985,0.0,90,"[""d28793bc549326f2a064ff76"", ""9da20ad6eb76fa57875d1d97"", ""d43849b916dfbaf6aed10490""]",not_time,derived_or_not_applicable,overall_run|part_adv,IDENTITY|CATEGORICAL,normalize_explicitly; encode_downstream; keep_missing_category,RETAIN,,DERIVED_OR_PUBLISHED,accepted_fast_2026-08-03
episodes,recovery_event_level,recovery_event_level,object,unspecified,43985,0.0,1,"[""AIRPORT_DAY""]",not_time,derived_or_not_applicable,overall_run|part_adv,CATEGORICAL,normalize_explicitly; encode_downstream; keep_missing_category,RETAIN,,DERIVED_OR_PUBLISHED,accepted_fast_2026-08-03
episodes,has_predecessor_candidate,has_predecessor_candidate,bool,unspecified,43985,0.0,2,"[""False"", ""True""]",calendar_date,derived_or_not_applicable,overall_run|part_adv|M1,TIME,parse_utc_or_period; preserve_original,RETAIN,,DERIVED_OR_PUBLISHED,accepted_fast_2026-08-03
episodes,has_supported_predecessor,has_supported_predecessor,bool,unspecified,43985,0.0,2,"[""False"", ""True""]",not_time,derived_or_not_applicable,overall_run|part_adv|M1,CATEGORICAL,normalize_explicitly; encode_downstream; keep_missing_category,RETAIN,,DERIVED_OR_PUBLISHED,accepted_fast_2026-08-03
episodes,predecessor_flight_id,predecessor_flight_id,object,unspecified,38215,0.1311810844606116,37783,"[""8badb00925385b5a9fabca221209b2b1"", ""1fb8a67cf67429be88c03ec9f7a486bd"", ""677249099bd01ae869a4ef571ab87a4f""]",not_time,derived_or_not_applicable,overall_run|part_adv,IDENTITY|CATEGORICAL,normalize_explicitly; encode_downstream; keep_missing_category,RETAIN,,DERIVED_OR_PUBLISHED,accepted_fast_2026-08-03
episodes,predecessor_firstseen_proxy,predecessor_firstseen_proxy,"datetime64[ns, UTC]",unspecified,3918,0.9109241786972831,3902,"[""2022-04-30 15:35:23+00:00"", ""2022-05-01 00:39:22+00:00"", ""2022-05-01 04:16:03+00:00""]",event_or_decision_time_utc,derived_or_not_applicable,overall_run|part_adv,TIME,parse_utc_or_period; preserve_original,RETAIN,,DERIVED_OR_PUBLISHED,accepted_fast_2026-08-03
episodes,predecessor_lastseen_proxy,predecessor_lastseen_proxy,"datetime64[ns, UTC]",unspecified,3918,0.9109241786972831,3900,"[""2022-05-01 02:20:19+00:00"", ""2022-05-01 04:25:28+00:00"", ""2022-05-01 05:12:14+00:00""]",event_or_decision_time_utc,derived_or_not_applicable,overall_run|part_adv,TIME|FORBIDDEN_MODEL_INPUT,retain_for_label_or_audit; exclude_from_model_features,RETAIN,,DERIVED_OR_PUBLISHED,accepted_fast_2026-08-03
episodes,predecessor_observed_duration,predecessor_observed_duration,float64,unspecified,3918,0.9109241786972831,3020,"[""644.9333333333333"", ""226.1"", ""56.18333333333333""]",not_time,derived_or_not_applicable,overall_run|part_adv|M1,DYNAMIC_CONTINUOUS,numeric_coerce; preserve_missing; fit_scaling_on_train_only,RETAIN,,DERIVED_OR_PUBLISHED,accepted_fast_2026-08-03
episodes,predecessor_origin_inferred,predecessor_origin_inferred,object,unspecified,3918,0.9109241786972831,169,"[""SPJC"", ""LCLK"", ""EPKK""]",not_time,derived_or_not_applicable,overall_run|part_adv,CATEGORICAL,normalize_explicitly; encode_downstream; keep_missing_category,RETAIN,,DERIVED_OR_PUBLISHED,accepted_fast_2026-08-03
episodes,predecessor_destination_inferred,predecessor_destination_inferred,object,unspecified,3918,0.9109241786972831,6,"[""LEMD"", ""EDDF"", ""EDDM""]",not_time,derived_or_not_applicable,overall_run|part_adv,CATEGORICAL,normalize_explicitly; encode_downstream; keep_missing_category,RETAIN,,DERIVED_OR_PUBLISHED,accepted_fast_2026-08-03
episodes,predecessor_endpoint_quality,predecessor_endpoint_quality,object,unspecified,3918,0.9109241786972831,1,"[""COMPLETE_INFERRED_AIRPORT_PAIR""]",not_time,derived_or_not_applicable,overall_run|part_adv|M1,QUALITY|CATEGORICAL,normalize_explicitly; encode_downstream; keep_missing_category,RETAIN,,DERIVED_OR_PUBLISHED,accepted_fast_2026-08-03
episodes,predecessor_trajectory_coverage,predecessor_trajectory_coverage,float64,unspecified,1176,0.9732636125952029,1,"[""1.0""]",not_time,derived_or_not_applicable,overall_run|part_adv|M1,QUALITY|DYNAMIC_CONTINUOUS,numeric_coerce; preserve_missing; fit_scaling_on_train_only,RETAIN,,DERIVED_OR_PUBLISHED,accepted_fast_2026-08-03
episodes,predecessor_registration_match,predecessor_registration_match,boolean,unspecified,0,1.0,0,[],not_time,derived_or_not_applicable,overall_run|part_adv|M1,CATEGORICAL,normalize_explicitly; encode_downstream; keep_missing_category,RETAIN,,DERIVED_OR_PUBLISHED,accepted_fast_2026-08-03
episodes,predecessor_typecode_match,predecessor_typecode_match,boolean,unspecified,3404,0.9226099806752301,1,"[""True""]",not_time,derived_or_not_applicable,overall_run|part_adv|M1,CATEGORICAL,normalize_explicitly; encode_downstream; keep_missing_category,RETAIN,,DERIVED_OR_PUBLISHED,accepted_fast_2026-08-03
episodes,predecessor_aircraft_group,predecessor_aircraft_group,object,unspecified,3918,0.9109241786972831,5,"[""unknown"", ""narrow_body"", ""other""]",not_time,derived_or_not_applicable,overall_run|part_adv|M1,CATEGORICAL,normalize_explicitly; encode_downstream; keep_missing_category,RETAIN,,DERIVED_OR_PUBLISHED,accepted_fast_2026-08-03
episodes,observed_ground_gap_minutes,observed_ground_gap_minutes,float64,unspecified,3918,0.9109241786972831,3085,"[""177.68333333333334"", ""72.2"", ""88.48333333333333""]",not_time,derived_or_not_applicable,overall_run|part_adv|M1,DYNAMIC_CONTINUOUS,numeric_coerce; preserve_missing; fit_scaling_on_train_only,RETAIN,,DERIVED_OR_PUBLISHED,accepted_fast_2026-08-03
episodes,ground_gap_deviation_from_reference,ground_gap_deviation_from_reference,float64,unspecified,3918,0.9109241786972831,3538,"[""97.69166666666666"", ""-20.0"", ""12.083333333333329""]",not_time,derived_or_not_applicable,overall_run|part_adv|M1,REFERENCE|DYNAMIC_CONTINUOUS,numeric_coerce; preserve_missing; fit_scaling_on_train_only,RETAIN,,DERIVED_OR_PUBLISHED,accepted_fast_2026-08-03
episodes,airport_continuity,airport_continuity,boolean,unspecified,3918,0.9109241786972831,1,"[""True""]",not_time,derived_or_not_applicable,overall_run|part_adv|M1,CATEGORICAL,normalize_explicitly; encode_downstream; keep_missing_category,RETAIN,,DERIVED_OR_PUBLISHED,accepted_fast_2026-08-03
episodes,predecessor_movement_deviation_proxy,predecessor_movement_deviation_proxy,float64,unspecified,3918,0.9109241786972831,2676,"[""-14.541666666666629"", ""13.933333333333337"", ""-2.391666666666673""]",not_time,derived_or_not_applicable,overall_run|part_adv|M1,DYNAMIC_CONTINUOUS,numeric_coerce; preserve_missing; fit_scaling_on_train_only,RETAIN,,DERIVED_OR_PUBLISHED,accepted_fast_2026-08-03
episodes,predecessor_completion_state,predecessor_completion_state,object,unspecified,3918,0.9109241786972831,1,"[""COMPLETED_BEFORE_CURRENT""]",not_time,derived_or_not_applicable,overall_run|part_adv|M1,CATEGORICAL,normalize_explicitly; encode_downstream; keep_missing_category,RETAIN,,DERIVED_OR_PUBLISHED,accepted_fast_2026-08-03
episodes,turnaround_pressure_proxy,turnaround_pressure_proxy,float64,unspecified,3918,0.9109241786972831,1413,"[""0.0"", ""0.21691973969631237"", ""0.09254498714652956""]",not_time,derived_or_not_applicable,overall_run|part_adv|M1,DYNAMIC_CONTINUOUS,numeric_coerce; preserve_missing; fit_scaling_on_train_only,RETAIN,,DERIVED_OR_PUBLISHED,accepted_fast_2026-08-03
episodes,continuation_risk_proxy,continuation_risk_proxy,float64,unspecified,3918,0.9109241786972831,2543,"[""0.0"", ""0.1392721947781282"", ""0.07310900111716788""]",not_time,derived_or_not_applicable,overall_run|part_adv|M1,DYNAMIC_CONTINUOUS,numeric_coerce; preserve_missing; fit_scaling_on_train_only,RETAIN,,DERIVED_OR_PUBLISHED,accepted_fast_2026-08-03
episodes,previous_leg_observation_quality,previous_leg_observation_quality,float64,unspecified,3918,0.9109241786972831,2,"[""0.68"", ""0.85""]",not_time,derived_or_not_applicable,overall_run|part_adv|M1,QUALITY|DYNAMIC_CONTINUOUS,numeric_coerce; preserve_missing; fit_scaling_on_train_only,RETAIN,,DERIVED_OR_PUBLISHED,accepted_fast_2026-08-03
episodes,predecessor_match_confidence,predecessor_match_confidence,float64,unspecified,3918,0.9109241786972831,1,"[""0.85""]",not_time,derived_or_not_applicable,overall_run|part_adv|M1,DYNAMIC_CONTINUOUS,numeric_coerce; preserve_missing; fit_scaling_on_train_only,RETAIN,,DERIVED_OR_PUBLISHED,accepted_fast_2026-08-03
episodes,predecessor_evidence_tier,predecessor_evidence_tier,object,unspecified,3918,0.9109241786972831,1,"[""R3_COVERAGE_AWARE""]",not_time,derived_or_not_applicable,overall_run|part_adv|M1,EVIDENCE,preserve,RETAIN,,DERIVED_OR_PUBLISHED,accepted_fast_2026-08-03
episodes,predecessor_support_rule,predecessor_support_rule,object,unspecified,3918,0.9109241786972831,1,"[""R3_COVERAGE_AWARE""]",not_time,derived_or_not_applicable,overall_run|part_adv|M1,CATEGORICAL,normalize_explicitly; encode_downstream; keep_missing_category,RETAIN,,DERIVED_OR_PUBLISHED,accepted_fast_2026-08-03
episodes,predecessor_support_status,predecessor_support_status,object,unspecified,43985,0.0,2,"[""UNSUPPORTED"", ""SUPPORTED""]",not_time,derived_or_not_applicable,overall_run|part_adv|M1,QUALITY|CATEGORICAL,normalize_explicitly; encode_downstream; keep_missing_category,RETAIN,,DERIVED_OR_PUBLISHED,accepted_fast_2026-08-03
episodes,predecessor_rejection_reason,predecessor_rejection_reason,object,unspecified,43985,0.0,6,"[""NO_PREDECESSOR_CANDIDATE"", """", ""ENDPOINT_QUALITY_UNSUPPORTED""]",not_time,derived_or_not_applicable,overall_run|part_adv|M1,CATEGORICAL,normalize_explicitly; encode_downstream; keep_missing_category,RETAIN,,DERIVED_OR_PUBLISHED,accepted_fast_2026-08-03
episodes,nearest_raw_candidate_id,nearest_raw_candidate_id,object,unspecified,38215,0.1311810844606116,38215,"[""8badb00925385b5a9fabca221209b2b1"", ""1fb8a67cf67429be88c03ec9f7a486bd"", ""677249099bd01ae869a4ef571ab87a4f""]",calendar_date,derived_or_not_applicable,overall_run|part_adv,IDENTITY|TIME,parse_utc_or_period; preserve_original,RETAIN,,DERIVED_OR_PUBLISHED,accepted_fast_2026-08-03
episodes,selected_supported_predecessor_id,selected_supported_predecessor_id,object,unspecified,3918,0.9109241786972831,3915,"[""8badb00925385b5a9fabca221209b2b1"", ""1fb8a67cf67429be88c03ec9f7a486bd"", ""e581cd6ca23c0046b3d398aff2ff114b""]",not_time,derived_or_not_applicable,overall_run|part_adv,IDENTITY|CATEGORICAL,normalize_explicitly; encode_downstream; keep_missing_category,RETAIN,,DERIVED_OR_PUBLISHED,accepted_fast_2026-08-03
episodes,raw_candidate_rejection_reason,raw_candidate_rejection_reason,object,unspecified,43985,0.0,4,"[""NO_PREDECESSOR_CANDIDATE"", """", ""ENDPOINT_QUALITY_UNSUPPORTED""]",calendar_date,derived_or_not_applicable,overall_run|part_adv,TIME,parse_utc_or_period; preserve_original,RETAIN,,DERIVED_OR_PUBLISHED,accepted_fast_2026-08-03
episodes,search_depth,search_depth,int64,unspecified,43985,0.0,59,"[""0"", ""1"", ""2""]",not_time,derived_or_not_applicable,overall_run|part_adv,DYNAMIC_CONTINUOUS,numeric_coerce; preserve_missing; fit_scaling_on_train_only,RETAIN,,DERIVED_OR_PUBLISHED,accepted_fast_2026-08-03
episodes,_predecessor_availability_time,_predecessor_availability_time,"datetime64[ns, UTC]",unspecified,3918,0.9109241786972831,3900,"[""2022-05-01 02:20:19+00:00"", ""2022-05-01 04:25:28+00:00"", ""2022-05-01 05:12:14+00:00""]",knowledge_time_utc,explicit_availability_time,overall_run|part_adv,TIME|EVIDENCE,parse_utc_or_period; preserve_original,RETAIN,,DERIVED_OR_PUBLISHED,accepted_fast_2026-08-03
snapshots,episode_id,episode_id,object,unspecified,142659,0.0,5556,"[""d9e57c95490303a0346a65946560bc3e"", ""ddd938b03278eb39a7b8facdf09cac9d"", ""0573a488e73b4e7ed8907b8f7be6120b""]",not_time,derived_or_not_applicable,overall_run|part_adv,IDENTITY|CATEGORICAL,normalize_explicitly; encode_downstream; keep_missing_category,RETAIN,,DERIVED_OR_PUBLISHED,accepted_fast_2026-08-03; examples_and_unique_count_sampled_from=50000
snapshots,snapshot_id,snapshot_id,object,unspecified,142659,0.0,50000,"[""d9e57c95490303a0346a65946560bc3e__r10"", ""d9e57c95490303a0346a65946560bc3e__t1"", ""d9e57c95490303a0346a65946560bc3e__r30""]",not_time,derived_or_not_applicable,overall_run|part_adv,IDENTITY|CATEGORICAL,normalize_explicitly; encode_downstream; keep_missing_category,RETAIN,,DERIVED_OR_PUBLISHED,accepted_fast_2026-08-03; examples_and_unique_count_sampled_from=50000
snapshots,snapshot_stage,snapshot_stage,object,unspecified,142659,0.0,9,"[""r10"", ""t1"", ""r30""]",not_time,derived_or_not_applicable,overall_run|part_adv|M1,QUALITY|CATEGORICAL,normalize_explicitly; encode_downstream; keep_missing_category,RETAIN,,DERIVED_OR_PUBLISHED,accepted_fast_2026-08-03; examples_and_unique_count_sampled_from=50000
snapshots,snapshot_ratio,snapshot_ratio,float64,unspecified,142659,0.0,9,"[""0.1"", ""0.2"", ""0.3""]",not_time,derived_or_not_applicable,overall_run|part_adv,DYNAMIC_CONTINUOUS,numeric_coerce; preserve_missing; fit_scaling_on_train_only,RETAIN,,DERIVED_OR_PUBLISHED,accepted_fast_2026-08-03; examples_and_unique_count_sampled_from=50000
snapshots,elapsed_ratio,elapsed_ratio,float64,unspecified,142659,0.0,9,"[""0.1"", ""0.2"", ""0.3""]",not_time,derived_or_not_applicable,overall_run|part_adv|M1,DYNAMIC_CONTINUOUS,numeric_coerce; preserve_missing; fit_scaling_on_train_only,ALIAS_RETAIN,snapshot_ratio,DERIVED_OR_PUBLISHED,accepted_fast_2026-08-03; examples_and_unique_count_sampled_from=50000
snapshots,is_primary_snapshot,is_primary_snapshot,bool,unspecified,142659,0.0,2,"[""False"", ""True""]",not_time,derived_or_not_applicable,overall_run|part_adv,CATEGORICAL,normalize_explicitly; encode_downstream; keep_missing_category,RETAIN,,DERIVED_OR_PUBLISHED,accepted_fast_2026-08-03; examples_and_unique_count_sampled_from=50000
snapshots,decision_time_utc,decision_time_utc,"datetime64[ns, UTC]",unspecified,142659,0.0,49660,"[""2022-05-02 00:46:14.799999998+00:00"", ""2022-05-02 01:32:24.600000002+00:00"", ""2022-05-02 02:18:34.400000+00:00""]",event_or_decision_time_utc,derived_or_not_applicable,overall_run|part_adv,TIME,parse_utc_or_period; preserve_original,RETAIN,,DERIVED_OR_PUBLISHED,accepted_fast_2026-08-03; examples_and_unique_count_sampled_from=50000
snapshots,elapsed_minutes,elapsed_minutes,float64,unspecified,142659,0.0,19295,"[""46.163333333333334"", ""92.32666666666667"", ""138.48999999999998""]",not_time,derived_or_not_applicable,overall_run|part_adv,DYNAMIC_CONTINUOUS,numeric_coerce; preserve_missing; fit_scaling_on_train_only,RETAIN,,DERIVED_OR_PUBLISHED,accepted_fast_2026-08-03; examples_and_unique_count_sampled_from=50000
snapshots,split,split,object,unspecified,142659,0.0,1,"[""train""]",not_time,derived_or_not_applicable,overall_run|part_adv,CATEGORICAL,normalize_explicitly; encode_downstream; keep_missing_category,RETAIN,,DERIVED_OR_PUBLISHED,accepted_fast_2026-08-03; examples_and_unique_count_sampled_from=50000
snapshots,airport,airport,object,unspecified,142659,0.0,6,"[""LEMD"", ""EDDF"", ""LFPG""]",not_time,derived_or_not_applicable,overall_run|part_adv|M1,IDENTITY|CATEGORICAL,normalize_explicitly; encode_downstream; keep_missing_category,RETAIN,,DERIVED_OR_PUBLISHED,accepted_fast_2026-08-03; examples_and_unique_count_sampled_from=50000
snapshots,origin,origin,object,unspecified,142659,0.0,281,"["""", ""KDEN"", ""KEWR""]",not_time,derived_or_not_applicable,overall_run|part_adv|M1,IDENTITY|CATEGORICAL,normalize_explicitly; encode_downstream; keep_missing_category,RETAIN,,DERIVED_OR_PUBLISHED,accepted_fast_2026-08-03; examples_and_unique_count_sampled_from=50000
snapshots,destination,destination,object,unspecified,142659,0.0,6,"[""LEMD"", ""EDDF"", ""LFPG""]",not_time,derived_or_not_applicable,overall_run|part_adv|M1,IDENTITY|CATEGORICAL,normalize_explicitly; encode_downstream; keep_missing_category,RETAIN,,DERIVED_OR_PUBLISHED,accepted_fast_2026-08-03; examples_and_unique_count_sampled_from=50000
snapshots,month,month,int64,unspecified,142659,0.0,1,"[""5""]",calendar_period,derived_or_not_applicable,overall_run|part_adv|M1,TIME,parse_utc_or_period; preserve_original,RETAIN,,DERIVED_OR_PUBLISHED,accepted_fast_2026-08-03; examples_and_unique_count_sampled_from=50000
snapshots,decision_month,decision_month,int64,unspecified,142659,0.0,1,"[""5""]",calendar_period,derived_or_not_applicable,overall_run|part_adv,TIME,parse_utc_or_period; preserve_original,RETAIN,,DERIVED_OR_PUBLISHED,accepted_fast_2026-08-03; examples_and_unique_count_sampled_from=50000
snapshots,time_bin,time_bin,object,unspecified,142659,0.0,4,"[""00_06"", ""06_12"", ""12_18""]",not_time,derived_or_not_applicable,overall_run|part_adv|M1,TIME,parse_utc_or_period; preserve_original,RETAIN,,DERIVED_OR_PUBLISHED,accepted_fast_2026-08-03; examples_and_unique_count_sampled_from=50000
snapshots,firstseen_time_bin,firstseen_time_bin,object,unspecified,142659,0.0,4,"[""00_06"", ""06_12"", ""12_18""]",event_or_decision_time_utc,derived_or_not_applicable,overall_run|part_adv,TIME,parse_utc_or_period; preserve_original,RETAIN,,DERIVED_OR_PUBLISHED,accepted_fast_2026-08-03; examples_and_unique_count_sampled_from=50000
snapshots,current_latitude,current_latitude,float64,unspecified,122620,0.14046782887865472,41540,"[""39.16342007911811"", ""41.06744384765625"", ""41.485538805945446""]",not_time,derived_or_not_applicable,overall_run|part_adv|M1,DYNAMIC_CONTINUOUS,numeric_coerce; preserve_missing; fit_scaling_on_train_only,RETAIN,,DERIVED_OR_PUBLISHED,accepted_fast_2026-08-03; examples_and_unique_count_sampled_from=50000
snapshots,current_longitude,current_longitude,float64,unspecified,122620,0.14046782887865472,42506,"[""-13.007080078125"", ""-2.14093017578125"", ""2.338682662609012""]",not_time,derived_or_not_applicable,overall_run|part_adv|M1,DYNAMIC_CONTINUOUS,numeric_coerce; preserve_missing; fit_scaling_on_train_only,RETAIN,,DERIVED_OR_PUBLISHED,accepted_fast_2026-08-03; examples_and_unique_count_sampled_from=50000
snapshots,current_altitude,current_altitude,float64,unspecified,122544,0.14100056778752135,1628,"[""3527.9929440000005"", ""2598.9625440000004"", ""420.386256""]",not_time,derived_or_not_applicable,overall_run|part_adv|M1,DYNAMIC_CONTINUOUS,numeric_coerce; preserve_missing; fit_scaling_on_train_only,RETAIN,,DERIVED_OR_PUBLISHED,accepted_fast_2026-08-03; examples_and_unique_count_sampled_from=50000
snapshots,current_velocity,current_velocity,float64,unspecified,121738,0.14665040411050123,24397,"[""261.5096517898698"", ""250.44336514937785"", ""114.52128924118702""]",not_time,derived_or_not_applicable,overall_run|part_adv|M1,DYNAMIC_CONTINUOUS,numeric_coerce; preserve_missing; fit_scaling_on_train_only,RETAIN,,DERIVED_OR_PUBLISHED,accepted_fast_2026-08-03; examples_and_unique_count_sampled_from=50000
snapshots,vertical_rate,vertical_rate,float64,unspecified,121748,0.14658030688565038,149,"[""-0.0016516096000000003"", ""0.0016516096000000003"", ""-0.021470924800000003""]",not_time,derived_or_not_applicable,overall_run|part_adv|M1,DYNAMIC_CONTINUOUS,numeric_coerce; preserve_missing; fit_scaling_on_train_only,RETAIN,,DERIVED_OR_PUBLISHED,accepted_fast_2026-08-03; examples_and_unique_count_sampled_from=50000
snapshots,trajectory_coverage,trajectory_coverage,float64,unspecified,142659,0.0,122,"[""0.0"", ""0.15702479338842976"", ""0.9834710743801653""]",not_time,derived_or_not_applicable,overall_run|part_adv|M1,QUALITY|DYNAMIC_CONTINUOUS,numeric_coerce; preserve_missing; fit_scaling_on_train_only,RETAIN,,DERIVED_OR_PUBLISHED,accepted_fast_2026-08-03; examples_and_unique_count_sampled_from=50000
snapshots,state_observation_age,state_observation_age,float64,unspecified,122793,0.13925514688873464,3788,"[""7.91"", ""0.056666666666666664"", ""14.553333333333335""]",not_time,derived_or_not_applicable,overall_run|part_adv|M1,QUALITY|DYNAMIC_CONTINUOUS,numeric_coerce; preserve_missing; fit_scaling_on_train_only,RETAIN,,DERIVED_OR_PUBLISHED,accepted_fast_2026-08-03; examples_and_unique_count_sampled_from=50000
snapshots,state_record_count,state_record_count,int64,unspecified,142659,0.0,122,"[""0"", ""19"", ""119""]",not_time,derived_or_not_applicable,overall_run|part_adv|M1,QUALITY|DYNAMIC_CONTINUOUS,numeric_coerce; preserve_missing; fit_scaling_on_train_only,RETAIN,,DERIVED_OR_PUBLISHED,accepted_fast_2026-08-03; examples_and_unique_count_sampled_from=50000
snapshots,state_lookback_minutes,state_lookback_minutes,float64,unspecified,142659,0.0,1,"[""20.0""]",not_time,derived_or_not_applicable,overall_run|part_adv,DYNAMIC_CONTINUOUS,numeric_coerce; preserve_missing; fit_scaling_on_train_only,RETAIN,,DERIVED_OR_PUBLISHED,accepted_fast_2026-08-03; examples_and_unique_count_sampled_from=50000
snapshots,state_source_coverage,state_source_coverage,float64,unspecified,142659,0.0,2,"[""1.0"", ""0.0""]",not_time,derived_or_not_applicable,overall_run|part_adv|M1,QUALITY|EVIDENCE|DYNAMIC_CONTINUOUS,numeric_coerce; preserve_missing; fit_scaling_on_train_only,RETAIN,,DERIVED_OR_PUBLISHED,accepted_fast_2026-08-03; examples_and_unique_count_sampled_from=50000
snapshots,state_source_coverage_status,state_source_coverage_status,object,unspecified,142659,0.0,2,"[""FORMAL_COMPLETE_DAY"", ""SOURCE_COVERAGE_GAP""]",not_time,derived_or_not_applicable,overall_run|part_adv|M1,QUALITY|EVIDENCE,preserve,RETAIN,,DERIVED_OR_PUBLISHED,accepted_fast_2026-08-03; examples_and_unique_count_sampled_from=50000
snapshots,state_is_imputed,state_is_imputed,bool,unspecified,142659,0.0,1,"[""False""]",not_time,derived_or_not_applicable,overall_run|part_adv|M1,CATEGORICAL,normalize_explicitly; encode_downstream; keep_missing_category,RETAIN,,DERIVED_OR_PUBLISHED,accepted_fast_2026-08-03; examples_and_unique_count_sampled_from=50000
snapshots,state_imputation_method,state_imputation_method,object,unspecified,142659,0.0,1,"[""none""]",not_time,derived_or_not_applicable,overall_run|part_adv|M1,CATEGORICAL,normalize_explicitly; encode_downstream; keep_missing_category,RETAIN,,DERIVED_OR_PUBLISHED,accepted_fast_2026-08-03; examples_and_unique_count_sampled_from=50000
snapshots,state_imputation_gap_minutes,state_imputation_gap_minutes,float64,unspecified,0,1.0,0,[],not_time,derived_or_not_applicable,overall_run|part_adv|M1,DYNAMIC_CONTINUOUS,numeric_coerce; preserve_missing; fit_scaling_on_train_only,RETAIN,,DERIVED_OR_PUBLISHED,accepted_fast_2026-08-03; examples_and_unique_count_sampled_from=50000
snapshots,wind_speed,wind_speed,float64,unspecified,142659,0.0,15,"[""3.0"", ""2.0"", ""8.0""]",not_time,derived_or_not_applicable,overall_run|part_adv|M1,DYNAMIC_CONTINUOUS,numeric_coerce; preserve_missing; fit_scaling_on_train_only,RETAIN,,DERIVED_OR_PUBLISHED,accepted_fast_2026-08-03; examples_and_unique_count_sampled_from=50000
snapshots,wind_gust,wind_gust,float64,unspecified,3310,0.9767978185743627,3,"[""21.0"", ""19.0"", ""22.0""]",not_time,derived_or_not_applicable,overall_run|part_adv|M1,DYNAMIC_CONTINUOUS,numeric_coerce; preserve_missing; fit_scaling_on_train_only,RETAIN,,DERIVED_OR_PUBLISHED,accepted_fast_2026-08-03; examples_and_unique_count_sampled_from=50000
snapshots,visibility,visibility,float64,unspecified,142606,0.00037151529170964537,15,"[""6.21"", ""4.97"", ""4.35""]",not_time,derived_or_not_applicable,overall_run|part_adv|M1,DYNAMIC_CONTINUOUS,numeric_coerce; preserve_missing; fit_scaling_on_train_only,RETAIN,,DERIVED_OR_PUBLISHED,accepted_fast_2026-08-03; examples_and_unique_count_sampled_from=50000
snapshots,ceiling,ceiling,float64,unspecified,0,1.0,0,[],not_time,derived_or_not_applicable,overall_run|part_adv|M1,DYNAMIC_CONTINUOUS,numeric_coerce; preserve_missing; fit_scaling_on_train_only,RETAIN,,DERIVED_OR_PUBLISHED,accepted_fast_2026-08-03; examples_and_unique_count_sampled_from=50000
snapshots,precipitation_flag,precipitation_flag,bool,unspecified,142659,0.0,2,"[""False"", ""True""]",not_time,derived_or_not_applicable,overall_run|part_adv|M1,CATEGORICAL,normalize_explicitly; encode_downstream; keep_missing_category,RETAIN,,DERIVED_OR_PUBLISHED,accepted_fast_2026-08-03; examples_and_unique_count_sampled_from=50000
snapshots,weather_code,weather_code,object,unspecified,142659,0.0,12,"[""UNKNOWN"", ""MIFG"", ""BCFG""]",not_time,derived_or_not_applicable,overall_run|part_adv|M1,CATEGORICAL,normalize_explicitly; encode_downstream; keep_missing_category,RETAIN,,DERIVED_OR_PUBLISHED,accepted_fast_2026-08-03; examples_and_unique_count_sampled_from=50000
snapshots,temperature_dewpoint_spread,temperature_dewpoint_spread,float64,unspecified,142659,0.0,46,"[""9.0"", ""7.199999999999996"", ""7.200000000000003""]",not_time,derived_or_not_applicable,overall_run|part_adv|M1,DYNAMIC_CONTINUOUS,numeric_coerce; preserve_missing; fit_scaling_on_train_only,RETAIN,,DERIVED_OR_PUBLISHED,accepted_fast_2026-08-03; examples_and_unique_count_sampled_from=50000
snapshots,metar_age,metar_age,float64,unspecified,142659,0.0,27186,"[""16.246666649999998"", ""2.4099999999999997"", ""18.573333333333334""]",not_time,derived_or_not_applicable,overall_run|part_adv|M1,QUALITY|DYNAMIC_CONTINUOUS,numeric_coerce; preserve_missing; fit_scaling_on_train_only,RETAIN,,DERIVED_OR_PUBLISHED,accepted_fast_2026-08-03; examples_and_unique_count_sampled_from=50000
snapshots,weather_observed,weather_observed,bool,unspecified,142659,0.0,1,"[""True""]",not_time,derived_or_not_applicable,overall_run|part_adv|M1,CATEGORICAL,normalize_explicitly; encode_downstream; keep_missing_category,RETAIN,,DERIVED_OR_PUBLISHED,accepted_fast_2026-08-03; examples_and_unique_count_sampled_from=50000
snapshots,weather_imputed,weather_imputed,bool,unspecified,142659,0.0,1,"[""False""]",not_time,derived_or_not_applicable,overall_run|part_adv|M1,CATEGORICAL,normalize_explicitly; encode_downstream; keep_missing_category,RETAIN,,DERIVED_OR_PUBLISHED,accepted_fast_2026-08-03; examples_and_unique_count_sampled_from=50000
snapshots,weather_source,weather_source,object,unspecified,142659,0.0,1,"[""IEM_METAR""]",not_time,derived_or_not_applicable,overall_run|part_adv,EVIDENCE,preserve,RETAIN,,DERIVED_OR_PUBLISHED,accepted_fast_2026-08-03; examples_and_unique_count_sampled_from=50000
snapshots,weather_evidence_status,weather_evidence_status,object,unspecified,142659,0.0,1,"[""OBSERVED""]",not_time,derived_or_not_applicable,overall_run|part_adv|M1,QUALITY|EVIDENCE,preserve,RETAIN,,DERIVED_OR_PUBLISHED,accepted_fast_2026-08-03; examples_and_unique_count_sampled_from=50000
snapshots,weather_missing_reason,weather_missing_reason,object,unspecified,142659,0.0,1,"[""""]",not_time,derived_or_not_applicable,overall_run|part_adv,QUALITY|CATEGORICAL,normalize_explicitly; encode_downstream; keep_missing_category,RETAIN,,DERIVED_OR_PUBLISHED,accepted_fast_2026-08-03; examples_and_unique_count_sampled_from=50000
snapshots,airport_flow_pressure,airport_flow_pressure,float64,unspecified,136373,0.04406311554125575,187,"[""9.0"", ""7.0"", ""16.0""]",not_time,derived_or_not_applicable,overall_run|part_adv|M1,M2_ANCHOR|DYNAMIC_CONTINUOUS,numeric_coerce; preserve_missing; fit_scaling_on_train_only,RETAIN,,DERIVED_OR_PUBLISHED,accepted_fast_2026-08-03; examples_and_unique_count_sampled_from=50000
snapshots,flow_evidence_status,flow_evidence_status,object,unspecified,142659,0.0,2,"[""DERIVED"", ""UNOBSERVED""]",not_time,derived_or_not_applicable,overall_run|part_adv,QUALITY|EVIDENCE,preserve,RETAIN,,DERIVED_OR_PUBLISHED,accepted_fast_2026-08-03; examples_and_unique_count_sampled_from=50000
snapshots,flow_source_coverage,flow_source_coverage,float64,unspecified,142659,0.0,2,"[""1.0"", ""0.0""]",not_time,derived_or_not_applicable,overall_run|part_adv|M1,QUALITY|EVIDENCE|DYNAMIC_CONTINUOUS,numeric_coerce; preserve_missing; fit_scaling_on_train_only,RETAIN,,DERIVED_OR_PUBLISHED,accepted_fast_2026-08-03; examples_and_unique_count_sampled_from=50000
snapshots,flow_missing_reason,flow_missing_reason,object,unspecified,142659,0.0,2,"["""", ""SOURCE_COVERAGE_GAP""]",not_time,derived_or_not_applicable,overall_run|part_adv,QUALITY|CATEGORICAL,normalize_explicitly; encode_downstream; keep_missing_category,RETAIN,,DERIVED_OR_PUBLISHED,accepted_fast_2026-08-03; examples_and_unique_count_sampled_from=50000
snapshots,continuity_exposure,continuity_exposure,float64,unspecified,142659,0.0,35,"[""0.3333333333333333"", ""0.25"", ""1.0""]",not_time,derived_or_not_applicable,overall_run|part_adv|M1,DYNAMIC_CONTINUOUS,numeric_coerce; preserve_missing; fit_scaling_on_train_only,RETAIN,,DERIVED_OR_PUBLISHED,accepted_fast_2026-08-03; examples_and_unique_count_sampled_from=50000
snapshots,turnaround_margin,turnaround_margin,float64,unspecified,142659,0.0,96,"[""71.27166666666665"", ""22.451666666666654"", ""23.36""]",not_time,derived_or_not_applicable,overall_run|part_adv|M1,M2_ANCHOR|DYNAMIC_CONTINUOUS,numeric_coerce; preserve_missing; fit_scaling_on_train_only,RETAIN,,DERIVED_OR_PUBLISHED,accepted_fast_2026-08-03; examples_and_unique_count_sampled_from=50000
snapshots,episode_capacity_margin,episode_capacity_margin,float64,unspecified,136373,0.04406311554125575,167,"[""4500.0"", ""4620.0"", ""4080.0""]",not_time,derived_or_not_applicable,overall_run|part_adv,DYNAMIC_CONTINUOUS,numeric_coerce; preserve_missing; fit_scaling_on_train_only,RETAIN,,DERIVED_OR_PUBLISHED,accepted_fast_2026-08-03; examples_and_unique_count_sampled_from=50000
snapshots,episode_ops_margin,episode_ops_margin,float64,unspecified,142659,0.0,1,"[""60.0""]",not_time,derived_or_not_applicable,overall_run|part_adv,DYNAMIC_CONTINUOUS,numeric_coerce; preserve_missing; fit_scaling_on_train_only,RETAIN,,DERIVED_OR_PUBLISHED,accepted_fast_2026-08-03; examples_and_unique_count_sampled_from=50000
snapshots,lead_time_margin,lead_time_margin,float64,unspecified,142659,0.0,19632,"[""415.46999999999997"", ""369.3066666666667"", ""323.1433333333333""]",not_time,derived_or_not_applicable,overall_run|part_adv|M1,TIME,parse_utc_or_period; preserve_original,RETAIN,,DERIVED_OR_PUBLISHED,accepted_fast_2026-08-03; examples_and_unique_count_sampled_from=50000
snapshots,execution_window_margin,execution_window_margin,float64,unspecified,136373,0.04406311554125575,11844,"[""60.0"", ""46.1633333333333"", ""55.32333333333332""]",not_time,derived_or_not_applicable,overall_run|part_adv|M1,DYNAMIC_CONTINUOUS,numeric_coerce; preserve_missing; fit_scaling_on_train_only,RETAIN,,DERIVED_OR_PUBLISHED,accepted_fast_2026-08-03; examples_and_unique_count_sampled_from=50000
snapshots,window_margin_complete,window_margin_complete,bool,unspecified,142659,0.0,2,"[""True"", ""False""]",not_time,derived_or_not_applicable,overall_run|part_adv|M1,CATEGORICAL,normalize_explicitly; encode_downstream; keep_missing_category,RETAIN,,DERIVED_OR_PUBLISHED,accepted_fast_2026-08-03; examples_and_unique_count_sampled_from=50000
snapshots,window_margin_missing_components,window_margin_missing_components,string,unspecified,142659,0.0,2,"["""", ""airport_flow_pressure""]",not_time,derived_or_not_applicable,overall_run|part_adv,QUALITY|CATEGORICAL,normalize_explicitly; encode_downstream; keep_missing_category,RETAIN,,DERIVED_OR_PUBLISHED,accepted_fast_2026-08-03; examples_and_unique_count_sampled_from=50000
snapshots,aircraft_group,aircraft_group,object,unspecified,142659,0.0,5,"[""wide_body"", ""unknown"", ""other""]",not_time,derived_or_not_applicable,overall_run|part_adv|M1,CATEGORICAL,normalize_explicitly; encode_downstream; keep_missing_category,RETAIN,,DERIVED_OR_PUBLISHED,accepted_fast_2026-08-03; examples_and_unique_count_sampled_from=50000
snapshots,aircraft_type_unknown,aircraft_type_unknown,bool,unspecified,142659,0.0,2,"[""False"", ""True""]",not_time,derived_or_not_applicable,overall_run|part_adv,CATEGORICAL,normalize_explicitly; encode_downstream; keep_missing_category,RETAIN,,DERIVED_OR_PUBLISHED,accepted_fast_2026-08-03; examples_and_unique_count_sampled_from=50000
snapshots,runway_count,runway_count,float64,unspecified,142659,0.0,4,"[""4.0"", ""6.0"", ""3.0""]",not_time,derived_or_not_applicable,overall_run|part_adv|M1,QUALITY|STATIC_CONTINUOUS,numeric_coerce; preserve_missing; fit_scaling_on_train_only,RETAIN,,DERIVED_OR_PUBLISHED,accepted_fast_2026-08-03; examples_and_unique_count_sampled_from=50000
snapshots,infrastructure_flexibility,infrastructure_flexibility,float64,unspecified,142659,0.0,4,"[""0.9130434782608713"", ""1.0"", ""0.4782608695652183""]",not_time,derived_or_not_applicable,overall_run|part_adv|M1,STATIC_CONTINUOUS,numeric_coerce; preserve_missing; fit_scaling_on_train_only,RETAIN,,DERIVED_OR_PUBLISHED,accepted_fast_2026-08-03; examples_and_unique_count_sampled_from=50000
snapshots,airport_scale,airport_scale,float64,unspecified,142659,0.0,6,"[""0.8373979833570234"", ""0.9084809780251315"", ""0.9920428686779713""]",not_time,derived_or_not_applicable,overall_run|part_adv|M1,STATIC_CONTINUOUS,numeric_coerce; preserve_missing; fit_scaling_on_train_only,RETAIN,,DERIVED_OR_PUBLISHED,accepted_fast_2026-08-03; examples_and_unique_count_sampled_from=50000
snapshots,estimated_passenger_load,estimated_passenger_load,float64,unspecified,142659,0.0,24,"[""238.99617647406984"", ""206.4140136011914"", ""138.26403751352652""]",not_time,derived_or_not_applicable,overall_run|part_adv|M1,DYNAMIC_CONTINUOUS,numeric_coerce; preserve_missing; fit_scaling_on_train_only,RETAIN,,DERIVED_OR_PUBLISHED,accepted_fast_2026-08-03; examples_and_unique_count_sampled_from=50000
snapshots,connection_pressure_proxy,connection_pressure_proxy,float64,unspecified,142659,0.0,22,"[""0.07203234286775666"", ""0.4691809865603661"", ""0.051448840592460354""]",not_time,derived_or_not_applicable,overall_run|part_adv|M1,DYNAMIC_CONTINUOUS,numeric_coerce; preserve_missing; fit_scaling_on_train_only,RETAIN,,DERIVED_OR_PUBLISHED,accepted_fast_2026-08-03; examples_and_unique_count_sampled_from=50000
snapshots,rebooking_scarcity_proxy,rebooking_scarcity_proxy,float64,unspecified,142659,0.0,95,"[""0.038678803101388"", ""0.028972758789206493"", ""0.08011678732979546""]",not_time,derived_or_not_applicable,overall_run|part_adv|M1,DYNAMIC_CONTINUOUS,numeric_coerce; preserve_missing; fit_scaling_on_train_only,RETAIN,,DERIVED_OR_PUBLISHED,accepted_fast_2026-08-03; examples_and_unique_count_sampled_from=50000
snapshots,passenger_proxy_level,passenger_proxy_level,object,unspecified,142659,0.0,1,"[""DESTINATION_LAGGED_MONTH""]",not_time,derived_or_not_applicable,overall_run|part_adv,CATEGORICAL,normalize_explicitly; encode_downstream; keep_missing_category,RETAIN,,DERIVED_OR_PUBLISHED,accepted_fast_2026-08-03; examples_and_unique_count_sampled_from=50000
snapshots,passenger_proxy_support,passenger_proxy_support,int64,unspecified,142659,0.0,6,"[""28159"", ""32007"", ""33268""]",not_time,derived_or_not_applicable,overall_run|part_adv,DYNAMIC_CONTINUOUS,numeric_coerce; preserve_missing; fit_scaling_on_train_only,RETAIN,,DERIVED_OR_PUBLISHED,accepted_fast_2026-08-03; examples_and_unique_count_sampled_from=50000
snapshots,passenger_proxy_evidence_status,passenger_proxy_evidence_status,object,unspecified,142659,0.0,1,"[""SUPPORTED_PROXY""]",not_time,derived_or_not_applicable,overall_run|part_adv,QUALITY|EVIDENCE,preserve,RETAIN,,DERIVED_OR_PUBLISHED,accepted_fast_2026-08-03; examples_and_unique_count_sampled_from=50000
snapshots,passenger_proxy_source_period,passenger_proxy_source_period,object,unspecified,142659,0.0,1,"[""2022-04""]",calendar_period,derived_or_not_applicable,overall_run|part_adv,TIME|EVIDENCE,parse_utc_or_period; preserve_original,RETAIN,,DERIVED_OR_PUBLISHED,accepted_fast_2026-08-03; examples_and_unique_count_sampled_from=50000
snapshots,passenger_proxy_fallback_reason,passenger_proxy_fallback_reason,object,unspecified,142659,0.0,1,"[""""]",not_time,derived_or_not_applicable,overall_run|part_adv,EVIDENCE,preserve,RETAIN,,DERIVED_OR_PUBLISHED,accepted_fast_2026-08-03; examples_and_unique_count_sampled_from=50000
snapshots,evidence_completeness,evidence_completeness,float64,unspecified,142659,0.0,10,"[""0.6"", ""0.9"", ""0.75""]",not_time,derived_or_not_applicable,overall_run|part_adv|M1,EVIDENCE|DYNAMIC_CONTINUOUS,numeric_coerce; preserve_missing; fit_scaling_on_train_only,RETAIN,,DERIVED_OR_PUBLISHED,accepted_fast_2026-08-03; examples_and_unique_count_sampled_from=50000
snapshots,observed_feature_count,observed_feature_count,int64,unspecified,142659,0.0,10,"[""12"", ""18"", ""15""]",not_time,derived_or_not_applicable,overall_run|part_adv|M1,QUALITY|DYNAMIC_CONTINUOUS,numeric_coerce; preserve_missing; fit_scaling_on_train_only,RETAIN,,DERIVED_OR_PUBLISHED,accepted_fast_2026-08-03; examples_and_unique_count_sampled_from=50000
snapshots,causally_interpolated_count,causally_interpolated_count,int64,unspecified,142659,0.0,1,"[""0""]",not_time,derived_or_not_applicable,overall_run|part_adv|M1,QUALITY|DYNAMIC_CONTINUOUS,numeric_coerce; preserve_missing; fit_scaling_on_train_only,RETAIN,,DERIVED_OR_PUBLISHED,accepted_fast_2026-08-03; examples_and_unique_count_sampled_from=50000
snapshots,calibration_imputed_count,calibration_imputed_count,int64,unspecified,142659,0.0,1,"[""0""]",not_time,derived_or_not_applicable,overall_run|part_adv|M1,QUALITY|DYNAMIC_CONTINUOUS,numeric_coerce; preserve_missing; fit_scaling_on_train_only,RETAIN,,DERIVED_OR_PUBLISHED,accepted_fast_2026-08-03; examples_and_unique_count_sampled_from=50000
snapshots,structural_missing_count,structural_missing_count,int64,unspecified,142659,0.0,1,"[""0""]",not_time,derived_or_not_applicable,overall_run|part_adv|M1,QUALITY|DYNAMIC_CONTINUOUS,numeric_coerce; preserve_missing; fit_scaling_on_train_only,RETAIN,,DERIVED_OR_PUBLISHED,accepted_fast_2026-08-03; examples_and_unique_count_sampled_from=50000
snapshots,temporal_missing_count,temporal_missing_count,int64,unspecified,142659,0.0,10,"[""8"", ""2"", ""5""]",not_time,derived_or_not_applicable,overall_run|part_adv|M1,QUALITY|DYNAMIC_CONTINUOUS,numeric_coerce; preserve_missing; fit_scaling_on_train_only,RETAIN,,DERIVED_OR_PUBLISHED,accepted_fast_2026-08-03; examples_and_unique_count_sampled_from=50000
snapshots,snapshot_valid,snapshot_valid,bool,unspecified,142659,0.0,2,"[""False"", ""True""]",event_or_decision_time_utc,derived_or_not_applicable,overall_run|part_adv,QUALITY|CATEGORICAL,normalize_explicitly; encode_downstream; keep_missing_category,RETAIN,,DERIVED_OR_PUBLISHED,accepted_fast_2026-08-03; examples_and_unique_count_sampled_from=50000
snapshots,snapshot_exclusion_reason,snapshot_exclusion_reason,object,unspecified,142659,0.0,5,"[""RECORD_NOT_AVAILABLE_BY_T"", ""FAILED_QUALITY_CHECK"", ""FLIGHT_COMPLETED_BEFORE_SNAPSHOT""]",not_time,derived_or_not_applicable,overall_run|part_adv,CATEGORICAL,normalize_explicitly; encode_downstream; keep_missing_category,RETAIN,,DERIVED_OR_PUBLISHED,accepted_fast_2026-08-03; examples_and_unique_count_sampled_from=50000
snapshots,balanced_primary_cohort,balanced_primary_cohort,bool,unspecified,142659,0.0,2,"[""False"", ""True""]",not_time,derived_or_not_applicable,overall_run|part_adv,CATEGORICAL,normalize_explicitly; encode_downstream; keep_missing_category,RETAIN,,DERIVED_OR_PUBLISHED,accepted_fast_2026-08-03; examples_and_unique_count_sampled_from=50000
snapshots,flight_id,flight_id,object,unspecified,142659,0.0,5556,"[""d9e57c95490303a0346a65946560bc3e"", ""ddd938b03278eb39a7b8facdf09cac9d"", ""0573a488e73b4e7ed8907b8f7be6120b""]",not_time,derived_or_not_applicable,overall_run|part_adv,IDENTITY|CATEGORICAL,normalize_explicitly; encode_downstream; keep_missing_category,RETAIN,,DERIVED_OR_PUBLISHED,accepted_fast_2026-08-03; examples_and_unique_count_sampled_from=50000
snapshots,aircraft_id,aircraft_id,object,unspecified,142659,0.0,2409,"[""34558f"", ""3c64f7"", ""a290f3""]",not_time,derived_or_not_applicable,overall_run|part_adv,IDENTITY|CATEGORICAL,normalize_explicitly; encode_downstream; keep_missing_category,RETAIN,,DERIVED_OR_PUBLISHED,accepted_fast_2026-08-03; examples_and_unique_count_sampled_from=50000
snapshots,anchor_date,anchor_date,object,unspecified,142659,0.0,2,"[""2022-05-02"", ""2022-05-09""]",calendar_date,derived_or_not_applicable,overall_run|part_adv,TIME,parse_utc_or_period; preserve_original,RETAIN,,DERIVED_OR_PUBLISHED,accepted_fast_2026-08-03; examples_and_unique_count_sampled_from=50000
snapshots,snapshot_time,snapshot_time,"datetime64[ns, UTC]",unspecified,142659,0.0,49660,"[""2022-05-02 00:46:14.799999998+00:00"", ""2022-05-02 01:32:24.600000002+00:00"", ""2022-05-02 02:18:34.400000+00:00""]",event_or_decision_time_utc,derived_or_not_applicable,overall_run|part_adv,TIME,parse_utc_or_period; preserve_original,RETAIN,,DERIVED_OR_PUBLISHED,accepted_fast_2026-08-03; examples_and_unique_count_sampled_from=50000
snapshots,airport_id,airport_id,object,unspecified,142659,0.0,6,"[""LEMD"", ""EDDF"", ""LFPG""]",not_time,derived_or_not_applicable,overall_run|part_adv,IDENTITY|CATEGORICAL,normalize_explicitly; encode_downstream; keep_missing_category,RETAIN,,DERIVED_OR_PUBLISHED,accepted_fast_2026-08-03; examples_and_unique_count_sampled_from=50000
snapshots,source_available,source_available,bool,unspecified,142659,0.0,2,"[""True"", ""False""]",not_time,derived_or_not_applicable,overall_run|part_adv,EVIDENCE,preserve,RETAIN,,DERIVED_OR_PUBLISHED,accepted_fast_2026-08-03; examples_and_unique_count_sampled_from=50000
snapshots,state_history_available,state_history_available,bool,unspecified,142659,0.0,2,"[""False"", ""True""]",not_time,derived_or_not_applicable,overall_run|part_adv,CATEGORICAL,normalize_explicitly; encode_downstream; keep_missing_category,RETAIN,,DERIVED_OR_PUBLISHED,accepted_fast_2026-08-03; examples_and_unique_count_sampled_from=50000
snapshots,aircraft_sequence_available,aircraft_sequence_available,bool,unspecified,142659,0.0,1,"[""True""]",not_time,derived_or_not_applicable,overall_run|part_adv,CATEGORICAL,normalize_explicitly; encode_downstream; keep_missing_category,RETAIN,,DERIVED_OR_PUBLISHED,accepted_fast_2026-08-03; examples_and_unique_count_sampled_from=50000
snapshots,passenger_handling_available,passenger_handling_available,bool,unspecified,142659,0.0,1,"[""True""]",not_time,derived_or_not_applicable,overall_run|part_adv,CATEGORICAL,normalize_explicitly; encode_downstream; keep_missing_category,RETAIN,,DERIVED_OR_PUBLISHED,accepted_fast_2026-08-03; examples_and_unique_count_sampled_from=50000
snapshots,state_missing,state_missing,bool,unspecified,142659,0.0,2,"[""True"", ""False""]",not_time,derived_or_not_applicable,overall_run|part_adv,QUALITY|CATEGORICAL,normalize_explicitly; encode_downstream; keep_missing_category,RETAIN,,DERIVED_OR_PUBLISHED,accepted_fast_2026-08-03; examples_and_unique_count_sampled_from=50000
snapshots,weather_missing,weather_missing,bool,unspecified,142659,0.0,1,"[""False""]",not_time,derived_or_not_applicable,overall_run|part_adv,QUALITY|CATEGORICAL,normalize_explicitly; encode_downstream; keep_missing_category,RETAIN,,DERIVED_OR_PUBLISHED,accepted_fast_2026-08-03; examples_and_unique_count_sampled_from=50000
snapshots,flow_missing,flow_missing,bool,unspecified,142659,0.0,2,"[""False"", ""True""]",not_time,derived_or_not_applicable,overall_run|part_adv,QUALITY|CATEGORICAL,normalize_explicitly; encode_downstream; keep_missing_category,RETAIN,,DERIVED_OR_PUBLISHED,accepted_fast_2026-08-03; examples_and_unique_count_sampled_from=50000
snapshots,passenger_proxy_missing,passenger_proxy_missing,bool,unspecified,142659,0.0,1,"[""False""]",not_time,derived_or_not_applicable,overall_run|part_adv,QUALITY|CATEGORICAL,normalize_explicitly; encode_downstream; keep_missing_category,RETAIN,,DERIVED_OR_PUBLISHED,accepted_fast_2026-08-03; examples_and_unique_count_sampled_from=50000
snapshots,reference_level,reference_level,object,unspecified,142659,0.0,1,"[""DESTINATION_LAGGED_MONTH""]",not_time,derived_or_not_applicable,overall_run|part_adv,REFERENCE|CATEGORICAL,normalize_explicitly; encode_downstream; keep_missing_category,RETAIN,,DERIVED_OR_PUBLISHED,accepted_fast_2026-08-03; examples_and_unique_count_sampled_from=50000
snapshots,fallback_level,fallback_level,object,unspecified,142659,0.0,1,"[""""]",not_time,derived_or_not_applicable,overall_run|part_adv,EVIDENCE,preserve,RETAIN,,DERIVED_OR_PUBLISHED,accepted_fast_2026-08-03; examples_and_unique_count_sampled_from=50000
snapshots,formal_eligible,formal_eligible,bool,unspecified,142659,0.0,1,"[""True""]",not_time,derived_or_not_applicable,overall_run|part_adv,QUALITY|CATEGORICAL,normalize_explicitly; encode_downstream; keep_missing_category,RETAIN,,DERIVED_OR_PUBLISHED,accepted_fast_2026-08-03; examples_and_unique_count_sampled_from=50000
snapshots,debug_only,debug_only,bool,unspecified,142659,0.0,1,"[""True""]",not_time,derived_or_not_applicable,overall_run|part_adv,CATEGORICAL,normalize_explicitly; encode_downstream; keep_missing_category,RETAIN,,DERIVED_OR_PUBLISHED,accepted_fast_2026-08-03; examples_and_unique_count_sampled_from=50000
snapshots,exclusion_reason,exclusion_reason,object,unspecified,142659,0.0,5,"[""RECORD_NOT_AVAILABLE_BY_T"", ""FAILED_QUALITY_CHECK"", ""FLIGHT_COMPLETED_BEFORE_SNAPSHOT""]",not_time,derived_or_not_applicable,overall_run|part_adv,CATEGORICAL,normalize_explicitly; encode_downstream; keep_missing_category,RETAIN,,DERIVED_OR_PUBLISHED,accepted_fast_2026-08-03; examples_and_unique_count_sampled_from=50000
snapshots,trigger_event_group_id,trigger_event_group_id,object,unspecified,142659,0.0,12,"[""652893f31481336b137c0005"", ""a239433387804ca36ac0262b"", ""9b6aa54f2df6bddb8a939eae""]",not_time,derived_or_not_applicable,overall_run|part_adv,IDENTITY|CATEGORICAL,normalize_explicitly; encode_downstream; keep_missing_category,RETAIN,,DERIVED_OR_PUBLISHED,accepted_fast_2026-08-03; examples_and_unique_count_sampled_from=50000
snapshots,has_predecessor_candidate,has_predecessor_candidate,bool,unspecified,142659,0.0,2,"[""False"", ""True""]",calendar_date,derived_or_not_applicable,overall_run|part_adv|M1,TIME,parse_utc_or_period; preserve_original,RETAIN,,DERIVED_OR_PUBLISHED,accepted_fast_2026-08-03; examples_and_unique_count_sampled_from=50000
snapshots,has_supported_predecessor,has_supported_predecessor,bool,unspecified,142659,0.0,2,"[""False"", ""True""]",not_time,derived_or_not_applicable,overall_run|part_adv|M1,CATEGORICAL,normalize_explicitly; encode_downstream; keep_missing_category,RETAIN,,DERIVED_OR_PUBLISHED,accepted_fast_2026-08-03; examples_and_unique_count_sampled_from=50000
snapshots,predecessor_flight_id,predecessor_flight_id,object,unspecified,127854,0.10377894139171029,4525,"[""b61ba549f85ef28e48fdd5abe673d3af"", ""095007907729b450b95f254de6471467"", ""937cdf7f1c970eccb072b44fd250058f""]",not_time,derived_or_not_applicable,overall_run|part_adv,IDENTITY|CATEGORICAL,normalize_explicitly; encode_downstream; keep_missing_category,RETAIN,,DERIVED_OR_PUBLISHED,accepted_fast_2026-08-03; examples_and_unique_count_sampled_from=50000
snapshots,predecessor_firstseen_proxy,predecessor_firstseen_proxy,"datetime64[ns, UTC]",unspecified,13779,0.9034130338779888,538,"[""2022-05-01 19:21:20+00:00"", ""2022-05-01 20:24:21+00:00"", ""2022-05-01 19:23:30+00:00""]",event_or_decision_time_utc,derived_or_not_applicable,overall_run|part_adv,TIME,parse_utc_or_period; preserve_original,RETAIN,,DERIVED_OR_PUBLISHED,accepted_fast_2026-08-03; examples_and_unique_count_sampled_from=50000
snapshots,predecessor_lastseen_proxy,predecessor_lastseen_proxy,"datetime64[ns, UTC]",unspecified,13779,0.9034130338779888,535,"[""2022-05-01 21:24:08+00:00"", ""2022-05-01 21:49:52+00:00"", ""2022-05-01 21:01:51+00:00""]",event_or_decision_time_utc,derived_or_not_applicable,overall_run|part_adv,TIME|FORBIDDEN_MODEL_INPUT,retain_for_label_or_audit; exclude_from_model_features,RETAIN,,DERIVED_OR_PUBLISHED,accepted_fast_2026-08-03; examples_and_unique_count_sampled_from=50000
snapshots,predecessor_observed_duration,predecessor_observed_duration,float64,unspecified,13779,0.9034130338779888,519,"[""122.8"", ""85.51666666666667"", ""98.35""]",not_time,derived_or_not_applicable,overall_run|part_adv|M1,DYNAMIC_CONTINUOUS,numeric_coerce; preserve_missing; fit_scaling_on_train_only,RETAIN,,DERIVED_OR_PUBLISHED,accepted_fast_2026-08-03; examples_and_unique_count_sampled_from=50000
snapshots,predecessor_origin_inferred,predecessor_origin_inferred,object,unspecified,13779,0.9034130338779888,84,"[""EHAM"", ""LIRF"", ""LFPG""]",not_time,derived_or_not_applicable,overall_run|part_adv,CATEGORICAL,normalize_explicitly; encode_downstream; keep_missing_category,RETAIN,,DERIVED_OR_PUBLISHED,accepted_fast_2026-08-03; examples_and_unique_count_sampled_from=50000
snapshots,predecessor_destination_inferred,predecessor_destination_inferred,object,unspecified,13779,0.9034130338779888,6,"[""LEMD"", ""LEBL"", ""EDDF""]",not_time,derived_or_not_applicable,overall_run|part_adv,CATEGORICAL,normalize_explicitly; encode_downstream; keep_missing_category,RETAIN,,DERIVED_OR_PUBLISHED,accepted_fast_2026-08-03; examples_and_unique_count_sampled_from=50000
snapshots,predecessor_endpoint_quality,predecessor_endpoint_quality,object,unspecified,13779,0.9034130338779888,1,"[""COMPLETE_INFERRED_AIRPORT_PAIR""]",not_time,derived_or_not_applicable,overall_run|part_adv|M1,QUALITY|CATEGORICAL,normalize_explicitly; encode_downstream; keep_missing_category,RETAIN,,DERIVED_OR_PUBLISHED,accepted_fast_2026-08-03; examples_and_unique_count_sampled_from=50000
snapshots,predecessor_trajectory_coverage,predecessor_trajectory_coverage,float64,unspecified,10575,0.9258721847202069,1,"[""1.0""]",not_time,derived_or_not_applicable,overall_run|part_adv|M1,QUALITY|DYNAMIC_CONTINUOUS,numeric_coerce; preserve_missing; fit_scaling_on_train_only,RETAIN,,DERIVED_OR_PUBLISHED,accepted_fast_2026-08-03; examples_and_unique_count_sampled_from=50000
snapshots,predecessor_registration_match,predecessor_registration_match,boolean,unspecified,0,1.0,0,[],not_time,derived_or_not_applicable,overall_run|part_adv|M1,CATEGORICAL,normalize_explicitly; encode_downstream; keep_missing_category,RETAIN,,DERIVED_OR_PUBLISHED,accepted_fast_2026-08-03; examples_and_unique_count_sampled_from=50000
snapshots,predecessor_typecode_match,predecessor_typecode_match,boolean,unspecified,11925,0.9164090593653398,1,"[""True""]",not_time,derived_or_not_applicable,overall_run|part_adv|M1,CATEGORICAL,normalize_explicitly; encode_downstream; keep_missing_category,RETAIN,,DERIVED_OR_PUBLISHED,accepted_fast_2026-08-03; examples_and_unique_count_sampled_from=50000
snapshots,predecessor_aircraft_group,predecessor_aircraft_group,object,unspecified,13779,0.9034130338779888,5,"[""narrow_body"", ""regional"", ""other""]",not_time,derived_or_not_applicable,overall_run|part_adv|M1,CATEGORICAL,normalize_explicitly; encode_downstream; keep_missing_category,RETAIN,,DERIVED_OR_PUBLISHED,accepted_fast_2026-08-03; examples_and_unique_count_sampled_from=50000
snapshots,observed_ground_gap_minutes,observed_ground_gap_minutes,float64,unspecified,13779,0.9034130338779888,519,"[""405.6166666666667"", ""389.7"", ""440.05""]",not_time,derived_or_not_applicable,overall_run|part_adv|M1,DYNAMIC_CONTINUOUS,numeric_coerce; preserve_missing; fit_scaling_on_train_only,RETAIN,,DERIVED_OR_PUBLISHED,accepted_fast_2026-08-03; examples_and_unique_count_sampled_from=50000
snapshots,ground_gap_deviation_from_reference,ground_gap_deviation_from_reference,float64,unspecified,13779,0.9034130338779888,535,"[""310.7166666666667"", ""314.9"", ""345.15""]",not_time,derived_or_not_applicable,overall_run|part_adv|M1,REFERENCE|DYNAMIC_CONTINUOUS,numeric_coerce; preserve_missing; fit_scaling_on_train_only,RETAIN,,DERIVED_OR_PUBLISHED,accepted_fast_2026-08-03; examples_and_unique_count_sampled_from=50000
snapshots,airport_continuity,airport_continuity,boolean,unspecified,13779,0.9034130338779888,1,"[""True""]",not_time,derived_or_not_applicable,overall_run|part_adv|M1,CATEGORICAL,normalize_explicitly; encode_downstream; keep_missing_category,RETAIN,,DERIVED_OR_PUBLISHED,accepted_fast_2026-08-03; examples_and_unique_count_sampled_from=50000
snapshots,predecessor_movement_deviation_proxy,predecessor_movement_deviation_proxy,float64,unspecified,13779,0.9034130338779888,447,"[""5.833333333333329"", ""6.950000000000003"", ""4.733333333333334""]",not_time,derived_or_not_applicable,overall_run|part_adv|M1,DYNAMIC_CONTINUOUS,numeric_coerce; preserve_missing; fit_scaling_on_train_only,RETAIN,,DERIVED_OR_PUBLISHED,accepted_fast_2026-08-03; examples_and_unique_count_sampled_from=50000
snapshots,predecessor_completion_state,predecessor_completion_state,object,unspecified,13779,0.9034130338779888,1,"[""COMPLETED_BEFORE_CURRENT""]",not_time,derived_or_not_applicable,overall_run|part_adv|M1,CATEGORICAL,normalize_explicitly; encode_downstream; keep_missing_category,RETAIN,,DERIVED_OR_PUBLISHED,accepted_fast_2026-08-03; examples_and_unique_count_sampled_from=50000
snapshots,turnaround_pressure_proxy,turnaround_pressure_proxy,float64,unspecified,13779,0.9034130338779888,194,"[""0.0"", ""0.23225983603342096"", ""0.15236942234520917""]",not_time,derived_or_not_applicable,overall_run|part_adv|M1,DYNAMIC_CONTINUOUS,numeric_coerce; preserve_missing; fit_scaling_on_train_only,RETAIN,,DERIVED_OR_PUBLISHED,accepted_fast_2026-08-03; examples_and_unique_count_sampled_from=50000
snapshots,continuation_risk_proxy,continuation_risk_proxy,float64,unspecified,13779,0.9034130338779888,329,"[""0.023751357220412578"", ""0.04063535373221596"", ""0.024063718013895955""]",not_time,derived_or_not_applicable,overall_run|part_adv|M1,DYNAMIC_CONTINUOUS,numeric_coerce; preserve_missing; fit_scaling_on_train_only,RETAIN,,DERIVED_OR_PUBLISHED,accepted_fast_2026-08-03; examples_and_unique_count_sampled_from=50000
snapshots,previous_leg_observation_quality,previous_leg_observation_quality,float64,unspecified,13779,0.9034130338779888,2,"[""0.68"", ""0.85""]",not_time,derived_or_not_applicable,overall_run|part_adv|M1,QUALITY|DYNAMIC_CONTINUOUS,numeric_coerce; preserve_missing; fit_scaling_on_train_only,RETAIN,,DERIVED_OR_PUBLISHED,accepted_fast_2026-08-03; examples_and_unique_count_sampled_from=50000
snapshots,predecessor_match_confidence,predecessor_match_confidence,float64,unspecified,13779,0.9034130338779888,1,"[""0.85""]",not_time,derived_or_not_applicable,overall_run|part_adv|M1,DYNAMIC_CONTINUOUS,numeric_coerce; preserve_missing; fit_scaling_on_train_only,RETAIN,,DERIVED_OR_PUBLISHED,accepted_fast_2026-08-03; examples_and_unique_count_sampled_from=50000
snapshots,predecessor_evidence_tier,predecessor_evidence_tier,object,unspecified,13779,0.9034130338779888,1,"[""R3_COVERAGE_AWARE""]",not_time,derived_or_not_applicable,overall_run|part_adv|M1,EVIDENCE,preserve,RETAIN,,DERIVED_OR_PUBLISHED,accepted_fast_2026-08-03; examples_and_unique_count_sampled_from=50000
snapshots,predecessor_support_rule,predecessor_support_rule,object,unspecified,13779,0.9034130338779888,1,"[""R3_COVERAGE_AWARE""]",not_time,derived_or_not_applicable,overall_run|part_adv|M1,CATEGORICAL,normalize_explicitly; encode_downstream; keep_missing_category,RETAIN,,DERIVED_OR_PUBLISHED,accepted_fast_2026-08-03; examples_and_unique_count_sampled_from=50000
snapshots,predecessor_support_status,predecessor_support_status,object,unspecified,142659,0.0,2,"[""UNSUPPORTED"", ""SUPPORTED""]",not_time,derived_or_not_applicable,overall_run|part_adv|M1,QUALITY|CATEGORICAL,normalize_explicitly; encode_downstream; keep_missing_category,RETAIN,,DERIVED_OR_PUBLISHED,accepted_fast_2026-08-03; examples_and_unique_count_sampled_from=50000
snapshots,predecessor_rejection_reason,predecessor_rejection_reason,object,unspecified,142659,0.0,6,"[""NO_PREDECESSOR_CANDIDATE"", ""AIRPORT_DISCONTINUITY"", ""ENDPOINT_QUALITY_UNSUPPORTED""]",not_time,derived_or_not_applicable,overall_run|part_adv|M1,CATEGORICAL,normalize_explicitly; encode_downstream; keep_missing_category,RETAIN,,DERIVED_OR_PUBLISHED,accepted_fast_2026-08-03; examples_and_unique_count_sampled_from=50000
snapshots,nearest_raw_candidate_id,nearest_raw_candidate_id,object,unspecified,127854,0.10377894139171029,4546,"[""b61ba549f85ef28e48fdd5abe673d3af"", ""095007907729b450b95f254de6471467"", ""937cdf7f1c970eccb072b44fd250058f""]",calendar_date,derived_or_not_applicable,overall_run|part_adv,IDENTITY|TIME,parse_utc_or_period; preserve_original,RETAIN,,DERIVED_OR_PUBLISHED,accepted_fast_2026-08-03; examples_and_unique_count_sampled_from=50000
snapshots,selected_supported_predecessor_id,selected_supported_predecessor_id,object,unspecified,13779,0.9034130338779888,539,"[""48d13332c779d2b8bbec6c78f166fce3"", ""1fe77042cfff010bf11f0df4660919a4"", ""490fd15a0742440c26c294a4a6180884""]",not_time,derived_or_not_applicable,overall_run|part_adv,IDENTITY|CATEGORICAL,normalize_explicitly; encode_downstream; keep_missing_category,RETAIN,,DERIVED_OR_PUBLISHED,accepted_fast_2026-08-03; examples_and_unique_count_sampled_from=50000
snapshots,raw_candidate_rejection_reason,raw_candidate_rejection_reason,object,unspecified,142659,0.0,4,"[""NO_PREDECESSOR_CANDIDATE"", ""AIRPORT_DISCONTINUITY"", ""ENDPOINT_QUALITY_UNSUPPORTED""]",calendar_date,derived_or_not_applicable,overall_run|part_adv,TIME,parse_utc_or_period; preserve_original,RETAIN,,DERIVED_OR_PUBLISHED,accepted_fast_2026-08-03; examples_and_unique_count_sampled_from=50000
snapshots,search_depth,search_depth,int64,unspecified,142659,0.0,22,"[""0"", ""1"", ""3""]",not_time,derived_or_not_applicable,overall_run|part_adv,DYNAMIC_CONTINUOUS,numeric_coerce; preserve_missing; fit_scaling_on_train_only,RETAIN,,DERIVED_OR_PUBLISHED,accepted_fast_2026-08-03; examples_and_unique_count_sampled_from=50000
snapshots,period,period,object,unspecified,142659,0.0,1,"[""2022-05""]",calendar_period,derived_or_not_applicable,overall_run|part_adv,TIME,parse_utc_or_period; preserve_original,RETAIN,,DERIVED_OR_PUBLISHED,accepted_fast_2026-08-03; examples_and_unique_count_sampled_from=50000
snapshots,_predecessor_availability_time,_predecessor_availability_time,"datetime64[ns, UTC]",unspecified,13779,0.9034130338779888,535,"[""2022-05-01 21:24:08+00:00"", ""2022-05-01 21:49:52+00:00"", ""2022-05-01 21:01:51+00:00""]",knowledge_time_utc,explicit_availability_time,overall_run|part_adv,TIME|EVIDENCE,parse_utc_or_period; preserve_original,RETAIN,,DERIVED_OR_PUBLISHED,accepted_fast_2026-08-03; examples_and_unique_count_sampled_from=50000
snapshots,passenger_proxy_reference_period,passenger_proxy_reference_period,object,unspecified,142659,0.0,1,"[""2022-04""]",calendar_period,derived_or_not_applicable,overall_run|part_adv,TIME|REFERENCE,parse_utc_or_period; preserve_original,RETAIN,,DERIVED_OR_PUBLISHED,accepted_fast_2026-08-03; examples_and_unique_count_sampled_from=50000
snapshots,passenger_proxy_source_key,passenger_proxy_source_key,object,unspecified,142659,0.0,6,"[""destination=LEMD|period=2022-04"", ""destination=EDDF|period=2022-04"", ""destination=LFPG|period=2022-04""]",not_time,derived_or_not_applicable,overall_run|part_adv,EVIDENCE,preserve,RETAIN,,DERIVED_OR_PUBLISHED,accepted_fast_2026-08-03; examples_and_unique_count_sampled_from=50000
snapshots,passenger_proxy_future_data_used,passenger_proxy_future_data_used,bool,unspecified,142659,0.0,1,"[""False""]",not_time,derived_or_not_applicable,overall_run|part_adv,FORBIDDEN_MODEL_INPUT|CATEGORICAL,retain_for_label_or_audit; exclude_from_model_features,RETAIN,,DERIVED_OR_PUBLISHED,accepted_fast_2026-08-03; examples_and_unique_count_sampled_from=50000
snapshots,passenger_proxy_missing_reason,passenger_proxy_missing_reason,object,unspecified,142659,0.0,1,"[""""]",not_time,derived_or_not_applicable,overall_run|part_adv,QUALITY|CATEGORICAL,normalize_explicitly; encode_downstream; keep_missing_category,RETAIN,,DERIVED_OR_PUBLISHED,accepted_fast_2026-08-03; examples_and_unique_count_sampled_from=50000
snapshots,passenger_proxy_attempted_levels,passenger_proxy_attempted_levels,object,unspecified,142659,0.0,1,"[""[\""OD_MONTH_AIRCRAFT_GROUP:SOURCE_UNAVAILABLE\"", \""OD_MONTH:SOURCE_UNAVAILABLE\"", \""DESTINATION_LAGGED_MONTH\""]""]",not_time,derived_or_not_applicable,overall_run|part_adv,CATEGORICAL,normalize_explicitly; encode_downstream; keep_missing_category,RETAIN,,DERIVED_OR_PUBLISHED,accepted_fast_2026-08-03; examples_and_unique_count_sampled_from=50000
snapshots,passenger_target_period,passenger_target_period,object,unspecified,142659,0.0,1,"[""2022-05""]",calendar_period,derived_or_not_applicable,overall_run|part_adv,TIME,parse_utc_or_period; preserve_original,RETAIN,,DERIVED_OR_PUBLISHED,accepted_fast_2026-08-03; examples_and_unique_count_sampled_from=50000
snapshots,passenger_source_period,passenger_source_period,object,unspecified,142659,0.0,1,"[""2022-04""]",calendar_period,derived_or_not_applicable,overall_run|part_adv,TIME|EVIDENCE,parse_utc_or_period; preserve_original,RETAIN,,DERIVED_OR_PUBLISHED,accepted_fast_2026-08-03; examples_and_unique_count_sampled_from=50000
snapshots,passenger_period_end,passenger_period_end,object,unspecified,142659,0.0,1,"[""2022-04-30 23:59:59.999999999""]",calendar_period,derived_or_not_applicable,overall_run|part_adv,TIME,parse_utc_or_period; preserve_original,RETAIN,,DERIVED_OR_PUBLISHED,accepted_fast_2026-08-03; examples_and_unique_count_sampled_from=50000
snapshots,passenger_lag_months,passenger_lag_months,int64,unspecified,142659,0.0,1,"[""1""]",calendar_period,derived_or_not_applicable,overall_run|part_adv,TIME,parse_utc_or_period; preserve_original,RETAIN,,DERIVED_OR_PUBLISHED,accepted_fast_2026-08-03; examples_and_unique_count_sampled_from=50000
snapshots,passenger_requested_level,passenger_requested_level,object,unspecified,142659,0.0,1,"[""DESTINATION_LAGGED_MONTH""]",not_time,derived_or_not_applicable,overall_run|part_adv,CATEGORICAL,normalize_explicitly; encode_downstream; keep_missing_category,RETAIN,,DERIVED_OR_PUBLISHED,accepted_fast_2026-08-03; examples_and_unique_count_sampled_from=50000
snapshots,passenger_used_level,passenger_used_level,object,unspecified,142659,0.0,1,"[""DESTINATION_LAGGED_MONTH""]",not_time,derived_or_not_applicable,overall_run|part_adv,CATEGORICAL,normalize_explicitly; encode_downstream; keep_missing_category,RETAIN,,DERIVED_OR_PUBLISHED,accepted_fast_2026-08-03; examples_and_unique_count_sampled_from=50000
snapshots,passenger_evidence_status,passenger_evidence_status,object,unspecified,142659,0.0,1,"[""SUPPORTED_PROXY""]",not_time,derived_or_not_applicable,overall_run|part_adv,QUALITY|EVIDENCE,preserve,RETAIN,,DERIVED_OR_PUBLISHED,accepted_fast_2026-08-03; examples_and_unique_count_sampled_from=50000
snapshots,passenger_missing_reason,passenger_missing_reason,object,unspecified,142659,0.0,1,"[""""]",not_time,derived_or_not_applicable,overall_run|part_adv,QUALITY|CATEGORICAL,normalize_explicitly; encode_downstream; keep_missing_category,RETAIN,,DERIVED_OR_PUBLISHED,accepted_fast_2026-08-03; examples_and_unique_count_sampled_from=50000
snapshots,passenger_support_count,passenger_support_count,int64,unspecified,142659,0.0,6,"[""28159"", ""32007"", ""33268""]",not_time,derived_or_not_applicable,overall_run|part_adv,QUALITY|DYNAMIC_CONTINUOUS,numeric_coerce; preserve_missing; fit_scaling_on_train_only,RETAIN,,DERIVED_OR_PUBLISHED,accepted_fast_2026-08-03; examples_and_unique_count_sampled_from=50000
snapshots,passenger_source_dataset,passenger_source_dataset,object,unspecified,142659,0.0,1,"[""EUROSTAT_AVIA_PAOA_AND_AVIA_TF_AIRPM""]",not_time,derived_or_not_applicable,overall_run|part_adv,EVIDENCE,preserve,RETAIN,,DERIVED_OR_PUBLISHED,accepted_fast_2026-08-03; examples_and_unique_count_sampled_from=50000
snapshots,passenger_measure_filter,passenger_measure_filter,object,unspecified,142659,0.0,1,"[""{\""commercial_flights\"": \""M/TOTAL/NR\"", \""passenger\"": \""M/PAS/PAS_CRD/TOT/TOTAL\""}""]",not_time,derived_or_not_applicable,overall_run|part_adv,CATEGORICAL,normalize_explicitly; encode_downstream; keep_missing_category,RETAIN,,DERIVED_OR_PUBLISHED,accepted_fast_2026-08-03; examples_and_unique_count_sampled_from=50000
snapshots,passenger_future_data_used,passenger_future_data_used,bool,unspecified,142659,0.0,1,"[""False""]",not_time,derived_or_not_applicable,overall_run|part_adv,FORBIDDEN_MODEL_INPUT|CATEGORICAL,retain_for_label_or_audit; exclude_from_model_features,RETAIN,,DERIVED_OR_PUBLISHED,accepted_fast_2026-08-03; examples_and_unique_count_sampled_from=50000
snapshots,seat_capacity,seat_capacity,float64,unspecified,142659,0.0,4,"[""300.0"", ""180.0"", ""150.0""]",not_time,derived_or_not_applicable,overall_run|part_adv,STATIC_CONTINUOUS,numeric_coerce; preserve_missing; fit_scaling_on_train_only,RETAIN,,DERIVED_OR_PUBLISHED,accepted_fast_2026-08-03; examples_and_unique_count_sampled_from=50000
snapshots,seat_capacity_level,seat_capacity_level,object,unspecified,142659,0.0,2,"[""AIRCRAFT_GROUP_REFERENCE"", ""DESTINATION_MONTH_TRAINING_REFERENCE""]",not_time,derived_or_not_applicable,overall_run|part_adv,CATEGORICAL,normalize_explicitly; encode_downstream; keep_missing_category,RETAIN,,DERIVED_OR_PUBLISHED,accepted_fast_2026-08-03; examples_and_unique_count_sampled_from=50000
snapshots,seat_capacity_support,seat_capacity_support,int64,unspecified,142659,0.0,10,"[""1257"", ""153"", ""835""]",not_time,derived_or_not_applicable,overall_run|part_adv,STATIC_CONTINUOUS,numeric_coerce; preserve_missing; fit_scaling_on_train_only,RETAIN,,DERIVED_OR_PUBLISHED,accepted_fast_2026-08-03; examples_and_unique_count_sampled_from=50000
snapshots,seat_capacity_evidence_status,seat_capacity_evidence_status,object,unspecified,142659,0.0,2,"[""SUPPORTED_PROXY"", ""FALLBACK_PROXY""]",not_time,derived_or_not_applicable,overall_run|part_adv,QUALITY|EVIDENCE,preserve,RETAIN,,DERIVED_OR_PUBLISHED,accepted_fast_2026-08-03; examples_and_unique_count_sampled_from=50000
snapshots,load_factor,load_factor,float64,unspecified,142659,0.0,6,"[""0.7966539215802328"", ""0.6880467120039714"", ""0.7681335417418139""]",not_time,derived_or_not_applicable,overall_run|part_adv,DYNAMIC_CONTINUOUS,numeric_coerce; preserve_missing; fit_scaling_on_train_only,RETAIN,,DERIVED_OR_PUBLISHED,accepted_fast_2026-08-03; examples_and_unique_count_sampled_from=50000
snapshots,load_factor_support,load_factor_support,int64,unspecified,142659,0.0,6,"[""28159"", ""32007"", ""33268""]",not_time,derived_or_not_applicable,overall_run|part_adv,DYNAMIC_CONTINUOUS,numeric_coerce; preserve_missing; fit_scaling_on_train_only,RETAIN,,DERIVED_OR_PUBLISHED,accepted_fast_2026-08-03; examples_and_unique_count_sampled_from=50000
snapshots,load_factor_evidence_status,load_factor_evidence_status,object,unspecified,142659,0.0,1,"[""SUPPORTED_PROXY""]",not_time,derived_or_not_applicable,overall_run|part_adv,QUALITY|EVIDENCE,preserve,RETAIN,,DERIVED_OR_PUBLISHED,accepted_fast_2026-08-03; examples_and_unique_count_sampled_from=50000
snapshots,connection_pressure_support,connection_pressure_support,int64,unspecified,142659,0.0,19,"[""29"", ""52"", ""15""]",not_time,derived_or_not_applicable,overall_run|part_adv,DYNAMIC_CONTINUOUS,numeric_coerce; preserve_missing; fit_scaling_on_train_only,RETAIN,,DERIVED_OR_PUBLISHED,accepted_fast_2026-08-03; examples_and_unique_count_sampled_from=50000
snapshots,connection_pressure_level,connection_pressure_level,object,unspecified,142659,0.0,1,"[""AIRPORT_TIME_BIN_TRAINING_PROXY""]",not_time,derived_or_not_applicable,overall_run|part_adv,CATEGORICAL,normalize_explicitly; encode_downstream; keep_missing_category,RETAIN,,DERIVED_OR_PUBLISHED,accepted_fast_2026-08-03; examples_and_unique_count_sampled_from=50000
snapshots,connection_pressure_evidence_status,connection_pressure_evidence_status,object,unspecified,142659,0.0,1,"[""SUPPORTED_PROXY""]",not_time,derived_or_not_applicable,overall_run|part_adv,QUALITY|EVIDENCE,preserve,RETAIN,,DERIVED_OR_PUBLISHED,accepted_fast_2026-08-03; examples_and_unique_count_sampled_from=50000
snapshots,connection_pressure_missing_reason,connection_pressure_missing_reason,object,unspecified,142659,0.0,1,"[""""]",not_time,derived_or_not_applicable,overall_run|part_adv,QUALITY|CATEGORICAL,normalize_explicitly; encode_downstream; keep_missing_category,RETAIN,,DERIVED_OR_PUBLISHED,accepted_fast_2026-08-03; examples_and_unique_count_sampled_from=50000
snapshots,rebooking_scarcity_support,rebooking_scarcity_support,int64,unspecified,142659,0.0,19,"[""29"", ""52"", ""15""]",not_time,derived_or_not_applicable,overall_run|part_adv,DYNAMIC_CONTINUOUS,numeric_coerce; preserve_missing; fit_scaling_on_train_only,RETAIN,,DERIVED_OR_PUBLISHED,accepted_fast_2026-08-03; examples_and_unique_count_sampled_from=50000
snapshots,rebooking_scarcity_level,rebooking_scarcity_level,object,unspecified,142659,0.0,1,"[""AIRPORT_TIME_BIN_TRAINING_PROXY""]",not_time,derived_or_not_applicable,overall_run|part_adv,CATEGORICAL,normalize_explicitly; encode_downstream; keep_missing_category,RETAIN,,DERIVED_OR_PUBLISHED,accepted_fast_2026-08-03; examples_and_unique_count_sampled_from=50000
snapshots,rebooking_scarcity_evidence_status,rebooking_scarcity_evidence_status,object,unspecified,142659,0.0,1,"[""SUPPORTED_PROXY""]",not_time,derived_or_not_applicable,overall_run|part_adv,QUALITY|EVIDENCE,preserve,RETAIN,,DERIVED_OR_PUBLISHED,accepted_fast_2026-08-03; examples_and_unique_count_sampled_from=50000
snapshots,rebooking_scarcity_missing_reason,rebooking_scarcity_missing_reason,object,unspecified,142659,0.0,1,"[""""]",not_time,derived_or_not_applicable,overall_run|part_adv,QUALITY|CATEGORICAL,normalize_explicitly; encode_downstream; keep_missing_category,RETAIN,,DERIVED_OR_PUBLISHED,accepted_fast_2026-08-03; examples_and_unique_count_sampled_from=50000
snapshots,m4_passenger_input_supported,m4_passenger_input_supported,bool,unspecified,142659,0.0,1,"[""True""]",not_time,derived_or_not_applicable,overall_run|part_adv,CATEGORICAL,normalize_explicitly; encode_downstream; keep_missing_category,RETAIN,,DERIVED_OR_PUBLISHED,accepted_fast_2026-08-03; examples_and_unique_count_sampled_from=50000
snapshots,m4_eligible,m4_eligible,bool,unspecified,142659,0.0,1,"[""True""]",not_time,derived_or_not_applicable,overall_run|part_adv,QUALITY|CATEGORICAL,normalize_explicitly; encode_downstream; keep_missing_category,RETAIN,,DERIVED_OR_PUBLISHED,accepted_fast_2026-08-03; examples_and_unique_count_sampled_from=50000
snapshots,m4_ineligibility_reason,m4_ineligibility_reason,object,unspecified,142659,0.0,1,"[""""]",not_time,derived_or_not_applicable,overall_run|part_adv,CATEGORICAL,normalize_explicitly; encode_downstream; keep_missing_category,RETAIN,,DERIVED_OR_PUBLISHED,accepted_fast_2026-08-03; examples_and_unique_count_sampled_from=50000
calibration,airport,airport,object,unspecified,912,0.0,19,"[""EHAM"", ""EDDF"", ""EDDM""]",not_time,derived_or_not_applicable,overall_run|M1|M2,IDENTITY|M2_ANCHOR|CATEGORICAL,normalize_explicitly; encode_downstream; keep_missing_category,RETAIN,,DERIVED_OR_PUBLISHED,accepted_fast_2026-08-03
calibration,airport_region,airport_region,object,unspecified,912,0.0,6,"[""NW_EUROPE"", ""CENTRAL_EUROPE"", ""WEST_EUROPE""]",not_time,derived_or_not_applicable,overall_run|M2,M2_ANCHOR|CATEGORICAL,normalize_explicitly; encode_downstream; keep_missing_category,RETAIN,,DERIVED_OR_PUBLISHED,accepted_fast_2026-08-03
calibration,month,month,int64,unspecified,912,0.0,12,"[""1"", ""2"", ""3""]",calendar_period,derived_or_not_applicable,overall_run|M1|M2,TIME|M2_ANCHOR,parse_utc_or_period; preserve_original,RETAIN,,DERIVED_OR_PUBLISHED,accepted_fast_2026-08-03
calibration,time_bin,time_bin,object,unspecified,912,0.0,4,"[""00_06"", ""06_12"", ""12_18""]",not_time,derived_or_not_applicable,overall_run|M1|M2,TIME|M2_ANCHOR,parse_utc_or_period; preserve_original,RETAIN,,DERIVED_OR_PUBLISHED,accepted_fast_2026-08-03
calibration,passenger_reference,passenger_reference,float64,unspecified,144,0.8421052631578947,24,"[""92.78006488421524"", ""107.1815984531099"", ""119.39879067088972""]",not_time,derived_or_not_applicable,overall_run|M2,REFERENCE|M2_ANCHOR|DYNAMIC_CONTINUOUS,numeric_coerce; preserve_missing; fit_scaling_on_train_only,RETAIN,,DERIVED_OR_PUBLISHED,accepted_fast_2026-08-03
calibration,passenger_reference_cell_size,passenger_reference_cell_size,int64,unspecified,912,0.0,25,"[""0"", ""26817"", ""24824""]",not_time,derived_or_not_applicable,overall_run|M2,REFERENCE|M2_ANCHOR|DYNAMIC_CONTINUOUS,numeric_coerce; preserve_missing; fit_scaling_on_train_only,RETAIN,,DERIVED_OR_PUBLISHED,accepted_fast_2026-08-03
calibration,passenger_reference_fallback_level,passenger_reference_fallback_level,object,unspecified,912,0.0,2,"[""UNSUPPORTED"", ""DESTINATION_LAGGED_MONTH""]",not_time,derived_or_not_applicable,overall_run|M2,EVIDENCE|REFERENCE|M2_ANCHOR,preserve,RETAIN,,DERIVED_OR_PUBLISHED,accepted_fast_2026-08-03
calibration,passenger_reference_source_period,passenger_reference_source_period,object,unspecified,912,0.0,5,"["""", ""2022-01"", ""2022-02""]",calendar_period,derived_or_not_applicable,overall_run|M2,TIME|EVIDENCE|REFERENCE|M2_ANCHOR,parse_utc_or_period; preserve_original,RETAIN,,DERIVED_OR_PUBLISHED,accepted_fast_2026-08-03
calibration,passenger_reference_source_version,passenger_reference_source_version,object,unspecified,912,0.0,1,"[""EUROSTAT_2022""]",not_time,derived_or_not_applicable,overall_run|M2,EVIDENCE|REFERENCE|M2_ANCHOR,preserve,RETAIN,,DERIVED_OR_PUBLISHED,accepted_fast_2026-08-03
calibration,commercial_flight_reference,commercial_flight_reference,float64,unspecified,144,0.8421052631578947,24,"[""26817.0"", ""24824.0"", ""31257.0""]",not_time,derived_or_not_applicable,overall_run|M2,REFERENCE|M2_ANCHOR|DYNAMIC_CONTINUOUS,numeric_coerce; preserve_missing; fit_scaling_on_train_only,RETAIN,,DERIVED_OR_PUBLISHED,accepted_fast_2026-08-03
calibration,commercial_flight_cell_size,commercial_flight_cell_size,int64,unspecified,912,0.0,25,"[""0"", ""26817"", ""24824""]",not_time,derived_or_not_applicable,overall_run|M2,M2_ANCHOR|DYNAMIC_CONTINUOUS,numeric_coerce; preserve_missing; fit_scaling_on_train_only,RETAIN,,DERIVED_OR_PUBLISHED,accepted_fast_2026-08-03
calibration,commercial_flight_fallback_level,commercial_flight_fallback_level,object,unspecified,912,0.0,2,"[""UNSUPPORTED"", ""DESTINATION_LAGGED_MONTH""]",not_time,derived_or_not_applicable,overall_run|M2,EVIDENCE|M2_ANCHOR,preserve,RETAIN,,DERIVED_OR_PUBLISHED,accepted_fast_2026-08-03
calibration,seat_reference,seat_reference,float64,unspecified,912,0.0,1,"[""150.0""]",not_time,derived_or_not_applicable,overall_run|M2,REFERENCE|M2_ANCHOR|DYNAMIC_CONTINUOUS,numeric_coerce; preserve_missing; fit_scaling_on_train_only,RETAIN,,DERIVED_OR_PUBLISHED,accepted_fast_2026-08-03
calibration,route_month_load_factor,route_month_load_factor,float64,unspecified,144,0.8421052631578947,24,"[""0.5154448049123068"", ""0.5954533247394994"", ""0.6633266148382763""]",calendar_period,derived_or_not_applicable,overall_run|M2,TIME|M2_ANCHOR,parse_utc_or_period; preserve_original,RETAIN,,DERIVED_OR_PUBLISHED,accepted_fast_2026-08-03
calibration,airport_month_load_factor_proxy,airport_month_load_factor_proxy,float64,unspecified,144,0.8421052631578947,24,"[""0.5154448049123068"", ""0.5954533247394994"", ""0.6633266148382763""]",calendar_period,derived_or_not_applicable,overall_run|M2,TIME|M2_ANCHOR,parse_utc_or_period; preserve_original,RETAIN,,DERIVED_OR_PUBLISHED,accepted_fast_2026-08-03
calibration,estimated_passenger_load,estimated_passenger_load,float64,unspecified,144,0.8421052631578947,24,"[""77.31672073684602"", ""89.31799871092491"", ""99.49899222574145""]",not_time,derived_or_not_applicable,overall_run|M1|M2,M2_ANCHOR|DYNAMIC_CONTINUOUS,numeric_coerce; preserve_missing; fit_scaling_on_train_only,RETAIN,,DERIVED_OR_PUBLISHED,accepted_fast_2026-08-03
calibration,connection_pressure_proxy,connection_pressure_proxy,float64,unspecified,144,0.8421052631578947,85,"[""0.042665554611643834"", ""0.5154448049123068"", ""0.07564088610623537""]",not_time,derived_or_not_applicable,overall_run|M1|M2,M2_ANCHOR|DYNAMIC_CONTINUOUS,numeric_coerce; preserve_missing; fit_scaling_on_train_only,RETAIN,,DERIVED_OR_PUBLISHED,accepted_fast_2026-08-03
calibration,rebooking_scarcity_proxy,rebooking_scarcity_proxy,float64,unspecified,144,0.8421052631578947,96,"[""0.025124719927539008"", ""0.007069075780740233"", ""0.0086028703715815""]",not_time,derived_or_not_applicable,overall_run|M1|M2,M2_ANCHOR|DYNAMIC_CONTINUOUS,numeric_coerce; preserve_missing; fit_scaling_on_train_only,RETAIN,,DERIVED_OR_PUBLISHED,accepted_fast_2026-08-03
calibration,passenger_proxy_level,passenger_proxy_level,object,unspecified,912,0.0,2,"[""UNSUPPORTED"", ""DESTINATION_LAGGED_MONTH""]",not_time,derived_or_not_applicable,overall_run|M2,M2_ANCHOR|CATEGORICAL,normalize_explicitly; encode_downstream; keep_missing_category,RETAIN,,DERIVED_OR_PUBLISHED,accepted_fast_2026-08-03
calibration,passenger_proxy_support,passenger_proxy_support,int64,unspecified,912,0.0,25,"[""0"", ""26817"", ""24824""]",not_time,derived_or_not_applicable,overall_run|M2,M2_ANCHOR|DYNAMIC_CONTINUOUS,numeric_coerce; preserve_missing; fit_scaling_on_train_only,RETAIN,,DERIVED_OR_PUBLISHED,accepted_fast_2026-08-03
calibration,passenger_proxy_evidence_status,passenger_proxy_evidence_status,object,unspecified,912,0.0,3,"[""UNSUPPORTED"", ""SUPPORTED_PROXY"", ""FALLBACK_PROXY""]",not_time,derived_or_not_applicable,overall_run|M2,QUALITY|EVIDENCE|M2_ANCHOR,preserve,RETAIN,,DERIVED_OR_PUBLISHED,accepted_fast_2026-08-03
calibration,passenger_proxy_source_period,passenger_proxy_source_period,object,unspecified,912,0.0,5,"["""", ""2022-01"", ""2022-02""]",calendar_period,derived_or_not_applicable,overall_run|M2,TIME|EVIDENCE|M2_ANCHOR,parse_utc_or_period; preserve_original,RETAIN,,DERIVED_OR_PUBLISHED,accepted_fast_2026-08-03
calibration,passenger_proxy_fallback_reason,passenger_proxy_fallback_reason,object,unspecified,912,0.0,4,"[""SOURCE_MONTH_GAP"", """", ""MONTH_GAP_BACKOFF""]",not_time,derived_or_not_applicable,overall_run|M2,EVIDENCE|M2_ANCHOR,preserve,RETAIN,,DERIVED_OR_PUBLISHED,accepted_fast_2026-08-03
calibration,flow_p05,flow_p05,float64,unspecified,912,0.0,26,"[""18.0"", ""145.0"", ""109.0""]",not_time,derived_or_not_applicable,overall_run|M2,REFERENCE|M2_ANCHOR|DYNAMIC_CONTINUOUS,numeric_coerce; preserve_missing; fit_scaling_on_train_only,RETAIN,,DERIVED_OR_PUBLISHED,accepted_fast_2026-08-03
calibration,flow_p50,flow_p50,float64,unspecified,912,0.0,25,"[""88.0"", ""163.0"", ""142.0""]",not_time,derived_or_not_applicable,overall_run|M2,REFERENCE|M2_ANCHOR|DYNAMIC_CONTINUOUS,numeric_coerce; preserve_missing; fit_scaling_on_train_only,RETAIN,,DERIVED_OR_PUBLISHED,accepted_fast_2026-08-03
calibration,flow_p90,flow_p90,float64,unspecified,912,0.0,24,"[""143.0"", ""176.0"", ""164.0""]",not_time,derived_or_not_applicable,overall_run|M2,REFERENCE|M2_ANCHOR|DYNAMIC_CONTINUOUS,numeric_coerce; preserve_missing; fit_scaling_on_train_only,RETAIN,,DERIVED_OR_PUBLISHED,accepted_fast_2026-08-03
calibration,flow_p95,flow_p95,float64,unspecified,912,0.0,27,"[""145.0"", ""179.0"", ""169.0""]",not_time,derived_or_not_applicable,overall_run|M2,REFERENCE|M2_ANCHOR|DYNAMIC_CONTINUOUS,numeric_coerce; preserve_missing; fit_scaling_on_train_only,RETAIN,,DERIVED_OR_PUBLISHED,accepted_fast_2026-08-03
calibration,flow_cell_size,flow_cell_size,int64,unspecified,912,0.0,28,"[""2343"", ""5342"", ""5893""]",not_time,derived_or_not_applicable,overall_run|M2,M2_ANCHOR|DYNAMIC_CONTINUOUS,numeric_coerce; preserve_missing; fit_scaling_on_train_only,RETAIN,,DERIVED_OR_PUBLISHED,accepted_fast_2026-08-03
calibration,flow_fallback_level,flow_fallback_level,object,unspecified,912,0.0,2,"[""airport_time_bin"", ""core_time_bin_pooled""]",not_time,derived_or_not_applicable,overall_run|M2,EVIDENCE|M2_ANCHOR,preserve,RETAIN,,DERIVED_OR_PUBLISHED,accepted_fast_2026-08-03
calibration,flow_source_period,flow_source_period,object,unspecified,912,0.0,1,"[""2022-05-02/2022-05-17""]",calendar_period,derived_or_not_applicable,overall_run|M2,TIME|EVIDENCE|M2_ANCHOR,parse_utc_or_period; preserve_original,RETAIN,,DERIVED_OR_PUBLISHED,accepted_fast_2026-08-03
calibration,flow_source_version,flow_source_version,object,unspecified,912,0.0,1,"[""OPEN_SKY_TRAINING""]",not_time,derived_or_not_applicable,overall_run|M2,EVIDENCE|M2_ANCHOR,preserve,RETAIN,,DERIVED_OR_PUBLISHED,accepted_fast_2026-08-03
calibration,capacity_threshold,capacity_threshold,float64,unspecified,912,0.0,24,"[""143.0"", ""176.0"", ""164.0""]",not_time,derived_or_not_applicable,overall_run|M2,M2_ANCHOR|DYNAMIC_CONTINUOUS,numeric_coerce; preserve_missing; fit_scaling_on_train_only,RETAIN,,DERIVED_OR_PUBLISHED,accepted_fast_2026-08-03
calibration,capacity_cell_size,capacity_cell_size,int64,unspecified,912,0.0,28,"[""2343"", ""5342"", ""5893""]",not_time,derived_or_not_applicable,overall_run|M2,M2_ANCHOR|DYNAMIC_CONTINUOUS,numeric_coerce; preserve_missing; fit_scaling_on_train_only,RETAIN,,DERIVED_OR_PUBLISHED,accepted_fast_2026-08-03
calibration,capacity_fallback_level,capacity_fallback_level,object,unspecified,912,0.0,2,"[""airport_time_bin"", ""core_time_bin_pooled""]",not_time,derived_or_not_applicable,overall_run|M2,EVIDENCE|M2_ANCHOR,preserve,RETAIN,,DERIVED_OR_PUBLISHED,accepted_fast_2026-08-03
calibration,capacity_required,capacity_required,object,unspecified,0,1.0,0,[],not_time,derived_or_not_applicable,overall_run|M2,M2_ANCHOR|CATEGORICAL,normalize_explicitly; encode_downstream; keep_missing_category,RETAIN,,DERIVED_OR_PUBLISHED,accepted_fast_2026-08-03
calibration,window_type,window_type,object,unspecified,0,1.0,0,[],not_time,derived_or_not_applicable,overall_run|M2,M2_ANCHOR|CATEGORICAL,normalize_explicitly; encode_downstream; keep_missing_category,RETAIN,,DERIVED_OR_PUBLISHED,accepted_fast_2026-08-03
calibration,turnaround_typical,turnaround_typical,float64,unspecified,912,0.0,7,"[""161.95"", ""93.3"", ""73.76666666666667""]",not_time,derived_or_not_applicable,overall_run|M2,REFERENCE|M2_ANCHOR|DYNAMIC_CONTINUOUS,numeric_coerce; preserve_missing; fit_scaling_on_train_only,RETAIN,,DERIVED_OR_PUBLISHED,accepted_fast_2026-08-03
calibration,turnaround_minimum,turnaround_minimum,float64,unspecified,912,0.0,7,"[""119.57666666666667"", ""75.17"", ""68.33333333333334""]",not_time,derived_or_not_applicable,overall_run|M2,M2_ANCHOR|DYNAMIC_CONTINUOUS,numeric_coerce; preserve_missing; fit_scaling_on_train_only,RETAIN,,DERIVED_OR_PUBLISHED,accepted_fast_2026-08-03
calibration,turnaround_margin_reference,turnaround_margin_reference,float64,unspecified,912,0.0,7,"[""42.37333333333332"", ""18.129999999999995"", ""5.433333333333323""]",not_time,derived_or_not_applicable,overall_run|M2,REFERENCE|M2_ANCHOR|DYNAMIC_CONTINUOUS,numeric_coerce; preserve_missing; fit_scaling_on_train_only,RETAIN,,DERIVED_OR_PUBLISHED,accepted_fast_2026-08-03
calibration,turnaround_cell_size,turnaround_cell_size,int64,unspecified,912,0.0,6,"[""2"", ""10"", ""9""]",not_time,derived_or_not_applicable,overall_run|M2,M2_ANCHOR|DYNAMIC_CONTINUOUS,numeric_coerce; preserve_missing; fit_scaling_on_train_only,RETAIN,,DERIVED_OR_PUBLISHED,accepted_fast_2026-08-03
calibration,turnaround_fallback_level,turnaround_fallback_level,object,unspecified,912,0.0,2,"[""airport_aircraft_time"", ""global_aircraft""]",not_time,derived_or_not_applicable,overall_run|M2,EVIDENCE|M2_ANCHOR,preserve,RETAIN,,DERIVED_OR_PUBLISHED,accepted_fast_2026-08-03
calibration,continuity_probability,continuity_probability,float64,unspecified,912,0.0,4,"[""0.5"", ""0.9"", ""1.0""]",not_time,derived_or_not_applicable,overall_run|M2,M2_ANCHOR|DYNAMIC_CONTINUOUS,numeric_coerce; preserve_missing; fit_scaling_on_train_only,RETAIN,,DERIVED_OR_PUBLISHED,accepted_fast_2026-08-03
calibration,continuity_cell_size,continuity_cell_size,int64,unspecified,912,0.0,6,"[""2"", ""10"", ""9""]",not_time,derived_or_not_applicable,overall_run|M2,M2_ANCHOR|DYNAMIC_CONTINUOUS,numeric_coerce; preserve_missing; fit_scaling_on_train_only,RETAIN,,DERIVED_OR_PUBLISHED,accepted_fast_2026-08-03
calibration,continuity_fallback_level,continuity_fallback_level,object,unspecified,912,0.0,2,"[""airport_aircraft_time"", ""global_aircraft""]",not_time,derived_or_not_applicable,overall_run|M2,EVIDENCE|M2_ANCHOR,preserve,RETAIN,,DERIVED_OR_PUBLISHED,accepted_fast_2026-08-03
calibration,runway_count,runway_count,float64,unspecified,912,0.0,5,"[""6.0"", ""4.0"", ""2.0""]",not_time,derived_or_not_applicable,overall_run|M1|M2,QUALITY|M2_ANCHOR|STATIC_CONTINUOUS,numeric_coerce; preserve_missing; fit_scaling_on_train_only,RETAIN,,DERIVED_OR_PUBLISHED,accepted_fast_2026-08-03
calibration,infrastructure_flexibility,infrastructure_flexibility,float64,unspecified,912,0.0,5,"[""1.0"", ""0.9130434782608713"", ""0.043478260869565334""]",not_time,derived_or_not_applicable,overall_run|M1|M2,M2_ANCHOR|STATIC_CONTINUOUS,numeric_coerce; preserve_missing; fit_scaling_on_train_only,RETAIN,,DERIVED_OR_PUBLISHED,accepted_fast_2026-08-03
calibration,infrastructure_fallback_level,infrastructure_fallback_level,object,unspecified,912,0.0,1,"[""FROZEN_STATIC""]",not_time,derived_or_not_applicable,overall_run|M2,EVIDENCE|M2_ANCHOR,preserve,RETAIN,,DERIVED_OR_PUBLISHED,accepted_fast_2026-08-03
calibration,infrastructure_source_version,infrastructure_source_version,object,unspecified,912,0.0,1,"[""snapshot=2021-12-31""]",not_time,derived_or_not_applicable,overall_run|M2,EVIDENCE|M2_ANCHOR,preserve,RETAIN,,DERIVED_OR_PUBLISHED,accepted_fast_2026-08-03
calibration,airport_scale,airport_scale,float64,unspecified,912,0.0,19,"[""1.0"", ""0.9084809780251315"", ""0.461282723735928""]",not_time,derived_or_not_applicable,overall_run|M1|M2,M2_ANCHOR|STATIC_CONTINUOUS,numeric_coerce; preserve_missing; fit_scaling_on_train_only,RETAIN,,DERIVED_OR_PUBLISHED,accepted_fast_2026-08-03
calibration,airport_scale_cell_size,airport_scale_cell_size,int64,unspecified,912,0.0,1,"[""19""]",not_time,derived_or_not_applicable,overall_run|M2,M2_ANCHOR|STATIC_CONTINUOUS,numeric_coerce; preserve_missing; fit_scaling_on_train_only,RETAIN,,DERIVED_OR_PUBLISHED,accepted_fast_2026-08-03
calibration,airport_scale_fallback_level,airport_scale_fallback_level,object,unspecified,912,0.0,1,"[""TRAINING_COMMERCIAL_TOTAL""]",not_time,derived_or_not_applicable,overall_run|M2,EVIDENCE|M2_ANCHOR,preserve,RETAIN,,DERIVED_OR_PUBLISHED,accepted_fast_2026-08-03
calibration,climatology_weather_fields,climatology_weather_fields,object,unspecified,912,0.0,370,"[""{\""ceiling\"": NaN, \""temperature_dewpoint_spread\"": 1.8000000000000043, \""visibility\"": 6.21, \""wind_gust\"": 32.0, \""wind_speed\"": 8.0}"", ""{\""ceiling\"": NaN, \""temperature_dewpoint_spread\"": 3.6000000000000014, \""visibility\"": 6.21, \""wind_gust\"": 37.0, \""wind_speed\"": 9.0}"", ""{\""ceiling\"": NaN, \""temperature_dewpoint_spread\"": 5.399999999999999, \""visibility\"": 6.21, \""wind_gust\"": 35.5, \""wind_speed\"": 10.0}""]",not_time,derived_or_not_applicable,overall_run|M2,REFERENCE|M2_ANCHOR|CATEGORICAL,normalize_explicitly; encode_downstream; keep_missing_category,RETAIN,,DERIVED_OR_PUBLISHED,accepted_fast_2026-08-03
calibration,climatology_cell_size,climatology_cell_size,int64,unspecified,912,0.0,56,"[""371"", ""369"", ""372""]",not_time,derived_or_not_applicable,overall_run|M2,REFERENCE|M2_ANCHOR|DYNAMIC_CONTINUOUS,numeric_coerce; preserve_missing; fit_scaling_on_train_only,RETAIN,,DERIVED_OR_PUBLISHED,accepted_fast_2026-08-03
calibration,climatology_fallback_level,climatology_fallback_level,object,unspecified,912,0.0,2,"[""L0"", ""L2""]",not_time,derived_or_not_applicable,overall_run|M2,EVIDENCE|REFERENCE|M2_ANCHOR,preserve,RETAIN,,DERIVED_OR_PUBLISHED,accepted_fast_2026-08-03
calibration,climatology_source_version,climatology_source_version,object,unspecified,912,0.0,1,"[""IEM_METAR_TRAINING""]",not_time,derived_or_not_applicable,overall_run|M2,EVIDENCE|REFERENCE|M2_ANCHOR,preserve,RETAIN,,DERIVED_OR_PUBLISHED,accepted_fast_2026-08-03
calibration,passenger_proxy_reference_period,passenger_proxy_reference_period,object,unspecified,912,0.0,5,"["""", ""2022-01"", ""2022-02""]",calendar_period,derived_or_not_applicable,overall_run|M2,TIME|REFERENCE|M2_ANCHOR,parse_utc_or_period; preserve_original,RETAIN,,DERIVED_OR_PUBLISHED,accepted_fast_2026-08-03
calibration,passenger_proxy_source_key,passenger_proxy_source_key,object,unspecified,912,0.0,25,"["""", ""destination=EHAM|period=2022-01"", ""destination=EHAM|period=2022-02""]",not_time,derived_or_not_applicable,overall_run|M2,EVIDENCE|M2_ANCHOR,preserve,RETAIN,,DERIVED_OR_PUBLISHED,accepted_fast_2026-08-03
calibration,passenger_proxy_future_data_used,passenger_proxy_future_data_used,bool,unspecified,912,0.0,1,"[""False""]",not_time,derived_or_not_applicable,overall_run|M2,M2_ANCHOR|FORBIDDEN_MODEL_INPUT|CATEGORICAL,retain_for_label_or_audit; exclude_from_model_features,RETAIN,,DERIVED_OR_PUBLISHED,accepted_fast_2026-08-03
calibration,passenger_proxy_missing_reason,passenger_proxy_missing_reason,object,unspecified,912,0.0,4,"[""SOURCE_MONTH_GAP"", """", ""MONTH_GAP_BACKOFF""]",not_time,derived_or_not_applicable,overall_run|M2,QUALITY|M2_ANCHOR|CATEGORICAL,normalize_explicitly; encode_downstream; keep_missing_category,RETAIN,,DERIVED_OR_PUBLISHED,accepted_fast_2026-08-03
calibration,passenger_target_period,passenger_target_period,object,unspecified,912,0.0,12,"[""2022-01"", ""2022-02"", ""2022-03""]",calendar_period,derived_or_not_applicable,overall_run|M2,TIME|M2_ANCHOR,parse_utc_or_period; preserve_original,RETAIN,,DERIVED_OR_PUBLISHED,accepted_fast_2026-08-03
calibration,passenger_source_period,passenger_source_period,object,unspecified,912,0.0,5,"["""", ""2022-01"", ""2022-02""]",calendar_period,derived_or_not_applicable,overall_run|M2,TIME|EVIDENCE|M2_ANCHOR,parse_utc_or_period; preserve_original,RETAIN,,DERIVED_OR_PUBLISHED,accepted_fast_2026-08-03
calibration,passenger_period_end,passenger_period_end,object,unspecified,912,0.0,5,"["""", ""2022-01-31 23:59:59.999999999"", ""2022-02-28 23:59:59.999999999""]",calendar_period,derived_or_not_applicable,overall_run|M2,TIME|M2_ANCHOR,parse_utc_or_period; preserve_original,RETAIN,,DERIVED_OR_PUBLISHED,accepted_fast_2026-08-03
calibration,passenger_lag_months,passenger_lag_months,float64,unspecified,144,0.8421052631578947,3,"[""1.0"", ""2.0"", ""3.0""]",calendar_period,derived_or_not_applicable,overall_run|M2,TIME|M2_ANCHOR,parse_utc_or_period; preserve_original,RETAIN,,DERIVED_OR_PUBLISHED,accepted_fast_2026-08-03
calibration,passenger_requested_level,passenger_requested_level,object,unspecified,912,0.0,1,"[""DESTINATION_LAGGED_MONTH""]",not_time,derived_or_not_applicable,overall_run|M2,M2_ANCHOR|CATEGORICAL,normalize_explicitly; encode_downstream; keep_missing_category,RETAIN,,DERIVED_OR_PUBLISHED,accepted_fast_2026-08-03
calibration,passenger_used_level,passenger_used_level,object,unspecified,912,0.0,2,"[""UNSUPPORTED"", ""DESTINATION_LAGGED_MONTH""]",not_time,derived_or_not_applicable,overall_run|M2,M2_ANCHOR|CATEGORICAL,normalize_explicitly; encode_downstream; keep_missing_category,RETAIN,,DERIVED_OR_PUBLISHED,accepted_fast_2026-08-03
calibration,passenger_evidence_status,passenger_evidence_status,object,unspecified,912,0.0,3,"[""UNSUPPORTED"", ""SUPPORTED_PROXY"", ""FALLBACK_PROXY""]",not_time,derived_or_not_applicable,overall_run|M2,QUALITY|EVIDENCE|M2_ANCHOR,preserve,RETAIN,,DERIVED_OR_PUBLISHED,accepted_fast_2026-08-03
calibration,passenger_missing_reason,passenger_missing_reason,object,unspecified,912,0.0,4,"[""SOURCE_MONTH_GAP"", """", ""MONTH_GAP_BACKOFF""]",not_time,derived_or_not_applicable,overall_run|M2,QUALITY|M2_ANCHOR|CATEGORICAL,normalize_explicitly; encode_downstream; keep_missing_category,RETAIN,,DERIVED_OR_PUBLISHED,accepted_fast_2026-08-03
calibration,passenger_support_count,passenger_support_count,int64,unspecified,912,0.0,25,"[""0"", ""26817"", ""24824""]",not_time,derived_or_not_applicable,overall_run|M2,QUALITY|M2_ANCHOR|DYNAMIC_CONTINUOUS,numeric_coerce; preserve_missing; fit_scaling_on_train_only,RETAIN,,DERIVED_OR_PUBLISHED,accepted_fast_2026-08-03
calibration,passenger_source_dataset,passenger_source_dataset,object,unspecified,912,0.0,1,"[""EUROSTAT_AVIA_PAOA_AND_AVIA_TF_AIRPM""]",not_time,derived_or_not_applicable,overall_run|M2,EVIDENCE|M2_ANCHOR,preserve,RETAIN,,DERIVED_OR_PUBLISHED,accepted_fast_2026-08-03
calibration,passenger_measure_filter,passenger_measure_filter,object,unspecified,912,0.0,1,"[""{\""commercial_flights\"": \""M/TOTAL/NR\"", \""passenger\"": \""M/PAS/PAS_CRD/TOT/TOTAL\""}""]",not_time,derived_or_not_applicable,overall_run|M2,M2_ANCHOR|CATEGORICAL,normalize_explicitly; encode_downstream; keep_missing_category,RETAIN,,DERIVED_OR_PUBLISHED,accepted_fast_2026-08-03
calibration,passenger_future_data_used,passenger_future_data_used,bool,unspecified,912,0.0,1,"[""False""]",not_time,derived_or_not_applicable,overall_run|M2,M2_ANCHOR|FORBIDDEN_MODEL_INPUT|CATEGORICAL,retain_for_label_or_audit; exclude_from_model_features,RETAIN,,DERIVED_OR_PUBLISHED,accepted_fast_2026-08-03
calibration,seat_capacity,seat_capacity,float64,unspecified,912,0.0,1,"[""150.0""]",not_time,derived_or_not_applicable,overall_run|M2,M2_ANCHOR|STATIC_CONTINUOUS,numeric_coerce; preserve_missing; fit_scaling_on_train_only,RETAIN,,DERIVED_OR_PUBLISHED,accepted_fast_2026-08-03
calibration,seat_capacity_level,seat_capacity_level,object,unspecified,912,0.0,1,"[""AIRCRAFT_GROUP_REFERENCE""]",not_time,derived_or_not_applicable,overall_run|M2,M2_ANCHOR|CATEGORICAL,normalize_explicitly; encode_downstream; keep_missing_category,RETAIN,,DERIVED_OR_PUBLISHED,accepted_fast_2026-08-03
calibration,seat_capacity_support,seat_capacity_support,int64,unspecified,912,0.0,1,"[""835""]",not_time,derived_or_not_applicable,overall_run|M2,M2_ANCHOR|STATIC_CONTINUOUS,numeric_coerce; preserve_missing; fit_scaling_on_train_only,RETAIN,,DERIVED_OR_PUBLISHED,accepted_fast_2026-08-03
calibration,seat_capacity_evidence_status,seat_capacity_evidence_status,object,unspecified,912,0.0,1,"[""SUPPORTED_PROXY""]",not_time,derived_or_not_applicable,overall_run|M2,QUALITY|EVIDENCE|M2_ANCHOR,preserve,RETAIN,,DERIVED_OR_PUBLISHED,accepted_fast_2026-08-03
calibration,load_factor,load_factor,float64,unspecified,144,0.8421052631578947,24,"[""0.5154448049123068"", ""0.5954533247394994"", ""0.6633266148382763""]",not_time,derived_or_not_applicable,overall_run|M2,M2_ANCHOR|DYNAMIC_CONTINUOUS,numeric_coerce; preserve_missing; fit_scaling_on_train_only,RETAIN,,DERIVED_OR_PUBLISHED,accepted_fast_2026-08-03
calibration,load_factor_support,load_factor_support,int64,unspecified,912,0.0,25,"[""0"", ""26817"", ""24824""]",not_time,derived_or_not_applicable,overall_run|M2,M2_ANCHOR|DYNAMIC_CONTINUOUS,numeric_coerce; preserve_missing; fit_scaling_on_train_only,RETAIN,,DERIVED_OR_PUBLISHED,accepted_fast_2026-08-03
calibration,load_factor_evidence_status,load_factor_evidence_status,object,unspecified,912,0.0,3,"[""UNSUPPORTED"", ""SUPPORTED_PROXY"", ""FALLBACK_PROXY""]",not_time,derived_or_not_applicable,overall_run|M2,QUALITY|EVIDENCE|M2_ANCHOR,preserve,RETAIN,,DERIVED_OR_PUBLISHED,accepted_fast_2026-08-03
calibration,connection_pressure_support,connection_pressure_support,int64,unspecified,912,0.0,20,"[""0"", ""20"", ""68""]",not_time,derived_or_not_applicable,overall_run|M2,M2_ANCHOR|DYNAMIC_CONTINUOUS,numeric_coerce; preserve_missing; fit_scaling_on_train_only,RETAIN,,DERIVED_OR_PUBLISHED,accepted_fast_2026-08-03
calibration,connection_pressure_level,connection_pressure_level,object,unspecified,912,0.0,2,"[""UNSUPPORTED"", ""AIRPORT_TIME_BIN_TRAINING_PROXY""]",not_time,derived_or_not_applicable,overall_run|M2,M2_ANCHOR|CATEGORICAL,normalize_explicitly; encode_downstream; keep_missing_category,RETAIN,,DERIVED_OR_PUBLISHED,accepted_fast_2026-08-03
calibration,connection_pressure_evidence_status,connection_pressure_evidence_status,object,unspecified,912,0.0,3,"[""UNSUPPORTED"", ""SUPPORTED_PROXY"", ""FALLBACK_PROXY""]",not_time,derived_or_not_applicable,overall_run|M2,QUALITY|EVIDENCE|M2_ANCHOR,preserve,RETAIN,,DERIVED_OR_PUBLISHED,accepted_fast_2026-08-03
calibration,connection_pressure_missing_reason,connection_pressure_missing_reason,object,unspecified,912,0.0,2,"[""PASSENGER_LOAD_MISSING"", """"]",not_time,derived_or_not_applicable,overall_run|M2,QUALITY|M2_ANCHOR|CATEGORICAL,normalize_explicitly; encode_downstream; keep_missing_category,RETAIN,,DERIVED_OR_PUBLISHED,accepted_fast_2026-08-03
calibration,rebooking_scarcity_support,rebooking_scarcity_support,int64,unspecified,912,0.0,20,"[""0"", ""20"", ""68""]",not_time,derived_or_not_applicable,overall_run|M2,M2_ANCHOR|DYNAMIC_CONTINUOUS,numeric_coerce; preserve_missing; fit_scaling_on_train_only,RETAIN,,DERIVED_OR_PUBLISHED,accepted_fast_2026-08-03
calibration,rebooking_scarcity_level,rebooking_scarcity_level,object,unspecified,912,0.0,2,"[""UNSUPPORTED"", ""AIRPORT_TIME_BIN_TRAINING_PROXY""]",not_time,derived_or_not_applicable,overall_run|M2,M2_ANCHOR|CATEGORICAL,normalize_explicitly; encode_downstream; keep_missing_category,RETAIN,,DERIVED_OR_PUBLISHED,accepted_fast_2026-08-03
calibration,rebooking_scarcity_evidence_status,rebooking_scarcity_evidence_status,object,unspecified,912,0.0,3,"[""UNSUPPORTED"", ""SUPPORTED_PROXY"", ""FALLBACK_PROXY""]",not_time,derived_or_not_applicable,overall_run|M2,QUALITY|EVIDENCE|M2_ANCHOR,preserve,RETAIN,,DERIVED_OR_PUBLISHED,accepted_fast_2026-08-03
calibration,rebooking_scarcity_missing_reason,rebooking_scarcity_missing_reason,object,unspecified,912,0.0,2,"[""PASSENGER_LOAD_MISSING"", """"]",not_time,derived_or_not_applicable,overall_run|M2,QUALITY|M2_ANCHOR|CATEGORICAL,normalize_explicitly; encode_downstream; keep_missing_category,RETAIN,,DERIVED_OR_PUBLISHED,accepted_fast_2026-08-03
rules,episode_id,episode_id,category,unspecified,2915224,0.0,323,"[""ddd938b03278eb39a7b8facdf09cac9d"", ""0573a488e73b4e7ed8907b8f7be6120b"", ""4a8c884fa1edd03f555d706f50c65d72""]",not_time,derived_or_not_applicable,overall_run|M3|M4,IDENTITY|M4_CONSTRAINT_SOURCE|CATEGORICAL,normalize_explicitly; encode_downstream; keep_missing_category,RETAIN,,DERIVED_OR_PUBLISHED,accepted_fast_2026-08-03; examples_and_unique_count_sampled_from=50000
rules,snapshot_id,snapshot_id,category,unspecified,2915224,0.0,1924,"[""ddd938b03278eb39a7b8facdf09cac9d__r10"", ""0573a488e73b4e7ed8907b8f7be6120b__r10"", ""0573a488e73b4e7ed8907b8f7be6120b__t1""]",not_time,derived_or_not_applicable,overall_run|M3|M4,IDENTITY|M4_CONSTRAINT_SOURCE|CATEGORICAL,normalize_explicitly; encode_downstream; keep_missing_category,RETAIN,,DERIVED_OR_PUBLISHED,accepted_fast_2026-08-03; examples_and_unique_count_sampled_from=50000
rules,action_id,action_id,category,unspecified,2915224,0.0,26,"[""A00"", ""A11"", ""A12""]",not_time,derived_or_not_applicable,overall_run|M3|M4,IDENTITY|M4_CONSTRAINT_SOURCE|CATEGORICAL,normalize_explicitly; encode_downstream; keep_missing_category,RETAIN,,DERIVED_OR_PUBLISHED,accepted_fast_2026-08-03; examples_and_unique_count_sampled_from=50000
rules,capacity_threshold,capacity_threshold,float64,unspecified,2915224,0.0,12,"[""124.0"", ""146.0"", ""143.0""]",not_time,derived_or_not_applicable,overall_run|M3|M4,M4_CONSTRAINT_SOURCE|DYNAMIC_CONTINUOUS,numeric_coerce; preserve_missing; fit_scaling_on_train_only,RETAIN,,DERIVED_OR_PUBLISHED,accepted_fast_2026-08-03; examples_and_unique_count_sampled_from=50000
rules,capacity_reference_p05,capacity_reference_p05,float64,unspecified,2915224,0.0,12,"[""14.0"", ""8.0"", ""18.0""]",not_time,derived_or_not_applicable,overall_run|M3|M4,REFERENCE|M4_CONSTRAINT_SOURCE|DYNAMIC_CONTINUOUS,numeric_coerce; preserve_missing; fit_scaling_on_train_only,RETAIN,,DERIVED_OR_PUBLISHED,accepted_fast_2026-08-03; examples_and_unique_count_sampled_from=50000
rules,capacity_reference_p95,capacity_reference_p95,float64,unspecified,2915224,0.0,11,"[""129.44999999999982"", ""152.0"", ""145.0""]",not_time,derived_or_not_applicable,overall_run|M3|M4,REFERENCE|M4_CONSTRAINT_SOURCE|DYNAMIC_CONTINUOUS,numeric_coerce; preserve_missing; fit_scaling_on_train_only,RETAIN,,DERIVED_OR_PUBLISHED,accepted_fast_2026-08-03; examples_and_unique_count_sampled_from=50000
rules,capacity_fallback_level,capacity_fallback_level,category,unspecified,2915224,0.0,1,"[""airport_time_bin""]",not_time,derived_or_not_applicable,overall_run|M3|M4,EVIDENCE|M4_CONSTRAINT_SOURCE,preserve,RETAIN,,DERIVED_OR_PUBLISHED,accepted_fast_2026-08-03; examples_and_unique_count_sampled_from=50000
rules,action_window_open,action_window_open,bool,unspecified,2915224,0.0,2,"[""True"", ""False""]",not_time,derived_or_not_applicable,overall_run|M3|M4,M4_CONSTRAINT_SOURCE|CATEGORICAL,normalize_explicitly; encode_downstream; keep_missing_category,RETAIN,,DERIVED_OR_PUBLISHED,accepted_fast_2026-08-03; examples_and_unique_count_sampled_from=50000
rules,action_window_margin,action_window_margin,float64,unspecified,2915224,0.0,904,"[""0.0"", ""60.0"", ""52.760000000000005""]",not_time,derived_or_not_applicable,overall_run|M3|M4,M4_CONSTRAINT_SOURCE|DYNAMIC_CONTINUOUS,numeric_coerce; preserve_missing; fit_scaling_on_train_only,RETAIN,,DERIVED_OR_PUBLISHED,accepted_fast_2026-08-03; examples_and_unique_count_sampled_from=50000
rules,window_rule_id,window_rule_id,category,unspecified,2915224,0.0,2,"[""NOT_APPLICABLE"", ""ACTION_SPECIFIC_WINDOW_V2""]",not_time,derived_or_not_applicable,overall_run|M3|M4,IDENTITY|M4_CONSTRAINT_SOURCE|CATEGORICAL,normalize_explicitly; encode_downstream; keep_missing_category,RETAIN,,DERIVED_OR_PUBLISHED,accepted_fast_2026-08-03; examples_and_unique_count_sampled_from=50000
rules,lead_time_margin,lead_time_margin,float64,unspecified,2915224,0.0,1482,"[""497.91"", ""388.305"", ""345.15999999999997""]",not_time,derived_or_not_applicable,overall_run|M1|M3|M4,TIME|M4_CONSTRAINT_SOURCE,parse_utc_or_period; preserve_original,RETAIN,,DERIVED_OR_PUBLISHED,accepted_fast_2026-08-03; examples_and_unique_count_sampled_from=50000
rules,lead_rule_id,lead_rule_id,category,unspecified,2915224,0.0,1,"[""TREF_REMAINING_TIME_V1""]",not_time,derived_or_not_applicable,overall_run|M3|M4,IDENTITY|M4_CONSTRAINT_SOURCE|CATEGORICAL,normalize_explicitly; encode_downstream; keep_missing_category,RETAIN,,DERIVED_OR_PUBLISHED,accepted_fast_2026-08-03; examples_and_unique_count_sampled_from=50000
rules,authority_allowed,authority_allowed,bool,unspecified,2915224,0.0,1,"[""True""]",not_time,derived_or_not_applicable,overall_run|M3|M4,M4_CONSTRAINT_SOURCE|CATEGORICAL,normalize_explicitly; encode_downstream; keep_missing_category,RETAIN,,DERIVED_OR_PUBLISHED,accepted_fast_2026-08-03; examples_and_unique_count_sampled_from=50000
rules,authority_rule_id,authority_rule_id,category,unspecified,2915224,0.0,1,"[""UNRESTRICTED_PRIMARY""]",not_time,derived_or_not_applicable,overall_run|M3|M4,IDENTITY|M4_CONSTRAINT_SOURCE|CATEGORICAL,normalize_explicitly; encode_downstream; keep_missing_category,RETAIN,,DERIVED_OR_PUBLISHED,accepted_fast_2026-08-03; examples_and_unique_count_sampled_from=50000
rules,authority_profile_id,authority_profile_id,category,unspecified,2915224,0.0,1,"[""UNRESTRICTED_PRIMARY""]",not_time,derived_or_not_applicable,overall_run|M3|M4,IDENTITY|M4_CONSTRAINT_SOURCE|CATEGORICAL,normalize_explicitly; encode_downstream; keep_missing_category,RETAIN,,DERIVED_OR_PUBLISHED,accepted_fast_2026-08-03; examples_and_unique_count_sampled_from=50000
rules,authority_source,authority_source,category,unspecified,2915224,0.0,1,"[""DECLARED_RULE""]",not_time,derived_or_not_applicable,overall_run|M3|M4,EVIDENCE|M4_CONSTRAINT_SOURCE,preserve,RETAIN,,DERIVED_OR_PUBLISHED,accepted_fast_2026-08-03; examples_and_unique_count_sampled_from=50000
rules,resource_profile_id,resource_profile_id,category,unspecified,2915224,0.0,1,"[""normal""]",not_time,derived_or_not_applicable,overall_run|M3|M4,IDENTITY|EVIDENCE|M4_CONSTRAINT_SOURCE,preserve,RETAIN,,DERIVED_OR_PUBLISHED,accepted_fast_2026-08-03; examples_and_unique_count_sampled_from=50000
rules,resource_available_f,resource_available_f,float64,unspecified,2915224,0.0,1,"[""0.8""]",not_time,derived_or_not_applicable,overall_run|M3|M4,EVIDENCE|M4_CONSTRAINT_SOURCE|DYNAMIC_CONTINUOUS,numeric_coerce; preserve_missing; fit_scaling_on_train_only,RETAIN,,DERIVED_OR_PUBLISHED,accepted_fast_2026-08-03; examples_and_unique_count_sampled_from=50000
rules,resource_available_p,resource_available_p,float64,unspecified,2915224,0.0,1,"[""0.7""]",not_time,derived_or_not_applicable,overall_run|M3|M4,EVIDENCE|M4_CONSTRAINT_SOURCE|DYNAMIC_CONTINUOUS,numeric_coerce; preserve_missing; fit_scaling_on_train_only,RETAIN,,DERIVED_OR_PUBLISHED,accepted_fast_2026-08-03; examples_and_unique_count_sampled_from=50000
rules,resource_available_r,resource_available_r,float64,unspecified,2915224,0.0,1,"[""0.85""]",not_time,derived_or_not_applicable,overall_run|M3|M4,EVIDENCE|M4_CONSTRAINT_SOURCE|DYNAMIC_CONTINUOUS,numeric_coerce; preserve_missing; fit_scaling_on_train_only,RETAIN,,DERIVED_OR_PUBLISHED,accepted_fast_2026-08-03; examples_and_unique_count_sampled_from=50000
rules,airport_resource_available,airport_resource_available,float64,unspecified,2915224,0.0,1,"[""0.85""]",not_time,derived_or_not_applicable,overall_run|M3|M4,EVIDENCE|M4_CONSTRAINT_SOURCE|DYNAMIC_CONTINUOUS,numeric_coerce; preserve_missing; fit_scaling_on_train_only,RETAIN,,DERIVED_OR_PUBLISHED,accepted_fast_2026-08-03; examples_and_unique_count_sampled_from=50000
rules,aircraft_sequence_available,aircraft_sequence_available,float64,unspecified,2915224,0.0,1,"[""0.8""]",not_time,derived_or_not_applicable,overall_run|M3|M4,M4_CONSTRAINT_SOURCE|DYNAMIC_CONTINUOUS,numeric_coerce; preserve_missing; fit_scaling_on_train_only,RETAIN,,DERIVED_OR_PUBLISHED,accepted_fast_2026-08-03; examples_and_unique_count_sampled_from=50000
rules,passenger_handling_available,passenger_handling_available,float64,unspecified,2915224,0.0,1,"[""0.7""]",not_time,derived_or_not_applicable,overall_run|M3|M4,M4_CONSTRAINT_SOURCE|DYNAMIC_CONTINUOUS,numeric_coerce; preserve_missing; fit_scaling_on_train_only,RETAIN,,DERIVED_OR_PUBLISHED,accepted_fast_2026-08-03; examples_and_unique_count_sampled_from=50000
rules,deprecated_alias_mapping_version,deprecated_alias_mapping_version,object,unspecified,2915224,0.0,1,"[""legacy-fpr-to-afp-v1""]",not_time,derived_or_not_applicable,overall_run|M3|M4,M4_CONSTRAINT_SOURCE|CATEGORICAL,normalize_explicitly; encode_downstream; keep_missing_category,RETAIN,,DERIVED_OR_PUBLISHED,accepted_fast_2026-08-03; examples_and_unique_count_sampled_from=50000
rules,rule_evidence_status,rule_evidence_status,category,unspecified,2915224,0.0,1,"[""RULE_GENERATED""]",not_time,derived_or_not_applicable,overall_run|M3|M4,QUALITY|EVIDENCE|M4_CONSTRAINT_SOURCE,preserve,RETAIN,,DERIVED_OR_PUBLISHED,accepted_fast_2026-08-03; examples_and_unique_count_sampled_from=50000
rules,rule_generation_version,rule_generation_version,category,unspecified,2915224,0.0,1,"[""pre-rule-v1""]",not_time,derived_or_not_applicable,overall_run|M3|M4,M4_CONSTRAINT_SOURCE|CATEGORICAL,normalize_explicitly; encode_downstream; keep_missing_category,RETAIN,,DERIVED_OR_PUBLISHED,accepted_fast_2026-08-03; examples_and_unique_count_sampled_from=50000
rules,rule_missing_reason,rule_missing_reason,category,unspecified,2915224,0.0,1,"[""""]",not_time,derived_or_not_applicable,overall_run|M3|M4,QUALITY|M4_CONSTRAINT_SOURCE|CATEGORICAL,normalize_explicitly; encode_downstream; keep_missing_category,RETAIN,,DERIVED_OR_PUBLISHED,accepted_fast_2026-08-03; examples_and_unique_count_sampled_from=50000
rules,aircraft_swap_available,aircraft_swap_available,bool,unspecified,2915224,0.0,1,"[""False""]",not_time,derived_or_not_applicable,overall_run|M3|M4,M4_CONSTRAINT_SOURCE|CATEGORICAL,normalize_explicitly; encode_downstream; keep_missing_category,RETAIN,,DERIVED_OR_PUBLISHED,accepted_fast_2026-08-03; examples_and_unique_count_sampled_from=50000
rules,rotation_reassignment_available,rotation_reassignment_available,bool,unspecified,2915224,0.0,2,"[""False"", ""True""]",not_time,derived_or_not_applicable,overall_run|M3|M4,M4_CONSTRAINT_SOURCE|CATEGORICAL,normalize_explicitly; encode_downstream; keep_missing_category,RETAIN,,DERIVED_OR_PUBLISHED,accepted_fast_2026-08-03; examples_and_unique_count_sampled_from=50000
rules,standby_aircraft_available,standby_aircraft_available,bool,unspecified,2915224,0.0,1,"[""False""]",not_time,derived_or_not_applicable,overall_run|M3|M4,M4_CONSTRAINT_SOURCE|CATEGORICAL,normalize_explicitly; encode_downstream; keep_missing_category,RETAIN,,DERIVED_OR_PUBLISHED,accepted_fast_2026-08-03; examples_and_unique_count_sampled_from=50000
rules,aircraft_group_compatible,aircraft_group_compatible,bool,unspecified,2915224,0.0,2,"[""True"", ""False""]",not_time,derived_or_not_applicable,overall_run|M3|M4,M4_CONSTRAINT_SOURCE|CATEGORICAL,normalize_explicitly; encode_downstream; keep_missing_category,RETAIN,,DERIVED_OR_PUBLISHED,accepted_fast_2026-08-03; examples_and_unique_count_sampled_from=50000
rules,crew_swap_available,crew_swap_available,bool,unspecified,2915224,0.0,1,"[""False""]",not_time,derived_or_not_applicable,overall_run|M3|M4,M4_CONSTRAINT_SOURCE|CATEGORICAL,normalize_explicitly; encode_downstream; keep_missing_category,RETAIN,,DERIVED_OR_PUBLISHED,accepted_fast_2026-08-03; examples_and_unique_count_sampled_from=50000
rules,standby_crew_available,standby_crew_available,bool,unspecified,2915224,0.0,1,"[""False""]",not_time,derived_or_not_applicable,overall_run|M3|M4,M4_CONSTRAINT_SOURCE|CATEGORICAL,normalize_explicitly; encode_downstream; keep_missing_category,RETAIN,,DERIVED_OR_PUBLISHED,accepted_fast_2026-08-03; examples_and_unique_count_sampled_from=50000
rules,crew_reposition_available,crew_reposition_available,bool,unspecified,2915224,0.0,1,"[""False""]",not_time,derived_or_not_applicable,overall_run|M3|M4,M4_CONSTRAINT_SOURCE|CATEGORICAL,normalize_explicitly; encode_downstream; keep_missing_category,RETAIN,,DERIVED_OR_PUBLISHED,accepted_fast_2026-08-03; examples_and_unique_count_sampled_from=50000
rules,crew_qualification_compatible,crew_qualification_compatible,bool,unspecified,2915224,0.0,1,"[""False""]",not_time,derived_or_not_applicable,overall_run|M3|M4,M4_CONSTRAINT_SOURCE|CATEGORICAL,normalize_explicitly; encode_downstream; keep_missing_category,RETAIN,,DERIVED_OR_PUBLISHED,accepted_fast_2026-08-03; examples_and_unique_count_sampled_from=50000
rules,gate_reassignment_available,gate_reassignment_available,bool,unspecified,2915224,0.0,1,"[""True""]",not_time,derived_or_not_applicable,overall_run|M3|M4,M4_CONSTRAINT_SOURCE|CATEGORICAL,normalize_explicitly; encode_downstream; keep_missing_category,RETAIN,,DERIVED_OR_PUBLISHED,accepted_fast_2026-08-03; examples_and_unique_count_sampled_from=50000
rules,ground_support_available,ground_support_available,bool,unspecified,2915224,0.0,1,"[""True""]",not_time,derived_or_not_applicable,overall_run|M3|M4,M4_CONSTRAINT_SOURCE|CATEGORICAL,normalize_explicitly; encode_downstream; keep_missing_category,RETAIN,,DERIVED_OR_PUBLISHED,accepted_fast_2026-08-03; examples_and_unique_count_sampled_from=50000
rules,tow_support_available,tow_support_available,bool,unspecified,2915224,0.0,1,"[""True""]",not_time,derived_or_not_applicable,overall_run|M3|M4,M4_CONSTRAINT_SOURCE|CATEGORICAL,normalize_explicitly; encode_downstream; keep_missing_category,RETAIN,,DERIVED_OR_PUBLISHED,accepted_fast_2026-08-03; examples_and_unique_count_sampled_from=50000
rules,cancellation_authority_available,cancellation_authority_available,bool,unspecified,2915224,0.0,1,"[""False""]",not_time,derived_or_not_applicable,overall_run|M3|M4,M4_CONSTRAINT_SOURCE|CATEGORICAL,normalize_explicitly; encode_downstream; keep_missing_category,RETAIN,,DERIVED_OR_PUBLISHED,accepted_fast_2026-08-03; examples_and_unique_count_sampled_from=50000
rules,network_reset_authority_available,network_reset_authority_available,bool,unspecified,2915224,0.0,1,"[""False""]",not_time,derived_or_not_applicable,overall_run|M3|M4,M4_CONSTRAINT_SOURCE|CATEGORICAL,normalize_explicitly; encode_downstream; keep_missing_category,RETAIN,,DERIVED_OR_PUBLISHED,accepted_fast_2026-08-03; examples_and_unique_count_sampled_from=50000
rules,passenger_reaccommodation_available,passenger_reaccommodation_available,bool,unspecified,2915224,0.0,1,"[""True""]",not_time,derived_or_not_applicable,overall_run|M3|M4,M4_CONSTRAINT_SOURCE|CATEGORICAL,normalize_explicitly; encode_downstream; keep_missing_category,RETAIN,,DERIVED_OR_PUBLISHED,accepted_fast_2026-08-03; examples_and_unique_count_sampled_from=50000
rules,capacity_coordination_available,capacity_coordination_available,bool,unspecified,2915224,0.0,1,"[""True""]",not_time,derived_or_not_applicable,overall_run|M3|M4,M4_CONSTRAINT_SOURCE|CATEGORICAL,normalize_explicitly; encode_downstream; keep_missing_category,RETAIN,,DERIVED_OR_PUBLISHED,accepted_fast_2026-08-03; examples_and_unique_count_sampled_from=50000
rules,aircraft_swap_available_evidence_status,aircraft_swap_available_evidence_status,category,unspecified,2915224,0.0,1,"[""UNSUPPORTED""]",not_time,derived_or_not_applicable,overall_run|M3|M4,QUALITY|EVIDENCE|M4_CONSTRAINT_SOURCE,preserve,RETAIN,,DERIVED_OR_PUBLISHED,accepted_fast_2026-08-03; examples_and_unique_count_sampled_from=50000
rules,rotation_reassignment_available_evidence_status,rotation_reassignment_available_evidence_status,category,unspecified,2915224,0.0,1,"[""RULE_GENERATED""]",not_time,derived_or_not_applicable,overall_run|M3|M4,QUALITY|EVIDENCE|M4_CONSTRAINT_SOURCE,preserve,RETAIN,,DERIVED_OR_PUBLISHED,accepted_fast_2026-08-03; examples_and_unique_count_sampled_from=50000
rules,standby_aircraft_available_evidence_status,standby_aircraft_available_evidence_status,category,unspecified,2915224,0.0,1,"[""UNSUPPORTED""]",not_time,derived_or_not_applicable,overall_run|M3|M4,QUALITY|EVIDENCE|M4_CONSTRAINT_SOURCE,preserve,RETAIN,,DERIVED_OR_PUBLISHED,accepted_fast_2026-08-03; examples_and_unique_count_sampled_from=50000
rules,aircraft_group_compatible_evidence_status,aircraft_group_compatible_evidence_status,category,unspecified,2915224,0.0,2,"[""OBSERVED"", ""UNSUPPORTED""]",not_time,derived_or_not_applicable,overall_run|M3|M4,QUALITY|EVIDENCE|M4_CONSTRAINT_SOURCE,preserve,RETAIN,,DERIVED_OR_PUBLISHED,accepted_fast_2026-08-03; examples_and_unique_count_sampled_from=50000
rules,crew_swap_available_evidence_status,crew_swap_available_evidence_status,category,unspecified,2915224,0.0,1,"[""UNSUPPORTED""]",not_time,derived_or_not_applicable,overall_run|M3|M4,QUALITY|EVIDENCE|M4_CONSTRAINT_SOURCE,preserve,RETAIN,,DERIVED_OR_PUBLISHED,accepted_fast_2026-08-03; examples_and_unique_count_sampled_from=50000
rules,standby_crew_available_evidence_status,standby_crew_available_evidence_status,category,unspecified,2915224,0.0,1,"[""UNSUPPORTED""]",not_time,derived_or_not_applicable,overall_run|M3|M4,QUALITY|EVIDENCE|M4_CONSTRAINT_SOURCE,preserve,RETAIN,,DERIVED_OR_PUBLISHED,accepted_fast_2026-08-03; examples_and_unique_count_sampled_from=50000
rules,crew_reposition_available_evidence_status,crew_reposition_available_evidence_status,category,unspecified,2915224,0.0,1,"[""UNSUPPORTED""]",not_time,derived_or_not_applicable,overall_run|M3|M4,QUALITY|EVIDENCE|M4_CONSTRAINT_SOURCE,preserve,RETAIN,,DERIVED_OR_PUBLISHED,accepted_fast_2026-08-03; examples_and_unique_count_sampled_from=50000
rules,crew_qualification_compatible_evidence_status,crew_qualification_compatible_evidence_status,category,unspecified,2915224,0.0,1,"[""UNSUPPORTED""]",not_time,derived_or_not_applicable,overall_run|M3|M4,QUALITY|EVIDENCE|M4_CONSTRAINT_SOURCE,preserve,RETAIN,,DERIVED_OR_PUBLISHED,accepted_fast_2026-08-03; examples_and_unique_count_sampled_from=50000
rules,gate_reassignment_available_evidence_status,gate_reassignment_available_evidence_status,category,unspecified,2915224,0.0,1,"[""SCENARIO_GENERATED""]",not_time,derived_or_not_applicable,overall_run|M3|M4,QUALITY|EVIDENCE|M4_CONSTRAINT_SOURCE,preserve,RETAIN,,DERIVED_OR_PUBLISHED,accepted_fast_2026-08-03; examples_and_unique_count_sampled_from=50000
rules,ground_support_available_evidence_status,ground_support_available_evidence_status,category,unspecified,2915224,0.0,1,"[""SCENARIO_GENERATED""]",not_time,derived_or_not_applicable,overall_run|M3|M4,QUALITY|EVIDENCE|M4_CONSTRAINT_SOURCE,preserve,RETAIN,,DERIVED_OR_PUBLISHED,accepted_fast_2026-08-03; examples_and_unique_count_sampled_from=50000
rules,tow_support_available_evidence_status,tow_support_available_evidence_status,category,unspecified,2915224,0.0,1,"[""SCENARIO_GENERATED""]",not_time,derived_or_not_applicable,overall_run|M3|M4,QUALITY|EVIDENCE|M4_CONSTRAINT_SOURCE,preserve,RETAIN,,DERIVED_OR_PUBLISHED,accepted_fast_2026-08-03; examples_and_unique_count_sampled_from=50000
rules,cancellation_authority_available_evidence_status,cancellation_authority_available_evidence_status,category,unspecified,2915224,0.0,1,"[""UNSUPPORTED""]",not_time,derived_or_not_applicable,overall_run|M3|M4,QUALITY|EVIDENCE|M4_CONSTRAINT_SOURCE,preserve,RETAIN,,DERIVED_OR_PUBLISHED,accepted_fast_2026-08-03; examples_and_unique_count_sampled_from=50000
rules,network_reset_authority_available_evidence_status,network_reset_authority_available_evidence_status,category,unspecified,2915224,0.0,1,"[""UNSUPPORTED""]",not_time,derived_or_not_applicable,overall_run|M3|M4,QUALITY|EVIDENCE|M4_CONSTRAINT_SOURCE,preserve,RETAIN,,DERIVED_OR_PUBLISHED,accepted_fast_2026-08-03; examples_and_unique_count_sampled_from=50000
rules,passenger_reaccommodation_available_evidence_status,passenger_reaccommodation_available_evidence_status,category,unspecified,2915224,0.0,1,"[""RULE_GENERATED""]",not_time,derived_or_not_applicable,overall_run|M3|M4,QUALITY|EVIDENCE|M4_CONSTRAINT_SOURCE,preserve,RETAIN,,DERIVED_OR_PUBLISHED,accepted_fast_2026-08-03; examples_and_unique_count_sampled_from=50000
rules,capacity_coordination_available_evidence_status,capacity_coordination_available_evidence_status,category,unspecified,2915224,0.0,1,"[""RULE_GENERATED""]",not_time,derived_or_not_applicable,overall_run|M3|M4,QUALITY|EVIDENCE|M4_CONSTRAINT_SOURCE,preserve,RETAIN,,DERIVED_OR_PUBLISHED,accepted_fast_2026-08-03; examples_and_unique_count_sampled_from=50000
rules,typed_gate_required,typed_gate_required,category,unspecified,2915224,0.0,16,"["""", ""capacity_coordination_available"", ""passenger_reaccommodation_available""]",not_time,derived_or_not_applicable,overall_run|M3|M4,M4_CONSTRAINT_SOURCE|CATEGORICAL,normalize_explicitly; encode_downstream; keep_missing_category,RETAIN,,DERIVED_OR_PUBLISHED,accepted_fast_2026-08-03; examples_and_unique_count_sampled_from=50000
rules,typed_gate_pass,typed_gate_pass,bool,unspecified,2915224,0.0,2,"[""True"", ""False""]",not_time,derived_or_not_applicable,overall_run|M3|M4,M4_CONSTRAINT_SOURCE|CATEGORICAL,normalize_explicitly; encode_downstream; keep_missing_category,RETAIN,,DERIVED_OR_PUBLISHED,accepted_fast_2026-08-03; examples_and_unique_count_sampled_from=50000
rules,typed_gate_status,typed_gate_status,category,unspecified,2915224,0.0,3,"[""NOT_APPLICABLE"", ""PASS"", ""FAIL_CLOSED""]",not_time,derived_or_not_applicable,overall_run|M3|M4,QUALITY|M4_CONSTRAINT_SOURCE|CATEGORICAL,normalize_explicitly; encode_downstream; keep_missing_category,RETAIN,,DERIVED_OR_PUBLISHED,accepted_fast_2026-08-03; examples_and_unique_count_sampled_from=50000
evidence_audit,episode_id,episode_id,object,unspecified,9558153,0.0,5556,"[""d9e57c95490303a0346a65946560bc3e"", ""ddd938b03278eb39a7b8facdf09cac9d"", ""0573a488e73b4e7ed8907b8f7be6120b""]",not_time,derived_or_not_applicable,overall_run,IDENTITY|CATEGORICAL,normalize_explicitly; encode_downstream; keep_missing_category,RETAIN,,DERIVED_OR_PUBLISHED,accepted_fast_2026-08-03; examples_and_unique_count_sampled_from=50000
evidence_audit,snapshot_id,snapshot_id,category,unspecified,9558153,0.0,50000,"[""d9e57c95490303a0346a65946560bc3e__r10"", ""d9e57c95490303a0346a65946560bc3e__t1"", ""d9e57c95490303a0346a65946560bc3e__r30""]",not_time,derived_or_not_applicable,overall_run,IDENTITY|CATEGORICAL,normalize_explicitly; encode_downstream; keep_missing_category,RETAIN,,DERIVED_OR_PUBLISHED,accepted_fast_2026-08-03; examples_and_unique_count_sampled_from=50000
evidence_audit,feature_name,feature_name,category,unspecified,9558153,0.0,1,"[""snapshot_ratio""]",not_time,derived_or_not_applicable,overall_run,CATEGORICAL,normalize_explicitly; encode_downstream; keep_missing_category,RETAIN,,DERIVED_OR_PUBLISHED,accepted_fast_2026-08-03; examples_and_unique_count_sampled_from=50000
evidence_audit,feature_value_type,feature_value_type,category,unspecified,9558153,0.0,1,"[""float""]",not_time,derived_or_not_applicable,overall_run,CATEGORICAL,normalize_explicitly; encode_downstream; keep_missing_category,RETAIN,,DERIVED_OR_PUBLISHED,accepted_fast_2026-08-03; examples_and_unique_count_sampled_from=50000
evidence_audit,evidence_status,evidence_status,category,unspecified,9558153,0.0,1,"[""DERIVED""]",not_time,derived_or_not_applicable,overall_run,QUALITY|EVIDENCE,preserve,RETAIN,,DERIVED_OR_PUBLISHED,accepted_fast_2026-08-03; examples_and_unique_count_sampled_from=50000
evidence_audit,imputation_status,imputation_status,category,unspecified,9558153,0.0,1,"[""NOT_IMPUTED""]",not_time,derived_or_not_applicable,overall_run,QUALITY|CATEGORICAL,normalize_explicitly; encode_downstream; keep_missing_category,RETAIN,,DERIVED_OR_PUBLISHED,accepted_fast_2026-08-03; examples_and_unique_count_sampled_from=50000
evidence_audit,missing_reason,missing_reason,category,unspecified,9558153,0.0,1,"[""""]",not_time,derived_or_not_applicable,overall_run,QUALITY|CATEGORICAL,normalize_explicitly; encode_downstream; keep_missing_category,RETAIN,,DERIVED_OR_PUBLISHED,accepted_fast_2026-08-03; examples_and_unique_count_sampled_from=50000
evidence_audit,event_time,event_time,"datetime64[ns, UTC]",unspecified,6107943,0.3609703673921102,49660,"[""2022-05-02 00:46:14.799999998+00:00"", ""2022-05-02 01:32:24.600000002+00:00"", ""2022-05-02 02:18:34.400000+00:00""]",event_or_decision_time_utc,derived_or_not_applicable,overall_run,TIME,parse_utc_or_period; preserve_original,RETAIN,,DERIVED_OR_PUBLISHED,accepted_fast_2026-08-03; examples_and_unique_count_sampled_from=50000
evidence_audit,availability_time,availability_time,"datetime64[ns, UTC]",unspecified,6107943,0.3609703673921102,49660,"[""2022-05-02 00:46:14.799999998+00:00"", ""2022-05-02 01:32:24.600000002+00:00"", ""2022-05-02 02:18:34.400000+00:00""]",knowledge_time_utc,explicit_availability_time,overall_run,TIME|EVIDENCE,parse_utc_or_period; preserve_original,RETAIN,,DERIVED_OR_PUBLISHED,accepted_fast_2026-08-03; examples_and_unique_count_sampled_from=50000
evidence_audit,decision_time,decision_time,"datetime64[ns, UTC]",unspecified,9558153,0.0,49660,"[""2022-05-02 00:46:14.799999998+00:00"", ""2022-05-02 01:32:24.600000002+00:00"", ""2022-05-02 02:18:34.400000+00:00""]",event_or_decision_time_utc,derived_or_not_applicable,overall_run,TIME,parse_utc_or_period; preserve_original,RETAIN,,DERIVED_OR_PUBLISHED,accepted_fast_2026-08-03; examples_and_unique_count_sampled_from=50000
evidence_audit,ingested_time,ingested_time,"datetime64[us, UTC]",unspecified,9558153,0.0,1,"[""2026-08-03 02:45:07.529612+00:00""]",knowledge_time_utc,derived_or_not_applicable,overall_run,TIME,parse_utc_or_period; preserve_original,RETAIN,,DERIVED_OR_PUBLISHED,accepted_fast_2026-08-03; examples_and_unique_count_sampled_from=50000
evidence_audit,available_by_t,available_by_t,bool,unspecified,9558153,0.0,1,"[""True""]",not_time,derived_or_not_applicable,overall_run,CATEGORICAL,normalize_explicitly; encode_downstream; keep_missing_category,RETAIN,,DERIVED_OR_PUBLISHED,accepted_fast_2026-08-03; examples_and_unique_count_sampled_from=50000
evidence_audit,source,source,category,unspecified,9558153,0.0,1,"[""FLIGHTLIST_AND_PROJECT_RULE""]",not_time,derived_or_not_applicable,overall_run,EVIDENCE,preserve,RETAIN,,DERIVED_OR_PUBLISHED,accepted_fast_2026-08-03; examples_and_unique_count_sampled_from=50000
evidence_audit,source_standard,source_standard,category,unspecified,9558153,0.0,1,"[""ARR_CS""]",not_time,derived_or_not_applicable,overall_run,EVIDENCE,preserve,RETAIN,,DERIVED_OR_PUBLISHED,accepted_fast_2026-08-03; examples_and_unique_count_sampled_from=50000
evidence_audit,source_version,source_version,category,unspecified,9558153,0.0,1,"[""arr-cs-0.3""]",not_time,derived_or_not_applicable,overall_run,EVIDENCE,preserve,RETAIN,,DERIVED_OR_PUBLISHED,accepted_fast_2026-08-03; examples_and_unique_count_sampled_from=50000
evidence_audit,raw_file,raw_file,category,unspecified,9558153,0.0,1,"[""""]",not_time,derived_or_not_applicable,overall_run,CATEGORICAL,normalize_explicitly; encode_downstream; keep_missing_category,RETAIN,,DERIVED_OR_PUBLISHED,accepted_fast_2026-08-03; examples_and_unique_count_sampled_from=50000
evidence_audit,raw_file_hash,raw_file_hash,category,unspecified,9558153,0.0,1,"[""""]",not_time,derived_or_not_applicable,overall_run,EVIDENCE,preserve,RETAIN,,DERIVED_OR_PUBLISHED,accepted_fast_2026-08-03; examples_and_unique_count_sampled_from=50000
evidence_audit,source_record_ids,source_record_ids,category,unspecified,9558153,0.0,1,"[""[]""]",not_time,derived_or_not_applicable,overall_run,EVIDENCE,preserve,RETAIN,,DERIVED_OR_PUBLISHED,accepted_fast_2026-08-03; examples_and_unique_count_sampled_from=50000
evidence_audit,generation_rule,generation_rule,category,unspecified,9558153,0.0,1,"[""PRE_SNAPSHOT_RATIO_V1""]",not_time,derived_or_not_applicable,overall_run,CATEGORICAL,normalize_explicitly; encode_downstream; keep_missing_category,RETAIN,,DERIVED_OR_PUBLISHED,accepted_fast_2026-08-03; examples_and_unique_count_sampled_from=50000
evidence_audit,generation_config_hash,generation_config_hash,category,unspecified,9558153,0.0,1,"[""59578681e8dcd408b82ce52c9d5548a826884a7dc20d62c0983c3b5d725f23b1""]",not_time,derived_or_not_applicable,overall_run,EVIDENCE,preserve,RETAIN,,DERIVED_OR_PUBLISHED,accepted_fast_2026-08-03; examples_and_unique_count_sampled_from=50000
evidence_audit,quality_flag,quality_flag,category,unspecified,9558153,0.0,1,"[""derived""]",not_time,derived_or_not_applicable,overall_run,QUALITY|CATEGORICAL,normalize_explicitly; encode_downstream; keep_missing_category,RETAIN,,DERIVED_OR_PUBLISHED,accepted_fast_2026-08-03; examples_and_unique_count_sampled_from=50000
evidence_audit,fallback_level,fallback_level,category,unspecified,9558153,0.0,1,"[""""]",not_time,derived_or_not_applicable,overall_run,EVIDENCE,preserve,RETAIN,,DERIVED_OR_PUBLISHED,accepted_fast_2026-08-03; examples_and_unique_count_sampled_from=50000
evidence_audit,cell_size,cell_size,int64,unspecified,9558153,0.0,1,"[""0""]",not_time,derived_or_not_applicable,overall_run,DYNAMIC_CONTINUOUS,numeric_coerce; preserve_missing; fit_scaling_on_train_only,RETAIN,,DERIVED_OR_PUBLISHED,accepted_fast_2026-08-03; examples_and_unique_count_sampled_from=50000
evidence_audit,source_name,source_name,category,unspecified,9558153,0.0,1,"[""FLIGHTLIST_AND_PROJECT_RULE""]",not_time,derived_or_not_applicable,overall_run,EVIDENCE,preserve,RETAIN,,DERIVED_OR_PUBLISHED,accepted_fast_2026-08-03; examples_and_unique_count_sampled_from=50000
evidence_audit,source_available,source_available,bool,unspecified,9558153,0.0,1,"[""True""]",not_time,derived_or_not_applicable,overall_run,EVIDENCE,preserve,RETAIN,,DERIVED_OR_PUBLISHED,accepted_fast_2026-08-03; examples_and_unique_count_sampled_from=50000
evidence_audit,observation_age,observation_age,float64,unspecified,6107943,0.3609703673921102,1,"[""0.0""]",not_time,derived_or_not_applicable,overall_run,QUALITY|DYNAMIC_CONTINUOUS,numeric_coerce; preserve_missing; fit_scaling_on_train_only,RETAIN,,DERIVED_OR_PUBLISHED,accepted_fast_2026-08-03; examples_and_unique_count_sampled_from=50000
evidence_audit,interpolation_used,interpolation_used,bool,unspecified,9558153,0.0,1,"[""False""]",not_time,derived_or_not_applicable,overall_run,CATEGORICAL,normalize_explicitly; encode_downstream; keep_missing_category,RETAIN,,DERIVED_OR_PUBLISHED,accepted_fast_2026-08-03; examples_and_unique_count_sampled_from=50000
evidence_audit,proxy_level,proxy_level,object,unspecified,9558153,0.0,1,"[""NONE""]",not_time,derived_or_not_applicable,overall_run,CATEGORICAL,normalize_explicitly; encode_downstream; keep_missing_category,RETAIN,,DERIVED_OR_PUBLISHED,accepted_fast_2026-08-03; examples_and_unique_count_sampled_from=50000
evidence_audit,reference_level,reference_level,category,unspecified,9558153,0.0,1,"[""""]",not_time,derived_or_not_applicable,overall_run,REFERENCE|CATEGORICAL,normalize_explicitly; encode_downstream; keep_missing_category,RETAIN,,DERIVED_OR_PUBLISHED,accepted_fast_2026-08-03; examples_and_unique_count_sampled_from=50000
evidence_audit,formal_eligible,formal_eligible,bool,unspecified,9558153,0.0,1,"[""True""]",not_time,derived_or_not_applicable,overall_run,QUALITY|CATEGORICAL,normalize_explicitly; encode_downstream; keep_missing_category,RETAIN,,DERIVED_OR_PUBLISHED,accepted_fast_2026-08-03; examples_and_unique_count_sampled_from=50000
evidence_audit,debug_only,debug_only,bool,unspecified,9558153,0.0,1,"[""True""]",not_time,derived_or_not_applicable,overall_run,CATEGORICAL,normalize_explicitly; encode_downstream; keep_missing_category,RETAIN,,DERIVED_OR_PUBLISHED,accepted_fast_2026-08-03; examples_and_unique_count_sampled_from=50000
evidence_audit,exclusion_reason,exclusion_reason,object,unspecified,9558153,0.0,1,"[""""]",not_time,derived_or_not_applicable,overall_run,CATEGORICAL,normalize_explicitly; encode_downstream; keep_missing_category,RETAIN,,DERIVED_OR_PUBLISHED,accepted_fast_2026-08-03; examples_and_unique_count_sampled_from=50000
raw:flightlist,callsign,callsign,object,unspecified,50000,0.0,45237,"[""HBAL583"", ""UAG27G"", ""RUN115""]",not_time,completed_flight_record; current_PRE_uses_completed_flightlist_lag,PRE,CATEGORICAL|LINEAGE,normalize_explicitly; encode_downstream; keep_missing_category,RETAIN,,OBSERVED_RAW,first_file_sample
raw:flightlist,number,number,object,unspecified,13124,0.73752,12876,"[""AV244"", ""QF1"", ""KL734""]",not_time,completed_flight_record; current_PRE_uses_completed_flightlist_lag,PRE,CATEGORICAL|LINEAGE,normalize_explicitly; encode_downstream; keep_missing_category,RETAIN,,OBSERVED_RAW,first_file_sample
raw:flightlist,icao24,icao24,object,unspecified,49999,2.0000000000020002e-05,23871,"[""a26454"", ""502d6d"", ""4b8467""]",not_time,completed_flight_record; current_PRE_uses_completed_flightlist_lag,PRE,IDENTITY|CATEGORICAL|LINEAGE,normalize_explicitly; encode_downstream; keep_missing_category,RETAIN,,OBSERVED_RAW,first_file_sample
raw:flightlist,registration,registration,object,unspecified,34167,0.31666000000000005,16847,"[""TC-ACG"", ""ET-AOO"", ""ER-JAI""]",not_time,completed_flight_record; current_PRE_uses_completed_flightlist_lag,PRE,CATEGORICAL|LINEAGE,normalize_explicitly; encode_downstream; keep_missing_category,RETAIN,,OBSERVED_RAW,first_file_sample
raw:flightlist,typecode,typecode,object,unspecified,28617,0.42766000000000004,416,"[""B744"", ""B788"", ""A333""]",not_time,completed_flight_record; current_PRE_uses_completed_flightlist_lag,PRE,CATEGORICAL|LINEAGE,normalize_explicitly; encode_downstream; keep_missing_category,RETAIN,,OBSERVED_RAW,first_file_sample
raw:flightlist,origin,origin,object,unspecified,37960,0.24080000000000001,2932,"[""EBLG"", ""KEWR"", ""LFOK""]",not_time,completed_flight_record; current_PRE_uses_completed_flightlist_lag,PRE|M1,IDENTITY|CATEGORICAL|LINEAGE,normalize_explicitly; encode_downstream; keep_missing_category,RETAIN,,OBSERVED_RAW,first_file_sample
raw:flightlist,destination,destination,object,unspecified,40898,0.18203999999999998,3610,"[""RKSI"", ""EBLG"", ""ESSA""]",not_time,completed_flight_record; current_PRE_uses_completed_flightlist_lag,PRE|M1,IDENTITY|CATEGORICAL|LINEAGE,normalize_explicitly; encode_downstream; keep_missing_category,RETAIN,,OBSERVED_RAW,first_file_sample
raw:flightlist,firstseen,firstseen,object,unspecified,50000,0.0,32494,"[""2022-04-30 00:00:48+00:00"", ""2022-04-30 01:12:45+00:00"", ""2022-04-30 02:28:10+00:00""]",event_or_decision_time_utc,completed_flight_record; current_PRE_uses_completed_flightlist_lag,PRE,TIME|LINEAGE,parse_utc_or_period; preserve_original,RETAIN,,OBSERVED_RAW,first_file_sample
raw:flightlist,lastseen,lastseen,object,unspecified,50000,0.0,31537,"[""2022-05-01 23:15:25+00:00"", ""2022-05-01 09:59:46+00:00"", ""2022-05-01 14:26:28+00:00""]",event_or_decision_time_utc,completed_flight_record; current_PRE_uses_completed_flightlist_lag,PRE,TIME|FORBIDDEN_MODEL_INPUT|LINEAGE,retain_for_label_or_audit; exclude_from_model_features,RETAIN,,OBSERVED_RAW,first_file_sample
raw:flightlist,day,day,object,unspecified,50000,0.0,2,"[""2022-05-01 00:00:00+00:00"", ""2022-05-02 00:00:00+00:00""]",not_time,completed_flight_record; current_PRE_uses_completed_flightlist_lag,PRE,CATEGORICAL|LINEAGE,normalize_explicitly; encode_downstream; keep_missing_category,RETAIN,,OBSERVED_RAW,first_file_sample
raw:flightlist,latitude_1,latitude_1,float64,unspecified,50000,0.0,42625,"[""32.01036071777344"", ""29.27503967285156"", ""50.65045166015625""]",not_time,completed_flight_record; current_PRE_uses_completed_flightlist_lag,PRE,DYNAMIC_CONTINUOUS|LINEAGE,numeric_coerce; preserve_missing; fit_scaling_on_train_only,RETAIN,,OBSERVED_RAW,first_file_sample
raw:flightlist,longitude_1,longitude_1,float64,unspecified,50000,0.0,44540,"[""-96.83706665039062"", ""34.48655935434195"", ""5.464975457442434""]",not_time,completed_flight_record; current_PRE_uses_completed_flightlist_lag,PRE,DYNAMIC_CONTINUOUS|LINEAGE,numeric_coerce; preserve_missing; fit_scaling_on_train_only,RETAIN,,OBSERVED_RAW,first_file_sample
raw:flightlist,altitude_1,altitude_1,float64,unspecified,50000,0.0,48,"[""17678.4"", ""13716.0"", ""0.0""]",not_time,completed_flight_record; current_PRE_uses_completed_flightlist_lag,PRE,DYNAMIC_CONTINUOUS|LINEAGE,numeric_coerce; preserve_missing; fit_scaling_on_train_only,RETAIN,,OBSERVED_RAW,first_file_sample
raw:flightlist,latitude_2,latitude_2,float64,unspecified,49999,2.0000000000020002e-05,41098,"[""28.67724609375"", ""37.56993697861493"", ""50.6187744140625""]",not_time,completed_flight_record; current_PRE_uses_completed_flightlist_lag,PRE,DYNAMIC_CONTINUOUS|LINEAGE,numeric_coerce; preserve_missing; fit_scaling_on_train_only,RETAIN,,OBSERVED_RAW,first_file_sample
raw:flightlist,longitude_2,longitude_2,float64,unspecified,49999,2.0000000000020002e-05,43004,"[""-93.58951862041768"", ""126.3234279466712"", ""5.414669639185854""]",not_time,completed_flight_record; current_PRE_uses_completed_flightlist_lag,PRE,DYNAMIC_CONTINUOUS|LINEAGE,numeric_coerce; preserve_missing; fit_scaling_on_train_only,RETAIN,,OBSERVED_RAW,first_file_sample
raw:flightlist,altitude_2,altitude_2,float64,unspecified,49583,0.008340000000000014,1531,"[""17983.2"", ""685.8000000000001"", ""228.6""]",not_time,completed_flight_record; current_PRE_uses_completed_flightlist_lag,PRE,DYNAMIC_CONTINUOUS|LINEAGE,numeric_coerce; preserve_missing; fit_scaling_on_train_only,RETAIN,,OBSERVED_RAW,first_file_sample
raw:aircraft,icao24,icao24,object,unspecified,49999,2.0000000000020002e-05,49999,"[""000000"", ""000001"", ""000002""]",not_time,derived_or_not_applicable,PRE,IDENTITY|CATEGORICAL|LINEAGE,normalize_explicitly; encode_downstream; keep_missing_category,RETAIN,,OBSERVED_RAW,headerless_positional_contract; first_file_sample
raw:aircraft,registration,registration,object,unspecified,30395,0.3921,30358,"[""SP-FGR"", ""TC-"", ""N474EA""]",not_time,derived_or_not_applicable,PRE,CATEGORICAL|LINEAGE,normalize_explicitly; encode_downstream; keep_missing_category,RETAIN,,OBSERVED_RAW,headerless_positional_contract; first_file_sample
raw:aircraft,manufacturer,manufacturer,object,unspecified,28109,0.43782,360,"[""SHIJIAZHUANG"", ""AERO (3)"", ""BOEING""]",not_time,derived_or_not_applicable,PRE,CATEGORICAL|LINEAGE,normalize_explicitly; encode_downstream; keep_missing_category,RETAIN,,OBSERVED_RAW,headerless_positional_contract; first_file_sample
raw:aircraft,manufacturer_icao,manufacturer_icao,object,unspecified,30195,0.3961,505,"[""Aero"", ""Boeing"", ""Ilyushin""]",not_time,derived_or_not_applicable,PRE,CATEGORICAL|LINEAGE,normalize_explicitly; encode_downstream; keep_missing_category,RETAIN,,OBSERVED_RAW,headerless_positional_contract; first_file_sample
raw:aircraft,model,model,object,unspecified,30328,0.39344,4084,"[""unknow"", ""Antonov 2"", ""AT-3 R100""]",not_time,derived_or_not_applicable,PRE,CATEGORICAL|LINEAGE,normalize_explicitly; encode_downstream; keep_missing_category,RETAIN,,OBSERVED_RAW,headerless_positional_contract; first_file_sample
raw:aircraft,typecode,typecode,object,unspecified,30314,0.39371999999999996,926,"[""AN2"", ""AAT3"", ""B734""]",not_time,derived_or_not_applicable,PRE,CATEGORICAL|LINEAGE,normalize_explicitly; encode_downstream; keep_missing_category,RETAIN,,OBSERVED_RAW,headerless_positional_contract; first_file_sample
raw:aircraft,serialnumber,serialnumber,object,unspecified,29821,0.40358000000000005,20700,"[""AT3-069"", ""24474"", ""0053458731""]",not_time,derived_or_not_applicable,PRE,CATEGORICAL|LINEAGE,normalize_explicitly; encode_downstream; keep_missing_category,RETAIN,,OBSERVED_RAW,headerless_positional_contract; first_file_sample
raw:aircraft,line_number,line_number,object,unspecified,374,0.99252,333,"[""1742"", ""4403"", ""0710""]",not_time,derived_or_not_applicable,PRE,CATEGORICAL|LINEAGE,normalize_explicitly; encode_downstream; keep_missing_category,RETAIN,,OBSERVED_RAW,headerless_positional_contract; first_file_sample
raw:aircraft,icao_aircraft_type,icao_aircraft_type,object,unspecified,28096,0.43808,30,"[""L1P"", ""L2J"", ""L4J""]",not_time,derived_or_not_applicable,PRE,CATEGORICAL|LINEAGE,normalize_explicitly; encode_downstream; keep_missing_category,RETAIN,,OBSERVED_RAW,headerless_positional_contract; first_file_sample
raw:aircraft,operator,operator,object,unspecified,3019,0.93962,532,"[""Baf"", ""Royal Air Force"", ""Aviation Legere De L'armee De Terre""]",not_time,derived_or_not_applicable,PRE,CATEGORICAL|LINEAGE,normalize_explicitly; encode_downstream; keep_missing_category,RETAIN,,OBSERVED_RAW,headerless_positional_contract; first_file_sample
raw:aircraft,operator_callsign,operator_callsign,object,unspecified,5369,0.89262,440,"[""BELGIAN AIRFORCE"", ""VORTEX"", ""FRENCH ARMY""]",not_time,derived_or_not_applicable,PRE,CATEGORICAL|LINEAGE,normalize_explicitly; encode_downstream; keep_missing_category,RETAIN,,OBSERVED_RAW,headerless_positional_contract; first_file_sample
raw:aircraft,operator_icao,operator_icao,object,unspecified,5731,0.8853800000000001,468,"[""BAF"", ""SHF"", ""FMY""]",not_time,derived_or_not_applicable,PRE,CATEGORICAL|LINEAGE,normalize_explicitly; encode_downstream; keep_missing_category,RETAIN,,OBSERVED_RAW,headerless_positional_contract; first_file_sample
raw:aircraft,operator_iata,operator_iata,object,unspecified,1161,0.97678,129,"[""Z3"", ""E4"", ""TC""]",not_time,derived_or_not_applicable,PRE,CATEGORICAL|LINEAGE,normalize_explicitly; encode_downstream; keep_missing_category,RETAIN,,OBSERVED_RAW,headerless_positional_contract; first_file_sample
raw:aircraft,owner,owner,object,unspecified,30022,0.39956,2778,"[""Private"", ""Royal Air Force"", ""French Army""]",not_time,derived_or_not_applicable,PRE,CATEGORICAL|LINEAGE,normalize_explicitly; encode_downstream; keep_missing_category,RETAIN,,OBSERVED_RAW,headerless_positional_contract; first_file_sample
raw:aircraft,test_reg,test_reg,object,unspecified,26715,0.4657,19,"[""No ADS-B Emitter Category Information"", ""Light (< 15500 lbs)"", ""Surface Vehicle � Service Vehicle""]",not_time,derived_or_not_applicable,PRE,CATEGORICAL|LINEAGE,normalize_explicitly; encode_downstream; keep_missing_category,RETAIN,,OBSERVED_RAW,headerless_positional_contract; first_file_sample
raw:aircraft,emitter_category,emitter_category,float64,unspecified,0,1.0,0,[],not_time,derived_or_not_applicable,PRE,DYNAMIC_CONTINUOUS|LINEAGE,numeric_coerce; preserve_missing; fit_scaling_on_train_only,RETAIN,,OBSERVED_RAW,headerless_positional_contract; first_file_sample
raw:metar,station,airport,object,unspecified,17510,0.0,1,"[""EBBR""]",not_time,current_PRE_sets_availability_from_observation_time_plus_configured_lag,PRE,CATEGORICAL|LINEAGE,normalize_explicitly; encode_downstream; keep_missing_category,RETAIN,,OBSERVED_RAW,first_station_file_sample
raw:metar,valid,observation_time,object,unspecified,17510,0.0,17510,"[""2022-01-01 00:20"", ""2022-01-01 00:50"", ""2022-01-01 01:20""]",event_or_decision_time_utc,current_PRE_sets_availability_from_observation_time_plus_configured_lag,PRE,QUALITY|CATEGORICAL|LINEAGE,normalize_explicitly; encode_downstream; keep_missing_category,RETAIN,,OBSERVED_RAW,first_station_file_sample
raw:metar,lon,lon,float64,unspecified,17510,0.0,1,"[""4.5259""]",not_time,current_PRE_sets_availability_from_observation_time_plus_configured_lag,PRE,DYNAMIC_CONTINUOUS|LINEAGE,numeric_coerce; preserve_missing; fit_scaling_on_train_only,RETAIN,,OBSERVED_RAW,first_station_file_sample
raw:metar,lat,lat,float64,unspecified,17510,0.0,1,"[""50.8962""]",not_time,current_PRE_sets_availability_from_observation_time_plus_configured_lag,PRE,DYNAMIC_CONTINUOUS|LINEAGE,numeric_coerce; preserve_missing; fit_scaling_on_train_only,RETAIN,,OBSERVED_RAW,first_station_file_sample
raw:metar,elevation,elevation,float64,unspecified,17510,0.0,1,"[""58.0""]",not_time,current_PRE_sets_availability_from_observation_time_plus_configured_lag,PRE,DYNAMIC_CONTINUOUS|LINEAGE,numeric_coerce; preserve_missing; fit_scaling_on_train_only,RETAIN,,OBSERVED_RAW,first_station_file_sample
raw:metar,tmpf,temperature,float64,unspecified,17510,0.0,45,"[""55.4"", ""53.6"", ""51.8""]",not_time,current_PRE_sets_availability_from_observation_time_plus_configured_lag,PRE,DYNAMIC_CONTINUOUS|LINEAGE,numeric_coerce; preserve_missing; fit_scaling_on_train_only,RETAIN,,OBSERVED_RAW,first_station_file_sample
raw:metar,dwpf,dewpoint,float64,unspecified,17509,5.711022272991695e-05,27,"[""51.8"", ""50.0"", ""48.2""]",not_time,current_PRE_sets_availability_from_observation_time_plus_configured_lag,PRE,DYNAMIC_CONTINUOUS|LINEAGE,numeric_coerce; preserve_missing; fit_scaling_on_train_only,RETAIN,,OBSERVED_RAW,first_station_file_sample
raw:metar,drct,drct,float64,unspecified,16332,0.06727584237578521,37,"[""220.0"", ""210.0"", ""200.0""]",not_time,current_PRE_sets_availability_from_observation_time_plus_configured_lag,PRE,DYNAMIC_CONTINUOUS|LINEAGE,numeric_coerce; preserve_missing; fit_scaling_on_train_only,RETAIN,,OBSERVED_RAW,first_station_file_sample
raw:metar,sknt,wind_speed,float64,unspecified,17509,5.711022272991695e-05,35,"[""7.0"", ""8.0"", ""6.0""]",not_time,current_PRE_sets_availability_from_observation_time_plus_configured_lag,PRE,DYNAMIC_CONTINUOUS|LINEAGE,numeric_coerce; preserve_missing; fit_scaling_on_train_only,RETAIN,,OBSERVED_RAW,first_station_file_sample
raw:metar,gust,wind_gust,float64,unspecified,363,0.9792689891490577,38,"[""28.0"", ""32.0"", ""30.0""]",not_time,current_PRE_sets_availability_from_observation_time_plus_configured_lag,PRE,DYNAMIC_CONTINUOUS|LINEAGE,numeric_coerce; preserve_missing; fit_scaling_on_train_only,RETAIN,,OBSERVED_RAW,first_station_file_sample
raw:metar,mslp,mslp,float64,unspecified,0,1.0,0,[],not_time,current_PRE_sets_availability_from_observation_time_plus_configured_lag,PRE,DYNAMIC_CONTINUOUS|LINEAGE,numeric_coerce; preserve_missing; fit_scaling_on_train_only,RETAIN,,OBSERVED_RAW,first_station_file_sample
raw:metar,vsby,visibility,float64,unspecified,17510,0.0,59,"[""6.21"", ""2.49"", ""4.97""]",not_time,current_PRE_sets_availability_from_observation_time_plus_configured_lag,PRE,DYNAMIC_CONTINUOUS|LINEAGE,numeric_coerce; preserve_missing; fit_scaling_on_train_only,RETAIN,,OBSERVED_RAW,first_station_file_sample
raw:metar,skyc1,skyc1,object,unspecified,8866,0.49366076527698455,6,"[""BKN"", ""SCT"", ""FEW""]",not_time,current_PRE_sets_availability_from_observation_time_plus_configured_lag,PRE,CATEGORICAL|LINEAGE,normalize_explicitly; encode_downstream; keep_missing_category,RETAIN,,OBSERVED_RAW,first_station_file_sample
raw:metar,skyc2,skyc2,object,unspecified,2359,0.8652769845802398,4,"[""SCT"", ""BKN"", ""OVC""]",not_time,current_PRE_sets_availability_from_observation_time_plus_configured_lag,PRE,CATEGORICAL|LINEAGE,normalize_explicitly; encode_downstream; keep_missing_category,RETAIN,,OBSERVED_RAW,first_station_file_sample
raw:metar,skyc3,skyc3,object,unspecified,126,0.9928041119360366,2,"[""BKN"", ""OVC""]",not_time,current_PRE_sets_availability_from_observation_time_plus_configured_lag,PRE,CATEGORICAL|LINEAGE,normalize_explicitly; encode_downstream; keep_missing_category,RETAIN,,OBSERVED_RAW,first_station_file_sample
raw:metar,skyl1,skyl1,float64,unspecified,8436,0.5182181610508281,62,"[""3000.0"", ""3200.0"", ""3300.0""]",not_time,current_PRE_sets_availability_from_observation_time_plus_configured_lag,PRE,DYNAMIC_CONTINUOUS|LINEAGE,numeric_coerce; preserve_missing; fit_scaling_on_train_only,RETAIN,,OBSERVED_RAW,first_station_file_sample
raw:metar,skyl2,skyl2,float64,unspecified,2359,0.8652769845802398,52,"[""4500.0"", ""4200.0"", ""2000.0""]",not_time,current_PRE_sets_availability_from_observation_time_plus_configured_lag,PRE,DYNAMIC_CONTINUOUS|LINEAGE,numeric_coerce; preserve_missing; fit_scaling_on_train_only,RETAIN,,OBSERVED_RAW,first_station_file_sample
raw:metar,skyl3,skyl3,float64,unspecified,126,0.9928041119360366,29,"[""3600.0"", ""2000.0"", ""4000.0""]",not_time,current_PRE_sets_availability_from_observation_time_plus_configured_lag,PRE,DYNAMIC_CONTINUOUS|LINEAGE,numeric_coerce; preserve_missing; fit_scaling_on_train_only,RETAIN,,OBSERVED_RAW,first_station_file_sample
raw:metar,wxcodes,weather_code,object,unspecified,2558,0.853912050256996,56,"[""-RA"", ""VCSH"", ""TSRA""]",not_time,current_PRE_sets_availability_from_observation_time_plus_configured_lag,PRE,CATEGORICAL|LINEAGE,normalize_explicitly; encode_downstream; keep_missing_category,RETAIN,,OBSERVED_RAW,first_station_file_sample
raw:metar,metar,metar,object,unspecified,17510,0.0,17510,"[""EBBR 010020Z 22007KT 9999 BKN030 13/11 Q1024 NOSIG"", ""EBBR 010050Z 21007KT 9999 BKN032 13/10 Q1024 NOSIG"", ""EBBR 010120Z 21007KT 9999 BKN033 13/09 Q1024 NOSIG""]",not_time,current_PRE_sets_availability_from_observation_time_plus_configured_lag,PRE,CATEGORICAL|LINEAGE,normalize_explicitly; encode_downstream; keep_missing_category,RETAIN,,OBSERVED_RAW,first_station_file_sample
raw:ourairports_airports,id,id,int64,unspecified,50000,0.0,50000,"[""6523"", ""323361"", ""6524""]",not_time,derived_or_not_applicable,PRE,DYNAMIC_CONTINUOUS|LINEAGE,numeric_coerce; preserve_missing; fit_scaling_on_train_only,RETAIN,,OBSERVED_RAW,snapshot_file_sample
raw:ourairports_airports,ident,ident,object,unspecified,50000,0.0,50000,"[""00A"", ""00AA"", ""00AK""]",not_time,derived_or_not_applicable,PRE,CATEGORICAL|LINEAGE,normalize_explicitly; encode_downstream; keep_missing_category,RETAIN,,OBSERVED_RAW,snapshot_file_sample
raw:ourairports_airports,type,type,object,unspecified,50000,0.0,7,"[""heliport"", ""small_airport"", ""closed""]",not_time,derived_or_not_applicable,PRE,CATEGORICAL|LINEAGE,normalize_explicitly; encode_downstream; keep_missing_category,RETAIN,,OBSERVED_RAW,snapshot_file_sample
raw:ourairports_airports,name,name,object,unspecified,50000,0.0,48027,"[""Total Rf Heliport"", ""Aero B Ranch Airport"", ""Lowell Field""]",not_time,derived_or_not_applicable,PRE,CATEGORICAL|LINEAGE,normalize_explicitly; encode_downstream; keep_missing_category,RETAIN,,OBSERVED_RAW,snapshot_file_sample
raw:ourairports_airports,latitude_deg,latitude,float64,unspecified,50000,0.0,49000,"[""40.07080078125"", ""38.704022"", ""59.947733""]",not_time,derived_or_not_applicable,PRE,DYNAMIC_CONTINUOUS|LINEAGE,numeric_coerce; preserve_missing; fit_scaling_on_train_only,RETAIN,,OBSERVED_RAW,snapshot_file_sample
raw:ourairports_airports,longitude_deg,longitude,float64,unspecified,50000,0.0,49189,"[""-74.93360137939453"", ""-101.473911"", ""-151.692524""]",not_time,derived_or_not_applicable,PRE,DYNAMIC_CONTINUOUS|LINEAGE,numeric_coerce; preserve_missing; fit_scaling_on_train_only,RETAIN,,OBSERVED_RAW,snapshot_file_sample
raw:ourairports_airports,elevation_ft,elevation_ft,float64,unspecified,40638,0.18723999999999996,5236,"[""11.0"", ""3435.0"", ""450.0""]",not_time,derived_or_not_applicable,PRE,DYNAMIC_CONTINUOUS|LINEAGE,numeric_coerce; preserve_missing; fit_scaling_on_train_only,RETAIN,,OBSERVED_RAW,snapshot_file_sample
raw:ourairports_airports,continent,continent,object,unspecified,23818,0.52364,6,"[""OC"", ""AF"", ""AN""]",not_time,derived_or_not_applicable,PRE,CATEGORICAL|LINEAGE,normalize_explicitly; encode_downstream; keep_missing_category,RETAIN,,OBSERVED_RAW,snapshot_file_sample
raw:ourairports_airports,iso_country,iso_country,object,unspecified,49743,0.005140000000000033,221,"[""US"", ""PR"", ""MH""]",not_time,derived_or_not_applicable,PRE,QUALITY|CATEGORICAL|LINEAGE,normalize_explicitly; encode_downstream; keep_missing_category,RETAIN,,OBSERVED_RAW,snapshot_file_sample
raw:ourairports_airports,iso_region,iso_region,object,unspecified,50000,0.0,2425,"[""US-PA"", ""US-KS"", ""US-AK""]",not_time,derived_or_not_applicable,PRE,CATEGORICAL|LINEAGE,normalize_explicitly; encode_downstream; keep_missing_category,RETAIN,,OBSERVED_RAW,snapshot_file_sample
raw:ourairports_airports,municipality,municipality,object,unspecified,46757,0.06486000000000003,25566,"[""Bensalem"", ""Leoti"", ""Anchor Point""]",not_time,derived_or_not_applicable,PRE,CATEGORICAL|LINEAGE,normalize_explicitly; encode_downstream; keep_missing_category,RETAIN,,OBSERVED_RAW,snapshot_file_sample
raw:ourairports_airports,scheduled_service,scheduled_service,object,unspecified,50000,0.0,2,"[""no"", ""yes""]",not_time,derived_or_not_applicable,PRE,CATEGORICAL|LINEAGE,normalize_explicitly; encode_downstream; keep_missing_category,RETAIN,,OBSERVED_RAW,snapshot_file_sample
raw:ourairports_airports,gps_code,gps_code,object,unspecified,30601,0.38798,30555,"[""00A"", ""00AA"", ""00AK""]",not_time,derived_or_not_applicable,PRE,CATEGORICAL|LINEAGE,normalize_explicitly; encode_downstream; keep_missing_category,RETAIN,,OBSERVED_RAW,snapshot_file_sample
raw:ourairports_airports,iata_code,iata_code,object,unspecified,6587,0.86826,6568,"[""UTK"", ""OCA"", ""PQS""]",not_time,derived_or_not_applicable,PRE,CATEGORICAL|LINEAGE,normalize_explicitly; encode_downstream; keep_missing_category,RETAIN,,OBSERVED_RAW,snapshot_file_sample
raw:ourairports_airports,local_code,local_code,object,unspecified,26228,0.47544,25190,"[""00A"", ""00AA"", ""00AK""]",not_time,derived_or_not_applicable,PRE,CATEGORICAL|LINEAGE,normalize_explicitly; encode_downstream; keep_missing_category,RETAIN,,OBSERVED_RAW,snapshot_file_sample
raw:ourairports_airports,home_link,home_link,object,unspecified,2937,0.94126,2927,"[""http://www.wsdot.wa.gov/aviation/AllStateAirports/Colfax_LowerGraniteState.htm"", ""https://www.oceanreef.com/community/private-airport-1345.html"", ""http://airparknorth.net/?page_id=6""]",not_time,derived_or_not_applicable,PRE,CATEGORICAL|LINEAGE,normalize_explicitly; encode_downstream; keep_missing_category,RETAIN,,OBSERVED_RAW,snapshot_file_sample
raw:ourairports_airports,wikipedia_link,wikipedia_link,object,unspecified,8410,0.8318,8350,"[""https://en.wikipedia.org/wiki/McKenzie_Bridge_State_Airport"", ""https://en.wikipedia.org/wiki/Grant_Airport"", ""https://en.wikipedia.org/wiki/Utirik_Airport""]",not_time,derived_or_not_applicable,PRE,CATEGORICAL|LINEAGE,normalize_explicitly; encode_downstream; keep_missing_category,RETAIN,,OBSERVED_RAW,snapshot_file_sample
raw:ourairports_airports,keywords,keywords,object,unspecified,9914,0.80172,9703,"[""00AR"", ""00CO"", ""00II""]",not_time,derived_or_not_applicable,PRE,CATEGORICAL|LINEAGE,normalize_explicitly; encode_downstream; keep_missing_category,RETAIN,,OBSERVED_RAW,snapshot_file_sample
raw:ourairports_runways,id,id,int64,unspecified,43061,0.0,43061,"[""269408"", ""255155"", ""254165""]",not_time,derived_or_not_applicable,PRE,DYNAMIC_CONTINUOUS|LINEAGE,numeric_coerce; preserve_missing; fit_scaling_on_train_only,RETAIN,,OBSERVED_RAW,snapshot_file_sample
raw:ourairports_runways,airport_ref,airport_ref,int64,unspecified,43061,0.0,36424,"[""6523"", ""6524"", ""6525""]",not_time,derived_or_not_applicable,PRE,DYNAMIC_CONTINUOUS|LINEAGE,numeric_coerce; preserve_missing; fit_scaling_on_train_only,RETAIN,,OBSERVED_RAW,snapshot_file_sample
raw:ourairports_runways,airport_ident,airport_ident,object,unspecified,43061,0.0,36424,"[""00A"", ""00AK"", ""00AL""]",not_time,derived_or_not_applicable,PRE,CATEGORICAL|LINEAGE,normalize_explicitly; encode_downstream; keep_missing_category,RETAIN,,OBSERVED_RAW,snapshot_file_sample
raw:ourairports_runways,length_ft,length_ft,float64,unspecified,42859,0.004691019716216549,5513,"[""80.0"", ""2500.0"", ""2300.0""]",not_time,derived_or_not_applicable,PRE,DYNAMIC_CONTINUOUS|LINEAGE,numeric_coerce; preserve_missing; fit_scaling_on_train_only,RETAIN,,OBSERVED_RAW,snapshot_file_sample
raw:ourairports_runways,width_ft,width_ft,float64,unspecified,40288,0.06439701818350707,332,"[""80.0"", ""70.0"", ""200.0""]",not_time,derived_or_not_applicable,PRE,DYNAMIC_CONTINUOUS|LINEAGE,numeric_coerce; preserve_missing; fit_scaling_on_train_only,RETAIN,,OBSERVED_RAW,snapshot_file_sample
raw:ourairports_runways,surface,surface,object,unspecified,42679,0.00887113629502334,585,"[""ASPH-G"", ""GRVL"", ""TURF""]",not_time,derived_or_not_applicable,PRE,CATEGORICAL|LINEAGE,normalize_explicitly; encode_downstream; keep_missing_category,RETAIN,,OBSERVED_RAW,snapshot_file_sample
raw:ourairports_runways,lighted,lighted,int64,unspecified,43061,0.0,2,"[""1"", ""0""]",not_time,derived_or_not_applicable,PRE,DYNAMIC_CONTINUOUS|LINEAGE,numeric_coerce; preserve_missing; fit_scaling_on_train_only,RETAIN,,OBSERVED_RAW,snapshot_file_sample
raw:ourairports_runways,closed,closed,int64,unspecified,43061,0.0,2,"[""0"", ""1""]",not_time,derived_or_not_applicable,PRE,DYNAMIC_CONTINUOUS|LINEAGE,numeric_coerce; preserve_missing; fit_scaling_on_train_only,RETAIN,,OBSERVED_RAW,snapshot_file_sample
raw:ourairports_runways,le_ident,le_ident,object,unspecified,42897,0.003808550660690635,255,"[""H1"", ""N"", ""01""]",not_time,derived_or_not_applicable,PRE,CATEGORICAL|LINEAGE,normalize_explicitly; encode_downstream; keep_missing_category,RETAIN,,OBSERVED_RAW,snapshot_file_sample
raw:ourairports_runways,le_latitude_deg,le_latitude_deg,float64,unspecified,14798,0.6563479714823157,14466,"[""35.3493"", ""44.3042"", ""43.3417""]",not_time,derived_or_not_applicable,PRE,DYNAMIC_CONTINUOUS|LINEAGE,numeric_coerce; preserve_missing; fit_scaling_on_train_only,RETAIN,,OBSERVED_RAW,snapshot_file_sample
raw:ourairports_runways,le_longitude_deg,le_longitude_deg,float64,unspecified,14791,0.6565105315714916,14357,"[""-116.893"", ""-89.052"", ""-85.7799""]",not_time,derived_or_not_applicable,PRE,DYNAMIC_CONTINUOUS|LINEAGE,numeric_coerce; preserve_missing; fit_scaling_on_train_only,RETAIN,,OBSERVED_RAW,snapshot_file_sample
raw:ourairports_runways,le_elevation_ft,le_elevation_ft,float64,unspecified,12583,0.7077866282715217,3344,"[""815.0"", ""59.0"", ""1157.0""]",not_time,derived_or_not_applicable,PRE,DYNAMIC_CONTINUOUS|LINEAGE,numeric_coerce; preserve_missing; fit_scaling_on_train_only,RETAIN,,OBSERVED_RAW,snapshot_file_sample
raw:ourairports_runways,le_heading_degT,le_heading_degT,float64,unspecified,14457,0.6642669701121664,1877,"[""50.0"", ""87.2"", ""92.2""]",not_time,derived_or_not_applicable,PRE,DYNAMIC_CONTINUOUS|LINEAGE,numeric_coerce; preserve_missing; fit_scaling_on_train_only,RETAIN,,OBSERVED_RAW,snapshot_file_sample
raw:ourairports_runways,le_displaced_threshold_ft,le_displaced_threshold_ft,float64,unspecified,2857,0.9336522607463831,807,"[""290.0"", ""1335.0"", ""387.0""]",not_time,derived_or_not_applicable,PRE,DYNAMIC_CONTINUOUS|LINEAGE,numeric_coerce; preserve_missing; fit_scaling_on_train_only,RETAIN,,OBSERVED_RAW,snapshot_file_sample
raw:ourairports_runways,he_ident,he_ident,object,unspecified,36610,0.1498107336104596,231,"[""S"", ""19"", ""H1""]",not_time,derived_or_not_applicable,PRE,CATEGORICAL|LINEAGE,normalize_explicitly; encode_downstream; keep_missing_category,RETAIN,,OBSERVED_RAW,snapshot_file_sample
raw:ourairports_runways,he_latitude_deg,he_latitude_deg,float64,unspecified,14763,0.6571607719281949,14433,"[""35.3603"", ""44.3044"", ""43.3417""]",not_time,derived_or_not_applicable,PRE,DYNAMIC_CONTINUOUS|LINEAGE,numeric_coerce; preserve_missing; fit_scaling_on_train_only,RETAIN,,OBSERVED_RAW,snapshot_file_sample
raw:ourairports_runways,he_longitude_deg,he_longitude_deg,float64,unspecified,14765,0.6571143261884304,14312,"[""-116.878"", ""-89.0482"", ""-85.7703""]",not_time,derived_or_not_applicable,PRE,DYNAMIC_CONTINUOUS|LINEAGE,numeric_coerce; preserve_missing; fit_scaling_on_train_only,RETAIN,,OBSERVED_RAW,snapshot_file_sample
raw:ourairports_runways,he_elevation_ft,he_elevation_ft,float64,unspecified,12435,0.7112236130140963,3314,"[""815.0"", ""59.0"", ""1043.0""]",not_time,derived_or_not_applicable,PRE,DYNAMIC_CONTINUOUS|LINEAGE,numeric_coerce; preserve_missing; fit_scaling_on_train_only,RETAIN,,OBSERVED_RAW,snapshot_file_sample
raw:ourairports_runways,he_heading_degT,he_heading_degT,float64,unspecified,16264,0.6223032442349226,1868,"[""270.0"", ""230.0"", ""238.0""]",not_time,derived_or_not_applicable,PRE,DYNAMIC_CONTINUOUS|LINEAGE,numeric_coerce; preserve_missing; fit_scaling_on_train_only,RETAIN,,OBSERVED_RAW,snapshot_file_sample
raw:ourairports_runways,he_displaced_threshold_ft,he_displaced_threshold_ft,float64,unspecified,3163,0.9265460625624115,857,"[""800.0"", ""350.0"", ""1072.0""]",not_time,derived_or_not_applicable,PRE,DYNAMIC_CONTINUOUS|LINEAGE,numeric_coerce; preserve_missing; fit_scaling_on_train_only,RETAIN,,OBSERVED_RAW,snapshot_file_sample
raw:state_vectors,time,time,int64,unspecified,50000,0.0,11,"[""1651449600"", ""1651449610"", ""1651449620""]",not_time,current_PRE_sets_availability_equal_event_time_plus_configured_lag,PRE,TIME|LINEAGE,parse_utc_or_period; preserve_original,RETAIN,,OBSERVED_RAW,first_archive_first_chunk_sample
raw:state_vectors,icao24,icao24,object,unspecified,50000,0.0,5403,"[""a992cf"", ""ac04c5"", ""a0faf3""]",not_time,current_PRE_sets_availability_equal_event_time_plus_configured_lag,PRE,IDENTITY|CATEGORICAL|LINEAGE,normalize_explicitly; encode_downstream; keep_missing_category,RETAIN,,OBSERVED_RAW,first_archive_first_chunk_sample
raw:state_vectors,lat,latitude,float64,unspecified,46629,0.06742000000000004,42167,"[""33.16828323622881"", ""34.51024459580243"", ""33.237925384004235""]",not_time,current_PRE_sets_availability_equal_event_time_plus_configured_lag,PRE,DYNAMIC_CONTINUOUS|LINEAGE,numeric_coerce; preserve_missing; fit_scaling_on_train_only,RETAIN,,OBSERVED_RAW,first_archive_first_chunk_sample
raw:state_vectors,lon,longitude,float64,unspecified,46629,0.06742000000000004,43006,"[""-97.36661327128508"", ""-90.74604034423828"", ""-97.26812868702166""]",not_time,current_PRE_sets_availability_equal_event_time_plus_configured_lag,PRE,DYNAMIC_CONTINUOUS|LINEAGE,numeric_coerce; preserve_missing; fit_scaling_on_train_only,RETAIN,,OBSERVED_RAW,first_archive_first_chunk_sample
raw:state_vectors,velocity,velocity,float64,metres_per_second,46044,0.07911999999999997,23807,"[""131.6835964205451"", ""256.7791970213768"", ""219.4415741873261""]",not_time,current_PRE_sets_availability_equal_event_time_plus_configured_lag,PRE|M1,DYNAMIC_CONTINUOUS|LINEAGE,numeric_coerce; preserve_missing; fit_scaling_on_train_only,ALIAS_RETAIN,current_velocity,OBSERVED_RAW,first_archive_first_chunk_sample
raw:state_vectors,heading,heading,float64,unspecified,46044,0.07911999999999997,29774,"[""135.0"", ""51.0175030328457"", ""352.59175587616585""]",not_time,current_PRE_sets_availability_equal_event_time_plus_configured_lag,PRE,DYNAMIC_CONTINUOUS|LINEAGE,numeric_coerce; preserve_missing; fit_scaling_on_train_only,RETAIN,,OBSERVED_RAW,first_archive_first_chunk_sample
raw:state_vectors,vertrate,vertical_rate,float64,feet_per_minute,46053,0.07894000000000001,163,"[""-6.827520000000001"", ""-0.32512"", ""9.10336""]",not_time,current_PRE_sets_availability_equal_event_time_plus_configured_lag,PRE,DYNAMIC_CONTINUOUS|LINEAGE,numeric_coerce; preserve_missing; fit_scaling_on_train_only,RETAIN,,OBSERVED_RAW,first_archive_first_chunk_sample
raw:state_vectors,callsign,callsign,object,unspecified,47883,0.042340000000000044,5059,"[""SKW3207 "", ""ASH6156 "", ""AAL2235 ""]",not_time,current_PRE_sets_availability_equal_event_time_plus_configured_lag,PRE,CATEGORICAL|LINEAGE,normalize_explicitly; encode_downstream; keep_missing_category,RETAIN,,OBSERVED_RAW,first_archive_first_chunk_sample
raw:state_vectors,onground,onground,bool,unspecified,50000,0.0,2,"[""False"", ""True""]",not_time,current_PRE_sets_availability_equal_event_time_plus_configured_lag,PRE,CATEGORICAL|LINEAGE,normalize_explicitly; encode_downstream; keep_missing_category,RETAIN,,OBSERVED_RAW,first_archive_first_chunk_sample
raw:state_vectors,alert,alert,bool,unspecified,50000,0.0,2,"[""False"", ""True""]",not_time,current_PRE_sets_availability_equal_event_time_plus_configured_lag,PRE,CATEGORICAL|LINEAGE,normalize_explicitly; encode_downstream; keep_missing_category,RETAIN,,OBSERVED_RAW,first_archive_first_chunk_sample
raw:state_vectors,spi,spi,bool,unspecified,50000,0.0,2,"[""False"", ""True""]",not_time,current_PRE_sets_availability_equal_event_time_plus_configured_lag,PRE,CATEGORICAL|LINEAGE,normalize_explicitly; encode_downstream; keep_missing_category,RETAIN,,OBSERVED_RAW,first_archive_first_chunk_sample
raw:state_vectors,squawk,squawk,float64,unspecified,19497,0.61006,1622,"[""2104.0"", ""2470.0"", ""2707.0""]",not_time,current_PRE_sets_availability_equal_event_time_plus_configured_lag,PRE,DYNAMIC_CONTINUOUS|LINEAGE,numeric_coerce; preserve_missing; fit_scaling_on_train_only,RETAIN,,OBSERVED_RAW,first_archive_first_chunk_sample
raw:state_vectors,baroaltitude,altitude,float64,feet,46338,0.07323999999999997,1747,"[""1653.5400000000002"", ""10668.0"", ""4046.22""]",not_time,current_PRE_sets_availability_equal_event_time_plus_configured_lag,PRE,DYNAMIC_CONTINUOUS|LINEAGE,numeric_coerce; preserve_missing; fit_scaling_on_train_only,RETAIN,,OBSERVED_RAW,first_archive_first_chunk_sample
raw:state_vectors,geoaltitude,geoaltitude,float64,unspecified,44836,0.10328000000000004,2899,"[""1676.4"", ""10980.42"", ""4191.0""]",not_time,current_PRE_sets_availability_equal_event_time_plus_configured_lag,PRE,DYNAMIC_CONTINUOUS|LINEAGE,numeric_coerce; preserve_missing; fit_scaling_on_train_only,RETAIN,,OBSERVED_RAW,first_archive_first_chunk_sample
raw:state_vectors,lastposupdate,lastposupdate,float64,unspecified,46629,0.06742000000000004,12925,"[""1651449598.407"", ""1651449598.828"", ""1651449597.904""]",calendar_date,current_PRE_sets_availability_equal_event_time_plus_configured_lag,PRE,TIME|LINEAGE,parse_utc_or_period; preserve_original,RETAIN,,OBSERVED_RAW,first_archive_first_chunk_sample
raw:state_vectors,lastcontact,lastcontact,float64,unspecified,50000,0.0,11101,"[""1651449600.0"", ""1651449609.767"", ""1651449609.805""]",not_time,current_PRE_sets_availability_equal_event_time_plus_configured_lag,PRE,DYNAMIC_CONTINUOUS|LINEAGE,numeric_coerce; preserve_missing; fit_scaling_on_train_only,RETAIN,,OBSERVED_RAW,first_archive_first_chunk_sample
raw:eurostat_passengers,freq,freq,object,unspecified,40728,0.0,1,"[""M""]",not_time,period_end_publication_semantics_required,PRE,CATEGORICAL|LINEAGE,normalize_explicitly; encode_downstream; keep_missing_category,RETAIN,,OBSERVED_RAW,first_month_SDMX_decoded_sample
raw:eurostat_passengers,unit,unit,object,unspecified,40728,0.0,2,"[""FLIGHT"", ""PAS""]",not_time,period_end_publication_semantics_required,PRE,CATEGORICAL|LINEAGE,normalize_explicitly; encode_downstream; keep_missing_category,RETAIN,,OBSERVED_RAW,first_month_SDMX_decoded_sample
raw:eurostat_passengers,tra_meas,tra_meas,object,unspecified,40728,0.0,9,"[""CAF_PAS"", ""CAF_PAS_ARR"", ""CAF_PAS_DEP""]",not_time,period_end_publication_semantics_required,PRE,CATEGORICAL|LINEAGE,normalize_explicitly; encode_downstream; keep_missing_category,RETAIN,,OBSERVED_RAW,first_month_SDMX_decoded_sample
raw:eurostat_passengers,rep_airp,airport,object,unspecified,40728,0.0,404,"[""AT_LOWG"", ""AT_LOWI"", ""AT_LOWK""]",not_time,period_end_publication_semantics_required,PRE,CATEGORICAL|LINEAGE,normalize_explicitly; encode_downstream; keep_missing_category,RETAIN,,OBSERVED_RAW,first_month_SDMX_decoded_sample
raw:eurostat_passengers,schedule,schedule,object,unspecified,40728,0.0,4,"[""N_SCHED"", ""SCHED"", ""TOT""]",not_time,period_end_publication_semantics_required,PRE,CATEGORICAL|LINEAGE,normalize_explicitly; encode_downstream; keep_missing_category,RETAIN,,OBSERVED_RAW,first_month_SDMX_decoded_sample
raw:eurostat_passengers,tra_cov,tra_cov,object,unspecified,40728,0.0,5,"[""INTL"", ""INTL_IEU27_2020"", ""INTL_XEU27_2020""]",not_time,period_end_publication_semantics_required,PRE,CATEGORICAL|LINEAGE,normalize_explicitly; encode_downstream; keep_missing_category,RETAIN,,OBSERVED_RAW,first_month_SDMX_decoded_sample
raw:eurostat_passengers,time,source_period,object,unspecified,40728,0.0,1,"[""2022-01""]",not_time,period_end_publication_semantics_required,PRE,TIME|LINEAGE,parse_utc_or_period; preserve_original,RETAIN,,OBSERVED_RAW,first_month_SDMX_decoded_sample
raw:eurostat_passengers,value,passengers,int64,unspecified,40728,0.0,10376,"[""31"", ""13"", ""18""]",not_time,period_end_publication_semantics_required,PRE,DYNAMIC_CONTINUOUS|LINEAGE,numeric_coerce; preserve_missing; fit_scaling_on_train_only,RETAIN,,OBSERVED_RAW,first_month_SDMX_decoded_sample
raw:eurostat_flights,freq,freq,object,unspecified,8206,0.0,1,"[""M""]",not_time,period_end_publication_semantics_required,PRE,CATEGORICAL|LINEAGE,normalize_explicitly; encode_downstream; keep_missing_category,RETAIN,,OBSERVED_RAW,first_month_SDMX_decoded_sample
raw:eurostat_flights,schedule,schedule,object,unspecified,8206,0.0,3,"[""N_SCHED"", ""SCHED"", ""TOTAL""]",not_time,period_end_publication_semantics_required,PRE,CATEGORICAL|LINEAGE,normalize_explicitly; encode_downstream; keep_missing_category,RETAIN,,OBSERVED_RAW,first_month_SDMX_decoded_sample
raw:eurostat_flights,unit,unit,object,unspecified,8206,0.0,4,"[""NR"", ""PCH_M1"", ""PCH_M12""]",not_time,period_end_publication_semantics_required,PRE,CATEGORICAL|LINEAGE,normalize_explicitly; encode_downstream; keep_missing_category,RETAIN,,OBSERVED_RAW,first_month_SDMX_decoded_sample
raw:eurostat_flights,rep_airp,airport,object,unspecified,8206,0.0,860,"[""AL_LATI"", ""AL_OTH"", ""AT_LOWG""]",not_time,period_end_publication_semantics_required,PRE,CATEGORICAL|LINEAGE,normalize_explicitly; encode_downstream; keep_missing_category,RETAIN,,OBSERVED_RAW,first_month_SDMX_decoded_sample
raw:eurostat_flights,time,source_period,object,unspecified,8206,0.0,1,"[""2022-01""]",not_time,period_end_publication_semantics_required,PRE,TIME|LINEAGE,parse_utc_or_period; preserve_original,RETAIN,,OBSERVED_RAW,first_month_SDMX_decoded_sample
raw:eurostat_flights,value,commercial_flights,float64,unspecified,8206,0.0,2472,"[""130.0"", ""0.0"", ""98.0""]",not_time,period_end_publication_semantics_required,PRE,DYNAMIC_CONTINUOUS|LINEAGE,numeric_coerce; preserve_missing; fit_scaling_on_train_only,RETAIN,,OBSERVED_RAW,first_month_SDMX_decoded_sample
