stage,q,status,n,k,overlap,slots_reassigned,reassigned_rate,delay_boundary_tie_count,consequence_boundary_tie_count,delay_boundary_tie_fraction,consequence_boundary_tie_fraction,Capture_D_F,Capture_C_F,Delta_Capture_F_pp,Capture_F_status,Capture_D_P,Capture_C_P,Delta_Capture_P_pp,Capture_P_status,Capture_D_R,Capture_C_R,Delta_Capture_R_pp,Capture_R_status,Capture_D_F_continuity,Capture_C_F_continuity,Delta_Capture_F_continuity_pp,Capture_F_continuity_status,Capture_D_F_execution,Capture_C_F_execution,Delta_Capture_F_execution_pp,Capture_F_execution_status,Capture_D_F_propagation,Capture_C_F_propagation,Delta_Capture_F_propagation_pp,Capture_F_propagation_status,Capture_D_P_time,Capture_C_P_time,Delta_Capture_P_time_pp,Capture_P_time_status,Capture_D_P_itinerary,Capture_C_P_itinerary,Delta_Capture_P_itinerary_pp,Capture_P_itinerary_status,Capture_D_P_service,Capture_C_P_service,Delta_Capture_P_service_pp,Capture_P_service_status,Capture_D_R_operating,Capture_C_R_operating,Delta_Capture_R_operating_pp,Capture_R_operating_status,robust_count_m3,MissRate_D_m3,MissRate_C_m3,Delta_Miss_m3,robust_status_m3,robust_count_m4,MissRate_D_m4,MissRate_C_m4,Delta_Miss_m4,robust_status_m4,robust_count_m5,MissRate_D_m5,MissRate_C_m5,Delta_Miss_m5,robust_status_m5,Pareto_reversal_count_D,Pareto_rate_D,Pareto_complete_selected_D,Pareto_reversal_count_C,Pareto_rate_C,Pareto_complete_selected_C,replicate
PRE_IB,0.05,PASS,2,1,1,0,0.0,1,1,0.5,0.5,0.5294825112803272,0.5294825112803272,0.0,PASS,0.6053661915082799,0.6053661915082799,0.0,PASS,0.6817758590700995,0.6817758590700995,0.0,PASS,,,,ABSTAIN_UNSUPPORTED_OR_ZERO_DENOMINATOR,0.48915780996317315,0.48915780996317315,0.0,PASS,0.546180702665728,0.546180702665728,0.0,PASS,0.6096252592700668,0.6096252592700668,0.0,PASS,0.1697773434443218,0.1697773434443218,0.0,PASS,,,,ABSTAIN_UNSUPPORTED_OR_ZERO_DENOMINATOR,0.6817758590700996,0.6817758590700996,0.0,PASS,1,0.0,0.0,0.0,PASS,1,0.0,0.0,0.0,PASS,1,0.0,0.0,0.0,PASS,0,0.0,1,0,0.0,1,0
PRE_IB,0.1,PASS,2,1,1,0,0.0,1,1,0.5,0.5,0.5294825112803272,0.5294825112803272,0.0,PASS,0.6053661915082799,0.6053661915082799,0.0,PASS,0.6817758590700995,0.6817758590700995,0.0,PASS,,,,ABSTAIN_UNSUPPORTED_OR_ZERO_DENOMINATOR,0.48915780996317315,0.48915780996317315,0.0,PASS,0.546180702665728,0.546180702665728,0.0,PASS,0.6096252592700668,0.6096252592700668,0.0,PASS,0.1697773434443218,0.1697773434443218,0.0,PASS,,,,ABSTAIN_UNSUPPORTED_OR_ZERO_DENOMINATOR,0.6817758590700996,0.6817758590700996,0.0,PASS,1,0.0,0.0,0.0,PASS,1,0.0,0.0,0.0,PASS,1,0.0,0.0,0.0,PASS,0,0.0,1,0,0.0,1,0
PRE_IB,0.2,PASS,2,1,1,0,0.0,1,1,0.5,0.5,0.5294825112803272,0.5294825112803272,0.0,PASS,0.6053661915082799,0.6053661915082799,0.0,PASS,0.6817758590700995,0.6817758590700995,0.0,PASS,,,,ABSTAIN_UNSUPPORTED_OR_ZERO_DENOMINATOR,0.48915780996317315,0.48915780996317315,0.0,PASS,0.546180702665728,0.546180702665728,0.0,PASS,0.6096252592700668,0.6096252592700668,0.0,PASS,0.1697773434443218,0.1697773434443218,0.0,PASS,,,,ABSTAIN_UNSUPPORTED_OR_ZERO_DENOMINATOR,0.6817758590700996,0.6817758590700996,0.0,PASS,1,0.0,0.0,0.0,PASS,1,0.0,0.0,0.0,PASS,1,0.0,0.0,0.0,PASS,0,0.0,1,0,0.0,1,0
PRE_IB,0.3,PASS,2,1,1,0,0.0,1,1,0.5,0.5,0.5294825112803272,0.5294825112803272,0.0,PASS,0.6053661915082799,0.6053661915082799,0.0,PASS,0.6817758590700995,0.6817758590700995,0.0,PASS,,,,ABSTAIN_UNSUPPORTED_OR_ZERO_DENOMINATOR,0.48915780996317315,0.48915780996317315,0.0,PASS,0.546180702665728,0.546180702665728,0.0,PASS,0.6096252592700668,0.6096252592700668,0.0,PASS,0.1697773434443218,0.1697773434443218,0.0,PASS,,,,ABSTAIN_UNSUPPORTED_OR_ZERO_DENOMINATOR,0.6817758590700996,0.6817758590700996,0.0,PASS,1,0.0,0.0,0.0,PASS,1,0.0,0.0,0.0,PASS,1,0.0,0.0,0.0,PASS,0,0.0,1,0,0.0,1,0
POST_IB_PRE_OB,0.05,PASS,7,1,1,0,0.0,2,2,0.2857142857142857,0.2857142857142857,0.23253289420384346,0.23253289420384346,0.0,PASS,0.36138462774007596,0.36138462774007596,0.0,PASS,0.3490779184377227,0.3490779184377227,0.0,PASS,,,,ABSTAIN_UNSUPPORTED_OR_ZERO_DENOMINATOR,0.21501821269077373,0.21501821269077373,0.0,PASS,0.24085039377016784,0.24085039377016784,0.0,PASS,0.34673559475533394,0.34673559475533394,0.0,PASS,0.4762762069277506,0.4762762069277506,0.0,PASS,0.5,0.5,0.0,PASS,0.3490779184377227,0.3490779184377227,0.0,PASS,1,0.0,0.0,0.0,PASS,1,0.0,0.0,0.0,PASS,1,0.0,0.0,0.0,PASS,0,0.0,1,0,0.0,1,0
POST_IB_PRE_OB,0.1,PASS,7,1,1,0,0.0,2,2,0.2857142857142857,0.2857142857142857,0.23253289420384346,0.23253289420384346,0.0,PASS,0.36138462774007596,0.36138462774007596,0.0,PASS,0.3490779184377227,0.3490779184377227,0.0,PASS,,,,ABSTAIN_UNSUPPORTED_OR_ZERO_DENOMINATOR,0.21501821269077373,0.21501821269077373,0.0,PASS,0.24085039377016784,0.24085039377016784,0.0,PASS,0.34673559475533394,0.34673559475533394,0.0,PASS,0.4762762069277506,0.4762762069277506,0.0,PASS,0.5,0.5,0.0,PASS,0.3490779184377227,0.3490779184377227,0.0,PASS,1,0.0,0.0,0.0,PASS,1,0.0,0.0,0.0,PASS,1,0.0,0.0,0.0,PASS,0,0.0,1,0,0.0,1,0
POST_IB_PRE_OB,0.2,PASS,7,2,2,0,0.0,2,2,0.2857142857142857,0.2857142857142857,0.4650657884076869,0.4650657884076869,0.0,PASS,0.7227692554801519,0.7227692554801519,0.0,PASS,0.6981558368754454,0.6981558368754454,0.0,PASS,,,,ABSTAIN_UNSUPPORTED_OR_ZERO_DENOMINATOR,0.43003642538154746,0.43003642538154746,0.0,PASS,0.4817007875403357,0.4817007875403357,0.0,PASS,0.6934711895106679,0.6934711895106679,0.0,PASS,0.9525524138555012,0.9525524138555012,0.0,PASS,1.0,1.0,0.0,PASS,0.6981558368754454,0.6981558368754454,0.0,PASS,1,0.0,0.0,0.0,PASS,1,0.0,0.0,0.0,PASS,1,0.0,0.0,0.0,PASS,0,0.0,2,0,0.0,2,0
POST_IB_PRE_OB,0.3,PASS,7,3,3,0,0.0,1,1,0.14285714285714285,0.14285714285714285,0.5997859887753397,0.5997859887753397,0.0,PASS,0.8003600654820038,0.8003600654820038,0.0,PASS,0.9831294255728341,0.9831294255728341,0.0,PASS,,,,ABSTAIN_UNSUPPORTED_OR_ZERO_DENOMINATOR,0.542176165878397,0.542176165878397,0.0,PASS,0.6271441612093508,0.6271441612093508,0.0,PASS,0.7805784289015123,0.7805784289015123,0.0,PASS,0.954513158847521,0.954513158847521,0.0,PASS,1.0,1.0,0.0,PASS,0.9831294255728341,0.9831294255728341,0.0,PASS,1,0.0,0.0,0.0,PASS,1,0.0,0.0,0.0,PASS,1,0.0,0.0,0.0,PASS,0,0.0,3,0,0.0,3,0
POST_OB_PRE_TO,0.05,PASS,7,1,1,0,0.0,2,2,0.2857142857142857,0.2857142857142857,0.3611612027566178,0.3611612027566178,0.0,PASS,0.4315612170175784,0.4315612170175784,0.0,PASS,0.36116120275661767,0.36116120275661767,0.0,PASS,,,,ABSTAIN_UNSUPPORTED_OR_ZERO_DENOMINATOR,,,,ABSTAIN_UNSUPPORTED_OR_ZERO_DENOMINATOR,0.3611612027566177,0.3611612027566177,0.0,PASS,0.4315612170175783,0.4315612170175783,0.0,PASS,,,,ABSTAIN_UNSUPPORTED_OR_ZERO_DENOMINATOR,,,,ABSTAIN_UNSUPPORTED_OR_ZERO_DENOMINATOR,0.3611612027566177,0.3611612027566177,0.0,PASS,1,0.0,0.0,0.0,PASS,1,0.0,0.0,0.0,PASS,1,0.0,0.0,0.0,PASS,0,0.0,1,0,0.0,1,0
POST_OB_PRE_TO,0.1,PASS,7,1,1,0,0.0,2,2,0.2857142857142857,0.2857142857142857,0.3611612027566178,0.3611612027566178,0.0,PASS,0.4315612170175784,0.4315612170175784,0.0,PASS,0.36116120275661767,0.36116120275661767,0.0,PASS,,,,ABSTAIN_UNSUPPORTED_OR_ZERO_DENOMINATOR,,,,ABSTAIN_UNSUPPORTED_OR_ZERO_DENOMINATOR,0.3611612027566177,0.3611612027566177,0.0,PASS,0.4315612170175783,0.4315612170175783,0.0,PASS,,,,ABSTAIN_UNSUPPORTED_OR_ZERO_DENOMINATOR,,,,ABSTAIN_UNSUPPORTED_OR_ZERO_DENOMINATOR,0.3611612027566177,0.3611612027566177,0.0,PASS,1,0.0,0.0,0.0,PASS,1,0.0,0.0,0.0,PASS,1,0.0,0.0,0.0,PASS,0,0.0,1,0,0.0,1,0
POST_OB_PRE_TO,0.2,PASS,7,2,2,0,0.0,2,2,0.2857142857142857,0.2857142857142857,0.7223224055132356,0.7223224055132356,0.0,PASS,0.8631224340351568,0.8631224340351568,0.0,PASS,0.7223224055132353,0.7223224055132353,0.0,PASS,,,,ABSTAIN_UNSUPPORTED_OR_ZERO_DENOMINATOR,,,,ABSTAIN_UNSUPPORTED_OR_ZERO_DENOMINATOR,0.7223224055132355,0.7223224055132355,0.0,PASS,0.8631224340351566,0.8631224340351566,0.0,PASS,,,,ABSTAIN_UNSUPPORTED_OR_ZERO_DENOMINATOR,,,,ABSTAIN_UNSUPPORTED_OR_ZERO_DENOMINATOR,0.7223224055132355,0.7223224055132355,0.0,PASS,1,0.0,0.0,0.0,PASS,1,0.0,0.0,0.0,PASS,1,0.0,0.0,0.0,PASS,0,0.0,2,0,0.0,2,0
POST_OB_PRE_TO,0.3,PASS,7,3,3,0,0.0,1,1,0.14285714285714285,0.14285714285714285,0.9878443301520513,0.9878443301520513,0.0,PASS,0.9951154492368277,0.9951154492368277,0.0,PASS,0.9878443301520511,0.9878443301520511,0.0,PASS,,,,ABSTAIN_UNSUPPORTED_OR_ZERO_DENOMINATOR,,,,ABSTAIN_UNSUPPORTED_OR_ZERO_DENOMINATOR,0.9878443301520512,0.9878443301520512,0.0,PASS,0.9951154492368276,0.9951154492368276,0.0,PASS,,,,ABSTAIN_UNSUPPORTED_OR_ZERO_DENOMINATOR,,,,ABSTAIN_UNSUPPORTED_OR_ZERO_DENOMINATOR,0.9878443301520512,0.9878443301520512,0.0,PASS,1,0.0,0.0,0.0,PASS,1,0.0,0.0,0.0,PASS,1,0.0,0.0,0.0,PASS,0,0.0,3,0,0.0,3,0
PRE_IB,0.05,PASS,5,1,1,0,0.0,4,4,0.8,0.8,0.21000099759086926,0.21000099759086926,0.0,PASS,0.20295714749999613,0.20295714749999613,0.0,PASS,0.2358300117542778,0.2358300117542778,0.0,PASS,,,,ABSTAIN_UNSUPPORTED_OR_ZERO_DENOMINATOR,0.20184260765183284,0.20184260765183284,0.0,PASS,0.2131968245630916,0.2131968245630916,0.0,PASS,0.20704630697257492,0.20704630697257492,0.0,PASS,0.02459220729693843,0.02459220729693843,0.0,PASS,,,,ABSTAIN_UNSUPPORTED_OR_ZERO_DENOMINATOR,0.2358300117542778,0.2358300117542778,0.0,PASS,1,0.0,0.0,0.0,PASS,1,0.0,0.0,0.0,PASS,1,0.0,0.0,0.0,PASS,0,0.0,1,0,0.0,1,1
PRE_IB,0.1,PASS,5,1,1,0,0.0,4,4,0.8,0.8,0.21000099759086926,0.21000099759086926,0.0,PASS,0.20295714749999613,0.20295714749999613,0.0,PASS,0.2358300117542778,0.2358300117542778,0.0,PASS,,,,ABSTAIN_UNSUPPORTED_OR_ZERO_DENOMINATOR,0.20184260765183284,0.20184260765183284,0.0,PASS,0.2131968245630916,0.2131968245630916,0.0,PASS,0.20704630697257492,0.20704630697257492,0.0,PASS,0.02459220729693843,0.02459220729693843,0.0,PASS,,,,ABSTAIN_UNSUPPORTED_OR_ZERO_DENOMINATOR,0.2358300117542778,0.2358300117542778,0.0,PASS,1,0.0,0.0,0.0,PASS,1,0.0,0.0,0.0,PASS,1,0.0,0.0,0.0,PASS,0,0.0,1,0,0.0,1,1
PRE_IB,0.2,PASS,5,1,1,0,0.0,4,4,0.8,0.8,0.21000099759086926,0.21000099759086926,0.0,PASS,0.20295714749999613,0.20295714749999613,0.0,PASS,0.2358300117542778,0.2358300117542778,0.0,PASS,,,,ABSTAIN_UNSUPPORTED_OR_ZERO_DENOMINATOR,0.20184260765183284,0.20184260765183284,0.0,PASS,0.2131968245630916,0.2131968245630916,0.0,PASS,0.20704630697257492,0.20704630697257492,0.0,PASS,0.02459220729693843,0.02459220729693843,0.0,PASS,,,,ABSTAIN_UNSUPPORTED_OR_ZERO_DENOMINATOR,0.2358300117542778,0.2358300117542778,0.0,PASS,1,0.0,0.0,0.0,PASS,1,0.0,0.0,0.0,PASS,1,0.0,0.0,0.0,PASS,0,0.0,1,0,0.0,1,1
PRE_IB,0.3,PASS,5,2,2,0,0.0,4,4,0.8,0.8,0.42000199518173853,0.42000199518173853,0.0,PASS,0.40591429499999226,0.40591429499999226,0.0,PASS,0.4716600235085556,0.4716600235085556,0.0,PASS,,,,ABSTAIN_UNSUPPORTED_OR_ZERO_DENOMINATOR,0.4036852153036657,0.4036852153036657,0.0,PASS,0.4263936491261832,0.4263936491261832,0.0,PASS,0.41409261394514985,0.41409261394514985,0.0,PASS,0.04918441459387686,0.04918441459387686,0.0,PASS,,,,ABSTAIN_UNSUPPORTED_OR_ZERO_DENOMINATOR,0.4716600235085556,0.4716600235085556,0.0,PASS,1,0.0,0.0,0.0,PASS,1,0.0,0.0,0.0,PASS,1,0.0,0.0,0.0,PASS,0,0.0,2,0,0.0,2,1
POST_IB_PRE_OB,0.05,PASS,8,1,1,0,0.0,4,4,0.5,0.5,0.13965351598676376,0.13965351598676376,0.0,PASS,0.14682596736425108,0.14682596736425108,0.0,PASS,0.21773319516824363,0.21773319516824363,0.0,PASS,,,,ABSTAIN_UNSUPPORTED_OR_ZERO_DENOMINATOR,0.12283154560801966,0.12283154560801966,0.0,PASS,0.14702606074786967,0.14702606074786967,0.0,PASS,0.1493883469675521,0.1493883469675521,0.0,PASS,0.019443893339504838,0.019443893339504838,0.0,PASS,,,,ABSTAIN_UNSUPPORTED_OR_ZERO_DENOMINATOR,0.21773319516824363,0.21773319516824363,0.0,PASS,1,0.0,0.0,0.0,PASS,1,0.0,0.0,0.0,PASS,1,0.0,0.0,0.0,PASS,0,0.0,1,0,0.0,1,1
POST_IB_PRE_OB,0.1,PASS,8,1,1,0,0.0,4,4,0.5,0.5,0.13965351598676376,0.13965351598676376,0.0,PASS,0.14682596736425108,0.14682596736425108,0.0,PASS,0.21773319516824363,0.21773319516824363,0.0,PASS,,,,ABSTAIN_UNSUPPORTED_OR_ZERO_DENOMINATOR,0.12283154560801966,0.12283154560801966,0.0,PASS,0.14702606074786967,0.14702606074786967,0.0,PASS,0.1493883469675521,0.1493883469675521,0.0,PASS,0.019443893339504838,0.019443893339504838,0.0,PASS,,,,ABSTAIN_UNSUPPORTED_OR_ZERO_DENOMINATOR,0.21773319516824363,0.21773319516824363,0.0,PASS,1,0.0,0.0,0.0,PASS,1,0.0,0.0,0.0,PASS,1,0.0,0.0,0.0,PASS,0,0.0,1,0,0.0,1,1
POST_IB_PRE_OB,0.2,PASS,8,2,2,0,0.0,4,4,0.5,0.5,0.2793070319735275,0.2793070319735275,0.0,PASS,0.29365193472850215,0.29365193472850215,0.0,PASS,0.43546639033648726,0.43546639033648726,0.0,PASS,,,,ABSTAIN_UNSUPPORTED_OR_ZERO_DENOMINATOR,0.24566309121603933,0.24566309121603933,0.0,PASS,0.29405212149573934,0.29405212149573934,0.0,PASS,0.2987766939351042,0.2987766939351042,0.0,PASS,0.038887786679009675,0.038887786679009675,0.0,PASS,,,,ABSTAIN_UNSUPPORTED_OR_ZERO_DENOMINATOR,0.43546639033648726,0.43546639033648726,0.0,PASS,1,0.0,0.0,0.0,PASS,1,0.0,0.0,0.0,PASS,1,0.0,0.0,0.0,PASS,0,0.0,2,0,0.0,2,1
POST_IB_PRE_OB,0.3,PASS,8,3,3,0,0.0,4,4,0.5,0.5,0.4189605479602913,0.4189605479602913,0.0,PASS,0.4404779020927533,0.4404779020927533,0.0,PASS,0.6531995855047309,0.6531995855047309,0.0,PASS,,,,ABSTAIN_UNSUPPORTED_OR_ZERO_DENOMINATOR,0.36849463682405903,0.36849463682405903,0.0,PASS,0.441078182243609,0.441078182243609,0.0,PASS,0.44816504090265624,0.44816504090265624,0.0,PASS,0.05833168001851452,0.05833168001851452,0.0,PASS,,,,ABSTAIN_UNSUPPORTED_OR_ZERO_DENOMINATOR,0.6531995855047309,0.6531995855047309,0.0,PASS,1,0.0,0.0,0.0,PASS,1,0.0,0.0,0.0,PASS,1,0.0,0.0,0.0,PASS,0,0.0,3,0,0.0,3,1
POST_OB_PRE_TO,0.05,PASS,7,1,1,0,0.0,4,4,0.5714285714285714,0.5714285714285714,0.19158681837690558,0.19158681837690558,0.0,PASS,0.2128472037075171,0.2128472037075171,0.0,PASS,0.19158681837690558,0.19158681837690558,0.0,PASS,,,,ABSTAIN_UNSUPPORTED_OR_ZERO_DENOMINATOR,,,,ABSTAIN_UNSUPPORTED_OR_ZERO_DENOMINATOR,0.19158681837690558,0.19158681837690558,0.0,PASS,0.2128472037075171,0.2128472037075171,0.0,PASS,,,,ABSTAIN_UNSUPPORTED_OR_ZERO_DENOMINATOR,,,,ABSTAIN_UNSUPPORTED_OR_ZERO_DENOMINATOR,0.19158681837690558,0.19158681837690558,0.0,PASS,1,0.0,0.0,0.0,PASS,1,0.0,0.0,0.0,PASS,1,0.0,0.0,0.0,PASS,0,0.0,1,0,0.0,1,1
POST_OB_PRE_TO,0.1,PASS,7,1,1,0,0.0,4,4,0.5714285714285714,0.5714285714285714,0.19158681837690558,0.19158681837690558,0.0,PASS,0.2128472037075171,0.2128472037075171,0.0,PASS,0.19158681837690558,0.19158681837690558,0.0,PASS,,,,ABSTAIN_UNSUPPORTED_OR_ZERO_DENOMINATOR,,,,ABSTAIN_UNSUPPORTED_OR_ZERO_DENOMINATOR,0.19158681837690558,0.19158681837690558,0.0,PASS,0.2128472037075171,0.2128472037075171,0.0,PASS,,,,ABSTAIN_UNSUPPORTED_OR_ZERO_DENOMINATOR,,,,ABSTAIN_UNSUPPORTED_OR_ZERO_DENOMINATOR,0.19158681837690558,0.19158681837690558,0.0,PASS,1,0.0,0.0,0.0,PASS,1,0.0,0.0,0.0,PASS,1,0.0,0.0,0.0,PASS,0,0.0,1,0,0.0,1,1
POST_OB_PRE_TO,0.2,PASS,7,2,2,0,0.0,4,4,0.5714285714285714,0.5714285714285714,0.38317363675381116,0.38317363675381116,0.0,PASS,0.4256944074150342,0.4256944074150342,0.0,PASS,0.38317363675381116,0.38317363675381116,0.0,PASS,,,,ABSTAIN_UNSUPPORTED_OR_ZERO_DENOMINATOR,,,,ABSTAIN_UNSUPPORTED_OR_ZERO_DENOMINATOR,0.38317363675381116,0.38317363675381116,0.0,PASS,0.4256944074150342,0.4256944074150342,0.0,PASS,,,,ABSTAIN_UNSUPPORTED_OR_ZERO_DENOMINATOR,,,,ABSTAIN_UNSUPPORTED_OR_ZERO_DENOMINATOR,0.38317363675381116,0.38317363675381116,0.0,PASS,1,0.0,0.0,0.0,PASS,1,0.0,0.0,0.0,PASS,1,0.0,0.0,0.0,PASS,0,0.0,2,0,0.0,2,1
POST_OB_PRE_TO,0.3,PASS,7,3,3,0,0.0,4,4,0.5714285714285714,0.5714285714285714,0.5747604551307167,0.5747604551307167,0.0,PASS,0.6385416111225514,0.6385416111225514,0.0,PASS,0.5747604551307167,0.5747604551307167,0.0,PASS,,,,ABSTAIN_UNSUPPORTED_OR_ZERO_DENOMINATOR,,,,ABSTAIN_UNSUPPORTED_OR_ZERO_DENOMINATOR,0.5747604551307167,0.5747604551307167,0.0,PASS,0.6385416111225513,0.6385416111225513,0.0,PASS,,,,ABSTAIN_UNSUPPORTED_OR_ZERO_DENOMINATOR,,,,ABSTAIN_UNSUPPORTED_OR_ZERO_DENOMINATOR,0.5747604551307167,0.5747604551307167,0.0,PASS,1,0.0,0.0,0.0,PASS,1,0.0,0.0,0.0,PASS,1,0.0,0.0,0.0,PASS,0,0.0,3,0,0.0,3,1
PRE_IB,0.05,PASS,5,1,1,0,0.0,1,1,0.2,0.2,0.23250205282361222,0.23250205282361222,0.0,PASS,0.24049547590561868,0.24049547590561868,0.0,PASS,0.41421584759874364,0.41421584759874364,0.0,PASS,,,,ABSTAIN_UNSUPPORTED_OR_ZERO_DENOMINATOR,0.20010522620534646,0.20010522620534646,0.0,PASS,0.24735365427499628,0.24735365427499628,0.0,PASS,0.2537827082986911,0.2537827082986911,0.0,PASS,0.011889657763597584,0.011889657763597584,0.0,PASS,,,,ABSTAIN_UNSUPPORTED_OR_ZERO_DENOMINATOR,0.41421584759874364,0.41421584759874364,0.0,PASS,1,0.0,0.0,0.0,PASS,1,0.0,0.0,0.0,PASS,1,0.0,0.0,0.0,PASS,0,0.0,1,0,0.0,1,2
PRE_IB,0.1,PASS,5,1,1,0,0.0,1,1,0.2,0.2,0.23250205282361222,0.23250205282361222,0.0,PASS,0.24049547590561868,0.24049547590561868,0.0,PASS,0.41421584759874364,0.41421584759874364,0.0,PASS,,,,ABSTAIN_UNSUPPORTED_OR_ZERO_DENOMINATOR,0.20010522620534646,0.20010522620534646,0.0,PASS,0.24735365427499628,0.24735365427499628,0.0,PASS,0.2537827082986911,0.2537827082986911,0.0,PASS,0.011889657763597584,0.011889657763597584,0.0,PASS,,,,ABSTAIN_UNSUPPORTED_OR_ZERO_DENOMINATOR,0.41421584759874364,0.41421584759874364,0.0,PASS,1,0.0,0.0,0.0,PASS,1,0.0,0.0,0.0,PASS,1,0.0,0.0,0.0,PASS,0,0.0,1,0,0.0,1,2
PRE_IB,0.2,PASS,5,1,1,0,0.0,1,1,0.2,0.2,0.23250205282361222,0.23250205282361222,0.0,PASS,0.24049547590561868,0.24049547590561868,0.0,PASS,0.41421584759874364,0.41421584759874364,0.0,PASS,,,,ABSTAIN_UNSUPPORTED_OR_ZERO_DENOMINATOR,0.20010522620534646,0.20010522620534646,0.0,PASS,0.24735365427499628,0.24735365427499628,0.0,PASS,0.2537827082986911,0.2537827082986911,0.0,PASS,0.011889657763597584,0.011889657763597584,0.0,PASS,,,,ABSTAIN_UNSUPPORTED_OR_ZERO_DENOMINATOR,0.41421584759874364,0.41421584759874364,0.0,PASS,1,0.0,0.0,0.0,PASS,1,0.0,0.0,0.0,PASS,1,0.0,0.0,0.0,PASS,0,0.0,1,0,0.0,1,2
PRE_IB,0.3,PASS,5,2,2,0,0.0,2,2,0.4,0.4,0.4391118646419603,0.4391118646419603,0.0,PASS,0.3972727239795474,0.3972727239795474,0.0,PASS,0.6075542894166254,0.6075542894166254,0.0,PASS,,,,ABSTAIN_UNSUPPORTED_OR_ZERO_DENOMINATOR,0.4090811229619571,0.4090811229619571,0.0,PASS,0.4528787873093,0.4528787873093,0.0,PASS,0.416292967588904,0.416292967588904,0.0,PASS,0.07003088587905004,0.07003088587905004,0.0,PASS,,,,ABSTAIN_UNSUPPORTED_OR_ZERO_DENOMINATOR,0.6075542894166253,0.6075542894166253,0.0,PASS,1,0.0,0.0,0.0,PASS,1,0.0,0.0,0.0,PASS,1,0.0,0.0,0.0,PASS,0,0.0,2,0,0.0,2,2
POST_IB_PRE_OB,0.05,PASS,6,1,1,0,0.0,1,1,0.16666666666666666,0.16666666666666666,0.28786993404574013,0.28786993404574013,0.0,PASS,0.5125851272512882,0.5125851272512882,0.0,PASS,0.44098460351652874,0.44098460351652874,0.0,PASS,,,,ABSTAIN_UNSUPPORTED_OR_ZERO_DENOMINATOR,0.2653881610872728,0.2653881610872728,0.0,PASS,0.29859371933823015,0.29859371933823015,0.0,PASS,0.48542157274627923,0.48542157274627923,0.0,PASS,0.7422844800350361,0.7422844800350361,0.0,PASS,1.0,1.0,0.0,PASS,0.44098460351652863,0.44098460351652863,0.0,PASS,1,0.0,0.0,0.0,PASS,1,0.0,0.0,0.0,PASS,1,0.0,0.0,0.0,PASS,0,0.0,1,0,0.0,1,2
POST_IB_PRE_OB,0.1,PASS,6,1,1,0,0.0,1,1,0.16666666666666666,0.16666666666666666,0.28786993404574013,0.28786993404574013,0.0,PASS,0.5125851272512882,0.5125851272512882,0.0,PASS,0.44098460351652874,0.44098460351652874,0.0,PASS,,,,ABSTAIN_UNSUPPORTED_OR_ZERO_DENOMINATOR,0.2653881610872728,0.2653881610872728,0.0,PASS,0.29859371933823015,0.29859371933823015,0.0,PASS,0.48542157274627923,0.48542157274627923,0.0,PASS,0.7422844800350361,0.7422844800350361,0.0,PASS,1.0,1.0,0.0,PASS,0.44098460351652863,0.44098460351652863,0.0,PASS,1,0.0,0.0,0.0,PASS,1,0.0,0.0,0.0,PASS,1,0.0,0.0,0.0,PASS,0,0.0,1,0,0.0,1,2
POST_IB_PRE_OB,0.2,PASS,6,2,2,0,0.0,1,1,0.16666666666666666,0.16666666666666666,0.4546501881996666,0.4546501881996666,0.0,PASS,0.6226393248164803,0.6226393248164803,0.0,PASS,0.8009872229512505,0.8009872229512505,0.0,PASS,,,,ABSTAIN_UNSUPPORTED_OR_ZERO_DENOMINATOR,0.4037976434415082,0.4037976434415082,0.0,PASS,0.478906805885944,0.478906805885944,0.0,PASS,0.6073696328308714,0.6073696328308714,0.0,PASS,0.745340334087186,0.745340334087186,0.0,PASS,1.0,1.0,0.0,PASS,0.8009872229512504,0.8009872229512504,0.0,PASS,1,0.0,0.0,0.0,PASS,1,0.0,0.0,0.0,PASS,1,0.0,0.0,0.0,PASS,0,0.0,2,0,0.0,2,2
POST_IB_PRE_OB,0.3,PASS,6,2,2,0,0.0,1,1,0.16666666666666666,0.16666666666666666,0.4546501881996666,0.4546501881996666,0.0,PASS,0.6226393248164803,0.6226393248164803,0.0,PASS,0.8009872229512505,0.8009872229512505,0.0,PASS,,,,ABSTAIN_UNSUPPORTED_OR_ZERO_DENOMINATOR,0.4037976434415082,0.4037976434415082,0.0,PASS,0.478906805885944,0.478906805885944,0.0,PASS,0.6073696328308714,0.6073696328308714,0.0,PASS,0.745340334087186,0.745340334087186,0.0,PASS,1.0,1.0,0.0,PASS,0.8009872229512504,0.8009872229512504,0.0,PASS,1,0.0,0.0,0.0,PASS,1,0.0,0.0,0.0,PASS,1,0.0,0.0,0.0,PASS,0,0.0,2,0,0.0,2,2
POST_OB_PRE_TO,0.05,PASS,4,1,1,0,0.0,1,1,0.25,0.25,0.4579812552327425,0.4579812552327425,0.0,PASS,0.7079028582241592,0.7079028582241592,0.0,PASS,0.45798125523274247,0.45798125523274247,0.0,PASS,,,,ABSTAIN_UNSUPPORTED_OR_ZERO_DENOMINATOR,,,,ABSTAIN_UNSUPPORTED_OR_ZERO_DENOMINATOR,0.45798125523274247,0.45798125523274247,0.0,PASS,0.7079028582241594,0.7079028582241594,0.0,PASS,,,,ABSTAIN_UNSUPPORTED_OR_ZERO_DENOMINATOR,,,,ABSTAIN_UNSUPPORTED_OR_ZERO_DENOMINATOR,0.45798125523274247,0.45798125523274247,0.0,PASS,1,0.0,0.0,0.0,PASS,1,0.0,0.0,0.0,PASS,1,0.0,0.0,0.0,PASS,0,0.0,1,0,0.0,1,2
POST_OB_PRE_TO,0.1,PASS,4,1,1,0,0.0,1,1,0.25,0.25,0.4579812552327425,0.4579812552327425,0.0,PASS,0.7079028582241592,0.7079028582241592,0.0,PASS,0.45798125523274247,0.45798125523274247,0.0,PASS,,,,ABSTAIN_UNSUPPORTED_OR_ZERO_DENOMINATOR,,,,ABSTAIN_UNSUPPORTED_OR_ZERO_DENOMINATOR,0.45798125523274247,0.45798125523274247,0.0,PASS,0.7079028582241594,0.7079028582241594,0.0,PASS,,,,ABSTAIN_UNSUPPORTED_OR_ZERO_DENOMINATOR,,,,ABSTAIN_UNSUPPORTED_OR_ZERO_DENOMINATOR,0.45798125523274247,0.45798125523274247,0.0,PASS,1,0.0,0.0,0.0,PASS,1,0.0,0.0,0.0,PASS,1,0.0,0.0,0.0,PASS,0,0.0,1,0,0.0,1,2
POST_OB_PRE_TO,0.2,PASS,4,1,1,0,0.0,1,1,0.25,0.25,0.4579812552327425,0.4579812552327425,0.0,PASS,0.7079028582241592,0.7079028582241592,0.0,PASS,0.45798125523274247,0.45798125523274247,0.0,PASS,,,,ABSTAIN_UNSUPPORTED_OR_ZERO_DENOMINATOR,,,,ABSTAIN_UNSUPPORTED_OR_ZERO_DENOMINATOR,0.45798125523274247,0.45798125523274247,0.0,PASS,0.7079028582241594,0.7079028582241594,0.0,PASS,,,,ABSTAIN_UNSUPPORTED_OR_ZERO_DENOMINATOR,,,,ABSTAIN_UNSUPPORTED_OR_ZERO_DENOMINATOR,0.45798125523274247,0.45798125523274247,0.0,PASS,1,0.0,0.0,0.0,PASS,1,0.0,0.0,0.0,PASS,1,0.0,0.0,0.0,PASS,0,0.0,1,0,0.0,1,2
POST_OB_PRE_TO,0.3,PASS,4,2,2,0,0.0,1,1,0.25,0.25,0.7946842659928601,0.7946842659928601,0.0,PASS,0.9244149752596479,0.9244149752596479,0.0,PASS,0.7946842659928601,0.7946842659928601,0.0,PASS,,,,ABSTAIN_UNSUPPORTED_OR_ZERO_DENOMINATOR,,,,ABSTAIN_UNSUPPORTED_OR_ZERO_DENOMINATOR,0.7946842659928601,0.7946842659928601,0.0,PASS,0.9244149752596479,0.9244149752596479,0.0,PASS,,,,ABSTAIN_UNSUPPORTED_OR_ZERO_DENOMINATOR,,,,ABSTAIN_UNSUPPORTED_OR_ZERO_DENOMINATOR,0.7946842659928601,0.7946842659928601,0.0,PASS,1,0.0,0.0,0.0,PASS,1,0.0,0.0,0.0,PASS,1,0.0,0.0,0.0,PASS,0,0.0,2,0,0.0,2,2
PRE_IB,0.05,PASS,5,1,1,0,0.0,2,2,0.4,0.4,0.21432048698215347,0.21432048698215347,0.0,PASS,0.2528011545487929,0.2528011545487929,0.0,PASS,0.29409402095028714,0.29409402095028714,0.0,PASS,,,,ABSTAIN_UNSUPPORTED_OR_ZERO_DENOMINATOR,0.19481822151315634,0.19481822151315634,0.0,PASS,0.22258391368063501,0.22258391368063501,0.0,PASS,0.2550333422130748,0.2550333422130748,0.0,PASS,0.05998727451745343,0.05998727451745343,0.0,PASS,,,,ABSTAIN_UNSUPPORTED_OR_ZERO_DENOMINATOR,0.29409402095028714,0.29409402095028714,0.0,PASS,1,0.0,0.0,0.0,PASS,1,0.0,0.0,0.0,PASS,1,0.0,0.0,0.0,PASS,0,0.0,1,0,0.0,1,3
PRE_IB,0.1,PASS,5,1,1,0,0.0,2,2,0.4,0.4,0.21432048698215347,0.21432048698215347,0.0,PASS,0.2528011545487929,0.2528011545487929,0.0,PASS,0.29409402095028714,0.29409402095028714,0.0,PASS,,,,ABSTAIN_UNSUPPORTED_OR_ZERO_DENOMINATOR,0.19481822151315634,0.19481822151315634,0.0,PASS,0.22258391368063501,0.22258391368063501,0.0,PASS,0.2550333422130748,0.2550333422130748,0.0,PASS,0.05998727451745343,0.05998727451745343,0.0,PASS,,,,ABSTAIN_UNSUPPORTED_OR_ZERO_DENOMINATOR,0.29409402095028714,0.29409402095028714,0.0,PASS,1,0.0,0.0,0.0,PASS,1,0.0,0.0,0.0,PASS,1,0.0,0.0,0.0,PASS,0,0.0,1,0,0.0,1,3
PRE_IB,0.2,PASS,5,1,1,0,0.0,2,2,0.4,0.4,0.21432048698215347,0.21432048698215347,0.0,PASS,0.2528011545487929,0.2528011545487929,0.0,PASS,0.29409402095028714,0.29409402095028714,0.0,PASS,,,,ABSTAIN_UNSUPPORTED_OR_ZERO_DENOMINATOR,0.19481822151315634,0.19481822151315634,0.0,PASS,0.22258391368063501,0.22258391368063501,0.0,PASS,0.2550333422130748,0.2550333422130748,0.0,PASS,0.05998727451745343,0.05998727451745343,0.0,PASS,,,,ABSTAIN_UNSUPPORTED_OR_ZERO_DENOMINATOR,0.29409402095028714,0.29409402095028714,0.0,PASS,1,0.0,0.0,0.0,PASS,1,0.0,0.0,0.0,PASS,1,0.0,0.0,0.0,PASS,0,0.0,1,0,0.0,1,3
PRE_IB,0.3,PASS,5,2,2,0,0.0,2,2,0.4,0.4,0.42864097396430695,0.42864097396430695,0.0,PASS,0.5056023090975857,0.5056023090975857,0.0,PASS,0.5881880419005743,0.5881880419005743,0.0,PASS,,,,ABSTAIN_UNSUPPORTED_OR_ZERO_DENOMINATOR,0.3896364430263127,0.3896364430263127,0.0,PASS,0.44516782736127003,0.44516782736127003,0.0,PASS,0.5100666844261496,0.5100666844261496,0.0,PASS,0.11997454903490685,0.11997454903490685,0.0,PASS,,,,ABSTAIN_UNSUPPORTED_OR_ZERO_DENOMINATOR,0.5881880419005743,0.5881880419005743,0.0,PASS,1,0.0,0.0,0.0,PASS,1,0.0,0.0,0.0,PASS,1,0.0,0.0,0.0,PASS,0,0.0,2,0,0.0,2,3
POST_IB_PRE_OB,0.05,PASS,5,1,1,0,0.0,3,3,0.6,0.6,0.24045863110213483,0.24045863110213483,0.0,PASS,0.2915954774151084,0.2915954774151084,0.0,PASS,0.21585582131072797,0.21585582131072797,0.0,PASS,,,,ABSTAIN_UNSUPPORTED_OR_ZERO_DENOMINATOR,0.2473366775501474,0.2473366775501474,0.0,PASS,0.23765677893203874,0.23765677893203874,0.0,PASS,0.28551508879642995,0.28551508879642995,0.0,PASS,0.3324209876854846,0.3324209876854846,0.0,PASS,0.3333333333333333,0.3333333333333333,0.0,PASS,0.21585582131072795,0.21585582131072795,0.0,PASS,1,0.0,0.0,0.0,PASS,1,0.0,0.0,0.0,PASS,1,0.0,0.0,0.0,PASS,0,0.0,1,0,0.0,1,3
POST_IB_PRE_OB,0.1,PASS,5,1,1,0,0.0,3,3,0.6,0.6,0.24045863110213483,0.24045863110213483,0.0,PASS,0.2915954774151084,0.2915954774151084,0.0,PASS,0.21585582131072797,0.21585582131072797,0.0,PASS,,,,ABSTAIN_UNSUPPORTED_OR_ZERO_DENOMINATOR,0.2473366775501474,0.2473366775501474,0.0,PASS,0.23765677893203874,0.23765677893203874,0.0,PASS,0.28551508879642995,0.28551508879642995,0.0,PASS,0.3324209876854846,0.3324209876854846,0.0,PASS,0.3333333333333333,0.3333333333333333,0.0,PASS,0.21585582131072795,0.21585582131072795,0.0,PASS,1,0.0,0.0,0.0,PASS,1,0.0,0.0,0.0,PASS,1,0.0,0.0,0.0,PASS,0,0.0,1,0,0.0,1,3
POST_IB_PRE_OB,0.2,PASS,5,1,1,0,0.0,3,3,0.6,0.6,0.24045863110213483,0.24045863110213483,0.0,PASS,0.2915954774151084,0.2915954774151084,0.0,PASS,0.21585582131072797,0.21585582131072797,0.0,PASS,,,,ABSTAIN_UNSUPPORTED_OR_ZERO_DENOMINATOR,0.2473366775501474,0.2473366775501474,0.0,PASS,0.23765677893203874,0.23765677893203874,0.0,PASS,0.28551508879642995,0.28551508879642995,0.0,PASS,0.3324209876854846,0.3324209876854846,0.0,PASS,0.3333333333333333,0.3333333333333333,0.0,PASS,0.21585582131072795,0.21585582131072795,0.0,PASS,1,0.0,0.0,0.0,PASS,1,0.0,0.0,0.0,PASS,1,0.0,0.0,0.0,PASS,0,0.0,1,0,0.0,1,3
POST_IB_PRE_OB,0.3,PASS,5,2,2,0,0.0,3,3,0.6,0.6,0.48091726220426967,0.48091726220426967,0.0,PASS,0.5831909548302168,0.5831909548302168,0.0,PASS,0.43171164262145595,0.43171164262145595,0.0,PASS,,,,ABSTAIN_UNSUPPORTED_OR_ZERO_DENOMINATOR,0.4946733551002948,0.4946733551002948,0.0,PASS,0.4753135578640775,0.4753135578640775,0.0,PASS,0.5710301775928599,0.5710301775928599,0.0,PASS,0.6648419753709692,0.6648419753709692,0.0,PASS,0.6666666666666666,0.6666666666666666,0.0,PASS,0.4317116426214559,0.4317116426214559,0.0,PASS,1,0.0,0.0,0.0,PASS,1,0.0,0.0,0.0,PASS,1,0.0,0.0,0.0,PASS,0,0.0,2,0,0.0,2,3
POST_OB_PRE_TO,0.05,PASS,5,1,1,0,0.0,3,3,0.6,0.6,0.22369467986950956,0.22369467986950956,0.0,PASS,0.27687791849163496,0.27687791849163496,0.0,PASS,0.22369467986950956,0.22369467986950956,0.0,PASS,,,,ABSTAIN_UNSUPPORTED_OR_ZERO_DENOMINATOR,,,,ABSTAIN_UNSUPPORTED_OR_ZERO_DENOMINATOR,0.22369467986950953,0.22369467986950953,0.0,PASS,0.276877918491635,0.276877918491635,0.0,PASS,,,,ABSTAIN_UNSUPPORTED_OR_ZERO_DENOMINATOR,,,,ABSTAIN_UNSUPPORTED_OR_ZERO_DENOMINATOR,0.22369467986950953,0.22369467986950953,0.0,PASS,1,0.0,0.0,0.0,PASS,1,0.0,0.0,0.0,PASS,1,0.0,0.0,0.0,PASS,0,0.0,1,0,0.0,1,3
POST_OB_PRE_TO,0.1,PASS,5,1,1,0,0.0,3,3,0.6,0.6,0.22369467986950956,0.22369467986950956,0.0,PASS,0.27687791849163496,0.27687791849163496,0.0,PASS,0.22369467986950956,0.22369467986950956,0.0,PASS,,,,ABSTAIN_UNSUPPORTED_OR_ZERO_DENOMINATOR,,,,ABSTAIN_UNSUPPORTED_OR_ZERO_DENOMINATOR,0.22369467986950953,0.22369467986950953,0.0,PASS,0.276877918491635,0.276877918491635,0.0,PASS,,,,ABSTAIN_UNSUPPORTED_OR_ZERO_DENOMINATOR,,,,ABSTAIN_UNSUPPORTED_OR_ZERO_DENOMINATOR,0.22369467986950953,0.22369467986950953,0.0,PASS,1,0.0,0.0,0.0,PASS,1,0.0,0.0,0.0,PASS,1,0.0,0.0,0.0,PASS,0,0.0,1,0,0.0,1,3
POST_OB_PRE_TO,0.2,PASS,5,1,1,0,0.0,3,3,0.6,0.6,0.22369467986950956,0.22369467986950956,0.0,PASS,0.27687791849163496,0.27687791849163496,0.0,PASS,0.22369467986950956,0.22369467986950956,0.0,PASS,,,,ABSTAIN_UNSUPPORTED_OR_ZERO_DENOMINATOR,,,,ABSTAIN_UNSUPPORTED_OR_ZERO_DENOMINATOR,0.22369467986950953,0.22369467986950953,0.0,PASS,0.276877918491635,0.276877918491635,0.0,PASS,,,,ABSTAIN_UNSUPPORTED_OR_ZERO_DENOMINATOR,,,,ABSTAIN_UNSUPPORTED_OR_ZERO_DENOMINATOR,0.22369467986950953,0.22369467986950953,0.0,PASS,1,0.0,0.0,0.0,PASS,1,0.0,0.0,0.0,PASS,1,0.0,0.0,0.0,PASS,0,0.0,1,0,0.0,1,3
POST_OB_PRE_TO,0.3,PASS,5,2,2,0,0.0,3,3,0.6,0.6,0.4473893597390191,0.4473893597390191,0.0,PASS,0.5537558369832699,0.5537558369832699,0.0,PASS,0.4473893597390191,0.4473893597390191,0.0,PASS,,,,ABSTAIN_UNSUPPORTED_OR_ZERO_DENOMINATOR,,,,ABSTAIN_UNSUPPORTED_OR_ZERO_DENOMINATOR,0.44738935973901905,0.44738935973901905,0.0,PASS,0.55375583698327,0.55375583698327,0.0,PASS,,,,ABSTAIN_UNSUPPORTED_OR_ZERO_DENOMINATOR,,,,ABSTAIN_UNSUPPORTED_OR_ZERO_DENOMINATOR,0.44738935973901905,0.44738935973901905,0.0,PASS,1,0.0,0.0,0.0,PASS,1,0.0,0.0,0.0,PASS,1,0.0,0.0,0.0,PASS,0,0.0,2,0,0.0,2,3
PRE_IB,0.05,PASS,2,1,1,0,0.0,2,2,1.0,1.0,0.5,0.5,0.0,PASS,0.5,0.5,0.0,PASS,0.5,0.5,0.0,PASS,,,,ABSTAIN_UNSUPPORTED_OR_ZERO_DENOMINATOR,0.5,0.5,0.0,PASS,0.5,0.5,0.0,PASS,0.5,0.5,0.0,PASS,0.5,0.5,0.0,PASS,,,,ABSTAIN_UNSUPPORTED_OR_ZERO_DENOMINATOR,0.5,0.5,0.0,PASS,1,0.0,0.0,0.0,PASS,1,0.0,0.0,0.0,PASS,1,0.0,0.0,0.0,PASS,0,0.0,1,0,0.0,1,4
PRE_IB,0.1,PASS,2,1,1,0,0.0,2,2,1.0,1.0,0.5,0.5,0.0,PASS,0.5,0.5,0.0,PASS,0.5,0.5,0.0,PASS,,,,ABSTAIN_UNSUPPORTED_OR_ZERO_DENOMINATOR,0.5,0.5,0.0,PASS,0.5,0.5,0.0,PASS,0.5,0.5,0.0,PASS,0.5,0.5,0.0,PASS,,,,ABSTAIN_UNSUPPORTED_OR_ZERO_DENOMINATOR,0.5,0.5,0.0,PASS,1,0.0,0.0,0.0,PASS,1,0.0,0.0,0.0,PASS,1,0.0,0.0,0.0,PASS,0,0.0,1,0,0.0,1,4
PRE_IB,0.2,PASS,2,1,1,0,0.0,2,2,1.0,1.0,0.5,0.5,0.0,PASS,0.5,0.5,0.0,PASS,0.5,0.5,0.0,PASS,,,,ABSTAIN_UNSUPPORTED_OR_ZERO_DENOMINATOR,0.5,0.5,0.0,PASS,0.5,0.5,0.0,PASS,0.5,0.5,0.0,PASS,0.5,0.5,0.0,PASS,,,,ABSTAIN_UNSUPPORTED_OR_ZERO_DENOMINATOR,0.5,0.5,0.0,PASS,1,0.0,0.0,0.0,PASS,1,0.0,0.0,0.0,PASS,1,0.0,0.0,0.0,PASS,0,0.0,1,0,0.0,1,4
PRE_IB,0.3,PASS,2,1,1,0,0.0,2,2,1.0,1.0,0.5,0.5,0.0,PASS,0.5,0.5,0.0,PASS,0.5,0.5,0.0,PASS,,,,ABSTAIN_UNSUPPORTED_OR_ZERO_DENOMINATOR,0.5,0.5,0.0,PASS,0.5,0.5,0.0,PASS,0.5,0.5,0.0,PASS,0.5,0.5,0.0,PASS,,,,ABSTAIN_UNSUPPORTED_OR_ZERO_DENOMINATOR,0.5,0.5,0.0,PASS,1,0.0,0.0,0.0,PASS,1,0.0,0.0,0.0,PASS,1,0.0,0.0,0.0,PASS,0,0.0,1,0,0.0,1,4
POST_IB_PRE_OB,0.05,PASS,8,1,1,0,0.0,2,2,0.25,0.25,0.21110447957076675,0.21110447957076675,0.0,PASS,0.3415669607291558,0.3415669607291558,0.0,PASS,0.3788475431178094,0.3788475431178094,0.0,PASS,,,,ABSTAIN_UNSUPPORTED_OR_ZERO_DENOMINATOR,0.1905227197501881,0.1905227197501881,0.0,PASS,0.2212368639391993,0.2212368639391993,0.0,PASS,0.33004008336995366,0.33004008336995366,0.0,PASS,0.4227724456375897,0.4227724456375897,0.0,PASS,0.5,0.5,0.0,PASS,0.3788475431178094,0.3788475431178094,0.0,PASS,1,0.0,0.0,0.0,PASS,1,0.0,0.0,0.0,PASS,1,0.0,0.0,0.0,PASS,0,0.0,1,0,0.0,1,4
POST_IB_PRE_OB,0.1,PASS,8,1,1,0,0.0,2,2,0.25,0.25,0.21110447957076675,0.21110447957076675,0.0,PASS,0.3415669607291558,0.3415669607291558,0.0,PASS,0.3788475431178094,0.3788475431178094,0.0,PASS,,,,ABSTAIN_UNSUPPORTED_OR_ZERO_DENOMINATOR,0.1905227197501881,0.1905227197501881,0.0,PASS,0.2212368639391993,0.2212368639391993,0.0,PASS,0.33004008336995366,0.33004008336995366,0.0,PASS,0.4227724456375897,0.4227724456375897,0.0,PASS,0.5,0.5,0.0,PASS,0.3788475431178094,0.3788475431178094,0.0,PASS,1,0.0,0.0,0.0,PASS,1,0.0,0.0,0.0,PASS,1,0.0,0.0,0.0,PASS,0,0.0,1,0,0.0,1,4
POST_IB_PRE_OB,0.2,PASS,8,2,2,0,0.0,2,2,0.25,0.25,0.4222089591415335,0.4222089591415335,0.0,PASS,0.6831339214583116,0.6831339214583116,0.0,PASS,0.7576950862356188,0.7576950862356188,0.0,PASS,,,,ABSTAIN_UNSUPPORTED_OR_ZERO_DENOMINATOR,0.3810454395003762,0.3810454395003762,0.0,PASS,0.4424737278783986,0.4424737278783986,0.0,PASS,0.6600801667399073,0.6600801667399073,0.0,PASS,0.8455448912751794,0.8455448912751794,0.0,PASS,1.0,1.0,0.0,PASS,0.7576950862356188,0.7576950862356188,0.0,PASS,1,0.0,0.0,0.0,PASS,1,0.0,0.0,0.0,PASS,1,0.0,0.0,0.0,PASS,0,0.0,2,0,0.0,2,4
POST_IB_PRE_OB,0.3,PASS,8,3,3,0,0.0,2,2,0.25,0.25,0.5261525722267129,0.5261525722267129,0.0,PASS,0.7565169371569165,0.7565169371569165,0.0,PASS,0.8105650063077385,0.8105650063077385,0.0,PASS,,,,ABSTAIN_UNSUPPORTED_OR_ZERO_DENOMINATOR,0.4912556990895403,0.4912556990895403,0.0,PASS,0.5433322757586104,0.5433322757586104,0.0,PASS,0.735304718747689,0.735304718747689,0.0,PASS,0.9093565904261413,0.9093565904261413,0.0,PASS,1.0,1.0,0.0,PASS,0.8105650063077385,0.8105650063077385,0.0,PASS,1,0.0,0.0,0.0,PASS,1,0.0,0.0,0.0,PASS,1,0.0,0.0,0.0,PASS,0,0.0,3,0,0.0,3,4
POST_OB_PRE_TO,0.05,PASS,6,1,1,0,0.0,2,2,0.3333333333333333,0.3333333333333333,0.34389893861670895,0.34389893861670895,0.0,PASS,0.45099507894212987,0.45099507894212987,0.0,PASS,0.3438989386167089,0.3438989386167089,0.0,PASS,,,,ABSTAIN_UNSUPPORTED_OR_ZERO_DENOMINATOR,,,,ABSTAIN_UNSUPPORTED_OR_ZERO_DENOMINATOR,0.3438989386167089,0.3438989386167089,0.0,PASS,0.45099507894212987,0.45099507894212987,0.0,PASS,,,,ABSTAIN_UNSUPPORTED_OR_ZERO_DENOMINATOR,,,,ABSTAIN_UNSUPPORTED_OR_ZERO_DENOMINATOR,0.3438989386167089,0.3438989386167089,0.0,PASS,1,0.0,0.0,0.0,PASS,1,0.0,0.0,0.0,PASS,1,0.0,0.0,0.0,PASS,0,0.0,1,0,0.0,1,4
POST_OB_PRE_TO,0.1,PASS,6,1,1,0,0.0,2,2,0.3333333333333333,0.3333333333333333,0.34389893861670895,0.34389893861670895,0.0,PASS,0.45099507894212987,0.45099507894212987,0.0,PASS,0.3438989386167089,0.3438989386167089,0.0,PASS,,,,ABSTAIN_UNSUPPORTED_OR_ZERO_DENOMINATOR,,,,ABSTAIN_UNSUPPORTED_OR_ZERO_DENOMINATOR,0.3438989386167089,0.3438989386167089,0.0,PASS,0.45099507894212987,0.45099507894212987,0.0,PASS,,,,ABSTAIN_UNSUPPORTED_OR_ZERO_DENOMINATOR,,,,ABSTAIN_UNSUPPORTED_OR_ZERO_DENOMINATOR,0.3438989386167089,0.3438989386167089,0.0,PASS,1,0.0,0.0,0.0,PASS,1,0.0,0.0,0.0,PASS,1,0.0,0.0,0.0,PASS,0,0.0,1,0,0.0,1,4
POST_OB_PRE_TO,0.2,PASS,6,2,2,0,0.0,2,2,0.3333333333333333,0.3333333333333333,0.6877978772334179,0.6877978772334179,0.0,PASS,0.9019901578842597,0.9019901578842597,0.0,PASS,0.6877978772334178,0.6877978772334178,0.0,PASS,,,,ABSTAIN_UNSUPPORTED_OR_ZERO_DENOMINATOR,,,,ABSTAIN_UNSUPPORTED_OR_ZERO_DENOMINATOR,0.6877978772334178,0.6877978772334178,0.0,PASS,0.9019901578842597,0.9019901578842597,0.0,PASS,,,,ABSTAIN_UNSUPPORTED_OR_ZERO_DENOMINATOR,,,,ABSTAIN_UNSUPPORTED_OR_ZERO_DENOMINATOR,0.6877978772334178,0.6877978772334178,0.0,PASS,1,0.0,0.0,0.0,PASS,1,0.0,0.0,0.0,PASS,1,0.0,0.0,0.0,PASS,0,0.0,2,0,0.0,2,4
POST_OB_PRE_TO,0.3,PASS,6,2,2,0,0.0,2,2,0.3333333333333333,0.3333333333333333,0.6877978772334179,0.6877978772334179,0.0,PASS,0.9019901578842597,0.9019901578842597,0.0,PASS,0.6877978772334178,0.6877978772334178,0.0,PASS,,,,ABSTAIN_UNSUPPORTED_OR_ZERO_DENOMINATOR,,,,ABSTAIN_UNSUPPORTED_OR_ZERO_DENOMINATOR,0.6877978772334178,0.6877978772334178,0.0,PASS,0.9019901578842597,0.9019901578842597,0.0,PASS,,,,ABSTAIN_UNSUPPORTED_OR_ZERO_DENOMINATOR,,,,ABSTAIN_UNSUPPORTED_OR_ZERO_DENOMINATOR,0.6877978772334178,0.6877978772334178,0.0,PASS,1,0.0,0.0,0.0,PASS,1,0.0,0.0,0.0,PASS,1,0.0,0.0,0.0,PASS,0,0.0,2,0,0.0,2,4
PRE_IB,0.05,PASS,3,1,1,0,0.0,2,2,0.6666666666666666,0.6666666666666666,0.34997329916259184,0.34997329916259184,0.0,PASS,0.2922061976395983,0.2922061976395983,0.0,PASS,0.39762712263676064,0.39762712263676064,0.0,PASS,,,,ABSTAIN_UNSUPPORTED_OR_ZERO_DENOMINATOR,0.3431892035768755,0.3431892035768755,0.0,PASS,0.35322803375276113,0.35322803375276113,0.0,PASS,0.30340650363614924,0.30340650363614924,0.0,PASS,0.10529084977037466,0.10529084977037466,0.0,PASS,,,,ABSTAIN_UNSUPPORTED_OR_ZERO_DENOMINATOR,0.39762712263676064,0.39762712263676064,0.0,PASS,1,0.0,0.0,0.0,PASS,1,0.0,0.0,0.0,PASS,1,0.0,0.0,0.0,PASS,0,0.0,1,0,0.0,1,5
PRE_IB,0.1,PASS,3,1,1,0,0.0,2,2,0.6666666666666666,0.6666666666666666,0.34997329916259184,0.34997329916259184,0.0,PASS,0.2922061976395983,0.2922061976395983,0.0,PASS,0.39762712263676064,0.39762712263676064,0.0,PASS,,,,ABSTAIN_UNSUPPORTED_OR_ZERO_DENOMINATOR,0.3431892035768755,0.3431892035768755,0.0,PASS,0.35322803375276113,0.35322803375276113,0.0,PASS,0.30340650363614924,0.30340650363614924,0.0,PASS,0.10529084977037466,0.10529084977037466,0.0,PASS,,,,ABSTAIN_UNSUPPORTED_OR_ZERO_DENOMINATOR,0.39762712263676064,0.39762712263676064,0.0,PASS,1,0.0,0.0,0.0,PASS,1,0.0,0.0,0.0,PASS,1,0.0,0.0,0.0,PASS,0,0.0,1,0,0.0,1,5
PRE_IB,0.2,PASS,3,1,1,0,0.0,2,2,0.6666666666666666,0.6666666666666666,0.34997329916259184,0.34997329916259184,0.0,PASS,0.2922061976395983,0.2922061976395983,0.0,PASS,0.39762712263676064,0.39762712263676064,0.0,PASS,,,,ABSTAIN_UNSUPPORTED_OR_ZERO_DENOMINATOR,0.3431892035768755,0.3431892035768755,0.0,PASS,0.35322803375276113,0.35322803375276113,0.0,PASS,0.30340650363614924,0.30340650363614924,0.0,PASS,0.10529084977037466,0.10529084977037466,0.0,PASS,,,,ABSTAIN_UNSUPPORTED_OR_ZERO_DENOMINATOR,0.39762712263676064,0.39762712263676064,0.0,PASS,1,0.0,0.0,0.0,PASS,1,0.0,0.0,0.0,PASS,1,0.0,0.0,0.0,PASS,0,0.0,1,0,0.0,1,5
PRE_IB,0.3,PASS,3,1,1,0,0.0,2,2,0.6666666666666666,0.6666666666666666,0.34997329916259184,0.34997329916259184,0.0,PASS,0.2922061976395983,0.2922061976395983,0.0,PASS,0.39762712263676064,0.39762712263676064,0.0,PASS,,,,ABSTAIN_UNSUPPORTED_OR_ZERO_DENOMINATOR,0.3431892035768755,0.3431892035768755,0.0,PASS,0.35322803375276113,0.35322803375276113,0.0,PASS,0.30340650363614924,0.30340650363614924,0.0,PASS,0.10529084977037466,0.10529084977037466,0.0,PASS,,,,ABSTAIN_UNSUPPORTED_OR_ZERO_DENOMINATOR,0.39762712263676064,0.39762712263676064,0.0,PASS,1,0.0,0.0,0.0,PASS,1,0.0,0.0,0.0,PASS,1,0.0,0.0,0.0,PASS,0,0.0,1,0,0.0,1,5
POST_IB_PRE_OB,0.05,PASS,6,1,1,0,0.0,1,1,0.16666666666666666,0.16666666666666666,0.18523687524303623,0.18523687524303623,0.0,PASS,0.2613031404081851,0.2613031404081851,0.0,PASS,0.2703816847719276,0.2703816847719276,0.0,PASS,,,,ABSTAIN_UNSUPPORTED_OR_ZERO_DENOMINATOR,0.18186589096517025,0.18186589096517025,0.0,PASS,0.18710249666433873,0.18710249666433873,0.0,PASS,0.2458108979924967,0.2458108979924967,0.0,PASS,0.6462871747859148,0.6462871747859148,0.0,PASS,,,,ABSTAIN_UNSUPPORTED_OR_ZERO_DENOMINATOR,0.2703816847719276,0.2703816847719276,0.0,PASS,1,0.0,0.0,0.0,PASS,1,0.0,0.0,0.0,PASS,1,0.0,0.0,0.0,PASS,0,0.0,1,0,0.0,1,5
POST_IB_PRE_OB,0.1,PASS,6,1,1,0,0.0,1,1,0.16666666666666666,0.16666666666666666,0.18523687524303623,0.18523687524303623,0.0,PASS,0.2613031404081851,0.2613031404081851,0.0,PASS,0.2703816847719276,0.2703816847719276,0.0,PASS,,,,ABSTAIN_UNSUPPORTED_OR_ZERO_DENOMINATOR,0.18186589096517025,0.18186589096517025,0.0,PASS,0.18710249666433873,0.18710249666433873,0.0,PASS,0.2458108979924967,0.2458108979924967,0.0,PASS,0.6462871747859148,0.6462871747859148,0.0,PASS,,,,ABSTAIN_UNSUPPORTED_OR_ZERO_DENOMINATOR,0.2703816847719276,0.2703816847719276,0.0,PASS,1,0.0,0.0,0.0,PASS,1,0.0,0.0,0.0,PASS,1,0.0,0.0,0.0,PASS,0,0.0,1,0,0.0,1,5
POST_IB_PRE_OB,0.2,PASS,6,2,2,0,0.0,1,1,0.16666666666666666,0.16666666666666666,0.3660460394147758,0.3660460394147758,0.0,PASS,0.5341925059567078,0.5341925059567078,0.0,PASS,0.2703816847719276,0.2703816847719276,0.0,PASS,,,,ABSTAIN_UNSUPPORTED_OR_ZERO_DENOMINATOR,0.36983350499532663,0.36983350499532663,0.0,PASS,0.3639499225726068,0.3639499225726068,0.0,PASS,0.523120002094548,0.523120002094548,0.0,PASS,0.8093455208101649,0.8093455208101649,0.0,PASS,,,,ABSTAIN_UNSUPPORTED_OR_ZERO_DENOMINATOR,0.2703816847719276,0.2703816847719276,0.0,PASS,1,0.0,0.0,0.0,PASS,1,0.0,0.0,0.0,PASS,1,0.0,0.0,0.0,PASS,0,0.0,2,0,0.0,2,5
POST_IB_PRE_OB,0.3,PASS,6,2,2,0,0.0,1,1,0.16666666666666666,0.16666666666666666,0.3660460394147758,0.3660460394147758,0.0,PASS,0.5341925059567078,0.5341925059567078,0.0,PASS,0.2703816847719276,0.2703816847719276,0.0,PASS,,,,ABSTAIN_UNSUPPORTED_OR_ZERO_DENOMINATOR,0.36983350499532663,0.36983350499532663,0.0,PASS,0.3639499225726068,0.3639499225726068,0.0,PASS,0.523120002094548,0.523120002094548,0.0,PASS,0.8093455208101649,0.8093455208101649,0.0,PASS,,,,ABSTAIN_UNSUPPORTED_OR_ZERO_DENOMINATOR,0.2703816847719276,0.2703816847719276,0.0,PASS,1,0.0,0.0,0.0,PASS,1,0.0,0.0,0.0,PASS,1,0.0,0.0,0.0,PASS,0,0.0,2,0,0.0,2,5
POST_OB_PRE_TO,0.05,PASS,5,1,1,0,0.0,2,2,0.4,0.4,0.48779276305404606,0.48779276305404606,0.0,PASS,0.4829357112695732,0.4829357112695732,0.0,PASS,0.4877927630540461,0.4877927630540461,0.0,PASS,,,,ABSTAIN_UNSUPPORTED_OR_ZERO_DENOMINATOR,,,,ABSTAIN_UNSUPPORTED_OR_ZERO_DENOMINATOR,0.4877927630540461,0.4877927630540461,0.0,PASS,0.48293571126957313,0.48293571126957313,0.0,PASS,,,,ABSTAIN_UNSUPPORTED_OR_ZERO_DENOMINATOR,,,,ABSTAIN_UNSUPPORTED_OR_ZERO_DENOMINATOR,0.4877927630540461,0.4877927630540461,0.0,PASS,1,0.0,0.0,0.0,PASS,1,0.0,0.0,0.0,PASS,1,0.0,0.0,0.0,PASS,0,0.0,1,0,0.0,1,5
POST_OB_PRE_TO,0.1,PASS,5,1,1,0,0.0,2,2,0.4,0.4,0.48779276305404606,0.48779276305404606,0.0,PASS,0.4829357112695732,0.4829357112695732,0.0,PASS,0.4877927630540461,0.4877927630540461,0.0,PASS,,,,ABSTAIN_UNSUPPORTED_OR_ZERO_DENOMINATOR,,,,ABSTAIN_UNSUPPORTED_OR_ZERO_DENOMINATOR,0.4877927630540461,0.4877927630540461,0.0,PASS,0.48293571126957313,0.48293571126957313,0.0,PASS,,,,ABSTAIN_UNSUPPORTED_OR_ZERO_DENOMINATOR,,,,ABSTAIN_UNSUPPORTED_OR_ZERO_DENOMINATOR,0.4877927630540461,0.4877927630540461,0.0,PASS,1,0.0,0.0,0.0,PASS,1,0.0,0.0,0.0,PASS,1,0.0,0.0,0.0,PASS,0,0.0,1,0,0.0,1,5
POST_OB_PRE_TO,0.2,PASS,5,1,1,0,0.0,2,2,0.4,0.4,0.48779276305404606,0.48779276305404606,0.0,PASS,0.4829357112695732,0.4829357112695732,0.0,PASS,0.4877927630540461,0.4877927630540461,0.0,PASS,,,,ABSTAIN_UNSUPPORTED_OR_ZERO_DENOMINATOR,,,,ABSTAIN_UNSUPPORTED_OR_ZERO_DENOMINATOR,0.4877927630540461,0.4877927630540461,0.0,PASS,0.48293571126957313,0.48293571126957313,0.0,PASS,,,,ABSTAIN_UNSUPPORTED_OR_ZERO_DENOMINATOR,,,,ABSTAIN_UNSUPPORTED_OR_ZERO_DENOMINATOR,0.4877927630540461,0.4877927630540461,0.0,PASS,1,0.0,0.0,0.0,PASS,1,0.0,0.0,0.0,PASS,1,0.0,0.0,0.0,PASS,0,0.0,1,0,0.0,1,5
POST_OB_PRE_TO,0.3,PASS,5,2,2,0,0.0,2,2,0.4,0.4,0.9755855261080921,0.9755855261080921,0.0,PASS,0.9658714225391464,0.9658714225391464,0.0,PASS,0.9755855261080922,0.9755855261080922,0.0,PASS,,,,ABSTAIN_UNSUPPORTED_OR_ZERO_DENOMINATOR,,,,ABSTAIN_UNSUPPORTED_OR_ZERO_DENOMINATOR,0.9755855261080922,0.9755855261080922,0.0,PASS,0.9658714225391463,0.9658714225391463,0.0,PASS,,,,ABSTAIN_UNSUPPORTED_OR_ZERO_DENOMINATOR,,,,ABSTAIN_UNSUPPORTED_OR_ZERO_DENOMINATOR,0.9755855261080922,0.9755855261080922,0.0,PASS,1,0.0,0.0,0.0,PASS,1,0.0,0.0,0.0,PASS,1,0.0,0.0,0.0,PASS,0,0.0,2,0,0.0,2,5
PRE_IB,0.05,PASS,4,1,1,0,0.0,3,3,0.75,0.75,0.2729656967454732,0.2729656967454732,0.0,PASS,0.2615761768280397,0.2615761768280397,0.0,PASS,0.30388881162025866,0.30388881162025866,0.0,PASS,0.0,0.0,0.0,PASS,0.2633409898617855,0.2633409898617855,0.0,PASS,0.27699903707312384,0.27699903707312384,0.0,PASS,0.2635046263070921,0.2635046263070921,0.0,PASS,0.07093389216511162,0.07093389216511162,0.0,PASS,,,,ABSTAIN_UNSUPPORTED_OR_ZERO_DENOMINATOR,0.3038888116202587,0.3038888116202587,0.0,PASS,1,0.0,0.0,0.0,PASS,1,0.0,0.0,0.0,PASS,1,0.0,0.0,0.0,PASS,0,0.0,1,0,0.0,1,6
PRE_IB,0.1,PASS,4,1,1,0,0.0,3,3,0.75,0.75,0.2729656967454732,0.2729656967454732,0.0,PASS,0.2615761768280397,0.2615761768280397,0.0,PASS,0.30388881162025866,0.30388881162025866,0.0,PASS,0.0,0.0,0.0,PASS,0.2633409898617855,0.2633409898617855,0.0,PASS,0.27699903707312384,0.27699903707312384,0.0,PASS,0.2635046263070921,0.2635046263070921,0.0,PASS,0.07093389216511162,0.07093389216511162,0.0,PASS,,,,ABSTAIN_UNSUPPORTED_OR_ZERO_DENOMINATOR,0.3038888116202587,0.3038888116202587,0.0,PASS,1,0.0,0.0,0.0,PASS,1,0.0,0.0,0.0,PASS,1,0.0,0.0,0.0,PASS,0,0.0,1,0,0.0,1,6
PRE_IB,0.2,PASS,4,1,1,0,0.0,3,3,0.75,0.75,0.2729656967454732,0.2729656967454732,0.0,PASS,0.2615761768280397,0.2615761768280397,0.0,PASS,0.30388881162025866,0.30388881162025866,0.0,PASS,0.0,0.0,0.0,PASS,0.2633409898617855,0.2633409898617855,0.0,PASS,0.27699903707312384,0.27699903707312384,0.0,PASS,0.2635046263070921,0.2635046263070921,0.0,PASS,0.07093389216511162,0.07093389216511162,0.0,PASS,,,,ABSTAIN_UNSUPPORTED_OR_ZERO_DENOMINATOR,0.3038888116202587,0.3038888116202587,0.0,PASS,1,0.0,0.0,0.0,PASS,1,0.0,0.0,0.0,PASS,1,0.0,0.0,0.0,PASS,0,0.0,1,0,0.0,1,6
PRE_IB,0.3,PASS,4,2,2,0,0.0,3,3,0.75,0.75,0.5459313934909464,0.5459313934909464,0.0,PASS,0.5231523536560794,0.5231523536560794,0.0,PASS,0.6077776232405173,0.6077776232405173,0.0,PASS,0.0,0.0,0.0,PASS,0.526681979723571,0.526681979723571,0.0,PASS,0.5539980741462477,0.5539980741462477,0.0,PASS,0.5270092526141842,0.5270092526141842,0.0,PASS,0.14186778433022323,0.14186778433022323,0.0,PASS,,,,ABSTAIN_UNSUPPORTED_OR_ZERO_DENOMINATOR,0.6077776232405174,0.6077776232405174,0.0,PASS,1,0.0,0.0,0.0,PASS,1,0.0,0.0,0.0,PASS,1,0.0,0.0,0.0,PASS,0,0.0,2,0,0.0,2,6
POST_IB_PRE_OB,0.05,PASS,8,1,1,0,0.0,2,2,0.25,0.25,0.20539046568575817,0.20539046568575817,0.0,PASS,0.3375493685368137,0.3375493685368137,0.0,PASS,0.214348917838988,0.214348917838988,0.0,PASS,,,,ABSTAIN_UNSUPPORTED_OR_ZERO_DENOMINATOR,0.20331726388265423,0.20331726388265423,0.0,PASS,0.20628222480097405,0.20628222480097405,0.0,PASS,0.3208877199417226,0.3208877199417226,0.0,PASS,0.4806997745944085,0.4806997745944085,0.0,PASS,0.5,0.5,0.0,PASS,0.21434891783898796,0.21434891783898796,0.0,PASS,1,0.0,0.0,0.0,PASS,1,0.0,0.0,0.0,PASS,1,0.0,0.0,0.0,PASS,0,0.0,1,0,0.0,1,6
POST_IB_PRE_OB,0.1,PASS,8,1,1,0,0.0,2,2,0.25,0.25,0.20539046568575817,0.20539046568575817,0.0,PASS,0.3375493685368137,0.3375493685368137,0.0,PASS,0.214348917838988,0.214348917838988,0.0,PASS,,,,ABSTAIN_UNSUPPORTED_OR_ZERO_DENOMINATOR,0.20331726388265423,0.20331726388265423,0.0,PASS,0.20628222480097405,0.20628222480097405,0.0,PASS,0.3208877199417226,0.3208877199417226,0.0,PASS,0.4806997745944085,0.4806997745944085,0.0,PASS,0.5,0.5,0.0,PASS,0.21434891783898796,0.21434891783898796,0.0,PASS,1,0.0,0.0,0.0,PASS,1,0.0,0.0,0.0,PASS,1,0.0,0.0,0.0,PASS,0,0.0,1,0,0.0,1,6
POST_IB_PRE_OB,0.2,PASS,8,2,2,0,0.0,2,2,0.25,0.25,0.41078093137151633,0.41078093137151633,0.0,PASS,0.6750987370736274,0.6750987370736274,0.0,PASS,0.428697835677976,0.428697835677976,0.0,PASS,,,,ABSTAIN_UNSUPPORTED_OR_ZERO_DENOMINATOR,0.40663452776530845,0.40663452776530845,0.0,PASS,0.4125644496019481,0.4125644496019481,0.0,PASS,0.6417754398834452,0.6417754398834452,0.0,PASS,0.961399549188817,0.961399549188817,0.0,PASS,1.0,1.0,0.0,PASS,0.4286978356779759,0.4286978356779759,0.0,PASS,1,0.0,0.0,0.0,PASS,1,0.0,0.0,0.0,PASS,1,0.0,0.0,0.0,PASS,0,0.0,2,0,0.0,2,6
POST_IB_PRE_OB,0.3,PASS,8,3,3,0,0.0,3,3,0.375,0.375,0.5297759010317422,0.5297759010317422,0.0,PASS,0.7475720159847119,0.7475720159847119,0.0,PASS,0.6036839265294253,0.6036839265294253,0.0,PASS,,,,ABSTAIN_UNSUPPORTED_OR_ZERO_DENOMINATOR,0.5126718021199225,0.5126718021199225,0.0,PASS,0.5371329928929078,0.5371329928929078,0.0,PASS,0.7223891520645361,0.7223891520645361,0.0,PASS,0.9633785052273328,0.9633785052273328,0.0,PASS,1.0,1.0,0.0,PASS,0.6036839265294253,0.6036839265294253,0.0,PASS,1,0.0,0.0,0.0,PASS,1,0.0,0.0,0.0,PASS,1,0.0,0.0,0.0,PASS,0,0.0,3,0,0.0,3,6
POST_OB_PRE_TO,0.05,PASS,8,1,1,0,0.0,2,2,0.25,0.25,0.2130265387866971,0.2130265387866971,0.0,PASS,0.3285257413954722,0.3285257413954722,0.0,PASS,0.21302653878669714,0.21302653878669714,0.0,PASS,,,,ABSTAIN_UNSUPPORTED_OR_ZERO_DENOMINATOR,,,,ABSTAIN_UNSUPPORTED_OR_ZERO_DENOMINATOR,0.2130265387866971,0.2130265387866971,0.0,PASS,0.32852574139547225,0.32852574139547225,0.0,PASS,,,,ABSTAIN_UNSUPPORTED_OR_ZERO_DENOMINATOR,,,,ABSTAIN_UNSUPPORTED_OR_ZERO_DENOMINATOR,0.2130265387866971,0.2130265387866971,0.0,PASS,1,0.0,0.0,0.0,PASS,1,0.0,0.0,0.0,PASS,1,0.0,0.0,0.0,PASS,0,0.0,1,0,0.0,1,6
POST_OB_PRE_TO,0.1,PASS,8,1,1,0,0.0,2,2,0.25,0.25,0.2130265387866971,0.2130265387866971,0.0,PASS,0.3285257413954722,0.3285257413954722,0.0,PASS,0.21302653878669714,0.21302653878669714,0.0,PASS,,,,ABSTAIN_UNSUPPORTED_OR_ZERO_DENOMINATOR,,,,ABSTAIN_UNSUPPORTED_OR_ZERO_DENOMINATOR,0.2130265387866971,0.2130265387866971,0.0,PASS,0.32852574139547225,0.32852574139547225,0.0,PASS,,,,ABSTAIN_UNSUPPORTED_OR_ZERO_DENOMINATOR,,,,ABSTAIN_UNSUPPORTED_OR_ZERO_DENOMINATOR,0.2130265387866971,0.2130265387866971,0.0,PASS,1,0.0,0.0,0.0,PASS,1,0.0,0.0,0.0,PASS,1,0.0,0.0,0.0,PASS,0,0.0,1,0,0.0,1,6
POST_OB_PRE_TO,0.2,PASS,8,2,2,0,0.0,2,2,0.25,0.25,0.4260530775733942,0.4260530775733942,0.0,PASS,0.6570514827909444,0.6570514827909444,0.0,PASS,0.4260530775733943,0.4260530775733943,0.0,PASS,,,,ABSTAIN_UNSUPPORTED_OR_ZERO_DENOMINATOR,,,,ABSTAIN_UNSUPPORTED_OR_ZERO_DENOMINATOR,0.4260530775733942,0.4260530775733942,0.0,PASS,0.6570514827909445,0.6570514827909445,0.0,PASS,,,,ABSTAIN_UNSUPPORTED_OR_ZERO_DENOMINATOR,,,,ABSTAIN_UNSUPPORTED_OR_ZERO_DENOMINATOR,0.4260530775733942,0.4260530775733942,0.0,PASS,1,0.0,0.0,0.0,PASS,1,0.0,0.0,0.0,PASS,1,0.0,0.0,0.0,PASS,0,0.0,2,0,0.0,2,6
POST_OB_PRE_TO,0.3,PASS,8,3,3,0,0.0,3,3,0.375,0.375,0.5826679524438448,0.5826679524438448,0.0,PASS,0.7575310937203633,0.7575310937203633,0.0,PASS,0.582667952443845,0.582667952443845,0.0,PASS,,,,ABSTAIN_UNSUPPORTED_OR_ZERO_DENOMINATOR,,,,ABSTAIN_UNSUPPORTED_OR_ZERO_DENOMINATOR,0.582667952443845,0.582667952443845,0.0,PASS,0.7575310937203634,0.7575310937203634,0.0,PASS,,,,ABSTAIN_UNSUPPORTED_OR_ZERO_DENOMINATOR,,,,ABSTAIN_UNSUPPORTED_OR_ZERO_DENOMINATOR,0.582667952443845,0.582667952443845,0.0,PASS,1,0.0,0.0,0.0,PASS,1,0.0,0.0,0.0,PASS,1,0.0,0.0,0.0,PASS,0,0.0,3,0,0.0,3,6
PRE_IB,0.05,PASS,4,1,1,0,0.0,1,1,0.25,0.25,0.28255330916426646,0.28255330916426646,0.0,PASS,0.3095080341436318,0.3095080341436318,0.0,PASS,0.46001168244462826,0.46001168244462826,0.0,PASS,,,,ABSTAIN_UNSUPPORTED_OR_ZERO_DENOMINATOR,0.2473401416226373,0.2473401416226373,0.0,PASS,0.2983032676668386,0.2983032676668386,0.0,PASS,0.3214874456525574,0.3214874456525574,0.0,PASS,0.02107773737023165,0.02107773737023165,0.0,PASS,,,,ABSTAIN_UNSUPPORTED_OR_ZERO_DENOMINATOR,0.46001168244462826,0.46001168244462826,0.0,PASS,1,0.0,0.0,0.0,PASS,1,0.0,0.0,0.0,PASS,1,0.0,0.0,0.0,PASS,0,0.0,1,0,0.0,1,7
PRE_IB,0.1,PASS,4,1,1,0,0.0,1,1,0.25,0.25,0.28255330916426646,0.28255330916426646,0.0,PASS,0.3095080341436318,0.3095080341436318,0.0,PASS,0.46001168244462826,0.46001168244462826,0.0,PASS,,,,ABSTAIN_UNSUPPORTED_OR_ZERO_DENOMINATOR,0.2473401416226373,0.2473401416226373,0.0,PASS,0.2983032676668386,0.2983032676668386,0.0,PASS,0.3214874456525574,0.3214874456525574,0.0,PASS,0.02107773737023165,0.02107773737023165,0.0,PASS,,,,ABSTAIN_UNSUPPORTED_OR_ZERO_DENOMINATOR,0.46001168244462826,0.46001168244462826,0.0,PASS,1,0.0,0.0,0.0,PASS,1,0.0,0.0,0.0,PASS,1,0.0,0.0,0.0,PASS,0,0.0,1,0,0.0,1,7
PRE_IB,0.2,PASS,4,1,1,0,0.0,1,1,0.25,0.25,0.28255330916426646,0.28255330916426646,0.0,PASS,0.3095080341436318,0.3095080341436318,0.0,PASS,0.46001168244462826,0.46001168244462826,0.0,PASS,,,,ABSTAIN_UNSUPPORTED_OR_ZERO_DENOMINATOR,0.2473401416226373,0.2473401416226373,0.0,PASS,0.2983032676668386,0.2983032676668386,0.0,PASS,0.3214874456525574,0.3214874456525574,0.0,PASS,0.02107773737023165,0.02107773737023165,0.0,PASS,,,,ABSTAIN_UNSUPPORTED_OR_ZERO_DENOMINATOR,0.46001168244462826,0.46001168244462826,0.0,PASS,1,0.0,0.0,0.0,PASS,1,0.0,0.0,0.0,PASS,1,0.0,0.0,0.0,PASS,0,0.0,1,0,0.0,1,7
PRE_IB,0.3,PASS,4,2,2,0,0.0,2,2,0.5,0.5,0.5336404945293322,0.5336404945293322,0.0,PASS,0.5112740659872125,0.5112740659872125,0.0,PASS,0.6747256834116362,0.6747256834116362,0.0,PASS,,,,ABSTAIN_UNSUPPORTED_OR_ZERO_DENOMINATOR,0.5056448789834483,0.5056448789834483,0.0,PASS,0.5461622247196187,0.5461622247196187,0.0,PASS,0.5273525674403478,0.5273525674403478,0.0,PASS,0.12414929426165783,0.12414929426165783,0.0,PASS,,,,ABSTAIN_UNSUPPORTED_OR_ZERO_DENOMINATOR,0.6747256834116361,0.6747256834116361,0.0,PASS,1,0.0,0.0,0.0,PASS,1,0.0,0.0,0.0,PASS,1,0.0,0.0,0.0,PASS,0,0.0,2,0,0.0,2,7
POST_IB_PRE_OB,0.05,PASS,6,1,1,0,0.0,2,2,0.3333333333333333,0.3333333333333333,0.2511672307292904,0.2511672307292904,0.0,PASS,0.36548996783751686,0.36548996783751686,0.0,PASS,0.31968305254120255,0.31968305254120255,0.0,PASS,,,,ABSTAIN_UNSUPPORTED_OR_ZERO_DENOMINATOR,0.2386860974839713,0.2386860974839713,0.0,PASS,0.2568615850016141,0.2568615850016141,0.0,PASS,0.3530899503446698,0.3530899503446698,0.0,PASS,0.455320304381164,0.455320304381164,0.0,PASS,0.5,0.5,0.0,PASS,0.3196830525412025,0.3196830525412025,0.0,PASS,1,0.0,0.0,0.0,PASS,1,0.0,0.0,0.0,PASS,1,0.0,0.0,0.0,PASS,0,0.0,1,0,0.0,1,7
POST_IB_PRE_OB,0.1,PASS,6,1,1,0,0.0,2,2,0.3333333333333333,0.3333333333333333,0.2511672307292904,0.2511672307292904,0.0,PASS,0.36548996783751686,0.36548996783751686,0.0,PASS,0.31968305254120255,0.31968305254120255,0.0,PASS,,,,ABSTAIN_UNSUPPORTED_OR_ZERO_DENOMINATOR,0.2386860974839713,0.2386860974839713,0.0,PASS,0.2568615850016141,0.2568615850016141,0.0,PASS,0.3530899503446698,0.3530899503446698,0.0,PASS,0.455320304381164,0.455320304381164,0.0,PASS,0.5,0.5,0.0,PASS,0.3196830525412025,0.3196830525412025,0.0,PASS,1,0.0,0.0,0.0,PASS,1,0.0,0.0,0.0,PASS,1,0.0,0.0,0.0,PASS,0,0.0,1,0,0.0,1,7
POST_IB_PRE_OB,0.2,PASS,6,2,2,0,0.0,2,2,0.3333333333333333,0.3333333333333333,0.5023344614585808,0.5023344614585808,0.0,PASS,0.7309799356750337,0.7309799356750337,0.0,PASS,0.6393661050824051,0.6393661050824051,0.0,PASS,,,,ABSTAIN_UNSUPPORTED_OR_ZERO_DENOMINATOR,0.4773721949679426,0.4773721949679426,0.0,PASS,0.5137231700032282,0.5137231700032282,0.0,PASS,0.7061799006893396,0.7061799006893396,0.0,PASS,0.910640608762328,0.910640608762328,0.0,PASS,1.0,1.0,0.0,PASS,0.639366105082405,0.639366105082405,0.0,PASS,1,0.0,0.0,0.0,PASS,1,0.0,0.0,0.0,PASS,1,0.0,0.0,0.0,PASS,0,0.0,2,0,0.0,2,7
POST_IB_PRE_OB,0.3,PASS,6,2,2,0,0.0,2,2,0.3333333333333333,0.3333333333333333,0.5023344614585808,0.5023344614585808,0.0,PASS,0.7309799356750337,0.7309799356750337,0.0,PASS,0.6393661050824051,0.6393661050824051,0.0,PASS,,,,ABSTAIN_UNSUPPORTED_OR_ZERO_DENOMINATOR,0.4773721949679426,0.4773721949679426,0.0,PASS,0.5137231700032282,0.5137231700032282,0.0,PASS,0.7061799006893396,0.7061799006893396,0.0,PASS,0.910640608762328,0.910640608762328,0.0,PASS,1.0,1.0,0.0,PASS,0.639366105082405,0.639366105082405,0.0,PASS,1,0.0,0.0,0.0,PASS,1,0.0,0.0,0.0,PASS,1,0.0,0.0,0.0,PASS,0,0.0,2,0,0.0,2,7
POST_OB_PRE_TO,0.05,PASS,5,1,1,0,0.0,2,2,0.4,0.4,0.31412012574855325,0.31412012574855325,0.0,PASS,0.41448660549711913,0.41448660549711913,0.0,PASS,0.3141201257485532,0.3141201257485532,0.0,PASS,,,,ABSTAIN_UNSUPPORTED_OR_ZERO_DENOMINATOR,,,,ABSTAIN_UNSUPPORTED_OR_ZERO_DENOMINATOR,0.3141201257485532,0.3141201257485532,0.0,PASS,0.41448660549711913,0.41448660549711913,0.0,PASS,,,,ABSTAIN_UNSUPPORTED_OR_ZERO_DENOMINATOR,,,,ABSTAIN_UNSUPPORTED_OR_ZERO_DENOMINATOR,0.3141201257485532,0.3141201257485532,0.0,PASS,1,0.0,0.0,0.0,PASS,1,0.0,0.0,0.0,PASS,1,0.0,0.0,0.0,PASS,0,0.0,1,0,0.0,1,7
POST_OB_PRE_TO,0.1,PASS,5,1,1,0,0.0,2,2,0.4,0.4,0.31412012574855325,0.31412012574855325,0.0,PASS,0.41448660549711913,0.41448660549711913,0.0,PASS,0.3141201257485532,0.3141201257485532,0.0,PASS,,,,ABSTAIN_UNSUPPORTED_OR_ZERO_DENOMINATOR,,,,ABSTAIN_UNSUPPORTED_OR_ZERO_DENOMINATOR,0.3141201257485532,0.3141201257485532,0.0,PASS,0.41448660549711913,0.41448660549711913,0.0,PASS,,,,ABSTAIN_UNSUPPORTED_OR_ZERO_DENOMINATOR,,,,ABSTAIN_UNSUPPORTED_OR_ZERO_DENOMINATOR,0.3141201257485532,0.3141201257485532,0.0,PASS,1,0.0,0.0,0.0,PASS,1,0.0,0.0,0.0,PASS,1,0.0,0.0,0.0,PASS,0,0.0,1,0,0.0,1,7
POST_OB_PRE_TO,0.2,PASS,5,1,1,0,0.0,2,2,0.4,0.4,0.31412012574855325,0.31412012574855325,0.0,PASS,0.41448660549711913,0.41448660549711913,0.0,PASS,0.3141201257485532,0.3141201257485532,0.0,PASS,,,,ABSTAIN_UNSUPPORTED_OR_ZERO_DENOMINATOR,,,,ABSTAIN_UNSUPPORTED_OR_ZERO_DENOMINATOR,0.3141201257485532,0.3141201257485532,0.0,PASS,0.41448660549711913,0.41448660549711913,0.0,PASS,,,,ABSTAIN_UNSUPPORTED_OR_ZERO_DENOMINATOR,,,,ABSTAIN_UNSUPPORTED_OR_ZERO_DENOMINATOR,0.3141201257485532,0.3141201257485532,0.0,PASS,1,0.0,0.0,0.0,PASS,1,0.0,0.0,0.0,PASS,1,0.0,0.0,0.0,PASS,0,0.0,1,0,0.0,1,7
POST_OB_PRE_TO,0.3,PASS,5,2,2,0,0.0,2,2,0.4,0.4,0.6282402514971065,0.6282402514971065,0.0,PASS,0.8289732109942383,0.8289732109942383,0.0,PASS,0.6282402514971064,0.6282402514971064,0.0,PASS,,,,ABSTAIN_UNSUPPORTED_OR_ZERO_DENOMINATOR,,,,ABSTAIN_UNSUPPORTED_OR_ZERO_DENOMINATOR,0.6282402514971064,0.6282402514971064,0.0,PASS,0.8289732109942383,0.8289732109942383,0.0,PASS,,,,ABSTAIN_UNSUPPORTED_OR_ZERO_DENOMINATOR,,,,ABSTAIN_UNSUPPORTED_OR_ZERO_DENOMINATOR,0.6282402514971064,0.6282402514971064,0.0,PASS,1,0.0,0.0,0.0,PASS,1,0.0,0.0,0.0,PASS,1,0.0,0.0,0.0,PASS,0,0.0,2,0,0.0,2,7
PRE_IB,0.05,PASS,3,1,1,0,0.0,1,1,0.3333333333333333,0.3333333333333333,0.38402902963442376,0.38402902963442376,0.0,PASS,0.27139361901391784,0.27139361901391784,0.0,PASS,0.46779745150909646,0.46779745150909646,0.0,PASS,0.0,0.0,0.0,PASS,0.3735028088041507,0.3735028088041507,0.0,PASS,0.38981413133177145,0.38981413133177145,0.0,PASS,0.28269249413077635,0.28269249413077635,0.0,PASS,0.09287702990682316,0.09287702990682316,0.0,PASS,,,,ABSTAIN_UNSUPPORTED_OR_ZERO_DENOMINATOR,0.46779745150909646,0.46779745150909646,0.0,PASS,1,0.0,0.0,0.0,PASS,1,0.0,0.0,0.0,PASS,1,0.0,0.0,0.0,PASS,0,0.0,1,0,0.0,1,8
PRE_IB,0.1,PASS,3,1,1,0,0.0,1,1,0.3333333333333333,0.3333333333333333,0.38402902963442376,0.38402902963442376,0.0,PASS,0.27139361901391784,0.27139361901391784,0.0,PASS,0.46779745150909646,0.46779745150909646,0.0,PASS,0.0,0.0,0.0,PASS,0.3735028088041507,0.3735028088041507,0.0,PASS,0.38981413133177145,0.38981413133177145,0.0,PASS,0.28269249413077635,0.28269249413077635,0.0,PASS,0.09287702990682316,0.09287702990682316,0.0,PASS,,,,ABSTAIN_UNSUPPORTED_OR_ZERO_DENOMINATOR,0.46779745150909646,0.46779745150909646,0.0,PASS,1,0.0,0.0,0.0,PASS,1,0.0,0.0,0.0,PASS,1,0.0,0.0,0.0,PASS,0,0.0,1,0,0.0,1,8
PRE_IB,0.2,PASS,3,1,1,0,0.0,1,1,0.3333333333333333,0.3333333333333333,0.38402902963442376,0.38402902963442376,0.0,PASS,0.27139361901391784,0.27139361901391784,0.0,PASS,0.46779745150909646,0.46779745150909646,0.0,PASS,0.0,0.0,0.0,PASS,0.3735028088041507,0.3735028088041507,0.0,PASS,0.38981413133177145,0.38981413133177145,0.0,PASS,0.28269249413077635,0.28269249413077635,0.0,PASS,0.09287702990682316,0.09287702990682316,0.0,PASS,,,,ABSTAIN_UNSUPPORTED_OR_ZERO_DENOMINATOR,0.46779745150909646,0.46779745150909646,0.0,PASS,1,0.0,0.0,0.0,PASS,1,0.0,0.0,0.0,PASS,1,0.0,0.0,0.0,PASS,0,0.0,1,0,0.0,1,8
PRE_IB,0.3,PASS,3,1,1,0,0.0,1,1,0.3333333333333333,0.3333333333333333,0.38402902963442376,0.38402902963442376,0.0,PASS,0.27139361901391784,0.27139361901391784,0.0,PASS,0.46779745150909646,0.46779745150909646,0.0,PASS,0.0,0.0,0.0,PASS,0.3735028088041507,0.3735028088041507,0.0,PASS,0.38981413133177145,0.38981413133177145,0.0,PASS,0.28269249413077635,0.28269249413077635,0.0,PASS,0.09287702990682316,0.09287702990682316,0.0,PASS,,,,ABSTAIN_UNSUPPORTED_OR_ZERO_DENOMINATOR,0.46779745150909646,0.46779745150909646,0.0,PASS,1,0.0,0.0,0.0,PASS,1,0.0,0.0,0.0,PASS,1,0.0,0.0,0.0,PASS,0,0.0,1,0,0.0,1,8
POST_IB_PRE_OB,0.05,PASS,7,1,1,0,0.0,1,1,0.14285714285714285,0.14285714285714285,0.16424732241660628,0.16424732241660628,0.0,PASS,0.19685916373923,0.19685916373923,0.0,PASS,0.37527593429180744,0.37527593429180744,0.0,PASS,,,,ABSTAIN_UNSUPPORTED_OR_ZERO_DENOMINATOR,0.15898507167097928,0.15898507167097928,0.0,PASS,0.16722484076919925,0.16722484076919925,0.0,PASS,0.18528856406240302,0.18528856406240302,0.0,PASS,0.48039787486622704,0.48039787486622704,0.0,PASS,,,,ABSTAIN_UNSUPPORTED_OR_ZERO_DENOMINATOR,0.37527593429180744,0.37527593429180744,0.0,PASS,1,0.0,0.0,0.0,PASS,1,0.0,0.0,0.0,PASS,1,0.0,0.0,0.0,PASS,0,0.0,1,0,0.0,1,8
POST_IB_PRE_OB,0.1,PASS,7,1,1,0,0.0,1,1,0.14285714285714285,0.14285714285714285,0.16424732241660628,0.16424732241660628,0.0,PASS,0.19685916373923,0.19685916373923,0.0,PASS,0.37527593429180744,0.37527593429180744,0.0,PASS,,,,ABSTAIN_UNSUPPORTED_OR_ZERO_DENOMINATOR,0.15898507167097928,0.15898507167097928,0.0,PASS,0.16722484076919925,0.16722484076919925,0.0,PASS,0.18528856406240302,0.18528856406240302,0.0,PASS,0.48039787486622704,0.48039787486622704,0.0,PASS,,,,ABSTAIN_UNSUPPORTED_OR_ZERO_DENOMINATOR,0.37527593429180744,0.37527593429180744,0.0,PASS,1,0.0,0.0,0.0,PASS,1,0.0,0.0,0.0,PASS,1,0.0,0.0,0.0,PASS,0,0.0,1,0,0.0,1,8
POST_IB_PRE_OB,0.2,PASS,7,2,2,0,0.0,2,2,0.2857142857142857,0.2857142857142857,0.3245686463680545,0.3245686463680545,0.0,PASS,0.4024470958677658,0.4024470958677658,0.0,PASS,0.37527593429180744,0.37527593429180744,0.0,PASS,,,,ABSTAIN_UNSUPPORTED_OR_ZERO_DENOMINATOR,0.323304199517391,0.323304199517391,0.0,PASS,0.3252841032867233,0.3252841032867233,0.0,PASS,0.39432000294542985,0.39432000294542985,0.0,PASS,0.6016023269508591,0.6016023269508591,0.0,PASS,,,,ABSTAIN_UNSUPPORTED_OR_ZERO_DENOMINATOR,0.37527593429180744,0.37527593429180744,0.0,PASS,1,0.0,0.0,0.0,PASS,1,0.0,0.0,0.0,PASS,1,0.0,0.0,0.0,PASS,0,0.0,2,0,0.0,2,8
POST_IB_PRE_OB,0.3,PASS,7,3,3,0,0.0,2,2,0.2857142857142857,0.2857142857142857,0.48488997031950276,0.48488997031950276,0.0,PASS,0.6080350279963016,0.6080350279963016,0.0,PASS,0.37527593429180744,0.37527593429180744,0.0,PASS,,,,ABSTAIN_UNSUPPORTED_OR_ZERO_DENOMINATOR,0.4876233273638027,0.4876233273638027,0.0,PASS,0.48334336580424736,0.48334336580424736,0.0,PASS,0.6033514418284567,0.6033514418284567,0.0,PASS,0.7228067790354912,0.7228067790354912,0.0,PASS,,,,ABSTAIN_UNSUPPORTED_OR_ZERO_DENOMINATOR,0.37527593429180744,0.37527593429180744,0.0,PASS,1,0.0,0.0,0.0,PASS,1,0.0,0.0,0.0,PASS,1,0.0,0.0,0.0,PASS,0,0.0,3,0,0.0,3,8
POST_OB_PRE_TO,0.05,PASS,6,1,1,0,0.0,1,1,0.16666666666666666,0.16666666666666666,0.896788877940454,0.896788877940454,0.0,PASS,0.8205482675227895,0.8205482675227895,0.0,PASS,0.896788877940454,0.896788877940454,0.0,PASS,,,,ABSTAIN_UNSUPPORTED_OR_ZERO_DENOMINATOR,,,,ABSTAIN_UNSUPPORTED_OR_ZERO_DENOMINATOR,0.8967888779404539,0.8967888779404539,0.0,PASS,0.8205482675227895,0.8205482675227895,0.0,PASS,,,,ABSTAIN_UNSUPPORTED_OR_ZERO_DENOMINATOR,,,,ABSTAIN_UNSUPPORTED_OR_ZERO_DENOMINATOR,0.8967888779404539,0.8967888779404539,0.0,PASS,1,0.0,0.0,0.0,PASS,1,0.0,0.0,0.0,PASS,1,0.0,0.0,0.0,PASS,0,0.0,1,0,0.0,1,8
POST_OB_PRE_TO,0.1,PASS,6,1,1,0,0.0,1,1,0.16666666666666666,0.16666666666666666,0.896788877940454,0.896788877940454,0.0,PASS,0.8205482675227895,0.8205482675227895,0.0,PASS,0.896788877940454,0.896788877940454,0.0,PASS,,,,ABSTAIN_UNSUPPORTED_OR_ZERO_DENOMINATOR,,,,ABSTAIN_UNSUPPORTED_OR_ZERO_DENOMINATOR,0.8967888779404539,0.8967888779404539,0.0,PASS,0.8205482675227895,0.8205482675227895,0.0,PASS,,,,ABSTAIN_UNSUPPORTED_OR_ZERO_DENOMINATOR,,,,ABSTAIN_UNSUPPORTED_OR_ZERO_DENOMINATOR,0.8967888779404539,0.8967888779404539,0.0,PASS,1,0.0,0.0,0.0,PASS,1,0.0,0.0,0.0,PASS,1,0.0,0.0,0.0,PASS,0,0.0,1,0,0.0,1,8
POST_OB_PRE_TO,0.2,PASS,6,2,2,0,0.0,1,1,0.16666666666666666,0.16666666666666666,0.9551148965188632,0.9551148965188632,0.0,PASS,0.9420126852186979,0.9420126852186979,0.0,PASS,0.9551148965188633,0.9551148965188633,0.0,PASS,,,,ABSTAIN_UNSUPPORTED_OR_ZERO_DENOMINATOR,,,,ABSTAIN_UNSUPPORTED_OR_ZERO_DENOMINATOR,0.9551148965188632,0.9551148965188632,0.0,PASS,0.9420126852186979,0.9420126852186979,0.0,PASS,,,,ABSTAIN_UNSUPPORTED_OR_ZERO_DENOMINATOR,,,,ABSTAIN_UNSUPPORTED_OR_ZERO_DENOMINATOR,0.9551148965188632,0.9551148965188632,0.0,PASS,1,0.0,0.0,0.0,PASS,1,0.0,0.0,0.0,PASS,1,0.0,0.0,0.0,PASS,0,0.0,2,0,0.0,2,8
POST_OB_PRE_TO,0.3,PASS,6,2,2,0,0.0,1,1,0.16666666666666666,0.16666666666666666,0.9551148965188632,0.9551148965188632,0.0,PASS,0.9420126852186979,0.9420126852186979,0.0,PASS,0.9551148965188633,0.9551148965188633,0.0,PASS,,,,ABSTAIN_UNSUPPORTED_OR_ZERO_DENOMINATOR,,,,ABSTAIN_UNSUPPORTED_OR_ZERO_DENOMINATOR,0.9551148965188632,0.9551148965188632,0.0,PASS,0.9420126852186979,0.9420126852186979,0.0,PASS,,,,ABSTAIN_UNSUPPORTED_OR_ZERO_DENOMINATOR,,,,ABSTAIN_UNSUPPORTED_OR_ZERO_DENOMINATOR,0.9551148965188632,0.9551148965188632,0.0,PASS,1,0.0,0.0,0.0,PASS,1,0.0,0.0,0.0,PASS,1,0.0,0.0,0.0,PASS,0,0.0,2,0,0.0,2,8
PRE_IB,0.05,PASS,6,1,1,0,0.0,2,2,0.3333333333333333,0.3333333333333333,0.2049588368163663,0.2049588368163663,0.0,PASS,0.19528095511081542,0.19528095511081542,0.0,PASS,0.2995097498173244,0.2995097498173244,0.0,PASS,0.0,0.0,0.0,PASS,0.18394512717459677,0.18394512717459677,0.0,PASS,0.21453433925504697,0.21453433925504697,0.0,PASS,0.1989910623376829,0.1989910623376829,0.0,PASS,0.024886166126824653,0.024886166126824653,0.0,PASS,,,,ABSTAIN_UNSUPPORTED_OR_ZERO_DENOMINATOR,0.2995097498173244,0.2995097498173244,0.0,PASS,1,0.0,0.0,0.0,PASS,1,0.0,0.0,0.0,PASS,1,0.0,0.0,0.0,PASS,0,0.0,1,0,0.0,1,9
PRE_IB,0.1,PASS,6,1,1,0,0.0,2,2,0.3333333333333333,0.3333333333333333,0.2049588368163663,0.2049588368163663,0.0,PASS,0.19528095511081542,0.19528095511081542,0.0,PASS,0.2995097498173244,0.2995097498173244,0.0,PASS,0.0,0.0,0.0,PASS,0.18394512717459677,0.18394512717459677,0.0,PASS,0.21453433925504697,0.21453433925504697,0.0,PASS,0.1989910623376829,0.1989910623376829,0.0,PASS,0.024886166126824653,0.024886166126824653,0.0,PASS,,,,ABSTAIN_UNSUPPORTED_OR_ZERO_DENOMINATOR,0.2995097498173244,0.2995097498173244,0.0,PASS,1,0.0,0.0,0.0,PASS,1,0.0,0.0,0.0,PASS,1,0.0,0.0,0.0,PASS,0,0.0,1,0,0.0,1,9
PRE_IB,0.2,PASS,6,2,2,0,0.0,2,2,0.3333333333333333,0.3333333333333333,0.4099176736327326,0.4099176736327326,0.0,PASS,0.39056191022163084,0.39056191022163084,0.0,PASS,0.5990194996346488,0.5990194996346488,0.0,PASS,0.0,0.0,0.0,PASS,0.36789025434919354,0.36789025434919354,0.0,PASS,0.42906867851009395,0.42906867851009395,0.0,PASS,0.3979821246753658,0.3979821246753658,0.0,PASS,0.049772332253649305,0.049772332253649305,0.0,PASS,,,,ABSTAIN_UNSUPPORTED_OR_ZERO_DENOMINATOR,0.5990194996346488,0.5990194996346488,0.0,PASS,1,0.0,0.0,0.0,PASS,1,0.0,0.0,0.0,PASS,1,0.0,0.0,0.0,PASS,0,0.0,2,0,0.0,2,9
PRE_IB,0.3,PASS,6,2,2,0,0.0,2,2,0.3333333333333333,0.3333333333333333,0.4099176736327326,0.4099176736327326,0.0,PASS,0.39056191022163084,0.39056191022163084,0.0,PASS,0.5990194996346488,0.5990194996346488,0.0,PASS,0.0,0.0,0.0,PASS,0.36789025434919354,0.36789025434919354,0.0,PASS,0.42906867851009395,0.42906867851009395,0.0,PASS,0.3979821246753658,0.3979821246753658,0.0,PASS,0.049772332253649305,0.049772332253649305,0.0,PASS,,,,ABSTAIN_UNSUPPORTED_OR_ZERO_DENOMINATOR,0.5990194996346488,0.5990194996346488,0.0,PASS,1,0.0,0.0,0.0,PASS,1,0.0,0.0,0.0,PASS,1,0.0,0.0,0.0,PASS,0,0.0,2,0,0.0,2,9
POST_IB_PRE_OB,0.05,PASS,7,1,1,0,0.0,2,2,0.2857142857142857,0.2857142857142857,0.19413266796533055,0.19413266796533055,0.0,PASS,0.17054653441167517,0.17054653441167517,0.0,PASS,0.47560509031415343,0.47560509031415343,0.0,PASS,,,,ABSTAIN_UNSUPPORTED_OR_ZERO_DENOMINATOR,0.15834406677987295,0.15834406677987295,0.0,PASS,0.2116477745706004,0.2116477745706004,0.0,PASS,0.17427635345220488,0.17427635345220488,0.0,PASS,0.018589708402540747,0.018589708402540747,0.0,PASS,,,,ABSTAIN_UNSUPPORTED_OR_ZERO_DENOMINATOR,0.47560509031415343,0.47560509031415343,0.0,PASS,1,0.0,0.0,0.0,PASS,1,0.0,0.0,0.0,PASS,1,0.0,0.0,0.0,PASS,0,0.0,1,0,0.0,1,9
POST_IB_PRE_OB,0.1,PASS,7,1,1,0,0.0,2,2,0.2857142857142857,0.2857142857142857,0.19413266796533055,0.19413266796533055,0.0,PASS,0.17054653441167517,0.17054653441167517,0.0,PASS,0.47560509031415343,0.47560509031415343,0.0,PASS,,,,ABSTAIN_UNSUPPORTED_OR_ZERO_DENOMINATOR,0.15834406677987295,0.15834406677987295,0.0,PASS,0.2116477745706004,0.2116477745706004,0.0,PASS,0.17427635345220488,0.17427635345220488,0.0,PASS,0.018589708402540747,0.018589708402540747,0.0,PASS,,,,ABSTAIN_UNSUPPORTED_OR_ZERO_DENOMINATOR,0.47560509031415343,0.47560509031415343,0.0,PASS,1,0.0,0.0,0.0,PASS,1,0.0,0.0,0.0,PASS,1,0.0,0.0,0.0,PASS,0,0.0,1,0,0.0,1,9
POST_IB_PRE_OB,0.2,PASS,7,2,2,0,0.0,2,2,0.2857142857142857,0.2857142857142857,0.3882653359306611,0.3882653359306611,0.0,PASS,0.34109306882335033,0.34109306882335033,0.0,PASS,0.9512101806283069,0.9512101806283069,0.0,PASS,,,,ABSTAIN_UNSUPPORTED_OR_ZERO_DENOMINATOR,0.3166881335597459,0.3166881335597459,0.0,PASS,0.4232955491412008,0.4232955491412008,0.0,PASS,0.34855270690440976,0.34855270690440976,0.0,PASS,0.037179416805081494,0.037179416805081494,0.0,PASS,,,,ABSTAIN_UNSUPPORTED_OR_ZERO_DENOMINATOR,0.9512101806283069,0.9512101806283069,0.0,PASS,1,0.0,0.0,0.0,PASS,1,0.0,0.0,0.0,PASS,1,0.0,0.0,0.0,PASS,0,0.0,2,0,0.0,2,9
POST_IB_PRE_OB,0.3,PASS,7,3,3,0,0.0,2,2,0.2857142857142857,0.2857142857142857,0.5493090033914169,0.5493090033914169,0.0,PASS,0.5193161593287402,0.5193161593287402,0.0,PASS,0.9512101806283069,0.9512101806283069,0.0,PASS,,,,ABSTAIN_UNSUPPORTED_OR_ZERO_DENOMINATOR,0.4982081501423842,0.4982081501423842,0.0,PASS,0.5743179968315056,0.5743179968315056,0.0,PASS,0.5269295844605305,0.5269295844605305,0.0,PASS,0.20913705800677831,0.20913705800677831,0.0,PASS,,,,ABSTAIN_UNSUPPORTED_OR_ZERO_DENOMINATOR,0.9512101806283069,0.9512101806283069,0.0,PASS,1,0.0,0.0,0.0,PASS,1,0.0,0.0,0.0,PASS,1,0.0,0.0,0.0,PASS,0,0.0,3,0,0.0,3,9
POST_OB_PRE_TO,0.05,PASS,7,1,1,0,0.0,2,2,0.2857142857142857,0.2857142857142857,0.47192549853802235,0.47192549853802235,0.0,PASS,0.4640303556610336,0.4640303556610336,0.0,PASS,0.4719254985380224,0.4719254985380224,0.0,PASS,,,,ABSTAIN_UNSUPPORTED_OR_ZERO_DENOMINATOR,,,,ABSTAIN_UNSUPPORTED_OR_ZERO_DENOMINATOR,0.47192549853802235,0.47192549853802235,0.0,PASS,0.4640303556610337,0.4640303556610337,0.0,PASS,,,,ABSTAIN_UNSUPPORTED_OR_ZERO_DENOMINATOR,,,,ABSTAIN_UNSUPPORTED_OR_ZERO_DENOMINATOR,0.47192549853802235,0.47192549853802235,0.0,PASS,1,0.0,0.0,0.0,PASS,1,0.0,0.0,0.0,PASS,1,0.0,0.0,0.0,PASS,0,0.0,1,0,0.0,1,9
POST_OB_PRE_TO,0.1,PASS,7,1,1,0,0.0,2,2,0.2857142857142857,0.2857142857142857,0.47192549853802235,0.47192549853802235,0.0,PASS,0.4640303556610336,0.4640303556610336,0.0,PASS,0.4719254985380224,0.4719254985380224,0.0,PASS,,,,ABSTAIN_UNSUPPORTED_OR_ZERO_DENOMINATOR,,,,ABSTAIN_UNSUPPORTED_OR_ZERO_DENOMINATOR,0.47192549853802235,0.47192549853802235,0.0,PASS,0.4640303556610337,0.4640303556610337,0.0,PASS,,,,ABSTAIN_UNSUPPORTED_OR_ZERO_DENOMINATOR,,,,ABSTAIN_UNSUPPORTED_OR_ZERO_DENOMINATOR,0.47192549853802235,0.47192549853802235,0.0,PASS,1,0.0,0.0,0.0,PASS,1,0.0,0.0,0.0,PASS,1,0.0,0.0,0.0,PASS,0,0.0,1,0,0.0,1,9
POST_OB_PRE_TO,0.2,PASS,7,2,2,0,0.0,2,2,0.2857142857142857,0.2857142857142857,0.9438509970760447,0.9438509970760447,0.0,PASS,0.9280607113220672,0.9280607113220672,0.0,PASS,0.9438509970760448,0.9438509970760448,0.0,PASS,,,,ABSTAIN_UNSUPPORTED_OR_ZERO_DENOMINATOR,,,,ABSTAIN_UNSUPPORTED_OR_ZERO_DENOMINATOR,0.9438509970760447,0.9438509970760447,0.0,PASS,0.9280607113220674,0.9280607113220674,0.0,PASS,,,,ABSTAIN_UNSUPPORTED_OR_ZERO_DENOMINATOR,,,,ABSTAIN_UNSUPPORTED_OR_ZERO_DENOMINATOR,0.9438509970760447,0.9438509970760447,0.0,PASS,1,0.0,0.0,0.0,PASS,1,0.0,0.0,0.0,PASS,1,0.0,0.0,0.0,PASS,0,0.0,2,0,0.0,2,9
POST_OB_PRE_TO,0.3,PASS,7,3,3,0,0.0,3,3,0.42857142857142855,0.42857142857142855,0.9625673313840297,0.9625673313840297,0.0,PASS,0.9520404742147116,0.9520404742147116,0.0,PASS,0.9625673313840298,0.9625673313840298,0.0,PASS,,,,ABSTAIN_UNSUPPORTED_OR_ZERO_DENOMINATOR,,,,ABSTAIN_UNSUPPORTED_OR_ZERO_DENOMINATOR,0.9625673313840298,0.9625673313840298,0.0,PASS,0.9520404742147116,0.9520404742147116,0.0,PASS,,,,ABSTAIN_UNSUPPORTED_OR_ZERO_DENOMINATOR,,,,ABSTAIN_UNSUPPORTED_OR_ZERO_DENOMINATOR,0.9625673313840298,0.9625673313840298,0.0,PASS,1,0.0,0.0,0.0,PASS,1,0.0,0.0,0.0,PASS,1,0.0,0.0,0.0,PASS,0,0.0,3,0,0.0,3,9
PRE_IB,0.05,PASS,2,1,1,0,0.0,2,2,1.0,1.0,0.5,0.5,0.0,PASS,0.5,0.5,0.0,PASS,0.5,0.5,0.0,PASS,,,,ABSTAIN_UNSUPPORTED_OR_ZERO_DENOMINATOR,0.5,0.5,0.0,PASS,0.5,0.5,0.0,PASS,0.5,0.5,0.0,PASS,0.5,0.5,0.0,PASS,,,,ABSTAIN_UNSUPPORTED_OR_ZERO_DENOMINATOR,0.5,0.5,0.0,PASS,1,0.0,0.0,0.0,PASS,1,0.0,0.0,0.0,PASS,1,0.0,0.0,0.0,PASS,0,0.0,1,0,0.0,1,10
PRE_IB,0.1,PASS,2,1,1,0,0.0,2,2,1.0,1.0,0.5,0.5,0.0,PASS,0.5,0.5,0.0,PASS,0.5,0.5,0.0,PASS,,,,ABSTAIN_UNSUPPORTED_OR_ZERO_DENOMINATOR,0.5,0.5,0.0,PASS,0.5,0.5,0.0,PASS,0.5,0.5,0.0,PASS,0.5,0.5,0.0,PASS,,,,ABSTAIN_UNSUPPORTED_OR_ZERO_DENOMINATOR,0.5,0.5,0.0,PASS,1,0.0,0.0,0.0,PASS,1,0.0,0.0,0.0,PASS,1,0.0,0.0,0.0,PASS,0,0.0,1,0,0.0,1,10
PRE_IB,0.2,PASS,2,1,1,0,0.0,2,2,1.0,1.0,0.5,0.5,0.0,PASS,0.5,0.5,0.0,PASS,0.5,0.5,0.0,PASS,,,,ABSTAIN_UNSUPPORTED_OR_ZERO_DENOMINATOR,0.5,0.5,0.0,PASS,0.5,0.5,0.0,PASS,0.5,0.5,0.0,PASS,0.5,0.5,0.0,PASS,,,,ABSTAIN_UNSUPPORTED_OR_ZERO_DENOMINATOR,0.5,0.5,0.0,PASS,1,0.0,0.0,0.0,PASS,1,0.0,0.0,0.0,PASS,1,0.0,0.0,0.0,PASS,0,0.0,1,0,0.0,1,10
PRE_IB,0.3,PASS,2,1,1,0,0.0,2,2,1.0,1.0,0.5,0.5,0.0,PASS,0.5,0.5,0.0,PASS,0.5,0.5,0.0,PASS,,,,ABSTAIN_UNSUPPORTED_OR_ZERO_DENOMINATOR,0.5,0.5,0.0,PASS,0.5,0.5,0.0,PASS,0.5,0.5,0.0,PASS,0.5,0.5,0.0,PASS,,,,ABSTAIN_UNSUPPORTED_OR_ZERO_DENOMINATOR,0.5,0.5,0.0,PASS,1,0.0,0.0,0.0,PASS,1,0.0,0.0,0.0,PASS,1,0.0,0.0,0.0,PASS,0,0.0,1,0,0.0,1,10
POST_IB_PRE_OB,0.05,PASS,8,1,1,0,0.0,2,2,0.25,0.25,0.2036265682376375,0.2036265682376375,0.0,PASS,0.34159916856372335,0.34159916856372335,0.0,PASS,0.2504259145053645,0.2504259145053645,0.0,PASS,,,,ABSTAIN_UNSUPPORTED_OR_ZERO_DENOMINATOR,0.19474709614034427,0.19474709614034427,0.0,PASS,0.2076402800950317,0.2076402800950317,0.0,PASS,0.32504196159232746,0.32504196159232746,0.0,PASS,0.4826954343341369,0.4826954343341369,0.0,PASS,0.5,0.5,0.0,PASS,0.2504259145053645,0.2504259145053645,0.0,PASS,1,0.0,0.0,0.0,PASS,1,0.0,0.0,0.0,PASS,1,0.0,0.0,0.0,PASS,0,0.0,1,0,0.0,1,10
POST_IB_PRE_OB,0.1,PASS,8,1,1,0,0.0,2,2,0.25,0.25,0.2036265682376375,0.2036265682376375,0.0,PASS,0.34159916856372335,0.34159916856372335,0.0,PASS,0.2504259145053645,0.2504259145053645,0.0,PASS,,,,ABSTAIN_UNSUPPORTED_OR_ZERO_DENOMINATOR,0.19474709614034427,0.19474709614034427,0.0,PASS,0.2076402800950317,0.2076402800950317,0.0,PASS,0.32504196159232746,0.32504196159232746,0.0,PASS,0.4826954343341369,0.4826954343341369,0.0,PASS,0.5,0.5,0.0,PASS,0.2504259145053645,0.2504259145053645,0.0,PASS,1,0.0,0.0,0.0,PASS,1,0.0,0.0,0.0,PASS,1,0.0,0.0,0.0,PASS,0,0.0,1,0,0.0,1,10
POST_IB_PRE_OB,0.2,PASS,8,2,2,0,0.0,2,2,0.25,0.25,0.407253136475275,0.407253136475275,0.0,PASS,0.6831983371274467,0.6831983371274467,0.0,PASS,0.500851829010729,0.500851829010729,0.0,PASS,,,,ABSTAIN_UNSUPPORTED_OR_ZERO_DENOMINATOR,0.38949419228068854,0.38949419228068854,0.0,PASS,0.4152805601900634,0.4152805601900634,0.0,PASS,0.6500839231846549,0.6500839231846549,0.0,PASS,0.9653908686682738,0.9653908686682738,0.0,PASS,1.0,1.0,0.0,PASS,0.500851829010729,0.500851829010729,0.0,PASS,1,0.0,0.0,0.0,PASS,1,0.0,0.0,0.0,PASS,1,0.0,0.0,0.0,PASS,0,0.0,2,0,0.0,2,10
POST_IB_PRE_OB,0.3,PASS,8,3,3,0,0.0,2,2,0.25,0.25,0.5252261749439917,0.5252261749439917,0.0,PASS,0.7565411252547878,0.7565411252547878,0.0,PASS,0.7052897719170232,0.7052897719170232,0.0,PASS,,,,ABSTAIN_UNSUPPORTED_OR_ZERO_DENOMINATOR,0.4910618155550044,0.4910618155550044,0.0,PASS,0.5406691982315648,0.5406691982315648,0.0,PASS,0.7317412678263876,0.7317412678263876,0.0,PASS,0.9673780404853306,0.9673780404853306,0.0,PASS,1.0,1.0,0.0,PASS,0.7052897719170232,0.7052897719170232,0.0,PASS,1,0.0,0.0,0.0,PASS,1,0.0,0.0,0.0,PASS,1,0.0,0.0,0.0,PASS,0,0.0,3,0,0.0,3,10
POST_OB_PRE_TO,0.05,PASS,8,1,1,0,0.0,2,2,0.25,0.25,0.22840384442129413,0.22840384442129413,0.0,PASS,0.3534794000449637,0.3534794000449637,0.0,PASS,0.22840384442129416,0.22840384442129416,0.0,PASS,,,,ABSTAIN_UNSUPPORTED_OR_ZERO_DENOMINATOR,,,,ABSTAIN_UNSUPPORTED_OR_ZERO_DENOMINATOR,0.2284038444212941,0.2284038444212941,0.0,PASS,0.3534794000449638,0.3534794000449638,0.0,PASS,,,,ABSTAIN_UNSUPPORTED_OR_ZERO_DENOMINATOR,,,,ABSTAIN_UNSUPPORTED_OR_ZERO_DENOMINATOR,0.2284038444212941,0.2284038444212941,0.0,PASS,1,0.0,0.0,0.0,PASS,1,0.0,0.0,0.0,PASS,1,0.0,0.0,0.0,PASS,0,0.0,1,0,0.0,1,10
POST_OB_PRE_TO,0.1,PASS,8,1,1,0,0.0,2,2,0.25,0.25,0.22840384442129413,0.22840384442129413,0.0,PASS,0.3534794000449637,0.3534794000449637,0.0,PASS,0.22840384442129416,0.22840384442129416,0.0,PASS,,,,ABSTAIN_UNSUPPORTED_OR_ZERO_DENOMINATOR,,,,ABSTAIN_UNSUPPORTED_OR_ZERO_DENOMINATOR,0.2284038444212941,0.2284038444212941,0.0,PASS,0.3534794000449638,0.3534794000449638,0.0,PASS,,,,ABSTAIN_UNSUPPORTED_OR_ZERO_DENOMINATOR,,,,ABSTAIN_UNSUPPORTED_OR_ZERO_DENOMINATOR,0.2284038444212941,0.2284038444212941,0.0,PASS,1,0.0,0.0,0.0,PASS,1,0.0,0.0,0.0,PASS,1,0.0,0.0,0.0,PASS,0,0.0,1,0,0.0,1,10
POST_OB_PRE_TO,0.2,PASS,8,2,2,0,0.0,2,2,0.25,0.25,0.45680768884258827,0.45680768884258827,0.0,PASS,0.7069588000899274,0.7069588000899274,0.0,PASS,0.4568076888425883,0.4568076888425883,0.0,PASS,,,,ABSTAIN_UNSUPPORTED_OR_ZERO_DENOMINATOR,,,,ABSTAIN_UNSUPPORTED_OR_ZERO_DENOMINATOR,0.4568076888425882,0.4568076888425882,0.0,PASS,0.7069588000899276,0.7069588000899276,0.0,PASS,,,,ABSTAIN_UNSUPPORTED_OR_ZERO_DENOMINATOR,,,,ABSTAIN_UNSUPPORTED_OR_ZERO_DENOMINATOR,0.4568076888425882,0.4568076888425882,0.0,PASS,1,0.0,0.0,0.0,PASS,1,0.0,0.0,0.0,PASS,1,0.0,0.0,0.0,PASS,0,0.0,2,0,0.0,2,10
POST_OB_PRE_TO,0.3,PASS,8,3,3,0,0.0,2,2,0.25,0.25,0.6247277973779324,0.6247277973779324,0.0,PASS,0.8150704884989255,0.8150704884989255,0.0,PASS,0.6247277973779324,0.6247277973779324,0.0,PASS,,,,ABSTAIN_UNSUPPORTED_OR_ZERO_DENOMINATOR,,,,ABSTAIN_UNSUPPORTED_OR_ZERO_DENOMINATOR,0.6247277973779323,0.6247277973779323,0.0,PASS,0.8150704884989258,0.8150704884989258,0.0,PASS,,,,ABSTAIN_UNSUPPORTED_OR_ZERO_DENOMINATOR,,,,ABSTAIN_UNSUPPORTED_OR_ZERO_DENOMINATOR,0.6247277973779323,0.6247277973779323,0.0,PASS,1,0.0,0.0,0.0,PASS,1,0.0,0.0,0.0,PASS,1,0.0,0.0,0.0,PASS,0,0.0,3,0,0.0,3,10
PRE_IB,0.05,PASS,4,1,1,0,0.0,1,1,0.25,0.25,0.301751732041481,0.301751732041481,0.0,PASS,0.29394307033658984,0.29394307033658984,0.0,PASS,0.5005562744161152,0.5005562744161152,0.0,PASS,0.0,0.0,0.0,PASS,0.26343218943197716,0.26343218943197716,0.0,PASS,0.31933393409389216,0.31933393409389216,0.0,PASS,0.30626096857406215,0.30626096857406215,0.0,PASS,0.018638985595961492,0.018638985595961492,0.0,PASS,,,,ABSTAIN_UNSUPPORTED_OR_ZERO_DENOMINATOR,0.5005562744161152,0.5005562744161152,0.0,PASS,1,0.0,0.0,0.0,PASS,1,0.0,0.0,0.0,PASS,1,0.0,0.0,0.0,PASS,0,0.0,1,0,0.0,1,11
PRE_IB,0.1,PASS,4,1,1,0,0.0,1,1,0.25,0.25,0.301751732041481,0.301751732041481,0.0,PASS,0.29394307033658984,0.29394307033658984,0.0,PASS,0.5005562744161152,0.5005562744161152,0.0,PASS,0.0,0.0,0.0,PASS,0.26343218943197716,0.26343218943197716,0.0,PASS,0.31933393409389216,0.31933393409389216,0.0,PASS,0.30626096857406215,0.30626096857406215,0.0,PASS,0.018638985595961492,0.018638985595961492,0.0,PASS,,,,ABSTAIN_UNSUPPORTED_OR_ZERO_DENOMINATOR,0.5005562744161152,0.5005562744161152,0.0,PASS,1,0.0,0.0,0.0,PASS,1,0.0,0.0,0.0,PASS,1,0.0,0.0,0.0,PASS,0,0.0,1,0,0.0,1,11
PRE_IB,0.2,PASS,4,1,1,0,0.0,1,1,0.25,0.25,0.301751732041481,0.301751732041481,0.0,PASS,0.29394307033658984,0.29394307033658984,0.0,PASS,0.5005562744161152,0.5005562744161152,0.0,PASS,0.0,0.0,0.0,PASS,0.26343218943197716,0.26343218943197716,0.0,PASS,0.31933393409389216,0.31933393409389216,0.0,PASS,0.30626096857406215,0.30626096857406215,0.0,PASS,0.018638985595961492,0.018638985595961492,0.0,PASS,,,,ABSTAIN_UNSUPPORTED_OR_ZERO_DENOMINATOR,0.5005562744161152,0.5005562744161152,0.0,PASS,1,0.0,0.0,0.0,PASS,1,0.0,0.0,0.0,PASS,1,0.0,0.0,0.0,PASS,0,0.0,1,0,0.0,1,11
PRE_IB,0.3,PASS,4,2,2,0,0.0,1,1,0.25,0.25,0.5698993368295081,0.5698993368295081,0.0,PASS,0.48556241570779796,0.48556241570779796,0.0,PASS,0.7341947764164651,0.7341947764164651,0.0,PASS,0.0,0.0,0.0,PASS,0.5385423355538573,0.5385423355538573,0.0,PASS,0.5846671853020959,0.5846671853020959,0.0,PASS,0.5023757856437296,0.5023757856437296,0.0,PASS,0.10978488188015569,0.10978488188015569,0.0,PASS,,,,ABSTAIN_UNSUPPORTED_OR_ZERO_DENOMINATOR,0.734194776416465,0.734194776416465,0.0,PASS,1,0.0,0.0,0.0,PASS,1,0.0,0.0,0.0,PASS,1,0.0,0.0,0.0,PASS,0,0.0,2,0,0.0,2,11
POST_IB_PRE_OB,0.05,PASS,7,1,1,0,0.0,1,1,0.14285714285714285,0.14285714285714285,0.26665543121154067,0.26665543121154067,0.0,PASS,0.47907723307781563,0.47907723307781563,0.0,PASS,0.46381895620966357,0.46381895620966357,0.0,PASS,,,,ABSTAIN_UNSUPPORTED_OR_ZERO_DENOMINATOR,0.24159849629808722,0.24159849629808722,0.0,PASS,0.2789193950644414,0.2789193950644414,0.0,PASS,0.44825510753445735,0.44825510753445735,0.0,PASS,0.7812351390721259,0.7812351390721259,0.0,PASS,1.0,1.0,0.0,PASS,0.46381895620966346,0.46381895620966346,0.0,PASS,1,0.0,0.0,0.0,PASS,1,0.0,0.0,0.0,PASS,1,0.0,0.0,0.0,PASS,0,0.0,1,0,0.0,1,11
POST_IB_PRE_OB,0.1,PASS,7,1,1,0,0.0,1,1,0.14285714285714285,0.14285714285714285,0.26665543121154067,0.26665543121154067,0.0,PASS,0.47907723307781563,0.47907723307781563,0.0,PASS,0.46381895620966357,0.46381895620966357,0.0,PASS,,,,ABSTAIN_UNSUPPORTED_OR_ZERO_DENOMINATOR,0.24159849629808722,0.24159849629808722,0.0,PASS,0.2789193950644414,0.2789193950644414,0.0,PASS,0.44825510753445735,0.44825510753445735,0.0,PASS,0.7812351390721259,0.7812351390721259,0.0,PASS,1.0,1.0,0.0,PASS,0.46381895620966346,0.46381895620966346,0.0,PASS,1,0.0,0.0,0.0,PASS,1,0.0,0.0,0.0,PASS,1,0.0,0.0,0.0,PASS,0,0.0,1,0,0.0,1,11
POST_IB_PRE_OB,0.2,PASS,7,2,2,0,0.0,1,1,0.14285714285714285,0.14285714285714285,0.42114485622359926,0.42114485622359926,0.0,PASS,0.58193714386154,0.58193714386154,0.0,PASS,0.8424626499972606,0.8424626499972606,0.0,PASS,,,,ABSTAIN_UNSUPPORTED_OR_ZERO_DENOMINATOR,0.36760081182407384,0.36760081182407384,0.0,PASS,0.44735166193714726,0.44735166193714726,0.0,PASS,0.5608661735766521,0.5608661735766521,0.0,PASS,0.7844513461054493,0.7844513461054493,0.0,PASS,1.0,1.0,0.0,PASS,0.8424626499972605,0.8424626499972605,0.0,PASS,1,0.0,0.0,0.0,PASS,1,0.0,0.0,0.0,PASS,1,0.0,0.0,0.0,PASS,0,0.0,2,0,0.0,2,11
POST_IB_PRE_OB,0.3,PASS,7,3,3,0,0.0,1,1,0.14285714285714285,0.14285714285714285,0.5524406440973126,0.5524406440973126,0.0,PASS,0.6848631764050401,0.6848631764050401,0.0,PASS,0.9071907222474569,0.9071907222474569,0.0,PASS,,,,ABSTAIN_UNSUPPORTED_OR_ZERO_DENOMINATOR,0.5073564957040674,0.5073564957040674,0.0,PASS,0.5745068053474146,0.5745068053474146,0.0,PASS,0.663034944427682,0.663034944427682,0.0,PASS,0.9023680698064178,0.9023680698064178,0.0,PASS,1.0,1.0,0.0,PASS,0.9071907222474569,0.9071907222474569,0.0,PASS,1,0.0,0.0,0.0,PASS,1,0.0,0.0,0.0,PASS,1,0.0,0.0,0.0,PASS,0,0.0,3,0,0.0,3,11
POST_OB_PRE_TO,0.05,PASS,6,1,1,0,0.0,1,1,0.16666666666666666,0.16666666666666666,0.45194620218758375,0.45194620218758375,0.0,PASS,0.7000699660992773,0.7000699660992773,0.0,PASS,0.45194620218758375,0.45194620218758375,0.0,PASS,,,,ABSTAIN_UNSUPPORTED_OR_ZERO_DENOMINATOR,,,,ABSTAIN_UNSUPPORTED_OR_ZERO_DENOMINATOR,0.45194620218758375,0.45194620218758375,0.0,PASS,0.7000699660992775,0.7000699660992775,0.0,PASS,,,,ABSTAIN_UNSUPPORTED_OR_ZERO_DENOMINATOR,,,,ABSTAIN_UNSUPPORTED_OR_ZERO_DENOMINATOR,0.45194620218758375,0.45194620218758375,0.0,PASS,1,0.0,0.0,0.0,PASS,1,0.0,0.0,0.0,PASS,1,0.0,0.0,0.0,PASS,0,0.0,1,0,0.0,1,11
POST_OB_PRE_TO,0.1,PASS,6,1,1,0,0.0,1,1,0.16666666666666666,0.16666666666666666,0.45194620218758375,0.45194620218758375,0.0,PASS,0.7000699660992773,0.7000699660992773,0.0,PASS,0.45194620218758375,0.45194620218758375,0.0,PASS,,,,ABSTAIN_UNSUPPORTED_OR_ZERO_DENOMINATOR,,,,ABSTAIN_UNSUPPORTED_OR_ZERO_DENOMINATOR,0.45194620218758375,0.45194620218758375,0.0,PASS,0.7000699660992775,0.7000699660992775,0.0,PASS,,,,ABSTAIN_UNSUPPORTED_OR_ZERO_DENOMINATOR,,,,ABSTAIN_UNSUPPORTED_OR_ZERO_DENOMINATOR,0.45194620218758375,0.45194620218758375,0.0,PASS,1,0.0,0.0,0.0,PASS,1,0.0,0.0,0.0,PASS,1,0.0,0.0,0.0,PASS,0,0.0,1,0,0.0,1,11
POST_OB_PRE_TO,0.2,PASS,6,2,2,0,0.0,1,1,0.16666666666666666,0.16666666666666666,0.7842123053075201,0.7842123053075201,0.0,PASS,0.9141863927702388,0.9141863927702388,0.0,PASS,0.7842123053075202,0.7842123053075202,0.0,PASS,,,,ABSTAIN_UNSUPPORTED_OR_ZERO_DENOMINATOR,,,,ABSTAIN_UNSUPPORTED_OR_ZERO_DENOMINATOR,0.7842123053075202,0.7842123053075202,0.0,PASS,0.914186392770239,0.914186392770239,0.0,PASS,,,,ABSTAIN_UNSUPPORTED_OR_ZERO_DENOMINATOR,,,,ABSTAIN_UNSUPPORTED_OR_ZERO_DENOMINATOR,0.7842123053075202,0.7842123053075202,0.0,PASS,1,0.0,0.0,0.0,PASS,1,0.0,0.0,0.0,PASS,1,0.0,0.0,0.0,PASS,0,0.0,2,0,0.0,2,11
POST_OB_PRE_TO,0.3,PASS,6,2,2,0,0.0,1,1,0.16666666666666666,0.16666666666666666,0.7842123053075201,0.7842123053075201,0.0,PASS,0.9141863927702388,0.9141863927702388,0.0,PASS,0.7842123053075202,0.7842123053075202,0.0,PASS,,,,ABSTAIN_UNSUPPORTED_OR_ZERO_DENOMINATOR,,,,ABSTAIN_UNSUPPORTED_OR_ZERO_DENOMINATOR,0.7842123053075202,0.7842123053075202,0.0,PASS,0.914186392770239,0.914186392770239,0.0,PASS,,,,ABSTAIN_UNSUPPORTED_OR_ZERO_DENOMINATOR,,,,ABSTAIN_UNSUPPORTED_OR_ZERO_DENOMINATOR,0.7842123053075202,0.7842123053075202,0.0,PASS,1,0.0,0.0,0.0,PASS,1,0.0,0.0,0.0,PASS,1,0.0,0.0,0.0,PASS,0,0.0,2,0,0.0,2,11
PRE_IB,0.05,PASS,5,1,1,0,0.0,1,1,0.2,0.2,0.23794685327022264,0.23794685327022264,0.0,PASS,0.2466753090896002,0.2466753090896002,0.0,PASS,0.40575604085350864,0.40575604085350864,0.0,PASS,0.0,0.0,0.0,PASS,0.20659563429338224,0.20659563429338224,0.0,PASS,0.2523714079188041,0.2523714079188041,0.0,PASS,0.2560464632687717,0.2560464632687717,0.0,PASS,0.01708202877308616,0.01708202877308616,0.0,PASS,,,,ABSTAIN_UNSUPPORTED_OR_ZERO_DENOMINATOR,0.40575604085350864,0.40575604085350864,0.0,PASS,1,0.0,0.0,0.0,PASS,1,0.0,0.0,0.0,PASS,1,0.0,0.0,0.0,PASS,0,0.0,1,0,0.0,1,12
PRE_IB,0.1,PASS,5,1,1,0,0.0,1,1,0.2,0.2,0.23794685327022264,0.23794685327022264,0.0,PASS,0.2466753090896002,0.2466753090896002,0.0,PASS,0.40575604085350864,0.40575604085350864,0.0,PASS,0.0,0.0,0.0,PASS,0.20659563429338224,0.20659563429338224,0.0,PASS,0.2523714079188041,0.2523714079188041,0.0,PASS,0.2560464632687717,0.2560464632687717,0.0,PASS,0.01708202877308616,0.01708202877308616,0.0,PASS,,,,ABSTAIN_UNSUPPORTED_OR_ZERO_DENOMINATOR,0.40575604085350864,0.40575604085350864,0.0,PASS,1,0.0,0.0,0.0,PASS,1,0.0,0.0,0.0,PASS,1,0.0,0.0,0.0,PASS,0,0.0,1,0,0.0,1,12
PRE_IB,0.2,PASS,5,1,1,0,0.0,1,1,0.2,0.2,0.23794685327022264,0.23794685327022264,0.0,PASS,0.2466753090896002,0.2466753090896002,0.0,PASS,0.40575604085350864,0.40575604085350864,0.0,PASS,0.0,0.0,0.0,PASS,0.20659563429338224,0.20659563429338224,0.0,PASS,0.2523714079188041,0.2523714079188041,0.0,PASS,0.2560464632687717,0.2560464632687717,0.0,PASS,0.01708202877308616,0.01708202877308616,0.0,PASS,,,,ABSTAIN_UNSUPPORTED_OR_ZERO_DENOMINATOR,0.40575604085350864,0.40575604085350864,0.0,PASS,1,0.0,0.0,0.0,PASS,1,0.0,0.0,0.0,PASS,1,0.0,0.0,0.0,PASS,0,0.0,1,0,0.0,1,12
PRE_IB,0.3,PASS,5,2,2,0,0.0,2,2,0.4,0.4,0.4493951135323618,0.4493951135323618,0.0,PASS,0.40748114537913754,0.40748114537913754,0.0,PASS,0.5951458026204315,0.5951458026204315,0.0,PASS,0.0,0.0,0.0,PASS,0.42234965911908073,0.42234965911908073,0.0,PASS,0.46206577179871494,0.46206577179871494,0.0,PASS,0.42000632253221964,0.42000632253221964,0.0,PASS,0.10061430121674736,0.10061430121674736,0.0,PASS,,,,ABSTAIN_UNSUPPORTED_OR_ZERO_DENOMINATOR,0.5951458026204315,0.5951458026204315,0.0,PASS,1,0.0,0.0,0.0,PASS,1,0.0,0.0,0.0,PASS,1,0.0,0.0,0.0,PASS,0,0.0,2,0,0.0,2,12
POST_IB_PRE_OB,0.05,PASS,6,1,1,0,0.0,1,1,0.16666666666666666,0.16666666666666666,0.31075225393589967,0.31075225393589967,0.0,PASS,0.5811427383225038,0.5811427383225038,0.0,PASS,0.4295170419513342,0.4295170419513342,0.0,PASS,,,,ABSTAIN_UNSUPPORTED_OR_ZERO_DENOMINATOR,0.2911130190562306,0.2911130190562306,0.0,PASS,0.3199017674889417,0.3199017674889417,0.0,PASS,0.5517332790882795,0.5517332790882795,0.0,PASS,0.8285116550956768,0.8285116550956768,0.0,PASS,1.0,1.0,0.0,PASS,0.4295170419513341,0.4295170419513341,0.0,PASS,1,0.0,0.0,0.0,PASS,1,0.0,0.0,0.0,PASS,1,0.0,0.0,0.0,PASS,0,0.0,1,0,0.0,1,12
POST_IB_PRE_OB,0.1,PASS,6,1,1,0,0.0,1,1,0.16666666666666666,0.16666666666666666,0.31075225393589967,0.31075225393589967,0.0,PASS,0.5811427383225038,0.5811427383225038,0.0,PASS,0.4295170419513342,0.4295170419513342,0.0,PASS,,,,ABSTAIN_UNSUPPORTED_OR_ZERO_DENOMINATOR,0.2911130190562306,0.2911130190562306,0.0,PASS,0.3199017674889417,0.3199017674889417,0.0,PASS,0.5517332790882795,0.5517332790882795,0.0,PASS,0.8285116550956768,0.8285116550956768,0.0,PASS,1.0,1.0,0.0,PASS,0.4295170419513341,0.4295170419513341,0.0,PASS,1,0.0,0.0,0.0,PASS,1,0.0,0.0,0.0,PASS,1,0.0,0.0,0.0,PASS,0,0.0,1,0,0.0,1,12
POST_IB_PRE_OB,0.2,PASS,6,2,2,0,0.0,1,1,0.16666666666666666,0.16666666666666666,0.4907896033108432,0.4907896033108432,0.0,PASS,0.7059165453189901,0.7059165453189901,0.0,PASS,0.7801579916835801,0.7801579916835801,0.0,PASS,,,,ABSTAIN_UNSUPPORTED_OR_ZERO_DENOMINATOR,0.4429389411662274,0.4429389411662274,0.0,PASS,0.513082237646992,0.513082237646992,0.0,PASS,0.690340227865346,0.690340227865346,0.0,PASS,0.8319224911923148,0.8319224911923148,0.0,PASS,1.0,1.0,0.0,PASS,0.7801579916835801,0.7801579916835801,0.0,PASS,1,0.0,0.0,0.0,PASS,1,0.0,0.0,0.0,PASS,1,0.0,0.0,0.0,PASS,0,0.0,2,0,0.0,2,12
POST_IB_PRE_OB,0.3,PASS,6,2,2,0,0.0,1,1,0.16666666666666666,0.16666666666666666,0.4907896033108432,0.4907896033108432,0.0,PASS,0.7059165453189901,0.7059165453189901,0.0,PASS,0.7801579916835801,0.7801579916835801,0.0,PASS,,,,ABSTAIN_UNSUPPORTED_OR_ZERO_DENOMINATOR,0.4429389411662274,0.4429389411662274,0.0,PASS,0.513082237646992,0.513082237646992,0.0,PASS,0.690340227865346,0.690340227865346,0.0,PASS,0.8319224911923148,0.8319224911923148,0.0,PASS,1.0,1.0,0.0,PASS,0.7801579916835801,0.7801579916835801,0.0,PASS,1,0.0,0.0,0.0,PASS,1,0.0,0.0,0.0,PASS,1,0.0,0.0,0.0,PASS,0,0.0,2,0,0.0,2,12
POST_OB_PRE_TO,0.05,PASS,5,1,1,0,0.0,1,1,0.2,0.2,0.37580440306392715,0.37580440306392715,0.0,PASS,0.651380157760145,0.651380157760145,0.0,PASS,0.37580440306392715,0.37580440306392715,0.0,PASS,,,,ABSTAIN_UNSUPPORTED_OR_ZERO_DENOMINATOR,,,,ABSTAIN_UNSUPPORTED_OR_ZERO_DENOMINATOR,0.37580440306392715,0.37580440306392715,0.0,PASS,0.6513801577601452,0.6513801577601452,0.0,PASS,,,,ABSTAIN_UNSUPPORTED_OR_ZERO_DENOMINATOR,,,,ABSTAIN_UNSUPPORTED_OR_ZERO_DENOMINATOR,0.37580440306392715,0.37580440306392715,0.0,PASS,1,0.0,0.0,0.0,PASS,1,0.0,0.0,0.0,PASS,1,0.0,0.0,0.0,PASS,0,0.0,1,0,0.0,1,12
POST_OB_PRE_TO,0.1,PASS,5,1,1,0,0.0,1,1,0.2,0.2,0.37580440306392715,0.37580440306392715,0.0,PASS,0.651380157760145,0.651380157760145,0.0,PASS,0.37580440306392715,0.37580440306392715,0.0,PASS,,,,ABSTAIN_UNSUPPORTED_OR_ZERO_DENOMINATOR,,,,ABSTAIN_UNSUPPORTED_OR_ZERO_DENOMINATOR,0.37580440306392715,0.37580440306392715,0.0,PASS,0.6513801577601452,0.6513801577601452,0.0,PASS,,,,ABSTAIN_UNSUPPORTED_OR_ZERO_DENOMINATOR,,,,ABSTAIN_UNSUPPORTED_OR_ZERO_DENOMINATOR,0.37580440306392715,0.37580440306392715,0.0,PASS,1,0.0,0.0,0.0,PASS,1,0.0,0.0,0.0,PASS,1,0.0,0.0,0.0,PASS,0,0.0,1,0,0.0,1,12
POST_OB_PRE_TO,0.2,PASS,5,1,1,0,0.0,1,1,0.2,0.2,0.37580440306392715,0.37580440306392715,0.0,PASS,0.651380157760145,0.651380157760145,0.0,PASS,0.37580440306392715,0.37580440306392715,0.0,PASS,,,,ABSTAIN_UNSUPPORTED_OR_ZERO_DENOMINATOR,,,,ABSTAIN_UNSUPPORTED_OR_ZERO_DENOMINATOR,0.37580440306392715,0.37580440306392715,0.0,PASS,0.6513801577601452,0.6513801577601452,0.0,PASS,,,,ABSTAIN_UNSUPPORTED_OR_ZERO_DENOMINATOR,,,,ABSTAIN_UNSUPPORTED_OR_ZERO_DENOMINATOR,0.37580440306392715,0.37580440306392715,0.0,PASS,1,0.0,0.0,0.0,PASS,1,0.0,0.0,0.0,PASS,1,0.0,0.0,0.0,PASS,0,0.0,1,0,0.0,1,12
POST_OB_PRE_TO,0.3,PASS,5,2,2,0,0.0,1,1,0.2,0.2,0.6520918548379724,0.6520918548379724,0.0,PASS,0.8506048046352132,0.8506048046352132,0.0,PASS,0.6520918548379725,0.6520918548379725,0.0,PASS,,,,ABSTAIN_UNSUPPORTED_OR_ZERO_DENOMINATOR,,,,ABSTAIN_UNSUPPORTED_OR_ZERO_DENOMINATOR,0.6520918548379725,0.6520918548379725,0.0,PASS,0.8506048046352133,0.8506048046352133,0.0,PASS,,,,ABSTAIN_UNSUPPORTED_OR_ZERO_DENOMINATOR,,,,ABSTAIN_UNSUPPORTED_OR_ZERO_DENOMINATOR,0.6520918548379725,0.6520918548379725,0.0,PASS,1,0.0,0.0,0.0,PASS,1,0.0,0.0,0.0,PASS,1,0.0,0.0,0.0,PASS,0,0.0,2,0,0.0,2,12
PRE_IB,0.05,PASS,3,1,1,0,0.0,2,2,0.6666666666666666,0.6666666666666666,0.3620719310175416,0.3620719310175416,0.0,PASS,0.34162940766264266,0.34162940766264266,0.0,PASS,0.44636034040118994,0.44636034040118994,0.0,PASS,,,,ABSTAIN_UNSUPPORTED_OR_ZERO_DENOMINATOR,0.3384833192667169,0.3384833192667169,0.0,PASS,0.3716779359892253,0.3716779359892253,0.0,PASS,0.3533771921987549,0.3533771921987549,0.0,PASS,0.025864329186857334,0.025864329186857334,0.0,PASS,,,,ABSTAIN_UNSUPPORTED_OR_ZERO_DENOMINATOR,0.44636034040119,0.44636034040119,0.0,PASS,1,0.0,0.0,0.0,PASS,1,0.0,0.0,0.0,PASS,1,0.0,0.0,0.0,PASS,0,0.0,1,0,0.0,1,13
PRE_IB,0.1,PASS,3,1,1,0,0.0,2,2,0.6666666666666666,0.6666666666666666,0.3620719310175416,0.3620719310175416,0.0,PASS,0.34162940766264266,0.34162940766264266,0.0,PASS,0.44636034040118994,0.44636034040118994,0.0,PASS,,,,ABSTAIN_UNSUPPORTED_OR_ZERO_DENOMINATOR,0.3384833192667169,0.3384833192667169,0.0,PASS,0.3716779359892253,0.3716779359892253,0.0,PASS,0.3533771921987549,0.3533771921987549,0.0,PASS,0.025864329186857334,0.025864329186857334,0.0,PASS,,,,ABSTAIN_UNSUPPORTED_OR_ZERO_DENOMINATOR,0.44636034040119,0.44636034040119,0.0,PASS,1,0.0,0.0,0.0,PASS,1,0.0,0.0,0.0,PASS,1,0.0,0.0,0.0,PASS,0,0.0,1,0,0.0,1,13
PRE_IB,0.2,PASS,3,1,1,0,0.0,2,2,0.6666666666666666,0.6666666666666666,0.3620719310175416,0.3620719310175416,0.0,PASS,0.34162940766264266,0.34162940766264266,0.0,PASS,0.44636034040118994,0.44636034040118994,0.0,PASS,,,,ABSTAIN_UNSUPPORTED_OR_ZERO_DENOMINATOR,0.3384833192667169,0.3384833192667169,0.0,PASS,0.3716779359892253,0.3716779359892253,0.0,PASS,0.3533771921987549,0.3533771921987549,0.0,PASS,0.025864329186857334,0.025864329186857334,0.0,PASS,,,,ABSTAIN_UNSUPPORTED_OR_ZERO_DENOMINATOR,0.44636034040119,0.44636034040119,0.0,PASS,1,0.0,0.0,0.0,PASS,1,0.0,0.0,0.0,PASS,1,0.0,0.0,0.0,PASS,0,0.0,1,0,0.0,1,13
PRE_IB,0.3,PASS,3,1,1,0,0.0,2,2,0.6666666666666666,0.6666666666666666,0.3620719310175416,0.3620719310175416,0.0,PASS,0.34162940766264266,0.34162940766264266,0.0,PASS,0.44636034040118994,0.44636034040118994,0.0,PASS,,,,ABSTAIN_UNSUPPORTED_OR_ZERO_DENOMINATOR,0.3384833192667169,0.3384833192667169,0.0,PASS,0.3716779359892253,0.3716779359892253,0.0,PASS,0.3533771921987549,0.3533771921987549,0.0,PASS,0.025864329186857334,0.025864329186857334,0.0,PASS,,,,ABSTAIN_UNSUPPORTED_OR_ZERO_DENOMINATOR,0.44636034040119,0.44636034040119,0.0,PASS,1,0.0,0.0,0.0,PASS,1,0.0,0.0,0.0,PASS,1,0.0,0.0,0.0,PASS,0,0.0,1,0,0.0,1,13
POST_IB_PRE_OB,0.05,PASS,8,1,1,0,0.0,2,2,0.25,0.25,0.14976809082425,0.14976809082425,0.0,PASS,0.15403859867867445,0.15403859867867445,0.0,PASS,0.4129963244228911,0.4129963244228911,0.0,PASS,,,,ABSTAIN_UNSUPPORTED_OR_ZERO_DENOMINATOR,0.1204494041855117,0.1204494041855117,0.0,PASS,0.16442209024278728,0.16442209024278728,0.0,PASS,0.15790606648347197,0.15790606648347197,0.0,PASS,0.014876313471880434,0.014876313471880434,0.0,PASS,,,,ABSTAIN_UNSUPPORTED_OR_ZERO_DENOMINATOR,0.41299632442289114,0.41299632442289114,0.0,PASS,1,0.0,0.0,0.0,PASS,1,0.0,0.0,0.0,PASS,1,0.0,0.0,0.0,PASS,0,0.0,1,0,0.0,1,13
POST_IB_PRE_OB,0.1,PASS,8,1,1,0,0.0,2,2,0.25,0.25,0.14976809082425,0.14976809082425,0.0,PASS,0.15403859867867445,0.15403859867867445,0.0,PASS,0.4129963244228911,0.4129963244228911,0.0,PASS,,,,ABSTAIN_UNSUPPORTED_OR_ZERO_DENOMINATOR,0.1204494041855117,0.1204494041855117,0.0,PASS,0.16442209024278728,0.16442209024278728,0.0,PASS,0.15790606648347197,0.15790606648347197,0.0,PASS,0.014876313471880434,0.014876313471880434,0.0,PASS,,,,ABSTAIN_UNSUPPORTED_OR_ZERO_DENOMINATOR,0.41299632442289114,0.41299632442289114,0.0,PASS,1,0.0,0.0,0.0,PASS,1,0.0,0.0,0.0,PASS,1,0.0,0.0,0.0,PASS,0,0.0,1,0,0.0,1,13
POST_IB_PRE_OB,0.2,PASS,8,2,2,0,0.0,2,2,0.25,0.25,0.2995361816485,0.2995361816485,0.0,PASS,0.3080771973573489,0.3080771973573489,0.0,PASS,0.8259926488457822,0.8259926488457822,0.0,PASS,,,,ABSTAIN_UNSUPPORTED_OR_ZERO_DENOMINATOR,0.2408988083710234,0.2408988083710234,0.0,PASS,0.32884418048557457,0.32884418048557457,0.0,PASS,0.31581213296694394,0.31581213296694394,0.0,PASS,0.02975262694376087,0.02975262694376087,0.0,PASS,,,,ABSTAIN_UNSUPPORTED_OR_ZERO_DENOMINATOR,0.8259926488457823,0.8259926488457823,0.0,PASS,1,0.0,0.0,0.0,PASS,1,0.0,0.0,0.0,PASS,1,0.0,0.0,0.0,PASS,0,0.0,2,0,0.0,2,13
POST_IB_PRE_OB,0.3,PASS,8,3,3,0,0.0,1,1,0.125,0.125,0.4268194535072496,0.4268194535072496,0.0,PASS,0.462214817152612,0.462214817152612,0.0,PASS,0.8965932064805969,0.8965932064805969,0.0,PASS,,,,ABSTAIN_UNSUPPORTED_OR_ZERO_DENOMINATOR,0.37449547113562326,0.37449547113562326,0.0,PASS,0.4529719076296749,0.4529719076296749,0.0,PASS,0.4590757507404612,0.4590757507404612,0.0,PASS,0.5751671873802033,0.5751671873802033,0.0,PASS,,,,ABSTAIN_UNSUPPORTED_OR_ZERO_DENOMINATOR,0.896593206480597,0.896593206480597,0.0,PASS,1,0.0,0.0,0.0,PASS,1,0.0,0.0,0.0,PASS,1,0.0,0.0,0.0,PASS,0,0.0,3,0,0.0,3,13
POST_OB_PRE_TO,0.05,PASS,7,1,1,0,0.0,2,2,0.2857142857142857,0.2857142857142857,0.37874439802759474,0.37874439802759474,0.0,PASS,0.42127014331536505,0.42127014331536505,0.0,PASS,0.3787443980275947,0.3787443980275947,0.0,PASS,,,,ABSTAIN_UNSUPPORTED_OR_ZERO_DENOMINATOR,,,,ABSTAIN_UNSUPPORTED_OR_ZERO_DENOMINATOR,0.3787443980275947,0.3787443980275947,0.0,PASS,0.421270143315365,0.421270143315365,0.0,PASS,,,,ABSTAIN_UNSUPPORTED_OR_ZERO_DENOMINATOR,,,,ABSTAIN_UNSUPPORTED_OR_ZERO_DENOMINATOR,0.3787443980275947,0.3787443980275947,0.0,PASS,1,0.0,0.0,0.0,PASS,1,0.0,0.0,0.0,PASS,1,0.0,0.0,0.0,PASS,0,0.0,1,0,0.0,1,13
POST_OB_PRE_TO,0.1,PASS,7,1,1,0,0.0,2,2,0.2857142857142857,0.2857142857142857,0.37874439802759474,0.37874439802759474,0.0,PASS,0.42127014331536505,0.42127014331536505,0.0,PASS,0.3787443980275947,0.3787443980275947,0.0,PASS,,,,ABSTAIN_UNSUPPORTED_OR_ZERO_DENOMINATOR,,,,ABSTAIN_UNSUPPORTED_OR_ZERO_DENOMINATOR,0.3787443980275947,0.3787443980275947,0.0,PASS,0.421270143315365,0.421270143315365,0.0,PASS,,,,ABSTAIN_UNSUPPORTED_OR_ZERO_DENOMINATOR,,,,ABSTAIN_UNSUPPORTED_OR_ZERO_DENOMINATOR,0.3787443980275947,0.3787443980275947,0.0,PASS,1,0.0,0.0,0.0,PASS,1,0.0,0.0,0.0,PASS,1,0.0,0.0,0.0,PASS,0,0.0,1,0,0.0,1,13
POST_OB_PRE_TO,0.2,PASS,7,2,2,0,0.0,2,2,0.2857142857142857,0.2857142857142857,0.7574887960551895,0.7574887960551895,0.0,PASS,0.8425402866307301,0.8425402866307301,0.0,PASS,0.7574887960551894,0.7574887960551894,0.0,PASS,,,,ABSTAIN_UNSUPPORTED_OR_ZERO_DENOMINATOR,,,,ABSTAIN_UNSUPPORTED_OR_ZERO_DENOMINATOR,0.7574887960551894,0.7574887960551894,0.0,PASS,0.84254028663073,0.84254028663073,0.0,PASS,,,,ABSTAIN_UNSUPPORTED_OR_ZERO_DENOMINATOR,,,,ABSTAIN_UNSUPPORTED_OR_ZERO_DENOMINATOR,0.7574887960551894,0.7574887960551894,0.0,PASS,1,0.0,0.0,0.0,PASS,1,0.0,0.0,0.0,PASS,1,0.0,0.0,0.0,PASS,0,0.0,2,0,0.0,2,13
POST_OB_PRE_TO,0.3,PASS,7,3,3,0,0.0,1,1,0.14285714285714285,0.14285714285714285,0.9884406485693009,0.9884406485693009,0.0,PASS,0.9896069480298443,0.9896069480298443,0.0,PASS,0.9884406485693007,0.9884406485693007,0.0,PASS,,,,ABSTAIN_UNSUPPORTED_OR_ZERO_DENOMINATOR,,,,ABSTAIN_UNSUPPORTED_OR_ZERO_DENOMINATOR,0.9884406485693008,0.9884406485693008,0.0,PASS,0.9896069480298442,0.9896069480298442,0.0,PASS,,,,ABSTAIN_UNSUPPORTED_OR_ZERO_DENOMINATOR,,,,ABSTAIN_UNSUPPORTED_OR_ZERO_DENOMINATOR,0.9884406485693008,0.9884406485693008,0.0,PASS,1,0.0,0.0,0.0,PASS,1,0.0,0.0,0.0,PASS,1,0.0,0.0,0.0,PASS,0,0.0,3,0,0.0,3,13
PRE_IB,0.05,PASS,5,1,1,0,0.0,2,2,0.4,0.4,0.22518784608669826,0.22518784608669826,0.0,PASS,0.24232064422546187,0.24232064422546187,0.0,PASS,0.31015516107138946,0.31015516107138946,0.0,PASS,0.0,0.0,0.0,PASS,0.20466563965097875,0.20466563965097875,0.0,PASS,0.23408718508247475,0.23408718508247475,0.0,PASS,0.24535640066649855,0.24535640066649855,0.0,PASS,0.043710557502087286,0.043710557502087286,0.0,PASS,,,,ABSTAIN_UNSUPPORTED_OR_ZERO_DENOMINATOR,0.31015516107138946,0.31015516107138946,0.0,PASS,1,0.0,0.0,0.0,PASS,1,0.0,0.0,0.0,PASS,1,0.0,0.0,0.0,PASS,0,0.0,1,0,0.0,1,14
PRE_IB,0.1,PASS,5,1,1,0,0.0,2,2,0.4,0.4,0.22518784608669826,0.22518784608669826,0.0,PASS,0.24232064422546187,0.24232064422546187,0.0,PASS,0.31015516107138946,0.31015516107138946,0.0,PASS,0.0,0.0,0.0,PASS,0.20466563965097875,0.20466563965097875,0.0,PASS,0.23408718508247475,0.23408718508247475,0.0,PASS,0.24535640066649855,0.24535640066649855,0.0,PASS,0.043710557502087286,0.043710557502087286,0.0,PASS,,,,ABSTAIN_UNSUPPORTED_OR_ZERO_DENOMINATOR,0.31015516107138946,0.31015516107138946,0.0,PASS,1,0.0,0.0,0.0,PASS,1,0.0,0.0,0.0,PASS,1,0.0,0.0,0.0,PASS,0,0.0,1,0,0.0,1,14
PRE_IB,0.2,PASS,5,1,1,0,0.0,2,2,0.4,0.4,0.22518784608669826,0.22518784608669826,0.0,PASS,0.24232064422546187,0.24232064422546187,0.0,PASS,0.31015516107138946,0.31015516107138946,0.0,PASS,0.0,0.0,0.0,PASS,0.20466563965097875,0.20466563965097875,0.0,PASS,0.23408718508247475,0.23408718508247475,0.0,PASS,0.24535640066649855,0.24535640066649855,0.0,PASS,0.043710557502087286,0.043710557502087286,0.0,PASS,,,,ABSTAIN_UNSUPPORTED_OR_ZERO_DENOMINATOR,0.31015516107138946,0.31015516107138946,0.0,PASS,1,0.0,0.0,0.0,PASS,1,0.0,0.0,0.0,PASS,1,0.0,0.0,0.0,PASS,0,0.0,1,0,0.0,1,14
PRE_IB,0.3,PASS,5,2,2,0,0.0,2,2,0.4,0.4,0.4503756921733965,0.4503756921733965,0.0,PASS,0.48464128845092375,0.48464128845092375,0.0,PASS,0.6203103221427789,0.6203103221427789,0.0,PASS,0.0,0.0,0.0,PASS,0.4093312793019575,0.4093312793019575,0.0,PASS,0.4681743701649495,0.4681743701649495,0.0,PASS,0.4907128013329971,0.4907128013329971,0.0,PASS,0.08742111500417457,0.08742111500417457,0.0,PASS,,,,ABSTAIN_UNSUPPORTED_OR_ZERO_DENOMINATOR,0.6203103221427789,0.6203103221427789,0.0,PASS,1,0.0,0.0,0.0,PASS,1,0.0,0.0,0.0,PASS,1,0.0,0.0,0.0,PASS,0,0.0,2,0,0.0,2,14
POST_IB_PRE_OB,0.05,PASS,6,1,1,0,0.0,1,1,0.16666666666666666,0.16666666666666666,0.3040053847728093,0.3040053847728093,0.0,PASS,0.572139535656166,0.572139535656166,0.0,PASS,0.35100901621905606,0.35100901621905606,0.0,PASS,,,,ABSTAIN_UNSUPPORTED_OR_ZERO_DENOMINATOR,0.29438731612559704,0.29438731612559704,0.0,PASS,0.308275366636474,0.308275366636474,0.0,PASS,0.5361545326330165,0.5361545326330165,0.0,PASS,0.9292093773421064,0.9292093773421064,0.0,PASS,1.0,1.0,0.0,PASS,0.35100901621905595,0.35100901621905595,0.0,PASS,1,0.0,0.0,0.0,PASS,1,0.0,0.0,0.0,PASS,1,0.0,0.0,0.0,PASS,0,0.0,1,0,0.0,1,14
POST_IB_PRE_OB,0.1,PASS,6,1,1,0,0.0,1,1,0.16666666666666666,0.16666666666666666,0.3040053847728093,0.3040053847728093,0.0,PASS,0.572139535656166,0.572139535656166,0.0,PASS,0.35100901621905606,0.35100901621905606,0.0,PASS,,,,ABSTAIN_UNSUPPORTED_OR_ZERO_DENOMINATOR,0.29438731612559704,0.29438731612559704,0.0,PASS,0.308275366636474,0.308275366636474,0.0,PASS,0.5361545326330165,0.5361545326330165,0.0,PASS,0.9292093773421064,0.9292093773421064,0.0,PASS,1.0,1.0,0.0,PASS,0.35100901621905595,0.35100901621905595,0.0,PASS,1,0.0,0.0,0.0,PASS,1,0.0,0.0,0.0,PASS,1,0.0,0.0,0.0,PASS,0,0.0,1,0,0.0,1,14
POST_IB_PRE_OB,0.2,PASS,6,2,2,0,0.0,2,2,0.3333333333333333,0.3333333333333333,0.4801338696895954,0.4801338696895954,0.0,PASS,0.694980316912569,0.694980316912569,0.0,PASS,0.637559077777676,0.637559077777676,0.0,PASS,,,,ABSTAIN_UNSUPPORTED_OR_ZERO_DENOMINATOR,0.44792090206124563,0.44792090206124563,0.0,PASS,0.49443495160043627,0.49443495160043627,0.0,PASS,0.6708477742008608,0.6708477742008608,0.0,PASS,0.9330347681692359,0.9330347681692359,0.0,PASS,1.0,1.0,0.0,PASS,0.6375590777776758,0.6375590777776758,0.0,PASS,1,0.0,0.0,0.0,PASS,1,0.0,0.0,0.0,PASS,1,0.0,0.0,0.0,PASS,0,0.0,2,0,0.0,2,14
POST_IB_PRE_OB,0.3,PASS,6,2,2,0,0.0,2,2,0.3333333333333333,0.3333333333333333,0.4801338696895954,0.4801338696895954,0.0,PASS,0.694980316912569,0.694980316912569,0.0,PASS,0.637559077777676,0.637559077777676,0.0,PASS,,,,ABSTAIN_UNSUPPORTED_OR_ZERO_DENOMINATOR,0.44792090206124563,0.44792090206124563,0.0,PASS,0.49443495160043627,0.49443495160043627,0.0,PASS,0.6708477742008608,0.6708477742008608,0.0,PASS,0.9330347681692359,0.9330347681692359,0.0,PASS,1.0,1.0,0.0,PASS,0.6375590777776758,0.6375590777776758,0.0,PASS,1,0.0,0.0,0.0,PASS,1,0.0,0.0,0.0,PASS,1,0.0,0.0,0.0,PASS,0,0.0,2,0,0.0,2,14
POST_OB_PRE_TO,0.05,PASS,6,1,1,0,0.0,1,1,0.16666666666666666,0.16666666666666666,0.33794501003406957,0.33794501003406957,0.0,PASS,0.5753569542781435,0.5753569542781435,0.0,PASS,0.33794501003406957,0.33794501003406957,0.0,PASS,,,,ABSTAIN_UNSUPPORTED_OR_ZERO_DENOMINATOR,,,,ABSTAIN_UNSUPPORTED_OR_ZERO_DENOMINATOR,0.3379450100340696,0.3379450100340696,0.0,PASS,0.5753569542781436,0.5753569542781436,0.0,PASS,,,,ABSTAIN_UNSUPPORTED_OR_ZERO_DENOMINATOR,,,,ABSTAIN_UNSUPPORTED_OR_ZERO_DENOMINATOR,0.3379450100340696,0.3379450100340696,0.0,PASS,1,0.0,0.0,0.0,PASS,1,0.0,0.0,0.0,PASS,1,0.0,0.0,0.0,PASS,0,0.0,1,0,0.0,1,14
POST_OB_PRE_TO,0.1,PASS,6,1,1,0,0.0,1,1,0.16666666666666666,0.16666666666666666,0.33794501003406957,0.33794501003406957,0.0,PASS,0.5753569542781435,0.5753569542781435,0.0,PASS,0.33794501003406957,0.33794501003406957,0.0,PASS,,,,ABSTAIN_UNSUPPORTED_OR_ZERO_DENOMINATOR,,,,ABSTAIN_UNSUPPORTED_OR_ZERO_DENOMINATOR,0.3379450100340696,0.3379450100340696,0.0,PASS,0.5753569542781436,0.5753569542781436,0.0,PASS,,,,ABSTAIN_UNSUPPORTED_OR_ZERO_DENOMINATOR,,,,ABSTAIN_UNSUPPORTED_OR_ZERO_DENOMINATOR,0.3379450100340696,0.3379450100340696,0.0,PASS,1,0.0,0.0,0.0,PASS,1,0.0,0.0,0.0,PASS,1,0.0,0.0,0.0,PASS,0,0.0,1,0,0.0,1,14
POST_OB_PRE_TO,0.2,PASS,6,2,2,0,0.0,2,2,0.3333333333333333,0.3333333333333333,0.5863986335169863,0.5863986335169863,0.0,PASS,0.7513299013776249,0.7513299013776249,0.0,PASS,0.5863986335169864,0.5863986335169864,0.0,PASS,,,,ABSTAIN_UNSUPPORTED_OR_ZERO_DENOMINATOR,,,,ABSTAIN_UNSUPPORTED_OR_ZERO_DENOMINATOR,0.5863986335169864,0.5863986335169864,0.0,PASS,0.7513299013776249,0.7513299013776249,0.0,PASS,,,,ABSTAIN_UNSUPPORTED_OR_ZERO_DENOMINATOR,,,,ABSTAIN_UNSUPPORTED_OR_ZERO_DENOMINATOR,0.5863986335169864,0.5863986335169864,0.0,PASS,1,0.0,0.0,0.0,PASS,1,0.0,0.0,0.0,PASS,1,0.0,0.0,0.0,PASS,0,0.0,2,0,0.0,2,14
POST_OB_PRE_TO,0.3,PASS,6,2,2,0,0.0,2,2,0.3333333333333333,0.3333333333333333,0.5863986335169863,0.5863986335169863,0.0,PASS,0.7513299013776249,0.7513299013776249,0.0,PASS,0.5863986335169864,0.5863986335169864,0.0,PASS,,,,ABSTAIN_UNSUPPORTED_OR_ZERO_DENOMINATOR,,,,ABSTAIN_UNSUPPORTED_OR_ZERO_DENOMINATOR,0.5863986335169864,0.5863986335169864,0.0,PASS,0.7513299013776249,0.7513299013776249,0.0,PASS,,,,ABSTAIN_UNSUPPORTED_OR_ZERO_DENOMINATOR,,,,ABSTAIN_UNSUPPORTED_OR_ZERO_DENOMINATOR,0.5863986335169864,0.5863986335169864,0.0,PASS,1,0.0,0.0,0.0,PASS,1,0.0,0.0,0.0,PASS,1,0.0,0.0,0.0,PASS,0,0.0,2,0,0.0,2,14
PRE_IB,0.05,PASS,3,1,1,0,0.0,2,2,0.6666666666666666,0.6666666666666666,0.3461840899619691,0.3461840899619691,0.0,PASS,0.3770891617815396,0.3770891617815396,0.0,PASS,0.405390442128877,0.405390442128877,0.0,PASS,,,,ABSTAIN_UNSUPPORTED_OR_ZERO_DENOMINATOR,0.3284794980696304,0.3284794980696304,0.0,PASS,0.3532450649035218,0.3532450649035218,0.0,PASS,0.37873738359854014,0.37873738359854014,0.0,PASS,0.14513646070834738,0.14513646070834738,0.0,PASS,,,,ABSTAIN_UNSUPPORTED_OR_ZERO_DENOMINATOR,0.405390442128877,0.405390442128877,0.0,PASS,1,0.0,0.0,0.0,PASS,1,0.0,0.0,0.0,PASS,1,0.0,0.0,0.0,PASS,0,0.0,1,0,0.0,1,15
PRE_IB,0.1,PASS,3,1,1,0,0.0,2,2,0.6666666666666666,0.6666666666666666,0.3461840899619691,0.3461840899619691,0.0,PASS,0.3770891617815396,0.3770891617815396,0.0,PASS,0.405390442128877,0.405390442128877,0.0,PASS,,,,ABSTAIN_UNSUPPORTED_OR_ZERO_DENOMINATOR,0.3284794980696304,0.3284794980696304,0.0,PASS,0.3532450649035218,0.3532450649035218,0.0,PASS,0.37873738359854014,0.37873738359854014,0.0,PASS,0.14513646070834738,0.14513646070834738,0.0,PASS,,,,ABSTAIN_UNSUPPORTED_OR_ZERO_DENOMINATOR,0.405390442128877,0.405390442128877,0.0,PASS,1,0.0,0.0,0.0,PASS,1,0.0,0.0,0.0,PASS,1,0.0,0.0,0.0,PASS,0,0.0,1,0,0.0,1,15
PRE_IB,0.2,PASS,3,1,1,0,0.0,2,2,0.6666666666666666,0.6666666666666666,0.3461840899619691,0.3461840899619691,0.0,PASS,0.3770891617815396,0.3770891617815396,0.0,PASS,0.405390442128877,0.405390442128877,0.0,PASS,,,,ABSTAIN_UNSUPPORTED_OR_ZERO_DENOMINATOR,0.3284794980696304,0.3284794980696304,0.0,PASS,0.3532450649035218,0.3532450649035218,0.0,PASS,0.37873738359854014,0.37873738359854014,0.0,PASS,0.14513646070834738,0.14513646070834738,0.0,PASS,,,,ABSTAIN_UNSUPPORTED_OR_ZERO_DENOMINATOR,0.405390442128877,0.405390442128877,0.0,PASS,1,0.0,0.0,0.0,PASS,1,0.0,0.0,0.0,PASS,1,0.0,0.0,0.0,PASS,0,0.0,1,0,0.0,1,15
PRE_IB,0.3,PASS,3,1,1,0,0.0,2,2,0.6666666666666666,0.6666666666666666,0.3461840899619691,0.3461840899619691,0.0,PASS,0.3770891617815396,0.3770891617815396,0.0,PASS,0.405390442128877,0.405390442128877,0.0,PASS,,,,ABSTAIN_UNSUPPORTED_OR_ZERO_DENOMINATOR,0.3284794980696304,0.3284794980696304,0.0,PASS,0.3532450649035218,0.3532450649035218,0.0,PASS,0.37873738359854014,0.37873738359854014,0.0,PASS,0.14513646070834738,0.14513646070834738,0.0,PASS,,,,ABSTAIN_UNSUPPORTED_OR_ZERO_DENOMINATOR,0.405390442128877,0.405390442128877,0.0,PASS,1,0.0,0.0,0.0,PASS,1,0.0,0.0,0.0,PASS,1,0.0,0.0,0.0,PASS,0,0.0,1,0,0.0,1,15
POST_IB_PRE_OB,0.05,PASS,7,1,1,0,0.0,2,2,0.2857142857142857,0.2857142857142857,0.17427239666180466,0.17427239666180466,0.0,PASS,0.20709121617839396,0.20709121617839396,0.0,PASS,0.40628989446728825,0.40628989446728825,0.0,PASS,,,,ABSTAIN_UNSUPPORTED_OR_ZERO_DENOMINATOR,0.14307006400497832,0.14307006400497832,0.0,PASS,0.1893963771341489,0.1893963771341489,0.0,PASS,0.20904494903517884,0.20904494903517884,0.0,PASS,0.04531898177391408,0.04531898177391408,0.0,PASS,,,,ABSTAIN_UNSUPPORTED_OR_ZERO_DENOMINATOR,0.40628989446728825,0.40628989446728825,0.0,PASS,1,0.0,0.0,0.0,PASS,1,0.0,0.0,0.0,PASS,1,0.0,0.0,0.0,PASS,0,0.0,1,0,0.0,1,15
POST_IB_PRE_OB,0.1,PASS,7,1,1,0,0.0,2,2,0.2857142857142857,0.2857142857142857,0.17427239666180466,0.17427239666180466,0.0,PASS,0.20709121617839396,0.20709121617839396,0.0,PASS,0.40628989446728825,0.40628989446728825,0.0,PASS,,,,ABSTAIN_UNSUPPORTED_OR_ZERO_DENOMINATOR,0.14307006400497832,0.14307006400497832,0.0,PASS,0.1893963771341489,0.1893963771341489,0.0,PASS,0.20904494903517884,0.20904494903517884,0.0,PASS,0.04531898177391408,0.04531898177391408,0.0,PASS,,,,ABSTAIN_UNSUPPORTED_OR_ZERO_DENOMINATOR,0.40628989446728825,0.40628989446728825,0.0,PASS,1,0.0,0.0,0.0,PASS,1,0.0,0.0,0.0,PASS,1,0.0,0.0,0.0,PASS,0,0.0,1,0,0.0,1,15
POST_IB_PRE_OB,0.2,PASS,7,2,2,0,0.0,2,2,0.2857142857142857,0.2857142857142857,0.3485447933236093,0.3485447933236093,0.0,PASS,0.4141824323567879,0.4141824323567879,0.0,PASS,0.8125797889345765,0.8125797889345765,0.0,PASS,,,,ABSTAIN_UNSUPPORTED_OR_ZERO_DENOMINATOR,0.28614012800995664,0.28614012800995664,0.0,PASS,0.3787927542682978,0.3787927542682978,0.0,PASS,0.4180898980703577,0.4180898980703577,0.0,PASS,0.09063796354782816,0.09063796354782816,0.0,PASS,,,,ABSTAIN_UNSUPPORTED_OR_ZERO_DENOMINATOR,0.8125797889345765,0.8125797889345765,0.0,PASS,1,0.0,0.0,0.0,PASS,1,0.0,0.0,0.0,PASS,1,0.0,0.0,0.0,PASS,0,0.0,2,0,0.0,2,15
POST_IB_PRE_OB,0.3,PASS,7,3,3,0,0.0,1,1,0.14285714285714285,0.14285714285714285,0.49311327934784055,0.49311327934784055,0.0,PASS,0.6305951357351012,0.6305951357351012,0.0,PASS,0.8125797889345765,0.8125797889345765,0.0,PASS,,,,ABSTAIN_UNSUPPORTED_OR_ZERO_DENOMINATOR,0.45015057007322584,0.45015057007322584,0.0,PASS,0.5139375934545655,0.5139375934545655,0.0,PASS,0.6320534366636759,0.6320534366636759,0.0,PASS,0.5098454647499371,0.5098454647499371,0.0,PASS,,,,ABSTAIN_UNSUPPORTED_OR_ZERO_DENOMINATOR,0.8125797889345765,0.8125797889345765,0.0,PASS,1,0.0,0.0,0.0,PASS,1,0.0,0.0,0.0,PASS,1,0.0,0.0,0.0,PASS,0,0.0,3,0,0.0,3,15
POST_OB_PRE_TO,0.05,PASS,7,1,1,0,0.0,2,2,0.2857142857142857,0.2857142857142857,0.3076841691687961,0.3076841691687961,0.0,PASS,0.36725864109896483,0.36725864109896483,0.0,PASS,0.30768416916879604,0.30768416916879604,0.0,PASS,,,,ABSTAIN_UNSUPPORTED_OR_ZERO_DENOMINATOR,,,,ABSTAIN_UNSUPPORTED_OR_ZERO_DENOMINATOR,0.30768416916879604,0.30768416916879604,0.0,PASS,0.36725864109896483,0.36725864109896483,0.0,PASS,,,,ABSTAIN_UNSUPPORTED_OR_ZERO_DENOMINATOR,,,,ABSTAIN_UNSUPPORTED_OR_ZERO_DENOMINATOR,0.30768416916879604,0.30768416916879604,0.0,PASS,1,0.0,0.0,0.0,PASS,1,0.0,0.0,0.0,PASS,1,0.0,0.0,0.0,PASS,0,0.0,1,0,0.0,1,15
POST_OB_PRE_TO,0.1,PASS,7,1,1,0,0.0,2,2,0.2857142857142857,0.2857142857142857,0.3076841691687961,0.3076841691687961,0.0,PASS,0.36725864109896483,0.36725864109896483,0.0,PASS,0.30768416916879604,0.30768416916879604,0.0,PASS,,,,ABSTAIN_UNSUPPORTED_OR_ZERO_DENOMINATOR,,,,ABSTAIN_UNSUPPORTED_OR_ZERO_DENOMINATOR,0.30768416916879604,0.30768416916879604,0.0,PASS,0.36725864109896483,0.36725864109896483,0.0,PASS,,,,ABSTAIN_UNSUPPORTED_OR_ZERO_DENOMINATOR,,,,ABSTAIN_UNSUPPORTED_OR_ZERO_DENOMINATOR,0.30768416916879604,0.30768416916879604,0.0,PASS,1,0.0,0.0,0.0,PASS,1,0.0,0.0,0.0,PASS,1,0.0,0.0,0.0,PASS,0,0.0,1,0,0.0,1,15
POST_OB_PRE_TO,0.2,PASS,7,2,2,0,0.0,2,2,0.2857142857142857,0.2857142857142857,0.6153683383375922,0.6153683383375922,0.0,PASS,0.7345172821979297,0.7345172821979297,0.0,PASS,0.6153683383375921,0.6153683383375921,0.0,PASS,,,,ABSTAIN_UNSUPPORTED_OR_ZERO_DENOMINATOR,,,,ABSTAIN_UNSUPPORTED_OR_ZERO_DENOMINATOR,0.6153683383375921,0.6153683383375921,0.0,PASS,0.7345172821979297,0.7345172821979297,0.0,PASS,,,,ABSTAIN_UNSUPPORTED_OR_ZERO_DENOMINATOR,,,,ABSTAIN_UNSUPPORTED_OR_ZERO_DENOMINATOR,0.6153683383375921,0.6153683383375921,0.0,PASS,1,0.0,0.0,0.0,PASS,1,0.0,0.0,0.0,PASS,1,0.0,0.0,0.0,PASS,0,0.0,2,0,0.0,2,15
POST_OB_PRE_TO,0.3,PASS,7,3,3,0,0.0,2,2,0.2857142857142857,0.2857142857142857,0.8029888793379671,0.8029888793379671,0.0,PASS,0.8627283673494519,0.8627283673494519,0.0,PASS,0.802988879337967,0.802988879337967,0.0,PASS,,,,ABSTAIN_UNSUPPORTED_OR_ZERO_DENOMINATOR,,,,ABSTAIN_UNSUPPORTED_OR_ZERO_DENOMINATOR,0.802988879337967,0.802988879337967,0.0,PASS,0.8627283673494519,0.8627283673494519,0.0,PASS,,,,ABSTAIN_UNSUPPORTED_OR_ZERO_DENOMINATOR,,,,ABSTAIN_UNSUPPORTED_OR_ZERO_DENOMINATOR,0.802988879337967,0.802988879337967,0.0,PASS,1,0.0,0.0,0.0,PASS,1,0.0,0.0,0.0,PASS,1,0.0,0.0,0.0,PASS,0,0.0,3,0,0.0,3,15
PRE_IB,0.05,PASS,3,1,1,0,0.0,2,2,0.6666666666666666,0.6666666666666666,0.34833224835444765,0.34833224835444765,0.0,PASS,0.3463030327596609,0.3463030327596609,0.0,PASS,0.3115818337736893,0.3115818337736893,0.0,PASS,0.0,0.0,0.0,PASS,0.3526722603281362,0.3526722603281362,0.0,PASS,0.34678981040744805,0.34678981040744805,0.0,PASS,0.3380641206286182,0.3380641206286182,0.0,PASS,0.43427457910079564,0.43427457910079564,0.0,PASS,,,,ABSTAIN_UNSUPPORTED_OR_ZERO_DENOMINATOR,0.3115818337736893,0.3115818337736893,0.0,PASS,1,0.0,0.0,0.0,PASS,1,0.0,0.0,0.0,PASS,1,0.0,0.0,0.0,PASS,0,0.0,1,0,0.0,1,16
PRE_IB,0.1,PASS,3,1,1,0,0.0,2,2,0.6666666666666666,0.6666666666666666,0.34833224835444765,0.34833224835444765,0.0,PASS,0.3463030327596609,0.3463030327596609,0.0,PASS,0.3115818337736893,0.3115818337736893,0.0,PASS,0.0,0.0,0.0,PASS,0.3526722603281362,0.3526722603281362,0.0,PASS,0.34678981040744805,0.34678981040744805,0.0,PASS,0.3380641206286182,0.3380641206286182,0.0,PASS,0.43427457910079564,0.43427457910079564,0.0,PASS,,,,ABSTAIN_UNSUPPORTED_OR_ZERO_DENOMINATOR,0.3115818337736893,0.3115818337736893,0.0,PASS,1,0.0,0.0,0.0,PASS,1,0.0,0.0,0.0,PASS,1,0.0,0.0,0.0,PASS,0,0.0,1,0,0.0,1,16
PRE_IB,0.2,PASS,3,1,1,0,0.0,2,2,0.6666666666666666,0.6666666666666666,0.34833224835444765,0.34833224835444765,0.0,PASS,0.3463030327596609,0.3463030327596609,0.0,PASS,0.3115818337736893,0.3115818337736893,0.0,PASS,0.0,0.0,0.0,PASS,0.3526722603281362,0.3526722603281362,0.0,PASS,0.34678981040744805,0.34678981040744805,0.0,PASS,0.3380641206286182,0.3380641206286182,0.0,PASS,0.43427457910079564,0.43427457910079564,0.0,PASS,,,,ABSTAIN_UNSUPPORTED_OR_ZERO_DENOMINATOR,0.3115818337736893,0.3115818337736893,0.0,PASS,1,0.0,0.0,0.0,PASS,1,0.0,0.0,0.0,PASS,1,0.0,0.0,0.0,PASS,0,0.0,1,0,0.0,1,16
PRE_IB,0.3,PASS,3,1,1,0,0.0,2,2,0.6666666666666666,0.6666666666666666,0.34833224835444765,0.34833224835444765,0.0,PASS,0.3463030327596609,0.3463030327596609,0.0,PASS,0.3115818337736893,0.3115818337736893,0.0,PASS,0.0,0.0,0.0,PASS,0.3526722603281362,0.3526722603281362,0.0,PASS,0.34678981040744805,0.34678981040744805,0.0,PASS,0.3380641206286182,0.3380641206286182,0.0,PASS,0.43427457910079564,0.43427457910079564,0.0,PASS,,,,ABSTAIN_UNSUPPORTED_OR_ZERO_DENOMINATOR,0.3115818337736893,0.3115818337736893,0.0,PASS,1,0.0,0.0,0.0,PASS,1,0.0,0.0,0.0,PASS,1,0.0,0.0,0.0,PASS,0,0.0,1,0,0.0,1,16
POST_IB_PRE_OB,0.05,PASS,8,1,1,0,0.0,1,1,0.125,0.125,0.24529782309284123,0.24529782309284123,0.0,PASS,0.45519965782496846,0.45519965782496846,0.0,PASS,0.6687545456053513,0.6687545456053513,0.0,PASS,,,,ABSTAIN_UNSUPPORTED_OR_ZERO_DENOMINATOR,0.2124730472239196,0.2124730472239196,0.0,PASS,0.2624899255978345,0.2624899255978345,0.0,PASS,0.42866816039477973,0.42866816039477973,0.0,PASS,0.6915700525982376,0.6915700525982376,0.0,PASS,1.0,1.0,0.0,PASS,0.6687545456053512,0.6687545456053512,0.0,PASS,1,0.0,0.0,0.0,PASS,1,0.0,0.0,0.0,PASS,1,0.0,0.0,0.0,PASS,0,0.0,1,0,0.0,1,16
POST_IB_PRE_OB,0.1,PASS,8,1,1,0,0.0,1,1,0.125,0.125,0.24529782309284123,0.24529782309284123,0.0,PASS,0.45519965782496846,0.45519965782496846,0.0,PASS,0.6687545456053513,0.6687545456053513,0.0,PASS,,,,ABSTAIN_UNSUPPORTED_OR_ZERO_DENOMINATOR,0.2124730472239196,0.2124730472239196,0.0,PASS,0.2624899255978345,0.2624899255978345,0.0,PASS,0.42866816039477973,0.42866816039477973,0.0,PASS,0.6915700525982376,0.6915700525982376,0.0,PASS,1.0,1.0,0.0,PASS,0.6687545456053512,0.6687545456053512,0.0,PASS,1,0.0,0.0,0.0,PASS,1,0.0,0.0,0.0,PASS,1,0.0,0.0,0.0,PASS,0,0.0,1,0,0.0,1,16
POST_IB_PRE_OB,0.2,PASS,8,2,2,0,0.0,2,2,0.25,0.25,0.3660775529500273,0.3660775529500273,0.0,PASS,0.5529957782836352,0.5529957782836352,0.0,PASS,0.7620823235369263,0.7620823235369263,0.0,PASS,,,,ABSTAIN_UNSUPPORTED_OR_ZERO_DENOMINATOR,0.33538074936544215,0.33538074936544215,0.0,PASS,0.3821551217934294,0.3821551217934294,0.0,PASS,0.5263725664670298,0.5263725664670298,0.0,PASS,0.7959530619300308,0.7959530619300308,0.0,PASS,1.0,1.0,0.0,PASS,0.7620823235369262,0.7620823235369262,0.0,PASS,1,0.0,0.0,0.0,PASS,1,0.0,0.0,0.0,PASS,1,0.0,0.0,0.0,PASS,0,0.0,2,0,0.0,2,16
POST_IB_PRE_OB,0.3,PASS,8,3,3,0,0.0,2,2,0.25,0.25,0.4868572828072134,0.4868572828072134,0.0,PASS,0.6507918987423018,0.6507918987423018,0.0,PASS,0.8554101014685013,0.8554101014685013,0.0,PASS,,,,ABSTAIN_UNSUPPORTED_OR_ZERO_DENOMINATOR,0.45828845150696473,0.45828845150696473,0.0,PASS,0.5018203179890244,0.5018203179890244,0.0,PASS,0.6240769725392797,0.6240769725392797,0.0,PASS,0.9003360712618242,0.9003360712618242,0.0,PASS,1.0,1.0,0.0,PASS,0.8554101014685013,0.8554101014685013,0.0,PASS,1,0.0,0.0,0.0,PASS,1,0.0,0.0,0.0,PASS,1,0.0,0.0,0.0,PASS,0,0.0,3,0,0.0,3,16
POST_OB_PRE_TO,0.05,PASS,6,1,1,0,0.0,1,1,0.16666666666666666,0.16666666666666666,0.6717349991545571,0.6717349991545571,0.0,PASS,0.8878224042218893,0.8878224042218893,0.0,PASS,0.6717349991545571,0.6717349991545571,0.0,PASS,,,,ABSTAIN_UNSUPPORTED_OR_ZERO_DENOMINATOR,,,,ABSTAIN_UNSUPPORTED_OR_ZERO_DENOMINATOR,0.671734999154557,0.671734999154557,0.0,PASS,0.8878224042218894,0.8878224042218894,0.0,PASS,,,,ABSTAIN_UNSUPPORTED_OR_ZERO_DENOMINATOR,,,,ABSTAIN_UNSUPPORTED_OR_ZERO_DENOMINATOR,0.671734999154557,0.671734999154557,0.0,PASS,1,0.0,0.0,0.0,PASS,1,0.0,0.0,0.0,PASS,1,0.0,0.0,0.0,PASS,0,0.0,1,0,0.0,1,16
POST_OB_PRE_TO,0.1,PASS,6,1,1,0,0.0,1,1,0.16666666666666666,0.16666666666666666,0.6717349991545571,0.6717349991545571,0.0,PASS,0.8878224042218893,0.8878224042218893,0.0,PASS,0.6717349991545571,0.6717349991545571,0.0,PASS,,,,ABSTAIN_UNSUPPORTED_OR_ZERO_DENOMINATOR,,,,ABSTAIN_UNSUPPORTED_OR_ZERO_DENOMINATOR,0.671734999154557,0.671734999154557,0.0,PASS,0.8878224042218894,0.8878224042218894,0.0,PASS,,,,ABSTAIN_UNSUPPORTED_OR_ZERO_DENOMINATOR,,,,ABSTAIN_UNSUPPORTED_OR_ZERO_DENOMINATOR,0.671734999154557,0.671734999154557,0.0,PASS,1,0.0,0.0,0.0,PASS,1,0.0,0.0,0.0,PASS,1,0.0,0.0,0.0,PASS,0,0.0,1,0,0.0,1,16
POST_OB_PRE_TO,0.2,PASS,6,2,2,0,0.0,1,1,0.16666666666666666,0.16666666666666666,0.9728778141363944,0.9728778141363944,0.0,PASS,0.9826180073311809,0.9826180073311809,0.0,PASS,0.9728778141363943,0.9728778141363943,0.0,PASS,,,,ABSTAIN_UNSUPPORTED_OR_ZERO_DENOMINATOR,,,,ABSTAIN_UNSUPPORTED_OR_ZERO_DENOMINATOR,0.9728778141363943,0.9728778141363943,0.0,PASS,0.9826180073311809,0.9826180073311809,0.0,PASS,,,,ABSTAIN_UNSUPPORTED_OR_ZERO_DENOMINATOR,,,,ABSTAIN_UNSUPPORTED_OR_ZERO_DENOMINATOR,0.9728778141363943,0.9728778141363943,0.0,PASS,1,0.0,0.0,0.0,PASS,1,0.0,0.0,0.0,PASS,1,0.0,0.0,0.0,PASS,0,0.0,2,0,0.0,2,16
POST_OB_PRE_TO,0.3,PASS,6,2,2,0,0.0,1,1,0.16666666666666666,0.16666666666666666,0.9728778141363944,0.9728778141363944,0.0,PASS,0.9826180073311809,0.9826180073311809,0.0,PASS,0.9728778141363943,0.9728778141363943,0.0,PASS,,,,ABSTAIN_UNSUPPORTED_OR_ZERO_DENOMINATOR,,,,ABSTAIN_UNSUPPORTED_OR_ZERO_DENOMINATOR,0.9728778141363943,0.9728778141363943,0.0,PASS,0.9826180073311809,0.9826180073311809,0.0,PASS,,,,ABSTAIN_UNSUPPORTED_OR_ZERO_DENOMINATOR,,,,ABSTAIN_UNSUPPORTED_OR_ZERO_DENOMINATOR,0.9728778141363943,0.9728778141363943,0.0,PASS,1,0.0,0.0,0.0,PASS,1,0.0,0.0,0.0,PASS,1,0.0,0.0,0.0,PASS,0,0.0,2,0,0.0,2,16
PRE_IB,0.05,PASS,3,1,1,0,0.0,1,1,0.3333333333333333,0.3333333333333333,0.36006542957971127,0.36006542957971127,0.0,PASS,0.434068203296302,0.434068203296302,0.0,PASS,0.5171926669383872,0.5171926669383872,0.0,PASS,,,,ABSTAIN_UNSUPPORTED_OR_ZERO_DENOMINATOR,0.3237649922598798,0.3237649922598798,0.0,PASS,0.37568678835616426,0.37568678835616426,0.0,PASS,0.4384611151307449,0.4384611151307449,0.0,PASS,0.09276321809053996,0.09276321809053996,0.0,PASS,,,,ABSTAIN_UNSUPPORTED_OR_ZERO_DENOMINATOR,0.5171926669383872,0.5171926669383872,0.0,PASS,1,0.0,0.0,0.0,PASS,1,0.0,0.0,0.0,PASS,1,0.0,0.0,0.0,PASS,0,0.0,1,0,0.0,1,17
PRE_IB,0.1,PASS,3,1,1,0,0.0,1,1,0.3333333333333333,0.3333333333333333,0.36006542957971127,0.36006542957971127,0.0,PASS,0.434068203296302,0.434068203296302,0.0,PASS,0.5171926669383872,0.5171926669383872,0.0,PASS,,,,ABSTAIN_UNSUPPORTED_OR_ZERO_DENOMINATOR,0.3237649922598798,0.3237649922598798,0.0,PASS,0.37568678835616426,0.37568678835616426,0.0,PASS,0.4384611151307449,0.4384611151307449,0.0,PASS,0.09276321809053996,0.09276321809053996,0.0,PASS,,,,ABSTAIN_UNSUPPORTED_OR_ZERO_DENOMINATOR,0.5171926669383872,0.5171926669383872,0.0,PASS,1,0.0,0.0,0.0,PASS,1,0.0,0.0,0.0,PASS,1,0.0,0.0,0.0,PASS,0,0.0,1,0,0.0,1,17
PRE_IB,0.2,PASS,3,1,1,0,0.0,1,1,0.3333333333333333,0.3333333333333333,0.36006542957971127,0.36006542957971127,0.0,PASS,0.434068203296302,0.434068203296302,0.0,PASS,0.5171926669383872,0.5171926669383872,0.0,PASS,,,,ABSTAIN_UNSUPPORTED_OR_ZERO_DENOMINATOR,0.3237649922598798,0.3237649922598798,0.0,PASS,0.37568678835616426,0.37568678835616426,0.0,PASS,0.4384611151307449,0.4384611151307449,0.0,PASS,0.09276321809053996,0.09276321809053996,0.0,PASS,,,,ABSTAIN_UNSUPPORTED_OR_ZERO_DENOMINATOR,0.5171926669383872,0.5171926669383872,0.0,PASS,1,0.0,0.0,0.0,PASS,1,0.0,0.0,0.0,PASS,1,0.0,0.0,0.0,PASS,0,0.0,1,0,0.0,1,17
PRE_IB,0.3,PASS,3,1,1,0,0.0,1,1,0.3333333333333333,0.3333333333333333,0.36006542957971127,0.36006542957971127,0.0,PASS,0.434068203296302,0.434068203296302,0.0,PASS,0.5171926669383872,0.5171926669383872,0.0,PASS,,,,ABSTAIN_UNSUPPORTED_OR_ZERO_DENOMINATOR,0.3237649922598798,0.3237649922598798,0.0,PASS,0.37568678835616426,0.37568678835616426,0.0,PASS,0.4384611151307449,0.4384611151307449,0.0,PASS,0.09276321809053996,0.09276321809053996,0.0,PASS,,,,ABSTAIN_UNSUPPORTED_OR_ZERO_DENOMINATOR,0.5171926669383872,0.5171926669383872,0.0,PASS,1,0.0,0.0,0.0,PASS,1,0.0,0.0,0.0,PASS,1,0.0,0.0,0.0,PASS,0,0.0,1,0,0.0,1,17
POST_IB_PRE_OB,0.05,PASS,6,1,1,0,0.0,2,2,0.3333333333333333,0.3333333333333333,0.2552262725115491,0.2552262725115491,0.0,PASS,0.38412056592386495,0.38412056592386495,0.0,PASS,0.3163829750414861,0.3163829750414861,0.0,PASS,,,,ABSTAIN_UNSUPPORTED_OR_ZERO_DENOMINATOR,0.24373155373597416,0.24373155373597416,0.0,PASS,0.2604334427303715,0.2604334427303715,0.0,PASS,0.3703600533941768,0.3703600533941768,0.0,PASS,0.4881759881639971,0.4881759881639971,0.0,PASS,0.5,0.5,0.0,PASS,0.31638297504148605,0.31638297504148605,0.0,PASS,1,0.0,0.0,0.0,PASS,1,0.0,0.0,0.0,PASS,1,0.0,0.0,0.0,PASS,0,0.0,1,0,0.0,1,17
POST_IB_PRE_OB,0.1,PASS,6,1,1,0,0.0,2,2,0.3333333333333333,0.3333333333333333,0.2552262725115491,0.2552262725115491,0.0,PASS,0.38412056592386495,0.38412056592386495,0.0,PASS,0.3163829750414861,0.3163829750414861,0.0,PASS,,,,ABSTAIN_UNSUPPORTED_OR_ZERO_DENOMINATOR,0.24373155373597416,0.24373155373597416,0.0,PASS,0.2604334427303715,0.2604334427303715,0.0,PASS,0.3703600533941768,0.3703600533941768,0.0,PASS,0.4881759881639971,0.4881759881639971,0.0,PASS,0.5,0.5,0.0,PASS,0.31638297504148605,0.31638297504148605,0.0,PASS,1,0.0,0.0,0.0,PASS,1,0.0,0.0,0.0,PASS,1,0.0,0.0,0.0,PASS,0,0.0,1,0,0.0,1,17
POST_IB_PRE_OB,0.2,PASS,6,2,2,0,0.0,2,2,0.3333333333333333,0.3333333333333333,0.5104525450230982,0.5104525450230982,0.0,PASS,0.7682411318477299,0.7682411318477299,0.0,PASS,0.6327659500829722,0.6327659500829722,0.0,PASS,,,,ABSTAIN_UNSUPPORTED_OR_ZERO_DENOMINATOR,0.4874631074719483,0.4874631074719483,0.0,PASS,0.520866885460743,0.520866885460743,0.0,PASS,0.7407201067883536,0.7407201067883536,0.0,PASS,0.9763519763279942,0.9763519763279942,0.0,PASS,1.0,1.0,0.0,PASS,0.6327659500829721,0.6327659500829721,0.0,PASS,1,0.0,0.0,0.0,PASS,1,0.0,0.0,0.0,PASS,1,0.0,0.0,0.0,PASS,0,0.0,2,0,0.0,2,17
POST_IB_PRE_OB,0.3,PASS,6,2,2,0,0.0,2,2,0.3333333333333333,0.3333333333333333,0.5104525450230982,0.5104525450230982,0.0,PASS,0.7682411318477299,0.7682411318477299,0.0,PASS,0.6327659500829722,0.6327659500829722,0.0,PASS,,,,ABSTAIN_UNSUPPORTED_OR_ZERO_DENOMINATOR,0.4874631074719483,0.4874631074719483,0.0,PASS,0.520866885460743,0.520866885460743,0.0,PASS,0.7407201067883536,0.7407201067883536,0.0,PASS,0.9763519763279942,0.9763519763279942,0.0,PASS,1.0,1.0,0.0,PASS,0.6327659500829721,0.6327659500829721,0.0,PASS,1,0.0,0.0,0.0,PASS,1,0.0,0.0,0.0,PASS,1,0.0,0.0,0.0,PASS,0,0.0,2,0,0.0,2,17
POST_OB_PRE_TO,0.05,PASS,6,1,1,0,0.0,2,2,0.3333333333333333,0.3333333333333333,0.27534544834475866,0.27534544834475866,0.0,PASS,0.39692047531463126,0.39692047531463126,0.0,PASS,0.2753454483447586,0.2753454483447586,0.0,PASS,,,,ABSTAIN_UNSUPPORTED_OR_ZERO_DENOMINATOR,,,,ABSTAIN_UNSUPPORTED_OR_ZERO_DENOMINATOR,0.2753454483447586,0.2753454483447586,0.0,PASS,0.3969204753146312,0.3969204753146312,0.0,PASS,,,,ABSTAIN_UNSUPPORTED_OR_ZERO_DENOMINATOR,,,,ABSTAIN_UNSUPPORTED_OR_ZERO_DENOMINATOR,0.2753454483447586,0.2753454483447586,0.0,PASS,1,0.0,0.0,0.0,PASS,1,0.0,0.0,0.0,PASS,1,0.0,0.0,0.0,PASS,0,0.0,1,0,0.0,1,17
POST_OB_PRE_TO,0.1,PASS,6,1,1,0,0.0,2,2,0.3333333333333333,0.3333333333333333,0.27534544834475866,0.27534544834475866,0.0,PASS,0.39692047531463126,0.39692047531463126,0.0,PASS,0.2753454483447586,0.2753454483447586,0.0,PASS,,,,ABSTAIN_UNSUPPORTED_OR_ZERO_DENOMINATOR,,,,ABSTAIN_UNSUPPORTED_OR_ZERO_DENOMINATOR,0.2753454483447586,0.2753454483447586,0.0,PASS,0.3969204753146312,0.3969204753146312,0.0,PASS,,,,ABSTAIN_UNSUPPORTED_OR_ZERO_DENOMINATOR,,,,ABSTAIN_UNSUPPORTED_OR_ZERO_DENOMINATOR,0.2753454483447586,0.2753454483447586,0.0,PASS,1,0.0,0.0,0.0,PASS,1,0.0,0.0,0.0,PASS,1,0.0,0.0,0.0,PASS,0,0.0,1,0,0.0,1,17
POST_OB_PRE_TO,0.2,PASS,6,2,2,0,0.0,2,2,0.3333333333333333,0.3333333333333333,0.5506908966895173,0.5506908966895173,0.0,PASS,0.7938409506292625,0.7938409506292625,0.0,PASS,0.5506908966895172,0.5506908966895172,0.0,PASS,,,,ABSTAIN_UNSUPPORTED_OR_ZERO_DENOMINATOR,,,,ABSTAIN_UNSUPPORTED_OR_ZERO_DENOMINATOR,0.5506908966895172,0.5506908966895172,0.0,PASS,0.7938409506292624,0.7938409506292624,0.0,PASS,,,,ABSTAIN_UNSUPPORTED_OR_ZERO_DENOMINATOR,,,,ABSTAIN_UNSUPPORTED_OR_ZERO_DENOMINATOR,0.5506908966895172,0.5506908966895172,0.0,PASS,1,0.0,0.0,0.0,PASS,1,0.0,0.0,0.0,PASS,1,0.0,0.0,0.0,PASS,0,0.0,2,0,0.0,2,17
POST_OB_PRE_TO,0.3,PASS,6,2,2,0,0.0,2,2,0.3333333333333333,0.3333333333333333,0.5506908966895173,0.5506908966895173,0.0,PASS,0.7938409506292625,0.7938409506292625,0.0,PASS,0.5506908966895172,0.5506908966895172,0.0,PASS,,,,ABSTAIN_UNSUPPORTED_OR_ZERO_DENOMINATOR,,,,ABSTAIN_UNSUPPORTED_OR_ZERO_DENOMINATOR,0.5506908966895172,0.5506908966895172,0.0,PASS,0.7938409506292624,0.7938409506292624,0.0,PASS,,,,ABSTAIN_UNSUPPORTED_OR_ZERO_DENOMINATOR,,,,ABSTAIN_UNSUPPORTED_OR_ZERO_DENOMINATOR,0.5506908966895172,0.5506908966895172,0.0,PASS,1,0.0,0.0,0.0,PASS,1,0.0,0.0,0.0,PASS,1,0.0,0.0,0.0,PASS,0,0.0,2,0,0.0,2,17
PRE_IB,0.05,PASS,5,1,1,0,0.0,1,1,0.2,0.2,0.2514175788709185,0.2514175788709185,0.0,PASS,0.23668653491351563,0.23668653491351563,0.0,PASS,0.4369761093292609,0.4369761093292609,0.0,PASS,0.0,0.0,0.0,PASS,0.21770360237198672,0.21770360237198672,0.0,PASS,0.2672625573996875,0.2672625573996875,0.0,PASS,0.24629395564328355,0.24629395564328355,0.0,PASS,0.01544434420075728,0.01544434420075728,0.0,PASS,,,,ABSTAIN_UNSUPPORTED_OR_ZERO_DENOMINATOR,0.43697610932926084,0.43697610932926084,0.0,PASS,1,0.0,0.0,0.0,PASS,1,0.0,0.0,0.0,PASS,1,0.0,0.0,0.0,PASS,0,0.0,1,0,0.0,1,18
PRE_IB,0.1,PASS,5,1,1,0,0.0,1,1,0.2,0.2,0.2514175788709185,0.2514175788709185,0.0,PASS,0.23668653491351563,0.23668653491351563,0.0,PASS,0.4369761093292609,0.4369761093292609,0.0,PASS,0.0,0.0,0.0,PASS,0.21770360237198672,0.21770360237198672,0.0,PASS,0.2672625573996875,0.2672625573996875,0.0,PASS,0.24629395564328355,0.24629395564328355,0.0,PASS,0.01544434420075728,0.01544434420075728,0.0,PASS,,,,ABSTAIN_UNSUPPORTED_OR_ZERO_DENOMINATOR,0.43697610932926084,0.43697610932926084,0.0,PASS,1,0.0,0.0,0.0,PASS,1,0.0,0.0,0.0,PASS,1,0.0,0.0,0.0,PASS,0,0.0,1,0,0.0,1,18
PRE_IB,0.2,PASS,5,1,1,0,0.0,1,1,0.2,0.2,0.2514175788709185,0.2514175788709185,0.0,PASS,0.23668653491351563,0.23668653491351563,0.0,PASS,0.4369761093292609,0.4369761093292609,0.0,PASS,0.0,0.0,0.0,PASS,0.21770360237198672,0.21770360237198672,0.0,PASS,0.2672625573996875,0.2672625573996875,0.0,PASS,0.24629395564328355,0.24629395564328355,0.0,PASS,0.01544434420075728,0.01544434420075728,0.0,PASS,,,,ABSTAIN_UNSUPPORTED_OR_ZERO_DENOMINATOR,0.43697610932926084,0.43697610932926084,0.0,PASS,1,0.0,0.0,0.0,PASS,1,0.0,0.0,0.0,PASS,1,0.0,0.0,0.0,PASS,0,0.0,1,0,0.0,1,18
PRE_IB,0.3,PASS,5,2,2,0,0.0,1,1,0.2,0.2,0.4748364176617893,0.4748364176617893,0.0,PASS,0.390980762113271,0.390980762113271,0.0,PASS,0.6409380788654933,0.6409380788654933,0.0,PASS,0.0,0.0,0.0,PASS,0.4450580118272604,0.4450580118272604,0.0,PASS,0.4893299160795448,0.4893299160795448,0.0,PASS,0.404008777356409,0.404008777356409,0.0,PASS,0.09096822866604828,0.09096822866604828,0.0,PASS,,,,ABSTAIN_UNSUPPORTED_OR_ZERO_DENOMINATOR,0.6409380788654931,0.6409380788654931,0.0,PASS,1,0.0,0.0,0.0,PASS,1,0.0,0.0,0.0,PASS,1,0.0,0.0,0.0,PASS,0,0.0,2,0,0.0,2,18
POST_IB_PRE_OB,0.05,PASS,7,1,1,0,0.0,1,1,0.14285714285714285,0.14285714285714285,0.28231666637336944,0.28231666637336944,0.0,PASS,0.4957568243103453,0.4957568243103453,0.0,PASS,0.4931316589764542,0.4931316589764542,0.0,PASS,,,,ABSTAIN_UNSUPPORTED_OR_ZERO_DENOMINATOR,0.2556515948524704,0.2556515948524704,0.0,PASS,0.2953781037914616,0.2953781037914616,0.0,PASS,0.46626344281801446,0.46626344281801446,0.0,PASS,0.767077261622936,0.767077261622936,0.0,PASS,1.0,1.0,0.0,PASS,0.4931316589764542,0.4931316589764542,0.0,PASS,1,0.0,0.0,0.0,PASS,1,0.0,0.0,0.0,PASS,1,0.0,0.0,0.0,PASS,0,0.0,1,0,0.0,1,18
POST_IB_PRE_OB,0.1,PASS,7,1,1,0,0.0,1,1,0.14285714285714285,0.14285714285714285,0.28231666637336944,0.28231666637336944,0.0,PASS,0.4957568243103453,0.4957568243103453,0.0,PASS,0.4931316589764542,0.4931316589764542,0.0,PASS,,,,ABSTAIN_UNSUPPORTED_OR_ZERO_DENOMINATOR,0.2556515948524704,0.2556515948524704,0.0,PASS,0.2953781037914616,0.2953781037914616,0.0,PASS,0.46626344281801446,0.46626344281801446,0.0,PASS,0.767077261622936,0.767077261622936,0.0,PASS,1.0,1.0,0.0,PASS,0.4931316589764542,0.4931316589764542,0.0,PASS,1,0.0,0.0,0.0,PASS,1,0.0,0.0,0.0,PASS,1,0.0,0.0,0.0,PASS,0,0.0,1,0,0.0,1,18
POST_IB_PRE_OB,0.2,PASS,7,2,2,0,0.0,1,1,0.14285714285714285,0.14285714285714285,0.445879580735098,0.445879580735098,0.0,PASS,0.6021979139680161,0.6021979139680161,0.0,PASS,0.8957050992781164,0.8957050992781164,0.0,PASS,,,,ABSTAIN_UNSUPPORTED_OR_ZERO_DENOMINATOR,0.3889831073117957,0.3889831073117957,0.0,PASS,0.4737493626085933,0.4737493626085933,0.0,PASS,0.5833985796400849,0.5833985796400849,0.0,PASS,0.7702351831763166,0.7702351831763166,0.0,PASS,1.0,1.0,0.0,PASS,0.8957050992781165,0.8957050992781165,0.0,PASS,1,0.0,0.0,0.0,PASS,1,0.0,0.0,0.0,PASS,1,0.0,0.0,0.0,PASS,0,0.0,2,0,0.0,2,18
POST_IB_PRE_OB,0.3,PASS,7,3,3,0,0.0,1,1,0.14285714285714285,0.14285714285714285,0.5848866467939408,0.5848866467939408,0.0,PASS,0.7087074274859352,0.7087074274859352,0.0,PASS,0.9645238942491833,0.9645238942491833,0.0,PASS,,,,ABSTAIN_UNSUPPORTED_OR_ZERO_DENOMINATOR,0.5368679825120761,0.5368679825120761,0.0,PASS,0.6084077829711448,0.6084077829711448,0.0,PASS,0.6896719093685677,0.6896719093685677,0.0,PASS,0.8860149695585784,0.8860149695585784,0.0,PASS,1.0,1.0,0.0,PASS,0.9645238942491834,0.9645238942491834,0.0,PASS,1,0.0,0.0,0.0,PASS,1,0.0,0.0,0.0,PASS,1,0.0,0.0,0.0,PASS,0,0.0,3,0,0.0,3,18
POST_OB_PRE_TO,0.05,PASS,6,1,1,0,0.0,1,1,0.16666666666666666,0.16666666666666666,0.5541016312687574,0.5541016312687574,0.0,PASS,0.7455822052568642,0.7455822052568642,0.0,PASS,0.5541016312687574,0.5541016312687574,0.0,PASS,,,,ABSTAIN_UNSUPPORTED_OR_ZERO_DENOMINATOR,,,,ABSTAIN_UNSUPPORTED_OR_ZERO_DENOMINATOR,0.5541016312687574,0.5541016312687574,0.0,PASS,0.7455822052568642,0.7455822052568642,0.0,PASS,,,,ABSTAIN_UNSUPPORTED_OR_ZERO_DENOMINATOR,,,,ABSTAIN_UNSUPPORTED_OR_ZERO_DENOMINATOR,0.5541016312687574,0.5541016312687574,0.0,PASS,1,0.0,0.0,0.0,PASS,1,0.0,0.0,0.0,PASS,1,0.0,0.0,0.0,PASS,0,0.0,1,0,0.0,1,18
POST_OB_PRE_TO,0.1,PASS,6,1,1,0,0.0,1,1,0.16666666666666666,0.16666666666666666,0.5541016312687574,0.5541016312687574,0.0,PASS,0.7455822052568642,0.7455822052568642,0.0,PASS,0.5541016312687574,0.5541016312687574,0.0,PASS,,,,ABSTAIN_UNSUPPORTED_OR_ZERO_DENOMINATOR,,,,ABSTAIN_UNSUPPORTED_OR_ZERO_DENOMINATOR,0.5541016312687574,0.5541016312687574,0.0,PASS,0.7455822052568642,0.7455822052568642,0.0,PASS,,,,ABSTAIN_UNSUPPORTED_OR_ZERO_DENOMINATOR,,,,ABSTAIN_UNSUPPORTED_OR_ZERO_DENOMINATOR,0.5541016312687574,0.5541016312687574,0.0,PASS,1,0.0,0.0,0.0,PASS,1,0.0,0.0,0.0,PASS,1,0.0,0.0,0.0,PASS,0,0.0,1,0,0.0,1,18
POST_OB_PRE_TO,0.2,PASS,6,2,2,0,0.0,1,1,0.16666666666666666,0.16666666666666666,0.9614713333769168,0.9614713333769168,0.0,PASS,0.9736185520645436,0.9736185520645436,0.0,PASS,0.9614713333769168,0.9614713333769168,0.0,PASS,,,,ABSTAIN_UNSUPPORTED_OR_ZERO_DENOMINATOR,,,,ABSTAIN_UNSUPPORTED_OR_ZERO_DENOMINATOR,0.9614713333769168,0.9614713333769168,0.0,PASS,0.9736185520645436,0.9736185520645436,0.0,PASS,,,,ABSTAIN_UNSUPPORTED_OR_ZERO_DENOMINATOR,,,,ABSTAIN_UNSUPPORTED_OR_ZERO_DENOMINATOR,0.9614713333769168,0.9614713333769168,0.0,PASS,1,0.0,0.0,0.0,PASS,1,0.0,0.0,0.0,PASS,1,0.0,0.0,0.0,PASS,0,0.0,2,0,0.0,2,18
POST_OB_PRE_TO,0.3,PASS,6,2,2,0,0.0,1,1,0.16666666666666666,0.16666666666666666,0.9614713333769168,0.9614713333769168,0.0,PASS,0.9736185520645436,0.9736185520645436,0.0,PASS,0.9614713333769168,0.9614713333769168,0.0,PASS,,,,ABSTAIN_UNSUPPORTED_OR_ZERO_DENOMINATOR,,,,ABSTAIN_UNSUPPORTED_OR_ZERO_DENOMINATOR,0.9614713333769168,0.9614713333769168,0.0,PASS,0.9736185520645436,0.9736185520645436,0.0,PASS,,,,ABSTAIN_UNSUPPORTED_OR_ZERO_DENOMINATOR,,,,ABSTAIN_UNSUPPORTED_OR_ZERO_DENOMINATOR,0.9614713333769168,0.9614713333769168,0.0,PASS,1,0.0,0.0,0.0,PASS,1,0.0,0.0,0.0,PASS,1,0.0,0.0,0.0,PASS,0,0.0,2,0,0.0,2,18
PRE_IB,0.05,PASS,6,1,1,0,0.0,4,4,0.6666666666666666,0.6666666666666666,0.18204265882278373,0.18204265882278373,0.0,PASS,0.15325933030748434,0.15325933030748434,0.0,PASS,0.19063899044075522,0.19063899044075522,0.0,PASS,0.0,0.0,0.0,PASS,0.18092922984947854,0.18092922984947854,0.0,PASS,0.1828626409541578,0.1828626409541578,0.0,PASS,0.1542493674888202,0.1542493674888202,0.0,PASS,0.11711183375587679,0.11711183375587679,0.0,PASS,,,,ABSTAIN_UNSUPPORTED_OR_ZERO_DENOMINATOR,0.19063899044075522,0.19063899044075522,0.0,PASS,1,0.0,0.0,0.0,PASS,1,0.0,0.0,0.0,PASS,1,0.0,0.0,0.0,PASS,0,0.0,1,0,0.0,1,19
PRE_IB,0.1,PASS,6,1,1,0,0.0,4,4,0.6666666666666666,0.6666666666666666,0.18204265882278373,0.18204265882278373,0.0,PASS,0.15325933030748434,0.15325933030748434,0.0,PASS,0.19063899044075522,0.19063899044075522,0.0,PASS,0.0,0.0,0.0,PASS,0.18092922984947854,0.18092922984947854,0.0,PASS,0.1828626409541578,0.1828626409541578,0.0,PASS,0.1542493674888202,0.1542493674888202,0.0,PASS,0.11711183375587679,0.11711183375587679,0.0,PASS,,,,ABSTAIN_UNSUPPORTED_OR_ZERO_DENOMINATOR,0.19063899044075522,0.19063899044075522,0.0,PASS,1,0.0,0.0,0.0,PASS,1,0.0,0.0,0.0,PASS,1,0.0,0.0,0.0,PASS,0,0.0,1,0,0.0,1,19
PRE_IB,0.2,PASS,6,2,2,0,0.0,4,4,0.6666666666666666,0.6666666666666666,0.36408531764556745,0.36408531764556745,0.0,PASS,0.3065186606149687,0.3065186606149687,0.0,PASS,0.38127798088151044,0.38127798088151044,0.0,PASS,0.0,0.0,0.0,PASS,0.3618584596989571,0.3618584596989571,0.0,PASS,0.3657252819083156,0.3657252819083156,0.0,PASS,0.3084987349776404,0.3084987349776404,0.0,PASS,0.23422366751175358,0.23422366751175358,0.0,PASS,,,,ABSTAIN_UNSUPPORTED_OR_ZERO_DENOMINATOR,0.38127798088151044,0.38127798088151044,0.0,PASS,1,0.0,0.0,0.0,PASS,1,0.0,0.0,0.0,PASS,1,0.0,0.0,0.0,PASS,0,0.0,2,0,0.0,2,19
PRE_IB,0.3,PASS,6,2,2,0,0.0,4,4,0.6666666666666666,0.6666666666666666,0.36408531764556745,0.36408531764556745,0.0,PASS,0.3065186606149687,0.3065186606149687,0.0,PASS,0.38127798088151044,0.38127798088151044,0.0,PASS,0.0,0.0,0.0,PASS,0.3618584596989571,0.3618584596989571,0.0,PASS,0.3657252819083156,0.3657252819083156,0.0,PASS,0.3084987349776404,0.3084987349776404,0.0,PASS,0.23422366751175358,0.23422366751175358,0.0,PASS,,,,ABSTAIN_UNSUPPORTED_OR_ZERO_DENOMINATOR,0.38127798088151044,0.38127798088151044,0.0,PASS,1,0.0,0.0,0.0,PASS,1,0.0,0.0,0.0,PASS,1,0.0,0.0,0.0,PASS,0,0.0,2,0,0.0,2,19
POST_IB_PRE_OB,0.05,PASS,4,1,1,0,0.0,1,1,0.25,0.25,0.3234379022940798,0.3234379022940798,0.0,PASS,0.4004034969722072,0.4004034969722072,0.0,PASS,0.0,0.0,0.0,PASS,,,,ABSTAIN_UNSUPPORTED_OR_ZERO_DENOMINATOR,0.333473931008987,0.333473931008987,0.0,PASS,0.3178116284251545,0.3178116284251545,0.0,PASS,0.40417126647039986,0.40417126647039986,0.0,PASS,0.2872386953287241,0.2872386953287241,0.0,PASS,,,,ABSTAIN_UNSUPPORTED_OR_ZERO_DENOMINATOR,0.0,0.0,0.0,PASS,1,0.0,0.0,0.0,PASS,1,0.0,0.0,0.0,PASS,1,0.0,0.0,0.0,PASS,0,0.0,1,0,0.0,1,19
POST_IB_PRE_OB,0.1,PASS,4,1,1,0,0.0,1,1,0.25,0.25,0.3234379022940798,0.3234379022940798,0.0,PASS,0.4004034969722072,0.4004034969722072,0.0,PASS,0.0,0.0,0.0,PASS,,,,ABSTAIN_UNSUPPORTED_OR_ZERO_DENOMINATOR,0.333473931008987,0.333473931008987,0.0,PASS,0.3178116284251545,0.3178116284251545,0.0,PASS,0.40417126647039986,0.40417126647039986,0.0,PASS,0.2872386953287241,0.2872386953287241,0.0,PASS,,,,ABSTAIN_UNSUPPORTED_OR_ZERO_DENOMINATOR,0.0,0.0,0.0,PASS,1,0.0,0.0,0.0,PASS,1,0.0,0.0,0.0,PASS,1,0.0,0.0,0.0,PASS,0,0.0,1,0,0.0,1,19
POST_IB_PRE_OB,0.2,PASS,4,1,1,0,0.0,1,1,0.25,0.25,0.3234379022940798,0.3234379022940798,0.0,PASS,0.4004034969722072,0.4004034969722072,0.0,PASS,0.0,0.0,0.0,PASS,,,,ABSTAIN_UNSUPPORTED_OR_ZERO_DENOMINATOR,0.333473931008987,0.333473931008987,0.0,PASS,0.3178116284251545,0.3178116284251545,0.0,PASS,0.40417126647039986,0.40417126647039986,0.0,PASS,0.2872386953287241,0.2872386953287241,0.0,PASS,,,,ABSTAIN_UNSUPPORTED_OR_ZERO_DENOMINATOR,0.0,0.0,0.0,PASS,1,0.0,0.0,0.0,PASS,1,0.0,0.0,0.0,PASS,1,0.0,0.0,0.0,PASS,0,0.0,1,0,0.0,1,19
POST_IB_PRE_OB,0.3,PASS,4,2,2,0,0.0,1,1,0.25,0.25,0.6121841733082101,0.6121841733082101,0.0,PASS,0.5469859649131192,0.5469859649131192,0.0,PASS,0.7551426147045066,0.7551426147045066,0.0,PASS,,,,ABSTAIN_UNSUPPORTED_OR_ZERO_DENOMINATOR,0.607748283102655,0.607748283102655,0.0,PASS,0.6146709670249186,0.6146709670249186,0.0,PASS,0.5548501498654177,0.5548501498654177,0.0,PASS,0.3107854938807455,0.3107854938807455,0.0,PASS,,,,ABSTAIN_UNSUPPORTED_OR_ZERO_DENOMINATOR,0.7551426147045067,0.7551426147045067,0.0,PASS,1,0.0,0.0,0.0,PASS,1,0.0,0.0,0.0,PASS,1,0.0,0.0,0.0,PASS,0,0.0,2,0,0.0,2,19
POST_OB_PRE_TO,0.05,PASS,4,1,1,0,0.0,1,1,0.25,0.25,0.8848950783227241,0.8848950783227241,0.0,PASS,0.7715711652596595,0.7715711652596595,0.0,PASS,0.884895078322724,0.884895078322724,0.0,PASS,,,,ABSTAIN_UNSUPPORTED_OR_ZERO_DENOMINATOR,,,,ABSTAIN_UNSUPPORTED_OR_ZERO_DENOMINATOR,0.8848950783227241,0.8848950783227241,0.0,PASS,0.7715711652596595,0.7715711652596595,0.0,PASS,,,,ABSTAIN_UNSUPPORTED_OR_ZERO_DENOMINATOR,,,,ABSTAIN_UNSUPPORTED_OR_ZERO_DENOMINATOR,0.8848950783227241,0.8848950783227241,0.0,PASS,1,0.0,0.0,0.0,PASS,1,0.0,0.0,0.0,PASS,1,0.0,0.0,0.0,PASS,0,0.0,1,0,0.0,1,19
POST_OB_PRE_TO,0.1,PASS,4,1,1,0,0.0,1,1,0.25,0.25,0.8848950783227241,0.8848950783227241,0.0,PASS,0.7715711652596595,0.7715711652596595,0.0,PASS,0.884895078322724,0.884895078322724,0.0,PASS,,,,ABSTAIN_UNSUPPORTED_OR_ZERO_DENOMINATOR,,,,ABSTAIN_UNSUPPORTED_OR_ZERO_DENOMINATOR,0.8848950783227241,0.8848950783227241,0.0,PASS,0.7715711652596595,0.7715711652596595,0.0,PASS,,,,ABSTAIN_UNSUPPORTED_OR_ZERO_DENOMINATOR,,,,ABSTAIN_UNSUPPORTED_OR_ZERO_DENOMINATOR,0.8848950783227241,0.8848950783227241,0.0,PASS,1,0.0,0.0,0.0,PASS,1,0.0,0.0,0.0,PASS,1,0.0,0.0,0.0,PASS,0,0.0,1,0,0.0,1,19
POST_OB_PRE_TO,0.2,PASS,4,1,1,0,0.0,1,1,0.25,0.25,0.8848950783227241,0.8848950783227241,0.0,PASS,0.7715711652596595,0.7715711652596595,0.0,PASS,0.884895078322724,0.884895078322724,0.0,PASS,,,,ABSTAIN_UNSUPPORTED_OR_ZERO_DENOMINATOR,,,,ABSTAIN_UNSUPPORTED_OR_ZERO_DENOMINATOR,0.8848950783227241,0.8848950783227241,0.0,PASS,0.7715711652596595,0.7715711652596595,0.0,PASS,,,,ABSTAIN_UNSUPPORTED_OR_ZERO_DENOMINATOR,,,,ABSTAIN_UNSUPPORTED_OR_ZERO_DENOMINATOR,0.8848950783227241,0.8848950783227241,0.0,PASS,1,0.0,0.0,0.0,PASS,1,0.0,0.0,0.0,PASS,1,0.0,0.0,0.0,PASS,0,0.0,1,0,0.0,1,19
POST_OB_PRE_TO,0.3,PASS,4,2,2,0,0.0,2,2,0.5,0.5,0.942447539161362,0.942447539161362,0.0,PASS,0.8857855826298298,0.8857855826298298,0.0,PASS,0.942447539161362,0.942447539161362,0.0,PASS,,,,ABSTAIN_UNSUPPORTED_OR_ZERO_DENOMINATOR,,,,ABSTAIN_UNSUPPORTED_OR_ZERO_DENOMINATOR,0.942447539161362,0.942447539161362,0.0,PASS,0.8857855826298298,0.8857855826298298,0.0,PASS,,,,ABSTAIN_UNSUPPORTED_OR_ZERO_DENOMINATOR,,,,ABSTAIN_UNSUPPORTED_OR_ZERO_DENOMINATOR,0.942447539161362,0.942447539161362,0.0,PASS,1,0.0,0.0,0.0,PASS,1,0.0,0.0,0.0,PASS,1,0.0,0.0,0.0,PASS,0,0.0,2,0,0.0,2,19
