required_hour,used_by_anchor_dates,context_role,expected_source_path,exists,readable,hash_valid,cache_available,download_required,validation_status,schema_valid,inventory_sha256,actual_sha256,download_priority
2022-11-06T18:00:00Z,2022-11-07,PRE_CONTEXT,data/raw/opensky/state_vectors/2022/date=2022-11-06/hour=18/states_2022-11-06-18.csv.tar,False,False,False,False,True,RAW_MISSING,False,,,1
2022-11-06T19:00:00Z,2022-11-07,PRE_CONTEXT,data/raw/opensky/state_vectors/2022/date=2022-11-06/hour=19/states_2022-11-06-19.csv.tar,False,False,False,False,True,RAW_MISSING,False,,,1
2022-11-06T20:00:00Z,2022-11-07,PRE_CONTEXT,data/raw/opensky/state_vectors/2022/date=2022-11-06/hour=20/states_2022-11-06-20.csv.tar,False,False,False,False,True,RAW_MISSING,False,,,1
2022-11-06T21:00:00Z,2022-11-07,PRE_CONTEXT,data/raw/opensky/state_vectors/2022/date=2022-11-06/hour=21/states_2022-11-06-21.csv.tar,False,False,False,False,True,RAW_MISSING,False,,,1
2022-11-06T22:00:00Z,2022-11-07,PRE_CONTEXT,data/raw/opensky/state_vectors/2022/date=2022-11-06/hour=22/states_2022-11-06-22.csv.tar,False,False,False,False,True,RAW_MISSING,False,,,1
2022-11-06T23:00:00Z,2022-11-07,PRE_CONTEXT,data/raw/opensky/state_vectors/2022/date=2022-11-06/hour=23/states_2022-11-06-23.csv.tar,False,False,False,False,True,RAW_MISSING,False,,,1
2022-11-07T00:00:00Z,2022-11-07,ANCHOR_DAY,data/raw/opensky/state_vectors/2022/date=2022-11-07/hour=00/states_2022-11-07-00.csv.tar,False,False,False,False,True,RAW_MISSING,False,,,1
2022-11-07T01:00:00Z,2022-11-07,ANCHOR_DAY,data/raw/opensky/state_vectors/2022/date=2022-11-07/hour=01/states_2022-11-07-01.csv.tar,False,False,False,False,True,RAW_MISSING,False,,,1
2022-11-07T02:00:00Z,2022-11-07,ANCHOR_DAY,data/raw/opensky/state_vectors/2022/date=2022-11-07/hour=02/states_2022-11-07-02.csv.tar,False,False,False,False,True,RAW_MISSING,False,,,1
2022-11-07T03:00:00Z,2022-11-07,ANCHOR_DAY,data/raw/opensky/state_vectors/2022/date=2022-11-07/hour=03/states_2022-11-07-03.csv.tar,False,False,False,False,True,RAW_MISSING,False,,,1
2022-11-07T04:00:00Z,2022-11-07,ANCHOR_DAY,data/raw/opensky/state_vectors/2022/date=2022-11-07/hour=04/states_2022-11-07-04.csv.tar,False,False,False,False,True,RAW_MISSING,False,,,1
2022-11-07T05:00:00Z,2022-11-07,ANCHOR_DAY,data/raw/opensky/state_vectors/2022/date=2022-11-07/hour=05/states_2022-11-07-05.csv.tar,False,False,False,False,True,RAW_MISSING,False,,,1
2022-11-07T06:00:00Z,2022-11-07,ANCHOR_DAY,data/raw/opensky/state_vectors/2022/date=2022-11-07/hour=06/states_2022-11-07-06.csv.tar,False,False,False,False,True,RAW_MISSING,False,,,1
2022-11-07T07:00:00Z,2022-11-07,ANCHOR_DAY,data/raw/opensky/state_vectors/2022/date=2022-11-07/hour=07/states_2022-11-07-07.csv.tar,False,False,False,False,True,RAW_MISSING,False,,,1
2022-11-07T08:00:00Z,2022-11-07,ANCHOR_DAY,data/raw/opensky/state_vectors/2022/date=2022-11-07/hour=08/states_2022-11-07-08.csv.tar,False,False,False,False,True,RAW_MISSING,False,,,1
2022-11-07T09:00:00Z,2022-11-07,ANCHOR_DAY,data/raw/opensky/state_vectors/2022/date=2022-11-07/hour=09/states_2022-11-07-09.csv.tar,False,False,False,False,True,RAW_MISSING,False,,,1
2022-11-07T10:00:00Z,2022-11-07,ANCHOR_DAY,data/raw/opensky/state_vectors/2022/date=2022-11-07/hour=10/states_2022-11-07-10.csv.tar,False,False,False,False,True,RAW_MISSING,False,,,1
2022-11-07T11:00:00Z,2022-11-07,ANCHOR_DAY,data/raw/opensky/state_vectors/2022/date=2022-11-07/hour=11/states_2022-11-07-11.csv.tar,False,False,False,False,True,RAW_MISSING,False,,,1
2022-11-07T12:00:00Z,2022-11-07,ANCHOR_DAY,data/raw/opensky/state_vectors/2022/date=2022-11-07/hour=12/states_2022-11-07-12.csv.tar,False,False,False,False,True,RAW_MISSING,False,,,1
2022-11-07T13:00:00Z,2022-11-07,ANCHOR_DAY,data/raw/opensky/state_vectors/2022/date=2022-11-07/hour=13/states_2022-11-07-13.csv.tar,False,False,False,False,True,RAW_MISSING,False,,,1
2022-11-07T14:00:00Z,2022-11-07,ANCHOR_DAY,data/raw/opensky/state_vectors/2022/date=2022-11-07/hour=14/states_2022-11-07-14.csv.tar,False,False,False,False,True,RAW_MISSING,False,,,1
2022-11-07T15:00:00Z,2022-11-07,ANCHOR_DAY,data/raw/opensky/state_vectors/2022/date=2022-11-07/hour=15/states_2022-11-07-15.csv.tar,False,False,False,False,True,RAW_MISSING,False,,,1
2022-11-07T16:00:00Z,2022-11-07,ANCHOR_DAY,data/raw/opensky/state_vectors/2022/date=2022-11-07/hour=16/states_2022-11-07-16.csv.tar,False,False,False,False,True,RAW_MISSING,False,,,1
2022-11-07T17:00:00Z,2022-11-07,ANCHOR_DAY,data/raw/opensky/state_vectors/2022/date=2022-11-07/hour=17/states_2022-11-07-17.csv.tar,False,False,False,False,True,RAW_MISSING,False,,,1
2022-11-07T18:00:00Z,2022-11-07,ANCHOR_DAY,data/raw/opensky/state_vectors/2022/date=2022-11-07/hour=18/states_2022-11-07-18.csv.tar,False,False,False,False,True,RAW_MISSING,False,,,1
2022-11-07T19:00:00Z,2022-11-07,ANCHOR_DAY,data/raw/opensky/state_vectors/2022/date=2022-11-07/hour=19/states_2022-11-07-19.csv.tar,False,False,False,False,True,RAW_MISSING,False,,,1
2022-11-07T20:00:00Z,2022-11-07,ANCHOR_DAY,data/raw/opensky/state_vectors/2022/date=2022-11-07/hour=20/states_2022-11-07-20.csv.tar,False,False,False,False,True,RAW_MISSING,False,,,1
2022-11-07T21:00:00Z,2022-11-07,ANCHOR_DAY,data/raw/opensky/state_vectors/2022/date=2022-11-07/hour=21/states_2022-11-07-21.csv.tar,False,False,False,False,True,RAW_MISSING,False,,,1
2022-11-07T22:00:00Z,2022-11-07,ANCHOR_DAY,data/raw/opensky/state_vectors/2022/date=2022-11-07/hour=22/states_2022-11-07-22.csv.tar,False,False,False,False,True,RAW_MISSING,False,,,1
2022-11-07T23:00:00Z,2022-11-07,ANCHOR_DAY,data/raw/opensky/state_vectors/2022/date=2022-11-07/hour=23/states_2022-11-07-23.csv.tar,False,False,False,False,True,RAW_MISSING,False,,,1
2022-11-08T00:00:00Z,2022-11-07,POST_CONTEXT,data/raw/opensky/state_vectors/2022/date=2022-11-08/hour=00/states_2022-11-08-00.csv.tar,False,False,False,False,True,RAW_MISSING,False,,,1
2022-11-08T01:00:00Z,2022-11-07,POST_CONTEXT,data/raw/opensky/state_vectors/2022/date=2022-11-08/hour=01/states_2022-11-08-01.csv.tar,False,False,False,False,True,RAW_MISSING,False,,,1
2022-11-08T02:00:00Z,2022-11-07,POST_CONTEXT,data/raw/opensky/state_vectors/2022/date=2022-11-08/hour=02/states_2022-11-08-02.csv.tar,False,False,False,False,True,RAW_MISSING,False,,,1
2022-11-08T03:00:00Z,2022-11-07,POST_CONTEXT,data/raw/opensky/state_vectors/2022/date=2022-11-08/hour=03/states_2022-11-08-03.csv.tar,False,False,False,False,True,RAW_MISSING,False,,,1
2022-11-08T04:00:00Z,2022-11-07,POST_CONTEXT,data/raw/opensky/state_vectors/2022/date=2022-11-08/hour=04/states_2022-11-08-04.csv.tar,False,False,False,False,True,RAW_MISSING,False,,,1
2022-11-08T05:00:00Z,2022-11-07,POST_CONTEXT,data/raw/opensky/state_vectors/2022/date=2022-11-08/hour=05/states_2022-11-08-05.csv.tar,False,False,False,False,True,RAW_MISSING,False,,,1
2022-11-08T06:00:00Z,2022-11-07,POST_CONTEXT,data/raw/opensky/state_vectors/2022/date=2022-11-08/hour=06/states_2022-11-08-06.csv.tar,False,False,False,False,True,RAW_MISSING,False,,,1
2022-11-08T07:00:00Z,2022-11-07,POST_CONTEXT,data/raw/opensky/state_vectors/2022/date=2022-11-08/hour=07/states_2022-11-08-07.csv.tar,False,False,False,False,True,RAW_MISSING,False,,,1
2022-11-08T08:00:00Z,2022-11-07,POST_CONTEXT,data/raw/opensky/state_vectors/2022/date=2022-11-08/hour=08/states_2022-11-08-08.csv.tar,False,False,False,False,True,RAW_MISSING,False,,,1
2022-11-08T09:00:00Z,2022-11-07,POST_CONTEXT,data/raw/opensky/state_vectors/2022/date=2022-11-08/hour=09/states_2022-11-08-09.csv.tar,False,False,False,False,True,RAW_MISSING,False,,,1
2022-11-08T10:00:00Z,2022-11-07,POST_CONTEXT,data/raw/opensky/state_vectors/2022/date=2022-11-08/hour=10/states_2022-11-08-10.csv.tar,False,False,False,False,True,RAW_MISSING,False,,,1
2022-11-08T11:00:00Z,2022-11-07,POST_CONTEXT,data/raw/opensky/state_vectors/2022/date=2022-11-08/hour=11/states_2022-11-08-11.csv.tar,False,False,False,False,True,RAW_MISSING,False,,,1
2022-11-11T18:00:00Z,2022-11-12,PRE_CONTEXT,data/raw/opensky/state_vectors/2022/date=2022-11-11/hour=18/states_2022-11-11-18.csv.tar,False,False,False,False,True,RAW_MISSING,False,,,1
2022-11-11T19:00:00Z,2022-11-12,PRE_CONTEXT,data/raw/opensky/state_vectors/2022/date=2022-11-11/hour=19/states_2022-11-11-19.csv.tar,False,False,False,False,True,RAW_MISSING,False,,,1
2022-11-11T20:00:00Z,2022-11-12,PRE_CONTEXT,data/raw/opensky/state_vectors/2022/date=2022-11-11/hour=20/states_2022-11-11-20.csv.tar,False,False,False,False,True,RAW_MISSING,False,,,1
2022-11-11T21:00:00Z,2022-11-12,PRE_CONTEXT,data/raw/opensky/state_vectors/2022/date=2022-11-11/hour=21/states_2022-11-11-21.csv.tar,False,False,False,False,True,RAW_MISSING,False,,,1
2022-11-11T22:00:00Z,2022-11-12,PRE_CONTEXT,data/raw/opensky/state_vectors/2022/date=2022-11-11/hour=22/states_2022-11-11-22.csv.tar,False,False,False,False,True,RAW_MISSING,False,,,1
2022-11-11T23:00:00Z,2022-11-12,PRE_CONTEXT,data/raw/opensky/state_vectors/2022/date=2022-11-11/hour=23/states_2022-11-11-23.csv.tar,False,False,False,False,True,RAW_MISSING,False,,,1
2022-11-12T00:00:00Z,2022-11-12,ANCHOR_DAY,data/raw/opensky/state_vectors/2022/date=2022-11-12/hour=00/states_2022-11-12-00.csv.tar,False,False,False,False,True,RAW_MISSING,False,,,1
2022-11-12T01:00:00Z,2022-11-12,ANCHOR_DAY,data/raw/opensky/state_vectors/2022/date=2022-11-12/hour=01/states_2022-11-12-01.csv.tar,False,False,False,False,True,RAW_MISSING,False,,,1
2022-11-12T02:00:00Z,2022-11-12,ANCHOR_DAY,data/raw/opensky/state_vectors/2022/date=2022-11-12/hour=02/states_2022-11-12-02.csv.tar,False,False,False,False,True,RAW_MISSING,False,,,1
2022-11-12T03:00:00Z,2022-11-12,ANCHOR_DAY,data/raw/opensky/state_vectors/2022/date=2022-11-12/hour=03/states_2022-11-12-03.csv.tar,False,False,False,False,True,RAW_MISSING,False,,,1
2022-11-12T04:00:00Z,2022-11-12,ANCHOR_DAY,data/raw/opensky/state_vectors/2022/date=2022-11-12/hour=04/states_2022-11-12-04.csv.tar,False,False,False,False,True,RAW_MISSING,False,,,1
2022-11-12T05:00:00Z,2022-11-12,ANCHOR_DAY,data/raw/opensky/state_vectors/2022/date=2022-11-12/hour=05/states_2022-11-12-05.csv.tar,False,False,False,False,True,RAW_MISSING,False,,,1
2022-11-12T06:00:00Z,2022-11-12,ANCHOR_DAY,data/raw/opensky/state_vectors/2022/date=2022-11-12/hour=06/states_2022-11-12-06.csv.tar,False,False,False,False,True,RAW_MISSING,False,,,1
2022-11-12T07:00:00Z,2022-11-12,ANCHOR_DAY,data/raw/opensky/state_vectors/2022/date=2022-11-12/hour=07/states_2022-11-12-07.csv.tar,False,False,False,False,True,RAW_MISSING,False,,,1
2022-11-12T08:00:00Z,2022-11-12,ANCHOR_DAY,data/raw/opensky/state_vectors/2022/date=2022-11-12/hour=08/states_2022-11-12-08.csv.tar,False,False,False,False,True,RAW_MISSING,False,,,1
2022-11-12T09:00:00Z,2022-11-12,ANCHOR_DAY,data/raw/opensky/state_vectors/2022/date=2022-11-12/hour=09/states_2022-11-12-09.csv.tar,False,False,False,False,True,RAW_MISSING,False,,,1
2022-11-12T10:00:00Z,2022-11-12,ANCHOR_DAY,data/raw/opensky/state_vectors/2022/date=2022-11-12/hour=10/states_2022-11-12-10.csv.tar,False,False,False,False,True,RAW_MISSING,False,,,1
2022-11-12T11:00:00Z,2022-11-12,ANCHOR_DAY,data/raw/opensky/state_vectors/2022/date=2022-11-12/hour=11/states_2022-11-12-11.csv.tar,False,False,False,False,True,RAW_MISSING,False,,,1
2022-11-12T12:00:00Z,2022-11-12,ANCHOR_DAY,data/raw/opensky/state_vectors/2022/date=2022-11-12/hour=12/states_2022-11-12-12.csv.tar,False,False,False,False,True,RAW_MISSING,False,,,1
2022-11-12T13:00:00Z,2022-11-12,ANCHOR_DAY,data/raw/opensky/state_vectors/2022/date=2022-11-12/hour=13/states_2022-11-12-13.csv.tar,False,False,False,False,True,RAW_MISSING,False,,,1
2022-11-12T14:00:00Z,2022-11-12,ANCHOR_DAY,data/raw/opensky/state_vectors/2022/date=2022-11-12/hour=14/states_2022-11-12-14.csv.tar,False,False,False,False,True,RAW_MISSING,False,,,1
2022-11-12T15:00:00Z,2022-11-12,ANCHOR_DAY,data/raw/opensky/state_vectors/2022/date=2022-11-12/hour=15/states_2022-11-12-15.csv.tar,False,False,False,False,True,RAW_MISSING,False,,,1
2022-11-12T16:00:00Z,2022-11-12,ANCHOR_DAY,data/raw/opensky/state_vectors/2022/date=2022-11-12/hour=16/states_2022-11-12-16.csv.tar,False,False,False,False,True,RAW_MISSING,False,,,1
2022-11-12T17:00:00Z,2022-11-12,ANCHOR_DAY,data/raw/opensky/state_vectors/2022/date=2022-11-12/hour=17/states_2022-11-12-17.csv.tar,False,False,False,False,True,RAW_MISSING,False,,,1
2022-11-12T18:00:00Z,2022-11-12,ANCHOR_DAY,data/raw/opensky/state_vectors/2022/date=2022-11-12/hour=18/states_2022-11-12-18.csv.tar,False,False,False,False,True,RAW_MISSING,False,,,1
2022-11-12T19:00:00Z,2022-11-12,ANCHOR_DAY,data/raw/opensky/state_vectors/2022/date=2022-11-12/hour=19/states_2022-11-12-19.csv.tar,False,False,False,False,True,RAW_MISSING,False,,,1
2022-11-12T20:00:00Z,2022-11-12,ANCHOR_DAY,data/raw/opensky/state_vectors/2022/date=2022-11-12/hour=20/states_2022-11-12-20.csv.tar,False,False,False,False,True,RAW_MISSING,False,,,1
2022-11-12T21:00:00Z,2022-11-12,ANCHOR_DAY,data/raw/opensky/state_vectors/2022/date=2022-11-12/hour=21/states_2022-11-12-21.csv.tar,False,False,False,False,True,RAW_MISSING,False,,,1
2022-11-12T22:00:00Z,2022-11-12,ANCHOR_DAY,data/raw/opensky/state_vectors/2022/date=2022-11-12/hour=22/states_2022-11-12-22.csv.tar,False,False,False,False,True,RAW_MISSING,False,,,1
2022-11-12T23:00:00Z,2022-11-12,ANCHOR_DAY,data/raw/opensky/state_vectors/2022/date=2022-11-12/hour=23/states_2022-11-12-23.csv.tar,False,False,False,False,True,RAW_MISSING,False,,,1
2022-11-13T00:00:00Z,2022-11-12,POST_CONTEXT,data/raw/opensky/state_vectors/2022/date=2022-11-13/hour=00/states_2022-11-13-00.csv.tar,False,False,False,False,True,RAW_MISSING,False,,,1
2022-11-13T01:00:00Z,2022-11-12,POST_CONTEXT,data/raw/opensky/state_vectors/2022/date=2022-11-13/hour=01/states_2022-11-13-01.csv.tar,False,False,False,False,True,RAW_MISSING,False,,,1
2022-11-13T02:00:00Z,2022-11-12,POST_CONTEXT,data/raw/opensky/state_vectors/2022/date=2022-11-13/hour=02/states_2022-11-13-02.csv.tar,False,False,False,False,True,RAW_MISSING,False,,,1
2022-11-13T03:00:00Z,2022-11-12,POST_CONTEXT,data/raw/opensky/state_vectors/2022/date=2022-11-13/hour=03/states_2022-11-13-03.csv.tar,False,False,False,False,True,RAW_MISSING,False,,,1
2022-11-13T04:00:00Z,2022-11-12,POST_CONTEXT,data/raw/opensky/state_vectors/2022/date=2022-11-13/hour=04/states_2022-11-13-04.csv.tar,False,False,False,False,True,RAW_MISSING,False,,,1
2022-11-13T05:00:00Z,2022-11-12,POST_CONTEXT,data/raw/opensky/state_vectors/2022/date=2022-11-13/hour=05/states_2022-11-13-05.csv.tar,False,False,False,False,True,RAW_MISSING,False,,,1
2022-11-13T06:00:00Z,2022-11-12,POST_CONTEXT,data/raw/opensky/state_vectors/2022/date=2022-11-13/hour=06/states_2022-11-13-06.csv.tar,False,False,False,False,True,RAW_MISSING,False,,,1
2022-11-13T07:00:00Z,2022-11-12,POST_CONTEXT,data/raw/opensky/state_vectors/2022/date=2022-11-13/hour=07/states_2022-11-13-07.csv.tar,False,False,False,False,True,RAW_MISSING,False,,,1
2022-11-13T08:00:00Z,2022-11-12,POST_CONTEXT,data/raw/opensky/state_vectors/2022/date=2022-11-13/hour=08/states_2022-11-13-08.csv.tar,False,False,False,False,True,RAW_MISSING,False,,,1
2022-11-13T09:00:00Z,2022-11-12,POST_CONTEXT,data/raw/opensky/state_vectors/2022/date=2022-11-13/hour=09/states_2022-11-13-09.csv.tar,False,False,False,False,True,RAW_MISSING,False,,,1
2022-11-13T10:00:00Z,2022-11-12,POST_CONTEXT,data/raw/opensky/state_vectors/2022/date=2022-11-13/hour=10/states_2022-11-13-10.csv.tar,False,False,False,False,True,RAW_MISSING,False,,,1
2022-11-13T11:00:00Z,2022-11-12,POST_CONTEXT,data/raw/opensky/state_vectors/2022/date=2022-11-13/hour=11/states_2022-11-13-11.csv.tar,False,False,False,False,True,RAW_MISSING,False,,,1
2022-11-13T18:00:00Z,2022-11-14,PRE_CONTEXT,data/raw/opensky/state_vectors/2022/date=2022-11-13/hour=18/states_2022-11-13-18.csv.tar,False,False,False,False,True,RAW_MISSING,False,,,1
2022-11-13T19:00:00Z,2022-11-14,PRE_CONTEXT,data/raw/opensky/state_vectors/2022/date=2022-11-13/hour=19/states_2022-11-13-19.csv.tar,False,False,False,False,True,RAW_MISSING,False,,,1
2022-11-13T20:00:00Z,2022-11-14,PRE_CONTEXT,data/raw/opensky/state_vectors/2022/date=2022-11-13/hour=20/states_2022-11-13-20.csv.tar,False,False,False,False,True,RAW_MISSING,False,,,1
2022-11-13T21:00:00Z,2022-11-14,PRE_CONTEXT,data/raw/opensky/state_vectors/2022/date=2022-11-13/hour=21/states_2022-11-13-21.csv.tar,False,False,False,False,True,RAW_MISSING,False,,,1
2022-11-13T22:00:00Z,2022-11-14,PRE_CONTEXT,data/raw/opensky/state_vectors/2022/date=2022-11-13/hour=22/states_2022-11-13-22.csv.tar,False,False,False,False,True,RAW_MISSING,False,,,1
2022-11-13T23:00:00Z,2022-11-14,PRE_CONTEXT,data/raw/opensky/state_vectors/2022/date=2022-11-13/hour=23/states_2022-11-13-23.csv.tar,False,False,False,False,True,RAW_MISSING,False,,,1
2022-11-14T00:00:00Z,2022-11-14,ANCHOR_DAY,data/raw/opensky/state_vectors/2022/date=2022-11-14/hour=00/states_2022-11-14-00.csv.tar,False,False,False,False,True,RAW_MISSING,False,,,1
2022-11-14T01:00:00Z,2022-11-14,ANCHOR_DAY,data/raw/opensky/state_vectors/2022/date=2022-11-14/hour=01/states_2022-11-14-01.csv.tar,False,False,False,False,True,RAW_MISSING,False,,,1
2022-11-14T02:00:00Z,2022-11-14,ANCHOR_DAY,data/raw/opensky/state_vectors/2022/date=2022-11-14/hour=02/states_2022-11-14-02.csv.tar,False,False,False,False,True,RAW_MISSING,False,,,1
2022-11-14T03:00:00Z,2022-11-14,ANCHOR_DAY,data/raw/opensky/state_vectors/2022/date=2022-11-14/hour=03/states_2022-11-14-03.csv.tar,False,False,False,False,True,RAW_MISSING,False,,,1
2022-11-14T04:00:00Z,2022-11-14,ANCHOR_DAY,data/raw/opensky/state_vectors/2022/date=2022-11-14/hour=04/states_2022-11-14-04.csv.tar,False,False,False,False,True,RAW_MISSING,False,,,1
2022-11-14T05:00:00Z,2022-11-14,ANCHOR_DAY,data/raw/opensky/state_vectors/2022/date=2022-11-14/hour=05/states_2022-11-14-05.csv.tar,False,False,False,False,True,RAW_MISSING,False,,,1
2022-11-14T06:00:00Z,2022-11-14,ANCHOR_DAY,data/raw/opensky/state_vectors/2022/date=2022-11-14/hour=06/states_2022-11-14-06.csv.tar,False,False,False,False,True,RAW_MISSING,False,,,1
2022-11-14T07:00:00Z,2022-11-14,ANCHOR_DAY,data/raw/opensky/state_vectors/2022/date=2022-11-14/hour=07/states_2022-11-14-07.csv.tar,False,False,False,False,True,RAW_MISSING,False,,,1
2022-11-14T08:00:00Z,2022-11-14,ANCHOR_DAY,data/raw/opensky/state_vectors/2022/date=2022-11-14/hour=08/states_2022-11-14-08.csv.tar,False,False,False,False,True,RAW_MISSING,False,,,1
2022-11-14T09:00:00Z,2022-11-14,ANCHOR_DAY,data/raw/opensky/state_vectors/2022/date=2022-11-14/hour=09/states_2022-11-14-09.csv.tar,False,False,False,False,True,RAW_MISSING,False,,,1
2022-11-14T10:00:00Z,2022-11-14,ANCHOR_DAY,data/raw/opensky/state_vectors/2022/date=2022-11-14/hour=10/states_2022-11-14-10.csv.tar,False,False,False,False,True,RAW_MISSING,False,,,1
2022-11-14T11:00:00Z,2022-11-14,ANCHOR_DAY,data/raw/opensky/state_vectors/2022/date=2022-11-14/hour=11/states_2022-11-14-11.csv.tar,False,False,False,False,True,RAW_MISSING,False,,,1
2022-11-14T12:00:00Z,2022-11-14,ANCHOR_DAY,data/raw/opensky/state_vectors/2022/date=2022-11-14/hour=12/states_2022-11-14-12.csv.tar,False,False,False,False,True,RAW_MISSING,False,,,1
2022-11-14T13:00:00Z,2022-11-14,ANCHOR_DAY,data/raw/opensky/state_vectors/2022/date=2022-11-14/hour=13/states_2022-11-14-13.csv.tar,False,False,False,False,True,RAW_MISSING,False,,,1
2022-11-14T14:00:00Z,2022-11-14,ANCHOR_DAY,data/raw/opensky/state_vectors/2022/date=2022-11-14/hour=14/states_2022-11-14-14.csv.tar,False,False,False,False,True,RAW_MISSING,False,,,1
2022-11-14T15:00:00Z,2022-11-14,ANCHOR_DAY,data/raw/opensky/state_vectors/2022/date=2022-11-14/hour=15/states_2022-11-14-15.csv.tar,False,False,False,False,True,RAW_MISSING,False,,,1
2022-11-14T16:00:00Z,2022-11-14,ANCHOR_DAY,data/raw/opensky/state_vectors/2022/date=2022-11-14/hour=16/states_2022-11-14-16.csv.tar,False,False,False,False,True,RAW_MISSING,False,,,1
2022-11-14T17:00:00Z,2022-11-14,ANCHOR_DAY,data/raw/opensky/state_vectors/2022/date=2022-11-14/hour=17/states_2022-11-14-17.csv.tar,False,False,False,False,True,RAW_MISSING,False,,,1
2022-11-14T18:00:00Z,2022-11-14,ANCHOR_DAY,data/raw/opensky/state_vectors/2022/date=2022-11-14/hour=18/states_2022-11-14-18.csv.tar,False,False,False,False,True,RAW_MISSING,False,,,1
2022-11-14T19:00:00Z,2022-11-14,ANCHOR_DAY,data/raw/opensky/state_vectors/2022/date=2022-11-14/hour=19/states_2022-11-14-19.csv.tar,False,False,False,False,True,RAW_MISSING,False,,,1
2022-11-14T20:00:00Z,2022-11-14,ANCHOR_DAY,data/raw/opensky/state_vectors/2022/date=2022-11-14/hour=20/states_2022-11-14-20.csv.tar,False,False,False,False,True,RAW_MISSING,False,,,1
2022-11-14T21:00:00Z,2022-11-14,ANCHOR_DAY,data/raw/opensky/state_vectors/2022/date=2022-11-14/hour=21/states_2022-11-14-21.csv.tar,False,False,False,False,True,RAW_MISSING,False,,,1
2022-11-14T22:00:00Z,2022-11-14,ANCHOR_DAY,data/raw/opensky/state_vectors/2022/date=2022-11-14/hour=22/states_2022-11-14-22.csv.tar,False,False,False,False,True,RAW_MISSING,False,,,1
2022-11-14T23:00:00Z,2022-11-14,ANCHOR_DAY,data/raw/opensky/state_vectors/2022/date=2022-11-14/hour=23/states_2022-11-14-23.csv.tar,False,False,False,False,True,RAW_MISSING,False,,,1
2022-11-15T00:00:00Z,2022-11-14,POST_CONTEXT,data/raw/opensky/state_vectors/2022/date=2022-11-15/hour=00/states_2022-11-15-00.csv.tar,False,False,False,False,True,RAW_MISSING,False,,,1
2022-11-15T01:00:00Z,2022-11-14,POST_CONTEXT,data/raw/opensky/state_vectors/2022/date=2022-11-15/hour=01/states_2022-11-15-01.csv.tar,False,False,False,False,True,RAW_MISSING,False,,,1
2022-11-15T02:00:00Z,2022-11-14,POST_CONTEXT,data/raw/opensky/state_vectors/2022/date=2022-11-15/hour=02/states_2022-11-15-02.csv.tar,False,False,False,False,True,RAW_MISSING,False,,,1
2022-11-15T03:00:00Z,2022-11-14,POST_CONTEXT,data/raw/opensky/state_vectors/2022/date=2022-11-15/hour=03/states_2022-11-15-03.csv.tar,False,False,False,False,True,RAW_MISSING,False,,,1
2022-11-15T04:00:00Z,2022-11-14,POST_CONTEXT,data/raw/opensky/state_vectors/2022/date=2022-11-15/hour=04/states_2022-11-15-04.csv.tar,False,False,False,False,True,RAW_MISSING,False,,,1
2022-11-15T05:00:00Z,2022-11-14,POST_CONTEXT,data/raw/opensky/state_vectors/2022/date=2022-11-15/hour=05/states_2022-11-15-05.csv.tar,False,False,False,False,True,RAW_MISSING,False,,,1
2022-11-15T06:00:00Z,2022-11-14,POST_CONTEXT,data/raw/opensky/state_vectors/2022/date=2022-11-15/hour=06/states_2022-11-15-06.csv.tar,False,False,False,False,True,RAW_MISSING,False,,,1
2022-11-15T07:00:00Z,2022-11-14,POST_CONTEXT,data/raw/opensky/state_vectors/2022/date=2022-11-15/hour=07/states_2022-11-15-07.csv.tar,False,False,False,False,True,RAW_MISSING,False,,,1
2022-11-15T08:00:00Z,2022-11-14,POST_CONTEXT,data/raw/opensky/state_vectors/2022/date=2022-11-15/hour=08/states_2022-11-15-08.csv.tar,False,False,False,False,True,RAW_MISSING,False,,,1
2022-11-15T09:00:00Z,2022-11-14,POST_CONTEXT,data/raw/opensky/state_vectors/2022/date=2022-11-15/hour=09/states_2022-11-15-09.csv.tar,False,False,False,False,True,RAW_MISSING,False,,,1
2022-11-15T10:00:00Z,2022-11-14,POST_CONTEXT,data/raw/opensky/state_vectors/2022/date=2022-11-15/hour=10/states_2022-11-15-10.csv.tar,False,False,False,False,True,RAW_MISSING,False,,,1
2022-11-15T11:00:00Z,2022-11-14,POST_CONTEXT,data/raw/opensky/state_vectors/2022/date=2022-11-15/hour=11/states_2022-11-15-11.csv.tar,False,False,False,False,True,RAW_MISSING,False,,,1
2022-11-20T18:00:00Z,2022-11-21,PRE_CONTEXT,data/raw/opensky/state_vectors/2022/date=2022-11-20/hour=18/states_2022-11-20-18.csv.tar,False,False,False,False,True,RAW_MISSING,False,,,1
2022-11-20T19:00:00Z,2022-11-21,PRE_CONTEXT,data/raw/opensky/state_vectors/2022/date=2022-11-20/hour=19/states_2022-11-20-19.csv.tar,False,False,False,False,True,RAW_MISSING,False,,,1
2022-11-20T20:00:00Z,2022-11-21,PRE_CONTEXT,data/raw/opensky/state_vectors/2022/date=2022-11-20/hour=20/states_2022-11-20-20.csv.tar,False,False,False,False,True,RAW_MISSING,False,,,1
2022-11-20T21:00:00Z,2022-11-21,PRE_CONTEXT,data/raw/opensky/state_vectors/2022/date=2022-11-20/hour=21/states_2022-11-20-21.csv.tar,False,False,False,False,True,RAW_MISSING,False,,,1
2022-11-20T22:00:00Z,2022-11-21,PRE_CONTEXT,data/raw/opensky/state_vectors/2022/date=2022-11-20/hour=22/states_2022-11-20-22.csv.tar,False,False,False,False,True,RAW_MISSING,False,,,1
2022-11-20T23:00:00Z,2022-11-21,PRE_CONTEXT,data/raw/opensky/state_vectors/2022/date=2022-11-20/hour=23/states_2022-11-20-23.csv.tar,False,False,False,False,True,RAW_MISSING,False,,,1
2022-11-21T00:00:00Z,2022-11-21,ANCHOR_DAY,data/raw/opensky/state_vectors/2022/date=2022-11-21/hour=00/states_2022-11-21-00.csv.tar,False,False,False,False,True,RAW_MISSING,False,,,1
2022-11-21T01:00:00Z,2022-11-21,ANCHOR_DAY,data/raw/opensky/state_vectors/2022/date=2022-11-21/hour=01/states_2022-11-21-01.csv.tar,False,False,False,False,True,RAW_MISSING,False,,,1
2022-11-21T02:00:00Z,2022-11-21,ANCHOR_DAY,data/raw/opensky/state_vectors/2022/date=2022-11-21/hour=02/states_2022-11-21-02.csv.tar,False,False,False,False,True,RAW_MISSING,False,,,1
2022-11-21T03:00:00Z,2022-11-21,ANCHOR_DAY,data/raw/opensky/state_vectors/2022/date=2022-11-21/hour=03/states_2022-11-21-03.csv.tar,False,False,False,False,True,RAW_MISSING,False,,,1
2022-11-21T04:00:00Z,2022-11-21,ANCHOR_DAY,data/raw/opensky/state_vectors/2022/date=2022-11-21/hour=04/states_2022-11-21-04.csv.tar,False,False,False,False,True,RAW_MISSING,False,,,1
2022-11-21T05:00:00Z,2022-11-21,ANCHOR_DAY,data/raw/opensky/state_vectors/2022/date=2022-11-21/hour=05/states_2022-11-21-05.csv.tar,False,False,False,False,True,RAW_MISSING,False,,,1
2022-11-21T06:00:00Z,2022-11-21,ANCHOR_DAY,data/raw/opensky/state_vectors/2022/date=2022-11-21/hour=06/states_2022-11-21-06.csv.tar,False,False,False,False,True,RAW_MISSING,False,,,1
2022-11-21T07:00:00Z,2022-11-21,ANCHOR_DAY,data/raw/opensky/state_vectors/2022/date=2022-11-21/hour=07/states_2022-11-21-07.csv.tar,False,False,False,False,True,RAW_MISSING,False,,,1
2022-11-21T08:00:00Z,2022-11-21,ANCHOR_DAY,data/raw/opensky/state_vectors/2022/date=2022-11-21/hour=08/states_2022-11-21-08.csv.tar,False,False,False,False,True,RAW_MISSING,False,,,1
2022-11-21T09:00:00Z,2022-11-21,ANCHOR_DAY,data/raw/opensky/state_vectors/2022/date=2022-11-21/hour=09/states_2022-11-21-09.csv.tar,False,False,False,False,True,RAW_MISSING,False,,,1
2022-11-21T10:00:00Z,2022-11-21,ANCHOR_DAY,data/raw/opensky/state_vectors/2022/date=2022-11-21/hour=10/states_2022-11-21-10.csv.tar,False,False,False,False,True,RAW_MISSING,False,,,1
2022-11-21T11:00:00Z,2022-11-21,ANCHOR_DAY,data/raw/opensky/state_vectors/2022/date=2022-11-21/hour=11/states_2022-11-21-11.csv.tar,False,False,False,False,True,RAW_MISSING,False,,,1
2022-11-21T12:00:00Z,2022-11-21,ANCHOR_DAY,data/raw/opensky/state_vectors/2022/date=2022-11-21/hour=12/states_2022-11-21-12.csv.tar,False,False,False,False,True,RAW_MISSING,False,,,1
2022-11-21T13:00:00Z,2022-11-21,ANCHOR_DAY,data/raw/opensky/state_vectors/2022/date=2022-11-21/hour=13/states_2022-11-21-13.csv.tar,False,False,False,False,True,RAW_MISSING,False,,,1
2022-11-21T14:00:00Z,2022-11-21,ANCHOR_DAY,data/raw/opensky/state_vectors/2022/date=2022-11-21/hour=14/states_2022-11-21-14.csv.tar,False,False,False,False,True,RAW_MISSING,False,,,1
2022-11-21T15:00:00Z,2022-11-21,ANCHOR_DAY,data/raw/opensky/state_vectors/2022/date=2022-11-21/hour=15/states_2022-11-21-15.csv.tar,False,False,False,False,True,RAW_MISSING,False,,,1
2022-11-21T16:00:00Z,2022-11-21,ANCHOR_DAY,data/raw/opensky/state_vectors/2022/date=2022-11-21/hour=16/states_2022-11-21-16.csv.tar,False,False,False,False,True,RAW_MISSING,False,,,1
2022-11-21T17:00:00Z,2022-11-21,ANCHOR_DAY,data/raw/opensky/state_vectors/2022/date=2022-11-21/hour=17/states_2022-11-21-17.csv.tar,False,False,False,False,True,RAW_MISSING,False,,,1
2022-11-21T18:00:00Z,2022-11-21,ANCHOR_DAY,data/raw/opensky/state_vectors/2022/date=2022-11-21/hour=18/states_2022-11-21-18.csv.tar,False,False,False,False,True,RAW_MISSING,False,,,1
2022-11-21T19:00:00Z,2022-11-21,ANCHOR_DAY,data/raw/opensky/state_vectors/2022/date=2022-11-21/hour=19/states_2022-11-21-19.csv.tar,False,False,False,False,True,RAW_MISSING,False,,,1
2022-11-21T20:00:00Z,2022-11-21,ANCHOR_DAY,data/raw/opensky/state_vectors/2022/date=2022-11-21/hour=20/states_2022-11-21-20.csv.tar,False,False,False,False,True,RAW_MISSING,False,,,1
2022-11-21T21:00:00Z,2022-11-21,ANCHOR_DAY,data/raw/opensky/state_vectors/2022/date=2022-11-21/hour=21/states_2022-11-21-21.csv.tar,False,False,False,False,True,RAW_MISSING,False,,,1
2022-11-21T22:00:00Z,2022-11-21,ANCHOR_DAY,data/raw/opensky/state_vectors/2022/date=2022-11-21/hour=22/states_2022-11-21-22.csv.tar,False,False,False,False,True,RAW_MISSING,False,,,1
2022-11-21T23:00:00Z,2022-11-21,ANCHOR_DAY,data/raw/opensky/state_vectors/2022/date=2022-11-21/hour=23/states_2022-11-21-23.csv.tar,False,False,False,False,True,RAW_MISSING,False,,,1
2022-11-22T00:00:00Z,2022-11-21,POST_CONTEXT,data/raw/opensky/state_vectors/2022/date=2022-11-22/hour=00/states_2022-11-22-00.csv.tar,False,False,False,False,True,RAW_MISSING,False,,,1
2022-11-22T01:00:00Z,2022-11-21,POST_CONTEXT,data/raw/opensky/state_vectors/2022/date=2022-11-22/hour=01/states_2022-11-22-01.csv.tar,False,False,False,False,True,RAW_MISSING,False,,,1
2022-11-22T02:00:00Z,2022-11-21,POST_CONTEXT,data/raw/opensky/state_vectors/2022/date=2022-11-22/hour=02/states_2022-11-22-02.csv.tar,False,False,False,False,True,RAW_MISSING,False,,,1
2022-11-22T03:00:00Z,2022-11-21,POST_CONTEXT,data/raw/opensky/state_vectors/2022/date=2022-11-22/hour=03/states_2022-11-22-03.csv.tar,False,False,False,False,True,RAW_MISSING,False,,,1
2022-11-22T04:00:00Z,2022-11-21,POST_CONTEXT,data/raw/opensky/state_vectors/2022/date=2022-11-22/hour=04/states_2022-11-22-04.csv.tar,False,False,False,False,True,RAW_MISSING,False,,,1
2022-11-22T05:00:00Z,2022-11-21,POST_CONTEXT,data/raw/opensky/state_vectors/2022/date=2022-11-22/hour=05/states_2022-11-22-05.csv.tar,False,False,False,False,True,RAW_MISSING,False,,,1
2022-11-22T06:00:00Z,2022-11-21,POST_CONTEXT,data/raw/opensky/state_vectors/2022/date=2022-11-22/hour=06/states_2022-11-22-06.csv.tar,False,False,False,False,True,RAW_MISSING,False,,,1
2022-11-22T07:00:00Z,2022-11-21,POST_CONTEXT,data/raw/opensky/state_vectors/2022/date=2022-11-22/hour=07/states_2022-11-22-07.csv.tar,False,False,False,False,True,RAW_MISSING,False,,,1
2022-11-22T08:00:00Z,2022-11-21,POST_CONTEXT,data/raw/opensky/state_vectors/2022/date=2022-11-22/hour=08/states_2022-11-22-08.csv.tar,False,False,False,False,True,RAW_MISSING,False,,,1
2022-11-22T09:00:00Z,2022-11-21,POST_CONTEXT,data/raw/opensky/state_vectors/2022/date=2022-11-22/hour=09/states_2022-11-22-09.csv.tar,False,False,False,False,True,RAW_MISSING,False,,,1
2022-11-22T10:00:00Z,2022-11-21,POST_CONTEXT,data/raw/opensky/state_vectors/2022/date=2022-11-22/hour=10/states_2022-11-22-10.csv.tar,False,False,False,False,True,RAW_MISSING,False,,,1
2022-11-22T11:00:00Z,2022-11-21,POST_CONTEXT,data/raw/opensky/state_vectors/2022/date=2022-11-22/hour=11/states_2022-11-22-11.csv.tar,False,False,False,False,True,RAW_MISSING,False,,,1
2022-11-25T18:00:00Z,2022-11-26,PRE_CONTEXT,data/raw/opensky/state_vectors/2022/date=2022-11-25/hour=18/states_2022-11-25-18.csv.tar,False,False,False,False,True,RAW_MISSING,False,,,1
2022-11-25T19:00:00Z,2022-11-26,PRE_CONTEXT,data/raw/opensky/state_vectors/2022/date=2022-11-25/hour=19/states_2022-11-25-19.csv.tar,False,False,False,False,True,RAW_MISSING,False,,,1
2022-11-25T20:00:00Z,2022-11-26,PRE_CONTEXT,data/raw/opensky/state_vectors/2022/date=2022-11-25/hour=20/states_2022-11-25-20.csv.tar,False,False,False,False,True,RAW_MISSING,False,,,1
2022-11-25T21:00:00Z,2022-11-26,PRE_CONTEXT,data/raw/opensky/state_vectors/2022/date=2022-11-25/hour=21/states_2022-11-25-21.csv.tar,False,False,False,False,True,RAW_MISSING,False,,,1
2022-11-25T22:00:00Z,2022-11-26,PRE_CONTEXT,data/raw/opensky/state_vectors/2022/date=2022-11-25/hour=22/states_2022-11-25-22.csv.tar,False,False,False,False,True,RAW_MISSING,False,,,1
2022-11-25T23:00:00Z,2022-11-26,PRE_CONTEXT,data/raw/opensky/state_vectors/2022/date=2022-11-25/hour=23/states_2022-11-25-23.csv.tar,False,False,False,False,True,RAW_MISSING,False,,,1
2022-11-26T00:00:00Z,2022-11-26,ANCHOR_DAY,data/raw/opensky/state_vectors/2022/date=2022-11-26/hour=00/states_2022-11-26-00.csv.tar,False,False,False,False,True,RAW_MISSING,False,,,1
2022-11-26T01:00:00Z,2022-11-26,ANCHOR_DAY,data/raw/opensky/state_vectors/2022/date=2022-11-26/hour=01/states_2022-11-26-01.csv.tar,False,False,False,False,True,RAW_MISSING,False,,,1
2022-11-26T02:00:00Z,2022-11-26,ANCHOR_DAY,data/raw/opensky/state_vectors/2022/date=2022-11-26/hour=02/states_2022-11-26-02.csv.tar,False,False,False,False,True,RAW_MISSING,False,,,1
2022-11-26T03:00:00Z,2022-11-26,ANCHOR_DAY,data/raw/opensky/state_vectors/2022/date=2022-11-26/hour=03/states_2022-11-26-03.csv.tar,False,False,False,False,True,RAW_MISSING,False,,,1
2022-11-26T04:00:00Z,2022-11-26,ANCHOR_DAY,data/raw/opensky/state_vectors/2022/date=2022-11-26/hour=04/states_2022-11-26-04.csv.tar,False,False,False,False,True,RAW_MISSING,False,,,1
2022-11-26T05:00:00Z,2022-11-26,ANCHOR_DAY,data/raw/opensky/state_vectors/2022/date=2022-11-26/hour=05/states_2022-11-26-05.csv.tar,False,False,False,False,True,RAW_MISSING,False,,,1
2022-11-26T06:00:00Z,2022-11-26,ANCHOR_DAY,data/raw/opensky/state_vectors/2022/date=2022-11-26/hour=06/states_2022-11-26-06.csv.tar,False,False,False,False,True,RAW_MISSING,False,,,1
2022-11-26T07:00:00Z,2022-11-26,ANCHOR_DAY,data/raw/opensky/state_vectors/2022/date=2022-11-26/hour=07/states_2022-11-26-07.csv.tar,False,False,False,False,True,RAW_MISSING,False,,,1
2022-11-26T08:00:00Z,2022-11-26,ANCHOR_DAY,data/raw/opensky/state_vectors/2022/date=2022-11-26/hour=08/states_2022-11-26-08.csv.tar,False,False,False,False,True,RAW_MISSING,False,,,1
2022-11-26T09:00:00Z,2022-11-26,ANCHOR_DAY,data/raw/opensky/state_vectors/2022/date=2022-11-26/hour=09/states_2022-11-26-09.csv.tar,False,False,False,False,True,RAW_MISSING,False,,,1
2022-11-26T10:00:00Z,2022-11-26,ANCHOR_DAY,data/raw/opensky/state_vectors/2022/date=2022-11-26/hour=10/states_2022-11-26-10.csv.tar,False,False,False,False,True,RAW_MISSING,False,,,1
2022-11-26T11:00:00Z,2022-11-26,ANCHOR_DAY,data/raw/opensky/state_vectors/2022/date=2022-11-26/hour=11/states_2022-11-26-11.csv.tar,False,False,False,False,True,RAW_MISSING,False,,,1
2022-11-26T12:00:00Z,2022-11-26,ANCHOR_DAY,data/raw/opensky/state_vectors/2022/date=2022-11-26/hour=12/states_2022-11-26-12.csv.tar,False,False,False,False,True,RAW_MISSING,False,,,1
2022-11-26T13:00:00Z,2022-11-26,ANCHOR_DAY,data/raw/opensky/state_vectors/2022/date=2022-11-26/hour=13/states_2022-11-26-13.csv.tar,False,False,False,False,True,RAW_MISSING,False,,,1
2022-11-26T14:00:00Z,2022-11-26,ANCHOR_DAY,data/raw/opensky/state_vectors/2022/date=2022-11-26/hour=14/states_2022-11-26-14.csv.tar,False,False,False,False,True,RAW_MISSING,False,,,1
2022-11-26T15:00:00Z,2022-11-26,ANCHOR_DAY,data/raw/opensky/state_vectors/2022/date=2022-11-26/hour=15/states_2022-11-26-15.csv.tar,False,False,False,False,True,RAW_MISSING,False,,,1
2022-11-26T16:00:00Z,2022-11-26,ANCHOR_DAY,data/raw/opensky/state_vectors/2022/date=2022-11-26/hour=16/states_2022-11-26-16.csv.tar,False,False,False,False,True,RAW_MISSING,False,,,1
2022-11-26T17:00:00Z,2022-11-26,ANCHOR_DAY,data/raw/opensky/state_vectors/2022/date=2022-11-26/hour=17/states_2022-11-26-17.csv.tar,False,False,False,False,True,RAW_MISSING,False,,,1
2022-11-26T18:00:00Z,2022-11-26,ANCHOR_DAY,data/raw/opensky/state_vectors/2022/date=2022-11-26/hour=18/states_2022-11-26-18.csv.tar,False,False,False,False,True,RAW_MISSING,False,,,1
2022-11-26T19:00:00Z,2022-11-26,ANCHOR_DAY,data/raw/opensky/state_vectors/2022/date=2022-11-26/hour=19/states_2022-11-26-19.csv.tar,False,False,False,False,True,RAW_MISSING,False,,,1
2022-11-26T20:00:00Z,2022-11-26,ANCHOR_DAY,data/raw/opensky/state_vectors/2022/date=2022-11-26/hour=20/states_2022-11-26-20.csv.tar,False,False,False,False,True,RAW_MISSING,False,,,1
2022-11-26T21:00:00Z,2022-11-26,ANCHOR_DAY,data/raw/opensky/state_vectors/2022/date=2022-11-26/hour=21/states_2022-11-26-21.csv.tar,False,False,False,False,True,RAW_MISSING,False,,,1
2022-11-26T22:00:00Z,2022-11-26,ANCHOR_DAY,data/raw/opensky/state_vectors/2022/date=2022-11-26/hour=22/states_2022-11-26-22.csv.tar,False,False,False,False,True,RAW_MISSING,False,,,1
2022-11-26T23:00:00Z,2022-11-26,ANCHOR_DAY,data/raw/opensky/state_vectors/2022/date=2022-11-26/hour=23/states_2022-11-26-23.csv.tar,False,False,False,False,True,RAW_MISSING,False,,,1
2022-11-27T00:00:00Z,2022-11-26,POST_CONTEXT,data/raw/opensky/state_vectors/2022/date=2022-11-27/hour=00/states_2022-11-27-00.csv.tar,False,False,False,False,True,RAW_MISSING,False,,,1
2022-11-27T01:00:00Z,2022-11-26,POST_CONTEXT,data/raw/opensky/state_vectors/2022/date=2022-11-27/hour=01/states_2022-11-27-01.csv.tar,False,False,False,False,True,RAW_MISSING,False,,,1
2022-11-27T02:00:00Z,2022-11-26,POST_CONTEXT,data/raw/opensky/state_vectors/2022/date=2022-11-27/hour=02/states_2022-11-27-02.csv.tar,False,False,False,False,True,RAW_MISSING,False,,,1
2022-11-27T03:00:00Z,2022-11-26,POST_CONTEXT,data/raw/opensky/state_vectors/2022/date=2022-11-27/hour=03/states_2022-11-27-03.csv.tar,False,False,False,False,True,RAW_MISSING,False,,,1
2022-11-27T04:00:00Z,2022-11-26,POST_CONTEXT,data/raw/opensky/state_vectors/2022/date=2022-11-27/hour=04/states_2022-11-27-04.csv.tar,False,False,False,False,True,RAW_MISSING,False,,,1
2022-11-27T05:00:00Z,2022-11-26,POST_CONTEXT,data/raw/opensky/state_vectors/2022/date=2022-11-27/hour=05/states_2022-11-27-05.csv.tar,False,False,False,False,True,RAW_MISSING,False,,,1
2022-11-27T06:00:00Z,2022-11-26,POST_CONTEXT,data/raw/opensky/state_vectors/2022/date=2022-11-27/hour=06/states_2022-11-27-06.csv.tar,False,False,False,False,True,RAW_MISSING,False,,,1
2022-11-27T07:00:00Z,2022-11-26,POST_CONTEXT,data/raw/opensky/state_vectors/2022/date=2022-11-27/hour=07/states_2022-11-27-07.csv.tar,False,False,False,False,True,RAW_MISSING,False,,,1
2022-11-27T08:00:00Z,2022-11-26,POST_CONTEXT,data/raw/opensky/state_vectors/2022/date=2022-11-27/hour=08/states_2022-11-27-08.csv.tar,False,False,False,False,True,RAW_MISSING,False,,,1
2022-11-27T09:00:00Z,2022-11-26,POST_CONTEXT,data/raw/opensky/state_vectors/2022/date=2022-11-27/hour=09/states_2022-11-27-09.csv.tar,False,False,False,False,True,RAW_MISSING,False,,,1
2022-11-27T10:00:00Z,2022-11-26,POST_CONTEXT,data/raw/opensky/state_vectors/2022/date=2022-11-27/hour=10/states_2022-11-27-10.csv.tar,False,False,False,False,True,RAW_MISSING,False,,,1
2022-11-27T11:00:00Z,2022-11-26,POST_CONTEXT,data/raw/opensky/state_vectors/2022/date=2022-11-27/hour=11/states_2022-11-27-11.csv.tar,False,False,False,False,True,RAW_MISSING,False,,,1
2022-11-27T18:00:00Z,2022-11-28,PRE_CONTEXT,data/raw/opensky/state_vectors/2022/date=2022-11-27/hour=18/states_2022-11-27-18.csv.tar,False,False,False,False,True,RAW_MISSING,False,,,1
2022-11-27T19:00:00Z,2022-11-28,PRE_CONTEXT,data/raw/opensky/state_vectors/2022/date=2022-11-27/hour=19/states_2022-11-27-19.csv.tar,False,False,False,False,True,RAW_MISSING,False,,,1
2022-11-27T20:00:00Z,2022-11-28,PRE_CONTEXT,data/raw/opensky/state_vectors/2022/date=2022-11-27/hour=20/states_2022-11-27-20.csv.tar,False,False,False,False,True,RAW_MISSING,False,,,1
2022-11-27T21:00:00Z,2022-11-28,PRE_CONTEXT,data/raw/opensky/state_vectors/2022/date=2022-11-27/hour=21/states_2022-11-27-21.csv.tar,False,False,False,False,True,RAW_MISSING,False,,,1
2022-11-27T22:00:00Z,2022-11-28,PRE_CONTEXT,data/raw/opensky/state_vectors/2022/date=2022-11-27/hour=22/states_2022-11-27-22.csv.tar,False,False,False,False,True,RAW_MISSING,False,,,1
2022-11-27T23:00:00Z,2022-11-28,PRE_CONTEXT,data/raw/opensky/state_vectors/2022/date=2022-11-27/hour=23/states_2022-11-27-23.csv.tar,False,False,False,False,True,RAW_MISSING,False,,,1
2022-11-28T00:00:00Z,2022-11-28,ANCHOR_DAY,data/raw/opensky/state_vectors/2022/date=2022-11-28/hour=00/states_2022-11-28-00.csv.tar,False,False,False,False,True,RAW_MISSING,False,,,1
2022-11-28T01:00:00Z,2022-11-28,ANCHOR_DAY,data/raw/opensky/state_vectors/2022/date=2022-11-28/hour=01/states_2022-11-28-01.csv.tar,False,False,False,False,True,RAW_MISSING,False,,,1
2022-11-28T02:00:00Z,2022-11-28,ANCHOR_DAY,data/raw/opensky/state_vectors/2022/date=2022-11-28/hour=02/states_2022-11-28-02.csv.tar,False,False,False,False,True,RAW_MISSING,False,,,1
2022-11-28T03:00:00Z,2022-11-28,ANCHOR_DAY,data/raw/opensky/state_vectors/2022/date=2022-11-28/hour=03/states_2022-11-28-03.csv.tar,False,False,False,False,True,RAW_MISSING,False,,,1
2022-11-28T04:00:00Z,2022-11-28,ANCHOR_DAY,data/raw/opensky/state_vectors/2022/date=2022-11-28/hour=04/states_2022-11-28-04.csv.tar,False,False,False,False,True,RAW_MISSING,False,,,1
2022-11-28T05:00:00Z,2022-11-28,ANCHOR_DAY,data/raw/opensky/state_vectors/2022/date=2022-11-28/hour=05/states_2022-11-28-05.csv.tar,False,False,False,False,True,RAW_MISSING,False,,,1
2022-11-28T06:00:00Z,2022-11-28,ANCHOR_DAY,data/raw/opensky/state_vectors/2022/date=2022-11-28/hour=06/states_2022-11-28-06.csv.tar,False,False,False,False,True,RAW_MISSING,False,,,1
2022-11-28T07:00:00Z,2022-11-28,ANCHOR_DAY,data/raw/opensky/state_vectors/2022/date=2022-11-28/hour=07/states_2022-11-28-07.csv.tar,False,False,False,False,True,RAW_MISSING,False,,,1
2022-11-28T08:00:00Z,2022-11-28,ANCHOR_DAY,data/raw/opensky/state_vectors/2022/date=2022-11-28/hour=08/states_2022-11-28-08.csv.tar,False,False,False,False,True,RAW_MISSING,False,,,1
2022-11-28T09:00:00Z,2022-11-28,ANCHOR_DAY,data/raw/opensky/state_vectors/2022/date=2022-11-28/hour=09/states_2022-11-28-09.csv.tar,False,False,False,False,True,RAW_MISSING,False,,,1
2022-11-28T10:00:00Z,2022-11-28,ANCHOR_DAY,data/raw/opensky/state_vectors/2022/date=2022-11-28/hour=10/states_2022-11-28-10.csv.tar,False,False,False,False,True,RAW_MISSING,False,,,1
2022-11-28T11:00:00Z,2022-11-28,ANCHOR_DAY,data/raw/opensky/state_vectors/2022/date=2022-11-28/hour=11/states_2022-11-28-11.csv.tar,False,False,False,False,True,RAW_MISSING,False,,,1
2022-11-28T12:00:00Z,2022-11-28,ANCHOR_DAY,data/raw/opensky/state_vectors/2022/date=2022-11-28/hour=12/states_2022-11-28-12.csv.tar,False,False,False,False,True,RAW_MISSING,False,,,1
2022-11-28T13:00:00Z,2022-11-28,ANCHOR_DAY,data/raw/opensky/state_vectors/2022/date=2022-11-28/hour=13/states_2022-11-28-13.csv.tar,False,False,False,False,True,RAW_MISSING,False,,,1
2022-11-28T14:00:00Z,2022-11-28,ANCHOR_DAY,data/raw/opensky/state_vectors/2022/date=2022-11-28/hour=14/states_2022-11-28-14.csv.tar,False,False,False,False,True,RAW_MISSING,False,,,1
2022-11-28T15:00:00Z,2022-11-28,ANCHOR_DAY,data/raw/opensky/state_vectors/2022/date=2022-11-28/hour=15/states_2022-11-28-15.csv.tar,False,False,False,False,True,RAW_MISSING,False,,,1
2022-11-28T16:00:00Z,2022-11-28,ANCHOR_DAY,data/raw/opensky/state_vectors/2022/date=2022-11-28/hour=16/states_2022-11-28-16.csv.tar,False,False,False,False,True,RAW_MISSING,False,,,1
2022-11-28T17:00:00Z,2022-11-28,ANCHOR_DAY,data/raw/opensky/state_vectors/2022/date=2022-11-28/hour=17/states_2022-11-28-17.csv.tar,False,False,False,False,True,RAW_MISSING,False,,,1
2022-11-28T18:00:00Z,2022-11-28,ANCHOR_DAY,data/raw/opensky/state_vectors/2022/date=2022-11-28/hour=18/states_2022-11-28-18.csv.tar,False,False,False,False,True,RAW_MISSING,False,,,1
2022-11-28T19:00:00Z,2022-11-28,ANCHOR_DAY,data/raw/opensky/state_vectors/2022/date=2022-11-28/hour=19/states_2022-11-28-19.csv.tar,False,False,False,False,True,RAW_MISSING,False,,,1
2022-11-28T20:00:00Z,2022-11-28,ANCHOR_DAY,data/raw/opensky/state_vectors/2022/date=2022-11-28/hour=20/states_2022-11-28-20.csv.tar,False,False,False,False,True,RAW_MISSING,False,,,1
2022-11-28T21:00:00Z,2022-11-28,ANCHOR_DAY,data/raw/opensky/state_vectors/2022/date=2022-11-28/hour=21/states_2022-11-28-21.csv.tar,False,False,False,False,True,RAW_MISSING,False,,,1
2022-11-28T22:00:00Z,2022-11-28,ANCHOR_DAY,data/raw/opensky/state_vectors/2022/date=2022-11-28/hour=22/states_2022-11-28-22.csv.tar,False,False,False,False,True,RAW_MISSING,False,,,1
2022-11-28T23:00:00Z,2022-11-28,ANCHOR_DAY,data/raw/opensky/state_vectors/2022/date=2022-11-28/hour=23/states_2022-11-28-23.csv.tar,False,False,False,False,True,RAW_MISSING,False,,,1
2022-11-29T00:00:00Z,2022-11-28,POST_CONTEXT,data/raw/opensky/state_vectors/2022/date=2022-11-29/hour=00/states_2022-11-29-00.csv.tar,False,False,False,False,True,RAW_MISSING,False,,,1
2022-11-29T01:00:00Z,2022-11-28,POST_CONTEXT,data/raw/opensky/state_vectors/2022/date=2022-11-29/hour=01/states_2022-11-29-01.csv.tar,False,False,False,False,True,RAW_MISSING,False,,,1
2022-11-29T02:00:00Z,2022-11-28,POST_CONTEXT,data/raw/opensky/state_vectors/2022/date=2022-11-29/hour=02/states_2022-11-29-02.csv.tar,False,False,False,False,True,RAW_MISSING,False,,,1
2022-11-29T03:00:00Z,2022-11-28,POST_CONTEXT,data/raw/opensky/state_vectors/2022/date=2022-11-29/hour=03/states_2022-11-29-03.csv.tar,False,False,False,False,True,RAW_MISSING,False,,,1
2022-11-29T04:00:00Z,2022-11-28,POST_CONTEXT,data/raw/opensky/state_vectors/2022/date=2022-11-29/hour=04/states_2022-11-29-04.csv.tar,False,False,False,False,True,RAW_MISSING,False,,,1
2022-11-29T05:00:00Z,2022-11-28,POST_CONTEXT,data/raw/opensky/state_vectors/2022/date=2022-11-29/hour=05/states_2022-11-29-05.csv.tar,False,False,False,False,True,RAW_MISSING,False,,,1
2022-11-29T06:00:00Z,2022-11-28,POST_CONTEXT,data/raw/opensky/state_vectors/2022/date=2022-11-29/hour=06/states_2022-11-29-06.csv.tar,False,False,False,False,True,RAW_MISSING,False,,,1
2022-11-29T07:00:00Z,2022-11-28,POST_CONTEXT,data/raw/opensky/state_vectors/2022/date=2022-11-29/hour=07/states_2022-11-29-07.csv.tar,False,False,False,False,True,RAW_MISSING,False,,,1
2022-11-29T08:00:00Z,2022-11-28,POST_CONTEXT,data/raw/opensky/state_vectors/2022/date=2022-11-29/hour=08/states_2022-11-29-08.csv.tar,False,False,False,False,True,RAW_MISSING,False,,,1
2022-11-29T09:00:00Z,2022-11-28,POST_CONTEXT,data/raw/opensky/state_vectors/2022/date=2022-11-29/hour=09/states_2022-11-29-09.csv.tar,False,False,False,False,True,RAW_MISSING,False,,,1
2022-11-29T10:00:00Z,2022-11-28,POST_CONTEXT,data/raw/opensky/state_vectors/2022/date=2022-11-29/hour=10/states_2022-11-29-10.csv.tar,False,False,False,False,True,RAW_MISSING,False,,,1
2022-11-29T11:00:00Z,2022-11-28,POST_CONTEXT,data/raw/opensky/state_vectors/2022/date=2022-11-29/hour=11/states_2022-11-29-11.csv.tar,False,False,False,False,True,RAW_MISSING,False,,,1
2022-12-04T18:00:00Z,2022-12-05,PRE_CONTEXT,data/raw/opensky/state_vectors/2022/date=2022-12-04/hour=18/states_2022-12-04-18.csv.tar,False,False,False,False,True,RAW_MISSING,False,,,1
2022-12-04T19:00:00Z,2022-12-05,PRE_CONTEXT,data/raw/opensky/state_vectors/2022/date=2022-12-04/hour=19/states_2022-12-04-19.csv.tar,False,False,False,False,True,RAW_MISSING,False,,,1
2022-12-04T20:00:00Z,2022-12-05,PRE_CONTEXT,data/raw/opensky/state_vectors/2022/date=2022-12-04/hour=20/states_2022-12-04-20.csv.tar,False,False,False,False,True,RAW_MISSING,False,,,1
2022-12-04T21:00:00Z,2022-12-05,PRE_CONTEXT,data/raw/opensky/state_vectors/2022/date=2022-12-04/hour=21/states_2022-12-04-21.csv.tar,False,False,False,False,True,RAW_MISSING,False,,,1
2022-12-04T22:00:00Z,2022-12-05,PRE_CONTEXT,data/raw/opensky/state_vectors/2022/date=2022-12-04/hour=22/states_2022-12-04-22.csv.tar,False,False,False,False,True,RAW_MISSING,False,,,1
2022-12-04T23:00:00Z,2022-12-05,PRE_CONTEXT,data/raw/opensky/state_vectors/2022/date=2022-12-04/hour=23/states_2022-12-04-23.csv.tar,False,False,False,False,True,RAW_MISSING,False,,,1
2022-12-05T00:00:00Z,2022-12-05,ANCHOR_DAY,data/raw/opensky/state_vectors/2022/date=2022-12-05/hour=00/states_2022-12-05-00.csv.tar,False,False,False,False,True,RAW_MISSING,False,,,1
2022-12-05T01:00:00Z,2022-12-05,ANCHOR_DAY,data/raw/opensky/state_vectors/2022/date=2022-12-05/hour=01/states_2022-12-05-01.csv.tar,False,False,False,False,True,RAW_MISSING,False,,,1
2022-12-05T02:00:00Z,2022-12-05,ANCHOR_DAY,data/raw/opensky/state_vectors/2022/date=2022-12-05/hour=02/states_2022-12-05-02.csv.tar,False,False,False,False,True,RAW_MISSING,False,,,1
2022-12-05T03:00:00Z,2022-12-05,ANCHOR_DAY,data/raw/opensky/state_vectors/2022/date=2022-12-05/hour=03/states_2022-12-05-03.csv.tar,False,False,False,False,True,RAW_MISSING,False,,,1
2022-12-05T04:00:00Z,2022-12-05,ANCHOR_DAY,data/raw/opensky/state_vectors/2022/date=2022-12-05/hour=04/states_2022-12-05-04.csv.tar,False,False,False,False,True,RAW_MISSING,False,,,1
2022-12-05T05:00:00Z,2022-12-05,ANCHOR_DAY,data/raw/opensky/state_vectors/2022/date=2022-12-05/hour=05/states_2022-12-05-05.csv.tar,False,False,False,False,True,RAW_MISSING,False,,,1
2022-12-05T06:00:00Z,2022-12-05,ANCHOR_DAY,data/raw/opensky/state_vectors/2022/date=2022-12-05/hour=06/states_2022-12-05-06.csv.tar,False,False,False,False,True,RAW_MISSING,False,,,1
2022-12-05T07:00:00Z,2022-12-05,ANCHOR_DAY,data/raw/opensky/state_vectors/2022/date=2022-12-05/hour=07/states_2022-12-05-07.csv.tar,False,False,False,False,True,RAW_MISSING,False,,,1
2022-12-05T08:00:00Z,2022-12-05,ANCHOR_DAY,data/raw/opensky/state_vectors/2022/date=2022-12-05/hour=08/states_2022-12-05-08.csv.tar,False,False,False,False,True,RAW_MISSING,False,,,1
2022-12-05T09:00:00Z,2022-12-05,ANCHOR_DAY,data/raw/opensky/state_vectors/2022/date=2022-12-05/hour=09/states_2022-12-05-09.csv.tar,False,False,False,False,True,RAW_MISSING,False,,,1
2022-12-05T10:00:00Z,2022-12-05,ANCHOR_DAY,data/raw/opensky/state_vectors/2022/date=2022-12-05/hour=10/states_2022-12-05-10.csv.tar,False,False,False,False,True,RAW_MISSING,False,,,1
2022-12-05T11:00:00Z,2022-12-05,ANCHOR_DAY,data/raw/opensky/state_vectors/2022/date=2022-12-05/hour=11/states_2022-12-05-11.csv.tar,False,False,False,False,True,RAW_MISSING,False,,,1
2022-12-05T12:00:00Z,2022-12-05,ANCHOR_DAY,data/raw/opensky/state_vectors/2022/date=2022-12-05/hour=12/states_2022-12-05-12.csv.tar,False,False,False,False,True,RAW_MISSING,False,,,1
2022-12-05T13:00:00Z,2022-12-05,ANCHOR_DAY,data/raw/opensky/state_vectors/2022/date=2022-12-05/hour=13/states_2022-12-05-13.csv.tar,False,False,False,False,True,RAW_MISSING,False,,,1
2022-12-05T14:00:00Z,2022-12-05,ANCHOR_DAY,data/raw/opensky/state_vectors/2022/date=2022-12-05/hour=14/states_2022-12-05-14.csv.tar,False,False,False,False,True,RAW_MISSING,False,,,1
2022-12-05T15:00:00Z,2022-12-05,ANCHOR_DAY,data/raw/opensky/state_vectors/2022/date=2022-12-05/hour=15/states_2022-12-05-15.csv.tar,False,False,False,False,True,RAW_MISSING,False,,,1
2022-12-05T16:00:00Z,2022-12-05,ANCHOR_DAY,data/raw/opensky/state_vectors/2022/date=2022-12-05/hour=16/states_2022-12-05-16.csv.tar,False,False,False,False,True,RAW_MISSING,False,,,1
2022-12-05T17:00:00Z,2022-12-05,ANCHOR_DAY,data/raw/opensky/state_vectors/2022/date=2022-12-05/hour=17/states_2022-12-05-17.csv.tar,False,False,False,False,True,RAW_MISSING,False,,,1
2022-12-05T18:00:00Z,2022-12-05,ANCHOR_DAY,data/raw/opensky/state_vectors/2022/date=2022-12-05/hour=18/states_2022-12-05-18.csv.tar,False,False,False,False,True,RAW_MISSING,False,,,1
2022-12-05T19:00:00Z,2022-12-05,ANCHOR_DAY,data/raw/opensky/state_vectors/2022/date=2022-12-05/hour=19/states_2022-12-05-19.csv.tar,False,False,False,False,True,RAW_MISSING,False,,,1
2022-12-05T20:00:00Z,2022-12-05,ANCHOR_DAY,data/raw/opensky/state_vectors/2022/date=2022-12-05/hour=20/states_2022-12-05-20.csv.tar,False,False,False,False,True,RAW_MISSING,False,,,1
2022-12-05T21:00:00Z,2022-12-05,ANCHOR_DAY,data/raw/opensky/state_vectors/2022/date=2022-12-05/hour=21/states_2022-12-05-21.csv.tar,False,False,False,False,True,RAW_MISSING,False,,,1
2022-12-05T22:00:00Z,2022-12-05,ANCHOR_DAY,data/raw/opensky/state_vectors/2022/date=2022-12-05/hour=22/states_2022-12-05-22.csv.tar,False,False,False,False,True,RAW_MISSING,False,,,1
2022-12-05T23:00:00Z,2022-12-05,ANCHOR_DAY,data/raw/opensky/state_vectors/2022/date=2022-12-05/hour=23/states_2022-12-05-23.csv.tar,False,False,False,False,True,RAW_MISSING,False,,,1
2022-12-06T00:00:00Z,2022-12-05,POST_CONTEXT,data/raw/opensky/state_vectors/2022/date=2022-12-06/hour=00/states_2022-12-06-00.csv.tar,False,False,False,False,True,RAW_MISSING,False,,,1
2022-12-06T01:00:00Z,2022-12-05,POST_CONTEXT,data/raw/opensky/state_vectors/2022/date=2022-12-06/hour=01/states_2022-12-06-01.csv.tar,False,False,False,False,True,RAW_MISSING,False,,,1
2022-12-06T02:00:00Z,2022-12-05,POST_CONTEXT,data/raw/opensky/state_vectors/2022/date=2022-12-06/hour=02/states_2022-12-06-02.csv.tar,False,False,False,False,True,RAW_MISSING,False,,,1
2022-12-06T03:00:00Z,2022-12-05,POST_CONTEXT,data/raw/opensky/state_vectors/2022/date=2022-12-06/hour=03/states_2022-12-06-03.csv.tar,False,False,False,False,True,RAW_MISSING,False,,,1
2022-12-06T04:00:00Z,2022-12-05,POST_CONTEXT,data/raw/opensky/state_vectors/2022/date=2022-12-06/hour=04/states_2022-12-06-04.csv.tar,False,False,False,False,True,RAW_MISSING,False,,,1
2022-12-06T05:00:00Z,2022-12-05,POST_CONTEXT,data/raw/opensky/state_vectors/2022/date=2022-12-06/hour=05/states_2022-12-06-05.csv.tar,False,False,False,False,True,RAW_MISSING,False,,,1
2022-12-06T06:00:00Z,2022-12-05,POST_CONTEXT,data/raw/opensky/state_vectors/2022/date=2022-12-06/hour=06/states_2022-12-06-06.csv.tar,False,False,False,False,True,RAW_MISSING,False,,,1
2022-12-06T07:00:00Z,2022-12-05,POST_CONTEXT,data/raw/opensky/state_vectors/2022/date=2022-12-06/hour=07/states_2022-12-06-07.csv.tar,False,False,False,False,True,RAW_MISSING,False,,,1
2022-12-06T08:00:00Z,2022-12-05,POST_CONTEXT,data/raw/opensky/state_vectors/2022/date=2022-12-06/hour=08/states_2022-12-06-08.csv.tar,False,False,False,False,True,RAW_MISSING,False,,,1
2022-12-06T09:00:00Z,2022-12-05,POST_CONTEXT,data/raw/opensky/state_vectors/2022/date=2022-12-06/hour=09/states_2022-12-06-09.csv.tar,False,False,False,False,True,RAW_MISSING,False,,,1
2022-12-06T10:00:00Z,2022-12-05,POST_CONTEXT,data/raw/opensky/state_vectors/2022/date=2022-12-06/hour=10/states_2022-12-06-10.csv.tar,False,False,False,False,True,RAW_MISSING,False,,,1
2022-12-06T11:00:00Z,2022-12-05,POST_CONTEXT,data/raw/opensky/state_vectors/2022/date=2022-12-06/hour=11/states_2022-12-06-11.csv.tar,False,False,False,False,True,RAW_MISSING,False,,,1
2022-12-09T18:00:00Z,2022-12-10,PRE_CONTEXT,data/raw/opensky/state_vectors/2022/date=2022-12-09/hour=18/states_2022-12-09-18.csv.tar,False,False,False,False,True,RAW_MISSING,False,,,1
2022-12-09T19:00:00Z,2022-12-10,PRE_CONTEXT,data/raw/opensky/state_vectors/2022/date=2022-12-09/hour=19/states_2022-12-09-19.csv.tar,False,False,False,False,True,RAW_MISSING,False,,,1
2022-12-09T20:00:00Z,2022-12-10,PRE_CONTEXT,data/raw/opensky/state_vectors/2022/date=2022-12-09/hour=20/states_2022-12-09-20.csv.tar,False,False,False,False,True,RAW_MISSING,False,,,1
2022-12-09T21:00:00Z,2022-12-10,PRE_CONTEXT,data/raw/opensky/state_vectors/2022/date=2022-12-09/hour=21/states_2022-12-09-21.csv.tar,False,False,False,False,True,RAW_MISSING,False,,,1
2022-12-09T22:00:00Z,2022-12-10,PRE_CONTEXT,data/raw/opensky/state_vectors/2022/date=2022-12-09/hour=22/states_2022-12-09-22.csv.tar,False,False,False,False,True,RAW_MISSING,False,,,1
2022-12-09T23:00:00Z,2022-12-10,PRE_CONTEXT,data/raw/opensky/state_vectors/2022/date=2022-12-09/hour=23/states_2022-12-09-23.csv.tar,False,False,False,False,True,RAW_MISSING,False,,,1
2022-12-10T00:00:00Z,2022-12-10,ANCHOR_DAY,data/raw/opensky/state_vectors/2022/date=2022-12-10/hour=00/states_2022-12-10-00.csv.tar,False,False,False,False,True,RAW_MISSING,False,,,1
2022-12-10T01:00:00Z,2022-12-10,ANCHOR_DAY,data/raw/opensky/state_vectors/2022/date=2022-12-10/hour=01/states_2022-12-10-01.csv.tar,False,False,False,False,True,RAW_MISSING,False,,,1
2022-12-10T02:00:00Z,2022-12-10,ANCHOR_DAY,data/raw/opensky/state_vectors/2022/date=2022-12-10/hour=02/states_2022-12-10-02.csv.tar,False,False,False,False,True,RAW_MISSING,False,,,1
2022-12-10T03:00:00Z,2022-12-10,ANCHOR_DAY,data/raw/opensky/state_vectors/2022/date=2022-12-10/hour=03/states_2022-12-10-03.csv.tar,False,False,False,False,True,RAW_MISSING,False,,,1
2022-12-10T04:00:00Z,2022-12-10,ANCHOR_DAY,data/raw/opensky/state_vectors/2022/date=2022-12-10/hour=04/states_2022-12-10-04.csv.tar,False,False,False,False,True,RAW_MISSING,False,,,1
2022-12-10T05:00:00Z,2022-12-10,ANCHOR_DAY,data/raw/opensky/state_vectors/2022/date=2022-12-10/hour=05/states_2022-12-10-05.csv.tar,False,False,False,False,True,RAW_MISSING,False,,,1
2022-12-10T06:00:00Z,2022-12-10,ANCHOR_DAY,data/raw/opensky/state_vectors/2022/date=2022-12-10/hour=06/states_2022-12-10-06.csv.tar,False,False,False,False,True,RAW_MISSING,False,,,1
2022-12-10T07:00:00Z,2022-12-10,ANCHOR_DAY,data/raw/opensky/state_vectors/2022/date=2022-12-10/hour=07/states_2022-12-10-07.csv.tar,False,False,False,False,True,RAW_MISSING,False,,,1
2022-12-10T08:00:00Z,2022-12-10,ANCHOR_DAY,data/raw/opensky/state_vectors/2022/date=2022-12-10/hour=08/states_2022-12-10-08.csv.tar,False,False,False,False,True,RAW_MISSING,False,,,1
2022-12-10T09:00:00Z,2022-12-10,ANCHOR_DAY,data/raw/opensky/state_vectors/2022/date=2022-12-10/hour=09/states_2022-12-10-09.csv.tar,False,False,False,False,True,RAW_MISSING,False,,,1
2022-12-10T10:00:00Z,2022-12-10,ANCHOR_DAY,data/raw/opensky/state_vectors/2022/date=2022-12-10/hour=10/states_2022-12-10-10.csv.tar,False,False,False,False,True,RAW_MISSING,False,,,1
2022-12-10T11:00:00Z,2022-12-10,ANCHOR_DAY,data/raw/opensky/state_vectors/2022/date=2022-12-10/hour=11/states_2022-12-10-11.csv.tar,False,False,False,False,True,RAW_MISSING,False,,,1
2022-12-10T12:00:00Z,2022-12-10,ANCHOR_DAY,data/raw/opensky/state_vectors/2022/date=2022-12-10/hour=12/states_2022-12-10-12.csv.tar,False,False,False,False,True,RAW_MISSING,False,,,1
2022-12-10T13:00:00Z,2022-12-10,ANCHOR_DAY,data/raw/opensky/state_vectors/2022/date=2022-12-10/hour=13/states_2022-12-10-13.csv.tar,False,False,False,False,True,RAW_MISSING,False,,,1
2022-12-10T14:00:00Z,2022-12-10,ANCHOR_DAY,data/raw/opensky/state_vectors/2022/date=2022-12-10/hour=14/states_2022-12-10-14.csv.tar,False,False,False,False,True,RAW_MISSING,False,,,1
2022-12-10T15:00:00Z,2022-12-10,ANCHOR_DAY,data/raw/opensky/state_vectors/2022/date=2022-12-10/hour=15/states_2022-12-10-15.csv.tar,False,False,False,False,True,RAW_MISSING,False,,,1
2022-12-10T16:00:00Z,2022-12-10,ANCHOR_DAY,data/raw/opensky/state_vectors/2022/date=2022-12-10/hour=16/states_2022-12-10-16.csv.tar,False,False,False,False,True,RAW_MISSING,False,,,1
2022-12-10T17:00:00Z,2022-12-10,ANCHOR_DAY,data/raw/opensky/state_vectors/2022/date=2022-12-10/hour=17/states_2022-12-10-17.csv.tar,False,False,False,False,True,RAW_MISSING,False,,,1
2022-12-10T18:00:00Z,2022-12-10,ANCHOR_DAY,data/raw/opensky/state_vectors/2022/date=2022-12-10/hour=18/states_2022-12-10-18.csv.tar,False,False,False,False,True,RAW_MISSING,False,,,1
2022-12-10T19:00:00Z,2022-12-10,ANCHOR_DAY,data/raw/opensky/state_vectors/2022/date=2022-12-10/hour=19/states_2022-12-10-19.csv.tar,False,False,False,False,True,RAW_MISSING,False,,,1
2022-12-10T20:00:00Z,2022-12-10,ANCHOR_DAY,data/raw/opensky/state_vectors/2022/date=2022-12-10/hour=20/states_2022-12-10-20.csv.tar,False,False,False,False,True,RAW_MISSING,False,,,1
2022-12-10T21:00:00Z,2022-12-10,ANCHOR_DAY,data/raw/opensky/state_vectors/2022/date=2022-12-10/hour=21/states_2022-12-10-21.csv.tar,False,False,False,False,True,RAW_MISSING,False,,,1
2022-12-10T22:00:00Z,2022-12-10,ANCHOR_DAY,data/raw/opensky/state_vectors/2022/date=2022-12-10/hour=22/states_2022-12-10-22.csv.tar,False,False,False,False,True,RAW_MISSING,False,,,1
2022-12-10T23:00:00Z,2022-12-10,ANCHOR_DAY,data/raw/opensky/state_vectors/2022/date=2022-12-10/hour=23/states_2022-12-10-23.csv.tar,False,False,False,False,True,RAW_MISSING,False,,,1
2022-12-11T00:00:00Z,2022-12-10,POST_CONTEXT,data/raw/opensky/state_vectors/2022/date=2022-12-11/hour=00/states_2022-12-11-00.csv.tar,False,False,False,False,True,RAW_MISSING,False,,,1
2022-12-11T01:00:00Z,2022-12-10,POST_CONTEXT,data/raw/opensky/state_vectors/2022/date=2022-12-11/hour=01/states_2022-12-11-01.csv.tar,False,False,False,False,True,RAW_MISSING,False,,,1
2022-12-11T02:00:00Z,2022-12-10,POST_CONTEXT,data/raw/opensky/state_vectors/2022/date=2022-12-11/hour=02/states_2022-12-11-02.csv.tar,False,False,False,False,True,RAW_MISSING,False,,,1
2022-12-11T03:00:00Z,2022-12-10,POST_CONTEXT,data/raw/opensky/state_vectors/2022/date=2022-12-11/hour=03/states_2022-12-11-03.csv.tar,False,False,False,False,True,RAW_MISSING,False,,,1
2022-12-11T04:00:00Z,2022-12-10,POST_CONTEXT,data/raw/opensky/state_vectors/2022/date=2022-12-11/hour=04/states_2022-12-11-04.csv.tar,False,False,False,False,True,RAW_MISSING,False,,,1
2022-12-11T05:00:00Z,2022-12-10,POST_CONTEXT,data/raw/opensky/state_vectors/2022/date=2022-12-11/hour=05/states_2022-12-11-05.csv.tar,False,False,False,False,True,RAW_MISSING,False,,,1
2022-12-11T06:00:00Z,2022-12-10,POST_CONTEXT,data/raw/opensky/state_vectors/2022/date=2022-12-11/hour=06/states_2022-12-11-06.csv.tar,False,False,False,False,True,RAW_MISSING,False,,,1
2022-12-11T07:00:00Z,2022-12-10,POST_CONTEXT,data/raw/opensky/state_vectors/2022/date=2022-12-11/hour=07/states_2022-12-11-07.csv.tar,False,False,False,False,True,RAW_MISSING,False,,,1
2022-12-11T08:00:00Z,2022-12-10,POST_CONTEXT,data/raw/opensky/state_vectors/2022/date=2022-12-11/hour=08/states_2022-12-11-08.csv.tar,False,False,False,False,True,RAW_MISSING,False,,,1
2022-12-11T09:00:00Z,2022-12-10,POST_CONTEXT,data/raw/opensky/state_vectors/2022/date=2022-12-11/hour=09/states_2022-12-11-09.csv.tar,False,False,False,False,True,RAW_MISSING,False,,,1
2022-12-11T10:00:00Z,2022-12-10,POST_CONTEXT,data/raw/opensky/state_vectors/2022/date=2022-12-11/hour=10/states_2022-12-11-10.csv.tar,False,False,False,False,True,RAW_MISSING,False,,,1
2022-12-11T11:00:00Z,2022-12-10,POST_CONTEXT,data/raw/opensky/state_vectors/2022/date=2022-12-11/hour=11/states_2022-12-11-11.csv.tar,False,False,False,False,True,RAW_MISSING,False,,,1
2022-12-11T18:00:00Z,2022-12-12,PRE_CONTEXT,data/raw/opensky/state_vectors/2022/date=2022-12-11/hour=18/states_2022-12-11-18.csv.tar,False,False,False,False,True,RAW_MISSING,False,,,1
2022-12-11T19:00:00Z,2022-12-12,PRE_CONTEXT,data/raw/opensky/state_vectors/2022/date=2022-12-11/hour=19/states_2022-12-11-19.csv.tar,False,False,False,False,True,RAW_MISSING,False,,,1
2022-12-11T20:00:00Z,2022-12-12,PRE_CONTEXT,data/raw/opensky/state_vectors/2022/date=2022-12-11/hour=20/states_2022-12-11-20.csv.tar,False,False,False,False,True,RAW_MISSING,False,,,1
2022-12-11T21:00:00Z,2022-12-12,PRE_CONTEXT,data/raw/opensky/state_vectors/2022/date=2022-12-11/hour=21/states_2022-12-11-21.csv.tar,False,False,False,False,True,RAW_MISSING,False,,,1
2022-12-11T22:00:00Z,2022-12-12,PRE_CONTEXT,data/raw/opensky/state_vectors/2022/date=2022-12-11/hour=22/states_2022-12-11-22.csv.tar,False,False,False,False,True,RAW_MISSING,False,,,1
2022-12-11T23:00:00Z,2022-12-12,PRE_CONTEXT,data/raw/opensky/state_vectors/2022/date=2022-12-11/hour=23/states_2022-12-11-23.csv.tar,False,False,False,False,True,RAW_MISSING,False,,,1
2022-12-12T00:00:00Z,2022-12-12,ANCHOR_DAY,data/raw/opensky/state_vectors/2022/date=2022-12-12/hour=00/states_2022-12-12-00.csv.tar,False,False,False,False,True,RAW_MISSING,False,,,1
2022-12-12T01:00:00Z,2022-12-12,ANCHOR_DAY,data/raw/opensky/state_vectors/2022/date=2022-12-12/hour=01/states_2022-12-12-01.csv.tar,False,False,False,False,True,RAW_MISSING,False,,,1
2022-12-12T02:00:00Z,2022-12-12,ANCHOR_DAY,data/raw/opensky/state_vectors/2022/date=2022-12-12/hour=02/states_2022-12-12-02.csv.tar,False,False,False,False,True,RAW_MISSING,False,,,1
2022-12-12T03:00:00Z,2022-12-12,ANCHOR_DAY,data/raw/opensky/state_vectors/2022/date=2022-12-12/hour=03/states_2022-12-12-03.csv.tar,False,False,False,False,True,RAW_MISSING,False,,,1
2022-12-12T04:00:00Z,2022-12-12,ANCHOR_DAY,data/raw/opensky/state_vectors/2022/date=2022-12-12/hour=04/states_2022-12-12-04.csv.tar,False,False,False,False,True,RAW_MISSING,False,,,1
2022-12-12T05:00:00Z,2022-12-12,ANCHOR_DAY,data/raw/opensky/state_vectors/2022/date=2022-12-12/hour=05/states_2022-12-12-05.csv.tar,False,False,False,False,True,RAW_MISSING,False,,,1
2022-12-12T06:00:00Z,2022-12-12,ANCHOR_DAY,data/raw/opensky/state_vectors/2022/date=2022-12-12/hour=06/states_2022-12-12-06.csv.tar,False,False,False,False,True,RAW_MISSING,False,,,1
2022-12-12T07:00:00Z,2022-12-12,ANCHOR_DAY,data/raw/opensky/state_vectors/2022/date=2022-12-12/hour=07/states_2022-12-12-07.csv.tar,False,False,False,False,True,RAW_MISSING,False,,,1
2022-12-12T08:00:00Z,2022-12-12,ANCHOR_DAY,data/raw/opensky/state_vectors/2022/date=2022-12-12/hour=08/states_2022-12-12-08.csv.tar,False,False,False,False,True,RAW_MISSING,False,,,1
2022-12-12T09:00:00Z,2022-12-12,ANCHOR_DAY,data/raw/opensky/state_vectors/2022/date=2022-12-12/hour=09/states_2022-12-12-09.csv.tar,False,False,False,False,True,RAW_MISSING,False,,,1
2022-12-12T10:00:00Z,2022-12-12,ANCHOR_DAY,data/raw/opensky/state_vectors/2022/date=2022-12-12/hour=10/states_2022-12-12-10.csv.tar,False,False,False,False,True,RAW_MISSING,False,,,1
2022-12-12T11:00:00Z,2022-12-12,ANCHOR_DAY,data/raw/opensky/state_vectors/2022/date=2022-12-12/hour=11/states_2022-12-12-11.csv.tar,False,False,False,False,True,RAW_MISSING,False,,,1
2022-12-12T12:00:00Z,2022-12-12,ANCHOR_DAY,data/raw/opensky/state_vectors/2022/date=2022-12-12/hour=12/states_2022-12-12-12.csv.tar,False,False,False,False,True,RAW_MISSING,False,,,1
2022-12-12T13:00:00Z,2022-12-12,ANCHOR_DAY,data/raw/opensky/state_vectors/2022/date=2022-12-12/hour=13/states_2022-12-12-13.csv.tar,False,False,False,False,True,RAW_MISSING,False,,,1
2022-12-12T14:00:00Z,2022-12-12,ANCHOR_DAY,data/raw/opensky/state_vectors/2022/date=2022-12-12/hour=14/states_2022-12-12-14.csv.tar,False,False,False,False,True,RAW_MISSING,False,,,1
2022-12-12T15:00:00Z,2022-12-12,ANCHOR_DAY,data/raw/opensky/state_vectors/2022/date=2022-12-12/hour=15/states_2022-12-12-15.csv.tar,False,False,False,False,True,RAW_MISSING,False,,,1
2022-12-12T16:00:00Z,2022-12-12,ANCHOR_DAY,data/raw/opensky/state_vectors/2022/date=2022-12-12/hour=16/states_2022-12-12-16.csv.tar,False,False,False,False,True,RAW_MISSING,False,,,1
2022-12-12T17:00:00Z,2022-12-12,ANCHOR_DAY,data/raw/opensky/state_vectors/2022/date=2022-12-12/hour=17/states_2022-12-12-17.csv.tar,False,False,False,False,True,RAW_MISSING,False,,,1
2022-12-12T18:00:00Z,2022-12-12,ANCHOR_DAY,data/raw/opensky/state_vectors/2022/date=2022-12-12/hour=18/states_2022-12-12-18.csv.tar,False,False,False,False,True,RAW_MISSING,False,,,1
2022-12-12T19:00:00Z,2022-12-12,ANCHOR_DAY,data/raw/opensky/state_vectors/2022/date=2022-12-12/hour=19/states_2022-12-12-19.csv.tar,False,False,False,False,True,RAW_MISSING,False,,,1
2022-12-12T20:00:00Z,2022-12-12,ANCHOR_DAY,data/raw/opensky/state_vectors/2022/date=2022-12-12/hour=20/states_2022-12-12-20.csv.tar,False,False,False,False,True,RAW_MISSING,False,,,1
2022-12-12T21:00:00Z,2022-12-12,ANCHOR_DAY,data/raw/opensky/state_vectors/2022/date=2022-12-12/hour=21/states_2022-12-12-21.csv.tar,False,False,False,False,True,RAW_MISSING,False,,,1
2022-12-12T22:00:00Z,2022-12-12,ANCHOR_DAY,data/raw/opensky/state_vectors/2022/date=2022-12-12/hour=22/states_2022-12-12-22.csv.tar,False,False,False,False,True,RAW_MISSING,False,,,1
2022-12-12T23:00:00Z,2022-12-12,ANCHOR_DAY,data/raw/opensky/state_vectors/2022/date=2022-12-12/hour=23/states_2022-12-12-23.csv.tar,False,False,False,False,True,RAW_MISSING,False,,,1
2022-12-13T00:00:00Z,2022-12-12,POST_CONTEXT,data/raw/opensky/state_vectors/2022/date=2022-12-13/hour=00/states_2022-12-13-00.csv.tar,False,False,False,False,True,RAW_MISSING,False,,,1
2022-12-13T01:00:00Z,2022-12-12,POST_CONTEXT,data/raw/opensky/state_vectors/2022/date=2022-12-13/hour=01/states_2022-12-13-01.csv.tar,False,False,False,False,True,RAW_MISSING,False,,,1
2022-12-13T02:00:00Z,2022-12-12,POST_CONTEXT,data/raw/opensky/state_vectors/2022/date=2022-12-13/hour=02/states_2022-12-13-02.csv.tar,False,False,False,False,True,RAW_MISSING,False,,,1
2022-12-13T03:00:00Z,2022-12-12,POST_CONTEXT,data/raw/opensky/state_vectors/2022/date=2022-12-13/hour=03/states_2022-12-13-03.csv.tar,False,False,False,False,True,RAW_MISSING,False,,,1
2022-12-13T04:00:00Z,2022-12-12,POST_CONTEXT,data/raw/opensky/state_vectors/2022/date=2022-12-13/hour=04/states_2022-12-13-04.csv.tar,False,False,False,False,True,RAW_MISSING,False,,,1
2022-12-13T05:00:00Z,2022-12-12,POST_CONTEXT,data/raw/opensky/state_vectors/2022/date=2022-12-13/hour=05/states_2022-12-13-05.csv.tar,False,False,False,False,True,RAW_MISSING,False,,,1
2022-12-13T06:00:00Z,2022-12-12,POST_CONTEXT,data/raw/opensky/state_vectors/2022/date=2022-12-13/hour=06/states_2022-12-13-06.csv.tar,False,False,False,False,True,RAW_MISSING,False,,,1
2022-12-13T07:00:00Z,2022-12-12,POST_CONTEXT,data/raw/opensky/state_vectors/2022/date=2022-12-13/hour=07/states_2022-12-13-07.csv.tar,False,False,False,False,True,RAW_MISSING,False,,,1
2022-12-13T08:00:00Z,2022-12-12,POST_CONTEXT,data/raw/opensky/state_vectors/2022/date=2022-12-13/hour=08/states_2022-12-13-08.csv.tar,False,False,False,False,True,RAW_MISSING,False,,,1
2022-12-13T09:00:00Z,2022-12-12,POST_CONTEXT,data/raw/opensky/state_vectors/2022/date=2022-12-13/hour=09/states_2022-12-13-09.csv.tar,False,False,False,False,True,RAW_MISSING,False,,,1
2022-12-13T10:00:00Z,2022-12-12,POST_CONTEXT,data/raw/opensky/state_vectors/2022/date=2022-12-13/hour=10/states_2022-12-13-10.csv.tar,False,False,False,False,True,RAW_MISSING,False,,,1
2022-12-13T11:00:00Z,2022-12-12,POST_CONTEXT,data/raw/opensky/state_vectors/2022/date=2022-12-13/hour=11/states_2022-12-13-11.csv.tar,False,False,False,False,True,RAW_MISSING,False,,,1
2022-12-18T18:00:00Z,2022-12-19,PRE_CONTEXT,data/raw/opensky/state_vectors/2022/date=2022-12-18/hour=18/states_2022-12-18-18.csv.tar,False,False,False,False,True,RAW_MISSING,False,,,1
2022-12-18T19:00:00Z,2022-12-19,PRE_CONTEXT,data/raw/opensky/state_vectors/2022/date=2022-12-18/hour=19/states_2022-12-18-19.csv.tar,False,False,False,False,True,RAW_MISSING,False,,,1
2022-12-18T20:00:00Z,2022-12-19,PRE_CONTEXT,data/raw/opensky/state_vectors/2022/date=2022-12-18/hour=20/states_2022-12-18-20.csv.tar,False,False,False,False,True,RAW_MISSING,False,,,1
2022-12-18T21:00:00Z,2022-12-19,PRE_CONTEXT,data/raw/opensky/state_vectors/2022/date=2022-12-18/hour=21/states_2022-12-18-21.csv.tar,False,False,False,False,True,RAW_MISSING,False,,,1
2022-12-18T22:00:00Z,2022-12-19,PRE_CONTEXT,data/raw/opensky/state_vectors/2022/date=2022-12-18/hour=22/states_2022-12-18-22.csv.tar,False,False,False,False,True,RAW_MISSING,False,,,1
2022-12-18T23:00:00Z,2022-12-19,PRE_CONTEXT,data/raw/opensky/state_vectors/2022/date=2022-12-18/hour=23/states_2022-12-18-23.csv.tar,False,False,False,False,True,RAW_MISSING,False,,,1
2022-12-19T00:00:00Z,2022-12-19,ANCHOR_DAY,data/raw/opensky/state_vectors/2022/date=2022-12-19/hour=00/states_2022-12-19-00.csv.tar,False,False,False,False,True,RAW_MISSING,False,,,1
2022-12-19T01:00:00Z,2022-12-19,ANCHOR_DAY,data/raw/opensky/state_vectors/2022/date=2022-12-19/hour=01/states_2022-12-19-01.csv.tar,False,False,False,False,True,RAW_MISSING,False,,,1
2022-12-19T02:00:00Z,2022-12-19,ANCHOR_DAY,data/raw/opensky/state_vectors/2022/date=2022-12-19/hour=02/states_2022-12-19-02.csv.tar,False,False,False,False,True,RAW_MISSING,False,,,1
2022-12-19T03:00:00Z,2022-12-19,ANCHOR_DAY,data/raw/opensky/state_vectors/2022/date=2022-12-19/hour=03/states_2022-12-19-03.csv.tar,False,False,False,False,True,RAW_MISSING,False,,,1
2022-12-19T04:00:00Z,2022-12-19,ANCHOR_DAY,data/raw/opensky/state_vectors/2022/date=2022-12-19/hour=04/states_2022-12-19-04.csv.tar,False,False,False,False,True,RAW_MISSING,False,,,1
2022-12-19T05:00:00Z,2022-12-19,ANCHOR_DAY,data/raw/opensky/state_vectors/2022/date=2022-12-19/hour=05/states_2022-12-19-05.csv.tar,False,False,False,False,True,RAW_MISSING,False,,,1
2022-12-19T06:00:00Z,2022-12-19,ANCHOR_DAY,data/raw/opensky/state_vectors/2022/date=2022-12-19/hour=06/states_2022-12-19-06.csv.tar,False,False,False,False,True,RAW_MISSING,False,,,1
2022-12-19T07:00:00Z,2022-12-19,ANCHOR_DAY,data/raw/opensky/state_vectors/2022/date=2022-12-19/hour=07/states_2022-12-19-07.csv.tar,False,False,False,False,True,RAW_MISSING,False,,,1
2022-12-19T08:00:00Z,2022-12-19,ANCHOR_DAY,data/raw/opensky/state_vectors/2022/date=2022-12-19/hour=08/states_2022-12-19-08.csv.tar,False,False,False,False,True,RAW_MISSING,False,,,1
2022-12-19T09:00:00Z,2022-12-19,ANCHOR_DAY,data/raw/opensky/state_vectors/2022/date=2022-12-19/hour=09/states_2022-12-19-09.csv.tar,False,False,False,False,True,RAW_MISSING,False,,,1
2022-12-19T10:00:00Z,2022-12-19,ANCHOR_DAY,data/raw/opensky/state_vectors/2022/date=2022-12-19/hour=10/states_2022-12-19-10.csv.tar,False,False,False,False,True,RAW_MISSING,False,,,1
2022-12-19T11:00:00Z,2022-12-19,ANCHOR_DAY,data/raw/opensky/state_vectors/2022/date=2022-12-19/hour=11/states_2022-12-19-11.csv.tar,False,False,False,False,True,RAW_MISSING,False,,,1
2022-12-19T12:00:00Z,2022-12-19,ANCHOR_DAY,data/raw/opensky/state_vectors/2022/date=2022-12-19/hour=12/states_2022-12-19-12.csv.tar,False,False,False,False,True,RAW_MISSING,False,,,1
2022-12-19T13:00:00Z,2022-12-19,ANCHOR_DAY,data/raw/opensky/state_vectors/2022/date=2022-12-19/hour=13/states_2022-12-19-13.csv.tar,False,False,False,False,True,RAW_MISSING,False,,,1
2022-12-19T14:00:00Z,2022-12-19,ANCHOR_DAY,data/raw/opensky/state_vectors/2022/date=2022-12-19/hour=14/states_2022-12-19-14.csv.tar,False,False,False,False,True,RAW_MISSING,False,,,1
2022-12-19T15:00:00Z,2022-12-19,ANCHOR_DAY,data/raw/opensky/state_vectors/2022/date=2022-12-19/hour=15/states_2022-12-19-15.csv.tar,False,False,False,False,True,RAW_MISSING,False,,,1
2022-12-19T16:00:00Z,2022-12-19,ANCHOR_DAY,data/raw/opensky/state_vectors/2022/date=2022-12-19/hour=16/states_2022-12-19-16.csv.tar,False,False,False,False,True,RAW_MISSING,False,,,1
2022-12-19T17:00:00Z,2022-12-19,ANCHOR_DAY,data/raw/opensky/state_vectors/2022/date=2022-12-19/hour=17/states_2022-12-19-17.csv.tar,False,False,False,False,True,RAW_MISSING,False,,,1
2022-12-19T18:00:00Z,2022-12-19,ANCHOR_DAY,data/raw/opensky/state_vectors/2022/date=2022-12-19/hour=18/states_2022-12-19-18.csv.tar,False,False,False,False,True,RAW_MISSING,False,,,1
2022-12-19T19:00:00Z,2022-12-19,ANCHOR_DAY,data/raw/opensky/state_vectors/2022/date=2022-12-19/hour=19/states_2022-12-19-19.csv.tar,False,False,False,False,True,RAW_MISSING,False,,,1
2022-12-19T20:00:00Z,2022-12-19,ANCHOR_DAY,data/raw/opensky/state_vectors/2022/date=2022-12-19/hour=20/states_2022-12-19-20.csv.tar,False,False,False,False,True,RAW_MISSING,False,,,1
2022-12-19T21:00:00Z,2022-12-19,ANCHOR_DAY,data/raw/opensky/state_vectors/2022/date=2022-12-19/hour=21/states_2022-12-19-21.csv.tar,False,False,False,False,True,RAW_MISSING,False,,,1
2022-12-19T22:00:00Z,2022-12-19,ANCHOR_DAY,data/raw/opensky/state_vectors/2022/date=2022-12-19/hour=22/states_2022-12-19-22.csv.tar,False,False,False,False,True,RAW_MISSING,False,,,1
2022-12-19T23:00:00Z,2022-12-19,ANCHOR_DAY,data/raw/opensky/state_vectors/2022/date=2022-12-19/hour=23/states_2022-12-19-23.csv.tar,False,False,False,False,True,RAW_MISSING,False,,,1
2022-12-20T00:00:00Z,2022-12-19,POST_CONTEXT,data/raw/opensky/state_vectors/2022/date=2022-12-20/hour=00/states_2022-12-20-00.csv.tar,False,False,False,False,True,RAW_MISSING,False,,,1
2022-12-20T01:00:00Z,2022-12-19,POST_CONTEXT,data/raw/opensky/state_vectors/2022/date=2022-12-20/hour=01/states_2022-12-20-01.csv.tar,False,False,False,False,True,RAW_MISSING,False,,,1
2022-12-20T02:00:00Z,2022-12-19,POST_CONTEXT,data/raw/opensky/state_vectors/2022/date=2022-12-20/hour=02/states_2022-12-20-02.csv.tar,False,False,False,False,True,RAW_MISSING,False,,,1
2022-12-20T03:00:00Z,2022-12-19,POST_CONTEXT,data/raw/opensky/state_vectors/2022/date=2022-12-20/hour=03/states_2022-12-20-03.csv.tar,False,False,False,False,True,RAW_MISSING,False,,,1
2022-12-20T04:00:00Z,2022-12-19,POST_CONTEXT,data/raw/opensky/state_vectors/2022/date=2022-12-20/hour=04/states_2022-12-20-04.csv.tar,False,False,False,False,True,RAW_MISSING,False,,,1
2022-12-20T05:00:00Z,2022-12-19,POST_CONTEXT,data/raw/opensky/state_vectors/2022/date=2022-12-20/hour=05/states_2022-12-20-05.csv.tar,False,False,False,False,True,RAW_MISSING,False,,,1
2022-12-20T06:00:00Z,2022-12-19,POST_CONTEXT,data/raw/opensky/state_vectors/2022/date=2022-12-20/hour=06/states_2022-12-20-06.csv.tar,False,False,False,False,True,RAW_MISSING,False,,,1
2022-12-20T07:00:00Z,2022-12-19,POST_CONTEXT,data/raw/opensky/state_vectors/2022/date=2022-12-20/hour=07/states_2022-12-20-07.csv.tar,False,False,False,False,True,RAW_MISSING,False,,,1
2022-12-20T08:00:00Z,2022-12-19,POST_CONTEXT,data/raw/opensky/state_vectors/2022/date=2022-12-20/hour=08/states_2022-12-20-08.csv.tar,False,False,False,False,True,RAW_MISSING,False,,,1
2022-12-20T09:00:00Z,2022-12-19,POST_CONTEXT,data/raw/opensky/state_vectors/2022/date=2022-12-20/hour=09/states_2022-12-20-09.csv.tar,False,False,False,False,True,RAW_MISSING,False,,,1
2022-12-20T10:00:00Z,2022-12-19,POST_CONTEXT,data/raw/opensky/state_vectors/2022/date=2022-12-20/hour=10/states_2022-12-20-10.csv.tar,False,False,False,False,True,RAW_MISSING,False,,,1
2022-12-20T11:00:00Z,2022-12-19,POST_CONTEXT,data/raw/opensky/state_vectors/2022/date=2022-12-20/hour=11/states_2022-12-20-11.csv.tar,False,False,False,False,True,RAW_MISSING,False,,,1
2022-12-23T18:00:00Z,2022-12-24,PRE_CONTEXT,data/raw/opensky/state_vectors/2022/date=2022-12-23/hour=18/states_2022-12-23-18.csv.tar,False,False,False,False,True,RAW_MISSING,False,,,1
2022-12-23T19:00:00Z,2022-12-24,PRE_CONTEXT,data/raw/opensky/state_vectors/2022/date=2022-12-23/hour=19/states_2022-12-23-19.csv.tar,False,False,False,False,True,RAW_MISSING,False,,,1
2022-12-23T20:00:00Z,2022-12-24,PRE_CONTEXT,data/raw/opensky/state_vectors/2022/date=2022-12-23/hour=20/states_2022-12-23-20.csv.tar,False,False,False,False,True,RAW_MISSING,False,,,1
2022-12-23T21:00:00Z,2022-12-24,PRE_CONTEXT,data/raw/opensky/state_vectors/2022/date=2022-12-23/hour=21/states_2022-12-23-21.csv.tar,False,False,False,False,True,RAW_MISSING,False,,,1
2022-12-23T22:00:00Z,2022-12-24,PRE_CONTEXT,data/raw/opensky/state_vectors/2022/date=2022-12-23/hour=22/states_2022-12-23-22.csv.tar,False,False,False,False,True,RAW_MISSING,False,,,1
2022-12-23T23:00:00Z,2022-12-24,PRE_CONTEXT,data/raw/opensky/state_vectors/2022/date=2022-12-23/hour=23/states_2022-12-23-23.csv.tar,False,False,False,False,True,RAW_MISSING,False,,,1
2022-12-24T00:00:00Z,2022-12-24,ANCHOR_DAY,data/raw/opensky/state_vectors/2022/date=2022-12-24/hour=00/states_2022-12-24-00.csv.tar,False,False,False,False,True,RAW_MISSING,False,,,1
2022-12-24T01:00:00Z,2022-12-24,ANCHOR_DAY,data/raw/opensky/state_vectors/2022/date=2022-12-24/hour=01/states_2022-12-24-01.csv.tar,False,False,False,False,True,RAW_MISSING,False,,,1
2022-12-24T02:00:00Z,2022-12-24,ANCHOR_DAY,data/raw/opensky/state_vectors/2022/date=2022-12-24/hour=02/states_2022-12-24-02.csv.tar,False,False,False,False,True,RAW_MISSING,False,,,1
2022-12-24T03:00:00Z,2022-12-24,ANCHOR_DAY,data/raw/opensky/state_vectors/2022/date=2022-12-24/hour=03/states_2022-12-24-03.csv.tar,False,False,False,False,True,RAW_MISSING,False,,,1
2022-12-24T04:00:00Z,2022-12-24,ANCHOR_DAY,data/raw/opensky/state_vectors/2022/date=2022-12-24/hour=04/states_2022-12-24-04.csv.tar,False,False,False,False,True,RAW_MISSING,False,,,1
2022-12-24T05:00:00Z,2022-12-24,ANCHOR_DAY,data/raw/opensky/state_vectors/2022/date=2022-12-24/hour=05/states_2022-12-24-05.csv.tar,False,False,False,False,True,RAW_MISSING,False,,,1
2022-12-24T06:00:00Z,2022-12-24,ANCHOR_DAY,data/raw/opensky/state_vectors/2022/date=2022-12-24/hour=06/states_2022-12-24-06.csv.tar,False,False,False,False,True,RAW_MISSING,False,,,1
2022-12-24T07:00:00Z,2022-12-24,ANCHOR_DAY,data/raw/opensky/state_vectors/2022/date=2022-12-24/hour=07/states_2022-12-24-07.csv.tar,False,False,False,False,True,RAW_MISSING,False,,,1
2022-12-24T08:00:00Z,2022-12-24,ANCHOR_DAY,data/raw/opensky/state_vectors/2022/date=2022-12-24/hour=08/states_2022-12-24-08.csv.tar,False,False,False,False,True,RAW_MISSING,False,,,1
2022-12-24T09:00:00Z,2022-12-24,ANCHOR_DAY,data/raw/opensky/state_vectors/2022/date=2022-12-24/hour=09/states_2022-12-24-09.csv.tar,False,False,False,False,True,RAW_MISSING,False,,,1
2022-12-24T10:00:00Z,2022-12-24,ANCHOR_DAY,data/raw/opensky/state_vectors/2022/date=2022-12-24/hour=10/states_2022-12-24-10.csv.tar,False,False,False,False,True,RAW_MISSING,False,,,1
2022-12-24T11:00:00Z,2022-12-24,ANCHOR_DAY,data/raw/opensky/state_vectors/2022/date=2022-12-24/hour=11/states_2022-12-24-11.csv.tar,False,False,False,False,True,RAW_MISSING,False,,,1
2022-12-24T12:00:00Z,2022-12-24,ANCHOR_DAY,data/raw/opensky/state_vectors/2022/date=2022-12-24/hour=12/states_2022-12-24-12.csv.tar,False,False,False,False,True,RAW_MISSING,False,,,1
2022-12-24T13:00:00Z,2022-12-24,ANCHOR_DAY,data/raw/opensky/state_vectors/2022/date=2022-12-24/hour=13/states_2022-12-24-13.csv.tar,False,False,False,False,True,RAW_MISSING,False,,,1
2022-12-24T14:00:00Z,2022-12-24,ANCHOR_DAY,data/raw/opensky/state_vectors/2022/date=2022-12-24/hour=14/states_2022-12-24-14.csv.tar,False,False,False,False,True,RAW_MISSING,False,,,1
2022-12-24T15:00:00Z,2022-12-24,ANCHOR_DAY,data/raw/opensky/state_vectors/2022/date=2022-12-24/hour=15/states_2022-12-24-15.csv.tar,False,False,False,False,True,RAW_MISSING,False,,,1
2022-12-24T16:00:00Z,2022-12-24,ANCHOR_DAY,data/raw/opensky/state_vectors/2022/date=2022-12-24/hour=16/states_2022-12-24-16.csv.tar,False,False,False,False,True,RAW_MISSING,False,,,1
2022-12-24T17:00:00Z,2022-12-24,ANCHOR_DAY,data/raw/opensky/state_vectors/2022/date=2022-12-24/hour=17/states_2022-12-24-17.csv.tar,False,False,False,False,True,RAW_MISSING,False,,,1
2022-12-24T18:00:00Z,2022-12-24,ANCHOR_DAY,data/raw/opensky/state_vectors/2022/date=2022-12-24/hour=18/states_2022-12-24-18.csv.tar,False,False,False,False,True,RAW_MISSING,False,,,1
2022-12-24T19:00:00Z,2022-12-24,ANCHOR_DAY,data/raw/opensky/state_vectors/2022/date=2022-12-24/hour=19/states_2022-12-24-19.csv.tar,False,False,False,False,True,RAW_MISSING,False,,,1
2022-12-24T20:00:00Z,2022-12-24,ANCHOR_DAY,data/raw/opensky/state_vectors/2022/date=2022-12-24/hour=20/states_2022-12-24-20.csv.tar,False,False,False,False,True,RAW_MISSING,False,,,1
2022-12-24T21:00:00Z,2022-12-24,ANCHOR_DAY,data/raw/opensky/state_vectors/2022/date=2022-12-24/hour=21/states_2022-12-24-21.csv.tar,False,False,False,False,True,RAW_MISSING,False,,,1
2022-12-24T22:00:00Z,2022-12-24,ANCHOR_DAY,data/raw/opensky/state_vectors/2022/date=2022-12-24/hour=22/states_2022-12-24-22.csv.tar,False,False,False,False,True,RAW_MISSING,False,,,1
2022-12-24T23:00:00Z,2022-12-24,ANCHOR_DAY,data/raw/opensky/state_vectors/2022/date=2022-12-24/hour=23/states_2022-12-24-23.csv.tar,False,False,False,False,True,RAW_MISSING,False,,,1
2022-12-25T00:00:00Z,2022-12-24,POST_CONTEXT,data/raw/opensky/state_vectors/2022/date=2022-12-25/hour=00/states_2022-12-25-00.csv.tar,False,False,False,False,True,RAW_MISSING,False,,,1
2022-12-25T01:00:00Z,2022-12-24,POST_CONTEXT,data/raw/opensky/state_vectors/2022/date=2022-12-25/hour=01/states_2022-12-25-01.csv.tar,False,False,False,False,True,RAW_MISSING,False,,,1
2022-12-25T02:00:00Z,2022-12-24,POST_CONTEXT,data/raw/opensky/state_vectors/2022/date=2022-12-25/hour=02/states_2022-12-25-02.csv.tar,False,False,False,False,True,RAW_MISSING,False,,,1
2022-12-25T03:00:00Z,2022-12-24,POST_CONTEXT,data/raw/opensky/state_vectors/2022/date=2022-12-25/hour=03/states_2022-12-25-03.csv.tar,False,False,False,False,True,RAW_MISSING,False,,,1
2022-12-25T04:00:00Z,2022-12-24,POST_CONTEXT,data/raw/opensky/state_vectors/2022/date=2022-12-25/hour=04/states_2022-12-25-04.csv.tar,False,False,False,False,True,RAW_MISSING,False,,,1
2022-12-25T05:00:00Z,2022-12-24,POST_CONTEXT,data/raw/opensky/state_vectors/2022/date=2022-12-25/hour=05/states_2022-12-25-05.csv.tar,False,False,False,False,True,RAW_MISSING,False,,,1
2022-12-25T06:00:00Z,2022-12-24,POST_CONTEXT,data/raw/opensky/state_vectors/2022/date=2022-12-25/hour=06/states_2022-12-25-06.csv.tar,False,False,False,False,True,RAW_MISSING,False,,,1
2022-12-25T07:00:00Z,2022-12-24,POST_CONTEXT,data/raw/opensky/state_vectors/2022/date=2022-12-25/hour=07/states_2022-12-25-07.csv.tar,False,False,False,False,True,RAW_MISSING,False,,,1
2022-12-25T08:00:00Z,2022-12-24,POST_CONTEXT,data/raw/opensky/state_vectors/2022/date=2022-12-25/hour=08/states_2022-12-25-08.csv.tar,False,False,False,False,True,RAW_MISSING,False,,,1
2022-12-25T09:00:00Z,2022-12-24,POST_CONTEXT,data/raw/opensky/state_vectors/2022/date=2022-12-25/hour=09/states_2022-12-25-09.csv.tar,False,False,False,False,True,RAW_MISSING,False,,,1
2022-12-25T10:00:00Z,2022-12-24,POST_CONTEXT,data/raw/opensky/state_vectors/2022/date=2022-12-25/hour=10/states_2022-12-25-10.csv.tar,False,False,False,False,True,RAW_MISSING,False,,,1
2022-12-25T11:00:00Z,2022-12-24,POST_CONTEXT,data/raw/opensky/state_vectors/2022/date=2022-12-25/hour=11/states_2022-12-25-11.csv.tar,False,False,False,False,True,RAW_MISSING,False,,,1
2022-12-25T18:00:00Z,2022-12-26,PRE_CONTEXT,data/raw/opensky/state_vectors/2022/date=2022-12-25/hour=18/states_2022-12-25-18.csv.tar,False,False,False,False,True,RAW_MISSING,False,,,1
2022-12-25T19:00:00Z,2022-12-26,PRE_CONTEXT,data/raw/opensky/state_vectors/2022/date=2022-12-25/hour=19/states_2022-12-25-19.csv.tar,False,False,False,False,True,RAW_MISSING,False,,,1
2022-12-25T20:00:00Z,2022-12-26,PRE_CONTEXT,data/raw/opensky/state_vectors/2022/date=2022-12-25/hour=20/states_2022-12-25-20.csv.tar,False,False,False,False,True,RAW_MISSING,False,,,1
2022-12-25T21:00:00Z,2022-12-26,PRE_CONTEXT,data/raw/opensky/state_vectors/2022/date=2022-12-25/hour=21/states_2022-12-25-21.csv.tar,False,False,False,False,True,RAW_MISSING,False,,,1
2022-12-25T22:00:00Z,2022-12-26,PRE_CONTEXT,data/raw/opensky/state_vectors/2022/date=2022-12-25/hour=22/states_2022-12-25-22.csv.tar,False,False,False,False,True,RAW_MISSING,False,,,1
2022-12-25T23:00:00Z,2022-12-26,PRE_CONTEXT,data/raw/opensky/state_vectors/2022/date=2022-12-25/hour=23/states_2022-12-25-23.csv.tar,False,False,False,False,True,RAW_MISSING,False,,,1
2022-12-26T00:00:00Z,2022-12-26,ANCHOR_DAY,data/raw/opensky/state_vectors/2022/date=2022-12-26/hour=00/states_2022-12-26-00.csv.tar,False,False,False,False,True,RAW_MISSING,False,,,1
2022-12-26T01:00:00Z,2022-12-26,ANCHOR_DAY,data/raw/opensky/state_vectors/2022/date=2022-12-26/hour=01/states_2022-12-26-01.csv.tar,False,False,False,False,True,RAW_MISSING,False,,,1
2022-12-26T02:00:00Z,2022-12-26,ANCHOR_DAY,data/raw/opensky/state_vectors/2022/date=2022-12-26/hour=02/states_2022-12-26-02.csv.tar,False,False,False,False,True,RAW_MISSING,False,,,1
2022-12-26T03:00:00Z,2022-12-26,ANCHOR_DAY,data/raw/opensky/state_vectors/2022/date=2022-12-26/hour=03/states_2022-12-26-03.csv.tar,False,False,False,False,True,RAW_MISSING,False,,,1
2022-12-26T04:00:00Z,2022-12-26,ANCHOR_DAY,data/raw/opensky/state_vectors/2022/date=2022-12-26/hour=04/states_2022-12-26-04.csv.tar,False,False,False,False,True,RAW_MISSING,False,,,1
2022-12-26T05:00:00Z,2022-12-26,ANCHOR_DAY,data/raw/opensky/state_vectors/2022/date=2022-12-26/hour=05/states_2022-12-26-05.csv.tar,False,False,False,False,True,RAW_MISSING,False,,,1
2022-12-26T06:00:00Z,2022-12-26,ANCHOR_DAY,data/raw/opensky/state_vectors/2022/date=2022-12-26/hour=06/states_2022-12-26-06.csv.tar,False,False,False,False,True,RAW_MISSING,False,,,1
2022-12-26T07:00:00Z,2022-12-26,ANCHOR_DAY,data/raw/opensky/state_vectors/2022/date=2022-12-26/hour=07/states_2022-12-26-07.csv.tar,False,False,False,False,True,RAW_MISSING,False,,,1
2022-12-26T08:00:00Z,2022-12-26,ANCHOR_DAY,data/raw/opensky/state_vectors/2022/date=2022-12-26/hour=08/states_2022-12-26-08.csv.tar,False,False,False,False,True,RAW_MISSING,False,,,1
2022-12-26T09:00:00Z,2022-12-26,ANCHOR_DAY,data/raw/opensky/state_vectors/2022/date=2022-12-26/hour=09/states_2022-12-26-09.csv.tar,False,False,False,False,True,RAW_MISSING,False,,,1
2022-12-26T10:00:00Z,2022-12-26,ANCHOR_DAY,data/raw/opensky/state_vectors/2022/date=2022-12-26/hour=10/states_2022-12-26-10.csv.tar,False,False,False,False,True,RAW_MISSING,False,,,1
2022-12-26T11:00:00Z,2022-12-26,ANCHOR_DAY,data/raw/opensky/state_vectors/2022/date=2022-12-26/hour=11/states_2022-12-26-11.csv.tar,False,False,False,False,True,RAW_MISSING,False,,,1
2022-12-26T12:00:00Z,2022-12-26,ANCHOR_DAY,data/raw/opensky/state_vectors/2022/date=2022-12-26/hour=12/states_2022-12-26-12.csv.tar,False,False,False,False,True,RAW_MISSING,False,,,1
2022-12-26T13:00:00Z,2022-12-26,ANCHOR_DAY,data/raw/opensky/state_vectors/2022/date=2022-12-26/hour=13/states_2022-12-26-13.csv.tar,False,False,False,False,True,RAW_MISSING,False,,,1
2022-12-26T14:00:00Z,2022-12-26,ANCHOR_DAY,data/raw/opensky/state_vectors/2022/date=2022-12-26/hour=14/states_2022-12-26-14.csv.tar,False,False,False,False,True,RAW_MISSING,False,,,1
2022-12-26T15:00:00Z,2022-12-26,ANCHOR_DAY,data/raw/opensky/state_vectors/2022/date=2022-12-26/hour=15/states_2022-12-26-15.csv.tar,False,False,False,False,True,RAW_MISSING,False,,,1
2022-12-26T16:00:00Z,2022-12-26,ANCHOR_DAY,data/raw/opensky/state_vectors/2022/date=2022-12-26/hour=16/states_2022-12-26-16.csv.tar,False,False,False,False,True,RAW_MISSING,False,,,1
2022-12-26T17:00:00Z,2022-12-26,ANCHOR_DAY,data/raw/opensky/state_vectors/2022/date=2022-12-26/hour=17/states_2022-12-26-17.csv.tar,False,False,False,False,True,RAW_MISSING,False,,,1
2022-12-26T18:00:00Z,2022-12-26,ANCHOR_DAY,data/raw/opensky/state_vectors/2022/date=2022-12-26/hour=18/states_2022-12-26-18.csv.tar,False,False,False,False,True,RAW_MISSING,False,,,1
2022-12-26T19:00:00Z,2022-12-26,ANCHOR_DAY,data/raw/opensky/state_vectors/2022/date=2022-12-26/hour=19/states_2022-12-26-19.csv.tar,False,False,False,False,True,RAW_MISSING,False,,,1
2022-12-26T20:00:00Z,2022-12-26,ANCHOR_DAY,data/raw/opensky/state_vectors/2022/date=2022-12-26/hour=20/states_2022-12-26-20.csv.tar,False,False,False,False,True,RAW_MISSING,False,,,1
2022-12-26T21:00:00Z,2022-12-26,ANCHOR_DAY,data/raw/opensky/state_vectors/2022/date=2022-12-26/hour=21/states_2022-12-26-21.csv.tar,False,False,False,False,True,RAW_MISSING,False,,,1
2022-12-26T22:00:00Z,2022-12-26,ANCHOR_DAY,data/raw/opensky/state_vectors/2022/date=2022-12-26/hour=22/states_2022-12-26-22.csv.tar,False,False,False,False,True,RAW_MISSING,False,,,1
2022-12-26T23:00:00Z,2022-12-26,ANCHOR_DAY,data/raw/opensky/state_vectors/2022/date=2022-12-26/hour=23/states_2022-12-26-23.csv.tar,False,False,False,False,True,RAW_MISSING,False,,,1
2022-12-27T00:00:00Z,2022-12-26,POST_CONTEXT,data/raw/opensky/state_vectors/2022/date=2022-12-27/hour=00/states_2022-12-27-00.csv.tar,False,False,False,False,True,RAW_MISSING,False,,,1
2022-12-27T01:00:00Z,2022-12-26,POST_CONTEXT,data/raw/opensky/state_vectors/2022/date=2022-12-27/hour=01/states_2022-12-27-01.csv.tar,False,False,False,False,True,RAW_MISSING,False,,,1
2022-12-27T02:00:00Z,2022-12-26,POST_CONTEXT,data/raw/opensky/state_vectors/2022/date=2022-12-27/hour=02/states_2022-12-27-02.csv.tar,False,False,False,False,True,RAW_MISSING,False,,,1
2022-12-27T03:00:00Z,2022-12-26,POST_CONTEXT,data/raw/opensky/state_vectors/2022/date=2022-12-27/hour=03/states_2022-12-27-03.csv.tar,False,False,False,False,True,RAW_MISSING,False,,,1
2022-12-27T04:00:00Z,2022-12-26,POST_CONTEXT,data/raw/opensky/state_vectors/2022/date=2022-12-27/hour=04/states_2022-12-27-04.csv.tar,False,False,False,False,True,RAW_MISSING,False,,,1
2022-12-27T05:00:00Z,2022-12-26,POST_CONTEXT,data/raw/opensky/state_vectors/2022/date=2022-12-27/hour=05/states_2022-12-27-05.csv.tar,False,False,False,False,True,RAW_MISSING,False,,,1
2022-12-27T06:00:00Z,2022-12-26,POST_CONTEXT,data/raw/opensky/state_vectors/2022/date=2022-12-27/hour=06/states_2022-12-27-06.csv.tar,False,False,False,False,True,RAW_MISSING,False,,,1
2022-12-27T07:00:00Z,2022-12-26,POST_CONTEXT,data/raw/opensky/state_vectors/2022/date=2022-12-27/hour=07/states_2022-12-27-07.csv.tar,False,False,False,False,True,RAW_MISSING,False,,,1
2022-12-27T08:00:00Z,2022-12-26,POST_CONTEXT,data/raw/opensky/state_vectors/2022/date=2022-12-27/hour=08/states_2022-12-27-08.csv.tar,False,False,False,False,True,RAW_MISSING,False,,,1
2022-12-27T09:00:00Z,2022-12-26,POST_CONTEXT,data/raw/opensky/state_vectors/2022/date=2022-12-27/hour=09/states_2022-12-27-09.csv.tar,False,False,False,False,True,RAW_MISSING,False,,,1
2022-12-27T10:00:00Z,2022-12-26,POST_CONTEXT,data/raw/opensky/state_vectors/2022/date=2022-12-27/hour=10/states_2022-12-27-10.csv.tar,False,False,False,False,True,RAW_MISSING,False,,,1
2022-12-27T11:00:00Z,2022-12-26,POST_CONTEXT,data/raw/opensky/state_vectors/2022/date=2022-12-27/hour=11/states_2022-12-27-11.csv.tar,False,False,False,False,True,RAW_MISSING,False,,,1
2022-09-04T18:00:00Z,2022-09-05,PRE_CONTEXT,data/raw/opensky/state_vectors/2022/date=2022-09-04/hour=18/states_2022-09-04-18.csv.tar,False,False,False,False,True,RAW_MISSING,False,,,2
2022-09-04T19:00:00Z,2022-09-05,PRE_CONTEXT,data/raw/opensky/state_vectors/2022/date=2022-09-04/hour=19/states_2022-09-04-19.csv.tar,False,False,False,False,True,RAW_MISSING,False,,,2
2022-09-04T20:00:00Z,2022-09-05,PRE_CONTEXT,data/raw/opensky/state_vectors/2022/date=2022-09-04/hour=20/states_2022-09-04-20.csv.tar,False,False,False,False,True,RAW_MISSING,False,,,2
2022-09-04T21:00:00Z,2022-09-05,PRE_CONTEXT,data/raw/opensky/state_vectors/2022/date=2022-09-04/hour=21/states_2022-09-04-21.csv.tar,False,False,False,False,True,RAW_MISSING,False,,,2
2022-09-04T22:00:00Z,2022-09-05,PRE_CONTEXT,data/raw/opensky/state_vectors/2022/date=2022-09-04/hour=22/states_2022-09-04-22.csv.tar,False,False,False,False,True,RAW_MISSING,False,,,2
2022-09-04T23:00:00Z,2022-09-05,PRE_CONTEXT,data/raw/opensky/state_vectors/2022/date=2022-09-04/hour=23/states_2022-09-04-23.csv.tar,False,False,False,False,True,RAW_MISSING,False,,,2
2022-09-05T00:00:00Z,2022-09-05,ANCHOR_DAY,data/raw/opensky/state_vectors/2022/date=2022-09-05/hour=00/states_2022-09-05-00.csv.tar,False,False,False,False,True,RAW_MISSING,False,,,2
2022-09-05T01:00:00Z,2022-09-05,ANCHOR_DAY,data/raw/opensky/state_vectors/2022/date=2022-09-05/hour=01/states_2022-09-05-01.csv.tar,False,False,False,False,True,RAW_MISSING,False,,,2
2022-09-05T02:00:00Z,2022-09-05,ANCHOR_DAY,data/raw/opensky/state_vectors/2022/date=2022-09-05/hour=02/states_2022-09-05-02.csv.tar,False,False,False,False,True,RAW_MISSING,False,,,2
2022-09-05T03:00:00Z,2022-09-05,ANCHOR_DAY,data/raw/opensky/state_vectors/2022/date=2022-09-05/hour=03/states_2022-09-05-03.csv.tar,False,False,False,False,True,RAW_MISSING,False,,,2
2022-09-05T04:00:00Z,2022-09-05,ANCHOR_DAY,data/raw/opensky/state_vectors/2022/date=2022-09-05/hour=04/states_2022-09-05-04.csv.tar,False,False,False,False,True,RAW_MISSING,False,,,2
2022-09-05T05:00:00Z,2022-09-05,ANCHOR_DAY,data/raw/opensky/state_vectors/2022/date=2022-09-05/hour=05/states_2022-09-05-05.csv.tar,False,False,False,False,True,RAW_MISSING,False,,,2
2022-09-05T06:00:00Z,2022-09-05,ANCHOR_DAY,data/raw/opensky/state_vectors/2022/date=2022-09-05/hour=06/states_2022-09-05-06.csv.tar,False,False,False,False,True,RAW_MISSING,False,,,2
2022-09-05T07:00:00Z,2022-09-05,ANCHOR_DAY,data/raw/opensky/state_vectors/2022/date=2022-09-05/hour=07/states_2022-09-05-07.csv.tar,False,False,False,False,True,RAW_MISSING,False,,,2
2022-09-05T08:00:00Z,2022-09-05,ANCHOR_DAY,data/raw/opensky/state_vectors/2022/date=2022-09-05/hour=08/states_2022-09-05-08.csv.tar,False,False,False,False,True,RAW_MISSING,False,,,2
2022-09-05T09:00:00Z,2022-09-05,ANCHOR_DAY,data/raw/opensky/state_vectors/2022/date=2022-09-05/hour=09/states_2022-09-05-09.csv.tar,False,False,False,False,True,RAW_MISSING,False,,,2
2022-09-05T10:00:00Z,2022-09-05,ANCHOR_DAY,data/raw/opensky/state_vectors/2022/date=2022-09-05/hour=10/states_2022-09-05-10.csv.tar,False,False,False,False,True,RAW_MISSING,False,,,2
2022-09-05T11:00:00Z,2022-09-05,ANCHOR_DAY,data/raw/opensky/state_vectors/2022/date=2022-09-05/hour=11/states_2022-09-05-11.csv.tar,False,False,False,False,True,RAW_MISSING,False,,,2
2022-09-05T12:00:00Z,2022-09-05,ANCHOR_DAY,data/raw/opensky/state_vectors/2022/date=2022-09-05/hour=12/states_2022-09-05-12.csv.tar,False,False,False,False,True,RAW_MISSING,False,,,2
2022-09-05T13:00:00Z,2022-09-05,ANCHOR_DAY,data/raw/opensky/state_vectors/2022/date=2022-09-05/hour=13/states_2022-09-05-13.csv.tar,False,False,False,False,True,RAW_MISSING,False,,,2
2022-09-05T14:00:00Z,2022-09-05,ANCHOR_DAY,data/raw/opensky/state_vectors/2022/date=2022-09-05/hour=14/states_2022-09-05-14.csv.tar,False,False,False,False,True,RAW_MISSING,False,,,2
2022-09-05T15:00:00Z,2022-09-05,ANCHOR_DAY,data/raw/opensky/state_vectors/2022/date=2022-09-05/hour=15/states_2022-09-05-15.csv.tar,False,False,False,False,True,RAW_MISSING,False,,,2
2022-09-05T16:00:00Z,2022-09-05,ANCHOR_DAY,data/raw/opensky/state_vectors/2022/date=2022-09-05/hour=16/states_2022-09-05-16.csv.tar,False,False,False,False,True,RAW_MISSING,False,,,2
2022-09-05T17:00:00Z,2022-09-05,ANCHOR_DAY,data/raw/opensky/state_vectors/2022/date=2022-09-05/hour=17/states_2022-09-05-17.csv.tar,False,False,False,False,True,RAW_MISSING,False,,,2
2022-09-05T18:00:00Z,2022-09-05,ANCHOR_DAY,data/raw/opensky/state_vectors/2022/date=2022-09-05/hour=18/states_2022-09-05-18.csv.tar,False,False,False,False,True,RAW_MISSING,False,,,2
2022-09-05T19:00:00Z,2022-09-05,ANCHOR_DAY,data/raw/opensky/state_vectors/2022/date=2022-09-05/hour=19/states_2022-09-05-19.csv.tar,False,False,False,False,True,RAW_MISSING,False,,,2
2022-09-05T20:00:00Z,2022-09-05,ANCHOR_DAY,data/raw/opensky/state_vectors/2022/date=2022-09-05/hour=20/states_2022-09-05-20.csv.tar,False,False,False,False,True,RAW_MISSING,False,,,2
2022-09-05T21:00:00Z,2022-09-05,ANCHOR_DAY,data/raw/opensky/state_vectors/2022/date=2022-09-05/hour=21/states_2022-09-05-21.csv.tar,False,False,False,False,True,RAW_MISSING,False,,,2
2022-09-05T22:00:00Z,2022-09-05,ANCHOR_DAY,data/raw/opensky/state_vectors/2022/date=2022-09-05/hour=22/states_2022-09-05-22.csv.tar,False,False,False,False,True,RAW_MISSING,False,,,2
2022-09-05T23:00:00Z,2022-09-05,ANCHOR_DAY,data/raw/opensky/state_vectors/2022/date=2022-09-05/hour=23/states_2022-09-05-23.csv.tar,False,False,False,False,True,RAW_MISSING,False,,,2
2022-09-06T00:00:00Z,2022-09-05,POST_CONTEXT,data/raw/opensky/state_vectors/2022/date=2022-09-06/hour=00/states_2022-09-06-00.csv.tar,False,False,False,False,True,RAW_MISSING,False,,,2
2022-09-06T01:00:00Z,2022-09-05,POST_CONTEXT,data/raw/opensky/state_vectors/2022/date=2022-09-06/hour=01/states_2022-09-06-01.csv.tar,False,False,False,False,True,RAW_MISSING,False,,,2
2022-09-06T02:00:00Z,2022-09-05,POST_CONTEXT,data/raw/opensky/state_vectors/2022/date=2022-09-06/hour=02/states_2022-09-06-02.csv.tar,False,False,False,False,True,RAW_MISSING,False,,,2
2022-09-06T03:00:00Z,2022-09-05,POST_CONTEXT,data/raw/opensky/state_vectors/2022/date=2022-09-06/hour=03/states_2022-09-06-03.csv.tar,False,False,False,False,True,RAW_MISSING,False,,,2
2022-09-06T04:00:00Z,2022-09-05,POST_CONTEXT,data/raw/opensky/state_vectors/2022/date=2022-09-06/hour=04/states_2022-09-06-04.csv.tar,False,False,False,False,True,RAW_MISSING,False,,,2
2022-09-06T05:00:00Z,2022-09-05,POST_CONTEXT,data/raw/opensky/state_vectors/2022/date=2022-09-06/hour=05/states_2022-09-06-05.csv.tar,False,False,False,False,True,RAW_MISSING,False,,,2
2022-09-06T06:00:00Z,2022-09-05,POST_CONTEXT,data/raw/opensky/state_vectors/2022/date=2022-09-06/hour=06/states_2022-09-06-06.csv.tar,False,False,False,False,True,RAW_MISSING,False,,,2
2022-09-06T07:00:00Z,2022-09-05,POST_CONTEXT,data/raw/opensky/state_vectors/2022/date=2022-09-06/hour=07/states_2022-09-06-07.csv.tar,False,False,False,False,True,RAW_MISSING,False,,,2
2022-09-06T08:00:00Z,2022-09-05,POST_CONTEXT,data/raw/opensky/state_vectors/2022/date=2022-09-06/hour=08/states_2022-09-06-08.csv.tar,False,False,False,False,True,RAW_MISSING,False,,,2
2022-09-06T09:00:00Z,2022-09-05,POST_CONTEXT,data/raw/opensky/state_vectors/2022/date=2022-09-06/hour=09/states_2022-09-06-09.csv.tar,False,False,False,False,True,RAW_MISSING,False,,,2
2022-09-06T10:00:00Z,2022-09-05,POST_CONTEXT,data/raw/opensky/state_vectors/2022/date=2022-09-06/hour=10/states_2022-09-06-10.csv.tar,False,False,False,False,True,RAW_MISSING,False,,,2
2022-09-06T11:00:00Z,2022-09-05,POST_CONTEXT,data/raw/opensky/state_vectors/2022/date=2022-09-06/hour=11/states_2022-09-06-11.csv.tar,False,False,False,False,True,RAW_MISSING,False,,,2
2022-09-09T18:00:00Z,2022-09-10,PRE_CONTEXT,data/raw/opensky/state_vectors/2022/date=2022-09-09/hour=18/states_2022-09-09-18.csv.tar,False,False,False,False,True,RAW_MISSING,False,,,2
2022-09-09T19:00:00Z,2022-09-10,PRE_CONTEXT,data/raw/opensky/state_vectors/2022/date=2022-09-09/hour=19/states_2022-09-09-19.csv.tar,False,False,False,False,True,RAW_MISSING,False,,,2
2022-09-09T20:00:00Z,2022-09-10,PRE_CONTEXT,data/raw/opensky/state_vectors/2022/date=2022-09-09/hour=20/states_2022-09-09-20.csv.tar,False,False,False,False,True,RAW_MISSING,False,,,2
2022-09-09T21:00:00Z,2022-09-10,PRE_CONTEXT,data/raw/opensky/state_vectors/2022/date=2022-09-09/hour=21/states_2022-09-09-21.csv.tar,False,False,False,False,True,RAW_MISSING,False,,,2
2022-09-09T22:00:00Z,2022-09-10,PRE_CONTEXT,data/raw/opensky/state_vectors/2022/date=2022-09-09/hour=22/states_2022-09-09-22.csv.tar,False,False,False,False,True,RAW_MISSING,False,,,2
2022-09-09T23:00:00Z,2022-09-10,PRE_CONTEXT,data/raw/opensky/state_vectors/2022/date=2022-09-09/hour=23/states_2022-09-09-23.csv.tar,False,False,False,False,True,RAW_MISSING,False,,,2
2022-09-10T00:00:00Z,2022-09-10,ANCHOR_DAY,data/raw/opensky/state_vectors/2022/date=2022-09-10/hour=00/states_2022-09-10-00.csv.tar,False,False,False,False,True,RAW_MISSING,False,,,2
2022-09-10T01:00:00Z,2022-09-10,ANCHOR_DAY,data/raw/opensky/state_vectors/2022/date=2022-09-10/hour=01/states_2022-09-10-01.csv.tar,False,False,False,False,True,RAW_MISSING,False,,,2
2022-09-10T02:00:00Z,2022-09-10,ANCHOR_DAY,data/raw/opensky/state_vectors/2022/date=2022-09-10/hour=02/states_2022-09-10-02.csv.tar,False,False,False,False,True,RAW_MISSING,False,,,2
2022-09-10T03:00:00Z,2022-09-10,ANCHOR_DAY,data/raw/opensky/state_vectors/2022/date=2022-09-10/hour=03/states_2022-09-10-03.csv.tar,False,False,False,False,True,RAW_MISSING,False,,,2
2022-09-10T04:00:00Z,2022-09-10,ANCHOR_DAY,data/raw/opensky/state_vectors/2022/date=2022-09-10/hour=04/states_2022-09-10-04.csv.tar,False,False,False,False,True,RAW_MISSING,False,,,2
2022-09-10T05:00:00Z,2022-09-10,ANCHOR_DAY,data/raw/opensky/state_vectors/2022/date=2022-09-10/hour=05/states_2022-09-10-05.csv.tar,False,False,False,False,True,RAW_MISSING,False,,,2
2022-09-10T06:00:00Z,2022-09-10,ANCHOR_DAY,data/raw/opensky/state_vectors/2022/date=2022-09-10/hour=06/states_2022-09-10-06.csv.tar,False,False,False,False,True,RAW_MISSING,False,,,2
2022-09-10T07:00:00Z,2022-09-10,ANCHOR_DAY,data/raw/opensky/state_vectors/2022/date=2022-09-10/hour=07/states_2022-09-10-07.csv.tar,False,False,False,False,True,RAW_MISSING,False,,,2
2022-09-10T08:00:00Z,2022-09-10,ANCHOR_DAY,data/raw/opensky/state_vectors/2022/date=2022-09-10/hour=08/states_2022-09-10-08.csv.tar,False,False,False,False,True,RAW_MISSING,False,,,2
2022-09-10T09:00:00Z,2022-09-10,ANCHOR_DAY,data/raw/opensky/state_vectors/2022/date=2022-09-10/hour=09/states_2022-09-10-09.csv.tar,False,False,False,False,True,RAW_MISSING,False,,,2
2022-09-10T10:00:00Z,2022-09-10,ANCHOR_DAY,data/raw/opensky/state_vectors/2022/date=2022-09-10/hour=10/states_2022-09-10-10.csv.tar,False,False,False,False,True,RAW_MISSING,False,,,2
2022-09-10T11:00:00Z,2022-09-10,ANCHOR_DAY,data/raw/opensky/state_vectors/2022/date=2022-09-10/hour=11/states_2022-09-10-11.csv.tar,False,False,False,False,True,RAW_MISSING,False,,,2
2022-09-10T12:00:00Z,2022-09-10,ANCHOR_DAY,data/raw/opensky/state_vectors/2022/date=2022-09-10/hour=12/states_2022-09-10-12.csv.tar,False,False,False,False,True,RAW_MISSING,False,,,2
2022-09-10T13:00:00Z,2022-09-10,ANCHOR_DAY,data/raw/opensky/state_vectors/2022/date=2022-09-10/hour=13/states_2022-09-10-13.csv.tar,False,False,False,False,True,RAW_MISSING,False,,,2
2022-09-10T14:00:00Z,2022-09-10,ANCHOR_DAY,data/raw/opensky/state_vectors/2022/date=2022-09-10/hour=14/states_2022-09-10-14.csv.tar,False,False,False,False,True,RAW_MISSING,False,,,2
2022-09-10T15:00:00Z,2022-09-10,ANCHOR_DAY,data/raw/opensky/state_vectors/2022/date=2022-09-10/hour=15/states_2022-09-10-15.csv.tar,False,False,False,False,True,RAW_MISSING,False,,,2
2022-09-10T16:00:00Z,2022-09-10,ANCHOR_DAY,data/raw/opensky/state_vectors/2022/date=2022-09-10/hour=16/states_2022-09-10-16.csv.tar,False,False,False,False,True,RAW_MISSING,False,,,2
2022-09-10T17:00:00Z,2022-09-10,ANCHOR_DAY,data/raw/opensky/state_vectors/2022/date=2022-09-10/hour=17/states_2022-09-10-17.csv.tar,False,False,False,False,True,RAW_MISSING,False,,,2
2022-09-10T18:00:00Z,2022-09-10,ANCHOR_DAY,data/raw/opensky/state_vectors/2022/date=2022-09-10/hour=18/states_2022-09-10-18.csv.tar,False,False,False,False,True,RAW_MISSING,False,,,2
2022-09-10T19:00:00Z,2022-09-10,ANCHOR_DAY,data/raw/opensky/state_vectors/2022/date=2022-09-10/hour=19/states_2022-09-10-19.csv.tar,False,False,False,False,True,RAW_MISSING,False,,,2
2022-09-10T20:00:00Z,2022-09-10,ANCHOR_DAY,data/raw/opensky/state_vectors/2022/date=2022-09-10/hour=20/states_2022-09-10-20.csv.tar,False,False,False,False,True,RAW_MISSING,False,,,2
2022-09-10T21:00:00Z,2022-09-10,ANCHOR_DAY,data/raw/opensky/state_vectors/2022/date=2022-09-10/hour=21/states_2022-09-10-21.csv.tar,False,False,False,False,True,RAW_MISSING,False,,,2
2022-09-10T22:00:00Z,2022-09-10,ANCHOR_DAY,data/raw/opensky/state_vectors/2022/date=2022-09-10/hour=22/states_2022-09-10-22.csv.tar,False,False,False,False,True,RAW_MISSING,False,,,2
2022-09-10T23:00:00Z,2022-09-10,ANCHOR_DAY,data/raw/opensky/state_vectors/2022/date=2022-09-10/hour=23/states_2022-09-10-23.csv.tar,False,False,False,False,True,RAW_MISSING,False,,,2
2022-09-11T00:00:00Z,2022-09-10,POST_CONTEXT,data/raw/opensky/state_vectors/2022/date=2022-09-11/hour=00/states_2022-09-11-00.csv.tar,False,False,False,False,True,RAW_MISSING,False,,,2
2022-09-11T01:00:00Z,2022-09-10,POST_CONTEXT,data/raw/opensky/state_vectors/2022/date=2022-09-11/hour=01/states_2022-09-11-01.csv.tar,False,False,False,False,True,RAW_MISSING,False,,,2
2022-09-11T02:00:00Z,2022-09-10,POST_CONTEXT,data/raw/opensky/state_vectors/2022/date=2022-09-11/hour=02/states_2022-09-11-02.csv.tar,False,False,False,False,True,RAW_MISSING,False,,,2
2022-09-11T03:00:00Z,2022-09-10,POST_CONTEXT,data/raw/opensky/state_vectors/2022/date=2022-09-11/hour=03/states_2022-09-11-03.csv.tar,False,False,False,False,True,RAW_MISSING,False,,,2
2022-09-11T04:00:00Z,2022-09-10,POST_CONTEXT,data/raw/opensky/state_vectors/2022/date=2022-09-11/hour=04/states_2022-09-11-04.csv.tar,False,False,False,False,True,RAW_MISSING,False,,,2
2022-09-11T05:00:00Z,2022-09-10,POST_CONTEXT,data/raw/opensky/state_vectors/2022/date=2022-09-11/hour=05/states_2022-09-11-05.csv.tar,False,False,False,False,True,RAW_MISSING,False,,,2
2022-09-11T06:00:00Z,2022-09-10,POST_CONTEXT,data/raw/opensky/state_vectors/2022/date=2022-09-11/hour=06/states_2022-09-11-06.csv.tar,False,False,False,False,True,RAW_MISSING,False,,,2
2022-09-11T07:00:00Z,2022-09-10,POST_CONTEXT,data/raw/opensky/state_vectors/2022/date=2022-09-11/hour=07/states_2022-09-11-07.csv.tar,False,False,False,False,True,RAW_MISSING,False,,,2
2022-09-11T08:00:00Z,2022-09-10,POST_CONTEXT,data/raw/opensky/state_vectors/2022/date=2022-09-11/hour=08/states_2022-09-11-08.csv.tar,False,False,False,False,True,RAW_MISSING,False,,,2
2022-09-11T09:00:00Z,2022-09-10,POST_CONTEXT,data/raw/opensky/state_vectors/2022/date=2022-09-11/hour=09/states_2022-09-11-09.csv.tar,False,False,False,False,True,RAW_MISSING,False,,,2
2022-09-11T10:00:00Z,2022-09-10,POST_CONTEXT,data/raw/opensky/state_vectors/2022/date=2022-09-11/hour=10/states_2022-09-11-10.csv.tar,False,False,False,False,True,RAW_MISSING,False,,,2
2022-09-11T11:00:00Z,2022-09-10,POST_CONTEXT,data/raw/opensky/state_vectors/2022/date=2022-09-11/hour=11/states_2022-09-11-11.csv.tar,False,False,False,False,True,RAW_MISSING,False,,,2
2022-09-11T18:00:00Z,2022-09-12,PRE_CONTEXT,data/raw/opensky/state_vectors/2022/date=2022-09-11/hour=18/states_2022-09-11-18.csv.tar,False,False,False,False,True,RAW_MISSING,False,,,2
2022-09-11T19:00:00Z,2022-09-12,PRE_CONTEXT,data/raw/opensky/state_vectors/2022/date=2022-09-11/hour=19/states_2022-09-11-19.csv.tar,False,False,False,False,True,RAW_MISSING,False,,,2
2022-09-11T20:00:00Z,2022-09-12,PRE_CONTEXT,data/raw/opensky/state_vectors/2022/date=2022-09-11/hour=20/states_2022-09-11-20.csv.tar,False,False,False,False,True,RAW_MISSING,False,,,2
2022-09-11T21:00:00Z,2022-09-12,PRE_CONTEXT,data/raw/opensky/state_vectors/2022/date=2022-09-11/hour=21/states_2022-09-11-21.csv.tar,False,False,False,False,True,RAW_MISSING,False,,,2
2022-09-11T22:00:00Z,2022-09-12,PRE_CONTEXT,data/raw/opensky/state_vectors/2022/date=2022-09-11/hour=22/states_2022-09-11-22.csv.tar,False,False,False,False,True,RAW_MISSING,False,,,2
2022-09-11T23:00:00Z,2022-09-12,PRE_CONTEXT,data/raw/opensky/state_vectors/2022/date=2022-09-11/hour=23/states_2022-09-11-23.csv.tar,False,False,False,False,True,RAW_MISSING,False,,,2
2022-09-12T00:00:00Z,2022-09-12,ANCHOR_DAY,data/raw/opensky/state_vectors/2022/date=2022-09-12/hour=00/states_2022-09-12-00.csv.tar,False,False,False,False,True,RAW_MISSING,False,,,2
2022-09-12T01:00:00Z,2022-09-12,ANCHOR_DAY,data/raw/opensky/state_vectors/2022/date=2022-09-12/hour=01/states_2022-09-12-01.csv.tar,False,False,False,False,True,RAW_MISSING,False,,,2
2022-09-12T02:00:00Z,2022-09-12,ANCHOR_DAY,data/raw/opensky/state_vectors/2022/date=2022-09-12/hour=02/states_2022-09-12-02.csv.tar,False,False,False,False,True,RAW_MISSING,False,,,2
2022-09-12T03:00:00Z,2022-09-12,ANCHOR_DAY,data/raw/opensky/state_vectors/2022/date=2022-09-12/hour=03/states_2022-09-12-03.csv.tar,False,False,False,False,True,RAW_MISSING,False,,,2
2022-09-12T04:00:00Z,2022-09-12,ANCHOR_DAY,data/raw/opensky/state_vectors/2022/date=2022-09-12/hour=04/states_2022-09-12-04.csv.tar,False,False,False,False,True,RAW_MISSING,False,,,2
2022-09-12T05:00:00Z,2022-09-12,ANCHOR_DAY,data/raw/opensky/state_vectors/2022/date=2022-09-12/hour=05/states_2022-09-12-05.csv.tar,False,False,False,False,True,RAW_MISSING,False,,,2
2022-09-12T06:00:00Z,2022-09-12,ANCHOR_DAY,data/raw/opensky/state_vectors/2022/date=2022-09-12/hour=06/states_2022-09-12-06.csv.tar,False,False,False,False,True,RAW_MISSING,False,,,2
2022-09-12T07:00:00Z,2022-09-12,ANCHOR_DAY,data/raw/opensky/state_vectors/2022/date=2022-09-12/hour=07/states_2022-09-12-07.csv.tar,False,False,False,False,True,RAW_MISSING,False,,,2
2022-09-12T08:00:00Z,2022-09-12,ANCHOR_DAY,data/raw/opensky/state_vectors/2022/date=2022-09-12/hour=08/states_2022-09-12-08.csv.tar,False,False,False,False,True,RAW_MISSING,False,,,2
2022-09-12T09:00:00Z,2022-09-12,ANCHOR_DAY,data/raw/opensky/state_vectors/2022/date=2022-09-12/hour=09/states_2022-09-12-09.csv.tar,False,False,False,False,True,RAW_MISSING,False,,,2
2022-09-12T10:00:00Z,2022-09-12,ANCHOR_DAY,data/raw/opensky/state_vectors/2022/date=2022-09-12/hour=10/states_2022-09-12-10.csv.tar,False,False,False,False,True,RAW_MISSING,False,,,2
2022-09-12T11:00:00Z,2022-09-12,ANCHOR_DAY,data/raw/opensky/state_vectors/2022/date=2022-09-12/hour=11/states_2022-09-12-11.csv.tar,False,False,False,False,True,RAW_MISSING,False,,,2
2022-09-12T12:00:00Z,2022-09-12,ANCHOR_DAY,data/raw/opensky/state_vectors/2022/date=2022-09-12/hour=12/states_2022-09-12-12.csv.tar,False,False,False,False,True,RAW_MISSING,False,,,2
2022-09-12T13:00:00Z,2022-09-12,ANCHOR_DAY,data/raw/opensky/state_vectors/2022/date=2022-09-12/hour=13/states_2022-09-12-13.csv.tar,False,False,False,False,True,RAW_MISSING,False,,,2
2022-09-12T14:00:00Z,2022-09-12,ANCHOR_DAY,data/raw/opensky/state_vectors/2022/date=2022-09-12/hour=14/states_2022-09-12-14.csv.tar,False,False,False,False,True,RAW_MISSING,False,,,2
2022-09-12T15:00:00Z,2022-09-12,ANCHOR_DAY,data/raw/opensky/state_vectors/2022/date=2022-09-12/hour=15/states_2022-09-12-15.csv.tar,False,False,False,False,True,RAW_MISSING,False,,,2
2022-09-12T16:00:00Z,2022-09-12,ANCHOR_DAY,data/raw/opensky/state_vectors/2022/date=2022-09-12/hour=16/states_2022-09-12-16.csv.tar,False,False,False,False,True,RAW_MISSING,False,,,2
2022-09-12T17:00:00Z,2022-09-12,ANCHOR_DAY,data/raw/opensky/state_vectors/2022/date=2022-09-12/hour=17/states_2022-09-12-17.csv.tar,False,False,False,False,True,RAW_MISSING,False,,,2
2022-09-12T18:00:00Z,2022-09-12,ANCHOR_DAY,data/raw/opensky/state_vectors/2022/date=2022-09-12/hour=18/states_2022-09-12-18.csv.tar,False,False,False,False,True,RAW_MISSING,False,,,2
2022-09-12T19:00:00Z,2022-09-12,ANCHOR_DAY,data/raw/opensky/state_vectors/2022/date=2022-09-12/hour=19/states_2022-09-12-19.csv.tar,False,False,False,False,True,RAW_MISSING,False,,,2
2022-09-12T20:00:00Z,2022-09-12,ANCHOR_DAY,data/raw/opensky/state_vectors/2022/date=2022-09-12/hour=20/states_2022-09-12-20.csv.tar,False,False,False,False,True,RAW_MISSING,False,,,2
2022-09-12T21:00:00Z,2022-09-12,ANCHOR_DAY,data/raw/opensky/state_vectors/2022/date=2022-09-12/hour=21/states_2022-09-12-21.csv.tar,False,False,False,False,True,RAW_MISSING,False,,,2
2022-09-12T22:00:00Z,2022-09-12,ANCHOR_DAY,data/raw/opensky/state_vectors/2022/date=2022-09-12/hour=22/states_2022-09-12-22.csv.tar,False,False,False,False,True,RAW_MISSING,False,,,2
2022-09-12T23:00:00Z,2022-09-12,ANCHOR_DAY,data/raw/opensky/state_vectors/2022/date=2022-09-12/hour=23/states_2022-09-12-23.csv.tar,False,False,False,False,True,RAW_MISSING,False,,,2
2022-09-13T00:00:00Z,2022-09-12,POST_CONTEXT,data/raw/opensky/state_vectors/2022/date=2022-09-13/hour=00/states_2022-09-13-00.csv.tar,False,False,False,False,True,RAW_MISSING,False,,,2
2022-09-13T01:00:00Z,2022-09-12,POST_CONTEXT,data/raw/opensky/state_vectors/2022/date=2022-09-13/hour=01/states_2022-09-13-01.csv.tar,False,False,False,False,True,RAW_MISSING,False,,,2
2022-09-13T02:00:00Z,2022-09-12,POST_CONTEXT,data/raw/opensky/state_vectors/2022/date=2022-09-13/hour=02/states_2022-09-13-02.csv.tar,False,False,False,False,True,RAW_MISSING,False,,,2
2022-09-13T03:00:00Z,2022-09-12,POST_CONTEXT,data/raw/opensky/state_vectors/2022/date=2022-09-13/hour=03/states_2022-09-13-03.csv.tar,False,False,False,False,True,RAW_MISSING,False,,,2
2022-09-13T04:00:00Z,2022-09-12,POST_CONTEXT,data/raw/opensky/state_vectors/2022/date=2022-09-13/hour=04/states_2022-09-13-04.csv.tar,False,False,False,False,True,RAW_MISSING,False,,,2
2022-09-13T05:00:00Z,2022-09-12,POST_CONTEXT,data/raw/opensky/state_vectors/2022/date=2022-09-13/hour=05/states_2022-09-13-05.csv.tar,False,False,False,False,True,RAW_MISSING,False,,,2
2022-09-13T06:00:00Z,2022-09-12,POST_CONTEXT,data/raw/opensky/state_vectors/2022/date=2022-09-13/hour=06/states_2022-09-13-06.csv.tar,False,False,False,False,True,RAW_MISSING,False,,,2
2022-09-13T07:00:00Z,2022-09-12,POST_CONTEXT,data/raw/opensky/state_vectors/2022/date=2022-09-13/hour=07/states_2022-09-13-07.csv.tar,False,False,False,False,True,RAW_MISSING,False,,,2
2022-09-13T08:00:00Z,2022-09-12,POST_CONTEXT,data/raw/opensky/state_vectors/2022/date=2022-09-13/hour=08/states_2022-09-13-08.csv.tar,False,False,False,False,True,RAW_MISSING,False,,,2
2022-09-13T09:00:00Z,2022-09-12,POST_CONTEXT,data/raw/opensky/state_vectors/2022/date=2022-09-13/hour=09/states_2022-09-13-09.csv.tar,False,False,False,False,True,RAW_MISSING,False,,,2
2022-09-13T10:00:00Z,2022-09-12,POST_CONTEXT,data/raw/opensky/state_vectors/2022/date=2022-09-13/hour=10/states_2022-09-13-10.csv.tar,False,False,False,False,True,RAW_MISSING,False,,,2
2022-09-13T11:00:00Z,2022-09-12,POST_CONTEXT,data/raw/opensky/state_vectors/2022/date=2022-09-13/hour=11/states_2022-09-13-11.csv.tar,False,False,False,False,True,RAW_MISSING,False,,,2
2022-09-18T18:00:00Z,2022-09-19,PRE_CONTEXT,data/raw/opensky/state_vectors/2022/date=2022-09-18/hour=18/states_2022-09-18-18.csv.tar,False,False,False,False,True,RAW_MISSING,False,,,2
2022-09-18T19:00:00Z,2022-09-19,PRE_CONTEXT,data/raw/opensky/state_vectors/2022/date=2022-09-18/hour=19/states_2022-09-18-19.csv.tar,False,False,False,False,True,RAW_MISSING,False,,,2
2022-09-18T20:00:00Z,2022-09-19,PRE_CONTEXT,data/raw/opensky/state_vectors/2022/date=2022-09-18/hour=20/states_2022-09-18-20.csv.tar,False,False,False,False,True,RAW_MISSING,False,,,2
2022-09-18T21:00:00Z,2022-09-19,PRE_CONTEXT,data/raw/opensky/state_vectors/2022/date=2022-09-18/hour=21/states_2022-09-18-21.csv.tar,False,False,False,False,True,RAW_MISSING,False,,,2
2022-09-18T22:00:00Z,2022-09-19,PRE_CONTEXT,data/raw/opensky/state_vectors/2022/date=2022-09-18/hour=22/states_2022-09-18-22.csv.tar,False,False,False,False,True,RAW_MISSING,False,,,2
2022-09-18T23:00:00Z,2022-09-19,PRE_CONTEXT,data/raw/opensky/state_vectors/2022/date=2022-09-18/hour=23/states_2022-09-18-23.csv.tar,False,False,False,False,True,RAW_MISSING,False,,,2
2022-09-19T00:00:00Z,2022-09-19,ANCHOR_DAY,data/raw/opensky/state_vectors/2022/date=2022-09-19/hour=00/states_2022-09-19-00.csv.tar,False,False,False,False,True,RAW_MISSING,False,,,2
2022-09-19T01:00:00Z,2022-09-19,ANCHOR_DAY,data/raw/opensky/state_vectors/2022/date=2022-09-19/hour=01/states_2022-09-19-01.csv.tar,False,False,False,False,True,RAW_MISSING,False,,,2
2022-09-19T02:00:00Z,2022-09-19,ANCHOR_DAY,data/raw/opensky/state_vectors/2022/date=2022-09-19/hour=02/states_2022-09-19-02.csv.tar,False,False,False,False,True,RAW_MISSING,False,,,2
2022-09-19T03:00:00Z,2022-09-19,ANCHOR_DAY,data/raw/opensky/state_vectors/2022/date=2022-09-19/hour=03/states_2022-09-19-03.csv.tar,False,False,False,False,True,RAW_MISSING,False,,,2
2022-09-19T04:00:00Z,2022-09-19,ANCHOR_DAY,data/raw/opensky/state_vectors/2022/date=2022-09-19/hour=04/states_2022-09-19-04.csv.tar,False,False,False,False,True,RAW_MISSING,False,,,2
2022-09-19T05:00:00Z,2022-09-19,ANCHOR_DAY,data/raw/opensky/state_vectors/2022/date=2022-09-19/hour=05/states_2022-09-19-05.csv.tar,False,False,False,False,True,RAW_MISSING,False,,,2
2022-09-19T06:00:00Z,2022-09-19,ANCHOR_DAY,data/raw/opensky/state_vectors/2022/date=2022-09-19/hour=06/states_2022-09-19-06.csv.tar,False,False,False,False,True,RAW_MISSING,False,,,2
2022-09-19T07:00:00Z,2022-09-19,ANCHOR_DAY,data/raw/opensky/state_vectors/2022/date=2022-09-19/hour=07/states_2022-09-19-07.csv.tar,False,False,False,False,True,RAW_MISSING,False,,,2
2022-09-19T08:00:00Z,2022-09-19,ANCHOR_DAY,data/raw/opensky/state_vectors/2022/date=2022-09-19/hour=08/states_2022-09-19-08.csv.tar,False,False,False,False,True,RAW_MISSING,False,,,2
2022-09-19T09:00:00Z,2022-09-19,ANCHOR_DAY,data/raw/opensky/state_vectors/2022/date=2022-09-19/hour=09/states_2022-09-19-09.csv.tar,False,False,False,False,True,RAW_MISSING,False,,,2
2022-09-19T10:00:00Z,2022-09-19,ANCHOR_DAY,data/raw/opensky/state_vectors/2022/date=2022-09-19/hour=10/states_2022-09-19-10.csv.tar,False,False,False,False,True,RAW_MISSING,False,,,2
2022-09-19T11:00:00Z,2022-09-19,ANCHOR_DAY,data/raw/opensky/state_vectors/2022/date=2022-09-19/hour=11/states_2022-09-19-11.csv.tar,False,False,False,False,True,RAW_MISSING,False,,,2
2022-09-19T12:00:00Z,2022-09-19,ANCHOR_DAY,data/raw/opensky/state_vectors/2022/date=2022-09-19/hour=12/states_2022-09-19-12.csv.tar,False,False,False,False,True,RAW_MISSING,False,,,2
2022-09-19T13:00:00Z,2022-09-19,ANCHOR_DAY,data/raw/opensky/state_vectors/2022/date=2022-09-19/hour=13/states_2022-09-19-13.csv.tar,False,False,False,False,True,RAW_MISSING,False,,,2
2022-09-19T14:00:00Z,2022-09-19,ANCHOR_DAY,data/raw/opensky/state_vectors/2022/date=2022-09-19/hour=14/states_2022-09-19-14.csv.tar,False,False,False,False,True,RAW_MISSING,False,,,2
2022-09-19T15:00:00Z,2022-09-19,ANCHOR_DAY,data/raw/opensky/state_vectors/2022/date=2022-09-19/hour=15/states_2022-09-19-15.csv.tar,False,False,False,False,True,RAW_MISSING,False,,,2
2022-09-19T16:00:00Z,2022-09-19,ANCHOR_DAY,data/raw/opensky/state_vectors/2022/date=2022-09-19/hour=16/states_2022-09-19-16.csv.tar,False,False,False,False,True,RAW_MISSING,False,,,2
2022-09-19T17:00:00Z,2022-09-19,ANCHOR_DAY,data/raw/opensky/state_vectors/2022/date=2022-09-19/hour=17/states_2022-09-19-17.csv.tar,False,False,False,False,True,RAW_MISSING,False,,,2
2022-09-19T18:00:00Z,2022-09-19,ANCHOR_DAY,data/raw/opensky/state_vectors/2022/date=2022-09-19/hour=18/states_2022-09-19-18.csv.tar,False,False,False,False,True,RAW_MISSING,False,,,2
2022-09-19T19:00:00Z,2022-09-19,ANCHOR_DAY,data/raw/opensky/state_vectors/2022/date=2022-09-19/hour=19/states_2022-09-19-19.csv.tar,False,False,False,False,True,RAW_MISSING,False,,,2
2022-09-19T20:00:00Z,2022-09-19,ANCHOR_DAY,data/raw/opensky/state_vectors/2022/date=2022-09-19/hour=20/states_2022-09-19-20.csv.tar,False,False,False,False,True,RAW_MISSING,False,,,2
2022-09-19T21:00:00Z,2022-09-19,ANCHOR_DAY,data/raw/opensky/state_vectors/2022/date=2022-09-19/hour=21/states_2022-09-19-21.csv.tar,False,False,False,False,True,RAW_MISSING,False,,,2
2022-09-19T22:00:00Z,2022-09-19,ANCHOR_DAY,data/raw/opensky/state_vectors/2022/date=2022-09-19/hour=22/states_2022-09-19-22.csv.tar,False,False,False,False,True,RAW_MISSING,False,,,2
2022-09-19T23:00:00Z,2022-09-19,ANCHOR_DAY,data/raw/opensky/state_vectors/2022/date=2022-09-19/hour=23/states_2022-09-19-23.csv.tar,False,False,False,False,True,RAW_MISSING,False,,,2
2022-09-20T00:00:00Z,2022-09-19,POST_CONTEXT,data/raw/opensky/state_vectors/2022/date=2022-09-20/hour=00/states_2022-09-20-00.csv.tar,False,False,False,False,True,RAW_MISSING,False,,,2
2022-09-20T01:00:00Z,2022-09-19,POST_CONTEXT,data/raw/opensky/state_vectors/2022/date=2022-09-20/hour=01/states_2022-09-20-01.csv.tar,False,False,False,False,True,RAW_MISSING,False,,,2
2022-09-20T02:00:00Z,2022-09-19,POST_CONTEXT,data/raw/opensky/state_vectors/2022/date=2022-09-20/hour=02/states_2022-09-20-02.csv.tar,False,False,False,False,True,RAW_MISSING,False,,,2
2022-09-20T03:00:00Z,2022-09-19,POST_CONTEXT,data/raw/opensky/state_vectors/2022/date=2022-09-20/hour=03/states_2022-09-20-03.csv.tar,False,False,False,False,True,RAW_MISSING,False,,,2
2022-09-20T04:00:00Z,2022-09-19,POST_CONTEXT,data/raw/opensky/state_vectors/2022/date=2022-09-20/hour=04/states_2022-09-20-04.csv.tar,False,False,False,False,True,RAW_MISSING,False,,,2
2022-09-20T05:00:00Z,2022-09-19,POST_CONTEXT,data/raw/opensky/state_vectors/2022/date=2022-09-20/hour=05/states_2022-09-20-05.csv.tar,False,False,False,False,True,RAW_MISSING,False,,,2
2022-09-20T06:00:00Z,2022-09-19,POST_CONTEXT,data/raw/opensky/state_vectors/2022/date=2022-09-20/hour=06/states_2022-09-20-06.csv.tar,False,False,False,False,True,RAW_MISSING,False,,,2
2022-09-20T07:00:00Z,2022-09-19,POST_CONTEXT,data/raw/opensky/state_vectors/2022/date=2022-09-20/hour=07/states_2022-09-20-07.csv.tar,False,False,False,False,True,RAW_MISSING,False,,,2
2022-09-20T08:00:00Z,2022-09-19,POST_CONTEXT,data/raw/opensky/state_vectors/2022/date=2022-09-20/hour=08/states_2022-09-20-08.csv.tar,False,False,False,False,True,RAW_MISSING,False,,,2
2022-09-20T09:00:00Z,2022-09-19,POST_CONTEXT,data/raw/opensky/state_vectors/2022/date=2022-09-20/hour=09/states_2022-09-20-09.csv.tar,False,False,False,False,True,RAW_MISSING,False,,,2
2022-09-20T10:00:00Z,2022-09-19,POST_CONTEXT,data/raw/opensky/state_vectors/2022/date=2022-09-20/hour=10/states_2022-09-20-10.csv.tar,False,False,False,False,True,RAW_MISSING,False,,,2
2022-09-20T11:00:00Z,2022-09-19,POST_CONTEXT,data/raw/opensky/state_vectors/2022/date=2022-09-20/hour=11/states_2022-09-20-11.csv.tar,False,False,False,False,True,RAW_MISSING,False,,,2
2022-09-23T18:00:00Z,2022-09-24,PRE_CONTEXT,data/raw/opensky/state_vectors/2022/date=2022-09-23/hour=18/states_2022-09-23-18.csv.tar,False,False,False,False,True,RAW_MISSING,False,,,2
2022-09-23T19:00:00Z,2022-09-24,PRE_CONTEXT,data/raw/opensky/state_vectors/2022/date=2022-09-23/hour=19/states_2022-09-23-19.csv.tar,False,False,False,False,True,RAW_MISSING,False,,,2
2022-09-23T20:00:00Z,2022-09-24,PRE_CONTEXT,data/raw/opensky/state_vectors/2022/date=2022-09-23/hour=20/states_2022-09-23-20.csv.tar,False,False,False,False,True,RAW_MISSING,False,,,2
2022-09-23T21:00:00Z,2022-09-24,PRE_CONTEXT,data/raw/opensky/state_vectors/2022/date=2022-09-23/hour=21/states_2022-09-23-21.csv.tar,False,False,False,False,True,RAW_MISSING,False,,,2
2022-09-23T22:00:00Z,2022-09-24,PRE_CONTEXT,data/raw/opensky/state_vectors/2022/date=2022-09-23/hour=22/states_2022-09-23-22.csv.tar,False,False,False,False,True,RAW_MISSING,False,,,2
2022-09-23T23:00:00Z,2022-09-24,PRE_CONTEXT,data/raw/opensky/state_vectors/2022/date=2022-09-23/hour=23/states_2022-09-23-23.csv.tar,False,False,False,False,True,RAW_MISSING,False,,,2
2022-09-24T00:00:00Z,2022-09-24,ANCHOR_DAY,data/raw/opensky/state_vectors/2022/date=2022-09-24/hour=00/states_2022-09-24-00.csv.tar,False,False,False,False,True,RAW_MISSING,False,,,2
2022-09-24T01:00:00Z,2022-09-24,ANCHOR_DAY,data/raw/opensky/state_vectors/2022/date=2022-09-24/hour=01/states_2022-09-24-01.csv.tar,False,False,False,False,True,RAW_MISSING,False,,,2
2022-09-24T02:00:00Z,2022-09-24,ANCHOR_DAY,data/raw/opensky/state_vectors/2022/date=2022-09-24/hour=02/states_2022-09-24-02.csv.tar,False,False,False,False,True,RAW_MISSING,False,,,2
2022-09-24T03:00:00Z,2022-09-24,ANCHOR_DAY,data/raw/opensky/state_vectors/2022/date=2022-09-24/hour=03/states_2022-09-24-03.csv.tar,False,False,False,False,True,RAW_MISSING,False,,,2
2022-09-24T04:00:00Z,2022-09-24,ANCHOR_DAY,data/raw/opensky/state_vectors/2022/date=2022-09-24/hour=04/states_2022-09-24-04.csv.tar,False,False,False,False,True,RAW_MISSING,False,,,2
2022-09-24T05:00:00Z,2022-09-24,ANCHOR_DAY,data/raw/opensky/state_vectors/2022/date=2022-09-24/hour=05/states_2022-09-24-05.csv.tar,False,False,False,False,True,RAW_MISSING,False,,,2
2022-09-24T06:00:00Z,2022-09-24,ANCHOR_DAY,data/raw/opensky/state_vectors/2022/date=2022-09-24/hour=06/states_2022-09-24-06.csv.tar,False,False,False,False,True,RAW_MISSING,False,,,2
2022-09-24T07:00:00Z,2022-09-24,ANCHOR_DAY,data/raw/opensky/state_vectors/2022/date=2022-09-24/hour=07/states_2022-09-24-07.csv.tar,False,False,False,False,True,RAW_MISSING,False,,,2
2022-09-24T08:00:00Z,2022-09-24,ANCHOR_DAY,data/raw/opensky/state_vectors/2022/date=2022-09-24/hour=08/states_2022-09-24-08.csv.tar,False,False,False,False,True,RAW_MISSING,False,,,2
2022-09-24T09:00:00Z,2022-09-24,ANCHOR_DAY,data/raw/opensky/state_vectors/2022/date=2022-09-24/hour=09/states_2022-09-24-09.csv.tar,False,False,False,False,True,RAW_MISSING,False,,,2
2022-09-24T10:00:00Z,2022-09-24,ANCHOR_DAY,data/raw/opensky/state_vectors/2022/date=2022-09-24/hour=10/states_2022-09-24-10.csv.tar,False,False,False,False,True,RAW_MISSING,False,,,2
2022-09-24T11:00:00Z,2022-09-24,ANCHOR_DAY,data/raw/opensky/state_vectors/2022/date=2022-09-24/hour=11/states_2022-09-24-11.csv.tar,False,False,False,False,True,RAW_MISSING,False,,,2
2022-09-24T12:00:00Z,2022-09-24,ANCHOR_DAY,data/raw/opensky/state_vectors/2022/date=2022-09-24/hour=12/states_2022-09-24-12.csv.tar,False,False,False,False,True,RAW_MISSING,False,,,2
2022-09-24T13:00:00Z,2022-09-24,ANCHOR_DAY,data/raw/opensky/state_vectors/2022/date=2022-09-24/hour=13/states_2022-09-24-13.csv.tar,False,False,False,False,True,RAW_MISSING,False,,,2
2022-09-24T14:00:00Z,2022-09-24,ANCHOR_DAY,data/raw/opensky/state_vectors/2022/date=2022-09-24/hour=14/states_2022-09-24-14.csv.tar,False,False,False,False,True,RAW_MISSING,False,,,2
2022-09-24T15:00:00Z,2022-09-24,ANCHOR_DAY,data/raw/opensky/state_vectors/2022/date=2022-09-24/hour=15/states_2022-09-24-15.csv.tar,False,False,False,False,True,RAW_MISSING,False,,,2
2022-09-24T16:00:00Z,2022-09-24,ANCHOR_DAY,data/raw/opensky/state_vectors/2022/date=2022-09-24/hour=16/states_2022-09-24-16.csv.tar,False,False,False,False,True,RAW_MISSING,False,,,2
2022-09-24T17:00:00Z,2022-09-24,ANCHOR_DAY,data/raw/opensky/state_vectors/2022/date=2022-09-24/hour=17/states_2022-09-24-17.csv.tar,False,False,False,False,True,RAW_MISSING,False,,,2
2022-09-24T18:00:00Z,2022-09-24,ANCHOR_DAY,data/raw/opensky/state_vectors/2022/date=2022-09-24/hour=18/states_2022-09-24-18.csv.tar,False,False,False,False,True,RAW_MISSING,False,,,2
2022-09-24T19:00:00Z,2022-09-24,ANCHOR_DAY,data/raw/opensky/state_vectors/2022/date=2022-09-24/hour=19/states_2022-09-24-19.csv.tar,False,False,False,False,True,RAW_MISSING,False,,,2
2022-09-24T20:00:00Z,2022-09-24,ANCHOR_DAY,data/raw/opensky/state_vectors/2022/date=2022-09-24/hour=20/states_2022-09-24-20.csv.tar,False,False,False,False,True,RAW_MISSING,False,,,2
2022-09-24T21:00:00Z,2022-09-24,ANCHOR_DAY,data/raw/opensky/state_vectors/2022/date=2022-09-24/hour=21/states_2022-09-24-21.csv.tar,False,False,False,False,True,RAW_MISSING,False,,,2
2022-09-24T22:00:00Z,2022-09-24,ANCHOR_DAY,data/raw/opensky/state_vectors/2022/date=2022-09-24/hour=22/states_2022-09-24-22.csv.tar,False,False,False,False,True,RAW_MISSING,False,,,2
2022-09-24T23:00:00Z,2022-09-24,ANCHOR_DAY,data/raw/opensky/state_vectors/2022/date=2022-09-24/hour=23/states_2022-09-24-23.csv.tar,False,False,False,False,True,RAW_MISSING,False,,,2
2022-09-25T00:00:00Z,2022-09-24,POST_CONTEXT,data/raw/opensky/state_vectors/2022/date=2022-09-25/hour=00/states_2022-09-25-00.csv.tar,False,False,False,False,True,RAW_MISSING,False,,,2
2022-09-25T01:00:00Z,2022-09-24,POST_CONTEXT,data/raw/opensky/state_vectors/2022/date=2022-09-25/hour=01/states_2022-09-25-01.csv.tar,False,False,False,False,True,RAW_MISSING,False,,,2
2022-09-25T02:00:00Z,2022-09-24,POST_CONTEXT,data/raw/opensky/state_vectors/2022/date=2022-09-25/hour=02/states_2022-09-25-02.csv.tar,False,False,False,False,True,RAW_MISSING,False,,,2
2022-09-25T03:00:00Z,2022-09-24,POST_CONTEXT,data/raw/opensky/state_vectors/2022/date=2022-09-25/hour=03/states_2022-09-25-03.csv.tar,False,False,False,False,True,RAW_MISSING,False,,,2
2022-09-25T04:00:00Z,2022-09-24,POST_CONTEXT,data/raw/opensky/state_vectors/2022/date=2022-09-25/hour=04/states_2022-09-25-04.csv.tar,False,False,False,False,True,RAW_MISSING,False,,,2
2022-09-25T05:00:00Z,2022-09-24,POST_CONTEXT,data/raw/opensky/state_vectors/2022/date=2022-09-25/hour=05/states_2022-09-25-05.csv.tar,False,False,False,False,True,RAW_MISSING,False,,,2
2022-09-25T06:00:00Z,2022-09-24,POST_CONTEXT,data/raw/opensky/state_vectors/2022/date=2022-09-25/hour=06/states_2022-09-25-06.csv.tar,False,False,False,False,True,RAW_MISSING,False,,,2
2022-09-25T07:00:00Z,2022-09-24,POST_CONTEXT,data/raw/opensky/state_vectors/2022/date=2022-09-25/hour=07/states_2022-09-25-07.csv.tar,False,False,False,False,True,RAW_MISSING,False,,,2
2022-09-25T08:00:00Z,2022-09-24,POST_CONTEXT,data/raw/opensky/state_vectors/2022/date=2022-09-25/hour=08/states_2022-09-25-08.csv.tar,False,False,False,False,True,RAW_MISSING,False,,,2
2022-09-25T09:00:00Z,2022-09-24,POST_CONTEXT,data/raw/opensky/state_vectors/2022/date=2022-09-25/hour=09/states_2022-09-25-09.csv.tar,False,False,False,False,True,RAW_MISSING,False,,,2
2022-09-25T10:00:00Z,2022-09-24,POST_CONTEXT,data/raw/opensky/state_vectors/2022/date=2022-09-25/hour=10/states_2022-09-25-10.csv.tar,False,False,False,False,True,RAW_MISSING,False,,,2
2022-09-25T11:00:00Z,2022-09-24,POST_CONTEXT,data/raw/opensky/state_vectors/2022/date=2022-09-25/hour=11/states_2022-09-25-11.csv.tar,False,False,False,False,True,RAW_MISSING,False,,,2
2022-09-25T18:00:00Z,2022-09-26,PRE_CONTEXT,data/raw/opensky/state_vectors/2022/date=2022-09-25/hour=18/states_2022-09-25-18.csv.tar,False,False,False,False,True,RAW_MISSING,False,,,2
2022-09-25T19:00:00Z,2022-09-26,PRE_CONTEXT,data/raw/opensky/state_vectors/2022/date=2022-09-25/hour=19/states_2022-09-25-19.csv.tar,False,False,False,False,True,RAW_MISSING,False,,,2
2022-09-25T20:00:00Z,2022-09-26,PRE_CONTEXT,data/raw/opensky/state_vectors/2022/date=2022-09-25/hour=20/states_2022-09-25-20.csv.tar,False,False,False,False,True,RAW_MISSING,False,,,2
2022-09-25T21:00:00Z,2022-09-26,PRE_CONTEXT,data/raw/opensky/state_vectors/2022/date=2022-09-25/hour=21/states_2022-09-25-21.csv.tar,False,False,False,False,True,RAW_MISSING,False,,,2
2022-09-25T22:00:00Z,2022-09-26,PRE_CONTEXT,data/raw/opensky/state_vectors/2022/date=2022-09-25/hour=22/states_2022-09-25-22.csv.tar,False,False,False,False,True,RAW_MISSING,False,,,2
2022-09-25T23:00:00Z,2022-09-26,PRE_CONTEXT,data/raw/opensky/state_vectors/2022/date=2022-09-25/hour=23/states_2022-09-25-23.csv.tar,False,False,False,False,True,RAW_MISSING,False,,,2
2022-09-26T00:00:00Z,2022-09-26,ANCHOR_DAY,data/raw/opensky/state_vectors/2022/date=2022-09-26/hour=00/states_2022-09-26-00.csv.tar,False,False,False,False,True,RAW_MISSING,False,,,2
2022-09-26T01:00:00Z,2022-09-26,ANCHOR_DAY,data/raw/opensky/state_vectors/2022/date=2022-09-26/hour=01/states_2022-09-26-01.csv.tar,False,False,False,False,True,RAW_MISSING,False,,,2
2022-09-26T02:00:00Z,2022-09-26,ANCHOR_DAY,data/raw/opensky/state_vectors/2022/date=2022-09-26/hour=02/states_2022-09-26-02.csv.tar,False,False,False,False,True,RAW_MISSING,False,,,2
2022-09-26T03:00:00Z,2022-09-26,ANCHOR_DAY,data/raw/opensky/state_vectors/2022/date=2022-09-26/hour=03/states_2022-09-26-03.csv.tar,False,False,False,False,True,RAW_MISSING,False,,,2
2022-09-26T04:00:00Z,2022-09-26,ANCHOR_DAY,data/raw/opensky/state_vectors/2022/date=2022-09-26/hour=04/states_2022-09-26-04.csv.tar,False,False,False,False,True,RAW_MISSING,False,,,2
2022-09-26T05:00:00Z,2022-09-26,ANCHOR_DAY,data/raw/opensky/state_vectors/2022/date=2022-09-26/hour=05/states_2022-09-26-05.csv.tar,False,False,False,False,True,RAW_MISSING,False,,,2
2022-09-26T06:00:00Z,2022-09-26,ANCHOR_DAY,data/raw/opensky/state_vectors/2022/date=2022-09-26/hour=06/states_2022-09-26-06.csv.tar,False,False,False,False,True,RAW_MISSING,False,,,2
2022-09-26T07:00:00Z,2022-09-26,ANCHOR_DAY,data/raw/opensky/state_vectors/2022/date=2022-09-26/hour=07/states_2022-09-26-07.csv.tar,False,False,False,False,True,RAW_MISSING,False,,,2
2022-09-26T08:00:00Z,2022-09-26,ANCHOR_DAY,data/raw/opensky/state_vectors/2022/date=2022-09-26/hour=08/states_2022-09-26-08.csv.tar,False,False,False,False,True,RAW_MISSING,False,,,2
2022-09-26T09:00:00Z,2022-09-26,ANCHOR_DAY,data/raw/opensky/state_vectors/2022/date=2022-09-26/hour=09/states_2022-09-26-09.csv.tar,False,False,False,False,True,RAW_MISSING,False,,,2
2022-09-26T10:00:00Z,2022-09-26,ANCHOR_DAY,data/raw/opensky/state_vectors/2022/date=2022-09-26/hour=10/states_2022-09-26-10.csv.tar,False,False,False,False,True,RAW_MISSING,False,,,2
2022-09-26T11:00:00Z,2022-09-26,ANCHOR_DAY,data/raw/opensky/state_vectors/2022/date=2022-09-26/hour=11/states_2022-09-26-11.csv.tar,False,False,False,False,True,RAW_MISSING,False,,,2
2022-09-26T12:00:00Z,2022-09-26,ANCHOR_DAY,data/raw/opensky/state_vectors/2022/date=2022-09-26/hour=12/states_2022-09-26-12.csv.tar,False,False,False,False,True,RAW_MISSING,False,,,2
2022-09-26T13:00:00Z,2022-09-26,ANCHOR_DAY,data/raw/opensky/state_vectors/2022/date=2022-09-26/hour=13/states_2022-09-26-13.csv.tar,False,False,False,False,True,RAW_MISSING,False,,,2
2022-09-26T14:00:00Z,2022-09-26,ANCHOR_DAY,data/raw/opensky/state_vectors/2022/date=2022-09-26/hour=14/states_2022-09-26-14.csv.tar,False,False,False,False,True,RAW_MISSING,False,,,2
2022-09-26T15:00:00Z,2022-09-26,ANCHOR_DAY,data/raw/opensky/state_vectors/2022/date=2022-09-26/hour=15/states_2022-09-26-15.csv.tar,False,False,False,False,True,RAW_MISSING,False,,,2
2022-09-26T16:00:00Z,2022-09-26,ANCHOR_DAY,data/raw/opensky/state_vectors/2022/date=2022-09-26/hour=16/states_2022-09-26-16.csv.tar,False,False,False,False,True,RAW_MISSING,False,,,2
2022-09-26T17:00:00Z,2022-09-26,ANCHOR_DAY,data/raw/opensky/state_vectors/2022/date=2022-09-26/hour=17/states_2022-09-26-17.csv.tar,False,False,False,False,True,RAW_MISSING,False,,,2
2022-09-26T18:00:00Z,2022-09-26,ANCHOR_DAY,data/raw/opensky/state_vectors/2022/date=2022-09-26/hour=18/states_2022-09-26-18.csv.tar,False,False,False,False,True,RAW_MISSING,False,,,2
2022-09-26T19:00:00Z,2022-09-26,ANCHOR_DAY,data/raw/opensky/state_vectors/2022/date=2022-09-26/hour=19/states_2022-09-26-19.csv.tar,False,False,False,False,True,RAW_MISSING,False,,,2
2022-09-26T20:00:00Z,2022-09-26,ANCHOR_DAY,data/raw/opensky/state_vectors/2022/date=2022-09-26/hour=20/states_2022-09-26-20.csv.tar,False,False,False,False,True,RAW_MISSING,False,,,2
2022-09-26T21:00:00Z,2022-09-26,ANCHOR_DAY,data/raw/opensky/state_vectors/2022/date=2022-09-26/hour=21/states_2022-09-26-21.csv.tar,False,False,False,False,True,RAW_MISSING,False,,,2
2022-09-26T22:00:00Z,2022-09-26,ANCHOR_DAY,data/raw/opensky/state_vectors/2022/date=2022-09-26/hour=22/states_2022-09-26-22.csv.tar,False,False,False,False,True,RAW_MISSING,False,,,2
2022-09-26T23:00:00Z,2022-09-26,ANCHOR_DAY,data/raw/opensky/state_vectors/2022/date=2022-09-26/hour=23/states_2022-09-26-23.csv.tar,False,False,False,False,True,RAW_MISSING,False,,,2
2022-09-27T00:00:00Z,2022-09-26,POST_CONTEXT,data/raw/opensky/state_vectors/2022/date=2022-09-27/hour=00/states_2022-09-27-00.csv.tar,False,False,False,False,True,RAW_MISSING,False,,,2
2022-09-27T01:00:00Z,2022-09-26,POST_CONTEXT,data/raw/opensky/state_vectors/2022/date=2022-09-27/hour=01/states_2022-09-27-01.csv.tar,False,False,False,False,True,RAW_MISSING,False,,,2
2022-09-27T02:00:00Z,2022-09-26,POST_CONTEXT,data/raw/opensky/state_vectors/2022/date=2022-09-27/hour=02/states_2022-09-27-02.csv.tar,False,False,False,False,True,RAW_MISSING,False,,,2
2022-09-27T03:00:00Z,2022-09-26,POST_CONTEXT,data/raw/opensky/state_vectors/2022/date=2022-09-27/hour=03/states_2022-09-27-03.csv.tar,False,False,False,False,True,RAW_MISSING,False,,,2
2022-09-27T04:00:00Z,2022-09-26,POST_CONTEXT,data/raw/opensky/state_vectors/2022/date=2022-09-27/hour=04/states_2022-09-27-04.csv.tar,False,False,False,False,True,RAW_MISSING,False,,,2
2022-09-27T05:00:00Z,2022-09-26,POST_CONTEXT,data/raw/opensky/state_vectors/2022/date=2022-09-27/hour=05/states_2022-09-27-05.csv.tar,False,False,False,False,True,RAW_MISSING,False,,,2
2022-09-27T06:00:00Z,2022-09-26,POST_CONTEXT,data/raw/opensky/state_vectors/2022/date=2022-09-27/hour=06/states_2022-09-27-06.csv.tar,False,False,False,False,True,RAW_MISSING,False,,,2
2022-09-27T07:00:00Z,2022-09-26,POST_CONTEXT,data/raw/opensky/state_vectors/2022/date=2022-09-27/hour=07/states_2022-09-27-07.csv.tar,False,False,False,False,True,RAW_MISSING,False,,,2
2022-09-27T08:00:00Z,2022-09-26,POST_CONTEXT,data/raw/opensky/state_vectors/2022/date=2022-09-27/hour=08/states_2022-09-27-08.csv.tar,False,False,False,False,True,RAW_MISSING,False,,,2
2022-09-27T09:00:00Z,2022-09-26,POST_CONTEXT,data/raw/opensky/state_vectors/2022/date=2022-09-27/hour=09/states_2022-09-27-09.csv.tar,False,False,False,False,True,RAW_MISSING,False,,,2
2022-09-27T10:00:00Z,2022-09-26,POST_CONTEXT,data/raw/opensky/state_vectors/2022/date=2022-09-27/hour=10/states_2022-09-27-10.csv.tar,False,False,False,False,True,RAW_MISSING,False,,,2
2022-09-27T11:00:00Z,2022-09-26,POST_CONTEXT,data/raw/opensky/state_vectors/2022/date=2022-09-27/hour=11/states_2022-09-27-11.csv.tar,False,False,False,False,True,RAW_MISSING,False,,,2
2022-10-02T18:00:00Z,2022-10-03,PRE_CONTEXT,data/raw/opensky/state_vectors/2022/date=2022-10-02/hour=18/states_2022-10-02-18.csv.tar,False,False,False,False,True,RAW_MISSING,False,,,2
2022-10-02T19:00:00Z,2022-10-03,PRE_CONTEXT,data/raw/opensky/state_vectors/2022/date=2022-10-02/hour=19/states_2022-10-02-19.csv.tar,False,False,False,False,True,RAW_MISSING,False,,,2
2022-10-02T20:00:00Z,2022-10-03,PRE_CONTEXT,data/raw/opensky/state_vectors/2022/date=2022-10-02/hour=20/states_2022-10-02-20.csv.tar,False,False,False,False,True,RAW_MISSING,False,,,2
2022-10-02T21:00:00Z,2022-10-03,PRE_CONTEXT,data/raw/opensky/state_vectors/2022/date=2022-10-02/hour=21/states_2022-10-02-21.csv.tar,False,False,False,False,True,RAW_MISSING,False,,,2
2022-10-02T22:00:00Z,2022-10-03,PRE_CONTEXT,data/raw/opensky/state_vectors/2022/date=2022-10-02/hour=22/states_2022-10-02-22.csv.tar,False,False,False,False,True,RAW_MISSING,False,,,2
2022-10-02T23:00:00Z,2022-10-03,PRE_CONTEXT,data/raw/opensky/state_vectors/2022/date=2022-10-02/hour=23/states_2022-10-02-23.csv.tar,False,False,False,False,True,RAW_MISSING,False,,,2
2022-10-03T00:00:00Z,2022-10-03,ANCHOR_DAY,data/raw/opensky/state_vectors/2022/date=2022-10-03/hour=00/states_2022-10-03-00.csv.tar,False,False,False,False,True,RAW_MISSING,False,,,2
2022-10-03T01:00:00Z,2022-10-03,ANCHOR_DAY,data/raw/opensky/state_vectors/2022/date=2022-10-03/hour=01/states_2022-10-03-01.csv.tar,False,False,False,False,True,RAW_MISSING,False,,,2
2022-10-03T02:00:00Z,2022-10-03,ANCHOR_DAY,data/raw/opensky/state_vectors/2022/date=2022-10-03/hour=02/states_2022-10-03-02.csv.tar,False,False,False,False,True,RAW_MISSING,False,,,2
2022-10-03T03:00:00Z,2022-10-03,ANCHOR_DAY,data/raw/opensky/state_vectors/2022/date=2022-10-03/hour=03/states_2022-10-03-03.csv.tar,False,False,False,False,True,RAW_MISSING,False,,,2
2022-10-03T04:00:00Z,2022-10-03,ANCHOR_DAY,data/raw/opensky/state_vectors/2022/date=2022-10-03/hour=04/states_2022-10-03-04.csv.tar,False,False,False,False,True,RAW_MISSING,False,,,2
2022-10-03T05:00:00Z,2022-10-03,ANCHOR_DAY,data/raw/opensky/state_vectors/2022/date=2022-10-03/hour=05/states_2022-10-03-05.csv.tar,False,False,False,False,True,RAW_MISSING,False,,,2
2022-10-03T06:00:00Z,2022-10-03,ANCHOR_DAY,data/raw/opensky/state_vectors/2022/date=2022-10-03/hour=06/states_2022-10-03-06.csv.tar,False,False,False,False,True,RAW_MISSING,False,,,2
2022-10-03T07:00:00Z,2022-10-03,ANCHOR_DAY,data/raw/opensky/state_vectors/2022/date=2022-10-03/hour=07/states_2022-10-03-07.csv.tar,False,False,False,False,True,RAW_MISSING,False,,,2
2022-10-03T08:00:00Z,2022-10-03,ANCHOR_DAY,data/raw/opensky/state_vectors/2022/date=2022-10-03/hour=08/states_2022-10-03-08.csv.tar,False,False,False,False,True,RAW_MISSING,False,,,2
2022-10-03T09:00:00Z,2022-10-03,ANCHOR_DAY,data/raw/opensky/state_vectors/2022/date=2022-10-03/hour=09/states_2022-10-03-09.csv.tar,False,False,False,False,True,RAW_MISSING,False,,,2
2022-10-03T10:00:00Z,2022-10-03,ANCHOR_DAY,data/raw/opensky/state_vectors/2022/date=2022-10-03/hour=10/states_2022-10-03-10.csv.tar,False,False,False,False,True,RAW_MISSING,False,,,2
2022-10-03T11:00:00Z,2022-10-03,ANCHOR_DAY,data/raw/opensky/state_vectors/2022/date=2022-10-03/hour=11/states_2022-10-03-11.csv.tar,False,False,False,False,True,RAW_MISSING,False,,,2
2022-10-03T12:00:00Z,2022-10-03,ANCHOR_DAY,data/raw/opensky/state_vectors/2022/date=2022-10-03/hour=12/states_2022-10-03-12.csv.tar,False,False,False,False,True,RAW_MISSING,False,,,2
2022-10-03T13:00:00Z,2022-10-03,ANCHOR_DAY,data/raw/opensky/state_vectors/2022/date=2022-10-03/hour=13/states_2022-10-03-13.csv.tar,False,False,False,False,True,RAW_MISSING,False,,,2
2022-10-03T14:00:00Z,2022-10-03,ANCHOR_DAY,data/raw/opensky/state_vectors/2022/date=2022-10-03/hour=14/states_2022-10-03-14.csv.tar,False,False,False,False,True,RAW_MISSING,False,,,2
2022-10-03T15:00:00Z,2022-10-03,ANCHOR_DAY,data/raw/opensky/state_vectors/2022/date=2022-10-03/hour=15/states_2022-10-03-15.csv.tar,False,False,False,False,True,RAW_MISSING,False,,,2
2022-10-03T16:00:00Z,2022-10-03,ANCHOR_DAY,data/raw/opensky/state_vectors/2022/date=2022-10-03/hour=16/states_2022-10-03-16.csv.tar,False,False,False,False,True,RAW_MISSING,False,,,2
2022-10-03T17:00:00Z,2022-10-03,ANCHOR_DAY,data/raw/opensky/state_vectors/2022/date=2022-10-03/hour=17/states_2022-10-03-17.csv.tar,False,False,False,False,True,RAW_MISSING,False,,,2
2022-10-03T18:00:00Z,2022-10-03,ANCHOR_DAY,data/raw/opensky/state_vectors/2022/date=2022-10-03/hour=18/states_2022-10-03-18.csv.tar,False,False,False,False,True,RAW_MISSING,False,,,2
2022-10-03T19:00:00Z,2022-10-03,ANCHOR_DAY,data/raw/opensky/state_vectors/2022/date=2022-10-03/hour=19/states_2022-10-03-19.csv.tar,False,False,False,False,True,RAW_MISSING,False,,,2
2022-10-03T20:00:00Z,2022-10-03,ANCHOR_DAY,data/raw/opensky/state_vectors/2022/date=2022-10-03/hour=20/states_2022-10-03-20.csv.tar,False,False,False,False,True,RAW_MISSING,False,,,2
2022-10-03T21:00:00Z,2022-10-03,ANCHOR_DAY,data/raw/opensky/state_vectors/2022/date=2022-10-03/hour=21/states_2022-10-03-21.csv.tar,False,False,False,False,True,RAW_MISSING,False,,,2
2022-10-03T22:00:00Z,2022-10-03,ANCHOR_DAY,data/raw/opensky/state_vectors/2022/date=2022-10-03/hour=22/states_2022-10-03-22.csv.tar,False,False,False,False,True,RAW_MISSING,False,,,2
2022-10-03T23:00:00Z,2022-10-03,ANCHOR_DAY,data/raw/opensky/state_vectors/2022/date=2022-10-03/hour=23/states_2022-10-03-23.csv.tar,False,False,False,False,True,RAW_MISSING,False,,,2
2022-10-04T00:00:00Z,2022-10-03,POST_CONTEXT,data/raw/opensky/state_vectors/2022/date=2022-10-04/hour=00/states_2022-10-04-00.csv.tar,False,False,False,False,True,RAW_MISSING,False,,,2
2022-10-04T01:00:00Z,2022-10-03,POST_CONTEXT,data/raw/opensky/state_vectors/2022/date=2022-10-04/hour=01/states_2022-10-04-01.csv.tar,False,False,False,False,True,RAW_MISSING,False,,,2
2022-10-04T02:00:00Z,2022-10-03,POST_CONTEXT,data/raw/opensky/state_vectors/2022/date=2022-10-04/hour=02/states_2022-10-04-02.csv.tar,False,False,False,False,True,RAW_MISSING,False,,,2
2022-10-04T03:00:00Z,2022-10-03,POST_CONTEXT,data/raw/opensky/state_vectors/2022/date=2022-10-04/hour=03/states_2022-10-04-03.csv.tar,False,False,False,False,True,RAW_MISSING,False,,,2
2022-10-04T04:00:00Z,2022-10-03,POST_CONTEXT,data/raw/opensky/state_vectors/2022/date=2022-10-04/hour=04/states_2022-10-04-04.csv.tar,False,False,False,False,True,RAW_MISSING,False,,,2
2022-10-04T05:00:00Z,2022-10-03,POST_CONTEXT,data/raw/opensky/state_vectors/2022/date=2022-10-04/hour=05/states_2022-10-04-05.csv.tar,False,False,False,False,True,RAW_MISSING,False,,,2
2022-10-04T06:00:00Z,2022-10-03,POST_CONTEXT,data/raw/opensky/state_vectors/2022/date=2022-10-04/hour=06/states_2022-10-04-06.csv.tar,False,False,False,False,True,RAW_MISSING,False,,,2
2022-10-04T07:00:00Z,2022-10-03,POST_CONTEXT,data/raw/opensky/state_vectors/2022/date=2022-10-04/hour=07/states_2022-10-04-07.csv.tar,False,False,False,False,True,RAW_MISSING,False,,,2
2022-10-04T08:00:00Z,2022-10-03,POST_CONTEXT,data/raw/opensky/state_vectors/2022/date=2022-10-04/hour=08/states_2022-10-04-08.csv.tar,False,False,False,False,True,RAW_MISSING,False,,,2
2022-10-04T09:00:00Z,2022-10-03,POST_CONTEXT,data/raw/opensky/state_vectors/2022/date=2022-10-04/hour=09/states_2022-10-04-09.csv.tar,False,False,False,False,True,RAW_MISSING,False,,,2
2022-10-04T10:00:00Z,2022-10-03,POST_CONTEXT,data/raw/opensky/state_vectors/2022/date=2022-10-04/hour=10/states_2022-10-04-10.csv.tar,False,False,False,False,True,RAW_MISSING,False,,,2
2022-10-04T11:00:00Z,2022-10-03,POST_CONTEXT,data/raw/opensky/state_vectors/2022/date=2022-10-04/hour=11/states_2022-10-04-11.csv.tar,False,False,False,False,True,RAW_MISSING,False,,,2
2022-10-07T18:00:00Z,2022-10-08,PRE_CONTEXT,data/raw/opensky/state_vectors/2022/date=2022-10-07/hour=18/states_2022-10-07-18.csv.tar,False,False,False,False,True,RAW_MISSING,False,,,2
2022-10-07T19:00:00Z,2022-10-08,PRE_CONTEXT,data/raw/opensky/state_vectors/2022/date=2022-10-07/hour=19/states_2022-10-07-19.csv.tar,False,False,False,False,True,RAW_MISSING,False,,,2
2022-10-07T20:00:00Z,2022-10-08,PRE_CONTEXT,data/raw/opensky/state_vectors/2022/date=2022-10-07/hour=20/states_2022-10-07-20.csv.tar,False,False,False,False,True,RAW_MISSING,False,,,2
2022-10-07T21:00:00Z,2022-10-08,PRE_CONTEXT,data/raw/opensky/state_vectors/2022/date=2022-10-07/hour=21/states_2022-10-07-21.csv.tar,False,False,False,False,True,RAW_MISSING,False,,,2
2022-10-07T22:00:00Z,2022-10-08,PRE_CONTEXT,data/raw/opensky/state_vectors/2022/date=2022-10-07/hour=22/states_2022-10-07-22.csv.tar,False,False,False,False,True,RAW_MISSING,False,,,2
2022-10-07T23:00:00Z,2022-10-08,PRE_CONTEXT,data/raw/opensky/state_vectors/2022/date=2022-10-07/hour=23/states_2022-10-07-23.csv.tar,False,False,False,False,True,RAW_MISSING,False,,,2
2022-10-08T00:00:00Z,2022-10-08,ANCHOR_DAY,data/raw/opensky/state_vectors/2022/date=2022-10-08/hour=00/states_2022-10-08-00.csv.tar,False,False,False,False,True,RAW_MISSING,False,,,2
2022-10-08T01:00:00Z,2022-10-08,ANCHOR_DAY,data/raw/opensky/state_vectors/2022/date=2022-10-08/hour=01/states_2022-10-08-01.csv.tar,False,False,False,False,True,RAW_MISSING,False,,,2
2022-10-08T02:00:00Z,2022-10-08,ANCHOR_DAY,data/raw/opensky/state_vectors/2022/date=2022-10-08/hour=02/states_2022-10-08-02.csv.tar,False,False,False,False,True,RAW_MISSING,False,,,2
2022-10-08T03:00:00Z,2022-10-08,ANCHOR_DAY,data/raw/opensky/state_vectors/2022/date=2022-10-08/hour=03/states_2022-10-08-03.csv.tar,False,False,False,False,True,RAW_MISSING,False,,,2
2022-10-08T04:00:00Z,2022-10-08,ANCHOR_DAY,data/raw/opensky/state_vectors/2022/date=2022-10-08/hour=04/states_2022-10-08-04.csv.tar,False,False,False,False,True,RAW_MISSING,False,,,2
2022-10-08T05:00:00Z,2022-10-08,ANCHOR_DAY,data/raw/opensky/state_vectors/2022/date=2022-10-08/hour=05/states_2022-10-08-05.csv.tar,False,False,False,False,True,RAW_MISSING,False,,,2
2022-10-08T06:00:00Z,2022-10-08,ANCHOR_DAY,data/raw/opensky/state_vectors/2022/date=2022-10-08/hour=06/states_2022-10-08-06.csv.tar,False,False,False,False,True,RAW_MISSING,False,,,2
2022-10-08T07:00:00Z,2022-10-08,ANCHOR_DAY,data/raw/opensky/state_vectors/2022/date=2022-10-08/hour=07/states_2022-10-08-07.csv.tar,False,False,False,False,True,RAW_MISSING,False,,,2
2022-10-08T08:00:00Z,2022-10-08,ANCHOR_DAY,data/raw/opensky/state_vectors/2022/date=2022-10-08/hour=08/states_2022-10-08-08.csv.tar,False,False,False,False,True,RAW_MISSING,False,,,2
2022-10-08T09:00:00Z,2022-10-08,ANCHOR_DAY,data/raw/opensky/state_vectors/2022/date=2022-10-08/hour=09/states_2022-10-08-09.csv.tar,False,False,False,False,True,RAW_MISSING,False,,,2
2022-10-08T10:00:00Z,2022-10-08,ANCHOR_DAY,data/raw/opensky/state_vectors/2022/date=2022-10-08/hour=10/states_2022-10-08-10.csv.tar,False,False,False,False,True,RAW_MISSING,False,,,2
2022-10-08T11:00:00Z,2022-10-08,ANCHOR_DAY,data/raw/opensky/state_vectors/2022/date=2022-10-08/hour=11/states_2022-10-08-11.csv.tar,False,False,False,False,True,RAW_MISSING,False,,,2
2022-10-08T12:00:00Z,2022-10-08,ANCHOR_DAY,data/raw/opensky/state_vectors/2022/date=2022-10-08/hour=12/states_2022-10-08-12.csv.tar,False,False,False,False,True,RAW_MISSING,False,,,2
2022-10-08T13:00:00Z,2022-10-08,ANCHOR_DAY,data/raw/opensky/state_vectors/2022/date=2022-10-08/hour=13/states_2022-10-08-13.csv.tar,False,False,False,False,True,RAW_MISSING,False,,,2
2022-10-08T14:00:00Z,2022-10-08,ANCHOR_DAY,data/raw/opensky/state_vectors/2022/date=2022-10-08/hour=14/states_2022-10-08-14.csv.tar,False,False,False,False,True,RAW_MISSING,False,,,2
2022-10-08T15:00:00Z,2022-10-08,ANCHOR_DAY,data/raw/opensky/state_vectors/2022/date=2022-10-08/hour=15/states_2022-10-08-15.csv.tar,False,False,False,False,True,RAW_MISSING,False,,,2
2022-10-08T16:00:00Z,2022-10-08,ANCHOR_DAY,data/raw/opensky/state_vectors/2022/date=2022-10-08/hour=16/states_2022-10-08-16.csv.tar,False,False,False,False,True,RAW_MISSING,False,,,2
2022-10-08T17:00:00Z,2022-10-08,ANCHOR_DAY,data/raw/opensky/state_vectors/2022/date=2022-10-08/hour=17/states_2022-10-08-17.csv.tar,False,False,False,False,True,RAW_MISSING,False,,,2
2022-10-08T18:00:00Z,2022-10-08,ANCHOR_DAY,data/raw/opensky/state_vectors/2022/date=2022-10-08/hour=18/states_2022-10-08-18.csv.tar,False,False,False,False,True,RAW_MISSING,False,,,2
2022-10-08T19:00:00Z,2022-10-08,ANCHOR_DAY,data/raw/opensky/state_vectors/2022/date=2022-10-08/hour=19/states_2022-10-08-19.csv.tar,False,False,False,False,True,RAW_MISSING,False,,,2
2022-10-08T20:00:00Z,2022-10-08,ANCHOR_DAY,data/raw/opensky/state_vectors/2022/date=2022-10-08/hour=20/states_2022-10-08-20.csv.tar,False,False,False,False,True,RAW_MISSING,False,,,2
2022-10-08T21:00:00Z,2022-10-08,ANCHOR_DAY,data/raw/opensky/state_vectors/2022/date=2022-10-08/hour=21/states_2022-10-08-21.csv.tar,False,False,False,False,True,RAW_MISSING,False,,,2
2022-10-08T22:00:00Z,2022-10-08,ANCHOR_DAY,data/raw/opensky/state_vectors/2022/date=2022-10-08/hour=22/states_2022-10-08-22.csv.tar,False,False,False,False,True,RAW_MISSING,False,,,2
2022-10-08T23:00:00Z,2022-10-08,ANCHOR_DAY,data/raw/opensky/state_vectors/2022/date=2022-10-08/hour=23/states_2022-10-08-23.csv.tar,False,False,False,False,True,RAW_MISSING,False,,,2
2022-10-09T00:00:00Z,2022-10-08,POST_CONTEXT,data/raw/opensky/state_vectors/2022/date=2022-10-09/hour=00/states_2022-10-09-00.csv.tar,False,False,False,False,True,RAW_MISSING,False,,,2
2022-10-09T01:00:00Z,2022-10-08,POST_CONTEXT,data/raw/opensky/state_vectors/2022/date=2022-10-09/hour=01/states_2022-10-09-01.csv.tar,False,False,False,False,True,RAW_MISSING,False,,,2
2022-10-09T02:00:00Z,2022-10-08,POST_CONTEXT,data/raw/opensky/state_vectors/2022/date=2022-10-09/hour=02/states_2022-10-09-02.csv.tar,False,False,False,False,True,RAW_MISSING,False,,,2
2022-10-09T03:00:00Z,2022-10-08,POST_CONTEXT,data/raw/opensky/state_vectors/2022/date=2022-10-09/hour=03/states_2022-10-09-03.csv.tar,False,False,False,False,True,RAW_MISSING,False,,,2
2022-10-09T04:00:00Z,2022-10-08,POST_CONTEXT,data/raw/opensky/state_vectors/2022/date=2022-10-09/hour=04/states_2022-10-09-04.csv.tar,False,False,False,False,True,RAW_MISSING,False,,,2
2022-10-09T05:00:00Z,2022-10-08,POST_CONTEXT,data/raw/opensky/state_vectors/2022/date=2022-10-09/hour=05/states_2022-10-09-05.csv.tar,False,False,False,False,True,RAW_MISSING,False,,,2
2022-10-09T06:00:00Z,2022-10-08,POST_CONTEXT,data/raw/opensky/state_vectors/2022/date=2022-10-09/hour=06/states_2022-10-09-06.csv.tar,False,False,False,False,True,RAW_MISSING,False,,,2
2022-10-09T07:00:00Z,2022-10-08,POST_CONTEXT,data/raw/opensky/state_vectors/2022/date=2022-10-09/hour=07/states_2022-10-09-07.csv.tar,False,False,False,False,True,RAW_MISSING,False,,,2
2022-10-09T08:00:00Z,2022-10-08,POST_CONTEXT,data/raw/opensky/state_vectors/2022/date=2022-10-09/hour=08/states_2022-10-09-08.csv.tar,False,False,False,False,True,RAW_MISSING,False,,,2
2022-10-09T09:00:00Z,2022-10-08,POST_CONTEXT,data/raw/opensky/state_vectors/2022/date=2022-10-09/hour=09/states_2022-10-09-09.csv.tar,False,False,False,False,True,RAW_MISSING,False,,,2
2022-10-09T10:00:00Z,2022-10-08,POST_CONTEXT,data/raw/opensky/state_vectors/2022/date=2022-10-09/hour=10/states_2022-10-09-10.csv.tar,False,False,False,False,True,RAW_MISSING,False,,,2
2022-10-09T11:00:00Z,2022-10-08,POST_CONTEXT,data/raw/opensky/state_vectors/2022/date=2022-10-09/hour=11/states_2022-10-09-11.csv.tar,False,False,False,False,True,RAW_MISSING,False,,,2
2022-10-09T18:00:00Z,2022-10-10,PRE_CONTEXT,data/raw/opensky/state_vectors/2022/date=2022-10-09/hour=18/states_2022-10-09-18.csv.tar,False,False,False,False,True,RAW_MISSING,False,,,2
2022-10-09T19:00:00Z,2022-10-10,PRE_CONTEXT,data/raw/opensky/state_vectors/2022/date=2022-10-09/hour=19/states_2022-10-09-19.csv.tar,False,False,False,False,True,RAW_MISSING,False,,,2
2022-10-09T20:00:00Z,2022-10-10,PRE_CONTEXT,data/raw/opensky/state_vectors/2022/date=2022-10-09/hour=20/states_2022-10-09-20.csv.tar,False,False,False,False,True,RAW_MISSING,False,,,2
2022-10-09T21:00:00Z,2022-10-10,PRE_CONTEXT,data/raw/opensky/state_vectors/2022/date=2022-10-09/hour=21/states_2022-10-09-21.csv.tar,False,False,False,False,True,RAW_MISSING,False,,,2
2022-10-09T22:00:00Z,2022-10-10,PRE_CONTEXT,data/raw/opensky/state_vectors/2022/date=2022-10-09/hour=22/states_2022-10-09-22.csv.tar,False,False,False,False,True,RAW_MISSING,False,,,2
2022-10-09T23:00:00Z,2022-10-10,PRE_CONTEXT,data/raw/opensky/state_vectors/2022/date=2022-10-09/hour=23/states_2022-10-09-23.csv.tar,False,False,False,False,True,RAW_MISSING,False,,,2
2022-10-10T00:00:00Z,2022-10-10,ANCHOR_DAY,data/raw/opensky/state_vectors/2022/date=2022-10-10/hour=00/states_2022-10-10-00.csv.tar,False,False,False,False,True,RAW_MISSING,False,,,2
2022-10-10T01:00:00Z,2022-10-10,ANCHOR_DAY,data/raw/opensky/state_vectors/2022/date=2022-10-10/hour=01/states_2022-10-10-01.csv.tar,False,False,False,False,True,RAW_MISSING,False,,,2
2022-10-10T02:00:00Z,2022-10-10,ANCHOR_DAY,data/raw/opensky/state_vectors/2022/date=2022-10-10/hour=02/states_2022-10-10-02.csv.tar,False,False,False,False,True,RAW_MISSING,False,,,2
2022-10-10T03:00:00Z,2022-10-10,ANCHOR_DAY,data/raw/opensky/state_vectors/2022/date=2022-10-10/hour=03/states_2022-10-10-03.csv.tar,False,False,False,False,True,RAW_MISSING,False,,,2
2022-10-10T04:00:00Z,2022-10-10,ANCHOR_DAY,data/raw/opensky/state_vectors/2022/date=2022-10-10/hour=04/states_2022-10-10-04.csv.tar,False,False,False,False,True,RAW_MISSING,False,,,2
2022-10-10T05:00:00Z,2022-10-10,ANCHOR_DAY,data/raw/opensky/state_vectors/2022/date=2022-10-10/hour=05/states_2022-10-10-05.csv.tar,False,False,False,False,True,RAW_MISSING,False,,,2
2022-10-10T06:00:00Z,2022-10-10,ANCHOR_DAY,data/raw/opensky/state_vectors/2022/date=2022-10-10/hour=06/states_2022-10-10-06.csv.tar,False,False,False,False,True,RAW_MISSING,False,,,2
2022-10-10T07:00:00Z,2022-10-10,ANCHOR_DAY,data/raw/opensky/state_vectors/2022/date=2022-10-10/hour=07/states_2022-10-10-07.csv.tar,False,False,False,False,True,RAW_MISSING,False,,,2
2022-10-10T08:00:00Z,2022-10-10,ANCHOR_DAY,data/raw/opensky/state_vectors/2022/date=2022-10-10/hour=08/states_2022-10-10-08.csv.tar,False,False,False,False,True,RAW_MISSING,False,,,2
2022-10-10T09:00:00Z,2022-10-10,ANCHOR_DAY,data/raw/opensky/state_vectors/2022/date=2022-10-10/hour=09/states_2022-10-10-09.csv.tar,False,False,False,False,True,RAW_MISSING,False,,,2
2022-10-10T10:00:00Z,2022-10-10,ANCHOR_DAY,data/raw/opensky/state_vectors/2022/date=2022-10-10/hour=10/states_2022-10-10-10.csv.tar,False,False,False,False,True,RAW_MISSING,False,,,2
2022-10-10T11:00:00Z,2022-10-10,ANCHOR_DAY,data/raw/opensky/state_vectors/2022/date=2022-10-10/hour=11/states_2022-10-10-11.csv.tar,False,False,False,False,True,RAW_MISSING,False,,,2
2022-10-10T12:00:00Z,2022-10-10,ANCHOR_DAY,data/raw/opensky/state_vectors/2022/date=2022-10-10/hour=12/states_2022-10-10-12.csv.tar,False,False,False,False,True,RAW_MISSING,False,,,2
2022-10-10T13:00:00Z,2022-10-10,ANCHOR_DAY,data/raw/opensky/state_vectors/2022/date=2022-10-10/hour=13/states_2022-10-10-13.csv.tar,False,False,False,False,True,RAW_MISSING,False,,,2
2022-10-10T14:00:00Z,2022-10-10,ANCHOR_DAY,data/raw/opensky/state_vectors/2022/date=2022-10-10/hour=14/states_2022-10-10-14.csv.tar,False,False,False,False,True,RAW_MISSING,False,,,2
2022-10-10T15:00:00Z,2022-10-10,ANCHOR_DAY,data/raw/opensky/state_vectors/2022/date=2022-10-10/hour=15/states_2022-10-10-15.csv.tar,False,False,False,False,True,RAW_MISSING,False,,,2
2022-10-10T16:00:00Z,2022-10-10,ANCHOR_DAY,data/raw/opensky/state_vectors/2022/date=2022-10-10/hour=16/states_2022-10-10-16.csv.tar,False,False,False,False,True,RAW_MISSING,False,,,2
2022-10-10T17:00:00Z,2022-10-10,ANCHOR_DAY,data/raw/opensky/state_vectors/2022/date=2022-10-10/hour=17/states_2022-10-10-17.csv.tar,False,False,False,False,True,RAW_MISSING,False,,,2
2022-10-10T18:00:00Z,2022-10-10,ANCHOR_DAY,data/raw/opensky/state_vectors/2022/date=2022-10-10/hour=18/states_2022-10-10-18.csv.tar,False,False,False,False,True,RAW_MISSING,False,,,2
2022-10-10T19:00:00Z,2022-10-10,ANCHOR_DAY,data/raw/opensky/state_vectors/2022/date=2022-10-10/hour=19/states_2022-10-10-19.csv.tar,False,False,False,False,True,RAW_MISSING,False,,,2
2022-10-10T20:00:00Z,2022-10-10,ANCHOR_DAY,data/raw/opensky/state_vectors/2022/date=2022-10-10/hour=20/states_2022-10-10-20.csv.tar,False,False,False,False,True,RAW_MISSING,False,,,2
2022-10-10T21:00:00Z,2022-10-10,ANCHOR_DAY,data/raw/opensky/state_vectors/2022/date=2022-10-10/hour=21/states_2022-10-10-21.csv.tar,False,False,False,False,True,RAW_MISSING,False,,,2
2022-10-10T22:00:00Z,2022-10-10,ANCHOR_DAY,data/raw/opensky/state_vectors/2022/date=2022-10-10/hour=22/states_2022-10-10-22.csv.tar,False,False,False,False,True,RAW_MISSING,False,,,2
2022-10-10T23:00:00Z,2022-10-10,ANCHOR_DAY,data/raw/opensky/state_vectors/2022/date=2022-10-10/hour=23/states_2022-10-10-23.csv.tar,False,False,False,False,True,RAW_MISSING,False,,,2
2022-10-11T00:00:00Z,2022-10-10,POST_CONTEXT,data/raw/opensky/state_vectors/2022/date=2022-10-11/hour=00/states_2022-10-11-00.csv.tar,False,False,False,False,True,RAW_MISSING,False,,,2
2022-10-11T01:00:00Z,2022-10-10,POST_CONTEXT,data/raw/opensky/state_vectors/2022/date=2022-10-11/hour=01/states_2022-10-11-01.csv.tar,False,False,False,False,True,RAW_MISSING,False,,,2
2022-10-11T02:00:00Z,2022-10-10,POST_CONTEXT,data/raw/opensky/state_vectors/2022/date=2022-10-11/hour=02/states_2022-10-11-02.csv.tar,False,False,False,False,True,RAW_MISSING,False,,,2
2022-10-11T03:00:00Z,2022-10-10,POST_CONTEXT,data/raw/opensky/state_vectors/2022/date=2022-10-11/hour=03/states_2022-10-11-03.csv.tar,False,False,False,False,True,RAW_MISSING,False,,,2
2022-10-11T04:00:00Z,2022-10-10,POST_CONTEXT,data/raw/opensky/state_vectors/2022/date=2022-10-11/hour=04/states_2022-10-11-04.csv.tar,False,False,False,False,True,RAW_MISSING,False,,,2
2022-10-11T05:00:00Z,2022-10-10,POST_CONTEXT,data/raw/opensky/state_vectors/2022/date=2022-10-11/hour=05/states_2022-10-11-05.csv.tar,False,False,False,False,True,RAW_MISSING,False,,,2
2022-10-11T06:00:00Z,2022-10-10,POST_CONTEXT,data/raw/opensky/state_vectors/2022/date=2022-10-11/hour=06/states_2022-10-11-06.csv.tar,False,False,False,False,True,RAW_MISSING,False,,,2
2022-10-11T07:00:00Z,2022-10-10,POST_CONTEXT,data/raw/opensky/state_vectors/2022/date=2022-10-11/hour=07/states_2022-10-11-07.csv.tar,False,False,False,False,True,RAW_MISSING,False,,,2
2022-10-11T08:00:00Z,2022-10-10,POST_CONTEXT,data/raw/opensky/state_vectors/2022/date=2022-10-11/hour=08/states_2022-10-11-08.csv.tar,False,False,False,False,True,RAW_MISSING,False,,,2
2022-10-11T09:00:00Z,2022-10-10,POST_CONTEXT,data/raw/opensky/state_vectors/2022/date=2022-10-11/hour=09/states_2022-10-11-09.csv.tar,False,False,False,False,True,RAW_MISSING,False,,,2
2022-10-11T10:00:00Z,2022-10-10,POST_CONTEXT,data/raw/opensky/state_vectors/2022/date=2022-10-11/hour=10/states_2022-10-11-10.csv.tar,False,False,False,False,True,RAW_MISSING,False,,,2
2022-10-11T11:00:00Z,2022-10-10,POST_CONTEXT,data/raw/opensky/state_vectors/2022/date=2022-10-11/hour=11/states_2022-10-11-11.csv.tar,False,False,False,False,True,RAW_MISSING,False,,,2
2022-10-16T18:00:00Z,2022-10-17,PRE_CONTEXT,data/raw/opensky/state_vectors/2022/date=2022-10-16/hour=18/states_2022-10-16-18.csv.tar,False,False,False,False,True,RAW_MISSING,False,,,2
2022-10-16T19:00:00Z,2022-10-17,PRE_CONTEXT,data/raw/opensky/state_vectors/2022/date=2022-10-16/hour=19/states_2022-10-16-19.csv.tar,False,False,False,False,True,RAW_MISSING,False,,,2
2022-10-16T20:00:00Z,2022-10-17,PRE_CONTEXT,data/raw/opensky/state_vectors/2022/date=2022-10-16/hour=20/states_2022-10-16-20.csv.tar,False,False,False,False,True,RAW_MISSING,False,,,2
2022-10-16T21:00:00Z,2022-10-17,PRE_CONTEXT,data/raw/opensky/state_vectors/2022/date=2022-10-16/hour=21/states_2022-10-16-21.csv.tar,False,False,False,False,True,RAW_MISSING,False,,,2
2022-10-16T22:00:00Z,2022-10-17,PRE_CONTEXT,data/raw/opensky/state_vectors/2022/date=2022-10-16/hour=22/states_2022-10-16-22.csv.tar,False,False,False,False,True,RAW_MISSING,False,,,2
2022-10-16T23:00:00Z,2022-10-17,PRE_CONTEXT,data/raw/opensky/state_vectors/2022/date=2022-10-16/hour=23/states_2022-10-16-23.csv.tar,False,False,False,False,True,RAW_MISSING,False,,,2
2022-10-17T00:00:00Z,2022-10-17,ANCHOR_DAY,data/raw/opensky/state_vectors/2022/date=2022-10-17/hour=00/states_2022-10-17-00.csv.tar,False,False,False,False,True,RAW_MISSING,False,,,2
2022-10-17T01:00:00Z,2022-10-17,ANCHOR_DAY,data/raw/opensky/state_vectors/2022/date=2022-10-17/hour=01/states_2022-10-17-01.csv.tar,False,False,False,False,True,RAW_MISSING,False,,,2
2022-10-17T02:00:00Z,2022-10-17,ANCHOR_DAY,data/raw/opensky/state_vectors/2022/date=2022-10-17/hour=02/states_2022-10-17-02.csv.tar,False,False,False,False,True,RAW_MISSING,False,,,2
2022-10-17T03:00:00Z,2022-10-17,ANCHOR_DAY,data/raw/opensky/state_vectors/2022/date=2022-10-17/hour=03/states_2022-10-17-03.csv.tar,False,False,False,False,True,RAW_MISSING,False,,,2
2022-10-17T04:00:00Z,2022-10-17,ANCHOR_DAY,data/raw/opensky/state_vectors/2022/date=2022-10-17/hour=04/states_2022-10-17-04.csv.tar,False,False,False,False,True,RAW_MISSING,False,,,2
2022-10-17T05:00:00Z,2022-10-17,ANCHOR_DAY,data/raw/opensky/state_vectors/2022/date=2022-10-17/hour=05/states_2022-10-17-05.csv.tar,False,False,False,False,True,RAW_MISSING,False,,,2
2022-10-17T06:00:00Z,2022-10-17,ANCHOR_DAY,data/raw/opensky/state_vectors/2022/date=2022-10-17/hour=06/states_2022-10-17-06.csv.tar,False,False,False,False,True,RAW_MISSING,False,,,2
2022-10-17T07:00:00Z,2022-10-17,ANCHOR_DAY,data/raw/opensky/state_vectors/2022/date=2022-10-17/hour=07/states_2022-10-17-07.csv.tar,False,False,False,False,True,RAW_MISSING,False,,,2
2022-10-17T08:00:00Z,2022-10-17,ANCHOR_DAY,data/raw/opensky/state_vectors/2022/date=2022-10-17/hour=08/states_2022-10-17-08.csv.tar,False,False,False,False,True,RAW_MISSING,False,,,2
2022-10-17T09:00:00Z,2022-10-17,ANCHOR_DAY,data/raw/opensky/state_vectors/2022/date=2022-10-17/hour=09/states_2022-10-17-09.csv.tar,False,False,False,False,True,RAW_MISSING,False,,,2
2022-10-17T10:00:00Z,2022-10-17,ANCHOR_DAY,data/raw/opensky/state_vectors/2022/date=2022-10-17/hour=10/states_2022-10-17-10.csv.tar,False,False,False,False,True,RAW_MISSING,False,,,2
2022-10-17T11:00:00Z,2022-10-17,ANCHOR_DAY,data/raw/opensky/state_vectors/2022/date=2022-10-17/hour=11/states_2022-10-17-11.csv.tar,False,False,False,False,True,RAW_MISSING,False,,,2
2022-10-17T12:00:00Z,2022-10-17,ANCHOR_DAY,data/raw/opensky/state_vectors/2022/date=2022-10-17/hour=12/states_2022-10-17-12.csv.tar,False,False,False,False,True,RAW_MISSING,False,,,2
2022-10-17T13:00:00Z,2022-10-17,ANCHOR_DAY,data/raw/opensky/state_vectors/2022/date=2022-10-17/hour=13/states_2022-10-17-13.csv.tar,False,False,False,False,True,RAW_MISSING,False,,,2
2022-10-17T14:00:00Z,2022-10-17,ANCHOR_DAY,data/raw/opensky/state_vectors/2022/date=2022-10-17/hour=14/states_2022-10-17-14.csv.tar,False,False,False,False,True,RAW_MISSING,False,,,2
2022-10-17T15:00:00Z,2022-10-17,ANCHOR_DAY,data/raw/opensky/state_vectors/2022/date=2022-10-17/hour=15/states_2022-10-17-15.csv.tar,False,False,False,False,True,RAW_MISSING,False,,,2
2022-10-17T16:00:00Z,2022-10-17,ANCHOR_DAY,data/raw/opensky/state_vectors/2022/date=2022-10-17/hour=16/states_2022-10-17-16.csv.tar,False,False,False,False,True,RAW_MISSING,False,,,2
2022-10-17T17:00:00Z,2022-10-17,ANCHOR_DAY,data/raw/opensky/state_vectors/2022/date=2022-10-17/hour=17/states_2022-10-17-17.csv.tar,False,False,False,False,True,RAW_MISSING,False,,,2
2022-10-17T18:00:00Z,2022-10-17,ANCHOR_DAY,data/raw/opensky/state_vectors/2022/date=2022-10-17/hour=18/states_2022-10-17-18.csv.tar,False,False,False,False,True,RAW_MISSING,False,,,2
2022-10-17T19:00:00Z,2022-10-17,ANCHOR_DAY,data/raw/opensky/state_vectors/2022/date=2022-10-17/hour=19/states_2022-10-17-19.csv.tar,False,False,False,False,True,RAW_MISSING,False,,,2
2022-10-17T20:00:00Z,2022-10-17,ANCHOR_DAY,data/raw/opensky/state_vectors/2022/date=2022-10-17/hour=20/states_2022-10-17-20.csv.tar,False,False,False,False,True,RAW_MISSING,False,,,2
2022-10-17T21:00:00Z,2022-10-17,ANCHOR_DAY,data/raw/opensky/state_vectors/2022/date=2022-10-17/hour=21/states_2022-10-17-21.csv.tar,False,False,False,False,True,RAW_MISSING,False,,,2
2022-10-17T22:00:00Z,2022-10-17,ANCHOR_DAY,data/raw/opensky/state_vectors/2022/date=2022-10-17/hour=22/states_2022-10-17-22.csv.tar,False,False,False,False,True,RAW_MISSING,False,,,2
2022-10-17T23:00:00Z,2022-10-17,ANCHOR_DAY,data/raw/opensky/state_vectors/2022/date=2022-10-17/hour=23/states_2022-10-17-23.csv.tar,False,False,False,False,True,RAW_MISSING,False,,,2
2022-10-18T00:00:00Z,2022-10-17,POST_CONTEXT,data/raw/opensky/state_vectors/2022/date=2022-10-18/hour=00/states_2022-10-18-00.csv.tar,False,False,False,False,True,RAW_MISSING,False,,,2
2022-10-18T01:00:00Z,2022-10-17,POST_CONTEXT,data/raw/opensky/state_vectors/2022/date=2022-10-18/hour=01/states_2022-10-18-01.csv.tar,False,False,False,False,True,RAW_MISSING,False,,,2
2022-10-18T02:00:00Z,2022-10-17,POST_CONTEXT,data/raw/opensky/state_vectors/2022/date=2022-10-18/hour=02/states_2022-10-18-02.csv.tar,False,False,False,False,True,RAW_MISSING,False,,,2
2022-10-18T03:00:00Z,2022-10-17,POST_CONTEXT,data/raw/opensky/state_vectors/2022/date=2022-10-18/hour=03/states_2022-10-18-03.csv.tar,False,False,False,False,True,RAW_MISSING,False,,,2
2022-10-18T04:00:00Z,2022-10-17,POST_CONTEXT,data/raw/opensky/state_vectors/2022/date=2022-10-18/hour=04/states_2022-10-18-04.csv.tar,False,False,False,False,True,RAW_MISSING,False,,,2
2022-10-18T05:00:00Z,2022-10-17,POST_CONTEXT,data/raw/opensky/state_vectors/2022/date=2022-10-18/hour=05/states_2022-10-18-05.csv.tar,False,False,False,False,True,RAW_MISSING,False,,,2
2022-10-18T06:00:00Z,2022-10-17,POST_CONTEXT,data/raw/opensky/state_vectors/2022/date=2022-10-18/hour=06/states_2022-10-18-06.csv.tar,False,False,False,False,True,RAW_MISSING,False,,,2
2022-10-18T07:00:00Z,2022-10-17,POST_CONTEXT,data/raw/opensky/state_vectors/2022/date=2022-10-18/hour=07/states_2022-10-18-07.csv.tar,False,False,False,False,True,RAW_MISSING,False,,,2
2022-10-18T08:00:00Z,2022-10-17,POST_CONTEXT,data/raw/opensky/state_vectors/2022/date=2022-10-18/hour=08/states_2022-10-18-08.csv.tar,False,False,False,False,True,RAW_MISSING,False,,,2
2022-10-18T09:00:00Z,2022-10-17,POST_CONTEXT,data/raw/opensky/state_vectors/2022/date=2022-10-18/hour=09/states_2022-10-18-09.csv.tar,False,False,False,False,True,RAW_MISSING,False,,,2
2022-10-18T10:00:00Z,2022-10-17,POST_CONTEXT,data/raw/opensky/state_vectors/2022/date=2022-10-18/hour=10/states_2022-10-18-10.csv.tar,False,False,False,False,True,RAW_MISSING,False,,,2
2022-10-18T11:00:00Z,2022-10-17,POST_CONTEXT,data/raw/opensky/state_vectors/2022/date=2022-10-18/hour=11/states_2022-10-18-11.csv.tar,False,False,False,False,True,RAW_MISSING,False,,,2
2022-10-21T18:00:00Z,2022-10-22,PRE_CONTEXT,data/raw/opensky/state_vectors/2022/date=2022-10-21/hour=18/states_2022-10-21-18.csv.tar,False,False,False,False,True,RAW_MISSING,False,,,2
2022-10-21T19:00:00Z,2022-10-22,PRE_CONTEXT,data/raw/opensky/state_vectors/2022/date=2022-10-21/hour=19/states_2022-10-21-19.csv.tar,False,False,False,False,True,RAW_MISSING,False,,,2
2022-10-21T20:00:00Z,2022-10-22,PRE_CONTEXT,data/raw/opensky/state_vectors/2022/date=2022-10-21/hour=20/states_2022-10-21-20.csv.tar,False,False,False,False,True,RAW_MISSING,False,,,2
2022-10-21T21:00:00Z,2022-10-22,PRE_CONTEXT,data/raw/opensky/state_vectors/2022/date=2022-10-21/hour=21/states_2022-10-21-21.csv.tar,False,False,False,False,True,RAW_MISSING,False,,,2
2022-10-21T22:00:00Z,2022-10-22,PRE_CONTEXT,data/raw/opensky/state_vectors/2022/date=2022-10-21/hour=22/states_2022-10-21-22.csv.tar,False,False,False,False,True,RAW_MISSING,False,,,2
2022-10-21T23:00:00Z,2022-10-22,PRE_CONTEXT,data/raw/opensky/state_vectors/2022/date=2022-10-21/hour=23/states_2022-10-21-23.csv.tar,False,False,False,False,True,RAW_MISSING,False,,,2
2022-10-22T00:00:00Z,2022-10-22,ANCHOR_DAY,data/raw/opensky/state_vectors/2022/date=2022-10-22/hour=00/states_2022-10-22-00.csv.tar,False,False,False,False,True,RAW_MISSING,False,,,2
2022-10-22T01:00:00Z,2022-10-22,ANCHOR_DAY,data/raw/opensky/state_vectors/2022/date=2022-10-22/hour=01/states_2022-10-22-01.csv.tar,False,False,False,False,True,RAW_MISSING,False,,,2
2022-10-22T02:00:00Z,2022-10-22,ANCHOR_DAY,data/raw/opensky/state_vectors/2022/date=2022-10-22/hour=02/states_2022-10-22-02.csv.tar,False,False,False,False,True,RAW_MISSING,False,,,2
2022-10-22T03:00:00Z,2022-10-22,ANCHOR_DAY,data/raw/opensky/state_vectors/2022/date=2022-10-22/hour=03/states_2022-10-22-03.csv.tar,False,False,False,False,True,RAW_MISSING,False,,,2
2022-10-22T04:00:00Z,2022-10-22,ANCHOR_DAY,data/raw/opensky/state_vectors/2022/date=2022-10-22/hour=04/states_2022-10-22-04.csv.tar,False,False,False,False,True,RAW_MISSING,False,,,2
2022-10-22T05:00:00Z,2022-10-22,ANCHOR_DAY,data/raw/opensky/state_vectors/2022/date=2022-10-22/hour=05/states_2022-10-22-05.csv.tar,False,False,False,False,True,RAW_MISSING,False,,,2
2022-10-22T06:00:00Z,2022-10-22,ANCHOR_DAY,data/raw/opensky/state_vectors/2022/date=2022-10-22/hour=06/states_2022-10-22-06.csv.tar,False,False,False,False,True,RAW_MISSING,False,,,2
2022-10-22T07:00:00Z,2022-10-22,ANCHOR_DAY,data/raw/opensky/state_vectors/2022/date=2022-10-22/hour=07/states_2022-10-22-07.csv.tar,False,False,False,False,True,RAW_MISSING,False,,,2
2022-10-22T08:00:00Z,2022-10-22,ANCHOR_DAY,data/raw/opensky/state_vectors/2022/date=2022-10-22/hour=08/states_2022-10-22-08.csv.tar,False,False,False,False,True,RAW_MISSING,False,,,2
2022-10-22T09:00:00Z,2022-10-22,ANCHOR_DAY,data/raw/opensky/state_vectors/2022/date=2022-10-22/hour=09/states_2022-10-22-09.csv.tar,False,False,False,False,True,RAW_MISSING,False,,,2
2022-10-22T10:00:00Z,2022-10-22,ANCHOR_DAY,data/raw/opensky/state_vectors/2022/date=2022-10-22/hour=10/states_2022-10-22-10.csv.tar,False,False,False,False,True,RAW_MISSING,False,,,2
2022-10-22T11:00:00Z,2022-10-22,ANCHOR_DAY,data/raw/opensky/state_vectors/2022/date=2022-10-22/hour=11/states_2022-10-22-11.csv.tar,False,False,False,False,True,RAW_MISSING,False,,,2
2022-10-22T12:00:00Z,2022-10-22,ANCHOR_DAY,data/raw/opensky/state_vectors/2022/date=2022-10-22/hour=12/states_2022-10-22-12.csv.tar,False,False,False,False,True,RAW_MISSING,False,,,2
2022-10-22T13:00:00Z,2022-10-22,ANCHOR_DAY,data/raw/opensky/state_vectors/2022/date=2022-10-22/hour=13/states_2022-10-22-13.csv.tar,False,False,False,False,True,RAW_MISSING,False,,,2
2022-10-22T14:00:00Z,2022-10-22,ANCHOR_DAY,data/raw/opensky/state_vectors/2022/date=2022-10-22/hour=14/states_2022-10-22-14.csv.tar,False,False,False,False,True,RAW_MISSING,False,,,2
2022-10-22T15:00:00Z,2022-10-22,ANCHOR_DAY,data/raw/opensky/state_vectors/2022/date=2022-10-22/hour=15/states_2022-10-22-15.csv.tar,False,False,False,False,True,RAW_MISSING,False,,,2
2022-10-22T16:00:00Z,2022-10-22,ANCHOR_DAY,data/raw/opensky/state_vectors/2022/date=2022-10-22/hour=16/states_2022-10-22-16.csv.tar,False,False,False,False,True,RAW_MISSING,False,,,2
2022-10-22T17:00:00Z,2022-10-22,ANCHOR_DAY,data/raw/opensky/state_vectors/2022/date=2022-10-22/hour=17/states_2022-10-22-17.csv.tar,False,False,False,False,True,RAW_MISSING,False,,,2
2022-10-22T18:00:00Z,2022-10-22,ANCHOR_DAY,data/raw/opensky/state_vectors/2022/date=2022-10-22/hour=18/states_2022-10-22-18.csv.tar,False,False,False,False,True,RAW_MISSING,False,,,2
2022-10-22T19:00:00Z,2022-10-22,ANCHOR_DAY,data/raw/opensky/state_vectors/2022/date=2022-10-22/hour=19/states_2022-10-22-19.csv.tar,False,False,False,False,True,RAW_MISSING,False,,,2
2022-10-22T20:00:00Z,2022-10-22,ANCHOR_DAY,data/raw/opensky/state_vectors/2022/date=2022-10-22/hour=20/states_2022-10-22-20.csv.tar,False,False,False,False,True,RAW_MISSING,False,,,2
2022-10-22T21:00:00Z,2022-10-22,ANCHOR_DAY,data/raw/opensky/state_vectors/2022/date=2022-10-22/hour=21/states_2022-10-22-21.csv.tar,False,False,False,False,True,RAW_MISSING,False,,,2
2022-10-22T22:00:00Z,2022-10-22,ANCHOR_DAY,data/raw/opensky/state_vectors/2022/date=2022-10-22/hour=22/states_2022-10-22-22.csv.tar,False,False,False,False,True,RAW_MISSING,False,,,2
2022-10-22T23:00:00Z,2022-10-22,ANCHOR_DAY,data/raw/opensky/state_vectors/2022/date=2022-10-22/hour=23/states_2022-10-22-23.csv.tar,False,False,False,False,True,RAW_MISSING,False,,,2
2022-10-23T00:00:00Z,2022-10-22,POST_CONTEXT,data/raw/opensky/state_vectors/2022/date=2022-10-23/hour=00/states_2022-10-23-00.csv.tar,False,False,False,False,True,RAW_MISSING,False,,,2
2022-10-23T01:00:00Z,2022-10-22,POST_CONTEXT,data/raw/opensky/state_vectors/2022/date=2022-10-23/hour=01/states_2022-10-23-01.csv.tar,False,False,False,False,True,RAW_MISSING,False,,,2
2022-10-23T02:00:00Z,2022-10-22,POST_CONTEXT,data/raw/opensky/state_vectors/2022/date=2022-10-23/hour=02/states_2022-10-23-02.csv.tar,False,False,False,False,True,RAW_MISSING,False,,,2
2022-10-23T03:00:00Z,2022-10-22,POST_CONTEXT,data/raw/opensky/state_vectors/2022/date=2022-10-23/hour=03/states_2022-10-23-03.csv.tar,False,False,False,False,True,RAW_MISSING,False,,,2
2022-10-23T04:00:00Z,2022-10-22,POST_CONTEXT,data/raw/opensky/state_vectors/2022/date=2022-10-23/hour=04/states_2022-10-23-04.csv.tar,False,False,False,False,True,RAW_MISSING,False,,,2
2022-10-23T05:00:00Z,2022-10-22,POST_CONTEXT,data/raw/opensky/state_vectors/2022/date=2022-10-23/hour=05/states_2022-10-23-05.csv.tar,False,False,False,False,True,RAW_MISSING,False,,,2
2022-10-23T06:00:00Z,2022-10-22,POST_CONTEXT,data/raw/opensky/state_vectors/2022/date=2022-10-23/hour=06/states_2022-10-23-06.csv.tar,False,False,False,False,True,RAW_MISSING,False,,,2
2022-10-23T07:00:00Z,2022-10-22,POST_CONTEXT,data/raw/opensky/state_vectors/2022/date=2022-10-23/hour=07/states_2022-10-23-07.csv.tar,False,False,False,False,True,RAW_MISSING,False,,,2
2022-10-23T08:00:00Z,2022-10-22,POST_CONTEXT,data/raw/opensky/state_vectors/2022/date=2022-10-23/hour=08/states_2022-10-23-08.csv.tar,False,False,False,False,True,RAW_MISSING,False,,,2
2022-10-23T09:00:00Z,2022-10-22,POST_CONTEXT,data/raw/opensky/state_vectors/2022/date=2022-10-23/hour=09/states_2022-10-23-09.csv.tar,False,False,False,False,True,RAW_MISSING,False,,,2
2022-10-23T10:00:00Z,2022-10-22,POST_CONTEXT,data/raw/opensky/state_vectors/2022/date=2022-10-23/hour=10/states_2022-10-23-10.csv.tar,False,False,False,False,True,RAW_MISSING,False,,,2
2022-10-23T11:00:00Z,2022-10-22,POST_CONTEXT,data/raw/opensky/state_vectors/2022/date=2022-10-23/hour=11/states_2022-10-23-11.csv.tar,False,False,False,False,True,RAW_MISSING,False,,,2
2022-10-23T18:00:00Z,2022-10-24,PRE_CONTEXT,data/raw/opensky/state_vectors/2022/date=2022-10-23/hour=18/states_2022-10-23-18.csv.tar,False,False,False,False,True,RAW_MISSING,False,,,2
2022-10-23T19:00:00Z,2022-10-24,PRE_CONTEXT,data/raw/opensky/state_vectors/2022/date=2022-10-23/hour=19/states_2022-10-23-19.csv.tar,False,False,False,False,True,RAW_MISSING,False,,,2
2022-10-23T20:00:00Z,2022-10-24,PRE_CONTEXT,data/raw/opensky/state_vectors/2022/date=2022-10-23/hour=20/states_2022-10-23-20.csv.tar,False,False,False,False,True,RAW_MISSING,False,,,2
2022-10-23T21:00:00Z,2022-10-24,PRE_CONTEXT,data/raw/opensky/state_vectors/2022/date=2022-10-23/hour=21/states_2022-10-23-21.csv.tar,False,False,False,False,True,RAW_MISSING,False,,,2
2022-10-23T22:00:00Z,2022-10-24,PRE_CONTEXT,data/raw/opensky/state_vectors/2022/date=2022-10-23/hour=22/states_2022-10-23-22.csv.tar,False,False,False,False,True,RAW_MISSING,False,,,2
2022-10-23T23:00:00Z,2022-10-24,PRE_CONTEXT,data/raw/opensky/state_vectors/2022/date=2022-10-23/hour=23/states_2022-10-23-23.csv.tar,False,False,False,False,True,RAW_MISSING,False,,,2
2022-10-24T00:00:00Z,2022-10-24,ANCHOR_DAY,data/raw/opensky/state_vectors/2022/date=2022-10-24/hour=00/states_2022-10-24-00.csv.tar,False,False,False,False,True,RAW_MISSING,False,,,2
2022-10-24T01:00:00Z,2022-10-24,ANCHOR_DAY,data/raw/opensky/state_vectors/2022/date=2022-10-24/hour=01/states_2022-10-24-01.csv.tar,False,False,False,False,True,RAW_MISSING,False,,,2
2022-10-24T02:00:00Z,2022-10-24,ANCHOR_DAY,data/raw/opensky/state_vectors/2022/date=2022-10-24/hour=02/states_2022-10-24-02.csv.tar,False,False,False,False,True,RAW_MISSING,False,,,2
2022-10-24T03:00:00Z,2022-10-24,ANCHOR_DAY,data/raw/opensky/state_vectors/2022/date=2022-10-24/hour=03/states_2022-10-24-03.csv.tar,False,False,False,False,True,RAW_MISSING,False,,,2
2022-10-24T04:00:00Z,2022-10-24,ANCHOR_DAY,data/raw/opensky/state_vectors/2022/date=2022-10-24/hour=04/states_2022-10-24-04.csv.tar,False,False,False,False,True,RAW_MISSING,False,,,2
2022-10-24T05:00:00Z,2022-10-24,ANCHOR_DAY,data/raw/opensky/state_vectors/2022/date=2022-10-24/hour=05/states_2022-10-24-05.csv.tar,False,False,False,False,True,RAW_MISSING,False,,,2
2022-10-24T06:00:00Z,2022-10-24,ANCHOR_DAY,data/raw/opensky/state_vectors/2022/date=2022-10-24/hour=06/states_2022-10-24-06.csv.tar,False,False,False,False,True,RAW_MISSING,False,,,2
2022-10-24T07:00:00Z,2022-10-24,ANCHOR_DAY,data/raw/opensky/state_vectors/2022/date=2022-10-24/hour=07/states_2022-10-24-07.csv.tar,False,False,False,False,True,RAW_MISSING,False,,,2
2022-10-24T08:00:00Z,2022-10-24,ANCHOR_DAY,data/raw/opensky/state_vectors/2022/date=2022-10-24/hour=08/states_2022-10-24-08.csv.tar,False,False,False,False,True,RAW_MISSING,False,,,2
2022-10-24T09:00:00Z,2022-10-24,ANCHOR_DAY,data/raw/opensky/state_vectors/2022/date=2022-10-24/hour=09/states_2022-10-24-09.csv.tar,False,False,False,False,True,RAW_MISSING,False,,,2
2022-10-24T10:00:00Z,2022-10-24,ANCHOR_DAY,data/raw/opensky/state_vectors/2022/date=2022-10-24/hour=10/states_2022-10-24-10.csv.tar,False,False,False,False,True,RAW_MISSING,False,,,2
2022-10-24T11:00:00Z,2022-10-24,ANCHOR_DAY,data/raw/opensky/state_vectors/2022/date=2022-10-24/hour=11/states_2022-10-24-11.csv.tar,False,False,False,False,True,RAW_MISSING,False,,,2
2022-10-24T12:00:00Z,2022-10-24,ANCHOR_DAY,data/raw/opensky/state_vectors/2022/date=2022-10-24/hour=12/states_2022-10-24-12.csv.tar,False,False,False,False,True,RAW_MISSING,False,,,2
2022-10-24T13:00:00Z,2022-10-24,ANCHOR_DAY,data/raw/opensky/state_vectors/2022/date=2022-10-24/hour=13/states_2022-10-24-13.csv.tar,False,False,False,False,True,RAW_MISSING,False,,,2
2022-10-24T14:00:00Z,2022-10-24,ANCHOR_DAY,data/raw/opensky/state_vectors/2022/date=2022-10-24/hour=14/states_2022-10-24-14.csv.tar,False,False,False,False,True,RAW_MISSING,False,,,2
2022-10-24T15:00:00Z,2022-10-24,ANCHOR_DAY,data/raw/opensky/state_vectors/2022/date=2022-10-24/hour=15/states_2022-10-24-15.csv.tar,False,False,False,False,True,RAW_MISSING,False,,,2
2022-10-24T16:00:00Z,2022-10-24,ANCHOR_DAY,data/raw/opensky/state_vectors/2022/date=2022-10-24/hour=16/states_2022-10-24-16.csv.tar,False,False,False,False,True,RAW_MISSING,False,,,2
2022-10-24T17:00:00Z,2022-10-24,ANCHOR_DAY,data/raw/opensky/state_vectors/2022/date=2022-10-24/hour=17/states_2022-10-24-17.csv.tar,False,False,False,False,True,RAW_MISSING,False,,,2
2022-10-24T18:00:00Z,2022-10-24,ANCHOR_DAY,data/raw/opensky/state_vectors/2022/date=2022-10-24/hour=18/states_2022-10-24-18.csv.tar,False,False,False,False,True,RAW_MISSING,False,,,2
2022-10-24T19:00:00Z,2022-10-24,ANCHOR_DAY,data/raw/opensky/state_vectors/2022/date=2022-10-24/hour=19/states_2022-10-24-19.csv.tar,False,False,False,False,True,RAW_MISSING,False,,,2
2022-10-24T20:00:00Z,2022-10-24,ANCHOR_DAY,data/raw/opensky/state_vectors/2022/date=2022-10-24/hour=20/states_2022-10-24-20.csv.tar,False,False,False,False,True,RAW_MISSING,False,,,2
2022-10-24T21:00:00Z,2022-10-24,ANCHOR_DAY,data/raw/opensky/state_vectors/2022/date=2022-10-24/hour=21/states_2022-10-24-21.csv.tar,False,False,False,False,True,RAW_MISSING,False,,,2
2022-10-24T22:00:00Z,2022-10-24,ANCHOR_DAY,data/raw/opensky/state_vectors/2022/date=2022-10-24/hour=22/states_2022-10-24-22.csv.tar,False,False,False,False,True,RAW_MISSING,False,,,2
2022-10-24T23:00:00Z,2022-10-24,ANCHOR_DAY,data/raw/opensky/state_vectors/2022/date=2022-10-24/hour=23/states_2022-10-24-23.csv.tar,False,False,False,False,True,RAW_MISSING,False,,,2
2022-10-25T00:00:00Z,2022-10-24,POST_CONTEXT,data/raw/opensky/state_vectors/2022/date=2022-10-25/hour=00/states_2022-10-25-00.csv.tar,False,False,False,False,True,RAW_MISSING,False,,,2
2022-10-25T01:00:00Z,2022-10-24,POST_CONTEXT,data/raw/opensky/state_vectors/2022/date=2022-10-25/hour=01/states_2022-10-25-01.csv.tar,False,False,False,False,True,RAW_MISSING,False,,,2
2022-10-25T02:00:00Z,2022-10-24,POST_CONTEXT,data/raw/opensky/state_vectors/2022/date=2022-10-25/hour=02/states_2022-10-25-02.csv.tar,False,False,False,False,True,RAW_MISSING,False,,,2
2022-10-25T03:00:00Z,2022-10-24,POST_CONTEXT,data/raw/opensky/state_vectors/2022/date=2022-10-25/hour=03/states_2022-10-25-03.csv.tar,False,False,False,False,True,RAW_MISSING,False,,,2
2022-10-25T04:00:00Z,2022-10-24,POST_CONTEXT,data/raw/opensky/state_vectors/2022/date=2022-10-25/hour=04/states_2022-10-25-04.csv.tar,False,False,False,False,True,RAW_MISSING,False,,,2
2022-10-25T05:00:00Z,2022-10-24,POST_CONTEXT,data/raw/opensky/state_vectors/2022/date=2022-10-25/hour=05/states_2022-10-25-05.csv.tar,False,False,False,False,True,RAW_MISSING,False,,,2
2022-10-25T06:00:00Z,2022-10-24,POST_CONTEXT,data/raw/opensky/state_vectors/2022/date=2022-10-25/hour=06/states_2022-10-25-06.csv.tar,False,False,False,False,True,RAW_MISSING,False,,,2
2022-10-25T07:00:00Z,2022-10-24,POST_CONTEXT,data/raw/opensky/state_vectors/2022/date=2022-10-25/hour=07/states_2022-10-25-07.csv.tar,False,False,False,False,True,RAW_MISSING,False,,,2
2022-10-25T08:00:00Z,2022-10-24,POST_CONTEXT,data/raw/opensky/state_vectors/2022/date=2022-10-25/hour=08/states_2022-10-25-08.csv.tar,False,False,False,False,True,RAW_MISSING,False,,,2
2022-10-25T09:00:00Z,2022-10-24,POST_CONTEXT,data/raw/opensky/state_vectors/2022/date=2022-10-25/hour=09/states_2022-10-25-09.csv.tar,False,False,False,False,True,RAW_MISSING,False,,,2
2022-10-25T10:00:00Z,2022-10-24,POST_CONTEXT,data/raw/opensky/state_vectors/2022/date=2022-10-25/hour=10/states_2022-10-25-10.csv.tar,False,False,False,False,True,RAW_MISSING,False,,,2
2022-10-25T11:00:00Z,2022-10-24,POST_CONTEXT,data/raw/opensky/state_vectors/2022/date=2022-10-25/hour=11/states_2022-10-25-11.csv.tar,False,False,False,False,True,RAW_MISSING,False,,,2
2022-07-03T18:00:00Z,2022-07-04,PRE_CONTEXT,data/raw/opensky/state_vectors/2022/date=2022-07-03/hour=18/states_2022-07-03-18.csv.tar,False,False,False,False,True,RAW_MISSING,False,,,3
2022-07-03T19:00:00Z,2022-07-04,PRE_CONTEXT,data/raw/opensky/state_vectors/2022/date=2022-07-03/hour=19/states_2022-07-03-19.csv.tar,False,False,False,False,True,RAW_MISSING,False,,,3
2022-07-03T20:00:00Z,2022-07-04,PRE_CONTEXT,data/raw/opensky/state_vectors/2022/date=2022-07-03/hour=20/states_2022-07-03-20.csv.tar,False,False,False,False,True,RAW_MISSING,False,,,3
2022-07-03T21:00:00Z,2022-07-04,PRE_CONTEXT,data/raw/opensky/state_vectors/2022/date=2022-07-03/hour=21/states_2022-07-03-21.csv.tar,False,False,False,False,True,RAW_MISSING,False,,,3
2022-07-03T22:00:00Z,2022-07-04,PRE_CONTEXT,data/raw/opensky/state_vectors/2022/date=2022-07-03/hour=22/states_2022-07-03-22.csv.tar,False,False,False,False,True,RAW_MISSING,False,,,3
2022-07-03T23:00:00Z,2022-07-04,PRE_CONTEXT,data/raw/opensky/state_vectors/2022/date=2022-07-03/hour=23/states_2022-07-03-23.csv.tar,False,False,False,False,True,RAW_MISSING,False,,,3
2022-07-04T00:00:00Z,2022-07-04,ANCHOR_DAY,data/raw/opensky/state_vectors/2022/date=2022-07-04/hour=00/states_2022-07-04-00.csv.tar,False,False,False,False,True,RAW_MISSING,False,,,3
2022-07-04T01:00:00Z,2022-07-04,ANCHOR_DAY,data/raw/opensky/state_vectors/2022/date=2022-07-04/hour=01/states_2022-07-04-01.csv.tar,False,False,False,False,True,RAW_MISSING,False,,,3
2022-07-04T02:00:00Z,2022-07-04,ANCHOR_DAY,data/raw/opensky/state_vectors/2022/date=2022-07-04/hour=02/states_2022-07-04-02.csv.tar,False,False,False,False,True,RAW_MISSING,False,,,3
2022-07-04T03:00:00Z,2022-07-04,ANCHOR_DAY,data/raw/opensky/state_vectors/2022/date=2022-07-04/hour=03/states_2022-07-04-03.csv.tar,False,False,False,False,True,RAW_MISSING,False,,,3
2022-07-04T04:00:00Z,2022-07-04,ANCHOR_DAY,data/raw/opensky/state_vectors/2022/date=2022-07-04/hour=04/states_2022-07-04-04.csv.tar,False,False,False,False,True,RAW_MISSING,False,,,3
2022-07-04T05:00:00Z,2022-07-04,ANCHOR_DAY,data/raw/opensky/state_vectors/2022/date=2022-07-04/hour=05/states_2022-07-04-05.csv.tar,False,False,False,False,True,RAW_MISSING,False,,,3
2022-07-04T06:00:00Z,2022-07-04,ANCHOR_DAY,data/raw/opensky/state_vectors/2022/date=2022-07-04/hour=06/states_2022-07-04-06.csv.tar,False,False,False,False,True,RAW_MISSING,False,,,3
2022-07-04T07:00:00Z,2022-07-04,ANCHOR_DAY,data/raw/opensky/state_vectors/2022/date=2022-07-04/hour=07/states_2022-07-04-07.csv.tar,False,False,False,False,True,RAW_MISSING,False,,,3
2022-07-04T08:00:00Z,2022-07-04,ANCHOR_DAY,data/raw/opensky/state_vectors/2022/date=2022-07-04/hour=08/states_2022-07-04-08.csv.tar,False,False,False,False,True,RAW_MISSING,False,,,3
2022-07-04T09:00:00Z,2022-07-04,ANCHOR_DAY,data/raw/opensky/state_vectors/2022/date=2022-07-04/hour=09/states_2022-07-04-09.csv.tar,False,False,False,False,True,RAW_MISSING,False,,,3
2022-07-04T10:00:00Z,2022-07-04,ANCHOR_DAY,data/raw/opensky/state_vectors/2022/date=2022-07-04/hour=10/states_2022-07-04-10.csv.tar,False,False,False,False,True,RAW_MISSING,False,,,3
2022-07-04T11:00:00Z,2022-07-04,ANCHOR_DAY,data/raw/opensky/state_vectors/2022/date=2022-07-04/hour=11/states_2022-07-04-11.csv.tar,False,False,False,False,True,RAW_MISSING,False,,,3
2022-07-04T12:00:00Z,2022-07-04,ANCHOR_DAY,data/raw/opensky/state_vectors/2022/date=2022-07-04/hour=12/states_2022-07-04-12.csv.tar,False,False,False,False,True,RAW_MISSING,False,,,3
2022-07-04T13:00:00Z,2022-07-04,ANCHOR_DAY,data/raw/opensky/state_vectors/2022/date=2022-07-04/hour=13/states_2022-07-04-13.csv.tar,False,False,False,False,True,RAW_MISSING,False,,,3
2022-07-04T14:00:00Z,2022-07-04,ANCHOR_DAY,data/raw/opensky/state_vectors/2022/date=2022-07-04/hour=14/states_2022-07-04-14.csv.tar,False,False,False,False,True,RAW_MISSING,False,,,3
2022-07-04T15:00:00Z,2022-07-04,ANCHOR_DAY,data/raw/opensky/state_vectors/2022/date=2022-07-04/hour=15/states_2022-07-04-15.csv.tar,False,False,False,False,True,RAW_MISSING,False,,,3
2022-07-04T16:00:00Z,2022-07-04,ANCHOR_DAY,data/raw/opensky/state_vectors/2022/date=2022-07-04/hour=16/states_2022-07-04-16.csv.tar,False,False,False,False,True,RAW_MISSING,False,,,3
2022-07-04T17:00:00Z,2022-07-04,ANCHOR_DAY,data/raw/opensky/state_vectors/2022/date=2022-07-04/hour=17/states_2022-07-04-17.csv.tar,False,False,False,False,True,RAW_MISSING,False,,,3
2022-07-04T18:00:00Z,2022-07-04,ANCHOR_DAY,data/raw/opensky/state_vectors/2022/date=2022-07-04/hour=18/states_2022-07-04-18.csv.tar,False,False,False,False,True,RAW_MISSING,False,,,3
2022-07-04T19:00:00Z,2022-07-04,ANCHOR_DAY,data/raw/opensky/state_vectors/2022/date=2022-07-04/hour=19/states_2022-07-04-19.csv.tar,False,False,False,False,True,RAW_MISSING,False,,,3
2022-07-04T20:00:00Z,2022-07-04,ANCHOR_DAY,data/raw/opensky/state_vectors/2022/date=2022-07-04/hour=20/states_2022-07-04-20.csv.tar,False,False,False,False,True,RAW_MISSING,False,,,3
2022-07-04T21:00:00Z,2022-07-04,ANCHOR_DAY,data/raw/opensky/state_vectors/2022/date=2022-07-04/hour=21/states_2022-07-04-21.csv.tar,False,False,False,False,True,RAW_MISSING,False,,,3
2022-07-04T22:00:00Z,2022-07-04,ANCHOR_DAY,data/raw/opensky/state_vectors/2022/date=2022-07-04/hour=22/states_2022-07-04-22.csv.tar,False,False,False,False,True,RAW_MISSING,False,,,3
2022-07-04T23:00:00Z,2022-07-04,ANCHOR_DAY,data/raw/opensky/state_vectors/2022/date=2022-07-04/hour=23/states_2022-07-04-23.csv.tar,False,False,False,False,True,RAW_MISSING,False,,,3
2022-07-05T00:00:00Z,2022-07-04,POST_CONTEXT,data/raw/opensky/state_vectors/2022/date=2022-07-05/hour=00/states_2022-07-05-00.csv.tar,False,False,False,False,True,RAW_MISSING,False,,,3
2022-07-05T01:00:00Z,2022-07-04,POST_CONTEXT,data/raw/opensky/state_vectors/2022/date=2022-07-05/hour=01/states_2022-07-05-01.csv.tar,False,False,False,False,True,RAW_MISSING,False,,,3
2022-07-05T02:00:00Z,2022-07-04,POST_CONTEXT,data/raw/opensky/state_vectors/2022/date=2022-07-05/hour=02/states_2022-07-05-02.csv.tar,False,False,False,False,True,RAW_MISSING,False,,,3
2022-07-05T03:00:00Z,2022-07-04,POST_CONTEXT,data/raw/opensky/state_vectors/2022/date=2022-07-05/hour=03/states_2022-07-05-03.csv.tar,False,False,False,False,True,RAW_MISSING,False,,,3
2022-07-05T04:00:00Z,2022-07-04,POST_CONTEXT,data/raw/opensky/state_vectors/2022/date=2022-07-05/hour=04/states_2022-07-05-04.csv.tar,False,False,False,False,True,RAW_MISSING,False,,,3
2022-07-05T05:00:00Z,2022-07-04,POST_CONTEXT,data/raw/opensky/state_vectors/2022/date=2022-07-05/hour=05/states_2022-07-05-05.csv.tar,False,False,False,False,True,RAW_MISSING,False,,,3
2022-07-05T06:00:00Z,2022-07-04,POST_CONTEXT,data/raw/opensky/state_vectors/2022/date=2022-07-05/hour=06/states_2022-07-05-06.csv.tar,False,False,False,False,True,RAW_MISSING,False,,,3
2022-07-05T07:00:00Z,2022-07-04,POST_CONTEXT,data/raw/opensky/state_vectors/2022/date=2022-07-05/hour=07/states_2022-07-05-07.csv.tar,False,False,False,False,True,RAW_MISSING,False,,,3
2022-07-05T08:00:00Z,2022-07-04,POST_CONTEXT,data/raw/opensky/state_vectors/2022/date=2022-07-05/hour=08/states_2022-07-05-08.csv.tar,False,False,False,False,True,RAW_MISSING,False,,,3
2022-07-05T09:00:00Z,2022-07-04,POST_CONTEXT,data/raw/opensky/state_vectors/2022/date=2022-07-05/hour=09/states_2022-07-05-09.csv.tar,False,False,False,False,True,RAW_MISSING,False,,,3
2022-07-05T10:00:00Z,2022-07-04,POST_CONTEXT,data/raw/opensky/state_vectors/2022/date=2022-07-05/hour=10/states_2022-07-05-10.csv.tar,False,False,False,False,True,RAW_MISSING,False,,,3
2022-07-05T11:00:00Z,2022-07-04,POST_CONTEXT,data/raw/opensky/state_vectors/2022/date=2022-07-05/hour=11/states_2022-07-05-11.csv.tar,False,False,False,False,True,RAW_MISSING,False,,,3
2022-07-08T18:00:00Z,2022-07-09,PRE_CONTEXT,data/raw/opensky/state_vectors/2022/date=2022-07-08/hour=18/states_2022-07-08-18.csv.tar,False,False,False,False,True,RAW_MISSING,False,,,3
2022-07-08T19:00:00Z,2022-07-09,PRE_CONTEXT,data/raw/opensky/state_vectors/2022/date=2022-07-08/hour=19/states_2022-07-08-19.csv.tar,False,False,False,False,True,RAW_MISSING,False,,,3
2022-07-08T20:00:00Z,2022-07-09,PRE_CONTEXT,data/raw/opensky/state_vectors/2022/date=2022-07-08/hour=20/states_2022-07-08-20.csv.tar,False,False,False,False,True,RAW_MISSING,False,,,3
2022-07-08T21:00:00Z,2022-07-09,PRE_CONTEXT,data/raw/opensky/state_vectors/2022/date=2022-07-08/hour=21/states_2022-07-08-21.csv.tar,False,False,False,False,True,RAW_MISSING,False,,,3
2022-07-08T22:00:00Z,2022-07-09,PRE_CONTEXT,data/raw/opensky/state_vectors/2022/date=2022-07-08/hour=22/states_2022-07-08-22.csv.tar,False,False,False,False,True,RAW_MISSING,False,,,3
2022-07-08T23:00:00Z,2022-07-09,PRE_CONTEXT,data/raw/opensky/state_vectors/2022/date=2022-07-08/hour=23/states_2022-07-08-23.csv.tar,False,False,False,False,True,RAW_MISSING,False,,,3
2022-07-09T00:00:00Z,2022-07-09,ANCHOR_DAY,data/raw/opensky/state_vectors/2022/date=2022-07-09/hour=00/states_2022-07-09-00.csv.tar,False,False,False,False,True,RAW_MISSING,False,,,3
2022-07-09T01:00:00Z,2022-07-09,ANCHOR_DAY,data/raw/opensky/state_vectors/2022/date=2022-07-09/hour=01/states_2022-07-09-01.csv.tar,False,False,False,False,True,RAW_MISSING,False,,,3
2022-07-09T02:00:00Z,2022-07-09,ANCHOR_DAY,data/raw/opensky/state_vectors/2022/date=2022-07-09/hour=02/states_2022-07-09-02.csv.tar,False,False,False,False,True,RAW_MISSING,False,,,3
2022-07-09T03:00:00Z,2022-07-09,ANCHOR_DAY,data/raw/opensky/state_vectors/2022/date=2022-07-09/hour=03/states_2022-07-09-03.csv.tar,False,False,False,False,True,RAW_MISSING,False,,,3
2022-07-09T04:00:00Z,2022-07-09,ANCHOR_DAY,data/raw/opensky/state_vectors/2022/date=2022-07-09/hour=04/states_2022-07-09-04.csv.tar,False,False,False,False,True,RAW_MISSING,False,,,3
2022-07-09T05:00:00Z,2022-07-09,ANCHOR_DAY,data/raw/opensky/state_vectors/2022/date=2022-07-09/hour=05/states_2022-07-09-05.csv.tar,False,False,False,False,True,RAW_MISSING,False,,,3
2022-07-09T06:00:00Z,2022-07-09,ANCHOR_DAY,data/raw/opensky/state_vectors/2022/date=2022-07-09/hour=06/states_2022-07-09-06.csv.tar,False,False,False,False,True,RAW_MISSING,False,,,3
2022-07-09T07:00:00Z,2022-07-09,ANCHOR_DAY,data/raw/opensky/state_vectors/2022/date=2022-07-09/hour=07/states_2022-07-09-07.csv.tar,False,False,False,False,True,RAW_MISSING,False,,,3
2022-07-09T08:00:00Z,2022-07-09,ANCHOR_DAY,data/raw/opensky/state_vectors/2022/date=2022-07-09/hour=08/states_2022-07-09-08.csv.tar,False,False,False,False,True,RAW_MISSING,False,,,3
2022-07-09T09:00:00Z,2022-07-09,ANCHOR_DAY,data/raw/opensky/state_vectors/2022/date=2022-07-09/hour=09/states_2022-07-09-09.csv.tar,False,False,False,False,True,RAW_MISSING,False,,,3
2022-07-09T10:00:00Z,2022-07-09,ANCHOR_DAY,data/raw/opensky/state_vectors/2022/date=2022-07-09/hour=10/states_2022-07-09-10.csv.tar,False,False,False,False,True,RAW_MISSING,False,,,3
2022-07-09T11:00:00Z,2022-07-09,ANCHOR_DAY,data/raw/opensky/state_vectors/2022/date=2022-07-09/hour=11/states_2022-07-09-11.csv.tar,False,False,False,False,True,RAW_MISSING,False,,,3
2022-07-09T12:00:00Z,2022-07-09,ANCHOR_DAY,data/raw/opensky/state_vectors/2022/date=2022-07-09/hour=12/states_2022-07-09-12.csv.tar,False,False,False,False,True,RAW_MISSING,False,,,3
2022-07-09T13:00:00Z,2022-07-09,ANCHOR_DAY,data/raw/opensky/state_vectors/2022/date=2022-07-09/hour=13/states_2022-07-09-13.csv.tar,False,False,False,False,True,RAW_MISSING,False,,,3
2022-07-09T14:00:00Z,2022-07-09,ANCHOR_DAY,data/raw/opensky/state_vectors/2022/date=2022-07-09/hour=14/states_2022-07-09-14.csv.tar,False,False,False,False,True,RAW_MISSING,False,,,3
2022-07-09T15:00:00Z,2022-07-09,ANCHOR_DAY,data/raw/opensky/state_vectors/2022/date=2022-07-09/hour=15/states_2022-07-09-15.csv.tar,False,False,False,False,True,RAW_MISSING,False,,,3
2022-07-09T16:00:00Z,2022-07-09,ANCHOR_DAY,data/raw/opensky/state_vectors/2022/date=2022-07-09/hour=16/states_2022-07-09-16.csv.tar,False,False,False,False,True,RAW_MISSING,False,,,3
2022-07-09T17:00:00Z,2022-07-09,ANCHOR_DAY,data/raw/opensky/state_vectors/2022/date=2022-07-09/hour=17/states_2022-07-09-17.csv.tar,False,False,False,False,True,RAW_MISSING,False,,,3
2022-07-09T18:00:00Z,2022-07-09,ANCHOR_DAY,data/raw/opensky/state_vectors/2022/date=2022-07-09/hour=18/states_2022-07-09-18.csv.tar,False,False,False,False,True,RAW_MISSING,False,,,3
2022-07-09T19:00:00Z,2022-07-09,ANCHOR_DAY,data/raw/opensky/state_vectors/2022/date=2022-07-09/hour=19/states_2022-07-09-19.csv.tar,False,False,False,False,True,RAW_MISSING,False,,,3
2022-07-09T20:00:00Z,2022-07-09,ANCHOR_DAY,data/raw/opensky/state_vectors/2022/date=2022-07-09/hour=20/states_2022-07-09-20.csv.tar,False,False,False,False,True,RAW_MISSING,False,,,3
2022-07-09T21:00:00Z,2022-07-09,ANCHOR_DAY,data/raw/opensky/state_vectors/2022/date=2022-07-09/hour=21/states_2022-07-09-21.csv.tar,False,False,False,False,True,RAW_MISSING,False,,,3
2022-07-09T22:00:00Z,2022-07-09,ANCHOR_DAY,data/raw/opensky/state_vectors/2022/date=2022-07-09/hour=22/states_2022-07-09-22.csv.tar,False,False,False,False,True,RAW_MISSING,False,,,3
2022-07-09T23:00:00Z,2022-07-09,ANCHOR_DAY,data/raw/opensky/state_vectors/2022/date=2022-07-09/hour=23/states_2022-07-09-23.csv.tar,False,False,False,False,True,RAW_MISSING,False,,,3
2022-07-10T00:00:00Z,2022-07-09,POST_CONTEXT,data/raw/opensky/state_vectors/2022/date=2022-07-10/hour=00/states_2022-07-10-00.csv.tar,False,False,False,False,True,RAW_MISSING,False,,,3
2022-07-10T01:00:00Z,2022-07-09,POST_CONTEXT,data/raw/opensky/state_vectors/2022/date=2022-07-10/hour=01/states_2022-07-10-01.csv.tar,False,False,False,False,True,RAW_MISSING,False,,,3
2022-07-10T02:00:00Z,2022-07-09,POST_CONTEXT,data/raw/opensky/state_vectors/2022/date=2022-07-10/hour=02/states_2022-07-10-02.csv.tar,False,False,False,False,True,RAW_MISSING,False,,,3
2022-07-10T03:00:00Z,2022-07-09,POST_CONTEXT,data/raw/opensky/state_vectors/2022/date=2022-07-10/hour=03/states_2022-07-10-03.csv.tar,False,False,False,False,True,RAW_MISSING,False,,,3
2022-07-10T04:00:00Z,2022-07-09,POST_CONTEXT,data/raw/opensky/state_vectors/2022/date=2022-07-10/hour=04/states_2022-07-10-04.csv.tar,False,False,False,False,True,RAW_MISSING,False,,,3
2022-07-10T05:00:00Z,2022-07-09,POST_CONTEXT,data/raw/opensky/state_vectors/2022/date=2022-07-10/hour=05/states_2022-07-10-05.csv.tar,False,False,False,False,True,RAW_MISSING,False,,,3
2022-07-10T06:00:00Z,2022-07-09,POST_CONTEXT,data/raw/opensky/state_vectors/2022/date=2022-07-10/hour=06/states_2022-07-10-06.csv.tar,False,False,False,False,True,RAW_MISSING,False,,,3
2022-07-10T07:00:00Z,2022-07-09,POST_CONTEXT,data/raw/opensky/state_vectors/2022/date=2022-07-10/hour=07/states_2022-07-10-07.csv.tar,False,False,False,False,True,RAW_MISSING,False,,,3
2022-07-10T08:00:00Z,2022-07-09,POST_CONTEXT,data/raw/opensky/state_vectors/2022/date=2022-07-10/hour=08/states_2022-07-10-08.csv.tar,False,False,False,False,True,RAW_MISSING,False,,,3
2022-07-10T09:00:00Z,2022-07-09,POST_CONTEXT,data/raw/opensky/state_vectors/2022/date=2022-07-10/hour=09/states_2022-07-10-09.csv.tar,False,False,False,False,True,RAW_MISSING,False,,,3
2022-07-10T10:00:00Z,2022-07-09,POST_CONTEXT,data/raw/opensky/state_vectors/2022/date=2022-07-10/hour=10/states_2022-07-10-10.csv.tar,False,False,False,False,True,RAW_MISSING,False,,,3
2022-07-10T11:00:00Z,2022-07-09,POST_CONTEXT,data/raw/opensky/state_vectors/2022/date=2022-07-10/hour=11/states_2022-07-10-11.csv.tar,False,False,False,False,True,RAW_MISSING,False,,,3
2022-07-10T18:00:00Z,2022-07-11,PRE_CONTEXT,data/raw/opensky/state_vectors/2022/date=2022-07-10/hour=18/states_2022-07-10-18.csv.tar,False,False,False,False,True,RAW_MISSING,False,,,3
2022-07-10T19:00:00Z,2022-07-11,PRE_CONTEXT,data/raw/opensky/state_vectors/2022/date=2022-07-10/hour=19/states_2022-07-10-19.csv.tar,False,False,False,False,True,RAW_MISSING,False,,,3
2022-07-10T20:00:00Z,2022-07-11,PRE_CONTEXT,data/raw/opensky/state_vectors/2022/date=2022-07-10/hour=20/states_2022-07-10-20.csv.tar,False,False,False,False,True,RAW_MISSING,False,,,3
2022-07-10T21:00:00Z,2022-07-11,PRE_CONTEXT,data/raw/opensky/state_vectors/2022/date=2022-07-10/hour=21/states_2022-07-10-21.csv.tar,False,False,False,False,True,RAW_MISSING,False,,,3
2022-07-10T22:00:00Z,2022-07-11,PRE_CONTEXT,data/raw/opensky/state_vectors/2022/date=2022-07-10/hour=22/states_2022-07-10-22.csv.tar,False,False,False,False,True,RAW_MISSING,False,,,3
2022-07-10T23:00:00Z,2022-07-11,PRE_CONTEXT,data/raw/opensky/state_vectors/2022/date=2022-07-10/hour=23/states_2022-07-10-23.csv.tar,False,False,False,False,True,RAW_MISSING,False,,,3
2022-07-11T00:00:00Z,2022-07-11,ANCHOR_DAY,data/raw/opensky/state_vectors/2022/date=2022-07-11/hour=00/states_2022-07-11-00.csv.tar,False,False,False,False,True,RAW_MISSING,False,,,3
2022-07-11T01:00:00Z,2022-07-11,ANCHOR_DAY,data/raw/opensky/state_vectors/2022/date=2022-07-11/hour=01/states_2022-07-11-01.csv.tar,False,False,False,False,True,RAW_MISSING,False,,,3
2022-07-11T02:00:00Z,2022-07-11,ANCHOR_DAY,data/raw/opensky/state_vectors/2022/date=2022-07-11/hour=02/states_2022-07-11-02.csv.tar,False,False,False,False,True,RAW_MISSING,False,,,3
2022-07-11T03:00:00Z,2022-07-11,ANCHOR_DAY,data/raw/opensky/state_vectors/2022/date=2022-07-11/hour=03/states_2022-07-11-03.csv.tar,False,False,False,False,True,RAW_MISSING,False,,,3
2022-07-11T04:00:00Z,2022-07-11,ANCHOR_DAY,data/raw/opensky/state_vectors/2022/date=2022-07-11/hour=04/states_2022-07-11-04.csv.tar,False,False,False,False,True,RAW_MISSING,False,,,3
2022-07-11T05:00:00Z,2022-07-11,ANCHOR_DAY,data/raw/opensky/state_vectors/2022/date=2022-07-11/hour=05/states_2022-07-11-05.csv.tar,False,False,False,False,True,RAW_MISSING,False,,,3
2022-07-11T06:00:00Z,2022-07-11,ANCHOR_DAY,data/raw/opensky/state_vectors/2022/date=2022-07-11/hour=06/states_2022-07-11-06.csv.tar,False,False,False,False,True,RAW_MISSING,False,,,3
2022-07-11T07:00:00Z,2022-07-11,ANCHOR_DAY,data/raw/opensky/state_vectors/2022/date=2022-07-11/hour=07/states_2022-07-11-07.csv.tar,False,False,False,False,True,RAW_MISSING,False,,,3
2022-07-11T08:00:00Z,2022-07-11,ANCHOR_DAY,data/raw/opensky/state_vectors/2022/date=2022-07-11/hour=08/states_2022-07-11-08.csv.tar,False,False,False,False,True,RAW_MISSING,False,,,3
2022-07-11T09:00:00Z,2022-07-11,ANCHOR_DAY,data/raw/opensky/state_vectors/2022/date=2022-07-11/hour=09/states_2022-07-11-09.csv.tar,False,False,False,False,True,RAW_MISSING,False,,,3
2022-07-11T10:00:00Z,2022-07-11,ANCHOR_DAY,data/raw/opensky/state_vectors/2022/date=2022-07-11/hour=10/states_2022-07-11-10.csv.tar,False,False,False,False,True,RAW_MISSING,False,,,3
2022-07-11T11:00:00Z,2022-07-11,ANCHOR_DAY,data/raw/opensky/state_vectors/2022/date=2022-07-11/hour=11/states_2022-07-11-11.csv.tar,False,False,False,False,True,RAW_MISSING,False,,,3
2022-07-11T12:00:00Z,2022-07-11,ANCHOR_DAY,data/raw/opensky/state_vectors/2022/date=2022-07-11/hour=12/states_2022-07-11-12.csv.tar,False,False,False,False,True,RAW_MISSING,False,,,3
2022-07-11T13:00:00Z,2022-07-11,ANCHOR_DAY,data/raw/opensky/state_vectors/2022/date=2022-07-11/hour=13/states_2022-07-11-13.csv.tar,False,False,False,False,True,RAW_MISSING,False,,,3
2022-07-11T14:00:00Z,2022-07-11,ANCHOR_DAY,data/raw/opensky/state_vectors/2022/date=2022-07-11/hour=14/states_2022-07-11-14.csv.tar,False,False,False,False,True,RAW_MISSING,False,,,3
2022-07-11T15:00:00Z,2022-07-11,ANCHOR_DAY,data/raw/opensky/state_vectors/2022/date=2022-07-11/hour=15/states_2022-07-11-15.csv.tar,False,False,False,False,True,RAW_MISSING,False,,,3
2022-07-11T16:00:00Z,2022-07-11,ANCHOR_DAY,data/raw/opensky/state_vectors/2022/date=2022-07-11/hour=16/states_2022-07-11-16.csv.tar,False,False,False,False,True,RAW_MISSING,False,,,3
2022-07-11T17:00:00Z,2022-07-11,ANCHOR_DAY,data/raw/opensky/state_vectors/2022/date=2022-07-11/hour=17/states_2022-07-11-17.csv.tar,False,False,False,False,True,RAW_MISSING,False,,,3
2022-07-11T18:00:00Z,2022-07-11,ANCHOR_DAY,data/raw/opensky/state_vectors/2022/date=2022-07-11/hour=18/states_2022-07-11-18.csv.tar,False,False,False,False,True,RAW_MISSING,False,,,3
2022-07-11T19:00:00Z,2022-07-11,ANCHOR_DAY,data/raw/opensky/state_vectors/2022/date=2022-07-11/hour=19/states_2022-07-11-19.csv.tar,False,False,False,False,True,RAW_MISSING,False,,,3
2022-07-11T20:00:00Z,2022-07-11,ANCHOR_DAY,data/raw/opensky/state_vectors/2022/date=2022-07-11/hour=20/states_2022-07-11-20.csv.tar,False,False,False,False,True,RAW_MISSING,False,,,3
2022-07-11T21:00:00Z,2022-07-11,ANCHOR_DAY,data/raw/opensky/state_vectors/2022/date=2022-07-11/hour=21/states_2022-07-11-21.csv.tar,False,False,False,False,True,RAW_MISSING,False,,,3
2022-07-11T22:00:00Z,2022-07-11,ANCHOR_DAY,data/raw/opensky/state_vectors/2022/date=2022-07-11/hour=22/states_2022-07-11-22.csv.tar,False,False,False,False,True,RAW_MISSING,False,,,3
2022-07-11T23:00:00Z,2022-07-11,ANCHOR_DAY,data/raw/opensky/state_vectors/2022/date=2022-07-11/hour=23/states_2022-07-11-23.csv.tar,False,False,False,False,True,RAW_MISSING,False,,,3
2022-07-12T00:00:00Z,2022-07-11,POST_CONTEXT,data/raw/opensky/state_vectors/2022/date=2022-07-12/hour=00/states_2022-07-12-00.csv.tar,False,False,False,False,True,RAW_MISSING,False,,,3
2022-07-12T01:00:00Z,2022-07-11,POST_CONTEXT,data/raw/opensky/state_vectors/2022/date=2022-07-12/hour=01/states_2022-07-12-01.csv.tar,False,False,False,False,True,RAW_MISSING,False,,,3
2022-07-12T02:00:00Z,2022-07-11,POST_CONTEXT,data/raw/opensky/state_vectors/2022/date=2022-07-12/hour=02/states_2022-07-12-02.csv.tar,False,False,False,False,True,RAW_MISSING,False,,,3
2022-07-12T03:00:00Z,2022-07-11,POST_CONTEXT,data/raw/opensky/state_vectors/2022/date=2022-07-12/hour=03/states_2022-07-12-03.csv.tar,False,False,False,False,True,RAW_MISSING,False,,,3
2022-07-12T04:00:00Z,2022-07-11,POST_CONTEXT,data/raw/opensky/state_vectors/2022/date=2022-07-12/hour=04/states_2022-07-12-04.csv.tar,False,False,False,False,True,RAW_MISSING,False,,,3
2022-07-12T05:00:00Z,2022-07-11,POST_CONTEXT,data/raw/opensky/state_vectors/2022/date=2022-07-12/hour=05/states_2022-07-12-05.csv.tar,False,False,False,False,True,RAW_MISSING,False,,,3
2022-07-12T06:00:00Z,2022-07-11,POST_CONTEXT,data/raw/opensky/state_vectors/2022/date=2022-07-12/hour=06/states_2022-07-12-06.csv.tar,False,False,False,False,True,RAW_MISSING,False,,,3
2022-07-12T07:00:00Z,2022-07-11,POST_CONTEXT,data/raw/opensky/state_vectors/2022/date=2022-07-12/hour=07/states_2022-07-12-07.csv.tar,False,False,False,False,True,RAW_MISSING,False,,,3
2022-07-12T08:00:00Z,2022-07-11,POST_CONTEXT,data/raw/opensky/state_vectors/2022/date=2022-07-12/hour=08/states_2022-07-12-08.csv.tar,False,False,False,False,True,RAW_MISSING,False,,,3
2022-07-12T09:00:00Z,2022-07-11,POST_CONTEXT,data/raw/opensky/state_vectors/2022/date=2022-07-12/hour=09/states_2022-07-12-09.csv.tar,False,False,False,False,True,RAW_MISSING,False,,,3
2022-07-12T10:00:00Z,2022-07-11,POST_CONTEXT,data/raw/opensky/state_vectors/2022/date=2022-07-12/hour=10/states_2022-07-12-10.csv.tar,False,False,False,False,True,RAW_MISSING,False,,,3
2022-07-12T11:00:00Z,2022-07-11,POST_CONTEXT,data/raw/opensky/state_vectors/2022/date=2022-07-12/hour=11/states_2022-07-12-11.csv.tar,False,False,False,False,True,RAW_MISSING,False,,,3
2022-07-17T18:00:00Z,2022-07-18,PRE_CONTEXT,data/raw/opensky/state_vectors/2022/date=2022-07-17/hour=18/states_2022-07-17-18.csv.tar,False,False,False,False,True,RAW_MISSING,False,,,3
2022-07-17T19:00:00Z,2022-07-18,PRE_CONTEXT,data/raw/opensky/state_vectors/2022/date=2022-07-17/hour=19/states_2022-07-17-19.csv.tar,False,False,False,False,True,RAW_MISSING,False,,,3
2022-07-17T20:00:00Z,2022-07-18,PRE_CONTEXT,data/raw/opensky/state_vectors/2022/date=2022-07-17/hour=20/states_2022-07-17-20.csv.tar,False,False,False,False,True,RAW_MISSING,False,,,3
2022-07-17T21:00:00Z,2022-07-18,PRE_CONTEXT,data/raw/opensky/state_vectors/2022/date=2022-07-17/hour=21/states_2022-07-17-21.csv.tar,False,False,False,False,True,RAW_MISSING,False,,,3
2022-07-17T22:00:00Z,2022-07-18,PRE_CONTEXT,data/raw/opensky/state_vectors/2022/date=2022-07-17/hour=22/states_2022-07-17-22.csv.tar,False,False,False,False,True,RAW_MISSING,False,,,3
2022-07-17T23:00:00Z,2022-07-18,PRE_CONTEXT,data/raw/opensky/state_vectors/2022/date=2022-07-17/hour=23/states_2022-07-17-23.csv.tar,False,False,False,False,True,RAW_MISSING,False,,,3
2022-07-18T00:00:00Z,2022-07-18,ANCHOR_DAY,data/raw/opensky/state_vectors/2022/date=2022-07-18/hour=00/states_2022-07-18-00.csv.tar,False,False,False,False,True,RAW_MISSING,False,,,3
2022-07-18T01:00:00Z,2022-07-18,ANCHOR_DAY,data/raw/opensky/state_vectors/2022/date=2022-07-18/hour=01/states_2022-07-18-01.csv.tar,False,False,False,False,True,RAW_MISSING,False,,,3
2022-07-18T02:00:00Z,2022-07-18,ANCHOR_DAY,data/raw/opensky/state_vectors/2022/date=2022-07-18/hour=02/states_2022-07-18-02.csv.tar,False,False,False,False,True,RAW_MISSING,False,,,3
2022-07-18T03:00:00Z,2022-07-18,ANCHOR_DAY,data/raw/opensky/state_vectors/2022/date=2022-07-18/hour=03/states_2022-07-18-03.csv.tar,False,False,False,False,True,RAW_MISSING,False,,,3
2022-07-18T04:00:00Z,2022-07-18,ANCHOR_DAY,data/raw/opensky/state_vectors/2022/date=2022-07-18/hour=04/states_2022-07-18-04.csv.tar,False,False,False,False,True,RAW_MISSING,False,,,3
2022-07-18T05:00:00Z,2022-07-18,ANCHOR_DAY,data/raw/opensky/state_vectors/2022/date=2022-07-18/hour=05/states_2022-07-18-05.csv.tar,False,False,False,False,True,RAW_MISSING,False,,,3
2022-07-18T06:00:00Z,2022-07-18,ANCHOR_DAY,data/raw/opensky/state_vectors/2022/date=2022-07-18/hour=06/states_2022-07-18-06.csv.tar,False,False,False,False,True,RAW_MISSING,False,,,3
2022-07-18T07:00:00Z,2022-07-18,ANCHOR_DAY,data/raw/opensky/state_vectors/2022/date=2022-07-18/hour=07/states_2022-07-18-07.csv.tar,False,False,False,False,True,RAW_MISSING,False,,,3
2022-07-18T08:00:00Z,2022-07-18,ANCHOR_DAY,data/raw/opensky/state_vectors/2022/date=2022-07-18/hour=08/states_2022-07-18-08.csv.tar,False,False,False,False,True,RAW_MISSING,False,,,3
2022-07-18T09:00:00Z,2022-07-18,ANCHOR_DAY,data/raw/opensky/state_vectors/2022/date=2022-07-18/hour=09/states_2022-07-18-09.csv.tar,False,False,False,False,True,RAW_MISSING,False,,,3
2022-07-18T10:00:00Z,2022-07-18,ANCHOR_DAY,data/raw/opensky/state_vectors/2022/date=2022-07-18/hour=10/states_2022-07-18-10.csv.tar,False,False,False,False,True,RAW_MISSING,False,,,3
2022-07-18T11:00:00Z,2022-07-18,ANCHOR_DAY,data/raw/opensky/state_vectors/2022/date=2022-07-18/hour=11/states_2022-07-18-11.csv.tar,False,False,False,False,True,RAW_MISSING,False,,,3
2022-07-18T12:00:00Z,2022-07-18,ANCHOR_DAY,data/raw/opensky/state_vectors/2022/date=2022-07-18/hour=12/states_2022-07-18-12.csv.tar,False,False,False,False,True,RAW_MISSING,False,,,3
2022-07-18T13:00:00Z,2022-07-18,ANCHOR_DAY,data/raw/opensky/state_vectors/2022/date=2022-07-18/hour=13/states_2022-07-18-13.csv.tar,False,False,False,False,True,RAW_MISSING,False,,,3
2022-07-18T14:00:00Z,2022-07-18,ANCHOR_DAY,data/raw/opensky/state_vectors/2022/date=2022-07-18/hour=14/states_2022-07-18-14.csv.tar,False,False,False,False,True,RAW_MISSING,False,,,3
2022-07-18T15:00:00Z,2022-07-18,ANCHOR_DAY,data/raw/opensky/state_vectors/2022/date=2022-07-18/hour=15/states_2022-07-18-15.csv.tar,False,False,False,False,True,RAW_MISSING,False,,,3
2022-07-18T16:00:00Z,2022-07-18,ANCHOR_DAY,data/raw/opensky/state_vectors/2022/date=2022-07-18/hour=16/states_2022-07-18-16.csv.tar,False,False,False,False,True,RAW_MISSING,False,,,3
2022-07-18T17:00:00Z,2022-07-18,ANCHOR_DAY,data/raw/opensky/state_vectors/2022/date=2022-07-18/hour=17/states_2022-07-18-17.csv.tar,False,False,False,False,True,RAW_MISSING,False,,,3
2022-07-18T18:00:00Z,2022-07-18,ANCHOR_DAY,data/raw/opensky/state_vectors/2022/date=2022-07-18/hour=18/states_2022-07-18-18.csv.tar,False,False,False,False,True,RAW_MISSING,False,,,3
2022-07-18T19:00:00Z,2022-07-18,ANCHOR_DAY,data/raw/opensky/state_vectors/2022/date=2022-07-18/hour=19/states_2022-07-18-19.csv.tar,False,False,False,False,True,RAW_MISSING,False,,,3
2022-07-18T20:00:00Z,2022-07-18,ANCHOR_DAY,data/raw/opensky/state_vectors/2022/date=2022-07-18/hour=20/states_2022-07-18-20.csv.tar,False,False,False,False,True,RAW_MISSING,False,,,3
2022-07-18T21:00:00Z,2022-07-18,ANCHOR_DAY,data/raw/opensky/state_vectors/2022/date=2022-07-18/hour=21/states_2022-07-18-21.csv.tar,False,False,False,False,True,RAW_MISSING,False,,,3
2022-07-18T22:00:00Z,2022-07-18,ANCHOR_DAY,data/raw/opensky/state_vectors/2022/date=2022-07-18/hour=22/states_2022-07-18-22.csv.tar,False,False,False,False,True,RAW_MISSING,False,,,3
2022-07-18T23:00:00Z,2022-07-18,ANCHOR_DAY,data/raw/opensky/state_vectors/2022/date=2022-07-18/hour=23/states_2022-07-18-23.csv.tar,False,False,False,False,True,RAW_MISSING,False,,,3
2022-07-19T00:00:00Z,2022-07-18,POST_CONTEXT,data/raw/opensky/state_vectors/2022/date=2022-07-19/hour=00/states_2022-07-19-00.csv.tar,False,False,False,False,True,RAW_MISSING,False,,,3
2022-07-19T01:00:00Z,2022-07-18,POST_CONTEXT,data/raw/opensky/state_vectors/2022/date=2022-07-19/hour=01/states_2022-07-19-01.csv.tar,False,False,False,False,True,RAW_MISSING,False,,,3
2022-07-19T02:00:00Z,2022-07-18,POST_CONTEXT,data/raw/opensky/state_vectors/2022/date=2022-07-19/hour=02/states_2022-07-19-02.csv.tar,False,False,False,False,True,RAW_MISSING,False,,,3
2022-07-19T03:00:00Z,2022-07-18,POST_CONTEXT,data/raw/opensky/state_vectors/2022/date=2022-07-19/hour=03/states_2022-07-19-03.csv.tar,False,False,False,False,True,RAW_MISSING,False,,,3
2022-07-19T04:00:00Z,2022-07-18,POST_CONTEXT,data/raw/opensky/state_vectors/2022/date=2022-07-19/hour=04/states_2022-07-19-04.csv.tar,False,False,False,False,True,RAW_MISSING,False,,,3
2022-07-19T05:00:00Z,2022-07-18,POST_CONTEXT,data/raw/opensky/state_vectors/2022/date=2022-07-19/hour=05/states_2022-07-19-05.csv.tar,False,False,False,False,True,RAW_MISSING,False,,,3
2022-07-19T06:00:00Z,2022-07-18,POST_CONTEXT,data/raw/opensky/state_vectors/2022/date=2022-07-19/hour=06/states_2022-07-19-06.csv.tar,False,False,False,False,True,RAW_MISSING,False,,,3
2022-07-19T07:00:00Z,2022-07-18,POST_CONTEXT,data/raw/opensky/state_vectors/2022/date=2022-07-19/hour=07/states_2022-07-19-07.csv.tar,False,False,False,False,True,RAW_MISSING,False,,,3
2022-07-19T08:00:00Z,2022-07-18,POST_CONTEXT,data/raw/opensky/state_vectors/2022/date=2022-07-19/hour=08/states_2022-07-19-08.csv.tar,False,False,False,False,True,RAW_MISSING,False,,,3
2022-07-19T09:00:00Z,2022-07-18,POST_CONTEXT,data/raw/opensky/state_vectors/2022/date=2022-07-19/hour=09/states_2022-07-19-09.csv.tar,False,False,False,False,True,RAW_MISSING,False,,,3
2022-07-19T10:00:00Z,2022-07-18,POST_CONTEXT,data/raw/opensky/state_vectors/2022/date=2022-07-19/hour=10/states_2022-07-19-10.csv.tar,False,False,False,False,True,RAW_MISSING,False,,,3
2022-07-19T11:00:00Z,2022-07-18,POST_CONTEXT,data/raw/opensky/state_vectors/2022/date=2022-07-19/hour=11/states_2022-07-19-11.csv.tar,False,False,False,False,True,RAW_MISSING,False,,,3
2022-07-22T18:00:00Z,2022-07-23,PRE_CONTEXT,data/raw/opensky/state_vectors/2022/date=2022-07-22/hour=18/states_2022-07-22-18.csv.tar,False,False,False,False,True,RAW_MISSING,False,,,3
2022-07-22T19:00:00Z,2022-07-23,PRE_CONTEXT,data/raw/opensky/state_vectors/2022/date=2022-07-22/hour=19/states_2022-07-22-19.csv.tar,False,False,False,False,True,RAW_MISSING,False,,,3
2022-07-22T20:00:00Z,2022-07-23,PRE_CONTEXT,data/raw/opensky/state_vectors/2022/date=2022-07-22/hour=20/states_2022-07-22-20.csv.tar,False,False,False,False,True,RAW_MISSING,False,,,3
2022-07-22T21:00:00Z,2022-07-23,PRE_CONTEXT,data/raw/opensky/state_vectors/2022/date=2022-07-22/hour=21/states_2022-07-22-21.csv.tar,False,False,False,False,True,RAW_MISSING,False,,,3
2022-07-22T22:00:00Z,2022-07-23,PRE_CONTEXT,data/raw/opensky/state_vectors/2022/date=2022-07-22/hour=22/states_2022-07-22-22.csv.tar,False,False,False,False,True,RAW_MISSING,False,,,3
2022-07-22T23:00:00Z,2022-07-23,PRE_CONTEXT,data/raw/opensky/state_vectors/2022/date=2022-07-22/hour=23/states_2022-07-22-23.csv.tar,False,False,False,False,True,RAW_MISSING,False,,,3
2022-07-23T00:00:00Z,2022-07-23,ANCHOR_DAY,data/raw/opensky/state_vectors/2022/date=2022-07-23/hour=00/states_2022-07-23-00.csv.tar,False,False,False,False,True,RAW_MISSING,False,,,3
2022-07-23T01:00:00Z,2022-07-23,ANCHOR_DAY,data/raw/opensky/state_vectors/2022/date=2022-07-23/hour=01/states_2022-07-23-01.csv.tar,False,False,False,False,True,RAW_MISSING,False,,,3
2022-07-23T02:00:00Z,2022-07-23,ANCHOR_DAY,data/raw/opensky/state_vectors/2022/date=2022-07-23/hour=02/states_2022-07-23-02.csv.tar,False,False,False,False,True,RAW_MISSING,False,,,3
2022-07-23T03:00:00Z,2022-07-23,ANCHOR_DAY,data/raw/opensky/state_vectors/2022/date=2022-07-23/hour=03/states_2022-07-23-03.csv.tar,False,False,False,False,True,RAW_MISSING,False,,,3
2022-07-23T04:00:00Z,2022-07-23,ANCHOR_DAY,data/raw/opensky/state_vectors/2022/date=2022-07-23/hour=04/states_2022-07-23-04.csv.tar,False,False,False,False,True,RAW_MISSING,False,,,3
2022-07-23T05:00:00Z,2022-07-23,ANCHOR_DAY,data/raw/opensky/state_vectors/2022/date=2022-07-23/hour=05/states_2022-07-23-05.csv.tar,False,False,False,False,True,RAW_MISSING,False,,,3
2022-07-23T06:00:00Z,2022-07-23,ANCHOR_DAY,data/raw/opensky/state_vectors/2022/date=2022-07-23/hour=06/states_2022-07-23-06.csv.tar,False,False,False,False,True,RAW_MISSING,False,,,3
2022-07-23T07:00:00Z,2022-07-23,ANCHOR_DAY,data/raw/opensky/state_vectors/2022/date=2022-07-23/hour=07/states_2022-07-23-07.csv.tar,False,False,False,False,True,RAW_MISSING,False,,,3
2022-07-23T08:00:00Z,2022-07-23,ANCHOR_DAY,data/raw/opensky/state_vectors/2022/date=2022-07-23/hour=08/states_2022-07-23-08.csv.tar,False,False,False,False,True,RAW_MISSING,False,,,3
2022-07-23T09:00:00Z,2022-07-23,ANCHOR_DAY,data/raw/opensky/state_vectors/2022/date=2022-07-23/hour=09/states_2022-07-23-09.csv.tar,False,False,False,False,True,RAW_MISSING,False,,,3
2022-07-23T10:00:00Z,2022-07-23,ANCHOR_DAY,data/raw/opensky/state_vectors/2022/date=2022-07-23/hour=10/states_2022-07-23-10.csv.tar,False,False,False,False,True,RAW_MISSING,False,,,3
2022-07-23T11:00:00Z,2022-07-23,ANCHOR_DAY,data/raw/opensky/state_vectors/2022/date=2022-07-23/hour=11/states_2022-07-23-11.csv.tar,False,False,False,False,True,RAW_MISSING,False,,,3
2022-07-23T12:00:00Z,2022-07-23,ANCHOR_DAY,data/raw/opensky/state_vectors/2022/date=2022-07-23/hour=12/states_2022-07-23-12.csv.tar,False,False,False,False,True,RAW_MISSING,False,,,3
2022-07-23T13:00:00Z,2022-07-23,ANCHOR_DAY,data/raw/opensky/state_vectors/2022/date=2022-07-23/hour=13/states_2022-07-23-13.csv.tar,False,False,False,False,True,RAW_MISSING,False,,,3
2022-07-23T14:00:00Z,2022-07-23,ANCHOR_DAY,data/raw/opensky/state_vectors/2022/date=2022-07-23/hour=14/states_2022-07-23-14.csv.tar,False,False,False,False,True,RAW_MISSING,False,,,3
2022-07-23T15:00:00Z,2022-07-23,ANCHOR_DAY,data/raw/opensky/state_vectors/2022/date=2022-07-23/hour=15/states_2022-07-23-15.csv.tar,False,False,False,False,True,RAW_MISSING,False,,,3
2022-07-23T16:00:00Z,2022-07-23,ANCHOR_DAY,data/raw/opensky/state_vectors/2022/date=2022-07-23/hour=16/states_2022-07-23-16.csv.tar,False,False,False,False,True,RAW_MISSING,False,,,3
2022-07-23T17:00:00Z,2022-07-23,ANCHOR_DAY,data/raw/opensky/state_vectors/2022/date=2022-07-23/hour=17/states_2022-07-23-17.csv.tar,False,False,False,False,True,RAW_MISSING,False,,,3
2022-07-23T18:00:00Z,2022-07-23,ANCHOR_DAY,data/raw/opensky/state_vectors/2022/date=2022-07-23/hour=18/states_2022-07-23-18.csv.tar,False,False,False,False,True,RAW_MISSING,False,,,3
2022-07-23T19:00:00Z,2022-07-23,ANCHOR_DAY,data/raw/opensky/state_vectors/2022/date=2022-07-23/hour=19/states_2022-07-23-19.csv.tar,False,False,False,False,True,RAW_MISSING,False,,,3
2022-07-23T20:00:00Z,2022-07-23,ANCHOR_DAY,data/raw/opensky/state_vectors/2022/date=2022-07-23/hour=20/states_2022-07-23-20.csv.tar,False,False,False,False,True,RAW_MISSING,False,,,3
2022-07-23T21:00:00Z,2022-07-23,ANCHOR_DAY,data/raw/opensky/state_vectors/2022/date=2022-07-23/hour=21/states_2022-07-23-21.csv.tar,False,False,False,False,True,RAW_MISSING,False,,,3
2022-07-23T22:00:00Z,2022-07-23,ANCHOR_DAY,data/raw/opensky/state_vectors/2022/date=2022-07-23/hour=22/states_2022-07-23-22.csv.tar,False,False,False,False,True,RAW_MISSING,False,,,3
2022-07-23T23:00:00Z,2022-07-23,ANCHOR_DAY,data/raw/opensky/state_vectors/2022/date=2022-07-23/hour=23/states_2022-07-23-23.csv.tar,False,False,False,False,True,RAW_MISSING,False,,,3
2022-07-24T00:00:00Z,2022-07-23,POST_CONTEXT,data/raw/opensky/state_vectors/2022/date=2022-07-24/hour=00/states_2022-07-24-00.csv.tar,False,False,False,False,True,RAW_MISSING,False,,,3
2022-07-24T01:00:00Z,2022-07-23,POST_CONTEXT,data/raw/opensky/state_vectors/2022/date=2022-07-24/hour=01/states_2022-07-24-01.csv.tar,False,False,False,False,True,RAW_MISSING,False,,,3
2022-07-24T02:00:00Z,2022-07-23,POST_CONTEXT,data/raw/opensky/state_vectors/2022/date=2022-07-24/hour=02/states_2022-07-24-02.csv.tar,False,False,False,False,True,RAW_MISSING,False,,,3
2022-07-24T03:00:00Z,2022-07-23,POST_CONTEXT,data/raw/opensky/state_vectors/2022/date=2022-07-24/hour=03/states_2022-07-24-03.csv.tar,False,False,False,False,True,RAW_MISSING,False,,,3
2022-07-24T04:00:00Z,2022-07-23,POST_CONTEXT,data/raw/opensky/state_vectors/2022/date=2022-07-24/hour=04/states_2022-07-24-04.csv.tar,False,False,False,False,True,RAW_MISSING,False,,,3
2022-07-24T05:00:00Z,2022-07-23,POST_CONTEXT,data/raw/opensky/state_vectors/2022/date=2022-07-24/hour=05/states_2022-07-24-05.csv.tar,False,False,False,False,True,RAW_MISSING,False,,,3
2022-07-24T06:00:00Z,2022-07-23,POST_CONTEXT,data/raw/opensky/state_vectors/2022/date=2022-07-24/hour=06/states_2022-07-24-06.csv.tar,False,False,False,False,True,RAW_MISSING,False,,,3
2022-07-24T07:00:00Z,2022-07-23,POST_CONTEXT,data/raw/opensky/state_vectors/2022/date=2022-07-24/hour=07/states_2022-07-24-07.csv.tar,False,False,False,False,True,RAW_MISSING,False,,,3
2022-07-24T08:00:00Z,2022-07-23,POST_CONTEXT,data/raw/opensky/state_vectors/2022/date=2022-07-24/hour=08/states_2022-07-24-08.csv.tar,False,False,False,False,True,RAW_MISSING,False,,,3
2022-07-24T09:00:00Z,2022-07-23,POST_CONTEXT,data/raw/opensky/state_vectors/2022/date=2022-07-24/hour=09/states_2022-07-24-09.csv.tar,False,False,False,False,True,RAW_MISSING,False,,,3
2022-07-24T10:00:00Z,2022-07-23,POST_CONTEXT,data/raw/opensky/state_vectors/2022/date=2022-07-24/hour=10/states_2022-07-24-10.csv.tar,False,False,False,False,True,RAW_MISSING,False,,,3
2022-07-24T11:00:00Z,2022-07-23,POST_CONTEXT,data/raw/opensky/state_vectors/2022/date=2022-07-24/hour=11/states_2022-07-24-11.csv.tar,False,False,False,False,True,RAW_MISSING,False,,,3
2022-07-24T18:00:00Z,2022-07-25,PRE_CONTEXT,data/raw/opensky/state_vectors/2022/date=2022-07-24/hour=18/states_2022-07-24-18.csv.tar,False,False,False,False,True,RAW_MISSING,False,,,3
2022-07-24T19:00:00Z,2022-07-25,PRE_CONTEXT,data/raw/opensky/state_vectors/2022/date=2022-07-24/hour=19/states_2022-07-24-19.csv.tar,False,False,False,False,True,RAW_MISSING,False,,,3
2022-07-24T20:00:00Z,2022-07-25,PRE_CONTEXT,data/raw/opensky/state_vectors/2022/date=2022-07-24/hour=20/states_2022-07-24-20.csv.tar,False,False,False,False,True,RAW_MISSING,False,,,3
2022-07-24T21:00:00Z,2022-07-25,PRE_CONTEXT,data/raw/opensky/state_vectors/2022/date=2022-07-24/hour=21/states_2022-07-24-21.csv.tar,False,False,False,False,True,RAW_MISSING,False,,,3
2022-07-24T22:00:00Z,2022-07-25,PRE_CONTEXT,data/raw/opensky/state_vectors/2022/date=2022-07-24/hour=22/states_2022-07-24-22.csv.tar,False,False,False,False,True,RAW_MISSING,False,,,3
2022-07-24T23:00:00Z,2022-07-25,PRE_CONTEXT,data/raw/opensky/state_vectors/2022/date=2022-07-24/hour=23/states_2022-07-24-23.csv.tar,False,False,False,False,True,RAW_MISSING,False,,,3
2022-07-25T00:00:00Z,2022-07-25,ANCHOR_DAY,data/raw/opensky/state_vectors/2022/date=2022-07-25/hour=00/states_2022-07-25-00.csv.tar,False,False,False,False,True,RAW_MISSING,False,,,3
2022-07-25T01:00:00Z,2022-07-25,ANCHOR_DAY,data/raw/opensky/state_vectors/2022/date=2022-07-25/hour=01/states_2022-07-25-01.csv.tar,False,False,False,False,True,RAW_MISSING,False,,,3
2022-07-25T02:00:00Z,2022-07-25,ANCHOR_DAY,data/raw/opensky/state_vectors/2022/date=2022-07-25/hour=02/states_2022-07-25-02.csv.tar,False,False,False,False,True,RAW_MISSING,False,,,3
2022-07-25T03:00:00Z,2022-07-25,ANCHOR_DAY,data/raw/opensky/state_vectors/2022/date=2022-07-25/hour=03/states_2022-07-25-03.csv.tar,False,False,False,False,True,RAW_MISSING,False,,,3
2022-07-25T04:00:00Z,2022-07-25,ANCHOR_DAY,data/raw/opensky/state_vectors/2022/date=2022-07-25/hour=04/states_2022-07-25-04.csv.tar,False,False,False,False,True,RAW_MISSING,False,,,3
2022-07-25T05:00:00Z,2022-07-25,ANCHOR_DAY,data/raw/opensky/state_vectors/2022/date=2022-07-25/hour=05/states_2022-07-25-05.csv.tar,False,False,False,False,True,RAW_MISSING,False,,,3
2022-07-25T06:00:00Z,2022-07-25,ANCHOR_DAY,data/raw/opensky/state_vectors/2022/date=2022-07-25/hour=06/states_2022-07-25-06.csv.tar,False,False,False,False,True,RAW_MISSING,False,,,3
2022-07-25T07:00:00Z,2022-07-25,ANCHOR_DAY,data/raw/opensky/state_vectors/2022/date=2022-07-25/hour=07/states_2022-07-25-07.csv.tar,False,False,False,False,True,RAW_MISSING,False,,,3
2022-07-25T08:00:00Z,2022-07-25,ANCHOR_DAY,data/raw/opensky/state_vectors/2022/date=2022-07-25/hour=08/states_2022-07-25-08.csv.tar,False,False,False,False,True,RAW_MISSING,False,,,3
2022-07-25T09:00:00Z,2022-07-25,ANCHOR_DAY,data/raw/opensky/state_vectors/2022/date=2022-07-25/hour=09/states_2022-07-25-09.csv.tar,False,False,False,False,True,RAW_MISSING,False,,,3
2022-07-25T10:00:00Z,2022-07-25,ANCHOR_DAY,data/raw/opensky/state_vectors/2022/date=2022-07-25/hour=10/states_2022-07-25-10.csv.tar,False,False,False,False,True,RAW_MISSING,False,,,3
2022-07-25T11:00:00Z,2022-07-25,ANCHOR_DAY,data/raw/opensky/state_vectors/2022/date=2022-07-25/hour=11/states_2022-07-25-11.csv.tar,False,False,False,False,True,RAW_MISSING,False,,,3
2022-07-25T12:00:00Z,2022-07-25,ANCHOR_DAY,data/raw/opensky/state_vectors/2022/date=2022-07-25/hour=12/states_2022-07-25-12.csv.tar,False,False,False,False,True,RAW_MISSING,False,,,3
2022-07-25T13:00:00Z,2022-07-25,ANCHOR_DAY,data/raw/opensky/state_vectors/2022/date=2022-07-25/hour=13/states_2022-07-25-13.csv.tar,False,False,False,False,True,RAW_MISSING,False,,,3
2022-07-25T14:00:00Z,2022-07-25,ANCHOR_DAY,data/raw/opensky/state_vectors/2022/date=2022-07-25/hour=14/states_2022-07-25-14.csv.tar,False,False,False,False,True,RAW_MISSING,False,,,3
2022-07-25T15:00:00Z,2022-07-25,ANCHOR_DAY,data/raw/opensky/state_vectors/2022/date=2022-07-25/hour=15/states_2022-07-25-15.csv.tar,False,False,False,False,True,RAW_MISSING,False,,,3
2022-07-25T16:00:00Z,2022-07-25,ANCHOR_DAY,data/raw/opensky/state_vectors/2022/date=2022-07-25/hour=16/states_2022-07-25-16.csv.tar,False,False,False,False,True,RAW_MISSING,False,,,3
2022-07-25T17:00:00Z,2022-07-25,ANCHOR_DAY,data/raw/opensky/state_vectors/2022/date=2022-07-25/hour=17/states_2022-07-25-17.csv.tar,False,False,False,False,True,RAW_MISSING,False,,,3
2022-07-25T18:00:00Z,2022-07-25,ANCHOR_DAY,data/raw/opensky/state_vectors/2022/date=2022-07-25/hour=18/states_2022-07-25-18.csv.tar,False,False,False,False,True,RAW_MISSING,False,,,3
2022-07-25T19:00:00Z,2022-07-25,ANCHOR_DAY,data/raw/opensky/state_vectors/2022/date=2022-07-25/hour=19/states_2022-07-25-19.csv.tar,False,False,False,False,True,RAW_MISSING,False,,,3
2022-07-25T20:00:00Z,2022-07-25,ANCHOR_DAY,data/raw/opensky/state_vectors/2022/date=2022-07-25/hour=20/states_2022-07-25-20.csv.tar,False,False,False,False,True,RAW_MISSING,False,,,3
2022-07-25T21:00:00Z,2022-07-25,ANCHOR_DAY,data/raw/opensky/state_vectors/2022/date=2022-07-25/hour=21/states_2022-07-25-21.csv.tar,False,False,False,False,True,RAW_MISSING,False,,,3
2022-07-25T22:00:00Z,2022-07-25,ANCHOR_DAY,data/raw/opensky/state_vectors/2022/date=2022-07-25/hour=22/states_2022-07-25-22.csv.tar,False,False,False,False,True,RAW_MISSING,False,,,3
2022-07-25T23:00:00Z,2022-07-25,ANCHOR_DAY,data/raw/opensky/state_vectors/2022/date=2022-07-25/hour=23/states_2022-07-25-23.csv.tar,False,False,False,False,True,RAW_MISSING,False,,,3
2022-07-26T00:00:00Z,2022-07-25,POST_CONTEXT,data/raw/opensky/state_vectors/2022/date=2022-07-26/hour=00/states_2022-07-26-00.csv.tar,False,False,False,False,True,RAW_MISSING,False,,,3
2022-07-26T01:00:00Z,2022-07-25,POST_CONTEXT,data/raw/opensky/state_vectors/2022/date=2022-07-26/hour=01/states_2022-07-26-01.csv.tar,False,False,False,False,True,RAW_MISSING,False,,,3
2022-07-26T02:00:00Z,2022-07-25,POST_CONTEXT,data/raw/opensky/state_vectors/2022/date=2022-07-26/hour=02/states_2022-07-26-02.csv.tar,False,False,False,False,True,RAW_MISSING,False,,,3
2022-07-26T03:00:00Z,2022-07-25,POST_CONTEXT,data/raw/opensky/state_vectors/2022/date=2022-07-26/hour=03/states_2022-07-26-03.csv.tar,False,False,False,False,True,RAW_MISSING,False,,,3
2022-07-26T04:00:00Z,2022-07-25,POST_CONTEXT,data/raw/opensky/state_vectors/2022/date=2022-07-26/hour=04/states_2022-07-26-04.csv.tar,False,False,False,False,True,RAW_MISSING,False,,,3
2022-07-26T05:00:00Z,2022-07-25,POST_CONTEXT,data/raw/opensky/state_vectors/2022/date=2022-07-26/hour=05/states_2022-07-26-05.csv.tar,False,False,False,False,True,RAW_MISSING,False,,,3
2022-07-26T06:00:00Z,2022-07-25,POST_CONTEXT,data/raw/opensky/state_vectors/2022/date=2022-07-26/hour=06/states_2022-07-26-06.csv.tar,False,False,False,False,True,RAW_MISSING,False,,,3
2022-07-26T07:00:00Z,2022-07-25,POST_CONTEXT,data/raw/opensky/state_vectors/2022/date=2022-07-26/hour=07/states_2022-07-26-07.csv.tar,False,False,False,False,True,RAW_MISSING,False,,,3
2022-07-26T08:00:00Z,2022-07-25,POST_CONTEXT,data/raw/opensky/state_vectors/2022/date=2022-07-26/hour=08/states_2022-07-26-08.csv.tar,False,False,False,False,True,RAW_MISSING,False,,,3
2022-07-26T09:00:00Z,2022-07-25,POST_CONTEXT,data/raw/opensky/state_vectors/2022/date=2022-07-26/hour=09/states_2022-07-26-09.csv.tar,False,False,False,False,True,RAW_MISSING,False,,,3
2022-07-26T10:00:00Z,2022-07-25,POST_CONTEXT,data/raw/opensky/state_vectors/2022/date=2022-07-26/hour=10/states_2022-07-26-10.csv.tar,False,False,False,False,True,RAW_MISSING,False,,,3
2022-07-26T11:00:00Z,2022-07-25,POST_CONTEXT,data/raw/opensky/state_vectors/2022/date=2022-07-26/hour=11/states_2022-07-26-11.csv.tar,False,False,False,False,True,RAW_MISSING,False,,,3
2022-07-31T18:00:00Z,2022-08-01,PRE_CONTEXT,data/raw/opensky/state_vectors/2022/date=2022-07-31/hour=18/states_2022-07-31-18.csv.tar,False,False,False,False,True,RAW_MISSING,False,,,3
2022-07-31T19:00:00Z,2022-08-01,PRE_CONTEXT,data/raw/opensky/state_vectors/2022/date=2022-07-31/hour=19/states_2022-07-31-19.csv.tar,False,False,False,False,True,RAW_MISSING,False,,,3
2022-07-31T20:00:00Z,2022-08-01,PRE_CONTEXT,data/raw/opensky/state_vectors/2022/date=2022-07-31/hour=20/states_2022-07-31-20.csv.tar,False,False,False,False,True,RAW_MISSING,False,,,3
2022-07-31T21:00:00Z,2022-08-01,PRE_CONTEXT,data/raw/opensky/state_vectors/2022/date=2022-07-31/hour=21/states_2022-07-31-21.csv.tar,False,False,False,False,True,RAW_MISSING,False,,,3
2022-07-31T22:00:00Z,2022-08-01,PRE_CONTEXT,data/raw/opensky/state_vectors/2022/date=2022-07-31/hour=22/states_2022-07-31-22.csv.tar,False,False,False,False,True,RAW_MISSING,False,,,3
2022-07-31T23:00:00Z,2022-08-01,PRE_CONTEXT,data/raw/opensky/state_vectors/2022/date=2022-07-31/hour=23/states_2022-07-31-23.csv.tar,False,False,False,False,True,RAW_MISSING,False,,,3
2022-08-01T00:00:00Z,2022-08-01,ANCHOR_DAY,data/raw/opensky/state_vectors/2022/date=2022-08-01/hour=00/states_2022-08-01-00.csv.tar,False,False,False,False,True,RAW_MISSING,False,,,3
2022-08-01T01:00:00Z,2022-08-01,ANCHOR_DAY,data/raw/opensky/state_vectors/2022/date=2022-08-01/hour=01/states_2022-08-01-01.csv.tar,False,False,False,False,True,RAW_MISSING,False,,,3
2022-08-01T02:00:00Z,2022-08-01,ANCHOR_DAY,data/raw/opensky/state_vectors/2022/date=2022-08-01/hour=02/states_2022-08-01-02.csv.tar,False,False,False,False,True,RAW_MISSING,False,,,3
2022-08-01T03:00:00Z,2022-08-01,ANCHOR_DAY,data/raw/opensky/state_vectors/2022/date=2022-08-01/hour=03/states_2022-08-01-03.csv.tar,False,False,False,False,True,RAW_MISSING,False,,,3
2022-08-01T04:00:00Z,2022-08-01,ANCHOR_DAY,data/raw/opensky/state_vectors/2022/date=2022-08-01/hour=04/states_2022-08-01-04.csv.tar,False,False,False,False,True,RAW_MISSING,False,,,3
2022-08-01T05:00:00Z,2022-08-01,ANCHOR_DAY,data/raw/opensky/state_vectors/2022/date=2022-08-01/hour=05/states_2022-08-01-05.csv.tar,False,False,False,False,True,RAW_MISSING,False,,,3
2022-08-01T06:00:00Z,2022-08-01,ANCHOR_DAY,data/raw/opensky/state_vectors/2022/date=2022-08-01/hour=06/states_2022-08-01-06.csv.tar,False,False,False,False,True,RAW_MISSING,False,,,3
2022-08-01T07:00:00Z,2022-08-01,ANCHOR_DAY,data/raw/opensky/state_vectors/2022/date=2022-08-01/hour=07/states_2022-08-01-07.csv.tar,False,False,False,False,True,RAW_MISSING,False,,,3
2022-08-01T08:00:00Z,2022-08-01,ANCHOR_DAY,data/raw/opensky/state_vectors/2022/date=2022-08-01/hour=08/states_2022-08-01-08.csv.tar,False,False,False,False,True,RAW_MISSING,False,,,3
2022-08-01T09:00:00Z,2022-08-01,ANCHOR_DAY,data/raw/opensky/state_vectors/2022/date=2022-08-01/hour=09/states_2022-08-01-09.csv.tar,False,False,False,False,True,RAW_MISSING,False,,,3
2022-08-01T10:00:00Z,2022-08-01,ANCHOR_DAY,data/raw/opensky/state_vectors/2022/date=2022-08-01/hour=10/states_2022-08-01-10.csv.tar,False,False,False,False,True,RAW_MISSING,False,,,3
2022-08-01T11:00:00Z,2022-08-01,ANCHOR_DAY,data/raw/opensky/state_vectors/2022/date=2022-08-01/hour=11/states_2022-08-01-11.csv.tar,False,False,False,False,True,RAW_MISSING,False,,,3
2022-08-01T12:00:00Z,2022-08-01,ANCHOR_DAY,data/raw/opensky/state_vectors/2022/date=2022-08-01/hour=12/states_2022-08-01-12.csv.tar,False,False,False,False,True,RAW_MISSING,False,,,3
2022-08-01T13:00:00Z,2022-08-01,ANCHOR_DAY,data/raw/opensky/state_vectors/2022/date=2022-08-01/hour=13/states_2022-08-01-13.csv.tar,False,False,False,False,True,RAW_MISSING,False,,,3
2022-08-01T14:00:00Z,2022-08-01,ANCHOR_DAY,data/raw/opensky/state_vectors/2022/date=2022-08-01/hour=14/states_2022-08-01-14.csv.tar,False,False,False,False,True,RAW_MISSING,False,,,3
2022-08-01T15:00:00Z,2022-08-01,ANCHOR_DAY,data/raw/opensky/state_vectors/2022/date=2022-08-01/hour=15/states_2022-08-01-15.csv.tar,False,False,False,False,True,RAW_MISSING,False,,,3
2022-08-01T16:00:00Z,2022-08-01,ANCHOR_DAY,data/raw/opensky/state_vectors/2022/date=2022-08-01/hour=16/states_2022-08-01-16.csv.tar,False,False,False,False,True,RAW_MISSING,False,,,3
2022-08-01T17:00:00Z,2022-08-01,ANCHOR_DAY,data/raw/opensky/state_vectors/2022/date=2022-08-01/hour=17/states_2022-08-01-17.csv.tar,False,False,False,False,True,RAW_MISSING,False,,,3
2022-08-01T18:00:00Z,2022-08-01,ANCHOR_DAY,data/raw/opensky/state_vectors/2022/date=2022-08-01/hour=18/states_2022-08-01-18.csv.tar,False,False,False,False,True,RAW_MISSING,False,,,3
2022-08-01T19:00:00Z,2022-08-01,ANCHOR_DAY,data/raw/opensky/state_vectors/2022/date=2022-08-01/hour=19/states_2022-08-01-19.csv.tar,False,False,False,False,True,RAW_MISSING,False,,,3
2022-08-01T20:00:00Z,2022-08-01,ANCHOR_DAY,data/raw/opensky/state_vectors/2022/date=2022-08-01/hour=20/states_2022-08-01-20.csv.tar,False,False,False,False,True,RAW_MISSING,False,,,3
2022-08-01T21:00:00Z,2022-08-01,ANCHOR_DAY,data/raw/opensky/state_vectors/2022/date=2022-08-01/hour=21/states_2022-08-01-21.csv.tar,False,False,False,False,True,RAW_MISSING,False,,,3
2022-08-01T22:00:00Z,2022-08-01,ANCHOR_DAY,data/raw/opensky/state_vectors/2022/date=2022-08-01/hour=22/states_2022-08-01-22.csv.tar,False,False,False,False,True,RAW_MISSING,False,,,3
2022-08-01T23:00:00Z,2022-08-01,ANCHOR_DAY,data/raw/opensky/state_vectors/2022/date=2022-08-01/hour=23/states_2022-08-01-23.csv.tar,False,False,False,False,True,RAW_MISSING,False,,,3
2022-08-02T00:00:00Z,2022-08-01,POST_CONTEXT,data/raw/opensky/state_vectors/2022/date=2022-08-02/hour=00/states_2022-08-02-00.csv.tar,False,False,False,False,True,RAW_MISSING,False,,,3
2022-08-02T01:00:00Z,2022-08-01,POST_CONTEXT,data/raw/opensky/state_vectors/2022/date=2022-08-02/hour=01/states_2022-08-02-01.csv.tar,False,False,False,False,True,RAW_MISSING,False,,,3
2022-08-02T02:00:00Z,2022-08-01,POST_CONTEXT,data/raw/opensky/state_vectors/2022/date=2022-08-02/hour=02/states_2022-08-02-02.csv.tar,False,False,False,False,True,RAW_MISSING,False,,,3
2022-08-02T03:00:00Z,2022-08-01,POST_CONTEXT,data/raw/opensky/state_vectors/2022/date=2022-08-02/hour=03/states_2022-08-02-03.csv.tar,False,False,False,False,True,RAW_MISSING,False,,,3
2022-08-02T04:00:00Z,2022-08-01,POST_CONTEXT,data/raw/opensky/state_vectors/2022/date=2022-08-02/hour=04/states_2022-08-02-04.csv.tar,False,False,False,False,True,RAW_MISSING,False,,,3
2022-08-02T05:00:00Z,2022-08-01,POST_CONTEXT,data/raw/opensky/state_vectors/2022/date=2022-08-02/hour=05/states_2022-08-02-05.csv.tar,False,False,False,False,True,RAW_MISSING,False,,,3
2022-08-02T06:00:00Z,2022-08-01,POST_CONTEXT,data/raw/opensky/state_vectors/2022/date=2022-08-02/hour=06/states_2022-08-02-06.csv.tar,False,False,False,False,True,RAW_MISSING,False,,,3
2022-08-02T07:00:00Z,2022-08-01,POST_CONTEXT,data/raw/opensky/state_vectors/2022/date=2022-08-02/hour=07/states_2022-08-02-07.csv.tar,False,False,False,False,True,RAW_MISSING,False,,,3
2022-08-02T08:00:00Z,2022-08-01,POST_CONTEXT,data/raw/opensky/state_vectors/2022/date=2022-08-02/hour=08/states_2022-08-02-08.csv.tar,False,False,False,False,True,RAW_MISSING,False,,,3
2022-08-02T09:00:00Z,2022-08-01,POST_CONTEXT,data/raw/opensky/state_vectors/2022/date=2022-08-02/hour=09/states_2022-08-02-09.csv.tar,False,False,False,False,True,RAW_MISSING,False,,,3
2022-08-02T10:00:00Z,2022-08-01,POST_CONTEXT,data/raw/opensky/state_vectors/2022/date=2022-08-02/hour=10/states_2022-08-02-10.csv.tar,False,False,False,False,True,RAW_MISSING,False,,,3
2022-08-02T11:00:00Z,2022-08-01,POST_CONTEXT,data/raw/opensky/state_vectors/2022/date=2022-08-02/hour=11/states_2022-08-02-11.csv.tar,False,False,False,False,True,RAW_MISSING,False,,,3
2022-08-05T18:00:00Z,2022-08-06,PRE_CONTEXT,data/raw/opensky/state_vectors/2022/date=2022-08-05/hour=18/states_2022-08-05-18.csv.tar,False,False,False,False,True,RAW_MISSING,False,,,3
2022-08-05T19:00:00Z,2022-08-06,PRE_CONTEXT,data/raw/opensky/state_vectors/2022/date=2022-08-05/hour=19/states_2022-08-05-19.csv.tar,False,False,False,False,True,RAW_MISSING,False,,,3
2022-08-05T20:00:00Z,2022-08-06,PRE_CONTEXT,data/raw/opensky/state_vectors/2022/date=2022-08-05/hour=20/states_2022-08-05-20.csv.tar,False,False,False,False,True,RAW_MISSING,False,,,3
2022-08-05T21:00:00Z,2022-08-06,PRE_CONTEXT,data/raw/opensky/state_vectors/2022/date=2022-08-05/hour=21/states_2022-08-05-21.csv.tar,False,False,False,False,True,RAW_MISSING,False,,,3
2022-08-05T22:00:00Z,2022-08-06,PRE_CONTEXT,data/raw/opensky/state_vectors/2022/date=2022-08-05/hour=22/states_2022-08-05-22.csv.tar,False,False,False,False,True,RAW_MISSING,False,,,3
2022-08-05T23:00:00Z,2022-08-06,PRE_CONTEXT,data/raw/opensky/state_vectors/2022/date=2022-08-05/hour=23/states_2022-08-05-23.csv.tar,False,False,False,False,True,RAW_MISSING,False,,,3
2022-08-06T00:00:00Z,2022-08-06,ANCHOR_DAY,data/raw/opensky/state_vectors/2022/date=2022-08-06/hour=00/states_2022-08-06-00.csv.tar,False,False,False,False,True,RAW_MISSING,False,,,3
2022-08-06T01:00:00Z,2022-08-06,ANCHOR_DAY,data/raw/opensky/state_vectors/2022/date=2022-08-06/hour=01/states_2022-08-06-01.csv.tar,False,False,False,False,True,RAW_MISSING,False,,,3
2022-08-06T02:00:00Z,2022-08-06,ANCHOR_DAY,data/raw/opensky/state_vectors/2022/date=2022-08-06/hour=02/states_2022-08-06-02.csv.tar,False,False,False,False,True,RAW_MISSING,False,,,3
2022-08-06T03:00:00Z,2022-08-06,ANCHOR_DAY,data/raw/opensky/state_vectors/2022/date=2022-08-06/hour=03/states_2022-08-06-03.csv.tar,False,False,False,False,True,RAW_MISSING,False,,,3
2022-08-06T04:00:00Z,2022-08-06,ANCHOR_DAY,data/raw/opensky/state_vectors/2022/date=2022-08-06/hour=04/states_2022-08-06-04.csv.tar,False,False,False,False,True,RAW_MISSING,False,,,3
2022-08-06T05:00:00Z,2022-08-06,ANCHOR_DAY,data/raw/opensky/state_vectors/2022/date=2022-08-06/hour=05/states_2022-08-06-05.csv.tar,False,False,False,False,True,RAW_MISSING,False,,,3
2022-08-06T06:00:00Z,2022-08-06,ANCHOR_DAY,data/raw/opensky/state_vectors/2022/date=2022-08-06/hour=06/states_2022-08-06-06.csv.tar,False,False,False,False,True,RAW_MISSING,False,,,3
2022-08-06T07:00:00Z,2022-08-06,ANCHOR_DAY,data/raw/opensky/state_vectors/2022/date=2022-08-06/hour=07/states_2022-08-06-07.csv.tar,False,False,False,False,True,RAW_MISSING,False,,,3
2022-08-06T08:00:00Z,2022-08-06,ANCHOR_DAY,data/raw/opensky/state_vectors/2022/date=2022-08-06/hour=08/states_2022-08-06-08.csv.tar,False,False,False,False,True,RAW_MISSING,False,,,3
2022-08-06T09:00:00Z,2022-08-06,ANCHOR_DAY,data/raw/opensky/state_vectors/2022/date=2022-08-06/hour=09/states_2022-08-06-09.csv.tar,False,False,False,False,True,RAW_MISSING,False,,,3
2022-08-06T10:00:00Z,2022-08-06,ANCHOR_DAY,data/raw/opensky/state_vectors/2022/date=2022-08-06/hour=10/states_2022-08-06-10.csv.tar,False,False,False,False,True,RAW_MISSING,False,,,3
2022-08-06T11:00:00Z,2022-08-06,ANCHOR_DAY,data/raw/opensky/state_vectors/2022/date=2022-08-06/hour=11/states_2022-08-06-11.csv.tar,False,False,False,False,True,RAW_MISSING,False,,,3
2022-08-06T12:00:00Z,2022-08-06,ANCHOR_DAY,data/raw/opensky/state_vectors/2022/date=2022-08-06/hour=12/states_2022-08-06-12.csv.tar,False,False,False,False,True,RAW_MISSING,False,,,3
2022-08-06T13:00:00Z,2022-08-06,ANCHOR_DAY,data/raw/opensky/state_vectors/2022/date=2022-08-06/hour=13/states_2022-08-06-13.csv.tar,False,False,False,False,True,RAW_MISSING,False,,,3
2022-08-06T14:00:00Z,2022-08-06,ANCHOR_DAY,data/raw/opensky/state_vectors/2022/date=2022-08-06/hour=14/states_2022-08-06-14.csv.tar,False,False,False,False,True,RAW_MISSING,False,,,3
2022-08-06T15:00:00Z,2022-08-06,ANCHOR_DAY,data/raw/opensky/state_vectors/2022/date=2022-08-06/hour=15/states_2022-08-06-15.csv.tar,False,False,False,False,True,RAW_MISSING,False,,,3
2022-08-06T16:00:00Z,2022-08-06,ANCHOR_DAY,data/raw/opensky/state_vectors/2022/date=2022-08-06/hour=16/states_2022-08-06-16.csv.tar,False,False,False,False,True,RAW_MISSING,False,,,3
2022-08-06T17:00:00Z,2022-08-06,ANCHOR_DAY,data/raw/opensky/state_vectors/2022/date=2022-08-06/hour=17/states_2022-08-06-17.csv.tar,False,False,False,False,True,RAW_MISSING,False,,,3
2022-08-06T18:00:00Z,2022-08-06,ANCHOR_DAY,data/raw/opensky/state_vectors/2022/date=2022-08-06/hour=18/states_2022-08-06-18.csv.tar,False,False,False,False,True,RAW_MISSING,False,,,3
2022-08-06T19:00:00Z,2022-08-06,ANCHOR_DAY,data/raw/opensky/state_vectors/2022/date=2022-08-06/hour=19/states_2022-08-06-19.csv.tar,False,False,False,False,True,RAW_MISSING,False,,,3
2022-08-06T20:00:00Z,2022-08-06,ANCHOR_DAY,data/raw/opensky/state_vectors/2022/date=2022-08-06/hour=20/states_2022-08-06-20.csv.tar,False,False,False,False,True,RAW_MISSING,False,,,3
2022-08-06T21:00:00Z,2022-08-06,ANCHOR_DAY,data/raw/opensky/state_vectors/2022/date=2022-08-06/hour=21/states_2022-08-06-21.csv.tar,False,False,False,False,True,RAW_MISSING,False,,,3
2022-08-06T22:00:00Z,2022-08-06,ANCHOR_DAY,data/raw/opensky/state_vectors/2022/date=2022-08-06/hour=22/states_2022-08-06-22.csv.tar,False,False,False,False,True,RAW_MISSING,False,,,3
2022-08-06T23:00:00Z,2022-08-06,ANCHOR_DAY,data/raw/opensky/state_vectors/2022/date=2022-08-06/hour=23/states_2022-08-06-23.csv.tar,False,False,False,False,True,RAW_MISSING,False,,,3
2022-08-07T00:00:00Z,2022-08-06,POST_CONTEXT,data/raw/opensky/state_vectors/2022/date=2022-08-07/hour=00/states_2022-08-07-00.csv.tar,False,False,False,False,True,RAW_MISSING,False,,,3
2022-08-07T01:00:00Z,2022-08-06,POST_CONTEXT,data/raw/opensky/state_vectors/2022/date=2022-08-07/hour=01/states_2022-08-07-01.csv.tar,False,False,False,False,True,RAW_MISSING,False,,,3
2022-08-07T02:00:00Z,2022-08-06,POST_CONTEXT,data/raw/opensky/state_vectors/2022/date=2022-08-07/hour=02/states_2022-08-07-02.csv.tar,False,False,False,False,True,RAW_MISSING,False,,,3
2022-08-07T03:00:00Z,2022-08-06,POST_CONTEXT,data/raw/opensky/state_vectors/2022/date=2022-08-07/hour=03/states_2022-08-07-03.csv.tar,False,False,False,False,True,RAW_MISSING,False,,,3
2022-08-07T04:00:00Z,2022-08-06,POST_CONTEXT,data/raw/opensky/state_vectors/2022/date=2022-08-07/hour=04/states_2022-08-07-04.csv.tar,False,False,False,False,True,RAW_MISSING,False,,,3
2022-08-07T05:00:00Z,2022-08-06,POST_CONTEXT,data/raw/opensky/state_vectors/2022/date=2022-08-07/hour=05/states_2022-08-07-05.csv.tar,False,False,False,False,True,RAW_MISSING,False,,,3
2022-08-07T06:00:00Z,2022-08-06,POST_CONTEXT,data/raw/opensky/state_vectors/2022/date=2022-08-07/hour=06/states_2022-08-07-06.csv.tar,False,False,False,False,True,RAW_MISSING,False,,,3
2022-08-07T07:00:00Z,2022-08-06,POST_CONTEXT,data/raw/opensky/state_vectors/2022/date=2022-08-07/hour=07/states_2022-08-07-07.csv.tar,False,False,False,False,True,RAW_MISSING,False,,,3
2022-08-07T08:00:00Z,2022-08-06,POST_CONTEXT,data/raw/opensky/state_vectors/2022/date=2022-08-07/hour=08/states_2022-08-07-08.csv.tar,False,False,False,False,True,RAW_MISSING,False,,,3
2022-08-07T09:00:00Z,2022-08-06,POST_CONTEXT,data/raw/opensky/state_vectors/2022/date=2022-08-07/hour=09/states_2022-08-07-09.csv.tar,False,False,False,False,True,RAW_MISSING,False,,,3
2022-08-07T10:00:00Z,2022-08-06,POST_CONTEXT,data/raw/opensky/state_vectors/2022/date=2022-08-07/hour=10/states_2022-08-07-10.csv.tar,False,False,False,False,True,RAW_MISSING,False,,,3
2022-08-07T11:00:00Z,2022-08-06,POST_CONTEXT,data/raw/opensky/state_vectors/2022/date=2022-08-07/hour=11/states_2022-08-07-11.csv.tar,False,False,False,False,True,RAW_MISSING,False,,,3
2022-08-07T18:00:00Z,2022-08-08,PRE_CONTEXT,data/raw/opensky/state_vectors/2022/date=2022-08-07/hour=18/states_2022-08-07-18.csv.tar,False,False,False,False,True,RAW_MISSING,False,,,3
2022-08-07T19:00:00Z,2022-08-08,PRE_CONTEXT,data/raw/opensky/state_vectors/2022/date=2022-08-07/hour=19/states_2022-08-07-19.csv.tar,False,False,False,False,True,RAW_MISSING,False,,,3
2022-08-07T20:00:00Z,2022-08-08,PRE_CONTEXT,data/raw/opensky/state_vectors/2022/date=2022-08-07/hour=20/states_2022-08-07-20.csv.tar,False,False,False,False,True,RAW_MISSING,False,,,3
2022-08-07T21:00:00Z,2022-08-08,PRE_CONTEXT,data/raw/opensky/state_vectors/2022/date=2022-08-07/hour=21/states_2022-08-07-21.csv.tar,False,False,False,False,True,RAW_MISSING,False,,,3
2022-08-07T22:00:00Z,2022-08-08,PRE_CONTEXT,data/raw/opensky/state_vectors/2022/date=2022-08-07/hour=22/states_2022-08-07-22.csv.tar,False,False,False,False,True,RAW_MISSING,False,,,3
2022-08-07T23:00:00Z,2022-08-08,PRE_CONTEXT,data/raw/opensky/state_vectors/2022/date=2022-08-07/hour=23/states_2022-08-07-23.csv.tar,False,False,False,False,True,RAW_MISSING,False,,,3
2022-08-08T00:00:00Z,2022-08-08,ANCHOR_DAY,data/raw/opensky/state_vectors/2022/date=2022-08-08/hour=00/states_2022-08-08-00.csv.tar,False,False,False,False,True,RAW_MISSING,False,,,3
2022-08-08T01:00:00Z,2022-08-08,ANCHOR_DAY,data/raw/opensky/state_vectors/2022/date=2022-08-08/hour=01/states_2022-08-08-01.csv.tar,False,False,False,False,True,RAW_MISSING,False,,,3
2022-08-08T02:00:00Z,2022-08-08,ANCHOR_DAY,data/raw/opensky/state_vectors/2022/date=2022-08-08/hour=02/states_2022-08-08-02.csv.tar,False,False,False,False,True,RAW_MISSING,False,,,3
2022-08-08T03:00:00Z,2022-08-08,ANCHOR_DAY,data/raw/opensky/state_vectors/2022/date=2022-08-08/hour=03/states_2022-08-08-03.csv.tar,False,False,False,False,True,RAW_MISSING,False,,,3
2022-08-08T04:00:00Z,2022-08-08,ANCHOR_DAY,data/raw/opensky/state_vectors/2022/date=2022-08-08/hour=04/states_2022-08-08-04.csv.tar,False,False,False,False,True,RAW_MISSING,False,,,3
2022-08-08T05:00:00Z,2022-08-08,ANCHOR_DAY,data/raw/opensky/state_vectors/2022/date=2022-08-08/hour=05/states_2022-08-08-05.csv.tar,False,False,False,False,True,RAW_MISSING,False,,,3
2022-08-08T06:00:00Z,2022-08-08,ANCHOR_DAY,data/raw/opensky/state_vectors/2022/date=2022-08-08/hour=06/states_2022-08-08-06.csv.tar,False,False,False,False,True,RAW_MISSING,False,,,3
2022-08-08T07:00:00Z,2022-08-08,ANCHOR_DAY,data/raw/opensky/state_vectors/2022/date=2022-08-08/hour=07/states_2022-08-08-07.csv.tar,False,False,False,False,True,RAW_MISSING,False,,,3
2022-08-08T08:00:00Z,2022-08-08,ANCHOR_DAY,data/raw/opensky/state_vectors/2022/date=2022-08-08/hour=08/states_2022-08-08-08.csv.tar,False,False,False,False,True,RAW_MISSING,False,,,3
2022-08-08T09:00:00Z,2022-08-08,ANCHOR_DAY,data/raw/opensky/state_vectors/2022/date=2022-08-08/hour=09/states_2022-08-08-09.csv.tar,False,False,False,False,True,RAW_MISSING,False,,,3
2022-08-08T10:00:00Z,2022-08-08,ANCHOR_DAY,data/raw/opensky/state_vectors/2022/date=2022-08-08/hour=10/states_2022-08-08-10.csv.tar,False,False,False,False,True,RAW_MISSING,False,,,3
2022-08-08T11:00:00Z,2022-08-08,ANCHOR_DAY,data/raw/opensky/state_vectors/2022/date=2022-08-08/hour=11/states_2022-08-08-11.csv.tar,False,False,False,False,True,RAW_MISSING,False,,,3
2022-08-08T12:00:00Z,2022-08-08,ANCHOR_DAY,data/raw/opensky/state_vectors/2022/date=2022-08-08/hour=12/states_2022-08-08-12.csv.tar,False,False,False,False,True,RAW_MISSING,False,,,3
2022-08-08T13:00:00Z,2022-08-08,ANCHOR_DAY,data/raw/opensky/state_vectors/2022/date=2022-08-08/hour=13/states_2022-08-08-13.csv.tar,False,False,False,False,True,RAW_MISSING,False,,,3
2022-08-08T14:00:00Z,2022-08-08,ANCHOR_DAY,data/raw/opensky/state_vectors/2022/date=2022-08-08/hour=14/states_2022-08-08-14.csv.tar,False,False,False,False,True,RAW_MISSING,False,,,3
2022-08-08T15:00:00Z,2022-08-08,ANCHOR_DAY,data/raw/opensky/state_vectors/2022/date=2022-08-08/hour=15/states_2022-08-08-15.csv.tar,False,False,False,False,True,RAW_MISSING,False,,,3
2022-08-08T16:00:00Z,2022-08-08,ANCHOR_DAY,data/raw/opensky/state_vectors/2022/date=2022-08-08/hour=16/states_2022-08-08-16.csv.tar,False,False,False,False,True,RAW_MISSING,False,,,3
2022-08-08T17:00:00Z,2022-08-08,ANCHOR_DAY,data/raw/opensky/state_vectors/2022/date=2022-08-08/hour=17/states_2022-08-08-17.csv.tar,False,False,False,False,True,RAW_MISSING,False,,,3
2022-08-08T18:00:00Z,2022-08-08,ANCHOR_DAY,data/raw/opensky/state_vectors/2022/date=2022-08-08/hour=18/states_2022-08-08-18.csv.tar,False,False,False,False,True,RAW_MISSING,False,,,3
2022-08-08T19:00:00Z,2022-08-08,ANCHOR_DAY,data/raw/opensky/state_vectors/2022/date=2022-08-08/hour=19/states_2022-08-08-19.csv.tar,False,False,False,False,True,RAW_MISSING,False,,,3
2022-08-08T20:00:00Z,2022-08-08,ANCHOR_DAY,data/raw/opensky/state_vectors/2022/date=2022-08-08/hour=20/states_2022-08-08-20.csv.tar,False,False,False,False,True,RAW_MISSING,False,,,3
2022-08-08T21:00:00Z,2022-08-08,ANCHOR_DAY,data/raw/opensky/state_vectors/2022/date=2022-08-08/hour=21/states_2022-08-08-21.csv.tar,False,False,False,False,True,RAW_MISSING,False,,,3
2022-08-08T22:00:00Z,2022-08-08,ANCHOR_DAY,data/raw/opensky/state_vectors/2022/date=2022-08-08/hour=22/states_2022-08-08-22.csv.tar,False,False,False,False,True,RAW_MISSING,False,,,3
2022-08-08T23:00:00Z,2022-08-08,ANCHOR_DAY,data/raw/opensky/state_vectors/2022/date=2022-08-08/hour=23/states_2022-08-08-23.csv.tar,False,False,False,False,True,RAW_MISSING,False,,,3
2022-08-09T00:00:00Z,2022-08-08,POST_CONTEXT,data/raw/opensky/state_vectors/2022/date=2022-08-09/hour=00/states_2022-08-09-00.csv.tar,False,False,False,False,True,RAW_MISSING,False,,,3
2022-08-09T01:00:00Z,2022-08-08,POST_CONTEXT,data/raw/opensky/state_vectors/2022/date=2022-08-09/hour=01/states_2022-08-09-01.csv.tar,False,False,False,False,True,RAW_MISSING,False,,,3
2022-08-09T02:00:00Z,2022-08-08,POST_CONTEXT,data/raw/opensky/state_vectors/2022/date=2022-08-09/hour=02/states_2022-08-09-02.csv.tar,False,False,False,False,True,RAW_MISSING,False,,,3
2022-08-09T03:00:00Z,2022-08-08,POST_CONTEXT,data/raw/opensky/state_vectors/2022/date=2022-08-09/hour=03/states_2022-08-09-03.csv.tar,False,False,False,False,True,RAW_MISSING,False,,,3
2022-08-09T04:00:00Z,2022-08-08,POST_CONTEXT,data/raw/opensky/state_vectors/2022/date=2022-08-09/hour=04/states_2022-08-09-04.csv.tar,False,False,False,False,True,RAW_MISSING,False,,,3
2022-08-09T05:00:00Z,2022-08-08,POST_CONTEXT,data/raw/opensky/state_vectors/2022/date=2022-08-09/hour=05/states_2022-08-09-05.csv.tar,False,False,False,False,True,RAW_MISSING,False,,,3
2022-08-09T06:00:00Z,2022-08-08,POST_CONTEXT,data/raw/opensky/state_vectors/2022/date=2022-08-09/hour=06/states_2022-08-09-06.csv.tar,False,False,False,False,True,RAW_MISSING,False,,,3
2022-08-09T07:00:00Z,2022-08-08,POST_CONTEXT,data/raw/opensky/state_vectors/2022/date=2022-08-09/hour=07/states_2022-08-09-07.csv.tar,False,False,False,False,True,RAW_MISSING,False,,,3
2022-08-09T08:00:00Z,2022-08-08,POST_CONTEXT,data/raw/opensky/state_vectors/2022/date=2022-08-09/hour=08/states_2022-08-09-08.csv.tar,False,False,False,False,True,RAW_MISSING,False,,,3
2022-08-09T09:00:00Z,2022-08-08,POST_CONTEXT,data/raw/opensky/state_vectors/2022/date=2022-08-09/hour=09/states_2022-08-09-09.csv.tar,False,False,False,False,True,RAW_MISSING,False,,,3
2022-08-09T10:00:00Z,2022-08-08,POST_CONTEXT,data/raw/opensky/state_vectors/2022/date=2022-08-09/hour=10/states_2022-08-09-10.csv.tar,False,False,False,False,True,RAW_MISSING,False,,,3
2022-08-09T11:00:00Z,2022-08-08,POST_CONTEXT,data/raw/opensky/state_vectors/2022/date=2022-08-09/hour=11/states_2022-08-09-11.csv.tar,False,False,False,False,True,RAW_MISSING,False,,,3
2022-08-14T18:00:00Z,2022-08-15,PRE_CONTEXT,data/raw/opensky/state_vectors/2022/date=2022-08-14/hour=18/states_2022-08-14-18.csv.tar,False,False,False,False,True,RAW_MISSING,False,,,3
2022-08-14T19:00:00Z,2022-08-15,PRE_CONTEXT,data/raw/opensky/state_vectors/2022/date=2022-08-14/hour=19/states_2022-08-14-19.csv.tar,False,False,False,False,True,RAW_MISSING,False,,,3
2022-08-14T20:00:00Z,2022-08-15,PRE_CONTEXT,data/raw/opensky/state_vectors/2022/date=2022-08-14/hour=20/states_2022-08-14-20.csv.tar,False,False,False,False,True,RAW_MISSING,False,,,3
2022-08-14T21:00:00Z,2022-08-15,PRE_CONTEXT,data/raw/opensky/state_vectors/2022/date=2022-08-14/hour=21/states_2022-08-14-21.csv.tar,False,False,False,False,True,RAW_MISSING,False,,,3
2022-08-14T22:00:00Z,2022-08-15,PRE_CONTEXT,data/raw/opensky/state_vectors/2022/date=2022-08-14/hour=22/states_2022-08-14-22.csv.tar,False,False,False,False,True,RAW_MISSING,False,,,3
2022-08-14T23:00:00Z,2022-08-15,PRE_CONTEXT,data/raw/opensky/state_vectors/2022/date=2022-08-14/hour=23/states_2022-08-14-23.csv.tar,False,False,False,False,True,RAW_MISSING,False,,,3
2022-08-15T00:00:00Z,2022-08-15,ANCHOR_DAY,data/raw/opensky/state_vectors/2022/date=2022-08-15/hour=00/states_2022-08-15-00.csv.tar,False,False,False,False,True,RAW_MISSING,False,,,3
2022-08-15T01:00:00Z,2022-08-15,ANCHOR_DAY,data/raw/opensky/state_vectors/2022/date=2022-08-15/hour=01/states_2022-08-15-01.csv.tar,False,False,False,False,True,RAW_MISSING,False,,,3
2022-08-15T02:00:00Z,2022-08-15,ANCHOR_DAY,data/raw/opensky/state_vectors/2022/date=2022-08-15/hour=02/states_2022-08-15-02.csv.tar,False,False,False,False,True,RAW_MISSING,False,,,3
2022-08-15T03:00:00Z,2022-08-15,ANCHOR_DAY,data/raw/opensky/state_vectors/2022/date=2022-08-15/hour=03/states_2022-08-15-03.csv.tar,False,False,False,False,True,RAW_MISSING,False,,,3
2022-08-15T04:00:00Z,2022-08-15,ANCHOR_DAY,data/raw/opensky/state_vectors/2022/date=2022-08-15/hour=04/states_2022-08-15-04.csv.tar,False,False,False,False,True,RAW_MISSING,False,,,3
2022-08-15T05:00:00Z,2022-08-15,ANCHOR_DAY,data/raw/opensky/state_vectors/2022/date=2022-08-15/hour=05/states_2022-08-15-05.csv.tar,False,False,False,False,True,RAW_MISSING,False,,,3
2022-08-15T06:00:00Z,2022-08-15,ANCHOR_DAY,data/raw/opensky/state_vectors/2022/date=2022-08-15/hour=06/states_2022-08-15-06.csv.tar,False,False,False,False,True,RAW_MISSING,False,,,3
2022-08-15T07:00:00Z,2022-08-15,ANCHOR_DAY,data/raw/opensky/state_vectors/2022/date=2022-08-15/hour=07/states_2022-08-15-07.csv.tar,False,False,False,False,True,RAW_MISSING,False,,,3
2022-08-15T08:00:00Z,2022-08-15,ANCHOR_DAY,data/raw/opensky/state_vectors/2022/date=2022-08-15/hour=08/states_2022-08-15-08.csv.tar,False,False,False,False,True,RAW_MISSING,False,,,3
2022-08-15T09:00:00Z,2022-08-15,ANCHOR_DAY,data/raw/opensky/state_vectors/2022/date=2022-08-15/hour=09/states_2022-08-15-09.csv.tar,False,False,False,False,True,RAW_MISSING,False,,,3
2022-08-15T10:00:00Z,2022-08-15,ANCHOR_DAY,data/raw/opensky/state_vectors/2022/date=2022-08-15/hour=10/states_2022-08-15-10.csv.tar,False,False,False,False,True,RAW_MISSING,False,,,3
2022-08-15T11:00:00Z,2022-08-15,ANCHOR_DAY,data/raw/opensky/state_vectors/2022/date=2022-08-15/hour=11/states_2022-08-15-11.csv.tar,False,False,False,False,True,RAW_MISSING,False,,,3
2022-08-15T12:00:00Z,2022-08-15,ANCHOR_DAY,data/raw/opensky/state_vectors/2022/date=2022-08-15/hour=12/states_2022-08-15-12.csv.tar,False,False,False,False,True,RAW_MISSING,False,,,3
2022-08-15T13:00:00Z,2022-08-15,ANCHOR_DAY,data/raw/opensky/state_vectors/2022/date=2022-08-15/hour=13/states_2022-08-15-13.csv.tar,False,False,False,False,True,RAW_MISSING,False,,,3
2022-08-15T14:00:00Z,2022-08-15,ANCHOR_DAY,data/raw/opensky/state_vectors/2022/date=2022-08-15/hour=14/states_2022-08-15-14.csv.tar,False,False,False,False,True,RAW_MISSING,False,,,3
2022-08-15T15:00:00Z,2022-08-15,ANCHOR_DAY,data/raw/opensky/state_vectors/2022/date=2022-08-15/hour=15/states_2022-08-15-15.csv.tar,False,False,False,False,True,RAW_MISSING,False,,,3
2022-08-15T16:00:00Z,2022-08-15,ANCHOR_DAY,data/raw/opensky/state_vectors/2022/date=2022-08-15/hour=16/states_2022-08-15-16.csv.tar,False,False,False,False,True,RAW_MISSING,False,,,3
2022-08-15T17:00:00Z,2022-08-15,ANCHOR_DAY,data/raw/opensky/state_vectors/2022/date=2022-08-15/hour=17/states_2022-08-15-17.csv.tar,False,False,False,False,True,RAW_MISSING,False,,,3
2022-08-15T18:00:00Z,2022-08-15,ANCHOR_DAY,data/raw/opensky/state_vectors/2022/date=2022-08-15/hour=18/states_2022-08-15-18.csv.tar,False,False,False,False,True,RAW_MISSING,False,,,3
2022-08-15T19:00:00Z,2022-08-15,ANCHOR_DAY,data/raw/opensky/state_vectors/2022/date=2022-08-15/hour=19/states_2022-08-15-19.csv.tar,False,False,False,False,True,RAW_MISSING,False,,,3
2022-08-15T20:00:00Z,2022-08-15,ANCHOR_DAY,data/raw/opensky/state_vectors/2022/date=2022-08-15/hour=20/states_2022-08-15-20.csv.tar,False,False,False,False,True,RAW_MISSING,False,,,3
2022-08-15T21:00:00Z,2022-08-15,ANCHOR_DAY,data/raw/opensky/state_vectors/2022/date=2022-08-15/hour=21/states_2022-08-15-21.csv.tar,False,False,False,False,True,RAW_MISSING,False,,,3
2022-08-15T22:00:00Z,2022-08-15,ANCHOR_DAY,data/raw/opensky/state_vectors/2022/date=2022-08-15/hour=22/states_2022-08-15-22.csv.tar,False,False,False,False,True,RAW_MISSING,False,,,3
2022-08-15T23:00:00Z,2022-08-15,ANCHOR_DAY,data/raw/opensky/state_vectors/2022/date=2022-08-15/hour=23/states_2022-08-15-23.csv.tar,False,False,False,False,True,RAW_MISSING,False,,,3
2022-08-16T00:00:00Z,2022-08-15,POST_CONTEXT,data/raw/opensky/state_vectors/2022/date=2022-08-16/hour=00/states_2022-08-16-00.csv.tar,False,False,False,False,True,RAW_MISSING,False,,,3
2022-08-16T01:00:00Z,2022-08-15,POST_CONTEXT,data/raw/opensky/state_vectors/2022/date=2022-08-16/hour=01/states_2022-08-16-01.csv.tar,False,False,False,False,True,RAW_MISSING,False,,,3
2022-08-16T02:00:00Z,2022-08-15,POST_CONTEXT,data/raw/opensky/state_vectors/2022/date=2022-08-16/hour=02/states_2022-08-16-02.csv.tar,False,False,False,False,True,RAW_MISSING,False,,,3
2022-08-16T03:00:00Z,2022-08-15,POST_CONTEXT,data/raw/opensky/state_vectors/2022/date=2022-08-16/hour=03/states_2022-08-16-03.csv.tar,False,False,False,False,True,RAW_MISSING,False,,,3
2022-08-16T04:00:00Z,2022-08-15,POST_CONTEXT,data/raw/opensky/state_vectors/2022/date=2022-08-16/hour=04/states_2022-08-16-04.csv.tar,False,False,False,False,True,RAW_MISSING,False,,,3
2022-08-16T05:00:00Z,2022-08-15,POST_CONTEXT,data/raw/opensky/state_vectors/2022/date=2022-08-16/hour=05/states_2022-08-16-05.csv.tar,False,False,False,False,True,RAW_MISSING,False,,,3
2022-08-16T06:00:00Z,2022-08-15,POST_CONTEXT,data/raw/opensky/state_vectors/2022/date=2022-08-16/hour=06/states_2022-08-16-06.csv.tar,False,False,False,False,True,RAW_MISSING,False,,,3
2022-08-16T07:00:00Z,2022-08-15,POST_CONTEXT,data/raw/opensky/state_vectors/2022/date=2022-08-16/hour=07/states_2022-08-16-07.csv.tar,False,False,False,False,True,RAW_MISSING,False,,,3
2022-08-16T08:00:00Z,2022-08-15,POST_CONTEXT,data/raw/opensky/state_vectors/2022/date=2022-08-16/hour=08/states_2022-08-16-08.csv.tar,False,False,False,False,True,RAW_MISSING,False,,,3
2022-08-16T09:00:00Z,2022-08-15,POST_CONTEXT,data/raw/opensky/state_vectors/2022/date=2022-08-16/hour=09/states_2022-08-16-09.csv.tar,False,False,False,False,True,RAW_MISSING,False,,,3
2022-08-16T10:00:00Z,2022-08-15,POST_CONTEXT,data/raw/opensky/state_vectors/2022/date=2022-08-16/hour=10/states_2022-08-16-10.csv.tar,False,False,False,False,True,RAW_MISSING,False,,,3
2022-08-16T11:00:00Z,2022-08-15,POST_CONTEXT,data/raw/opensky/state_vectors/2022/date=2022-08-16/hour=11/states_2022-08-16-11.csv.tar,False,False,False,False,True,RAW_MISSING,False,,,3
2022-08-19T18:00:00Z,2022-08-20,PRE_CONTEXT,data/raw/opensky/state_vectors/2022/date=2022-08-19/hour=18/states_2022-08-19-18.csv.tar,False,False,False,False,True,RAW_MISSING,False,,,3
2022-08-19T19:00:00Z,2022-08-20,PRE_CONTEXT,data/raw/opensky/state_vectors/2022/date=2022-08-19/hour=19/states_2022-08-19-19.csv.tar,False,False,False,False,True,RAW_MISSING,False,,,3
2022-08-19T20:00:00Z,2022-08-20,PRE_CONTEXT,data/raw/opensky/state_vectors/2022/date=2022-08-19/hour=20/states_2022-08-19-20.csv.tar,False,False,False,False,True,RAW_MISSING,False,,,3
2022-08-19T21:00:00Z,2022-08-20,PRE_CONTEXT,data/raw/opensky/state_vectors/2022/date=2022-08-19/hour=21/states_2022-08-19-21.csv.tar,False,False,False,False,True,RAW_MISSING,False,,,3
2022-08-19T22:00:00Z,2022-08-20,PRE_CONTEXT,data/raw/opensky/state_vectors/2022/date=2022-08-19/hour=22/states_2022-08-19-22.csv.tar,False,False,False,False,True,RAW_MISSING,False,,,3
2022-08-19T23:00:00Z,2022-08-20,PRE_CONTEXT,data/raw/opensky/state_vectors/2022/date=2022-08-19/hour=23/states_2022-08-19-23.csv.tar,False,False,False,False,True,RAW_MISSING,False,,,3
2022-08-20T00:00:00Z,2022-08-20,ANCHOR_DAY,data/raw/opensky/state_vectors/2022/date=2022-08-20/hour=00/states_2022-08-20-00.csv.tar,False,False,False,False,True,RAW_MISSING,False,,,3
2022-08-20T01:00:00Z,2022-08-20,ANCHOR_DAY,data/raw/opensky/state_vectors/2022/date=2022-08-20/hour=01/states_2022-08-20-01.csv.tar,False,False,False,False,True,RAW_MISSING,False,,,3
2022-08-20T02:00:00Z,2022-08-20,ANCHOR_DAY,data/raw/opensky/state_vectors/2022/date=2022-08-20/hour=02/states_2022-08-20-02.csv.tar,False,False,False,False,True,RAW_MISSING,False,,,3
2022-08-20T03:00:00Z,2022-08-20,ANCHOR_DAY,data/raw/opensky/state_vectors/2022/date=2022-08-20/hour=03/states_2022-08-20-03.csv.tar,False,False,False,False,True,RAW_MISSING,False,,,3
2022-08-20T04:00:00Z,2022-08-20,ANCHOR_DAY,data/raw/opensky/state_vectors/2022/date=2022-08-20/hour=04/states_2022-08-20-04.csv.tar,False,False,False,False,True,RAW_MISSING,False,,,3
2022-08-20T05:00:00Z,2022-08-20,ANCHOR_DAY,data/raw/opensky/state_vectors/2022/date=2022-08-20/hour=05/states_2022-08-20-05.csv.tar,False,False,False,False,True,RAW_MISSING,False,,,3
2022-08-20T06:00:00Z,2022-08-20,ANCHOR_DAY,data/raw/opensky/state_vectors/2022/date=2022-08-20/hour=06/states_2022-08-20-06.csv.tar,False,False,False,False,True,RAW_MISSING,False,,,3
2022-08-20T07:00:00Z,2022-08-20,ANCHOR_DAY,data/raw/opensky/state_vectors/2022/date=2022-08-20/hour=07/states_2022-08-20-07.csv.tar,False,False,False,False,True,RAW_MISSING,False,,,3
2022-08-20T08:00:00Z,2022-08-20,ANCHOR_DAY,data/raw/opensky/state_vectors/2022/date=2022-08-20/hour=08/states_2022-08-20-08.csv.tar,False,False,False,False,True,RAW_MISSING,False,,,3
2022-08-20T09:00:00Z,2022-08-20,ANCHOR_DAY,data/raw/opensky/state_vectors/2022/date=2022-08-20/hour=09/states_2022-08-20-09.csv.tar,False,False,False,False,True,RAW_MISSING,False,,,3
2022-08-20T10:00:00Z,2022-08-20,ANCHOR_DAY,data/raw/opensky/state_vectors/2022/date=2022-08-20/hour=10/states_2022-08-20-10.csv.tar,False,False,False,False,True,RAW_MISSING,False,,,3
2022-08-20T11:00:00Z,2022-08-20,ANCHOR_DAY,data/raw/opensky/state_vectors/2022/date=2022-08-20/hour=11/states_2022-08-20-11.csv.tar,False,False,False,False,True,RAW_MISSING,False,,,3
2022-08-20T12:00:00Z,2022-08-20,ANCHOR_DAY,data/raw/opensky/state_vectors/2022/date=2022-08-20/hour=12/states_2022-08-20-12.csv.tar,False,False,False,False,True,RAW_MISSING,False,,,3
2022-08-20T13:00:00Z,2022-08-20,ANCHOR_DAY,data/raw/opensky/state_vectors/2022/date=2022-08-20/hour=13/states_2022-08-20-13.csv.tar,False,False,False,False,True,RAW_MISSING,False,,,3
2022-08-20T14:00:00Z,2022-08-20,ANCHOR_DAY,data/raw/opensky/state_vectors/2022/date=2022-08-20/hour=14/states_2022-08-20-14.csv.tar,False,False,False,False,True,RAW_MISSING,False,,,3
2022-08-20T15:00:00Z,2022-08-20,ANCHOR_DAY,data/raw/opensky/state_vectors/2022/date=2022-08-20/hour=15/states_2022-08-20-15.csv.tar,False,False,False,False,True,RAW_MISSING,False,,,3
2022-08-20T16:00:00Z,2022-08-20,ANCHOR_DAY,data/raw/opensky/state_vectors/2022/date=2022-08-20/hour=16/states_2022-08-20-16.csv.tar,False,False,False,False,True,RAW_MISSING,False,,,3
2022-08-20T17:00:00Z,2022-08-20,ANCHOR_DAY,data/raw/opensky/state_vectors/2022/date=2022-08-20/hour=17/states_2022-08-20-17.csv.tar,False,False,False,False,True,RAW_MISSING,False,,,3
2022-08-20T18:00:00Z,2022-08-20,ANCHOR_DAY,data/raw/opensky/state_vectors/2022/date=2022-08-20/hour=18/states_2022-08-20-18.csv.tar,False,False,False,False,True,RAW_MISSING,False,,,3
2022-08-20T19:00:00Z,2022-08-20,ANCHOR_DAY,data/raw/opensky/state_vectors/2022/date=2022-08-20/hour=19/states_2022-08-20-19.csv.tar,False,False,False,False,True,RAW_MISSING,False,,,3
2022-08-20T20:00:00Z,2022-08-20,ANCHOR_DAY,data/raw/opensky/state_vectors/2022/date=2022-08-20/hour=20/states_2022-08-20-20.csv.tar,False,False,False,False,True,RAW_MISSING,False,,,3
2022-08-20T21:00:00Z,2022-08-20,ANCHOR_DAY,data/raw/opensky/state_vectors/2022/date=2022-08-20/hour=21/states_2022-08-20-21.csv.tar,False,False,False,False,True,RAW_MISSING,False,,,3
2022-08-20T22:00:00Z,2022-08-20,ANCHOR_DAY,data/raw/opensky/state_vectors/2022/date=2022-08-20/hour=22/states_2022-08-20-22.csv.tar,False,False,False,False,True,RAW_MISSING,False,,,3
2022-08-20T23:00:00Z,2022-08-20,ANCHOR_DAY,data/raw/opensky/state_vectors/2022/date=2022-08-20/hour=23/states_2022-08-20-23.csv.tar,False,False,False,False,True,RAW_MISSING,False,,,3
2022-08-21T00:00:00Z,2022-08-20,POST_CONTEXT,data/raw/opensky/state_vectors/2022/date=2022-08-21/hour=00/states_2022-08-21-00.csv.tar,False,False,False,False,True,RAW_MISSING,False,,,3
2022-08-21T01:00:00Z,2022-08-20,POST_CONTEXT,data/raw/opensky/state_vectors/2022/date=2022-08-21/hour=01/states_2022-08-21-01.csv.tar,False,False,False,False,True,RAW_MISSING,False,,,3
2022-08-21T02:00:00Z,2022-08-20,POST_CONTEXT,data/raw/opensky/state_vectors/2022/date=2022-08-21/hour=02/states_2022-08-21-02.csv.tar,False,False,False,False,True,RAW_MISSING,False,,,3
2022-08-21T03:00:00Z,2022-08-20,POST_CONTEXT,data/raw/opensky/state_vectors/2022/date=2022-08-21/hour=03/states_2022-08-21-03.csv.tar,False,False,False,False,True,RAW_MISSING,False,,,3
2022-08-21T04:00:00Z,2022-08-20,POST_CONTEXT,data/raw/opensky/state_vectors/2022/date=2022-08-21/hour=04/states_2022-08-21-04.csv.tar,False,False,False,False,True,RAW_MISSING,False,,,3
2022-08-21T05:00:00Z,2022-08-20,POST_CONTEXT,data/raw/opensky/state_vectors/2022/date=2022-08-21/hour=05/states_2022-08-21-05.csv.tar,False,False,False,False,True,RAW_MISSING,False,,,3
2022-08-21T06:00:00Z,2022-08-20,POST_CONTEXT,data/raw/opensky/state_vectors/2022/date=2022-08-21/hour=06/states_2022-08-21-06.csv.tar,False,False,False,False,True,RAW_MISSING,False,,,3
2022-08-21T07:00:00Z,2022-08-20,POST_CONTEXT,data/raw/opensky/state_vectors/2022/date=2022-08-21/hour=07/states_2022-08-21-07.csv.tar,False,False,False,False,True,RAW_MISSING,False,,,3
2022-08-21T08:00:00Z,2022-08-20,POST_CONTEXT,data/raw/opensky/state_vectors/2022/date=2022-08-21/hour=08/states_2022-08-21-08.csv.tar,False,False,False,False,True,RAW_MISSING,False,,,3
2022-08-21T09:00:00Z,2022-08-20,POST_CONTEXT,data/raw/opensky/state_vectors/2022/date=2022-08-21/hour=09/states_2022-08-21-09.csv.tar,False,False,False,False,True,RAW_MISSING,False,,,3
2022-08-21T10:00:00Z,2022-08-20,POST_CONTEXT,data/raw/opensky/state_vectors/2022/date=2022-08-21/hour=10/states_2022-08-21-10.csv.tar,False,False,False,False,True,RAW_MISSING,False,,,3
2022-08-21T11:00:00Z,2022-08-20,POST_CONTEXT,data/raw/opensky/state_vectors/2022/date=2022-08-21/hour=11/states_2022-08-21-11.csv.tar,False,False,False,False,True,RAW_MISSING,False,,,3
2022-08-21T18:00:00Z,2022-08-22,PRE_CONTEXT,data/raw/opensky/state_vectors/2022/date=2022-08-21/hour=18/states_2022-08-21-18.csv.tar,False,False,False,False,True,RAW_MISSING,False,,,3
2022-08-21T19:00:00Z,2022-08-22,PRE_CONTEXT,data/raw/opensky/state_vectors/2022/date=2022-08-21/hour=19/states_2022-08-21-19.csv.tar,False,False,False,False,True,RAW_MISSING,False,,,3
2022-08-21T20:00:00Z,2022-08-22,PRE_CONTEXT,data/raw/opensky/state_vectors/2022/date=2022-08-21/hour=20/states_2022-08-21-20.csv.tar,False,False,False,False,True,RAW_MISSING,False,,,3
2022-08-21T21:00:00Z,2022-08-22,PRE_CONTEXT,data/raw/opensky/state_vectors/2022/date=2022-08-21/hour=21/states_2022-08-21-21.csv.tar,False,False,False,False,True,RAW_MISSING,False,,,3
2022-08-21T22:00:00Z,2022-08-22,PRE_CONTEXT,data/raw/opensky/state_vectors/2022/date=2022-08-21/hour=22/states_2022-08-21-22.csv.tar,False,False,False,False,True,RAW_MISSING,False,,,3
2022-08-21T23:00:00Z,2022-08-22,PRE_CONTEXT,data/raw/opensky/state_vectors/2022/date=2022-08-21/hour=23/states_2022-08-21-23.csv.tar,False,False,False,False,True,RAW_MISSING,False,,,3
2022-08-22T00:00:00Z,2022-08-22,ANCHOR_DAY,data/raw/opensky/state_vectors/2022/date=2022-08-22/hour=00/states_2022-08-22-00.csv.tar,False,False,False,False,True,RAW_MISSING,False,,,3
2022-08-22T01:00:00Z,2022-08-22,ANCHOR_DAY,data/raw/opensky/state_vectors/2022/date=2022-08-22/hour=01/states_2022-08-22-01.csv.tar,False,False,False,False,True,RAW_MISSING,False,,,3
2022-08-22T02:00:00Z,2022-08-22,ANCHOR_DAY,data/raw/opensky/state_vectors/2022/date=2022-08-22/hour=02/states_2022-08-22-02.csv.tar,False,False,False,False,True,RAW_MISSING,False,,,3
2022-08-22T03:00:00Z,2022-08-22,ANCHOR_DAY,data/raw/opensky/state_vectors/2022/date=2022-08-22/hour=03/states_2022-08-22-03.csv.tar,False,False,False,False,True,RAW_MISSING,False,,,3
2022-08-22T04:00:00Z,2022-08-22,ANCHOR_DAY,data/raw/opensky/state_vectors/2022/date=2022-08-22/hour=04/states_2022-08-22-04.csv.tar,False,False,False,False,True,RAW_MISSING,False,,,3
2022-08-22T05:00:00Z,2022-08-22,ANCHOR_DAY,data/raw/opensky/state_vectors/2022/date=2022-08-22/hour=05/states_2022-08-22-05.csv.tar,False,False,False,False,True,RAW_MISSING,False,,,3
2022-08-22T06:00:00Z,2022-08-22,ANCHOR_DAY,data/raw/opensky/state_vectors/2022/date=2022-08-22/hour=06/states_2022-08-22-06.csv.tar,False,False,False,False,True,RAW_MISSING,False,,,3
2022-08-22T07:00:00Z,2022-08-22,ANCHOR_DAY,data/raw/opensky/state_vectors/2022/date=2022-08-22/hour=07/states_2022-08-22-07.csv.tar,False,False,False,False,True,RAW_MISSING,False,,,3
2022-08-22T08:00:00Z,2022-08-22,ANCHOR_DAY,data/raw/opensky/state_vectors/2022/date=2022-08-22/hour=08/states_2022-08-22-08.csv.tar,False,False,False,False,True,RAW_MISSING,False,,,3
2022-08-22T09:00:00Z,2022-08-22,ANCHOR_DAY,data/raw/opensky/state_vectors/2022/date=2022-08-22/hour=09/states_2022-08-22-09.csv.tar,False,False,False,False,True,RAW_MISSING,False,,,3
2022-08-22T10:00:00Z,2022-08-22,ANCHOR_DAY,data/raw/opensky/state_vectors/2022/date=2022-08-22/hour=10/states_2022-08-22-10.csv.tar,False,False,False,False,True,RAW_MISSING,False,,,3
2022-08-22T11:00:00Z,2022-08-22,ANCHOR_DAY,data/raw/opensky/state_vectors/2022/date=2022-08-22/hour=11/states_2022-08-22-11.csv.tar,False,False,False,False,True,RAW_MISSING,False,,,3
2022-08-22T12:00:00Z,2022-08-22,ANCHOR_DAY,data/raw/opensky/state_vectors/2022/date=2022-08-22/hour=12/states_2022-08-22-12.csv.tar,False,False,False,False,True,RAW_MISSING,False,,,3
2022-08-22T13:00:00Z,2022-08-22,ANCHOR_DAY,data/raw/opensky/state_vectors/2022/date=2022-08-22/hour=13/states_2022-08-22-13.csv.tar,False,False,False,False,True,RAW_MISSING,False,,,3
2022-08-22T14:00:00Z,2022-08-22,ANCHOR_DAY,data/raw/opensky/state_vectors/2022/date=2022-08-22/hour=14/states_2022-08-22-14.csv.tar,False,False,False,False,True,RAW_MISSING,False,,,3
2022-08-22T15:00:00Z,2022-08-22,ANCHOR_DAY,data/raw/opensky/state_vectors/2022/date=2022-08-22/hour=15/states_2022-08-22-15.csv.tar,False,False,False,False,True,RAW_MISSING,False,,,3
2022-08-22T16:00:00Z,2022-08-22,ANCHOR_DAY,data/raw/opensky/state_vectors/2022/date=2022-08-22/hour=16/states_2022-08-22-16.csv.tar,False,False,False,False,True,RAW_MISSING,False,,,3
2022-08-22T17:00:00Z,2022-08-22,ANCHOR_DAY,data/raw/opensky/state_vectors/2022/date=2022-08-22/hour=17/states_2022-08-22-17.csv.tar,False,False,False,False,True,RAW_MISSING,False,,,3
2022-08-22T18:00:00Z,2022-08-22,ANCHOR_DAY,data/raw/opensky/state_vectors/2022/date=2022-08-22/hour=18/states_2022-08-22-18.csv.tar,False,False,False,False,True,RAW_MISSING,False,,,3
2022-08-22T19:00:00Z,2022-08-22,ANCHOR_DAY,data/raw/opensky/state_vectors/2022/date=2022-08-22/hour=19/states_2022-08-22-19.csv.tar,False,False,False,False,True,RAW_MISSING,False,,,3
2022-08-22T20:00:00Z,2022-08-22,ANCHOR_DAY,data/raw/opensky/state_vectors/2022/date=2022-08-22/hour=20/states_2022-08-22-20.csv.tar,False,False,False,False,True,RAW_MISSING,False,,,3
2022-08-22T21:00:00Z,2022-08-22,ANCHOR_DAY,data/raw/opensky/state_vectors/2022/date=2022-08-22/hour=21/states_2022-08-22-21.csv.tar,False,False,False,False,True,RAW_MISSING,False,,,3
2022-08-22T22:00:00Z,2022-08-22,ANCHOR_DAY,data/raw/opensky/state_vectors/2022/date=2022-08-22/hour=22/states_2022-08-22-22.csv.tar,False,False,False,False,True,RAW_MISSING,False,,,3
2022-08-22T23:00:00Z,2022-08-22,ANCHOR_DAY,data/raw/opensky/state_vectors/2022/date=2022-08-22/hour=23/states_2022-08-22-23.csv.tar,False,False,False,False,True,RAW_MISSING,False,,,3
2022-08-23T00:00:00Z,2022-08-22,POST_CONTEXT,data/raw/opensky/state_vectors/2022/date=2022-08-23/hour=00/states_2022-08-23-00.csv.tar,False,False,False,False,True,RAW_MISSING,False,,,3
2022-08-23T01:00:00Z,2022-08-22,POST_CONTEXT,data/raw/opensky/state_vectors/2022/date=2022-08-23/hour=01/states_2022-08-23-01.csv.tar,False,False,False,False,True,RAW_MISSING,False,,,3
2022-08-23T02:00:00Z,2022-08-22,POST_CONTEXT,data/raw/opensky/state_vectors/2022/date=2022-08-23/hour=02/states_2022-08-23-02.csv.tar,False,False,False,False,True,RAW_MISSING,False,,,3
2022-08-23T03:00:00Z,2022-08-22,POST_CONTEXT,data/raw/opensky/state_vectors/2022/date=2022-08-23/hour=03/states_2022-08-23-03.csv.tar,False,False,False,False,True,RAW_MISSING,False,,,3
2022-08-23T04:00:00Z,2022-08-22,POST_CONTEXT,data/raw/opensky/state_vectors/2022/date=2022-08-23/hour=04/states_2022-08-23-04.csv.tar,False,False,False,False,True,RAW_MISSING,False,,,3
2022-08-23T05:00:00Z,2022-08-22,POST_CONTEXT,data/raw/opensky/state_vectors/2022/date=2022-08-23/hour=05/states_2022-08-23-05.csv.tar,False,False,False,False,True,RAW_MISSING,False,,,3
2022-08-23T06:00:00Z,2022-08-22,POST_CONTEXT,data/raw/opensky/state_vectors/2022/date=2022-08-23/hour=06/states_2022-08-23-06.csv.tar,False,False,False,False,True,RAW_MISSING,False,,,3
2022-08-23T07:00:00Z,2022-08-22,POST_CONTEXT,data/raw/opensky/state_vectors/2022/date=2022-08-23/hour=07/states_2022-08-23-07.csv.tar,False,False,False,False,True,RAW_MISSING,False,,,3
2022-08-23T08:00:00Z,2022-08-22,POST_CONTEXT,data/raw/opensky/state_vectors/2022/date=2022-08-23/hour=08/states_2022-08-23-08.csv.tar,False,False,False,False,True,RAW_MISSING,False,,,3
2022-08-23T09:00:00Z,2022-08-22,POST_CONTEXT,data/raw/opensky/state_vectors/2022/date=2022-08-23/hour=09/states_2022-08-23-09.csv.tar,False,False,False,False,True,RAW_MISSING,False,,,3
2022-08-23T10:00:00Z,2022-08-22,POST_CONTEXT,data/raw/opensky/state_vectors/2022/date=2022-08-23/hour=10/states_2022-08-23-10.csv.tar,False,False,False,False,True,RAW_MISSING,False,,,3
2022-08-23T11:00:00Z,2022-08-22,POST_CONTEXT,data/raw/opensky/state_vectors/2022/date=2022-08-23/hour=11/states_2022-08-23-11.csv.tar,False,False,False,False,True,RAW_MISSING,False,,,3
2022-01-02T18:00:00Z,2022-01-03,PRE_CONTEXT,data/raw/opensky/state_vectors/2022/date=2022-01-02/hour=18/states_2022-01-02-18.csv.tar,False,False,False,False,True,RAW_MISSING,False,,,4
2022-01-02T19:00:00Z,2022-01-03,PRE_CONTEXT,data/raw/opensky/state_vectors/2022/date=2022-01-02/hour=19/states_2022-01-02-19.csv.tar,False,False,False,False,True,RAW_MISSING,False,,,4
2022-01-02T20:00:00Z,2022-01-03,PRE_CONTEXT,data/raw/opensky/state_vectors/2022/date=2022-01-02/hour=20/states_2022-01-02-20.csv.tar,False,False,False,False,True,RAW_MISSING,False,,,4
2022-01-02T21:00:00Z,2022-01-03,PRE_CONTEXT,data/raw/opensky/state_vectors/2022/date=2022-01-02/hour=21/states_2022-01-02-21.csv.tar,False,False,False,False,True,RAW_MISSING,False,,,4
2022-01-02T22:00:00Z,2022-01-03,PRE_CONTEXT,data/raw/opensky/state_vectors/2022/date=2022-01-02/hour=22/states_2022-01-02-22.csv.tar,False,False,False,False,True,RAW_MISSING,False,,,4
2022-01-02T23:00:00Z,2022-01-03,PRE_CONTEXT,data/raw/opensky/state_vectors/2022/date=2022-01-02/hour=23/states_2022-01-02-23.csv.tar,False,False,False,False,True,RAW_MISSING,False,,,4
2022-01-04T00:00:00Z,2022-01-03,POST_CONTEXT,data/raw/opensky/state_vectors/2022/date=2022-01-04/hour=00/states_2022-01-04-00.csv.tar,False,False,False,False,True,RAW_MISSING,False,,,4
2022-01-04T01:00:00Z,2022-01-03,POST_CONTEXT,data/raw/opensky/state_vectors/2022/date=2022-01-04/hour=01/states_2022-01-04-01.csv.tar,False,False,False,False,True,RAW_MISSING,False,,,4
2022-01-04T02:00:00Z,2022-01-03,POST_CONTEXT,data/raw/opensky/state_vectors/2022/date=2022-01-04/hour=02/states_2022-01-04-02.csv.tar,False,False,False,False,True,RAW_MISSING,False,,,4
2022-01-04T03:00:00Z,2022-01-03,POST_CONTEXT,data/raw/opensky/state_vectors/2022/date=2022-01-04/hour=03/states_2022-01-04-03.csv.tar,False,False,False,False,True,RAW_MISSING,False,,,4
2022-01-04T04:00:00Z,2022-01-03,POST_CONTEXT,data/raw/opensky/state_vectors/2022/date=2022-01-04/hour=04/states_2022-01-04-04.csv.tar,False,False,False,False,True,RAW_MISSING,False,,,4
2022-01-04T05:00:00Z,2022-01-03,POST_CONTEXT,data/raw/opensky/state_vectors/2022/date=2022-01-04/hour=05/states_2022-01-04-05.csv.tar,False,False,False,False,True,RAW_MISSING,False,,,4
2022-01-04T06:00:00Z,2022-01-03,POST_CONTEXT,data/raw/opensky/state_vectors/2022/date=2022-01-04/hour=06/states_2022-01-04-06.csv.tar,False,False,False,False,True,RAW_MISSING,False,,,4
2022-01-04T07:00:00Z,2022-01-03,POST_CONTEXT,data/raw/opensky/state_vectors/2022/date=2022-01-04/hour=07/states_2022-01-04-07.csv.tar,False,False,False,False,True,RAW_MISSING,False,,,4
2022-01-04T08:00:00Z,2022-01-03,POST_CONTEXT,data/raw/opensky/state_vectors/2022/date=2022-01-04/hour=08/states_2022-01-04-08.csv.tar,False,False,False,False,True,RAW_MISSING,False,,,4
2022-01-04T09:00:00Z,2022-01-03,POST_CONTEXT,data/raw/opensky/state_vectors/2022/date=2022-01-04/hour=09/states_2022-01-04-09.csv.tar,False,False,False,False,True,RAW_MISSING,False,,,4
2022-01-04T10:00:00Z,2022-01-03,POST_CONTEXT,data/raw/opensky/state_vectors/2022/date=2022-01-04/hour=10/states_2022-01-04-10.csv.tar,False,False,False,False,True,RAW_MISSING,False,,,4
2022-01-04T11:00:00Z,2022-01-03,POST_CONTEXT,data/raw/opensky/state_vectors/2022/date=2022-01-04/hour=11/states_2022-01-04-11.csv.tar,False,False,False,False,True,RAW_MISSING,False,,,4
2022-01-07T18:00:00Z,2022-01-08,PRE_CONTEXT,data/raw/opensky/state_vectors/2022/date=2022-01-07/hour=18/states_2022-01-07-18.csv.tar,False,False,False,False,True,RAW_MISSING,False,,,4
2022-01-07T19:00:00Z,2022-01-08,PRE_CONTEXT,data/raw/opensky/state_vectors/2022/date=2022-01-07/hour=19/states_2022-01-07-19.csv.tar,False,False,False,False,True,RAW_MISSING,False,,,4
2022-01-07T20:00:00Z,2022-01-08,PRE_CONTEXT,data/raw/opensky/state_vectors/2022/date=2022-01-07/hour=20/states_2022-01-07-20.csv.tar,False,False,False,False,True,RAW_MISSING,False,,,4
2022-01-07T21:00:00Z,2022-01-08,PRE_CONTEXT,data/raw/opensky/state_vectors/2022/date=2022-01-07/hour=21/states_2022-01-07-21.csv.tar,False,False,False,False,True,RAW_MISSING,False,,,4
2022-01-07T22:00:00Z,2022-01-08,PRE_CONTEXT,data/raw/opensky/state_vectors/2022/date=2022-01-07/hour=22/states_2022-01-07-22.csv.tar,False,False,False,False,True,RAW_MISSING,False,,,4
2022-01-07T23:00:00Z,2022-01-08,PRE_CONTEXT,data/raw/opensky/state_vectors/2022/date=2022-01-07/hour=23/states_2022-01-07-23.csv.tar,False,False,False,False,True,RAW_MISSING,False,,,4
2022-01-08T00:00:00Z,2022-01-08,ANCHOR_DAY,data/raw/opensky/state_vectors/2022/date=2022-01-08/hour=00/states_2022-01-08-00.csv.tar,False,False,False,False,True,RAW_MISSING,False,,,4
2022-01-08T01:00:00Z,2022-01-08,ANCHOR_DAY,data/raw/opensky/state_vectors/2022/date=2022-01-08/hour=01/states_2022-01-08-01.csv.tar,False,False,False,False,True,RAW_MISSING,False,,,4
2022-01-08T02:00:00Z,2022-01-08,ANCHOR_DAY,data/raw/opensky/state_vectors/2022/date=2022-01-08/hour=02/states_2022-01-08-02.csv.tar,False,False,False,False,True,RAW_MISSING,False,,,4
2022-01-08T03:00:00Z,2022-01-08,ANCHOR_DAY,data/raw/opensky/state_vectors/2022/date=2022-01-08/hour=03/states_2022-01-08-03.csv.tar,False,False,False,False,True,RAW_MISSING,False,,,4
2022-01-08T04:00:00Z,2022-01-08,ANCHOR_DAY,data/raw/opensky/state_vectors/2022/date=2022-01-08/hour=04/states_2022-01-08-04.csv.tar,False,False,False,False,True,RAW_MISSING,False,,,4
2022-01-08T05:00:00Z,2022-01-08,ANCHOR_DAY,data/raw/opensky/state_vectors/2022/date=2022-01-08/hour=05/states_2022-01-08-05.csv.tar,False,False,False,False,True,RAW_MISSING,False,,,4
2022-01-08T06:00:00Z,2022-01-08,ANCHOR_DAY,data/raw/opensky/state_vectors/2022/date=2022-01-08/hour=06/states_2022-01-08-06.csv.tar,False,False,False,False,True,RAW_MISSING,False,,,4
2022-01-08T07:00:00Z,2022-01-08,ANCHOR_DAY,data/raw/opensky/state_vectors/2022/date=2022-01-08/hour=07/states_2022-01-08-07.csv.tar,False,False,False,False,True,RAW_MISSING,False,,,4
2022-01-08T08:00:00Z,2022-01-08,ANCHOR_DAY,data/raw/opensky/state_vectors/2022/date=2022-01-08/hour=08/states_2022-01-08-08.csv.tar,False,False,False,False,True,RAW_MISSING,False,,,4
2022-01-08T09:00:00Z,2022-01-08,ANCHOR_DAY,data/raw/opensky/state_vectors/2022/date=2022-01-08/hour=09/states_2022-01-08-09.csv.tar,False,False,False,False,True,RAW_MISSING,False,,,4
2022-01-08T10:00:00Z,2022-01-08,ANCHOR_DAY,data/raw/opensky/state_vectors/2022/date=2022-01-08/hour=10/states_2022-01-08-10.csv.tar,False,False,False,False,True,RAW_MISSING,False,,,4
2022-01-08T11:00:00Z,2022-01-08,ANCHOR_DAY,data/raw/opensky/state_vectors/2022/date=2022-01-08/hour=11/states_2022-01-08-11.csv.tar,False,False,False,False,True,RAW_MISSING,False,,,4
2022-01-08T12:00:00Z,2022-01-08,ANCHOR_DAY,data/raw/opensky/state_vectors/2022/date=2022-01-08/hour=12/states_2022-01-08-12.csv.tar,False,False,False,False,True,RAW_MISSING,False,,,4
2022-01-08T13:00:00Z,2022-01-08,ANCHOR_DAY,data/raw/opensky/state_vectors/2022/date=2022-01-08/hour=13/states_2022-01-08-13.csv.tar,False,False,False,False,True,RAW_MISSING,False,,,4
2022-01-08T14:00:00Z,2022-01-08,ANCHOR_DAY,data/raw/opensky/state_vectors/2022/date=2022-01-08/hour=14/states_2022-01-08-14.csv.tar,False,False,False,False,True,RAW_MISSING,False,,,4
2022-01-08T15:00:00Z,2022-01-08,ANCHOR_DAY,data/raw/opensky/state_vectors/2022/date=2022-01-08/hour=15/states_2022-01-08-15.csv.tar,False,False,False,False,True,RAW_MISSING,False,,,4
2022-01-08T16:00:00Z,2022-01-08,ANCHOR_DAY,data/raw/opensky/state_vectors/2022/date=2022-01-08/hour=16/states_2022-01-08-16.csv.tar,False,False,False,False,True,RAW_MISSING,False,,,4
2022-01-08T17:00:00Z,2022-01-08,ANCHOR_DAY,data/raw/opensky/state_vectors/2022/date=2022-01-08/hour=17/states_2022-01-08-17.csv.tar,False,False,False,False,True,RAW_MISSING,False,,,4
2022-01-08T18:00:00Z,2022-01-08,ANCHOR_DAY,data/raw/opensky/state_vectors/2022/date=2022-01-08/hour=18/states_2022-01-08-18.csv.tar,False,False,False,False,True,RAW_MISSING,False,,,4
2022-01-08T19:00:00Z,2022-01-08,ANCHOR_DAY,data/raw/opensky/state_vectors/2022/date=2022-01-08/hour=19/states_2022-01-08-19.csv.tar,False,False,False,False,True,RAW_MISSING,False,,,4
2022-01-08T20:00:00Z,2022-01-08,ANCHOR_DAY,data/raw/opensky/state_vectors/2022/date=2022-01-08/hour=20/states_2022-01-08-20.csv.tar,False,False,False,False,True,RAW_MISSING,False,,,4
2022-01-08T21:00:00Z,2022-01-08,ANCHOR_DAY,data/raw/opensky/state_vectors/2022/date=2022-01-08/hour=21/states_2022-01-08-21.csv.tar,False,False,False,False,True,RAW_MISSING,False,,,4
2022-01-08T22:00:00Z,2022-01-08,ANCHOR_DAY,data/raw/opensky/state_vectors/2022/date=2022-01-08/hour=22/states_2022-01-08-22.csv.tar,False,False,False,False,True,RAW_MISSING,False,,,4
2022-01-08T23:00:00Z,2022-01-08,ANCHOR_DAY,data/raw/opensky/state_vectors/2022/date=2022-01-08/hour=23/states_2022-01-08-23.csv.tar,False,False,False,False,True,RAW_MISSING,False,,,4
2022-01-09T00:00:00Z,2022-01-08,POST_CONTEXT,data/raw/opensky/state_vectors/2022/date=2022-01-09/hour=00/states_2022-01-09-00.csv.tar,False,False,False,False,True,RAW_MISSING,False,,,4
2022-01-09T01:00:00Z,2022-01-08,POST_CONTEXT,data/raw/opensky/state_vectors/2022/date=2022-01-09/hour=01/states_2022-01-09-01.csv.tar,False,False,False,False,True,RAW_MISSING,False,,,4
2022-01-09T02:00:00Z,2022-01-08,POST_CONTEXT,data/raw/opensky/state_vectors/2022/date=2022-01-09/hour=02/states_2022-01-09-02.csv.tar,False,False,False,False,True,RAW_MISSING,False,,,4
2022-01-09T03:00:00Z,2022-01-08,POST_CONTEXT,data/raw/opensky/state_vectors/2022/date=2022-01-09/hour=03/states_2022-01-09-03.csv.tar,False,False,False,False,True,RAW_MISSING,False,,,4
2022-01-09T04:00:00Z,2022-01-08,POST_CONTEXT,data/raw/opensky/state_vectors/2022/date=2022-01-09/hour=04/states_2022-01-09-04.csv.tar,False,False,False,False,True,RAW_MISSING,False,,,4
2022-01-09T05:00:00Z,2022-01-08,POST_CONTEXT,data/raw/opensky/state_vectors/2022/date=2022-01-09/hour=05/states_2022-01-09-05.csv.tar,False,False,False,False,True,RAW_MISSING,False,,,4
2022-01-09T06:00:00Z,2022-01-08,POST_CONTEXT,data/raw/opensky/state_vectors/2022/date=2022-01-09/hour=06/states_2022-01-09-06.csv.tar,False,False,False,False,True,RAW_MISSING,False,,,4
2022-01-09T07:00:00Z,2022-01-08,POST_CONTEXT,data/raw/opensky/state_vectors/2022/date=2022-01-09/hour=07/states_2022-01-09-07.csv.tar,False,False,False,False,True,RAW_MISSING,False,,,4
2022-01-09T08:00:00Z,2022-01-08,POST_CONTEXT,data/raw/opensky/state_vectors/2022/date=2022-01-09/hour=08/states_2022-01-09-08.csv.tar,False,False,False,False,True,RAW_MISSING,False,,,4
2022-01-09T09:00:00Z,2022-01-08,POST_CONTEXT,data/raw/opensky/state_vectors/2022/date=2022-01-09/hour=09/states_2022-01-09-09.csv.tar,False,False,False,False,True,RAW_MISSING,False,,,4
2022-01-09T10:00:00Z,2022-01-08,POST_CONTEXT,data/raw/opensky/state_vectors/2022/date=2022-01-09/hour=10/states_2022-01-09-10.csv.tar,False,False,False,False,True,RAW_MISSING,False,,,4
2022-01-09T11:00:00Z,2022-01-08,POST_CONTEXT,data/raw/opensky/state_vectors/2022/date=2022-01-09/hour=11/states_2022-01-09-11.csv.tar,False,False,False,False,True,RAW_MISSING,False,,,4
2022-01-09T18:00:00Z,2022-01-10,PRE_CONTEXT,data/raw/opensky/state_vectors/2022/date=2022-01-09/hour=18/states_2022-01-09-18.csv.tar,False,False,False,False,True,RAW_MISSING,False,,,4
2022-01-09T19:00:00Z,2022-01-10,PRE_CONTEXT,data/raw/opensky/state_vectors/2022/date=2022-01-09/hour=19/states_2022-01-09-19.csv.tar,False,False,False,False,True,RAW_MISSING,False,,,4
2022-01-09T20:00:00Z,2022-01-10,PRE_CONTEXT,data/raw/opensky/state_vectors/2022/date=2022-01-09/hour=20/states_2022-01-09-20.csv.tar,False,False,False,False,True,RAW_MISSING,False,,,4
2022-01-09T21:00:00Z,2022-01-10,PRE_CONTEXT,data/raw/opensky/state_vectors/2022/date=2022-01-09/hour=21/states_2022-01-09-21.csv.tar,False,False,False,False,True,RAW_MISSING,False,,,4
2022-01-09T22:00:00Z,2022-01-10,PRE_CONTEXT,data/raw/opensky/state_vectors/2022/date=2022-01-09/hour=22/states_2022-01-09-22.csv.tar,False,False,False,False,True,RAW_MISSING,False,,,4
2022-01-09T23:00:00Z,2022-01-10,PRE_CONTEXT,data/raw/opensky/state_vectors/2022/date=2022-01-09/hour=23/states_2022-01-09-23.csv.tar,False,False,False,False,True,RAW_MISSING,False,,,4
2022-01-11T00:00:00Z,2022-01-10,POST_CONTEXT,data/raw/opensky/state_vectors/2022/date=2022-01-11/hour=00/states_2022-01-11-00.csv.tar,False,False,False,False,True,RAW_MISSING,False,,,4
2022-01-11T01:00:00Z,2022-01-10,POST_CONTEXT,data/raw/opensky/state_vectors/2022/date=2022-01-11/hour=01/states_2022-01-11-01.csv.tar,False,False,False,False,True,RAW_MISSING,False,,,4
2022-01-11T02:00:00Z,2022-01-10,POST_CONTEXT,data/raw/opensky/state_vectors/2022/date=2022-01-11/hour=02/states_2022-01-11-02.csv.tar,False,False,False,False,True,RAW_MISSING,False,,,4
2022-01-11T03:00:00Z,2022-01-10,POST_CONTEXT,data/raw/opensky/state_vectors/2022/date=2022-01-11/hour=03/states_2022-01-11-03.csv.tar,False,False,False,False,True,RAW_MISSING,False,,,4
2022-01-11T04:00:00Z,2022-01-10,POST_CONTEXT,data/raw/opensky/state_vectors/2022/date=2022-01-11/hour=04/states_2022-01-11-04.csv.tar,False,False,False,False,True,RAW_MISSING,False,,,4
2022-01-11T05:00:00Z,2022-01-10,POST_CONTEXT,data/raw/opensky/state_vectors/2022/date=2022-01-11/hour=05/states_2022-01-11-05.csv.tar,False,False,False,False,True,RAW_MISSING,False,,,4
2022-01-11T06:00:00Z,2022-01-10,POST_CONTEXT,data/raw/opensky/state_vectors/2022/date=2022-01-11/hour=06/states_2022-01-11-06.csv.tar,False,False,False,False,True,RAW_MISSING,False,,,4
2022-01-11T07:00:00Z,2022-01-10,POST_CONTEXT,data/raw/opensky/state_vectors/2022/date=2022-01-11/hour=07/states_2022-01-11-07.csv.tar,False,False,False,False,True,RAW_MISSING,False,,,4
2022-01-11T08:00:00Z,2022-01-10,POST_CONTEXT,data/raw/opensky/state_vectors/2022/date=2022-01-11/hour=08/states_2022-01-11-08.csv.tar,False,False,False,False,True,RAW_MISSING,False,,,4
2022-01-11T09:00:00Z,2022-01-10,POST_CONTEXT,data/raw/opensky/state_vectors/2022/date=2022-01-11/hour=09/states_2022-01-11-09.csv.tar,False,False,False,False,True,RAW_MISSING,False,,,4
2022-01-11T10:00:00Z,2022-01-10,POST_CONTEXT,data/raw/opensky/state_vectors/2022/date=2022-01-11/hour=10/states_2022-01-11-10.csv.tar,False,False,False,False,True,RAW_MISSING,False,,,4
2022-01-11T11:00:00Z,2022-01-10,POST_CONTEXT,data/raw/opensky/state_vectors/2022/date=2022-01-11/hour=11/states_2022-01-11-11.csv.tar,False,False,False,False,True,RAW_MISSING,False,,,4
2022-01-16T18:00:00Z,2022-01-17,PRE_CONTEXT,data/raw/opensky/state_vectors/2022/date=2022-01-16/hour=18/states_2022-01-16-18.csv.tar,False,False,False,False,True,RAW_MISSING,False,,,4
2022-01-16T19:00:00Z,2022-01-17,PRE_CONTEXT,data/raw/opensky/state_vectors/2022/date=2022-01-16/hour=19/states_2022-01-16-19.csv.tar,False,False,False,False,True,RAW_MISSING,False,,,4
2022-01-16T20:00:00Z,2022-01-17,PRE_CONTEXT,data/raw/opensky/state_vectors/2022/date=2022-01-16/hour=20/states_2022-01-16-20.csv.tar,False,False,False,False,True,RAW_MISSING,False,,,4
2022-01-16T21:00:00Z,2022-01-17,PRE_CONTEXT,data/raw/opensky/state_vectors/2022/date=2022-01-16/hour=21/states_2022-01-16-21.csv.tar,False,False,False,False,True,RAW_MISSING,False,,,4
2022-01-16T22:00:00Z,2022-01-17,PRE_CONTEXT,data/raw/opensky/state_vectors/2022/date=2022-01-16/hour=22/states_2022-01-16-22.csv.tar,False,False,False,False,True,RAW_MISSING,False,,,4
2022-01-16T23:00:00Z,2022-01-17,PRE_CONTEXT,data/raw/opensky/state_vectors/2022/date=2022-01-16/hour=23/states_2022-01-16-23.csv.tar,False,False,False,False,True,RAW_MISSING,False,,,4
2022-01-18T00:00:00Z,2022-01-17,POST_CONTEXT,data/raw/opensky/state_vectors/2022/date=2022-01-18/hour=00/states_2022-01-18-00.csv.tar,False,False,False,False,True,RAW_MISSING,False,,,4
2022-01-18T01:00:00Z,2022-01-17,POST_CONTEXT,data/raw/opensky/state_vectors/2022/date=2022-01-18/hour=01/states_2022-01-18-01.csv.tar,False,False,False,False,True,RAW_MISSING,False,,,4
2022-01-18T02:00:00Z,2022-01-17,POST_CONTEXT,data/raw/opensky/state_vectors/2022/date=2022-01-18/hour=02/states_2022-01-18-02.csv.tar,False,False,False,False,True,RAW_MISSING,False,,,4
2022-01-18T03:00:00Z,2022-01-17,POST_CONTEXT,data/raw/opensky/state_vectors/2022/date=2022-01-18/hour=03/states_2022-01-18-03.csv.tar,False,False,False,False,True,RAW_MISSING,False,,,4
2022-01-18T04:00:00Z,2022-01-17,POST_CONTEXT,data/raw/opensky/state_vectors/2022/date=2022-01-18/hour=04/states_2022-01-18-04.csv.tar,False,False,False,False,True,RAW_MISSING,False,,,4
2022-01-18T05:00:00Z,2022-01-17,POST_CONTEXT,data/raw/opensky/state_vectors/2022/date=2022-01-18/hour=05/states_2022-01-18-05.csv.tar,False,False,False,False,True,RAW_MISSING,False,,,4
2022-01-18T06:00:00Z,2022-01-17,POST_CONTEXT,data/raw/opensky/state_vectors/2022/date=2022-01-18/hour=06/states_2022-01-18-06.csv.tar,False,False,False,False,True,RAW_MISSING,False,,,4
2022-01-18T07:00:00Z,2022-01-17,POST_CONTEXT,data/raw/opensky/state_vectors/2022/date=2022-01-18/hour=07/states_2022-01-18-07.csv.tar,False,False,False,False,True,RAW_MISSING,False,,,4
2022-01-18T08:00:00Z,2022-01-17,POST_CONTEXT,data/raw/opensky/state_vectors/2022/date=2022-01-18/hour=08/states_2022-01-18-08.csv.tar,False,False,False,False,True,RAW_MISSING,False,,,4
2022-01-18T09:00:00Z,2022-01-17,POST_CONTEXT,data/raw/opensky/state_vectors/2022/date=2022-01-18/hour=09/states_2022-01-18-09.csv.tar,False,False,False,False,True,RAW_MISSING,False,,,4
2022-01-18T10:00:00Z,2022-01-17,POST_CONTEXT,data/raw/opensky/state_vectors/2022/date=2022-01-18/hour=10/states_2022-01-18-10.csv.tar,False,False,False,False,True,RAW_MISSING,False,,,4
2022-01-18T11:00:00Z,2022-01-17,POST_CONTEXT,data/raw/opensky/state_vectors/2022/date=2022-01-18/hour=11/states_2022-01-18-11.csv.tar,False,False,False,False,True,RAW_MISSING,False,,,4
2022-01-21T18:00:00Z,2022-01-22,PRE_CONTEXT,data/raw/opensky/state_vectors/2022/date=2022-01-21/hour=18/states_2022-01-21-18.csv.tar,False,False,False,False,True,RAW_MISSING,False,,,4
2022-01-21T19:00:00Z,2022-01-22,PRE_CONTEXT,data/raw/opensky/state_vectors/2022/date=2022-01-21/hour=19/states_2022-01-21-19.csv.tar,False,False,False,False,True,RAW_MISSING,False,,,4
2022-01-21T20:00:00Z,2022-01-22,PRE_CONTEXT,data/raw/opensky/state_vectors/2022/date=2022-01-21/hour=20/states_2022-01-21-20.csv.tar,False,False,False,False,True,RAW_MISSING,False,,,4
2022-01-21T21:00:00Z,2022-01-22,PRE_CONTEXT,data/raw/opensky/state_vectors/2022/date=2022-01-21/hour=21/states_2022-01-21-21.csv.tar,False,False,False,False,True,RAW_MISSING,False,,,4
2022-01-21T22:00:00Z,2022-01-22,PRE_CONTEXT,data/raw/opensky/state_vectors/2022/date=2022-01-21/hour=22/states_2022-01-21-22.csv.tar,False,False,False,False,True,RAW_MISSING,False,,,4
2022-01-21T23:00:00Z,2022-01-22,PRE_CONTEXT,data/raw/opensky/state_vectors/2022/date=2022-01-21/hour=23/states_2022-01-21-23.csv.tar,False,False,False,False,True,RAW_MISSING,False,,,4
2022-01-22T00:00:00Z,2022-01-22,ANCHOR_DAY,data/raw/opensky/state_vectors/2022/date=2022-01-22/hour=00/states_2022-01-22-00.csv.tar,False,False,False,False,True,RAW_MISSING,False,,,4
2022-01-22T01:00:00Z,2022-01-22,ANCHOR_DAY,data/raw/opensky/state_vectors/2022/date=2022-01-22/hour=01/states_2022-01-22-01.csv.tar,False,False,False,False,True,RAW_MISSING,False,,,4
2022-01-22T02:00:00Z,2022-01-22,ANCHOR_DAY,data/raw/opensky/state_vectors/2022/date=2022-01-22/hour=02/states_2022-01-22-02.csv.tar,False,False,False,False,True,RAW_MISSING,False,,,4
2022-01-22T03:00:00Z,2022-01-22,ANCHOR_DAY,data/raw/opensky/state_vectors/2022/date=2022-01-22/hour=03/states_2022-01-22-03.csv.tar,False,False,False,False,True,RAW_MISSING,False,,,4
2022-01-22T04:00:00Z,2022-01-22,ANCHOR_DAY,data/raw/opensky/state_vectors/2022/date=2022-01-22/hour=04/states_2022-01-22-04.csv.tar,False,False,False,False,True,RAW_MISSING,False,,,4
2022-01-22T05:00:00Z,2022-01-22,ANCHOR_DAY,data/raw/opensky/state_vectors/2022/date=2022-01-22/hour=05/states_2022-01-22-05.csv.tar,False,False,False,False,True,RAW_MISSING,False,,,4
2022-01-22T06:00:00Z,2022-01-22,ANCHOR_DAY,data/raw/opensky/state_vectors/2022/date=2022-01-22/hour=06/states_2022-01-22-06.csv.tar,False,False,False,False,True,RAW_MISSING,False,,,4
2022-01-22T07:00:00Z,2022-01-22,ANCHOR_DAY,data/raw/opensky/state_vectors/2022/date=2022-01-22/hour=07/states_2022-01-22-07.csv.tar,False,False,False,False,True,RAW_MISSING,False,,,4
2022-01-22T08:00:00Z,2022-01-22,ANCHOR_DAY,data/raw/opensky/state_vectors/2022/date=2022-01-22/hour=08/states_2022-01-22-08.csv.tar,False,False,False,False,True,RAW_MISSING,False,,,4
2022-01-22T09:00:00Z,2022-01-22,ANCHOR_DAY,data/raw/opensky/state_vectors/2022/date=2022-01-22/hour=09/states_2022-01-22-09.csv.tar,False,False,False,False,True,RAW_MISSING,False,,,4
2022-01-22T10:00:00Z,2022-01-22,ANCHOR_DAY,data/raw/opensky/state_vectors/2022/date=2022-01-22/hour=10/states_2022-01-22-10.csv.tar,False,False,False,False,True,RAW_MISSING,False,,,4
2022-01-22T11:00:00Z,2022-01-22,ANCHOR_DAY,data/raw/opensky/state_vectors/2022/date=2022-01-22/hour=11/states_2022-01-22-11.csv.tar,False,False,False,False,True,RAW_MISSING,False,,,4
2022-01-22T12:00:00Z,2022-01-22,ANCHOR_DAY,data/raw/opensky/state_vectors/2022/date=2022-01-22/hour=12/states_2022-01-22-12.csv.tar,False,False,False,False,True,RAW_MISSING,False,,,4
2022-01-22T13:00:00Z,2022-01-22,ANCHOR_DAY,data/raw/opensky/state_vectors/2022/date=2022-01-22/hour=13/states_2022-01-22-13.csv.tar,False,False,False,False,True,RAW_MISSING,False,,,4
2022-01-22T14:00:00Z,2022-01-22,ANCHOR_DAY,data/raw/opensky/state_vectors/2022/date=2022-01-22/hour=14/states_2022-01-22-14.csv.tar,False,False,False,False,True,RAW_MISSING,False,,,4
2022-01-22T15:00:00Z,2022-01-22,ANCHOR_DAY,data/raw/opensky/state_vectors/2022/date=2022-01-22/hour=15/states_2022-01-22-15.csv.tar,False,False,False,False,True,RAW_MISSING,False,,,4
2022-01-22T16:00:00Z,2022-01-22,ANCHOR_DAY,data/raw/opensky/state_vectors/2022/date=2022-01-22/hour=16/states_2022-01-22-16.csv.tar,False,False,False,False,True,RAW_MISSING,False,,,4
2022-01-22T17:00:00Z,2022-01-22,ANCHOR_DAY,data/raw/opensky/state_vectors/2022/date=2022-01-22/hour=17/states_2022-01-22-17.csv.tar,False,False,False,False,True,RAW_MISSING,False,,,4
2022-01-22T18:00:00Z,2022-01-22,ANCHOR_DAY,data/raw/opensky/state_vectors/2022/date=2022-01-22/hour=18/states_2022-01-22-18.csv.tar,False,False,False,False,True,RAW_MISSING,False,,,4
2022-01-22T19:00:00Z,2022-01-22,ANCHOR_DAY,data/raw/opensky/state_vectors/2022/date=2022-01-22/hour=19/states_2022-01-22-19.csv.tar,False,False,False,False,True,RAW_MISSING,False,,,4
2022-01-22T20:00:00Z,2022-01-22,ANCHOR_DAY,data/raw/opensky/state_vectors/2022/date=2022-01-22/hour=20/states_2022-01-22-20.csv.tar,False,False,False,False,True,RAW_MISSING,False,,,4
2022-01-22T21:00:00Z,2022-01-22,ANCHOR_DAY,data/raw/opensky/state_vectors/2022/date=2022-01-22/hour=21/states_2022-01-22-21.csv.tar,False,False,False,False,True,RAW_MISSING,False,,,4
2022-01-22T22:00:00Z,2022-01-22,ANCHOR_DAY,data/raw/opensky/state_vectors/2022/date=2022-01-22/hour=22/states_2022-01-22-22.csv.tar,False,False,False,False,True,RAW_MISSING,False,,,4
2022-01-22T23:00:00Z,2022-01-22,ANCHOR_DAY,data/raw/opensky/state_vectors/2022/date=2022-01-22/hour=23/states_2022-01-22-23.csv.tar,False,False,False,False,True,RAW_MISSING,False,,,4
2022-01-23T00:00:00Z,2022-01-22,POST_CONTEXT,data/raw/opensky/state_vectors/2022/date=2022-01-23/hour=00/states_2022-01-23-00.csv.tar,False,False,False,False,True,RAW_MISSING,False,,,4
2022-01-23T01:00:00Z,2022-01-22,POST_CONTEXT,data/raw/opensky/state_vectors/2022/date=2022-01-23/hour=01/states_2022-01-23-01.csv.tar,False,False,False,False,True,RAW_MISSING,False,,,4
2022-01-23T02:00:00Z,2022-01-22,POST_CONTEXT,data/raw/opensky/state_vectors/2022/date=2022-01-23/hour=02/states_2022-01-23-02.csv.tar,False,False,False,False,True,RAW_MISSING,False,,,4
2022-01-23T03:00:00Z,2022-01-22,POST_CONTEXT,data/raw/opensky/state_vectors/2022/date=2022-01-23/hour=03/states_2022-01-23-03.csv.tar,False,False,False,False,True,RAW_MISSING,False,,,4
2022-01-23T04:00:00Z,2022-01-22,POST_CONTEXT,data/raw/opensky/state_vectors/2022/date=2022-01-23/hour=04/states_2022-01-23-04.csv.tar,False,False,False,False,True,RAW_MISSING,False,,,4
2022-01-23T05:00:00Z,2022-01-22,POST_CONTEXT,data/raw/opensky/state_vectors/2022/date=2022-01-23/hour=05/states_2022-01-23-05.csv.tar,False,False,False,False,True,RAW_MISSING,False,,,4
2022-01-23T06:00:00Z,2022-01-22,POST_CONTEXT,data/raw/opensky/state_vectors/2022/date=2022-01-23/hour=06/states_2022-01-23-06.csv.tar,False,False,False,False,True,RAW_MISSING,False,,,4
2022-01-23T07:00:00Z,2022-01-22,POST_CONTEXT,data/raw/opensky/state_vectors/2022/date=2022-01-23/hour=07/states_2022-01-23-07.csv.tar,False,False,False,False,True,RAW_MISSING,False,,,4
2022-01-23T08:00:00Z,2022-01-22,POST_CONTEXT,data/raw/opensky/state_vectors/2022/date=2022-01-23/hour=08/states_2022-01-23-08.csv.tar,False,False,False,False,True,RAW_MISSING,False,,,4
2022-01-23T09:00:00Z,2022-01-22,POST_CONTEXT,data/raw/opensky/state_vectors/2022/date=2022-01-23/hour=09/states_2022-01-23-09.csv.tar,False,False,False,False,True,RAW_MISSING,False,,,4
2022-01-23T10:00:00Z,2022-01-22,POST_CONTEXT,data/raw/opensky/state_vectors/2022/date=2022-01-23/hour=10/states_2022-01-23-10.csv.tar,False,False,False,False,True,RAW_MISSING,False,,,4
2022-01-23T11:00:00Z,2022-01-22,POST_CONTEXT,data/raw/opensky/state_vectors/2022/date=2022-01-23/hour=11/states_2022-01-23-11.csv.tar,False,False,False,False,True,RAW_MISSING,False,,,4
2022-01-23T18:00:00Z,2022-01-24,PRE_CONTEXT,data/raw/opensky/state_vectors/2022/date=2022-01-23/hour=18/states_2022-01-23-18.csv.tar,False,False,False,False,True,RAW_MISSING,False,,,4
2022-01-23T19:00:00Z,2022-01-24,PRE_CONTEXT,data/raw/opensky/state_vectors/2022/date=2022-01-23/hour=19/states_2022-01-23-19.csv.tar,False,False,False,False,True,RAW_MISSING,False,,,4
2022-01-23T20:00:00Z,2022-01-24,PRE_CONTEXT,data/raw/opensky/state_vectors/2022/date=2022-01-23/hour=20/states_2022-01-23-20.csv.tar,False,False,False,False,True,RAW_MISSING,False,,,4
2022-01-23T21:00:00Z,2022-01-24,PRE_CONTEXT,data/raw/opensky/state_vectors/2022/date=2022-01-23/hour=21/states_2022-01-23-21.csv.tar,False,False,False,False,True,RAW_MISSING,False,,,4
2022-01-23T22:00:00Z,2022-01-24,PRE_CONTEXT,data/raw/opensky/state_vectors/2022/date=2022-01-23/hour=22/states_2022-01-23-22.csv.tar,False,False,False,False,True,RAW_MISSING,False,,,4
2022-01-23T23:00:00Z,2022-01-24,PRE_CONTEXT,data/raw/opensky/state_vectors/2022/date=2022-01-23/hour=23/states_2022-01-23-23.csv.tar,False,False,False,False,True,RAW_MISSING,False,,,4
2022-01-24T00:00:00Z,2022-01-24,ANCHOR_DAY,data/raw/opensky/state_vectors/2022/date=2022-01-24/hour=00/states_2022-01-24-00.csv.tar,False,False,False,False,True,RAW_MISSING,False,,,4
2022-01-24T01:00:00Z,2022-01-24,ANCHOR_DAY,data/raw/opensky/state_vectors/2022/date=2022-01-24/hour=01/states_2022-01-24-01.csv.tar,False,False,False,False,True,RAW_MISSING,False,,,4
2022-01-24T02:00:00Z,2022-01-24,ANCHOR_DAY,data/raw/opensky/state_vectors/2022/date=2022-01-24/hour=02/states_2022-01-24-02.csv.tar,False,False,False,False,True,RAW_MISSING,False,,,4
2022-01-24T03:00:00Z,2022-01-24,ANCHOR_DAY,data/raw/opensky/state_vectors/2022/date=2022-01-24/hour=03/states_2022-01-24-03.csv.tar,False,False,False,False,True,RAW_MISSING,False,,,4
2022-01-24T04:00:00Z,2022-01-24,ANCHOR_DAY,data/raw/opensky/state_vectors/2022/date=2022-01-24/hour=04/states_2022-01-24-04.csv.tar,False,False,False,False,True,RAW_MISSING,False,,,4
2022-01-24T05:00:00Z,2022-01-24,ANCHOR_DAY,data/raw/opensky/state_vectors/2022/date=2022-01-24/hour=05/states_2022-01-24-05.csv.tar,False,False,False,False,True,RAW_MISSING,False,,,4
2022-01-24T06:00:00Z,2022-01-24,ANCHOR_DAY,data/raw/opensky/state_vectors/2022/date=2022-01-24/hour=06/states_2022-01-24-06.csv.tar,False,False,False,False,True,RAW_MISSING,False,,,4
2022-01-24T07:00:00Z,2022-01-24,ANCHOR_DAY,data/raw/opensky/state_vectors/2022/date=2022-01-24/hour=07/states_2022-01-24-07.csv.tar,False,False,False,False,True,RAW_MISSING,False,,,4
2022-01-24T08:00:00Z,2022-01-24,ANCHOR_DAY,data/raw/opensky/state_vectors/2022/date=2022-01-24/hour=08/states_2022-01-24-08.csv.tar,False,False,False,False,True,RAW_MISSING,False,,,4
2022-01-24T09:00:00Z,2022-01-24,ANCHOR_DAY,data/raw/opensky/state_vectors/2022/date=2022-01-24/hour=09/states_2022-01-24-09.csv.tar,False,False,False,False,True,RAW_MISSING,False,,,4
2022-01-24T10:00:00Z,2022-01-24,ANCHOR_DAY,data/raw/opensky/state_vectors/2022/date=2022-01-24/hour=10/states_2022-01-24-10.csv.tar,False,False,False,False,True,RAW_MISSING,False,,,4
2022-01-24T11:00:00Z,2022-01-24,ANCHOR_DAY,data/raw/opensky/state_vectors/2022/date=2022-01-24/hour=11/states_2022-01-24-11.csv.tar,False,False,False,False,True,RAW_MISSING,False,,,4
2022-01-24T12:00:00Z,2022-01-24,ANCHOR_DAY,data/raw/opensky/state_vectors/2022/date=2022-01-24/hour=12/states_2022-01-24-12.csv.tar,False,False,False,False,True,RAW_MISSING,False,,,4
2022-01-24T13:00:00Z,2022-01-24,ANCHOR_DAY,data/raw/opensky/state_vectors/2022/date=2022-01-24/hour=13/states_2022-01-24-13.csv.tar,False,False,False,False,True,RAW_MISSING,False,,,4
2022-01-24T14:00:00Z,2022-01-24,ANCHOR_DAY,data/raw/opensky/state_vectors/2022/date=2022-01-24/hour=14/states_2022-01-24-14.csv.tar,False,False,False,False,True,RAW_MISSING,False,,,4
2022-01-24T15:00:00Z,2022-01-24,ANCHOR_DAY,data/raw/opensky/state_vectors/2022/date=2022-01-24/hour=15/states_2022-01-24-15.csv.tar,False,False,False,False,True,RAW_MISSING,False,,,4
2022-01-24T16:00:00Z,2022-01-24,ANCHOR_DAY,data/raw/opensky/state_vectors/2022/date=2022-01-24/hour=16/states_2022-01-24-16.csv.tar,False,False,False,False,True,RAW_MISSING,False,,,4
2022-01-24T17:00:00Z,2022-01-24,ANCHOR_DAY,data/raw/opensky/state_vectors/2022/date=2022-01-24/hour=17/states_2022-01-24-17.csv.tar,False,False,False,False,True,RAW_MISSING,False,,,4
2022-01-24T18:00:00Z,2022-01-24,ANCHOR_DAY,data/raw/opensky/state_vectors/2022/date=2022-01-24/hour=18/states_2022-01-24-18.csv.tar,False,False,False,False,True,RAW_MISSING,False,,,4
2022-01-24T19:00:00Z,2022-01-24,ANCHOR_DAY,data/raw/opensky/state_vectors/2022/date=2022-01-24/hour=19/states_2022-01-24-19.csv.tar,False,False,False,False,True,RAW_MISSING,False,,,4
2022-01-24T20:00:00Z,2022-01-24,ANCHOR_DAY,data/raw/opensky/state_vectors/2022/date=2022-01-24/hour=20/states_2022-01-24-20.csv.tar,False,False,False,False,True,RAW_MISSING,False,,,4
2022-01-24T21:00:00Z,2022-01-24,ANCHOR_DAY,data/raw/opensky/state_vectors/2022/date=2022-01-24/hour=21/states_2022-01-24-21.csv.tar,False,False,False,False,True,RAW_MISSING,False,,,4
2022-01-24T22:00:00Z,2022-01-24,ANCHOR_DAY,data/raw/opensky/state_vectors/2022/date=2022-01-24/hour=22/states_2022-01-24-22.csv.tar,False,False,False,False,True,RAW_MISSING,False,,,4
2022-01-24T23:00:00Z,2022-01-24,ANCHOR_DAY,data/raw/opensky/state_vectors/2022/date=2022-01-24/hour=23/states_2022-01-24-23.csv.tar,False,False,False,False,True,RAW_MISSING,False,,,4
2022-01-25T00:00:00Z,2022-01-24,POST_CONTEXT,data/raw/opensky/state_vectors/2022/date=2022-01-25/hour=00/states_2022-01-25-00.csv.tar,False,False,False,False,True,RAW_MISSING,False,,,4
2022-01-25T01:00:00Z,2022-01-24,POST_CONTEXT,data/raw/opensky/state_vectors/2022/date=2022-01-25/hour=01/states_2022-01-25-01.csv.tar,False,False,False,False,True,RAW_MISSING,False,,,4
2022-01-25T02:00:00Z,2022-01-24,POST_CONTEXT,data/raw/opensky/state_vectors/2022/date=2022-01-25/hour=02/states_2022-01-25-02.csv.tar,False,False,False,False,True,RAW_MISSING,False,,,4
2022-01-25T03:00:00Z,2022-01-24,POST_CONTEXT,data/raw/opensky/state_vectors/2022/date=2022-01-25/hour=03/states_2022-01-25-03.csv.tar,False,False,False,False,True,RAW_MISSING,False,,,4
2022-01-25T04:00:00Z,2022-01-24,POST_CONTEXT,data/raw/opensky/state_vectors/2022/date=2022-01-25/hour=04/states_2022-01-25-04.csv.tar,False,False,False,False,True,RAW_MISSING,False,,,4
2022-01-25T05:00:00Z,2022-01-24,POST_CONTEXT,data/raw/opensky/state_vectors/2022/date=2022-01-25/hour=05/states_2022-01-25-05.csv.tar,False,False,False,False,True,RAW_MISSING,False,,,4
2022-01-25T06:00:00Z,2022-01-24,POST_CONTEXT,data/raw/opensky/state_vectors/2022/date=2022-01-25/hour=06/states_2022-01-25-06.csv.tar,False,False,False,False,True,RAW_MISSING,False,,,4
2022-01-25T07:00:00Z,2022-01-24,POST_CONTEXT,data/raw/opensky/state_vectors/2022/date=2022-01-25/hour=07/states_2022-01-25-07.csv.tar,False,False,False,False,True,RAW_MISSING,False,,,4
2022-01-25T08:00:00Z,2022-01-24,POST_CONTEXT,data/raw/opensky/state_vectors/2022/date=2022-01-25/hour=08/states_2022-01-25-08.csv.tar,False,False,False,False,True,RAW_MISSING,False,,,4
2022-01-25T09:00:00Z,2022-01-24,POST_CONTEXT,data/raw/opensky/state_vectors/2022/date=2022-01-25/hour=09/states_2022-01-25-09.csv.tar,False,False,False,False,True,RAW_MISSING,False,,,4
2022-01-25T10:00:00Z,2022-01-24,POST_CONTEXT,data/raw/opensky/state_vectors/2022/date=2022-01-25/hour=10/states_2022-01-25-10.csv.tar,False,False,False,False,True,RAW_MISSING,False,,,4
2022-01-25T11:00:00Z,2022-01-24,POST_CONTEXT,data/raw/opensky/state_vectors/2022/date=2022-01-25/hour=11/states_2022-01-25-11.csv.tar,False,False,False,False,True,RAW_MISSING,False,,,4
2022-02-06T18:00:00Z,2022-02-07,PRE_CONTEXT,data/raw/opensky/state_vectors/2022/date=2022-02-06/hour=18/states_2022-02-06-18.csv.tar,False,False,False,False,True,RAW_MISSING,False,,,4
2022-02-06T19:00:00Z,2022-02-07,PRE_CONTEXT,data/raw/opensky/state_vectors/2022/date=2022-02-06/hour=19/states_2022-02-06-19.csv.tar,False,False,False,False,True,RAW_MISSING,False,,,4
2022-02-06T20:00:00Z,2022-02-07,PRE_CONTEXT,data/raw/opensky/state_vectors/2022/date=2022-02-06/hour=20/states_2022-02-06-20.csv.tar,False,False,False,False,True,RAW_MISSING,False,,,4
2022-02-06T21:00:00Z,2022-02-07,PRE_CONTEXT,data/raw/opensky/state_vectors/2022/date=2022-02-06/hour=21/states_2022-02-06-21.csv.tar,False,False,False,False,True,RAW_MISSING,False,,,4
2022-02-06T22:00:00Z,2022-02-07,PRE_CONTEXT,data/raw/opensky/state_vectors/2022/date=2022-02-06/hour=22/states_2022-02-06-22.csv.tar,False,False,False,False,True,RAW_MISSING,False,,,4
2022-02-06T23:00:00Z,2022-02-07,PRE_CONTEXT,data/raw/opensky/state_vectors/2022/date=2022-02-06/hour=23/states_2022-02-06-23.csv.tar,False,False,False,False,True,RAW_MISSING,False,,,4
2022-02-08T00:00:00Z,2022-02-07,POST_CONTEXT,data/raw/opensky/state_vectors/2022/date=2022-02-08/hour=00/states_2022-02-08-00.csv.tar,False,False,False,False,True,RAW_MISSING,False,,,4
2022-02-08T01:00:00Z,2022-02-07,POST_CONTEXT,data/raw/opensky/state_vectors/2022/date=2022-02-08/hour=01/states_2022-02-08-01.csv.tar,False,False,False,False,True,RAW_MISSING,False,,,4
2022-02-08T02:00:00Z,2022-02-07,POST_CONTEXT,data/raw/opensky/state_vectors/2022/date=2022-02-08/hour=02/states_2022-02-08-02.csv.tar,False,False,False,False,True,RAW_MISSING,False,,,4
2022-02-08T03:00:00Z,2022-02-07,POST_CONTEXT,data/raw/opensky/state_vectors/2022/date=2022-02-08/hour=03/states_2022-02-08-03.csv.tar,False,False,False,False,True,RAW_MISSING,False,,,4
2022-02-08T04:00:00Z,2022-02-07,POST_CONTEXT,data/raw/opensky/state_vectors/2022/date=2022-02-08/hour=04/states_2022-02-08-04.csv.tar,False,False,False,False,True,RAW_MISSING,False,,,4
2022-02-08T05:00:00Z,2022-02-07,POST_CONTEXT,data/raw/opensky/state_vectors/2022/date=2022-02-08/hour=05/states_2022-02-08-05.csv.tar,False,False,False,False,True,RAW_MISSING,False,,,4
2022-02-08T06:00:00Z,2022-02-07,POST_CONTEXT,data/raw/opensky/state_vectors/2022/date=2022-02-08/hour=06/states_2022-02-08-06.csv.tar,False,False,False,False,True,RAW_MISSING,False,,,4
2022-02-08T07:00:00Z,2022-02-07,POST_CONTEXT,data/raw/opensky/state_vectors/2022/date=2022-02-08/hour=07/states_2022-02-08-07.csv.tar,False,False,False,False,True,RAW_MISSING,False,,,4
2022-02-08T08:00:00Z,2022-02-07,POST_CONTEXT,data/raw/opensky/state_vectors/2022/date=2022-02-08/hour=08/states_2022-02-08-08.csv.tar,False,False,False,False,True,RAW_MISSING,False,,,4
2022-02-08T09:00:00Z,2022-02-07,POST_CONTEXT,data/raw/opensky/state_vectors/2022/date=2022-02-08/hour=09/states_2022-02-08-09.csv.tar,False,False,False,False,True,RAW_MISSING,False,,,4
2022-02-08T10:00:00Z,2022-02-07,POST_CONTEXT,data/raw/opensky/state_vectors/2022/date=2022-02-08/hour=10/states_2022-02-08-10.csv.tar,False,False,False,False,True,RAW_MISSING,False,,,4
2022-02-08T11:00:00Z,2022-02-07,POST_CONTEXT,data/raw/opensky/state_vectors/2022/date=2022-02-08/hour=11/states_2022-02-08-11.csv.tar,False,False,False,False,True,RAW_MISSING,False,,,4
2022-02-11T18:00:00Z,2022-02-12,PRE_CONTEXT,data/raw/opensky/state_vectors/2022/date=2022-02-11/hour=18/states_2022-02-11-18.csv.tar,False,False,False,False,True,RAW_MISSING,False,,,4
2022-02-11T19:00:00Z,2022-02-12,PRE_CONTEXT,data/raw/opensky/state_vectors/2022/date=2022-02-11/hour=19/states_2022-02-11-19.csv.tar,False,False,False,False,True,RAW_MISSING,False,,,4
2022-02-11T20:00:00Z,2022-02-12,PRE_CONTEXT,data/raw/opensky/state_vectors/2022/date=2022-02-11/hour=20/states_2022-02-11-20.csv.tar,False,False,False,False,True,RAW_MISSING,False,,,4
2022-02-11T21:00:00Z,2022-02-12,PRE_CONTEXT,data/raw/opensky/state_vectors/2022/date=2022-02-11/hour=21/states_2022-02-11-21.csv.tar,False,False,False,False,True,RAW_MISSING,False,,,4
2022-02-11T22:00:00Z,2022-02-12,PRE_CONTEXT,data/raw/opensky/state_vectors/2022/date=2022-02-11/hour=22/states_2022-02-11-22.csv.tar,False,False,False,False,True,RAW_MISSING,False,,,4
2022-02-11T23:00:00Z,2022-02-12,PRE_CONTEXT,data/raw/opensky/state_vectors/2022/date=2022-02-11/hour=23/states_2022-02-11-23.csv.tar,False,False,False,False,True,RAW_MISSING,False,,,4
2022-02-12T00:00:00Z,2022-02-12,ANCHOR_DAY,data/raw/opensky/state_vectors/2022/date=2022-02-12/hour=00/states_2022-02-12-00.csv.tar,False,False,False,False,True,RAW_MISSING,False,,,4
2022-02-12T01:00:00Z,2022-02-12,ANCHOR_DAY,data/raw/opensky/state_vectors/2022/date=2022-02-12/hour=01/states_2022-02-12-01.csv.tar,False,False,False,False,True,RAW_MISSING,False,,,4
2022-02-12T02:00:00Z,2022-02-12,ANCHOR_DAY,data/raw/opensky/state_vectors/2022/date=2022-02-12/hour=02/states_2022-02-12-02.csv.tar,False,False,False,False,True,RAW_MISSING,False,,,4
2022-02-12T03:00:00Z,2022-02-12,ANCHOR_DAY,data/raw/opensky/state_vectors/2022/date=2022-02-12/hour=03/states_2022-02-12-03.csv.tar,False,False,False,False,True,RAW_MISSING,False,,,4
2022-02-12T04:00:00Z,2022-02-12,ANCHOR_DAY,data/raw/opensky/state_vectors/2022/date=2022-02-12/hour=04/states_2022-02-12-04.csv.tar,False,False,False,False,True,RAW_MISSING,False,,,4
2022-02-12T05:00:00Z,2022-02-12,ANCHOR_DAY,data/raw/opensky/state_vectors/2022/date=2022-02-12/hour=05/states_2022-02-12-05.csv.tar,False,False,False,False,True,RAW_MISSING,False,,,4
2022-02-12T06:00:00Z,2022-02-12,ANCHOR_DAY,data/raw/opensky/state_vectors/2022/date=2022-02-12/hour=06/states_2022-02-12-06.csv.tar,False,False,False,False,True,RAW_MISSING,False,,,4
2022-02-12T07:00:00Z,2022-02-12,ANCHOR_DAY,data/raw/opensky/state_vectors/2022/date=2022-02-12/hour=07/states_2022-02-12-07.csv.tar,False,False,False,False,True,RAW_MISSING,False,,,4
2022-02-12T08:00:00Z,2022-02-12,ANCHOR_DAY,data/raw/opensky/state_vectors/2022/date=2022-02-12/hour=08/states_2022-02-12-08.csv.tar,False,False,False,False,True,RAW_MISSING,False,,,4
2022-02-12T09:00:00Z,2022-02-12,ANCHOR_DAY,data/raw/opensky/state_vectors/2022/date=2022-02-12/hour=09/states_2022-02-12-09.csv.tar,False,False,False,False,True,RAW_MISSING,False,,,4
2022-02-12T10:00:00Z,2022-02-12,ANCHOR_DAY,data/raw/opensky/state_vectors/2022/date=2022-02-12/hour=10/states_2022-02-12-10.csv.tar,False,False,False,False,True,RAW_MISSING,False,,,4
2022-02-12T11:00:00Z,2022-02-12,ANCHOR_DAY,data/raw/opensky/state_vectors/2022/date=2022-02-12/hour=11/states_2022-02-12-11.csv.tar,False,False,False,False,True,RAW_MISSING,False,,,4
2022-02-12T12:00:00Z,2022-02-12,ANCHOR_DAY,data/raw/opensky/state_vectors/2022/date=2022-02-12/hour=12/states_2022-02-12-12.csv.tar,False,False,False,False,True,RAW_MISSING,False,,,4
2022-02-12T13:00:00Z,2022-02-12,ANCHOR_DAY,data/raw/opensky/state_vectors/2022/date=2022-02-12/hour=13/states_2022-02-12-13.csv.tar,False,False,False,False,True,RAW_MISSING,False,,,4
2022-02-12T14:00:00Z,2022-02-12,ANCHOR_DAY,data/raw/opensky/state_vectors/2022/date=2022-02-12/hour=14/states_2022-02-12-14.csv.tar,False,False,False,False,True,RAW_MISSING,False,,,4
2022-02-12T15:00:00Z,2022-02-12,ANCHOR_DAY,data/raw/opensky/state_vectors/2022/date=2022-02-12/hour=15/states_2022-02-12-15.csv.tar,False,False,False,False,True,RAW_MISSING,False,,,4
2022-02-12T16:00:00Z,2022-02-12,ANCHOR_DAY,data/raw/opensky/state_vectors/2022/date=2022-02-12/hour=16/states_2022-02-12-16.csv.tar,False,False,False,False,True,RAW_MISSING,False,,,4
2022-02-12T17:00:00Z,2022-02-12,ANCHOR_DAY,data/raw/opensky/state_vectors/2022/date=2022-02-12/hour=17/states_2022-02-12-17.csv.tar,False,False,False,False,True,RAW_MISSING,False,,,4
2022-02-12T18:00:00Z,2022-02-12,ANCHOR_DAY,data/raw/opensky/state_vectors/2022/date=2022-02-12/hour=18/states_2022-02-12-18.csv.tar,False,False,False,False,True,RAW_MISSING,False,,,4
2022-02-12T19:00:00Z,2022-02-12,ANCHOR_DAY,data/raw/opensky/state_vectors/2022/date=2022-02-12/hour=19/states_2022-02-12-19.csv.tar,False,False,False,False,True,RAW_MISSING,False,,,4
2022-02-12T20:00:00Z,2022-02-12,ANCHOR_DAY,data/raw/opensky/state_vectors/2022/date=2022-02-12/hour=20/states_2022-02-12-20.csv.tar,False,False,False,False,True,RAW_MISSING,False,,,4
2022-02-12T21:00:00Z,2022-02-12,ANCHOR_DAY,data/raw/opensky/state_vectors/2022/date=2022-02-12/hour=21/states_2022-02-12-21.csv.tar,False,False,False,False,True,RAW_MISSING,False,,,4
2022-02-12T22:00:00Z,2022-02-12,ANCHOR_DAY,data/raw/opensky/state_vectors/2022/date=2022-02-12/hour=22/states_2022-02-12-22.csv.tar,False,False,False,False,True,RAW_MISSING,False,,,4
2022-02-12T23:00:00Z,2022-02-12,ANCHOR_DAY,data/raw/opensky/state_vectors/2022/date=2022-02-12/hour=23/states_2022-02-12-23.csv.tar,False,False,False,False,True,RAW_MISSING,False,,,4
2022-02-13T00:00:00Z,2022-02-12,POST_CONTEXT,data/raw/opensky/state_vectors/2022/date=2022-02-13/hour=00/states_2022-02-13-00.csv.tar,False,False,False,False,True,RAW_MISSING,False,,,4
2022-02-13T01:00:00Z,2022-02-12,POST_CONTEXT,data/raw/opensky/state_vectors/2022/date=2022-02-13/hour=01/states_2022-02-13-01.csv.tar,False,False,False,False,True,RAW_MISSING,False,,,4
2022-02-13T02:00:00Z,2022-02-12,POST_CONTEXT,data/raw/opensky/state_vectors/2022/date=2022-02-13/hour=02/states_2022-02-13-02.csv.tar,False,False,False,False,True,RAW_MISSING,False,,,4
2022-02-13T03:00:00Z,2022-02-12,POST_CONTEXT,data/raw/opensky/state_vectors/2022/date=2022-02-13/hour=03/states_2022-02-13-03.csv.tar,False,False,False,False,True,RAW_MISSING,False,,,4
2022-02-13T04:00:00Z,2022-02-12,POST_CONTEXT,data/raw/opensky/state_vectors/2022/date=2022-02-13/hour=04/states_2022-02-13-04.csv.tar,False,False,False,False,True,RAW_MISSING,False,,,4
2022-02-13T05:00:00Z,2022-02-12,POST_CONTEXT,data/raw/opensky/state_vectors/2022/date=2022-02-13/hour=05/states_2022-02-13-05.csv.tar,False,False,False,False,True,RAW_MISSING,False,,,4
2022-02-13T06:00:00Z,2022-02-12,POST_CONTEXT,data/raw/opensky/state_vectors/2022/date=2022-02-13/hour=06/states_2022-02-13-06.csv.tar,False,False,False,False,True,RAW_MISSING,False,,,4
2022-02-13T07:00:00Z,2022-02-12,POST_CONTEXT,data/raw/opensky/state_vectors/2022/date=2022-02-13/hour=07/states_2022-02-13-07.csv.tar,False,False,False,False,True,RAW_MISSING,False,,,4
2022-02-13T08:00:00Z,2022-02-12,POST_CONTEXT,data/raw/opensky/state_vectors/2022/date=2022-02-13/hour=08/states_2022-02-13-08.csv.tar,False,False,False,False,True,RAW_MISSING,False,,,4
2022-02-13T09:00:00Z,2022-02-12,POST_CONTEXT,data/raw/opensky/state_vectors/2022/date=2022-02-13/hour=09/states_2022-02-13-09.csv.tar,False,False,False,False,True,RAW_MISSING,False,,,4
2022-02-13T10:00:00Z,2022-02-12,POST_CONTEXT,data/raw/opensky/state_vectors/2022/date=2022-02-13/hour=10/states_2022-02-13-10.csv.tar,False,False,False,False,True,RAW_MISSING,False,,,4
2022-02-13T11:00:00Z,2022-02-12,POST_CONTEXT,data/raw/opensky/state_vectors/2022/date=2022-02-13/hour=11/states_2022-02-13-11.csv.tar,False,False,False,False,True,RAW_MISSING,False,,,4
2022-02-13T18:00:00Z,2022-02-14,PRE_CONTEXT,data/raw/opensky/state_vectors/2022/date=2022-02-13/hour=18/states_2022-02-13-18.csv.tar,False,False,False,False,True,RAW_MISSING,False,,,4
2022-02-13T19:00:00Z,2022-02-14,PRE_CONTEXT,data/raw/opensky/state_vectors/2022/date=2022-02-13/hour=19/states_2022-02-13-19.csv.tar,False,False,False,False,True,RAW_MISSING,False,,,4
2022-02-13T20:00:00Z,2022-02-14,PRE_CONTEXT,data/raw/opensky/state_vectors/2022/date=2022-02-13/hour=20/states_2022-02-13-20.csv.tar,False,False,False,False,True,RAW_MISSING,False,,,4
2022-02-13T21:00:00Z,2022-02-14,PRE_CONTEXT,data/raw/opensky/state_vectors/2022/date=2022-02-13/hour=21/states_2022-02-13-21.csv.tar,False,False,False,False,True,RAW_MISSING,False,,,4
2022-02-13T22:00:00Z,2022-02-14,PRE_CONTEXT,data/raw/opensky/state_vectors/2022/date=2022-02-13/hour=22/states_2022-02-13-22.csv.tar,False,False,False,False,True,RAW_MISSING,False,,,4
2022-02-13T23:00:00Z,2022-02-14,PRE_CONTEXT,data/raw/opensky/state_vectors/2022/date=2022-02-13/hour=23/states_2022-02-13-23.csv.tar,False,False,False,False,True,RAW_MISSING,False,,,4
2022-02-14T10:00:00Z,2022-02-14,ANCHOR_DAY,data/raw/opensky/state_vectors/2022/date=2022-02-14/hour=10/states_2022-02-14-10.csv.tar,False,False,False,False,True,RAW_MISSING,False,,,4
2022-02-14T11:00:00Z,2022-02-14,ANCHOR_DAY,data/raw/opensky/state_vectors/2022/date=2022-02-14/hour=11/states_2022-02-14-11.csv.tar,False,False,False,False,True,RAW_MISSING,False,,,4
2022-02-14T12:00:00Z,2022-02-14,ANCHOR_DAY,data/raw/opensky/state_vectors/2022/date=2022-02-14/hour=12/states_2022-02-14-12.csv.tar,False,False,False,False,True,RAW_MISSING,False,,,4
2022-02-14T13:00:00Z,2022-02-14,ANCHOR_DAY,data/raw/opensky/state_vectors/2022/date=2022-02-14/hour=13/states_2022-02-14-13.csv.tar,False,False,False,False,True,RAW_MISSING,False,,,4
2022-02-14T14:00:00Z,2022-02-14,ANCHOR_DAY,data/raw/opensky/state_vectors/2022/date=2022-02-14/hour=14/states_2022-02-14-14.csv.tar,False,False,False,False,True,RAW_MISSING,False,,,4
2022-02-14T15:00:00Z,2022-02-14,ANCHOR_DAY,data/raw/opensky/state_vectors/2022/date=2022-02-14/hour=15/states_2022-02-14-15.csv.tar,False,False,False,False,True,RAW_MISSING,False,,,4
2022-02-14T16:00:00Z,2022-02-14,ANCHOR_DAY,data/raw/opensky/state_vectors/2022/date=2022-02-14/hour=16/states_2022-02-14-16.csv.tar,False,False,False,False,True,RAW_MISSING,False,,,4
2022-02-14T17:00:00Z,2022-02-14,ANCHOR_DAY,data/raw/opensky/state_vectors/2022/date=2022-02-14/hour=17/states_2022-02-14-17.csv.tar,False,False,False,False,True,RAW_MISSING,False,,,4
2022-02-14T18:00:00Z,2022-02-14,ANCHOR_DAY,data/raw/opensky/state_vectors/2022/date=2022-02-14/hour=18/states_2022-02-14-18.csv.tar,False,False,False,False,True,RAW_MISSING,False,,,4
2022-02-14T19:00:00Z,2022-02-14,ANCHOR_DAY,data/raw/opensky/state_vectors/2022/date=2022-02-14/hour=19/states_2022-02-14-19.csv.tar,False,False,False,False,True,RAW_MISSING,False,,,4
2022-02-14T20:00:00Z,2022-02-14,ANCHOR_DAY,data/raw/opensky/state_vectors/2022/date=2022-02-14/hour=20/states_2022-02-14-20.csv.tar,False,False,False,False,True,RAW_MISSING,False,,,4
2022-02-14T21:00:00Z,2022-02-14,ANCHOR_DAY,data/raw/opensky/state_vectors/2022/date=2022-02-14/hour=21/states_2022-02-14-21.csv.tar,False,False,False,False,True,RAW_MISSING,False,,,4
2022-02-14T22:00:00Z,2022-02-14,ANCHOR_DAY,data/raw/opensky/state_vectors/2022/date=2022-02-14/hour=22/states_2022-02-14-22.csv.tar,False,False,False,False,True,RAW_MISSING,False,,,4
2022-02-14T23:00:00Z,2022-02-14,ANCHOR_DAY,data/raw/opensky/state_vectors/2022/date=2022-02-14/hour=23/states_2022-02-14-23.csv.tar,False,False,False,False,True,RAW_MISSING,False,,,4
2022-02-15T00:00:00Z,2022-02-14,POST_CONTEXT,data/raw/opensky/state_vectors/2022/date=2022-02-15/hour=00/states_2022-02-15-00.csv.tar,False,False,False,False,True,RAW_MISSING,False,,,4
2022-02-15T01:00:00Z,2022-02-14,POST_CONTEXT,data/raw/opensky/state_vectors/2022/date=2022-02-15/hour=01/states_2022-02-15-01.csv.tar,False,False,False,False,True,RAW_MISSING,False,,,4
2022-02-15T02:00:00Z,2022-02-14,POST_CONTEXT,data/raw/opensky/state_vectors/2022/date=2022-02-15/hour=02/states_2022-02-15-02.csv.tar,False,False,False,False,True,RAW_MISSING,False,,,4
2022-02-15T03:00:00Z,2022-02-14,POST_CONTEXT,data/raw/opensky/state_vectors/2022/date=2022-02-15/hour=03/states_2022-02-15-03.csv.tar,False,False,False,False,True,RAW_MISSING,False,,,4
2022-02-15T04:00:00Z,2022-02-14,POST_CONTEXT,data/raw/opensky/state_vectors/2022/date=2022-02-15/hour=04/states_2022-02-15-04.csv.tar,False,False,False,False,True,RAW_MISSING,False,,,4
2022-02-15T05:00:00Z,2022-02-14,POST_CONTEXT,data/raw/opensky/state_vectors/2022/date=2022-02-15/hour=05/states_2022-02-15-05.csv.tar,False,False,False,False,True,RAW_MISSING,False,,,4
2022-02-15T06:00:00Z,2022-02-14,POST_CONTEXT,data/raw/opensky/state_vectors/2022/date=2022-02-15/hour=06/states_2022-02-15-06.csv.tar,False,False,False,False,True,RAW_MISSING,False,,,4
2022-02-15T07:00:00Z,2022-02-14,POST_CONTEXT,data/raw/opensky/state_vectors/2022/date=2022-02-15/hour=07/states_2022-02-15-07.csv.tar,False,False,False,False,True,RAW_MISSING,False,,,4
2022-02-15T08:00:00Z,2022-02-14,POST_CONTEXT,data/raw/opensky/state_vectors/2022/date=2022-02-15/hour=08/states_2022-02-15-08.csv.tar,False,False,False,False,True,RAW_MISSING,False,,,4
2022-02-15T09:00:00Z,2022-02-14,POST_CONTEXT,data/raw/opensky/state_vectors/2022/date=2022-02-15/hour=09/states_2022-02-15-09.csv.tar,False,False,False,False,True,RAW_MISSING,False,,,4
2022-02-15T10:00:00Z,2022-02-14,POST_CONTEXT,data/raw/opensky/state_vectors/2022/date=2022-02-15/hour=10/states_2022-02-15-10.csv.tar,False,False,False,False,True,RAW_MISSING,False,,,4
2022-02-15T11:00:00Z,2022-02-14,POST_CONTEXT,data/raw/opensky/state_vectors/2022/date=2022-02-15/hour=11/states_2022-02-15-11.csv.tar,False,False,False,False,True,RAW_MISSING,False,,,4
2022-02-20T18:00:00Z,2022-02-21,PRE_CONTEXT,data/raw/opensky/state_vectors/2022/date=2022-02-20/hour=18/states_2022-02-20-18.csv.tar,False,False,False,False,True,RAW_MISSING,False,,,4
2022-02-20T19:00:00Z,2022-02-21,PRE_CONTEXT,data/raw/opensky/state_vectors/2022/date=2022-02-20/hour=19/states_2022-02-20-19.csv.tar,False,False,False,False,True,RAW_MISSING,False,,,4
2022-02-20T20:00:00Z,2022-02-21,PRE_CONTEXT,data/raw/opensky/state_vectors/2022/date=2022-02-20/hour=20/states_2022-02-20-20.csv.tar,False,False,False,False,True,RAW_MISSING,False,,,4
2022-02-20T21:00:00Z,2022-02-21,PRE_CONTEXT,data/raw/opensky/state_vectors/2022/date=2022-02-20/hour=21/states_2022-02-20-21.csv.tar,False,False,False,False,True,RAW_MISSING,False,,,4
2022-02-20T22:00:00Z,2022-02-21,PRE_CONTEXT,data/raw/opensky/state_vectors/2022/date=2022-02-20/hour=22/states_2022-02-20-22.csv.tar,False,False,False,False,True,RAW_MISSING,False,,,4
2022-02-20T23:00:00Z,2022-02-21,PRE_CONTEXT,data/raw/opensky/state_vectors/2022/date=2022-02-20/hour=23/states_2022-02-20-23.csv.tar,False,False,False,False,True,RAW_MISSING,False,,,4
2022-02-22T00:00:00Z,2022-02-21,POST_CONTEXT,data/raw/opensky/state_vectors/2022/date=2022-02-22/hour=00/states_2022-02-22-00.csv.tar,False,False,False,False,True,RAW_MISSING,False,,,4
2022-02-22T01:00:00Z,2022-02-21,POST_CONTEXT,data/raw/opensky/state_vectors/2022/date=2022-02-22/hour=01/states_2022-02-22-01.csv.tar,False,False,False,False,True,RAW_MISSING,False,,,4
2022-02-22T02:00:00Z,2022-02-21,POST_CONTEXT,data/raw/opensky/state_vectors/2022/date=2022-02-22/hour=02/states_2022-02-22-02.csv.tar,False,False,False,False,True,RAW_MISSING,False,,,4
2022-02-22T03:00:00Z,2022-02-21,POST_CONTEXT,data/raw/opensky/state_vectors/2022/date=2022-02-22/hour=03/states_2022-02-22-03.csv.tar,False,False,False,False,True,RAW_MISSING,False,,,4
2022-02-22T04:00:00Z,2022-02-21,POST_CONTEXT,data/raw/opensky/state_vectors/2022/date=2022-02-22/hour=04/states_2022-02-22-04.csv.tar,False,False,False,False,True,RAW_MISSING,False,,,4
2022-02-22T05:00:00Z,2022-02-21,POST_CONTEXT,data/raw/opensky/state_vectors/2022/date=2022-02-22/hour=05/states_2022-02-22-05.csv.tar,False,False,False,False,True,RAW_MISSING,False,,,4
2022-02-22T06:00:00Z,2022-02-21,POST_CONTEXT,data/raw/opensky/state_vectors/2022/date=2022-02-22/hour=06/states_2022-02-22-06.csv.tar,False,False,False,False,True,RAW_MISSING,False,,,4
2022-02-22T07:00:00Z,2022-02-21,POST_CONTEXT,data/raw/opensky/state_vectors/2022/date=2022-02-22/hour=07/states_2022-02-22-07.csv.tar,False,False,False,False,True,RAW_MISSING,False,,,4
2022-02-22T08:00:00Z,2022-02-21,POST_CONTEXT,data/raw/opensky/state_vectors/2022/date=2022-02-22/hour=08/states_2022-02-22-08.csv.tar,False,False,False,False,True,RAW_MISSING,False,,,4
2022-02-22T09:00:00Z,2022-02-21,POST_CONTEXT,data/raw/opensky/state_vectors/2022/date=2022-02-22/hour=09/states_2022-02-22-09.csv.tar,False,False,False,False,True,RAW_MISSING,False,,,4
2022-02-22T10:00:00Z,2022-02-21,POST_CONTEXT,data/raw/opensky/state_vectors/2022/date=2022-02-22/hour=10/states_2022-02-22-10.csv.tar,False,False,False,False,True,RAW_MISSING,False,,,4
2022-02-22T11:00:00Z,2022-02-21,POST_CONTEXT,data/raw/opensky/state_vectors/2022/date=2022-02-22/hour=11/states_2022-02-22-11.csv.tar,False,False,False,False,True,RAW_MISSING,False,,,4
2022-02-25T18:00:00Z,2022-02-26,PRE_CONTEXT,data/raw/opensky/state_vectors/2022/date=2022-02-25/hour=18/states_2022-02-25-18.csv.tar,False,False,False,False,True,RAW_MISSING,False,,,4
2022-02-25T19:00:00Z,2022-02-26,PRE_CONTEXT,data/raw/opensky/state_vectors/2022/date=2022-02-25/hour=19/states_2022-02-25-19.csv.tar,False,False,False,False,True,RAW_MISSING,False,,,4
2022-02-25T20:00:00Z,2022-02-26,PRE_CONTEXT,data/raw/opensky/state_vectors/2022/date=2022-02-25/hour=20/states_2022-02-25-20.csv.tar,False,False,False,False,True,RAW_MISSING,False,,,4
2022-02-25T21:00:00Z,2022-02-26,PRE_CONTEXT,data/raw/opensky/state_vectors/2022/date=2022-02-25/hour=21/states_2022-02-25-21.csv.tar,False,False,False,False,True,RAW_MISSING,False,,,4
2022-02-25T22:00:00Z,2022-02-26,PRE_CONTEXT,data/raw/opensky/state_vectors/2022/date=2022-02-25/hour=22/states_2022-02-25-22.csv.tar,False,False,False,False,True,RAW_MISSING,False,,,4
2022-02-25T23:00:00Z,2022-02-26,PRE_CONTEXT,data/raw/opensky/state_vectors/2022/date=2022-02-25/hour=23/states_2022-02-25-23.csv.tar,False,False,False,False,True,RAW_MISSING,False,,,4
2022-02-26T00:00:00Z,2022-02-26,ANCHOR_DAY,data/raw/opensky/state_vectors/2022/date=2022-02-26/hour=00/states_2022-02-26-00.csv.tar,False,False,False,False,True,RAW_MISSING,False,,,4
2022-02-26T01:00:00Z,2022-02-26,ANCHOR_DAY,data/raw/opensky/state_vectors/2022/date=2022-02-26/hour=01/states_2022-02-26-01.csv.tar,False,False,False,False,True,RAW_MISSING,False,,,4
2022-02-26T02:00:00Z,2022-02-26,ANCHOR_DAY,data/raw/opensky/state_vectors/2022/date=2022-02-26/hour=02/states_2022-02-26-02.csv.tar,False,False,False,False,True,RAW_MISSING,False,,,4
2022-02-26T03:00:00Z,2022-02-26,ANCHOR_DAY,data/raw/opensky/state_vectors/2022/date=2022-02-26/hour=03/states_2022-02-26-03.csv.tar,False,False,False,False,True,RAW_MISSING,False,,,4
2022-02-26T04:00:00Z,2022-02-26,ANCHOR_DAY,data/raw/opensky/state_vectors/2022/date=2022-02-26/hour=04/states_2022-02-26-04.csv.tar,False,False,False,False,True,RAW_MISSING,False,,,4
2022-02-26T05:00:00Z,2022-02-26,ANCHOR_DAY,data/raw/opensky/state_vectors/2022/date=2022-02-26/hour=05/states_2022-02-26-05.csv.tar,False,False,False,False,True,RAW_MISSING,False,,,4
2022-02-26T06:00:00Z,2022-02-26,ANCHOR_DAY,data/raw/opensky/state_vectors/2022/date=2022-02-26/hour=06/states_2022-02-26-06.csv.tar,False,False,False,False,True,RAW_MISSING,False,,,4
2022-02-26T07:00:00Z,2022-02-26,ANCHOR_DAY,data/raw/opensky/state_vectors/2022/date=2022-02-26/hour=07/states_2022-02-26-07.csv.tar,False,False,False,False,True,RAW_MISSING,False,,,4
2022-02-26T08:00:00Z,2022-02-26,ANCHOR_DAY,data/raw/opensky/state_vectors/2022/date=2022-02-26/hour=08/states_2022-02-26-08.csv.tar,False,False,False,False,True,RAW_MISSING,False,,,4
2022-02-26T09:00:00Z,2022-02-26,ANCHOR_DAY,data/raw/opensky/state_vectors/2022/date=2022-02-26/hour=09/states_2022-02-26-09.csv.tar,False,False,False,False,True,RAW_MISSING,False,,,4
2022-02-26T10:00:00Z,2022-02-26,ANCHOR_DAY,data/raw/opensky/state_vectors/2022/date=2022-02-26/hour=10/states_2022-02-26-10.csv.tar,False,False,False,False,True,RAW_MISSING,False,,,4
2022-02-26T11:00:00Z,2022-02-26,ANCHOR_DAY,data/raw/opensky/state_vectors/2022/date=2022-02-26/hour=11/states_2022-02-26-11.csv.tar,False,False,False,False,True,RAW_MISSING,False,,,4
2022-02-26T12:00:00Z,2022-02-26,ANCHOR_DAY,data/raw/opensky/state_vectors/2022/date=2022-02-26/hour=12/states_2022-02-26-12.csv.tar,False,False,False,False,True,RAW_MISSING,False,,,4
2022-02-26T13:00:00Z,2022-02-26,ANCHOR_DAY,data/raw/opensky/state_vectors/2022/date=2022-02-26/hour=13/states_2022-02-26-13.csv.tar,False,False,False,False,True,RAW_MISSING,False,,,4
2022-02-26T14:00:00Z,2022-02-26,ANCHOR_DAY,data/raw/opensky/state_vectors/2022/date=2022-02-26/hour=14/states_2022-02-26-14.csv.tar,False,False,False,False,True,RAW_MISSING,False,,,4
2022-02-26T15:00:00Z,2022-02-26,ANCHOR_DAY,data/raw/opensky/state_vectors/2022/date=2022-02-26/hour=15/states_2022-02-26-15.csv.tar,False,False,False,False,True,RAW_MISSING,False,,,4
2022-02-26T16:00:00Z,2022-02-26,ANCHOR_DAY,data/raw/opensky/state_vectors/2022/date=2022-02-26/hour=16/states_2022-02-26-16.csv.tar,False,False,False,False,True,RAW_MISSING,False,,,4
2022-02-26T17:00:00Z,2022-02-26,ANCHOR_DAY,data/raw/opensky/state_vectors/2022/date=2022-02-26/hour=17/states_2022-02-26-17.csv.tar,False,False,False,False,True,RAW_MISSING,False,,,4
2022-02-26T18:00:00Z,2022-02-26,ANCHOR_DAY,data/raw/opensky/state_vectors/2022/date=2022-02-26/hour=18/states_2022-02-26-18.csv.tar,False,False,False,False,True,RAW_MISSING,False,,,4
2022-02-26T19:00:00Z,2022-02-26,ANCHOR_DAY,data/raw/opensky/state_vectors/2022/date=2022-02-26/hour=19/states_2022-02-26-19.csv.tar,False,False,False,False,True,RAW_MISSING,False,,,4
2022-02-26T20:00:00Z,2022-02-26,ANCHOR_DAY,data/raw/opensky/state_vectors/2022/date=2022-02-26/hour=20/states_2022-02-26-20.csv.tar,False,False,False,False,True,RAW_MISSING,False,,,4
2022-02-26T21:00:00Z,2022-02-26,ANCHOR_DAY,data/raw/opensky/state_vectors/2022/date=2022-02-26/hour=21/states_2022-02-26-21.csv.tar,False,False,False,False,True,RAW_MISSING,False,,,4
2022-02-26T22:00:00Z,2022-02-26,ANCHOR_DAY,data/raw/opensky/state_vectors/2022/date=2022-02-26/hour=22/states_2022-02-26-22.csv.tar,False,False,False,False,True,RAW_MISSING,False,,,4
2022-02-26T23:00:00Z,2022-02-26,ANCHOR_DAY,data/raw/opensky/state_vectors/2022/date=2022-02-26/hour=23/states_2022-02-26-23.csv.tar,False,False,False,False,True,RAW_MISSING,False,,,4
2022-02-27T00:00:00Z,2022-02-26,POST_CONTEXT,data/raw/opensky/state_vectors/2022/date=2022-02-27/hour=00/states_2022-02-27-00.csv.tar,False,False,False,False,True,RAW_MISSING,False,,,4
2022-02-27T01:00:00Z,2022-02-26,POST_CONTEXT,data/raw/opensky/state_vectors/2022/date=2022-02-27/hour=01/states_2022-02-27-01.csv.tar,False,False,False,False,True,RAW_MISSING,False,,,4
2022-02-27T02:00:00Z,2022-02-26,POST_CONTEXT,data/raw/opensky/state_vectors/2022/date=2022-02-27/hour=02/states_2022-02-27-02.csv.tar,False,False,False,False,True,RAW_MISSING,False,,,4
2022-02-27T03:00:00Z,2022-02-26,POST_CONTEXT,data/raw/opensky/state_vectors/2022/date=2022-02-27/hour=03/states_2022-02-27-03.csv.tar,False,False,False,False,True,RAW_MISSING,False,,,4
2022-02-27T04:00:00Z,2022-02-26,POST_CONTEXT,data/raw/opensky/state_vectors/2022/date=2022-02-27/hour=04/states_2022-02-27-04.csv.tar,False,False,False,False,True,RAW_MISSING,False,,,4
2022-02-27T05:00:00Z,2022-02-26,POST_CONTEXT,data/raw/opensky/state_vectors/2022/date=2022-02-27/hour=05/states_2022-02-27-05.csv.tar,False,False,False,False,True,RAW_MISSING,False,,,4
2022-02-27T06:00:00Z,2022-02-26,POST_CONTEXT,data/raw/opensky/state_vectors/2022/date=2022-02-27/hour=06/states_2022-02-27-06.csv.tar,False,False,False,False,True,RAW_MISSING,False,,,4
2022-02-27T07:00:00Z,2022-02-26,POST_CONTEXT,data/raw/opensky/state_vectors/2022/date=2022-02-27/hour=07/states_2022-02-27-07.csv.tar,False,False,False,False,True,RAW_MISSING,False,,,4
2022-02-27T08:00:00Z,2022-02-26,POST_CONTEXT,data/raw/opensky/state_vectors/2022/date=2022-02-27/hour=08/states_2022-02-27-08.csv.tar,False,False,False,False,True,RAW_MISSING,False,,,4
2022-02-27T09:00:00Z,2022-02-26,POST_CONTEXT,data/raw/opensky/state_vectors/2022/date=2022-02-27/hour=09/states_2022-02-27-09.csv.tar,False,False,False,False,True,RAW_MISSING,False,,,4
2022-02-27T10:00:00Z,2022-02-26,POST_CONTEXT,data/raw/opensky/state_vectors/2022/date=2022-02-27/hour=10/states_2022-02-27-10.csv.tar,False,False,False,False,True,RAW_MISSING,False,,,4
2022-02-27T11:00:00Z,2022-02-26,POST_CONTEXT,data/raw/opensky/state_vectors/2022/date=2022-02-27/hour=11/states_2022-02-27-11.csv.tar,False,False,False,False,True,RAW_MISSING,False,,,4
2022-02-27T18:00:00Z,2022-02-28,PRE_CONTEXT,data/raw/opensky/state_vectors/2022/date=2022-02-27/hour=18/states_2022-02-27-18.csv.tar,False,False,False,False,True,RAW_MISSING,False,,,4
2022-02-27T19:00:00Z,2022-02-28,PRE_CONTEXT,data/raw/opensky/state_vectors/2022/date=2022-02-27/hour=19/states_2022-02-27-19.csv.tar,False,False,False,False,True,RAW_MISSING,False,,,4
2022-02-27T20:00:00Z,2022-02-28,PRE_CONTEXT,data/raw/opensky/state_vectors/2022/date=2022-02-27/hour=20/states_2022-02-27-20.csv.tar,False,False,False,False,True,RAW_MISSING,False,,,4
2022-02-27T21:00:00Z,2022-02-28,PRE_CONTEXT,data/raw/opensky/state_vectors/2022/date=2022-02-27/hour=21/states_2022-02-27-21.csv.tar,False,False,False,False,True,RAW_MISSING,False,,,4
2022-02-27T22:00:00Z,2022-02-28,PRE_CONTEXT,data/raw/opensky/state_vectors/2022/date=2022-02-27/hour=22/states_2022-02-27-22.csv.tar,False,False,False,False,True,RAW_MISSING,False,,,4
2022-02-27T23:00:00Z,2022-02-28,PRE_CONTEXT,data/raw/opensky/state_vectors/2022/date=2022-02-27/hour=23/states_2022-02-27-23.csv.tar,False,False,False,False,True,RAW_MISSING,False,,,4
2022-03-01T00:00:00Z,2022-02-28,POST_CONTEXT,data/raw/opensky/state_vectors/2022/date=2022-03-01/hour=00/states_2022-03-01-00.csv.tar,False,False,False,False,True,RAW_MISSING,False,,,4
2022-03-01T01:00:00Z,2022-02-28,POST_CONTEXT,data/raw/opensky/state_vectors/2022/date=2022-03-01/hour=01/states_2022-03-01-01.csv.tar,False,False,False,False,True,RAW_MISSING,False,,,4
2022-03-01T02:00:00Z,2022-02-28,POST_CONTEXT,data/raw/opensky/state_vectors/2022/date=2022-03-01/hour=02/states_2022-03-01-02.csv.tar,False,False,False,False,True,RAW_MISSING,False,,,4
2022-03-01T03:00:00Z,2022-02-28,POST_CONTEXT,data/raw/opensky/state_vectors/2022/date=2022-03-01/hour=03/states_2022-03-01-03.csv.tar,False,False,False,False,True,RAW_MISSING,False,,,4
2022-03-01T04:00:00Z,2022-02-28,POST_CONTEXT,data/raw/opensky/state_vectors/2022/date=2022-03-01/hour=04/states_2022-03-01-04.csv.tar,False,False,False,False,True,RAW_MISSING,False,,,4
2022-03-01T05:00:00Z,2022-02-28,POST_CONTEXT,data/raw/opensky/state_vectors/2022/date=2022-03-01/hour=05/states_2022-03-01-05.csv.tar,False,False,False,False,True,RAW_MISSING,False,,,4
2022-03-01T06:00:00Z,2022-02-28,POST_CONTEXT,data/raw/opensky/state_vectors/2022/date=2022-03-01/hour=06/states_2022-03-01-06.csv.tar,False,False,False,False,True,RAW_MISSING,False,,,4
2022-03-01T07:00:00Z,2022-02-28,POST_CONTEXT,data/raw/opensky/state_vectors/2022/date=2022-03-01/hour=07/states_2022-03-01-07.csv.tar,False,False,False,False,True,RAW_MISSING,False,,,4
2022-03-01T08:00:00Z,2022-02-28,POST_CONTEXT,data/raw/opensky/state_vectors/2022/date=2022-03-01/hour=08/states_2022-03-01-08.csv.tar,False,False,False,False,True,RAW_MISSING,False,,,4
2022-03-01T09:00:00Z,2022-02-28,POST_CONTEXT,data/raw/opensky/state_vectors/2022/date=2022-03-01/hour=09/states_2022-03-01-09.csv.tar,False,False,False,False,True,RAW_MISSING,False,,,4
2022-03-01T10:00:00Z,2022-02-28,POST_CONTEXT,data/raw/opensky/state_vectors/2022/date=2022-03-01/hour=10/states_2022-03-01-10.csv.tar,False,False,False,False,True,RAW_MISSING,False,,,4
2022-03-01T11:00:00Z,2022-02-28,POST_CONTEXT,data/raw/opensky/state_vectors/2022/date=2022-03-01/hour=11/states_2022-03-01-11.csv.tar,False,False,False,False,True,RAW_MISSING,False,,,4
2022-03-06T18:00:00Z,2022-03-07,PRE_CONTEXT,data/raw/opensky/state_vectors/2022/date=2022-03-06/hour=18/states_2022-03-06-18.csv.tar,False,False,False,False,True,RAW_MISSING,False,,,4
2022-03-06T19:00:00Z,2022-03-07,PRE_CONTEXT,data/raw/opensky/state_vectors/2022/date=2022-03-06/hour=19/states_2022-03-06-19.csv.tar,False,False,False,False,True,RAW_MISSING,False,,,4
2022-03-06T20:00:00Z,2022-03-07,PRE_CONTEXT,data/raw/opensky/state_vectors/2022/date=2022-03-06/hour=20/states_2022-03-06-20.csv.tar,False,False,False,False,True,RAW_MISSING,False,,,4
2022-03-06T21:00:00Z,2022-03-07,PRE_CONTEXT,data/raw/opensky/state_vectors/2022/date=2022-03-06/hour=21/states_2022-03-06-21.csv.tar,False,False,False,False,True,RAW_MISSING,False,,,4
2022-03-06T22:00:00Z,2022-03-07,PRE_CONTEXT,data/raw/opensky/state_vectors/2022/date=2022-03-06/hour=22/states_2022-03-06-22.csv.tar,False,False,False,False,True,RAW_MISSING,False,,,4
2022-03-06T23:00:00Z,2022-03-07,PRE_CONTEXT,data/raw/opensky/state_vectors/2022/date=2022-03-06/hour=23/states_2022-03-06-23.csv.tar,False,False,False,False,True,RAW_MISSING,False,,,4
2022-03-08T00:00:00Z,2022-03-07,POST_CONTEXT,data/raw/opensky/state_vectors/2022/date=2022-03-08/hour=00/states_2022-03-08-00.csv.tar,False,False,False,False,True,RAW_MISSING,False,,,4
2022-03-08T01:00:00Z,2022-03-07,POST_CONTEXT,data/raw/opensky/state_vectors/2022/date=2022-03-08/hour=01/states_2022-03-08-01.csv.tar,False,False,False,False,True,RAW_MISSING,False,,,4
2022-03-08T02:00:00Z,2022-03-07,POST_CONTEXT,data/raw/opensky/state_vectors/2022/date=2022-03-08/hour=02/states_2022-03-08-02.csv.tar,False,False,False,False,True,RAW_MISSING,False,,,4
2022-03-08T03:00:00Z,2022-03-07,POST_CONTEXT,data/raw/opensky/state_vectors/2022/date=2022-03-08/hour=03/states_2022-03-08-03.csv.tar,False,False,False,False,True,RAW_MISSING,False,,,4
2022-03-08T04:00:00Z,2022-03-07,POST_CONTEXT,data/raw/opensky/state_vectors/2022/date=2022-03-08/hour=04/states_2022-03-08-04.csv.tar,False,False,False,False,True,RAW_MISSING,False,,,4
2022-03-08T05:00:00Z,2022-03-07,POST_CONTEXT,data/raw/opensky/state_vectors/2022/date=2022-03-08/hour=05/states_2022-03-08-05.csv.tar,False,False,False,False,True,RAW_MISSING,False,,,4
2022-03-08T06:00:00Z,2022-03-07,POST_CONTEXT,data/raw/opensky/state_vectors/2022/date=2022-03-08/hour=06/states_2022-03-08-06.csv.tar,False,False,False,False,True,RAW_MISSING,False,,,4
2022-03-08T07:00:00Z,2022-03-07,POST_CONTEXT,data/raw/opensky/state_vectors/2022/date=2022-03-08/hour=07/states_2022-03-08-07.csv.tar,False,False,False,False,True,RAW_MISSING,False,,,4
2022-03-08T08:00:00Z,2022-03-07,POST_CONTEXT,data/raw/opensky/state_vectors/2022/date=2022-03-08/hour=08/states_2022-03-08-08.csv.tar,False,False,False,False,True,RAW_MISSING,False,,,4
2022-03-08T09:00:00Z,2022-03-07,POST_CONTEXT,data/raw/opensky/state_vectors/2022/date=2022-03-08/hour=09/states_2022-03-08-09.csv.tar,False,False,False,False,True,RAW_MISSING,False,,,4
2022-03-08T10:00:00Z,2022-03-07,POST_CONTEXT,data/raw/opensky/state_vectors/2022/date=2022-03-08/hour=10/states_2022-03-08-10.csv.tar,False,False,False,False,True,RAW_MISSING,False,,,4
2022-03-08T11:00:00Z,2022-03-07,POST_CONTEXT,data/raw/opensky/state_vectors/2022/date=2022-03-08/hour=11/states_2022-03-08-11.csv.tar,False,False,False,False,True,RAW_MISSING,False,,,4
2022-03-11T18:00:00Z,2022-03-12,PRE_CONTEXT,data/raw/opensky/state_vectors/2022/date=2022-03-11/hour=18/states_2022-03-11-18.csv.tar,False,False,False,False,True,RAW_MISSING,False,,,4
2022-03-11T19:00:00Z,2022-03-12,PRE_CONTEXT,data/raw/opensky/state_vectors/2022/date=2022-03-11/hour=19/states_2022-03-11-19.csv.tar,False,False,False,False,True,RAW_MISSING,False,,,4
2022-03-11T20:00:00Z,2022-03-12,PRE_CONTEXT,data/raw/opensky/state_vectors/2022/date=2022-03-11/hour=20/states_2022-03-11-20.csv.tar,False,False,False,False,True,RAW_MISSING,False,,,4
2022-03-11T21:00:00Z,2022-03-12,PRE_CONTEXT,data/raw/opensky/state_vectors/2022/date=2022-03-11/hour=21/states_2022-03-11-21.csv.tar,False,False,False,False,True,RAW_MISSING,False,,,4
2022-03-11T22:00:00Z,2022-03-12,PRE_CONTEXT,data/raw/opensky/state_vectors/2022/date=2022-03-11/hour=22/states_2022-03-11-22.csv.tar,False,False,False,False,True,RAW_MISSING,False,,,4
2022-03-11T23:00:00Z,2022-03-12,PRE_CONTEXT,data/raw/opensky/state_vectors/2022/date=2022-03-11/hour=23/states_2022-03-11-23.csv.tar,False,False,False,False,True,RAW_MISSING,False,,,4
2022-03-12T00:00:00Z,2022-03-12,ANCHOR_DAY,data/raw/opensky/state_vectors/2022/date=2022-03-12/hour=00/states_2022-03-12-00.csv.tar,False,False,False,False,True,RAW_MISSING,False,,,4
2022-03-12T01:00:00Z,2022-03-12,ANCHOR_DAY,data/raw/opensky/state_vectors/2022/date=2022-03-12/hour=01/states_2022-03-12-01.csv.tar,False,False,False,False,True,RAW_MISSING,False,,,4
2022-03-12T02:00:00Z,2022-03-12,ANCHOR_DAY,data/raw/opensky/state_vectors/2022/date=2022-03-12/hour=02/states_2022-03-12-02.csv.tar,False,False,False,False,True,RAW_MISSING,False,,,4
2022-03-12T03:00:00Z,2022-03-12,ANCHOR_DAY,data/raw/opensky/state_vectors/2022/date=2022-03-12/hour=03/states_2022-03-12-03.csv.tar,False,False,False,False,True,RAW_MISSING,False,,,4
2022-03-12T04:00:00Z,2022-03-12,ANCHOR_DAY,data/raw/opensky/state_vectors/2022/date=2022-03-12/hour=04/states_2022-03-12-04.csv.tar,False,False,False,False,True,RAW_MISSING,False,,,4
2022-03-12T05:00:00Z,2022-03-12,ANCHOR_DAY,data/raw/opensky/state_vectors/2022/date=2022-03-12/hour=05/states_2022-03-12-05.csv.tar,False,False,False,False,True,RAW_MISSING,False,,,4
2022-03-12T06:00:00Z,2022-03-12,ANCHOR_DAY,data/raw/opensky/state_vectors/2022/date=2022-03-12/hour=06/states_2022-03-12-06.csv.tar,False,False,False,False,True,RAW_MISSING,False,,,4
2022-03-12T07:00:00Z,2022-03-12,ANCHOR_DAY,data/raw/opensky/state_vectors/2022/date=2022-03-12/hour=07/states_2022-03-12-07.csv.tar,False,False,False,False,True,RAW_MISSING,False,,,4
2022-03-12T08:00:00Z,2022-03-12,ANCHOR_DAY,data/raw/opensky/state_vectors/2022/date=2022-03-12/hour=08/states_2022-03-12-08.csv.tar,False,False,False,False,True,RAW_MISSING,False,,,4
2022-03-12T09:00:00Z,2022-03-12,ANCHOR_DAY,data/raw/opensky/state_vectors/2022/date=2022-03-12/hour=09/states_2022-03-12-09.csv.tar,False,False,False,False,True,RAW_MISSING,False,,,4
2022-03-12T10:00:00Z,2022-03-12,ANCHOR_DAY,data/raw/opensky/state_vectors/2022/date=2022-03-12/hour=10/states_2022-03-12-10.csv.tar,False,False,False,False,True,RAW_MISSING,False,,,4
2022-03-12T11:00:00Z,2022-03-12,ANCHOR_DAY,data/raw/opensky/state_vectors/2022/date=2022-03-12/hour=11/states_2022-03-12-11.csv.tar,False,False,False,False,True,RAW_MISSING,False,,,4
2022-03-12T12:00:00Z,2022-03-12,ANCHOR_DAY,data/raw/opensky/state_vectors/2022/date=2022-03-12/hour=12/states_2022-03-12-12.csv.tar,False,False,False,False,True,RAW_MISSING,False,,,4
2022-03-12T13:00:00Z,2022-03-12,ANCHOR_DAY,data/raw/opensky/state_vectors/2022/date=2022-03-12/hour=13/states_2022-03-12-13.csv.tar,False,False,False,False,True,RAW_MISSING,False,,,4
2022-03-12T14:00:00Z,2022-03-12,ANCHOR_DAY,data/raw/opensky/state_vectors/2022/date=2022-03-12/hour=14/states_2022-03-12-14.csv.tar,False,False,False,False,True,RAW_MISSING,False,,,4
2022-03-12T15:00:00Z,2022-03-12,ANCHOR_DAY,data/raw/opensky/state_vectors/2022/date=2022-03-12/hour=15/states_2022-03-12-15.csv.tar,False,False,False,False,True,RAW_MISSING,False,,,4
2022-03-12T16:00:00Z,2022-03-12,ANCHOR_DAY,data/raw/opensky/state_vectors/2022/date=2022-03-12/hour=16/states_2022-03-12-16.csv.tar,False,False,False,False,True,RAW_MISSING,False,,,4
2022-03-12T17:00:00Z,2022-03-12,ANCHOR_DAY,data/raw/opensky/state_vectors/2022/date=2022-03-12/hour=17/states_2022-03-12-17.csv.tar,False,False,False,False,True,RAW_MISSING,False,,,4
2022-03-12T18:00:00Z,2022-03-12,ANCHOR_DAY,data/raw/opensky/state_vectors/2022/date=2022-03-12/hour=18/states_2022-03-12-18.csv.tar,False,False,False,False,True,RAW_MISSING,False,,,4
2022-03-12T19:00:00Z,2022-03-12,ANCHOR_DAY,data/raw/opensky/state_vectors/2022/date=2022-03-12/hour=19/states_2022-03-12-19.csv.tar,False,False,False,False,True,RAW_MISSING,False,,,4
2022-03-12T20:00:00Z,2022-03-12,ANCHOR_DAY,data/raw/opensky/state_vectors/2022/date=2022-03-12/hour=20/states_2022-03-12-20.csv.tar,False,False,False,False,True,RAW_MISSING,False,,,4
2022-03-12T21:00:00Z,2022-03-12,ANCHOR_DAY,data/raw/opensky/state_vectors/2022/date=2022-03-12/hour=21/states_2022-03-12-21.csv.tar,False,False,False,False,True,RAW_MISSING,False,,,4
2022-03-12T22:00:00Z,2022-03-12,ANCHOR_DAY,data/raw/opensky/state_vectors/2022/date=2022-03-12/hour=22/states_2022-03-12-22.csv.tar,False,False,False,False,True,RAW_MISSING,False,,,4
2022-03-12T23:00:00Z,2022-03-12,ANCHOR_DAY,data/raw/opensky/state_vectors/2022/date=2022-03-12/hour=23/states_2022-03-12-23.csv.tar,False,False,False,False,True,RAW_MISSING,False,,,4
2022-03-13T00:00:00Z,2022-03-12,POST_CONTEXT,data/raw/opensky/state_vectors/2022/date=2022-03-13/hour=00/states_2022-03-13-00.csv.tar,False,False,False,False,True,RAW_MISSING,False,,,4
2022-03-13T01:00:00Z,2022-03-12,POST_CONTEXT,data/raw/opensky/state_vectors/2022/date=2022-03-13/hour=01/states_2022-03-13-01.csv.tar,False,False,False,False,True,RAW_MISSING,False,,,4
2022-03-13T02:00:00Z,2022-03-12,POST_CONTEXT,data/raw/opensky/state_vectors/2022/date=2022-03-13/hour=02/states_2022-03-13-02.csv.tar,False,False,False,False,True,RAW_MISSING,False,,,4
2022-03-13T03:00:00Z,2022-03-12,POST_CONTEXT,data/raw/opensky/state_vectors/2022/date=2022-03-13/hour=03/states_2022-03-13-03.csv.tar,False,False,False,False,True,RAW_MISSING,False,,,4
2022-03-13T04:00:00Z,2022-03-12,POST_CONTEXT,data/raw/opensky/state_vectors/2022/date=2022-03-13/hour=04/states_2022-03-13-04.csv.tar,False,False,False,False,True,RAW_MISSING,False,,,4
2022-03-13T05:00:00Z,2022-03-12,POST_CONTEXT,data/raw/opensky/state_vectors/2022/date=2022-03-13/hour=05/states_2022-03-13-05.csv.tar,False,False,False,False,True,RAW_MISSING,False,,,4
2022-03-13T06:00:00Z,2022-03-12,POST_CONTEXT,data/raw/opensky/state_vectors/2022/date=2022-03-13/hour=06/states_2022-03-13-06.csv.tar,False,False,False,False,True,RAW_MISSING,False,,,4
2022-03-13T07:00:00Z,2022-03-12,POST_CONTEXT,data/raw/opensky/state_vectors/2022/date=2022-03-13/hour=07/states_2022-03-13-07.csv.tar,False,False,False,False,True,RAW_MISSING,False,,,4
2022-03-13T08:00:00Z,2022-03-12,POST_CONTEXT,data/raw/opensky/state_vectors/2022/date=2022-03-13/hour=08/states_2022-03-13-08.csv.tar,False,False,False,False,True,RAW_MISSING,False,,,4
2022-03-13T09:00:00Z,2022-03-12,POST_CONTEXT,data/raw/opensky/state_vectors/2022/date=2022-03-13/hour=09/states_2022-03-13-09.csv.tar,False,False,False,False,True,RAW_MISSING,False,,,4
2022-03-13T10:00:00Z,2022-03-12,POST_CONTEXT,data/raw/opensky/state_vectors/2022/date=2022-03-13/hour=10/states_2022-03-13-10.csv.tar,False,False,False,False,True,RAW_MISSING,False,,,4
2022-03-13T11:00:00Z,2022-03-12,POST_CONTEXT,data/raw/opensky/state_vectors/2022/date=2022-03-13/hour=11/states_2022-03-13-11.csv.tar,False,False,False,False,True,RAW_MISSING,False,,,4
2022-03-13T18:00:00Z,2022-03-14,PRE_CONTEXT,data/raw/opensky/state_vectors/2022/date=2022-03-13/hour=18/states_2022-03-13-18.csv.tar,False,False,False,False,True,RAW_MISSING,False,,,4
2022-03-13T19:00:00Z,2022-03-14,PRE_CONTEXT,data/raw/opensky/state_vectors/2022/date=2022-03-13/hour=19/states_2022-03-13-19.csv.tar,False,False,False,False,True,RAW_MISSING,False,,,4
2022-03-13T20:00:00Z,2022-03-14,PRE_CONTEXT,data/raw/opensky/state_vectors/2022/date=2022-03-13/hour=20/states_2022-03-13-20.csv.tar,False,False,False,False,True,RAW_MISSING,False,,,4
2022-03-13T21:00:00Z,2022-03-14,PRE_CONTEXT,data/raw/opensky/state_vectors/2022/date=2022-03-13/hour=21/states_2022-03-13-21.csv.tar,False,False,False,False,True,RAW_MISSING,False,,,4
2022-03-13T22:00:00Z,2022-03-14,PRE_CONTEXT,data/raw/opensky/state_vectors/2022/date=2022-03-13/hour=22/states_2022-03-13-22.csv.tar,False,False,False,False,True,RAW_MISSING,False,,,4
2022-03-13T23:00:00Z,2022-03-14,PRE_CONTEXT,data/raw/opensky/state_vectors/2022/date=2022-03-13/hour=23/states_2022-03-13-23.csv.tar,False,False,False,False,True,RAW_MISSING,False,,,4
2022-03-15T00:00:00Z,2022-03-14,POST_CONTEXT,data/raw/opensky/state_vectors/2022/date=2022-03-15/hour=00/states_2022-03-15-00.csv.tar,False,False,False,False,True,RAW_MISSING,False,,,4
2022-03-15T01:00:00Z,2022-03-14,POST_CONTEXT,data/raw/opensky/state_vectors/2022/date=2022-03-15/hour=01/states_2022-03-15-01.csv.tar,False,False,False,False,True,RAW_MISSING,False,,,4
2022-03-15T02:00:00Z,2022-03-14,POST_CONTEXT,data/raw/opensky/state_vectors/2022/date=2022-03-15/hour=02/states_2022-03-15-02.csv.tar,False,False,False,False,True,RAW_MISSING,False,,,4
2022-03-15T03:00:00Z,2022-03-14,POST_CONTEXT,data/raw/opensky/state_vectors/2022/date=2022-03-15/hour=03/states_2022-03-15-03.csv.tar,False,False,False,False,True,RAW_MISSING,False,,,4
2022-03-15T04:00:00Z,2022-03-14,POST_CONTEXT,data/raw/opensky/state_vectors/2022/date=2022-03-15/hour=04/states_2022-03-15-04.csv.tar,False,False,False,False,True,RAW_MISSING,False,,,4
2022-03-15T05:00:00Z,2022-03-14,POST_CONTEXT,data/raw/opensky/state_vectors/2022/date=2022-03-15/hour=05/states_2022-03-15-05.csv.tar,False,False,False,False,True,RAW_MISSING,False,,,4
2022-03-15T06:00:00Z,2022-03-14,POST_CONTEXT,data/raw/opensky/state_vectors/2022/date=2022-03-15/hour=06/states_2022-03-15-06.csv.tar,False,False,False,False,True,RAW_MISSING,False,,,4
2022-03-15T07:00:00Z,2022-03-14,POST_CONTEXT,data/raw/opensky/state_vectors/2022/date=2022-03-15/hour=07/states_2022-03-15-07.csv.tar,False,False,False,False,True,RAW_MISSING,False,,,4
2022-03-15T08:00:00Z,2022-03-14,POST_CONTEXT,data/raw/opensky/state_vectors/2022/date=2022-03-15/hour=08/states_2022-03-15-08.csv.tar,False,False,False,False,True,RAW_MISSING,False,,,4
2022-03-15T09:00:00Z,2022-03-14,POST_CONTEXT,data/raw/opensky/state_vectors/2022/date=2022-03-15/hour=09/states_2022-03-15-09.csv.tar,False,False,False,False,True,RAW_MISSING,False,,,4
2022-03-15T10:00:00Z,2022-03-14,POST_CONTEXT,data/raw/opensky/state_vectors/2022/date=2022-03-15/hour=10/states_2022-03-15-10.csv.tar,False,False,False,False,True,RAW_MISSING,False,,,4
2022-03-15T11:00:00Z,2022-03-14,POST_CONTEXT,data/raw/opensky/state_vectors/2022/date=2022-03-15/hour=11/states_2022-03-15-11.csv.tar,False,False,False,False,True,RAW_MISSING,False,,,4
2022-03-20T18:00:00Z,2022-03-21,PRE_CONTEXT,data/raw/opensky/state_vectors/2022/date=2022-03-20/hour=18/states_2022-03-20-18.csv.tar,False,False,False,False,True,RAW_MISSING,False,,,4
2022-03-20T19:00:00Z,2022-03-21,PRE_CONTEXT,data/raw/opensky/state_vectors/2022/date=2022-03-20/hour=19/states_2022-03-20-19.csv.tar,False,False,False,False,True,RAW_MISSING,False,,,4
2022-03-20T20:00:00Z,2022-03-21,PRE_CONTEXT,data/raw/opensky/state_vectors/2022/date=2022-03-20/hour=20/states_2022-03-20-20.csv.tar,False,False,False,False,True,RAW_MISSING,False,,,4
2022-03-20T21:00:00Z,2022-03-21,PRE_CONTEXT,data/raw/opensky/state_vectors/2022/date=2022-03-20/hour=21/states_2022-03-20-21.csv.tar,False,False,False,False,True,RAW_MISSING,False,,,4
2022-03-20T22:00:00Z,2022-03-21,PRE_CONTEXT,data/raw/opensky/state_vectors/2022/date=2022-03-20/hour=22/states_2022-03-20-22.csv.tar,False,False,False,False,True,RAW_MISSING,False,,,4
2022-03-20T23:00:00Z,2022-03-21,PRE_CONTEXT,data/raw/opensky/state_vectors/2022/date=2022-03-20/hour=23/states_2022-03-20-23.csv.tar,False,False,False,False,True,RAW_MISSING,False,,,4
2022-03-22T00:00:00Z,2022-03-21,POST_CONTEXT,data/raw/opensky/state_vectors/2022/date=2022-03-22/hour=00/states_2022-03-22-00.csv.tar,False,False,False,False,True,RAW_MISSING,False,,,4
2022-03-22T01:00:00Z,2022-03-21,POST_CONTEXT,data/raw/opensky/state_vectors/2022/date=2022-03-22/hour=01/states_2022-03-22-01.csv.tar,False,False,False,False,True,RAW_MISSING,False,,,4
2022-03-22T02:00:00Z,2022-03-21,POST_CONTEXT,data/raw/opensky/state_vectors/2022/date=2022-03-22/hour=02/states_2022-03-22-02.csv.tar,False,False,False,False,True,RAW_MISSING,False,,,4
2022-03-22T03:00:00Z,2022-03-21,POST_CONTEXT,data/raw/opensky/state_vectors/2022/date=2022-03-22/hour=03/states_2022-03-22-03.csv.tar,False,False,False,False,True,RAW_MISSING,False,,,4
2022-03-22T04:00:00Z,2022-03-21,POST_CONTEXT,data/raw/opensky/state_vectors/2022/date=2022-03-22/hour=04/states_2022-03-22-04.csv.tar,False,False,False,False,True,RAW_MISSING,False,,,4
2022-03-22T05:00:00Z,2022-03-21,POST_CONTEXT,data/raw/opensky/state_vectors/2022/date=2022-03-22/hour=05/states_2022-03-22-05.csv.tar,False,False,False,False,True,RAW_MISSING,False,,,4
2022-03-22T06:00:00Z,2022-03-21,POST_CONTEXT,data/raw/opensky/state_vectors/2022/date=2022-03-22/hour=06/states_2022-03-22-06.csv.tar,False,False,False,False,True,RAW_MISSING,False,,,4
2022-03-22T07:00:00Z,2022-03-21,POST_CONTEXT,data/raw/opensky/state_vectors/2022/date=2022-03-22/hour=07/states_2022-03-22-07.csv.tar,False,False,False,False,True,RAW_MISSING,False,,,4
2022-03-22T08:00:00Z,2022-03-21,POST_CONTEXT,data/raw/opensky/state_vectors/2022/date=2022-03-22/hour=08/states_2022-03-22-08.csv.tar,False,False,False,False,True,RAW_MISSING,False,,,4
2022-03-22T09:00:00Z,2022-03-21,POST_CONTEXT,data/raw/opensky/state_vectors/2022/date=2022-03-22/hour=09/states_2022-03-22-09.csv.tar,False,False,False,False,True,RAW_MISSING,False,,,4
2022-03-22T10:00:00Z,2022-03-21,POST_CONTEXT,data/raw/opensky/state_vectors/2022/date=2022-03-22/hour=10/states_2022-03-22-10.csv.tar,False,False,False,False,True,RAW_MISSING,False,,,4
2022-03-22T11:00:00Z,2022-03-21,POST_CONTEXT,data/raw/opensky/state_vectors/2022/date=2022-03-22/hour=11/states_2022-03-22-11.csv.tar,False,False,False,False,True,RAW_MISSING,False,,,4
2022-03-25T18:00:00Z,2022-03-26,PRE_CONTEXT,data/raw/opensky/state_vectors/2022/date=2022-03-25/hour=18/states_2022-03-25-18.csv.tar,False,False,False,False,True,RAW_MISSING,False,,,4
2022-03-25T19:00:00Z,2022-03-26,PRE_CONTEXT,data/raw/opensky/state_vectors/2022/date=2022-03-25/hour=19/states_2022-03-25-19.csv.tar,False,False,False,False,True,RAW_MISSING,False,,,4
2022-03-25T20:00:00Z,2022-03-26,PRE_CONTEXT,data/raw/opensky/state_vectors/2022/date=2022-03-25/hour=20/states_2022-03-25-20.csv.tar,False,False,False,False,True,RAW_MISSING,False,,,4
2022-03-25T21:00:00Z,2022-03-26,PRE_CONTEXT,data/raw/opensky/state_vectors/2022/date=2022-03-25/hour=21/states_2022-03-25-21.csv.tar,False,False,False,False,True,RAW_MISSING,False,,,4
2022-03-25T22:00:00Z,2022-03-26,PRE_CONTEXT,data/raw/opensky/state_vectors/2022/date=2022-03-25/hour=22/states_2022-03-25-22.csv.tar,False,False,False,False,True,RAW_MISSING,False,,,4
2022-03-25T23:00:00Z,2022-03-26,PRE_CONTEXT,data/raw/opensky/state_vectors/2022/date=2022-03-25/hour=23/states_2022-03-25-23.csv.tar,False,False,False,False,True,RAW_MISSING,False,,,4
2022-03-26T00:00:00Z,2022-03-26,ANCHOR_DAY,data/raw/opensky/state_vectors/2022/date=2022-03-26/hour=00/states_2022-03-26-00.csv.tar,False,False,False,False,True,RAW_MISSING,False,,,4
2022-03-26T01:00:00Z,2022-03-26,ANCHOR_DAY,data/raw/opensky/state_vectors/2022/date=2022-03-26/hour=01/states_2022-03-26-01.csv.tar,False,False,False,False,True,RAW_MISSING,False,,,4
2022-03-26T02:00:00Z,2022-03-26,ANCHOR_DAY,data/raw/opensky/state_vectors/2022/date=2022-03-26/hour=02/states_2022-03-26-02.csv.tar,False,False,False,False,True,RAW_MISSING,False,,,4
2022-03-26T03:00:00Z,2022-03-26,ANCHOR_DAY,data/raw/opensky/state_vectors/2022/date=2022-03-26/hour=03/states_2022-03-26-03.csv.tar,False,False,False,False,True,RAW_MISSING,False,,,4
2022-03-26T04:00:00Z,2022-03-26,ANCHOR_DAY,data/raw/opensky/state_vectors/2022/date=2022-03-26/hour=04/states_2022-03-26-04.csv.tar,False,False,False,False,True,RAW_MISSING,False,,,4
2022-03-26T05:00:00Z,2022-03-26,ANCHOR_DAY,data/raw/opensky/state_vectors/2022/date=2022-03-26/hour=05/states_2022-03-26-05.csv.tar,False,False,False,False,True,RAW_MISSING,False,,,4
2022-03-26T06:00:00Z,2022-03-26,ANCHOR_DAY,data/raw/opensky/state_vectors/2022/date=2022-03-26/hour=06/states_2022-03-26-06.csv.tar,False,False,False,False,True,RAW_MISSING,False,,,4
2022-03-26T07:00:00Z,2022-03-26,ANCHOR_DAY,data/raw/opensky/state_vectors/2022/date=2022-03-26/hour=07/states_2022-03-26-07.csv.tar,False,False,False,False,True,RAW_MISSING,False,,,4
2022-03-26T08:00:00Z,2022-03-26,ANCHOR_DAY,data/raw/opensky/state_vectors/2022/date=2022-03-26/hour=08/states_2022-03-26-08.csv.tar,False,False,False,False,True,RAW_MISSING,False,,,4
2022-03-26T09:00:00Z,2022-03-26,ANCHOR_DAY,data/raw/opensky/state_vectors/2022/date=2022-03-26/hour=09/states_2022-03-26-09.csv.tar,False,False,False,False,True,RAW_MISSING,False,,,4
2022-03-26T10:00:00Z,2022-03-26,ANCHOR_DAY,data/raw/opensky/state_vectors/2022/date=2022-03-26/hour=10/states_2022-03-26-10.csv.tar,False,False,False,False,True,RAW_MISSING,False,,,4
2022-03-26T11:00:00Z,2022-03-26,ANCHOR_DAY,data/raw/opensky/state_vectors/2022/date=2022-03-26/hour=11/states_2022-03-26-11.csv.tar,False,False,False,False,True,RAW_MISSING,False,,,4
2022-03-26T12:00:00Z,2022-03-26,ANCHOR_DAY,data/raw/opensky/state_vectors/2022/date=2022-03-26/hour=12/states_2022-03-26-12.csv.tar,False,False,False,False,True,RAW_MISSING,False,,,4
2022-03-26T13:00:00Z,2022-03-26,ANCHOR_DAY,data/raw/opensky/state_vectors/2022/date=2022-03-26/hour=13/states_2022-03-26-13.csv.tar,False,False,False,False,True,RAW_MISSING,False,,,4
2022-03-26T14:00:00Z,2022-03-26,ANCHOR_DAY,data/raw/opensky/state_vectors/2022/date=2022-03-26/hour=14/states_2022-03-26-14.csv.tar,False,False,False,False,True,RAW_MISSING,False,,,4
2022-03-26T15:00:00Z,2022-03-26,ANCHOR_DAY,data/raw/opensky/state_vectors/2022/date=2022-03-26/hour=15/states_2022-03-26-15.csv.tar,False,False,False,False,True,RAW_MISSING,False,,,4
2022-03-26T16:00:00Z,2022-03-26,ANCHOR_DAY,data/raw/opensky/state_vectors/2022/date=2022-03-26/hour=16/states_2022-03-26-16.csv.tar,False,False,False,False,True,RAW_MISSING,False,,,4
2022-03-26T17:00:00Z,2022-03-26,ANCHOR_DAY,data/raw/opensky/state_vectors/2022/date=2022-03-26/hour=17/states_2022-03-26-17.csv.tar,False,False,False,False,True,RAW_MISSING,False,,,4
2022-03-26T18:00:00Z,2022-03-26,ANCHOR_DAY,data/raw/opensky/state_vectors/2022/date=2022-03-26/hour=18/states_2022-03-26-18.csv.tar,False,False,False,False,True,RAW_MISSING,False,,,4
2022-03-26T19:00:00Z,2022-03-26,ANCHOR_DAY,data/raw/opensky/state_vectors/2022/date=2022-03-26/hour=19/states_2022-03-26-19.csv.tar,False,False,False,False,True,RAW_MISSING,False,,,4
2022-03-26T20:00:00Z,2022-03-26,ANCHOR_DAY,data/raw/opensky/state_vectors/2022/date=2022-03-26/hour=20/states_2022-03-26-20.csv.tar,False,False,False,False,True,RAW_MISSING,False,,,4
2022-03-26T21:00:00Z,2022-03-26,ANCHOR_DAY,data/raw/opensky/state_vectors/2022/date=2022-03-26/hour=21/states_2022-03-26-21.csv.tar,False,False,False,False,True,RAW_MISSING,False,,,4
2022-03-26T22:00:00Z,2022-03-26,ANCHOR_DAY,data/raw/opensky/state_vectors/2022/date=2022-03-26/hour=22/states_2022-03-26-22.csv.tar,False,False,False,False,True,RAW_MISSING,False,,,4
2022-03-26T23:00:00Z,2022-03-26,ANCHOR_DAY,data/raw/opensky/state_vectors/2022/date=2022-03-26/hour=23/states_2022-03-26-23.csv.tar,False,False,False,False,True,RAW_MISSING,False,,,4
2022-03-27T00:00:00Z,2022-03-26,POST_CONTEXT,data/raw/opensky/state_vectors/2022/date=2022-03-27/hour=00/states_2022-03-27-00.csv.tar,False,False,False,False,True,RAW_MISSING,False,,,4
2022-03-27T01:00:00Z,2022-03-26,POST_CONTEXT,data/raw/opensky/state_vectors/2022/date=2022-03-27/hour=01/states_2022-03-27-01.csv.tar,False,False,False,False,True,RAW_MISSING,False,,,4
2022-03-27T02:00:00Z,2022-03-26,POST_CONTEXT,data/raw/opensky/state_vectors/2022/date=2022-03-27/hour=02/states_2022-03-27-02.csv.tar,False,False,False,False,True,RAW_MISSING,False,,,4
2022-03-27T03:00:00Z,2022-03-26,POST_CONTEXT,data/raw/opensky/state_vectors/2022/date=2022-03-27/hour=03/states_2022-03-27-03.csv.tar,False,False,False,False,True,RAW_MISSING,False,,,4
2022-03-27T04:00:00Z,2022-03-26,POST_CONTEXT,data/raw/opensky/state_vectors/2022/date=2022-03-27/hour=04/states_2022-03-27-04.csv.tar,False,False,False,False,True,RAW_MISSING,False,,,4
2022-03-27T05:00:00Z,2022-03-26,POST_CONTEXT,data/raw/opensky/state_vectors/2022/date=2022-03-27/hour=05/states_2022-03-27-05.csv.tar,False,False,False,False,True,RAW_MISSING,False,,,4
2022-03-27T06:00:00Z,2022-03-26,POST_CONTEXT,data/raw/opensky/state_vectors/2022/date=2022-03-27/hour=06/states_2022-03-27-06.csv.tar,False,False,False,False,True,RAW_MISSING,False,,,4
2022-03-27T07:00:00Z,2022-03-26,POST_CONTEXT,data/raw/opensky/state_vectors/2022/date=2022-03-27/hour=07/states_2022-03-27-07.csv.tar,False,False,False,False,True,RAW_MISSING,False,,,4
2022-03-27T08:00:00Z,2022-03-26,POST_CONTEXT,data/raw/opensky/state_vectors/2022/date=2022-03-27/hour=08/states_2022-03-27-08.csv.tar,False,False,False,False,True,RAW_MISSING,False,,,4
2022-03-27T09:00:00Z,2022-03-26,POST_CONTEXT,data/raw/opensky/state_vectors/2022/date=2022-03-27/hour=09/states_2022-03-27-09.csv.tar,False,False,False,False,True,RAW_MISSING,False,,,4
2022-03-27T10:00:00Z,2022-03-26,POST_CONTEXT,data/raw/opensky/state_vectors/2022/date=2022-03-27/hour=10/states_2022-03-27-10.csv.tar,False,False,False,False,True,RAW_MISSING,False,,,4
2022-03-27T11:00:00Z,2022-03-26,POST_CONTEXT,data/raw/opensky/state_vectors/2022/date=2022-03-27/hour=11/states_2022-03-27-11.csv.tar,False,False,False,False,True,RAW_MISSING,False,,,4
2022-03-27T18:00:00Z,2022-03-28,PRE_CONTEXT,data/raw/opensky/state_vectors/2022/date=2022-03-27/hour=18/states_2022-03-27-18.csv.tar,False,False,False,False,True,RAW_MISSING,False,,,4
2022-03-27T19:00:00Z,2022-03-28,PRE_CONTEXT,data/raw/opensky/state_vectors/2022/date=2022-03-27/hour=19/states_2022-03-27-19.csv.tar,False,False,False,False,True,RAW_MISSING,False,,,4
2022-03-27T20:00:00Z,2022-03-28,PRE_CONTEXT,data/raw/opensky/state_vectors/2022/date=2022-03-27/hour=20/states_2022-03-27-20.csv.tar,False,False,False,False,True,RAW_MISSING,False,,,4
2022-03-27T21:00:00Z,2022-03-28,PRE_CONTEXT,data/raw/opensky/state_vectors/2022/date=2022-03-27/hour=21/states_2022-03-27-21.csv.tar,False,False,False,False,True,RAW_MISSING,False,,,4
2022-03-27T22:00:00Z,2022-03-28,PRE_CONTEXT,data/raw/opensky/state_vectors/2022/date=2022-03-27/hour=22/states_2022-03-27-22.csv.tar,False,False,False,False,True,RAW_MISSING,False,,,4
2022-03-27T23:00:00Z,2022-03-28,PRE_CONTEXT,data/raw/opensky/state_vectors/2022/date=2022-03-27/hour=23/states_2022-03-27-23.csv.tar,False,False,False,False,True,RAW_MISSING,False,,,4
2022-03-29T00:00:00Z,2022-03-28,POST_CONTEXT,data/raw/opensky/state_vectors/2022/date=2022-03-29/hour=00/states_2022-03-29-00.csv.tar,False,False,False,False,True,RAW_MISSING,False,,,4
2022-03-29T01:00:00Z,2022-03-28,POST_CONTEXT,data/raw/opensky/state_vectors/2022/date=2022-03-29/hour=01/states_2022-03-29-01.csv.tar,False,False,False,False,True,RAW_MISSING,False,,,4
2022-03-29T02:00:00Z,2022-03-28,POST_CONTEXT,data/raw/opensky/state_vectors/2022/date=2022-03-29/hour=02/states_2022-03-29-02.csv.tar,False,False,False,False,True,RAW_MISSING,False,,,4
2022-03-29T03:00:00Z,2022-03-28,POST_CONTEXT,data/raw/opensky/state_vectors/2022/date=2022-03-29/hour=03/states_2022-03-29-03.csv.tar,False,False,False,False,True,RAW_MISSING,False,,,4
2022-03-29T04:00:00Z,2022-03-28,POST_CONTEXT,data/raw/opensky/state_vectors/2022/date=2022-03-29/hour=04/states_2022-03-29-04.csv.tar,False,False,False,False,True,RAW_MISSING,False,,,4
2022-03-29T05:00:00Z,2022-03-28,POST_CONTEXT,data/raw/opensky/state_vectors/2022/date=2022-03-29/hour=05/states_2022-03-29-05.csv.tar,False,False,False,False,True,RAW_MISSING,False,,,4
2022-03-29T06:00:00Z,2022-03-28,POST_CONTEXT,data/raw/opensky/state_vectors/2022/date=2022-03-29/hour=06/states_2022-03-29-06.csv.tar,False,False,False,False,True,RAW_MISSING,False,,,4
2022-03-29T07:00:00Z,2022-03-28,POST_CONTEXT,data/raw/opensky/state_vectors/2022/date=2022-03-29/hour=07/states_2022-03-29-07.csv.tar,False,False,False,False,True,RAW_MISSING,False,,,4
2022-03-29T08:00:00Z,2022-03-28,POST_CONTEXT,data/raw/opensky/state_vectors/2022/date=2022-03-29/hour=08/states_2022-03-29-08.csv.tar,False,False,False,False,True,RAW_MISSING,False,,,4
2022-03-29T09:00:00Z,2022-03-28,POST_CONTEXT,data/raw/opensky/state_vectors/2022/date=2022-03-29/hour=09/states_2022-03-29-09.csv.tar,False,False,False,False,True,RAW_MISSING,False,,,4
2022-03-29T10:00:00Z,2022-03-28,POST_CONTEXT,data/raw/opensky/state_vectors/2022/date=2022-03-29/hour=10/states_2022-03-29-10.csv.tar,False,False,False,False,True,RAW_MISSING,False,,,4
2022-03-29T11:00:00Z,2022-03-28,POST_CONTEXT,data/raw/opensky/state_vectors/2022/date=2022-03-29/hour=11/states_2022-03-29-11.csv.tar,False,False,False,False,True,RAW_MISSING,False,,,4
2022-04-03T18:00:00Z,2022-04-04,PRE_CONTEXT,data/raw/opensky/state_vectors/2022/date=2022-04-03/hour=18/states_2022-04-03-18.csv.tar,False,False,False,False,True,RAW_MISSING,False,,,4
2022-04-03T19:00:00Z,2022-04-04,PRE_CONTEXT,data/raw/opensky/state_vectors/2022/date=2022-04-03/hour=19/states_2022-04-03-19.csv.tar,False,False,False,False,True,RAW_MISSING,False,,,4
2022-04-03T20:00:00Z,2022-04-04,PRE_CONTEXT,data/raw/opensky/state_vectors/2022/date=2022-04-03/hour=20/states_2022-04-03-20.csv.tar,False,False,False,False,True,RAW_MISSING,False,,,4
2022-04-03T21:00:00Z,2022-04-04,PRE_CONTEXT,data/raw/opensky/state_vectors/2022/date=2022-04-03/hour=21/states_2022-04-03-21.csv.tar,False,False,False,False,True,RAW_MISSING,False,,,4
2022-04-03T22:00:00Z,2022-04-04,PRE_CONTEXT,data/raw/opensky/state_vectors/2022/date=2022-04-03/hour=22/states_2022-04-03-22.csv.tar,False,False,False,False,True,RAW_MISSING,False,,,4
2022-04-03T23:00:00Z,2022-04-04,PRE_CONTEXT,data/raw/opensky/state_vectors/2022/date=2022-04-03/hour=23/states_2022-04-03-23.csv.tar,False,False,False,False,True,RAW_MISSING,False,,,4
2022-04-05T00:00:00Z,2022-04-04,POST_CONTEXT,data/raw/opensky/state_vectors/2022/date=2022-04-05/hour=00/states_2022-04-05-00.csv.tar,False,False,False,False,True,RAW_MISSING,False,,,4
2022-04-05T01:00:00Z,2022-04-04,POST_CONTEXT,data/raw/opensky/state_vectors/2022/date=2022-04-05/hour=01/states_2022-04-05-01.csv.tar,False,False,False,False,True,RAW_MISSING,False,,,4
2022-04-05T02:00:00Z,2022-04-04,POST_CONTEXT,data/raw/opensky/state_vectors/2022/date=2022-04-05/hour=02/states_2022-04-05-02.csv.tar,False,False,False,False,True,RAW_MISSING,False,,,4
2022-04-05T03:00:00Z,2022-04-04,POST_CONTEXT,data/raw/opensky/state_vectors/2022/date=2022-04-05/hour=03/states_2022-04-05-03.csv.tar,False,False,False,False,True,RAW_MISSING,False,,,4
2022-04-05T04:00:00Z,2022-04-04,POST_CONTEXT,data/raw/opensky/state_vectors/2022/date=2022-04-05/hour=04/states_2022-04-05-04.csv.tar,False,False,False,False,True,RAW_MISSING,False,,,4
2022-04-05T05:00:00Z,2022-04-04,POST_CONTEXT,data/raw/opensky/state_vectors/2022/date=2022-04-05/hour=05/states_2022-04-05-05.csv.tar,False,False,False,False,True,RAW_MISSING,False,,,4
2022-04-05T06:00:00Z,2022-04-04,POST_CONTEXT,data/raw/opensky/state_vectors/2022/date=2022-04-05/hour=06/states_2022-04-05-06.csv.tar,False,False,False,False,True,RAW_MISSING,False,,,4
2022-04-05T07:00:00Z,2022-04-04,POST_CONTEXT,data/raw/opensky/state_vectors/2022/date=2022-04-05/hour=07/states_2022-04-05-07.csv.tar,False,False,False,False,True,RAW_MISSING,False,,,4
2022-04-05T08:00:00Z,2022-04-04,POST_CONTEXT,data/raw/opensky/state_vectors/2022/date=2022-04-05/hour=08/states_2022-04-05-08.csv.tar,False,False,False,False,True,RAW_MISSING,False,,,4
2022-04-05T09:00:00Z,2022-04-04,POST_CONTEXT,data/raw/opensky/state_vectors/2022/date=2022-04-05/hour=09/states_2022-04-05-09.csv.tar,False,False,False,False,True,RAW_MISSING,False,,,4
2022-04-05T10:00:00Z,2022-04-04,POST_CONTEXT,data/raw/opensky/state_vectors/2022/date=2022-04-05/hour=10/states_2022-04-05-10.csv.tar,False,False,False,False,True,RAW_MISSING,False,,,4
2022-04-05T11:00:00Z,2022-04-04,POST_CONTEXT,data/raw/opensky/state_vectors/2022/date=2022-04-05/hour=11/states_2022-04-05-11.csv.tar,False,False,False,False,True,RAW_MISSING,False,,,4
2022-04-08T18:00:00Z,2022-04-09,PRE_CONTEXT,data/raw/opensky/state_vectors/2022/date=2022-04-08/hour=18/states_2022-04-08-18.csv.tar,False,False,False,False,True,RAW_MISSING,False,,,4
2022-04-08T19:00:00Z,2022-04-09,PRE_CONTEXT,data/raw/opensky/state_vectors/2022/date=2022-04-08/hour=19/states_2022-04-08-19.csv.tar,False,False,False,False,True,RAW_MISSING,False,,,4
2022-04-08T20:00:00Z,2022-04-09,PRE_CONTEXT,data/raw/opensky/state_vectors/2022/date=2022-04-08/hour=20/states_2022-04-08-20.csv.tar,False,False,False,False,True,RAW_MISSING,False,,,4
2022-04-08T21:00:00Z,2022-04-09,PRE_CONTEXT,data/raw/opensky/state_vectors/2022/date=2022-04-08/hour=21/states_2022-04-08-21.csv.tar,False,False,False,False,True,RAW_MISSING,False,,,4
2022-04-08T22:00:00Z,2022-04-09,PRE_CONTEXT,data/raw/opensky/state_vectors/2022/date=2022-04-08/hour=22/states_2022-04-08-22.csv.tar,False,False,False,False,True,RAW_MISSING,False,,,4
2022-04-08T23:00:00Z,2022-04-09,PRE_CONTEXT,data/raw/opensky/state_vectors/2022/date=2022-04-08/hour=23/states_2022-04-08-23.csv.tar,False,False,False,False,True,RAW_MISSING,False,,,4
2022-04-09T00:00:00Z,2022-04-09,ANCHOR_DAY,data/raw/opensky/state_vectors/2022/date=2022-04-09/hour=00/states_2022-04-09-00.csv.tar,False,False,False,False,True,RAW_MISSING,False,,,4
2022-04-09T01:00:00Z,2022-04-09,ANCHOR_DAY,data/raw/opensky/state_vectors/2022/date=2022-04-09/hour=01/states_2022-04-09-01.csv.tar,False,False,False,False,True,RAW_MISSING,False,,,4
2022-04-09T02:00:00Z,2022-04-09,ANCHOR_DAY,data/raw/opensky/state_vectors/2022/date=2022-04-09/hour=02/states_2022-04-09-02.csv.tar,False,False,False,False,True,RAW_MISSING,False,,,4
2022-04-09T03:00:00Z,2022-04-09,ANCHOR_DAY,data/raw/opensky/state_vectors/2022/date=2022-04-09/hour=03/states_2022-04-09-03.csv.tar,False,False,False,False,True,RAW_MISSING,False,,,4
2022-04-09T04:00:00Z,2022-04-09,ANCHOR_DAY,data/raw/opensky/state_vectors/2022/date=2022-04-09/hour=04/states_2022-04-09-04.csv.tar,False,False,False,False,True,RAW_MISSING,False,,,4
2022-04-09T05:00:00Z,2022-04-09,ANCHOR_DAY,data/raw/opensky/state_vectors/2022/date=2022-04-09/hour=05/states_2022-04-09-05.csv.tar,False,False,False,False,True,RAW_MISSING,False,,,4
2022-04-09T06:00:00Z,2022-04-09,ANCHOR_DAY,data/raw/opensky/state_vectors/2022/date=2022-04-09/hour=06/states_2022-04-09-06.csv.tar,False,False,False,False,True,RAW_MISSING,False,,,4
2022-04-09T07:00:00Z,2022-04-09,ANCHOR_DAY,data/raw/opensky/state_vectors/2022/date=2022-04-09/hour=07/states_2022-04-09-07.csv.tar,False,False,False,False,True,RAW_MISSING,False,,,4
2022-04-09T08:00:00Z,2022-04-09,ANCHOR_DAY,data/raw/opensky/state_vectors/2022/date=2022-04-09/hour=08/states_2022-04-09-08.csv.tar,False,False,False,False,True,RAW_MISSING,False,,,4
2022-04-09T09:00:00Z,2022-04-09,ANCHOR_DAY,data/raw/opensky/state_vectors/2022/date=2022-04-09/hour=09/states_2022-04-09-09.csv.tar,False,False,False,False,True,RAW_MISSING,False,,,4
2022-04-09T10:00:00Z,2022-04-09,ANCHOR_DAY,data/raw/opensky/state_vectors/2022/date=2022-04-09/hour=10/states_2022-04-09-10.csv.tar,False,False,False,False,True,RAW_MISSING,False,,,4
2022-04-09T11:00:00Z,2022-04-09,ANCHOR_DAY,data/raw/opensky/state_vectors/2022/date=2022-04-09/hour=11/states_2022-04-09-11.csv.tar,False,False,False,False,True,RAW_MISSING,False,,,4
2022-04-09T12:00:00Z,2022-04-09,ANCHOR_DAY,data/raw/opensky/state_vectors/2022/date=2022-04-09/hour=12/states_2022-04-09-12.csv.tar,False,False,False,False,True,RAW_MISSING,False,,,4
2022-04-09T13:00:00Z,2022-04-09,ANCHOR_DAY,data/raw/opensky/state_vectors/2022/date=2022-04-09/hour=13/states_2022-04-09-13.csv.tar,False,False,False,False,True,RAW_MISSING,False,,,4
2022-04-09T14:00:00Z,2022-04-09,ANCHOR_DAY,data/raw/opensky/state_vectors/2022/date=2022-04-09/hour=14/states_2022-04-09-14.csv.tar,False,False,False,False,True,RAW_MISSING,False,,,4
2022-04-09T15:00:00Z,2022-04-09,ANCHOR_DAY,data/raw/opensky/state_vectors/2022/date=2022-04-09/hour=15/states_2022-04-09-15.csv.tar,False,False,False,False,True,RAW_MISSING,False,,,4
2022-04-09T16:00:00Z,2022-04-09,ANCHOR_DAY,data/raw/opensky/state_vectors/2022/date=2022-04-09/hour=16/states_2022-04-09-16.csv.tar,False,False,False,False,True,RAW_MISSING,False,,,4
2022-04-09T17:00:00Z,2022-04-09,ANCHOR_DAY,data/raw/opensky/state_vectors/2022/date=2022-04-09/hour=17/states_2022-04-09-17.csv.tar,False,False,False,False,True,RAW_MISSING,False,,,4
2022-04-09T18:00:00Z,2022-04-09,ANCHOR_DAY,data/raw/opensky/state_vectors/2022/date=2022-04-09/hour=18/states_2022-04-09-18.csv.tar,False,False,False,False,True,RAW_MISSING,False,,,4
2022-04-09T19:00:00Z,2022-04-09,ANCHOR_DAY,data/raw/opensky/state_vectors/2022/date=2022-04-09/hour=19/states_2022-04-09-19.csv.tar,False,False,False,False,True,RAW_MISSING,False,,,4
2022-04-09T20:00:00Z,2022-04-09,ANCHOR_DAY,data/raw/opensky/state_vectors/2022/date=2022-04-09/hour=20/states_2022-04-09-20.csv.tar,False,False,False,False,True,RAW_MISSING,False,,,4
2022-04-09T21:00:00Z,2022-04-09,ANCHOR_DAY,data/raw/opensky/state_vectors/2022/date=2022-04-09/hour=21/states_2022-04-09-21.csv.tar,False,False,False,False,True,RAW_MISSING,False,,,4
2022-04-09T22:00:00Z,2022-04-09,ANCHOR_DAY,data/raw/opensky/state_vectors/2022/date=2022-04-09/hour=22/states_2022-04-09-22.csv.tar,False,False,False,False,True,RAW_MISSING,False,,,4
2022-04-09T23:00:00Z,2022-04-09,ANCHOR_DAY,data/raw/opensky/state_vectors/2022/date=2022-04-09/hour=23/states_2022-04-09-23.csv.tar,False,False,False,False,True,RAW_MISSING,False,,,4
2022-04-10T00:00:00Z,2022-04-09,POST_CONTEXT,data/raw/opensky/state_vectors/2022/date=2022-04-10/hour=00/states_2022-04-10-00.csv.tar,False,False,False,False,True,RAW_MISSING,False,,,4
2022-04-10T01:00:00Z,2022-04-09,POST_CONTEXT,data/raw/opensky/state_vectors/2022/date=2022-04-10/hour=01/states_2022-04-10-01.csv.tar,False,False,False,False,True,RAW_MISSING,False,,,4
2022-04-10T02:00:00Z,2022-04-09,POST_CONTEXT,data/raw/opensky/state_vectors/2022/date=2022-04-10/hour=02/states_2022-04-10-02.csv.tar,False,False,False,False,True,RAW_MISSING,False,,,4
2022-04-10T03:00:00Z,2022-04-09,POST_CONTEXT,data/raw/opensky/state_vectors/2022/date=2022-04-10/hour=03/states_2022-04-10-03.csv.tar,False,False,False,False,True,RAW_MISSING,False,,,4
2022-04-10T04:00:00Z,2022-04-09,POST_CONTEXT,data/raw/opensky/state_vectors/2022/date=2022-04-10/hour=04/states_2022-04-10-04.csv.tar,False,False,False,False,True,RAW_MISSING,False,,,4
2022-04-10T05:00:00Z,2022-04-09,POST_CONTEXT,data/raw/opensky/state_vectors/2022/date=2022-04-10/hour=05/states_2022-04-10-05.csv.tar,False,False,False,False,True,RAW_MISSING,False,,,4
2022-04-10T06:00:00Z,2022-04-09,POST_CONTEXT,data/raw/opensky/state_vectors/2022/date=2022-04-10/hour=06/states_2022-04-10-06.csv.tar,False,False,False,False,True,RAW_MISSING,False,,,4
2022-04-10T07:00:00Z,2022-04-09,POST_CONTEXT,data/raw/opensky/state_vectors/2022/date=2022-04-10/hour=07/states_2022-04-10-07.csv.tar,False,False,False,False,True,RAW_MISSING,False,,,4
2022-04-10T08:00:00Z,2022-04-09,POST_CONTEXT,data/raw/opensky/state_vectors/2022/date=2022-04-10/hour=08/states_2022-04-10-08.csv.tar,False,False,False,False,True,RAW_MISSING,False,,,4
2022-04-10T09:00:00Z,2022-04-09,POST_CONTEXT,data/raw/opensky/state_vectors/2022/date=2022-04-10/hour=09/states_2022-04-10-09.csv.tar,False,False,False,False,True,RAW_MISSING,False,,,4
2022-04-10T10:00:00Z,2022-04-09,POST_CONTEXT,data/raw/opensky/state_vectors/2022/date=2022-04-10/hour=10/states_2022-04-10-10.csv.tar,False,False,False,False,True,RAW_MISSING,False,,,4
2022-04-10T11:00:00Z,2022-04-09,POST_CONTEXT,data/raw/opensky/state_vectors/2022/date=2022-04-10/hour=11/states_2022-04-10-11.csv.tar,False,False,False,False,True,RAW_MISSING,False,,,4
2022-04-10T18:00:00Z,2022-04-11,PRE_CONTEXT,data/raw/opensky/state_vectors/2022/date=2022-04-10/hour=18/states_2022-04-10-18.csv.tar,False,False,False,False,True,RAW_MISSING,False,,,4
2022-04-10T19:00:00Z,2022-04-11,PRE_CONTEXT,data/raw/opensky/state_vectors/2022/date=2022-04-10/hour=19/states_2022-04-10-19.csv.tar,False,False,False,False,True,RAW_MISSING,False,,,4
2022-04-10T20:00:00Z,2022-04-11,PRE_CONTEXT,data/raw/opensky/state_vectors/2022/date=2022-04-10/hour=20/states_2022-04-10-20.csv.tar,False,False,False,False,True,RAW_MISSING,False,,,4
2022-04-10T21:00:00Z,2022-04-11,PRE_CONTEXT,data/raw/opensky/state_vectors/2022/date=2022-04-10/hour=21/states_2022-04-10-21.csv.tar,False,False,False,False,True,RAW_MISSING,False,,,4
2022-04-10T22:00:00Z,2022-04-11,PRE_CONTEXT,data/raw/opensky/state_vectors/2022/date=2022-04-10/hour=22/states_2022-04-10-22.csv.tar,False,False,False,False,True,RAW_MISSING,False,,,4
2022-04-10T23:00:00Z,2022-04-11,PRE_CONTEXT,data/raw/opensky/state_vectors/2022/date=2022-04-10/hour=23/states_2022-04-10-23.csv.tar,False,False,False,False,True,RAW_MISSING,False,,,4
2022-04-12T00:00:00Z,2022-04-11,POST_CONTEXT,data/raw/opensky/state_vectors/2022/date=2022-04-12/hour=00/states_2022-04-12-00.csv.tar,False,False,False,False,True,RAW_MISSING,False,,,4
2022-04-12T01:00:00Z,2022-04-11,POST_CONTEXT,data/raw/opensky/state_vectors/2022/date=2022-04-12/hour=01/states_2022-04-12-01.csv.tar,False,False,False,False,True,RAW_MISSING,False,,,4
2022-04-12T02:00:00Z,2022-04-11,POST_CONTEXT,data/raw/opensky/state_vectors/2022/date=2022-04-12/hour=02/states_2022-04-12-02.csv.tar,False,False,False,False,True,RAW_MISSING,False,,,4
2022-04-12T03:00:00Z,2022-04-11,POST_CONTEXT,data/raw/opensky/state_vectors/2022/date=2022-04-12/hour=03/states_2022-04-12-03.csv.tar,False,False,False,False,True,RAW_MISSING,False,,,4
2022-04-12T04:00:00Z,2022-04-11,POST_CONTEXT,data/raw/opensky/state_vectors/2022/date=2022-04-12/hour=04/states_2022-04-12-04.csv.tar,False,False,False,False,True,RAW_MISSING,False,,,4
2022-04-12T05:00:00Z,2022-04-11,POST_CONTEXT,data/raw/opensky/state_vectors/2022/date=2022-04-12/hour=05/states_2022-04-12-05.csv.tar,False,False,False,False,True,RAW_MISSING,False,,,4
2022-04-12T06:00:00Z,2022-04-11,POST_CONTEXT,data/raw/opensky/state_vectors/2022/date=2022-04-12/hour=06/states_2022-04-12-06.csv.tar,False,False,False,False,True,RAW_MISSING,False,,,4
2022-04-12T07:00:00Z,2022-04-11,POST_CONTEXT,data/raw/opensky/state_vectors/2022/date=2022-04-12/hour=07/states_2022-04-12-07.csv.tar,False,False,False,False,True,RAW_MISSING,False,,,4
2022-04-12T08:00:00Z,2022-04-11,POST_CONTEXT,data/raw/opensky/state_vectors/2022/date=2022-04-12/hour=08/states_2022-04-12-08.csv.tar,False,False,False,False,True,RAW_MISSING,False,,,4
2022-04-12T09:00:00Z,2022-04-11,POST_CONTEXT,data/raw/opensky/state_vectors/2022/date=2022-04-12/hour=09/states_2022-04-12-09.csv.tar,False,False,False,False,True,RAW_MISSING,False,,,4
2022-04-12T10:00:00Z,2022-04-11,POST_CONTEXT,data/raw/opensky/state_vectors/2022/date=2022-04-12/hour=10/states_2022-04-12-10.csv.tar,False,False,False,False,True,RAW_MISSING,False,,,4
2022-04-12T11:00:00Z,2022-04-11,POST_CONTEXT,data/raw/opensky/state_vectors/2022/date=2022-04-12/hour=11/states_2022-04-12-11.csv.tar,False,False,False,False,True,RAW_MISSING,False,,,4
2022-04-17T18:00:00Z,2022-04-18,PRE_CONTEXT,data/raw/opensky/state_vectors/2022/date=2022-04-17/hour=18/states_2022-04-17-18.csv.tar,False,False,False,False,True,RAW_MISSING,False,,,4
2022-04-17T19:00:00Z,2022-04-18,PRE_CONTEXT,data/raw/opensky/state_vectors/2022/date=2022-04-17/hour=19/states_2022-04-17-19.csv.tar,False,False,False,False,True,RAW_MISSING,False,,,4
2022-04-17T20:00:00Z,2022-04-18,PRE_CONTEXT,data/raw/opensky/state_vectors/2022/date=2022-04-17/hour=20/states_2022-04-17-20.csv.tar,False,False,False,False,True,RAW_MISSING,False,,,4
2022-04-17T21:00:00Z,2022-04-18,PRE_CONTEXT,data/raw/opensky/state_vectors/2022/date=2022-04-17/hour=21/states_2022-04-17-21.csv.tar,False,False,False,False,True,RAW_MISSING,False,,,4
2022-04-17T22:00:00Z,2022-04-18,PRE_CONTEXT,data/raw/opensky/state_vectors/2022/date=2022-04-17/hour=22/states_2022-04-17-22.csv.tar,False,False,False,False,True,RAW_MISSING,False,,,4
2022-04-17T23:00:00Z,2022-04-18,PRE_CONTEXT,data/raw/opensky/state_vectors/2022/date=2022-04-17/hour=23/states_2022-04-17-23.csv.tar,False,False,False,False,True,RAW_MISSING,False,,,4
2022-04-19T00:00:00Z,2022-04-18,POST_CONTEXT,data/raw/opensky/state_vectors/2022/date=2022-04-19/hour=00/states_2022-04-19-00.csv.tar,False,False,False,False,True,RAW_MISSING,False,,,4
2022-04-19T01:00:00Z,2022-04-18,POST_CONTEXT,data/raw/opensky/state_vectors/2022/date=2022-04-19/hour=01/states_2022-04-19-01.csv.tar,False,False,False,False,True,RAW_MISSING,False,,,4
2022-04-19T02:00:00Z,2022-04-18,POST_CONTEXT,data/raw/opensky/state_vectors/2022/date=2022-04-19/hour=02/states_2022-04-19-02.csv.tar,False,False,False,False,True,RAW_MISSING,False,,,4
2022-04-19T03:00:00Z,2022-04-18,POST_CONTEXT,data/raw/opensky/state_vectors/2022/date=2022-04-19/hour=03/states_2022-04-19-03.csv.tar,False,False,False,False,True,RAW_MISSING,False,,,4
2022-04-19T04:00:00Z,2022-04-18,POST_CONTEXT,data/raw/opensky/state_vectors/2022/date=2022-04-19/hour=04/states_2022-04-19-04.csv.tar,False,False,False,False,True,RAW_MISSING,False,,,4
2022-04-19T05:00:00Z,2022-04-18,POST_CONTEXT,data/raw/opensky/state_vectors/2022/date=2022-04-19/hour=05/states_2022-04-19-05.csv.tar,False,False,False,False,True,RAW_MISSING,False,,,4
2022-04-19T06:00:00Z,2022-04-18,POST_CONTEXT,data/raw/opensky/state_vectors/2022/date=2022-04-19/hour=06/states_2022-04-19-06.csv.tar,False,False,False,False,True,RAW_MISSING,False,,,4
2022-04-19T07:00:00Z,2022-04-18,POST_CONTEXT,data/raw/opensky/state_vectors/2022/date=2022-04-19/hour=07/states_2022-04-19-07.csv.tar,False,False,False,False,True,RAW_MISSING,False,,,4
2022-04-19T08:00:00Z,2022-04-18,POST_CONTEXT,data/raw/opensky/state_vectors/2022/date=2022-04-19/hour=08/states_2022-04-19-08.csv.tar,False,False,False,False,True,RAW_MISSING,False,,,4
2022-04-19T09:00:00Z,2022-04-18,POST_CONTEXT,data/raw/opensky/state_vectors/2022/date=2022-04-19/hour=09/states_2022-04-19-09.csv.tar,False,False,False,False,True,RAW_MISSING,False,,,4
2022-04-19T10:00:00Z,2022-04-18,POST_CONTEXT,data/raw/opensky/state_vectors/2022/date=2022-04-19/hour=10/states_2022-04-19-10.csv.tar,False,False,False,False,True,RAW_MISSING,False,,,4
2022-04-19T11:00:00Z,2022-04-18,POST_CONTEXT,data/raw/opensky/state_vectors/2022/date=2022-04-19/hour=11/states_2022-04-19-11.csv.tar,False,False,False,False,True,RAW_MISSING,False,,,4
2022-04-22T18:00:00Z,2022-04-23,PRE_CONTEXT,data/raw/opensky/state_vectors/2022/date=2022-04-22/hour=18/states_2022-04-22-18.csv.tar,False,False,False,False,True,RAW_MISSING,False,,,4
2022-04-22T19:00:00Z,2022-04-23,PRE_CONTEXT,data/raw/opensky/state_vectors/2022/date=2022-04-22/hour=19/states_2022-04-22-19.csv.tar,False,False,False,False,True,RAW_MISSING,False,,,4
2022-04-22T20:00:00Z,2022-04-23,PRE_CONTEXT,data/raw/opensky/state_vectors/2022/date=2022-04-22/hour=20/states_2022-04-22-20.csv.tar,False,False,False,False,True,RAW_MISSING,False,,,4
2022-04-22T21:00:00Z,2022-04-23,PRE_CONTEXT,data/raw/opensky/state_vectors/2022/date=2022-04-22/hour=21/states_2022-04-22-21.csv.tar,False,False,False,False,True,RAW_MISSING,False,,,4
2022-04-22T22:00:00Z,2022-04-23,PRE_CONTEXT,data/raw/opensky/state_vectors/2022/date=2022-04-22/hour=22/states_2022-04-22-22.csv.tar,False,False,False,False,True,RAW_MISSING,False,,,4
2022-04-22T23:00:00Z,2022-04-23,PRE_CONTEXT,data/raw/opensky/state_vectors/2022/date=2022-04-22/hour=23/states_2022-04-22-23.csv.tar,False,False,False,False,True,RAW_MISSING,False,,,4
2022-04-23T00:00:00Z,2022-04-23,ANCHOR_DAY,data/raw/opensky/state_vectors/2022/date=2022-04-23/hour=00/states_2022-04-23-00.csv.tar,False,False,False,False,True,RAW_MISSING,False,,,4
2022-04-23T01:00:00Z,2022-04-23,ANCHOR_DAY,data/raw/opensky/state_vectors/2022/date=2022-04-23/hour=01/states_2022-04-23-01.csv.tar,False,False,False,False,True,RAW_MISSING,False,,,4
2022-04-23T02:00:00Z,2022-04-23,ANCHOR_DAY,data/raw/opensky/state_vectors/2022/date=2022-04-23/hour=02/states_2022-04-23-02.csv.tar,False,False,False,False,True,RAW_MISSING,False,,,4
2022-04-23T03:00:00Z,2022-04-23,ANCHOR_DAY,data/raw/opensky/state_vectors/2022/date=2022-04-23/hour=03/states_2022-04-23-03.csv.tar,False,False,False,False,True,RAW_MISSING,False,,,4
2022-04-23T04:00:00Z,2022-04-23,ANCHOR_DAY,data/raw/opensky/state_vectors/2022/date=2022-04-23/hour=04/states_2022-04-23-04.csv.tar,False,False,False,False,True,RAW_MISSING,False,,,4
2022-04-23T05:00:00Z,2022-04-23,ANCHOR_DAY,data/raw/opensky/state_vectors/2022/date=2022-04-23/hour=05/states_2022-04-23-05.csv.tar,False,False,False,False,True,RAW_MISSING,False,,,4
2022-04-23T06:00:00Z,2022-04-23,ANCHOR_DAY,data/raw/opensky/state_vectors/2022/date=2022-04-23/hour=06/states_2022-04-23-06.csv.tar,False,False,False,False,True,RAW_MISSING,False,,,4
2022-04-23T07:00:00Z,2022-04-23,ANCHOR_DAY,data/raw/opensky/state_vectors/2022/date=2022-04-23/hour=07/states_2022-04-23-07.csv.tar,False,False,False,False,True,RAW_MISSING,False,,,4
2022-04-23T08:00:00Z,2022-04-23,ANCHOR_DAY,data/raw/opensky/state_vectors/2022/date=2022-04-23/hour=08/states_2022-04-23-08.csv.tar,False,False,False,False,True,RAW_MISSING,False,,,4
2022-04-23T09:00:00Z,2022-04-23,ANCHOR_DAY,data/raw/opensky/state_vectors/2022/date=2022-04-23/hour=09/states_2022-04-23-09.csv.tar,False,False,False,False,True,RAW_MISSING,False,,,4
2022-04-23T10:00:00Z,2022-04-23,ANCHOR_DAY,data/raw/opensky/state_vectors/2022/date=2022-04-23/hour=10/states_2022-04-23-10.csv.tar,False,False,False,False,True,RAW_MISSING,False,,,4
2022-04-23T11:00:00Z,2022-04-23,ANCHOR_DAY,data/raw/opensky/state_vectors/2022/date=2022-04-23/hour=11/states_2022-04-23-11.csv.tar,False,False,False,False,True,RAW_MISSING,False,,,4
2022-04-23T12:00:00Z,2022-04-23,ANCHOR_DAY,data/raw/opensky/state_vectors/2022/date=2022-04-23/hour=12/states_2022-04-23-12.csv.tar,False,False,False,False,True,RAW_MISSING,False,,,4
2022-04-23T13:00:00Z,2022-04-23,ANCHOR_DAY,data/raw/opensky/state_vectors/2022/date=2022-04-23/hour=13/states_2022-04-23-13.csv.tar,False,False,False,False,True,RAW_MISSING,False,,,4
2022-04-23T14:00:00Z,2022-04-23,ANCHOR_DAY,data/raw/opensky/state_vectors/2022/date=2022-04-23/hour=14/states_2022-04-23-14.csv.tar,False,False,False,False,True,RAW_MISSING,False,,,4
2022-04-23T15:00:00Z,2022-04-23,ANCHOR_DAY,data/raw/opensky/state_vectors/2022/date=2022-04-23/hour=15/states_2022-04-23-15.csv.tar,False,False,False,False,True,RAW_MISSING,False,,,4
2022-04-23T16:00:00Z,2022-04-23,ANCHOR_DAY,data/raw/opensky/state_vectors/2022/date=2022-04-23/hour=16/states_2022-04-23-16.csv.tar,False,False,False,False,True,RAW_MISSING,False,,,4
2022-04-23T17:00:00Z,2022-04-23,ANCHOR_DAY,data/raw/opensky/state_vectors/2022/date=2022-04-23/hour=17/states_2022-04-23-17.csv.tar,False,False,False,False,True,RAW_MISSING,False,,,4
2022-04-23T18:00:00Z,2022-04-23,ANCHOR_DAY,data/raw/opensky/state_vectors/2022/date=2022-04-23/hour=18/states_2022-04-23-18.csv.tar,False,False,False,False,True,RAW_MISSING,False,,,4
2022-04-23T19:00:00Z,2022-04-23,ANCHOR_DAY,data/raw/opensky/state_vectors/2022/date=2022-04-23/hour=19/states_2022-04-23-19.csv.tar,False,False,False,False,True,RAW_MISSING,False,,,4
2022-04-23T20:00:00Z,2022-04-23,ANCHOR_DAY,data/raw/opensky/state_vectors/2022/date=2022-04-23/hour=20/states_2022-04-23-20.csv.tar,False,False,False,False,True,RAW_MISSING,False,,,4
2022-04-23T21:00:00Z,2022-04-23,ANCHOR_DAY,data/raw/opensky/state_vectors/2022/date=2022-04-23/hour=21/states_2022-04-23-21.csv.tar,False,False,False,False,True,RAW_MISSING,False,,,4
2022-04-23T22:00:00Z,2022-04-23,ANCHOR_DAY,data/raw/opensky/state_vectors/2022/date=2022-04-23/hour=22/states_2022-04-23-22.csv.tar,False,False,False,False,True,RAW_MISSING,False,,,4
2022-04-23T23:00:00Z,2022-04-23,ANCHOR_DAY,data/raw/opensky/state_vectors/2022/date=2022-04-23/hour=23/states_2022-04-23-23.csv.tar,False,False,False,False,True,RAW_MISSING,False,,,4
2022-04-24T00:00:00Z,2022-04-23,POST_CONTEXT,data/raw/opensky/state_vectors/2022/date=2022-04-24/hour=00/states_2022-04-24-00.csv.tar,False,False,False,False,True,RAW_MISSING,False,,,4
2022-04-24T01:00:00Z,2022-04-23,POST_CONTEXT,data/raw/opensky/state_vectors/2022/date=2022-04-24/hour=01/states_2022-04-24-01.csv.tar,False,False,False,False,True,RAW_MISSING,False,,,4
2022-04-24T02:00:00Z,2022-04-23,POST_CONTEXT,data/raw/opensky/state_vectors/2022/date=2022-04-24/hour=02/states_2022-04-24-02.csv.tar,False,False,False,False,True,RAW_MISSING,False,,,4
2022-04-24T03:00:00Z,2022-04-23,POST_CONTEXT,data/raw/opensky/state_vectors/2022/date=2022-04-24/hour=03/states_2022-04-24-03.csv.tar,False,False,False,False,True,RAW_MISSING,False,,,4
2022-04-24T04:00:00Z,2022-04-23,POST_CONTEXT,data/raw/opensky/state_vectors/2022/date=2022-04-24/hour=04/states_2022-04-24-04.csv.tar,False,False,False,False,True,RAW_MISSING,False,,,4
2022-04-24T05:00:00Z,2022-04-23,POST_CONTEXT,data/raw/opensky/state_vectors/2022/date=2022-04-24/hour=05/states_2022-04-24-05.csv.tar,False,False,False,False,True,RAW_MISSING,False,,,4
2022-04-24T06:00:00Z,2022-04-23,POST_CONTEXT,data/raw/opensky/state_vectors/2022/date=2022-04-24/hour=06/states_2022-04-24-06.csv.tar,False,False,False,False,True,RAW_MISSING,False,,,4
2022-04-24T07:00:00Z,2022-04-23,POST_CONTEXT,data/raw/opensky/state_vectors/2022/date=2022-04-24/hour=07/states_2022-04-24-07.csv.tar,False,False,False,False,True,RAW_MISSING,False,,,4
2022-04-24T08:00:00Z,2022-04-23,POST_CONTEXT,data/raw/opensky/state_vectors/2022/date=2022-04-24/hour=08/states_2022-04-24-08.csv.tar,False,False,False,False,True,RAW_MISSING,False,,,4
2022-04-24T09:00:00Z,2022-04-23,POST_CONTEXT,data/raw/opensky/state_vectors/2022/date=2022-04-24/hour=09/states_2022-04-24-09.csv.tar,False,False,False,False,True,RAW_MISSING,False,,,4
2022-04-24T10:00:00Z,2022-04-23,POST_CONTEXT,data/raw/opensky/state_vectors/2022/date=2022-04-24/hour=10/states_2022-04-24-10.csv.tar,False,False,False,False,True,RAW_MISSING,False,,,4
2022-04-24T11:00:00Z,2022-04-23,POST_CONTEXT,data/raw/opensky/state_vectors/2022/date=2022-04-24/hour=11/states_2022-04-24-11.csv.tar,False,False,False,False,True,RAW_MISSING,False,,,4
2022-04-24T18:00:00Z,2022-04-25,PRE_CONTEXT,data/raw/opensky/state_vectors/2022/date=2022-04-24/hour=18/states_2022-04-24-18.csv.tar,False,False,False,False,True,RAW_MISSING,False,,,4
2022-04-24T19:00:00Z,2022-04-25,PRE_CONTEXT,data/raw/opensky/state_vectors/2022/date=2022-04-24/hour=19/states_2022-04-24-19.csv.tar,False,False,False,False,True,RAW_MISSING,False,,,4
2022-04-24T20:00:00Z,2022-04-25,PRE_CONTEXT,data/raw/opensky/state_vectors/2022/date=2022-04-24/hour=20/states_2022-04-24-20.csv.tar,False,False,False,False,True,RAW_MISSING,False,,,4
2022-04-24T21:00:00Z,2022-04-25,PRE_CONTEXT,data/raw/opensky/state_vectors/2022/date=2022-04-24/hour=21/states_2022-04-24-21.csv.tar,False,False,False,False,True,RAW_MISSING,False,,,4
2022-04-24T22:00:00Z,2022-04-25,PRE_CONTEXT,data/raw/opensky/state_vectors/2022/date=2022-04-24/hour=22/states_2022-04-24-22.csv.tar,False,False,False,False,True,RAW_MISSING,False,,,4
2022-04-24T23:00:00Z,2022-04-25,PRE_CONTEXT,data/raw/opensky/state_vectors/2022/date=2022-04-24/hour=23/states_2022-04-24-23.csv.tar,False,False,False,False,True,RAW_MISSING,False,,,4
2022-04-26T00:00:00Z,2022-04-25,POST_CONTEXT,data/raw/opensky/state_vectors/2022/date=2022-04-26/hour=00/states_2022-04-26-00.csv.tar,False,False,False,False,True,RAW_MISSING,False,,,4
2022-04-26T01:00:00Z,2022-04-25,POST_CONTEXT,data/raw/opensky/state_vectors/2022/date=2022-04-26/hour=01/states_2022-04-26-01.csv.tar,False,False,False,False,True,RAW_MISSING,False,,,4
2022-04-26T02:00:00Z,2022-04-25,POST_CONTEXT,data/raw/opensky/state_vectors/2022/date=2022-04-26/hour=02/states_2022-04-26-02.csv.tar,False,False,False,False,True,RAW_MISSING,False,,,4
2022-04-26T03:00:00Z,2022-04-25,POST_CONTEXT,data/raw/opensky/state_vectors/2022/date=2022-04-26/hour=03/states_2022-04-26-03.csv.tar,False,False,False,False,True,RAW_MISSING,False,,,4
2022-04-26T04:00:00Z,2022-04-25,POST_CONTEXT,data/raw/opensky/state_vectors/2022/date=2022-04-26/hour=04/states_2022-04-26-04.csv.tar,False,False,False,False,True,RAW_MISSING,False,,,4
2022-04-26T05:00:00Z,2022-04-25,POST_CONTEXT,data/raw/opensky/state_vectors/2022/date=2022-04-26/hour=05/states_2022-04-26-05.csv.tar,False,False,False,False,True,RAW_MISSING,False,,,4
2022-04-26T06:00:00Z,2022-04-25,POST_CONTEXT,data/raw/opensky/state_vectors/2022/date=2022-04-26/hour=06/states_2022-04-26-06.csv.tar,False,False,False,False,True,RAW_MISSING,False,,,4
2022-04-26T07:00:00Z,2022-04-25,POST_CONTEXT,data/raw/opensky/state_vectors/2022/date=2022-04-26/hour=07/states_2022-04-26-07.csv.tar,False,False,False,False,True,RAW_MISSING,False,,,4
2022-04-26T08:00:00Z,2022-04-25,POST_CONTEXT,data/raw/opensky/state_vectors/2022/date=2022-04-26/hour=08/states_2022-04-26-08.csv.tar,False,False,False,False,True,RAW_MISSING,False,,,4
2022-04-26T09:00:00Z,2022-04-25,POST_CONTEXT,data/raw/opensky/state_vectors/2022/date=2022-04-26/hour=09/states_2022-04-26-09.csv.tar,False,False,False,False,True,RAW_MISSING,False,,,4
2022-04-26T10:00:00Z,2022-04-25,POST_CONTEXT,data/raw/opensky/state_vectors/2022/date=2022-04-26/hour=10/states_2022-04-26-10.csv.tar,False,False,False,False,True,RAW_MISSING,False,,,4
2022-04-26T11:00:00Z,2022-04-25,POST_CONTEXT,data/raw/opensky/state_vectors/2022/date=2022-04-26/hour=11/states_2022-04-26-11.csv.tar,False,False,False,False,True,RAW_MISSING,False,,,4
2022-05-01T18:00:00Z,2022-05-02,PRE_CONTEXT,data/raw/opensky/state_vectors/2022/date=2022-05-01/hour=18/states_2022-05-01-18.csv.tar,False,False,False,False,True,RAW_MISSING,False,,,4
2022-05-01T19:00:00Z,2022-05-02,PRE_CONTEXT,data/raw/opensky/state_vectors/2022/date=2022-05-01/hour=19/states_2022-05-01-19.csv.tar,False,False,False,False,True,RAW_MISSING,False,,,4
2022-05-01T20:00:00Z,2022-05-02,PRE_CONTEXT,data/raw/opensky/state_vectors/2022/date=2022-05-01/hour=20/states_2022-05-01-20.csv.tar,False,False,False,False,True,RAW_MISSING,False,,,4
2022-05-01T21:00:00Z,2022-05-02,PRE_CONTEXT,data/raw/opensky/state_vectors/2022/date=2022-05-01/hour=21/states_2022-05-01-21.csv.tar,False,False,False,False,True,RAW_MISSING,False,,,4
2022-05-01T22:00:00Z,2022-05-02,PRE_CONTEXT,data/raw/opensky/state_vectors/2022/date=2022-05-01/hour=22/states_2022-05-01-22.csv.tar,False,False,False,False,True,RAW_MISSING,False,,,4
2022-05-01T23:00:00Z,2022-05-02,PRE_CONTEXT,data/raw/opensky/state_vectors/2022/date=2022-05-01/hour=23/states_2022-05-01-23.csv.tar,False,False,False,False,True,RAW_MISSING,False,,,4
2022-05-03T00:00:00Z,2022-05-02,POST_CONTEXT,data/raw/opensky/state_vectors/2022/date=2022-05-03/hour=00/states_2022-05-03-00.csv.tar,False,False,False,False,True,RAW_MISSING,False,,,4
2022-05-03T01:00:00Z,2022-05-02,POST_CONTEXT,data/raw/opensky/state_vectors/2022/date=2022-05-03/hour=01/states_2022-05-03-01.csv.tar,False,False,False,False,True,RAW_MISSING,False,,,4
2022-05-03T02:00:00Z,2022-05-02,POST_CONTEXT,data/raw/opensky/state_vectors/2022/date=2022-05-03/hour=02/states_2022-05-03-02.csv.tar,False,False,False,False,True,RAW_MISSING,False,,,4
2022-05-03T03:00:00Z,2022-05-02,POST_CONTEXT,data/raw/opensky/state_vectors/2022/date=2022-05-03/hour=03/states_2022-05-03-03.csv.tar,False,False,False,False,True,RAW_MISSING,False,,,4
2022-05-03T04:00:00Z,2022-05-02,POST_CONTEXT,data/raw/opensky/state_vectors/2022/date=2022-05-03/hour=04/states_2022-05-03-04.csv.tar,False,False,False,False,True,RAW_MISSING,False,,,4
2022-05-03T05:00:00Z,2022-05-02,POST_CONTEXT,data/raw/opensky/state_vectors/2022/date=2022-05-03/hour=05/states_2022-05-03-05.csv.tar,False,False,False,False,True,RAW_MISSING,False,,,4
2022-05-03T06:00:00Z,2022-05-02,POST_CONTEXT,data/raw/opensky/state_vectors/2022/date=2022-05-03/hour=06/states_2022-05-03-06.csv.tar,False,False,False,False,True,RAW_MISSING,False,,,4
2022-05-03T07:00:00Z,2022-05-02,POST_CONTEXT,data/raw/opensky/state_vectors/2022/date=2022-05-03/hour=07/states_2022-05-03-07.csv.tar,False,False,False,False,True,RAW_MISSING,False,,,4
2022-05-03T08:00:00Z,2022-05-02,POST_CONTEXT,data/raw/opensky/state_vectors/2022/date=2022-05-03/hour=08/states_2022-05-03-08.csv.tar,False,False,False,False,True,RAW_MISSING,False,,,4
2022-05-03T09:00:00Z,2022-05-02,POST_CONTEXT,data/raw/opensky/state_vectors/2022/date=2022-05-03/hour=09/states_2022-05-03-09.csv.tar,False,False,False,False,True,RAW_MISSING,False,,,4
2022-05-03T10:00:00Z,2022-05-02,POST_CONTEXT,data/raw/opensky/state_vectors/2022/date=2022-05-03/hour=10/states_2022-05-03-10.csv.tar,False,False,False,False,True,RAW_MISSING,False,,,4
2022-05-03T11:00:00Z,2022-05-02,POST_CONTEXT,data/raw/opensky/state_vectors/2022/date=2022-05-03/hour=11/states_2022-05-03-11.csv.tar,False,False,False,False,True,RAW_MISSING,False,,,4
2022-05-06T18:00:00Z,2022-05-07,PRE_CONTEXT,data/raw/opensky/state_vectors/2022/date=2022-05-06/hour=18/states_2022-05-06-18.csv.tar,False,False,False,False,True,RAW_MISSING,False,,,4
2022-05-06T19:00:00Z,2022-05-07,PRE_CONTEXT,data/raw/opensky/state_vectors/2022/date=2022-05-06/hour=19/states_2022-05-06-19.csv.tar,False,False,False,False,True,RAW_MISSING,False,,,4
2022-05-06T20:00:00Z,2022-05-07,PRE_CONTEXT,data/raw/opensky/state_vectors/2022/date=2022-05-06/hour=20/states_2022-05-06-20.csv.tar,False,False,False,False,True,RAW_MISSING,False,,,4
2022-05-06T21:00:00Z,2022-05-07,PRE_CONTEXT,data/raw/opensky/state_vectors/2022/date=2022-05-06/hour=21/states_2022-05-06-21.csv.tar,False,False,False,False,True,RAW_MISSING,False,,,4
2022-05-06T22:00:00Z,2022-05-07,PRE_CONTEXT,data/raw/opensky/state_vectors/2022/date=2022-05-06/hour=22/states_2022-05-06-22.csv.tar,False,False,False,False,True,RAW_MISSING,False,,,4
2022-05-06T23:00:00Z,2022-05-07,PRE_CONTEXT,data/raw/opensky/state_vectors/2022/date=2022-05-06/hour=23/states_2022-05-06-23.csv.tar,False,False,False,False,True,RAW_MISSING,False,,,4
2022-05-07T00:00:00Z,2022-05-07,ANCHOR_DAY,data/raw/opensky/state_vectors/2022/date=2022-05-07/hour=00/states_2022-05-07-00.csv.tar,False,False,False,False,True,RAW_MISSING,False,,,4
2022-05-07T01:00:00Z,2022-05-07,ANCHOR_DAY,data/raw/opensky/state_vectors/2022/date=2022-05-07/hour=01/states_2022-05-07-01.csv.tar,False,False,False,False,True,RAW_MISSING,False,,,4
2022-05-07T02:00:00Z,2022-05-07,ANCHOR_DAY,data/raw/opensky/state_vectors/2022/date=2022-05-07/hour=02/states_2022-05-07-02.csv.tar,False,False,False,False,True,RAW_MISSING,False,,,4
2022-05-07T03:00:00Z,2022-05-07,ANCHOR_DAY,data/raw/opensky/state_vectors/2022/date=2022-05-07/hour=03/states_2022-05-07-03.csv.tar,False,False,False,False,True,RAW_MISSING,False,,,4
2022-05-07T04:00:00Z,2022-05-07,ANCHOR_DAY,data/raw/opensky/state_vectors/2022/date=2022-05-07/hour=04/states_2022-05-07-04.csv.tar,False,False,False,False,True,RAW_MISSING,False,,,4
2022-05-07T05:00:00Z,2022-05-07,ANCHOR_DAY,data/raw/opensky/state_vectors/2022/date=2022-05-07/hour=05/states_2022-05-07-05.csv.tar,False,False,False,False,True,RAW_MISSING,False,,,4
2022-05-07T06:00:00Z,2022-05-07,ANCHOR_DAY,data/raw/opensky/state_vectors/2022/date=2022-05-07/hour=06/states_2022-05-07-06.csv.tar,False,False,False,False,True,RAW_MISSING,False,,,4
2022-05-07T07:00:00Z,2022-05-07,ANCHOR_DAY,data/raw/opensky/state_vectors/2022/date=2022-05-07/hour=07/states_2022-05-07-07.csv.tar,False,False,False,False,True,RAW_MISSING,False,,,4
2022-05-07T08:00:00Z,2022-05-07,ANCHOR_DAY,data/raw/opensky/state_vectors/2022/date=2022-05-07/hour=08/states_2022-05-07-08.csv.tar,False,False,False,False,True,RAW_MISSING,False,,,4
2022-05-07T09:00:00Z,2022-05-07,ANCHOR_DAY,data/raw/opensky/state_vectors/2022/date=2022-05-07/hour=09/states_2022-05-07-09.csv.tar,False,False,False,False,True,RAW_MISSING,False,,,4
2022-05-07T10:00:00Z,2022-05-07,ANCHOR_DAY,data/raw/opensky/state_vectors/2022/date=2022-05-07/hour=10/states_2022-05-07-10.csv.tar,False,False,False,False,True,RAW_MISSING,False,,,4
2022-05-07T11:00:00Z,2022-05-07,ANCHOR_DAY,data/raw/opensky/state_vectors/2022/date=2022-05-07/hour=11/states_2022-05-07-11.csv.tar,False,False,False,False,True,RAW_MISSING,False,,,4
2022-05-07T12:00:00Z,2022-05-07,ANCHOR_DAY,data/raw/opensky/state_vectors/2022/date=2022-05-07/hour=12/states_2022-05-07-12.csv.tar,False,False,False,False,True,RAW_MISSING,False,,,4
2022-05-07T13:00:00Z,2022-05-07,ANCHOR_DAY,data/raw/opensky/state_vectors/2022/date=2022-05-07/hour=13/states_2022-05-07-13.csv.tar,False,False,False,False,True,RAW_MISSING,False,,,4
2022-05-07T14:00:00Z,2022-05-07,ANCHOR_DAY,data/raw/opensky/state_vectors/2022/date=2022-05-07/hour=14/states_2022-05-07-14.csv.tar,False,False,False,False,True,RAW_MISSING,False,,,4
2022-05-07T15:00:00Z,2022-05-07,ANCHOR_DAY,data/raw/opensky/state_vectors/2022/date=2022-05-07/hour=15/states_2022-05-07-15.csv.tar,False,False,False,False,True,RAW_MISSING,False,,,4
2022-05-07T16:00:00Z,2022-05-07,ANCHOR_DAY,data/raw/opensky/state_vectors/2022/date=2022-05-07/hour=16/states_2022-05-07-16.csv.tar,False,False,False,False,True,RAW_MISSING,False,,,4
2022-05-07T17:00:00Z,2022-05-07,ANCHOR_DAY,data/raw/opensky/state_vectors/2022/date=2022-05-07/hour=17/states_2022-05-07-17.csv.tar,False,False,False,False,True,RAW_MISSING,False,,,4
2022-05-07T18:00:00Z,2022-05-07,ANCHOR_DAY,data/raw/opensky/state_vectors/2022/date=2022-05-07/hour=18/states_2022-05-07-18.csv.tar,False,False,False,False,True,RAW_MISSING,False,,,4
2022-05-07T19:00:00Z,2022-05-07,ANCHOR_DAY,data/raw/opensky/state_vectors/2022/date=2022-05-07/hour=19/states_2022-05-07-19.csv.tar,False,False,False,False,True,RAW_MISSING,False,,,4
2022-05-07T20:00:00Z,2022-05-07,ANCHOR_DAY,data/raw/opensky/state_vectors/2022/date=2022-05-07/hour=20/states_2022-05-07-20.csv.tar,False,False,False,False,True,RAW_MISSING,False,,,4
2022-05-07T21:00:00Z,2022-05-07,ANCHOR_DAY,data/raw/opensky/state_vectors/2022/date=2022-05-07/hour=21/states_2022-05-07-21.csv.tar,False,False,False,False,True,RAW_MISSING,False,,,4
2022-05-07T22:00:00Z,2022-05-07,ANCHOR_DAY,data/raw/opensky/state_vectors/2022/date=2022-05-07/hour=22/states_2022-05-07-22.csv.tar,False,False,False,False,True,RAW_MISSING,False,,,4
2022-05-07T23:00:00Z,2022-05-07,ANCHOR_DAY,data/raw/opensky/state_vectors/2022/date=2022-05-07/hour=23/states_2022-05-07-23.csv.tar,False,False,False,False,True,RAW_MISSING,False,,,4
2022-05-08T00:00:00Z,2022-05-07,POST_CONTEXT,data/raw/opensky/state_vectors/2022/date=2022-05-08/hour=00/states_2022-05-08-00.csv.tar,False,False,False,False,True,RAW_MISSING,False,,,4
2022-05-08T01:00:00Z,2022-05-07,POST_CONTEXT,data/raw/opensky/state_vectors/2022/date=2022-05-08/hour=01/states_2022-05-08-01.csv.tar,False,False,False,False,True,RAW_MISSING,False,,,4
2022-05-08T02:00:00Z,2022-05-07,POST_CONTEXT,data/raw/opensky/state_vectors/2022/date=2022-05-08/hour=02/states_2022-05-08-02.csv.tar,False,False,False,False,True,RAW_MISSING,False,,,4
2022-05-08T03:00:00Z,2022-05-07,POST_CONTEXT,data/raw/opensky/state_vectors/2022/date=2022-05-08/hour=03/states_2022-05-08-03.csv.tar,False,False,False,False,True,RAW_MISSING,False,,,4
2022-05-08T04:00:00Z,2022-05-07,POST_CONTEXT,data/raw/opensky/state_vectors/2022/date=2022-05-08/hour=04/states_2022-05-08-04.csv.tar,False,False,False,False,True,RAW_MISSING,False,,,4
2022-05-08T05:00:00Z,2022-05-07,POST_CONTEXT,data/raw/opensky/state_vectors/2022/date=2022-05-08/hour=05/states_2022-05-08-05.csv.tar,False,False,False,False,True,RAW_MISSING,False,,,4
2022-05-08T06:00:00Z,2022-05-07,POST_CONTEXT,data/raw/opensky/state_vectors/2022/date=2022-05-08/hour=06/states_2022-05-08-06.csv.tar,False,False,False,False,True,RAW_MISSING,False,,,4
2022-05-08T07:00:00Z,2022-05-07,POST_CONTEXT,data/raw/opensky/state_vectors/2022/date=2022-05-08/hour=07/states_2022-05-08-07.csv.tar,False,False,False,False,True,RAW_MISSING,False,,,4
2022-05-08T08:00:00Z,2022-05-07,POST_CONTEXT,data/raw/opensky/state_vectors/2022/date=2022-05-08/hour=08/states_2022-05-08-08.csv.tar,False,False,False,False,True,RAW_MISSING,False,,,4
2022-05-08T09:00:00Z,2022-05-07,POST_CONTEXT,data/raw/opensky/state_vectors/2022/date=2022-05-08/hour=09/states_2022-05-08-09.csv.tar,False,False,False,False,True,RAW_MISSING,False,,,4
2022-05-08T10:00:00Z,2022-05-07,POST_CONTEXT,data/raw/opensky/state_vectors/2022/date=2022-05-08/hour=10/states_2022-05-08-10.csv.tar,False,False,False,False,True,RAW_MISSING,False,,,4
2022-05-08T11:00:00Z,2022-05-07,POST_CONTEXT,data/raw/opensky/state_vectors/2022/date=2022-05-08/hour=11/states_2022-05-08-11.csv.tar,False,False,False,False,True,RAW_MISSING,False,,,4
2022-05-08T18:00:00Z,2022-05-09,PRE_CONTEXT,data/raw/opensky/state_vectors/2022/date=2022-05-08/hour=18/states_2022-05-08-18.csv.tar,False,False,False,False,True,RAW_MISSING,False,,,4
2022-05-08T19:00:00Z,2022-05-09,PRE_CONTEXT,data/raw/opensky/state_vectors/2022/date=2022-05-08/hour=19/states_2022-05-08-19.csv.tar,False,False,False,False,True,RAW_MISSING,False,,,4
2022-05-08T20:00:00Z,2022-05-09,PRE_CONTEXT,data/raw/opensky/state_vectors/2022/date=2022-05-08/hour=20/states_2022-05-08-20.csv.tar,False,False,False,False,True,RAW_MISSING,False,,,4
2022-05-08T21:00:00Z,2022-05-09,PRE_CONTEXT,data/raw/opensky/state_vectors/2022/date=2022-05-08/hour=21/states_2022-05-08-21.csv.tar,False,False,False,False,True,RAW_MISSING,False,,,4
2022-05-08T22:00:00Z,2022-05-09,PRE_CONTEXT,data/raw/opensky/state_vectors/2022/date=2022-05-08/hour=22/states_2022-05-08-22.csv.tar,False,False,False,False,True,RAW_MISSING,False,,,4
2022-05-08T23:00:00Z,2022-05-09,PRE_CONTEXT,data/raw/opensky/state_vectors/2022/date=2022-05-08/hour=23/states_2022-05-08-23.csv.tar,False,False,False,False,True,RAW_MISSING,False,,,4
2022-05-10T00:00:00Z,2022-05-09,POST_CONTEXT,data/raw/opensky/state_vectors/2022/date=2022-05-10/hour=00/states_2022-05-10-00.csv.tar,False,False,False,False,True,RAW_MISSING,False,,,4
2022-05-10T01:00:00Z,2022-05-09,POST_CONTEXT,data/raw/opensky/state_vectors/2022/date=2022-05-10/hour=01/states_2022-05-10-01.csv.tar,False,False,False,False,True,RAW_MISSING,False,,,4
2022-05-10T02:00:00Z,2022-05-09,POST_CONTEXT,data/raw/opensky/state_vectors/2022/date=2022-05-10/hour=02/states_2022-05-10-02.csv.tar,False,False,False,False,True,RAW_MISSING,False,,,4
2022-05-10T03:00:00Z,2022-05-09,POST_CONTEXT,data/raw/opensky/state_vectors/2022/date=2022-05-10/hour=03/states_2022-05-10-03.csv.tar,False,False,False,False,True,RAW_MISSING,False,,,4
2022-05-10T04:00:00Z,2022-05-09,POST_CONTEXT,data/raw/opensky/state_vectors/2022/date=2022-05-10/hour=04/states_2022-05-10-04.csv.tar,False,False,False,False,True,RAW_MISSING,False,,,4
2022-05-10T05:00:00Z,2022-05-09,POST_CONTEXT,data/raw/opensky/state_vectors/2022/date=2022-05-10/hour=05/states_2022-05-10-05.csv.tar,False,False,False,False,True,RAW_MISSING,False,,,4
2022-05-10T06:00:00Z,2022-05-09,POST_CONTEXT,data/raw/opensky/state_vectors/2022/date=2022-05-10/hour=06/states_2022-05-10-06.csv.tar,False,False,False,False,True,RAW_MISSING,False,,,4
2022-05-10T07:00:00Z,2022-05-09,POST_CONTEXT,data/raw/opensky/state_vectors/2022/date=2022-05-10/hour=07/states_2022-05-10-07.csv.tar,False,False,False,False,True,RAW_MISSING,False,,,4
2022-05-10T08:00:00Z,2022-05-09,POST_CONTEXT,data/raw/opensky/state_vectors/2022/date=2022-05-10/hour=08/states_2022-05-10-08.csv.tar,False,False,False,False,True,RAW_MISSING,False,,,4
2022-05-10T09:00:00Z,2022-05-09,POST_CONTEXT,data/raw/opensky/state_vectors/2022/date=2022-05-10/hour=09/states_2022-05-10-09.csv.tar,False,False,False,False,True,RAW_MISSING,False,,,4
2022-05-10T10:00:00Z,2022-05-09,POST_CONTEXT,data/raw/opensky/state_vectors/2022/date=2022-05-10/hour=10/states_2022-05-10-10.csv.tar,False,False,False,False,True,RAW_MISSING,False,,,4
2022-05-10T11:00:00Z,2022-05-09,POST_CONTEXT,data/raw/opensky/state_vectors/2022/date=2022-05-10/hour=11/states_2022-05-10-11.csv.tar,False,False,False,False,True,RAW_MISSING,False,,,4
2022-05-15T18:00:00Z,2022-05-16,PRE_CONTEXT,data/raw/opensky/state_vectors/2022/date=2022-05-15/hour=18/states_2022-05-15-18.csv.tar,False,False,False,False,True,RAW_MISSING,False,,,4
2022-05-15T19:00:00Z,2022-05-16,PRE_CONTEXT,data/raw/opensky/state_vectors/2022/date=2022-05-15/hour=19/states_2022-05-15-19.csv.tar,False,False,False,False,True,RAW_MISSING,False,,,4
2022-05-15T20:00:00Z,2022-05-16,PRE_CONTEXT,data/raw/opensky/state_vectors/2022/date=2022-05-15/hour=20/states_2022-05-15-20.csv.tar,False,False,False,False,True,RAW_MISSING,False,,,4
2022-05-15T21:00:00Z,2022-05-16,PRE_CONTEXT,data/raw/opensky/state_vectors/2022/date=2022-05-15/hour=21/states_2022-05-15-21.csv.tar,False,False,False,False,True,RAW_MISSING,False,,,4
2022-05-15T22:00:00Z,2022-05-16,PRE_CONTEXT,data/raw/opensky/state_vectors/2022/date=2022-05-15/hour=22/states_2022-05-15-22.csv.tar,False,False,False,False,True,RAW_MISSING,False,,,4
2022-05-15T23:00:00Z,2022-05-16,PRE_CONTEXT,data/raw/opensky/state_vectors/2022/date=2022-05-15/hour=23/states_2022-05-15-23.csv.tar,False,False,False,False,True,RAW_MISSING,False,,,4
2022-05-17T00:00:00Z,2022-05-16,POST_CONTEXT,data/raw/opensky/state_vectors/2022/date=2022-05-17/hour=00/states_2022-05-17-00.csv.tar,False,False,False,False,True,RAW_MISSING,False,,,4
2022-05-17T01:00:00Z,2022-05-16,POST_CONTEXT,data/raw/opensky/state_vectors/2022/date=2022-05-17/hour=01/states_2022-05-17-01.csv.tar,False,False,False,False,True,RAW_MISSING,False,,,4
2022-05-17T02:00:00Z,2022-05-16,POST_CONTEXT,data/raw/opensky/state_vectors/2022/date=2022-05-17/hour=02/states_2022-05-17-02.csv.tar,False,False,False,False,True,RAW_MISSING,False,,,4
2022-05-17T03:00:00Z,2022-05-16,POST_CONTEXT,data/raw/opensky/state_vectors/2022/date=2022-05-17/hour=03/states_2022-05-17-03.csv.tar,False,False,False,False,True,RAW_MISSING,False,,,4
2022-05-17T04:00:00Z,2022-05-16,POST_CONTEXT,data/raw/opensky/state_vectors/2022/date=2022-05-17/hour=04/states_2022-05-17-04.csv.tar,False,False,False,False,True,RAW_MISSING,False,,,4
2022-05-17T05:00:00Z,2022-05-16,POST_CONTEXT,data/raw/opensky/state_vectors/2022/date=2022-05-17/hour=05/states_2022-05-17-05.csv.tar,False,False,False,False,True,RAW_MISSING,False,,,4
2022-05-17T06:00:00Z,2022-05-16,POST_CONTEXT,data/raw/opensky/state_vectors/2022/date=2022-05-17/hour=06/states_2022-05-17-06.csv.tar,False,False,False,False,True,RAW_MISSING,False,,,4
2022-05-17T07:00:00Z,2022-05-16,POST_CONTEXT,data/raw/opensky/state_vectors/2022/date=2022-05-17/hour=07/states_2022-05-17-07.csv.tar,False,False,False,False,True,RAW_MISSING,False,,,4
2022-05-17T08:00:00Z,2022-05-16,POST_CONTEXT,data/raw/opensky/state_vectors/2022/date=2022-05-17/hour=08/states_2022-05-17-08.csv.tar,False,False,False,False,True,RAW_MISSING,False,,,4
2022-05-17T09:00:00Z,2022-05-16,POST_CONTEXT,data/raw/opensky/state_vectors/2022/date=2022-05-17/hour=09/states_2022-05-17-09.csv.tar,False,False,False,False,True,RAW_MISSING,False,,,4
2022-05-17T10:00:00Z,2022-05-16,POST_CONTEXT,data/raw/opensky/state_vectors/2022/date=2022-05-17/hour=10/states_2022-05-17-10.csv.tar,False,False,False,False,True,RAW_MISSING,False,,,4
2022-05-17T11:00:00Z,2022-05-16,POST_CONTEXT,data/raw/opensky/state_vectors/2022/date=2022-05-17/hour=11/states_2022-05-17-11.csv.tar,False,False,False,False,True,RAW_MISSING,False,,,4
2022-05-20T18:00:00Z,2022-05-21,PRE_CONTEXT,data/raw/opensky/state_vectors/2022/date=2022-05-20/hour=18/states_2022-05-20-18.csv.tar,False,False,False,False,True,RAW_MISSING,False,,,4
2022-05-20T19:00:00Z,2022-05-21,PRE_CONTEXT,data/raw/opensky/state_vectors/2022/date=2022-05-20/hour=19/states_2022-05-20-19.csv.tar,False,False,False,False,True,RAW_MISSING,False,,,4
2022-05-20T20:00:00Z,2022-05-21,PRE_CONTEXT,data/raw/opensky/state_vectors/2022/date=2022-05-20/hour=20/states_2022-05-20-20.csv.tar,False,False,False,False,True,RAW_MISSING,False,,,4
2022-05-20T21:00:00Z,2022-05-21,PRE_CONTEXT,data/raw/opensky/state_vectors/2022/date=2022-05-20/hour=21/states_2022-05-20-21.csv.tar,False,False,False,False,True,RAW_MISSING,False,,,4
2022-05-20T22:00:00Z,2022-05-21,PRE_CONTEXT,data/raw/opensky/state_vectors/2022/date=2022-05-20/hour=22/states_2022-05-20-22.csv.tar,False,False,False,False,True,RAW_MISSING,False,,,4
2022-05-20T23:00:00Z,2022-05-21,PRE_CONTEXT,data/raw/opensky/state_vectors/2022/date=2022-05-20/hour=23/states_2022-05-20-23.csv.tar,False,False,False,False,True,RAW_MISSING,False,,,4
2022-05-21T00:00:00Z,2022-05-21,ANCHOR_DAY,data/raw/opensky/state_vectors/2022/date=2022-05-21/hour=00/states_2022-05-21-00.csv.tar,False,False,False,False,True,RAW_MISSING,False,,,4
2022-05-21T01:00:00Z,2022-05-21,ANCHOR_DAY,data/raw/opensky/state_vectors/2022/date=2022-05-21/hour=01/states_2022-05-21-01.csv.tar,False,False,False,False,True,RAW_MISSING,False,,,4
2022-05-21T02:00:00Z,2022-05-21,ANCHOR_DAY,data/raw/opensky/state_vectors/2022/date=2022-05-21/hour=02/states_2022-05-21-02.csv.tar,False,False,False,False,True,RAW_MISSING,False,,,4
2022-05-21T03:00:00Z,2022-05-21,ANCHOR_DAY,data/raw/opensky/state_vectors/2022/date=2022-05-21/hour=03/states_2022-05-21-03.csv.tar,False,False,False,False,True,RAW_MISSING,False,,,4
2022-05-21T04:00:00Z,2022-05-21,ANCHOR_DAY,data/raw/opensky/state_vectors/2022/date=2022-05-21/hour=04/states_2022-05-21-04.csv.tar,False,False,False,False,True,RAW_MISSING,False,,,4
2022-05-21T05:00:00Z,2022-05-21,ANCHOR_DAY,data/raw/opensky/state_vectors/2022/date=2022-05-21/hour=05/states_2022-05-21-05.csv.tar,False,False,False,False,True,RAW_MISSING,False,,,4
2022-05-21T06:00:00Z,2022-05-21,ANCHOR_DAY,data/raw/opensky/state_vectors/2022/date=2022-05-21/hour=06/states_2022-05-21-06.csv.tar,False,False,False,False,True,RAW_MISSING,False,,,4
2022-05-21T07:00:00Z,2022-05-21,ANCHOR_DAY,data/raw/opensky/state_vectors/2022/date=2022-05-21/hour=07/states_2022-05-21-07.csv.tar,False,False,False,False,True,RAW_MISSING,False,,,4
2022-05-21T08:00:00Z,2022-05-21,ANCHOR_DAY,data/raw/opensky/state_vectors/2022/date=2022-05-21/hour=08/states_2022-05-21-08.csv.tar,False,False,False,False,True,RAW_MISSING,False,,,4
2022-05-21T09:00:00Z,2022-05-21,ANCHOR_DAY,data/raw/opensky/state_vectors/2022/date=2022-05-21/hour=09/states_2022-05-21-09.csv.tar,False,False,False,False,True,RAW_MISSING,False,,,4
2022-05-21T10:00:00Z,2022-05-21,ANCHOR_DAY,data/raw/opensky/state_vectors/2022/date=2022-05-21/hour=10/states_2022-05-21-10.csv.tar,False,False,False,False,True,RAW_MISSING,False,,,4
2022-05-21T11:00:00Z,2022-05-21,ANCHOR_DAY,data/raw/opensky/state_vectors/2022/date=2022-05-21/hour=11/states_2022-05-21-11.csv.tar,False,False,False,False,True,RAW_MISSING,False,,,4
2022-05-21T12:00:00Z,2022-05-21,ANCHOR_DAY,data/raw/opensky/state_vectors/2022/date=2022-05-21/hour=12/states_2022-05-21-12.csv.tar,False,False,False,False,True,RAW_MISSING,False,,,4
2022-05-21T13:00:00Z,2022-05-21,ANCHOR_DAY,data/raw/opensky/state_vectors/2022/date=2022-05-21/hour=13/states_2022-05-21-13.csv.tar,False,False,False,False,True,RAW_MISSING,False,,,4
2022-05-21T14:00:00Z,2022-05-21,ANCHOR_DAY,data/raw/opensky/state_vectors/2022/date=2022-05-21/hour=14/states_2022-05-21-14.csv.tar,False,False,False,False,True,RAW_MISSING,False,,,4
2022-05-21T15:00:00Z,2022-05-21,ANCHOR_DAY,data/raw/opensky/state_vectors/2022/date=2022-05-21/hour=15/states_2022-05-21-15.csv.tar,False,False,False,False,True,RAW_MISSING,False,,,4
2022-05-21T16:00:00Z,2022-05-21,ANCHOR_DAY,data/raw/opensky/state_vectors/2022/date=2022-05-21/hour=16/states_2022-05-21-16.csv.tar,False,False,False,False,True,RAW_MISSING,False,,,4
2022-05-21T17:00:00Z,2022-05-21,ANCHOR_DAY,data/raw/opensky/state_vectors/2022/date=2022-05-21/hour=17/states_2022-05-21-17.csv.tar,False,False,False,False,True,RAW_MISSING,False,,,4
2022-05-21T18:00:00Z,2022-05-21,ANCHOR_DAY,data/raw/opensky/state_vectors/2022/date=2022-05-21/hour=18/states_2022-05-21-18.csv.tar,False,False,False,False,True,RAW_MISSING,False,,,4
2022-05-21T19:00:00Z,2022-05-21,ANCHOR_DAY,data/raw/opensky/state_vectors/2022/date=2022-05-21/hour=19/states_2022-05-21-19.csv.tar,False,False,False,False,True,RAW_MISSING,False,,,4
2022-05-21T20:00:00Z,2022-05-21,ANCHOR_DAY,data/raw/opensky/state_vectors/2022/date=2022-05-21/hour=20/states_2022-05-21-20.csv.tar,False,False,False,False,True,RAW_MISSING,False,,,4
2022-05-21T21:00:00Z,2022-05-21,ANCHOR_DAY,data/raw/opensky/state_vectors/2022/date=2022-05-21/hour=21/states_2022-05-21-21.csv.tar,False,False,False,False,True,RAW_MISSING,False,,,4
2022-05-21T22:00:00Z,2022-05-21,ANCHOR_DAY,data/raw/opensky/state_vectors/2022/date=2022-05-21/hour=22/states_2022-05-21-22.csv.tar,False,False,False,False,True,RAW_MISSING,False,,,4
2022-05-21T23:00:00Z,2022-05-21,ANCHOR_DAY,data/raw/opensky/state_vectors/2022/date=2022-05-21/hour=23/states_2022-05-21-23.csv.tar,False,False,False,False,True,RAW_MISSING,False,,,4
2022-05-22T00:00:00Z,2022-05-21,POST_CONTEXT,data/raw/opensky/state_vectors/2022/date=2022-05-22/hour=00/states_2022-05-22-00.csv.tar,False,False,False,False,True,RAW_MISSING,False,,,4
2022-05-22T01:00:00Z,2022-05-21,POST_CONTEXT,data/raw/opensky/state_vectors/2022/date=2022-05-22/hour=01/states_2022-05-22-01.csv.tar,False,False,False,False,True,RAW_MISSING,False,,,4
2022-05-22T02:00:00Z,2022-05-21,POST_CONTEXT,data/raw/opensky/state_vectors/2022/date=2022-05-22/hour=02/states_2022-05-22-02.csv.tar,False,False,False,False,True,RAW_MISSING,False,,,4
2022-05-22T03:00:00Z,2022-05-21,POST_CONTEXT,data/raw/opensky/state_vectors/2022/date=2022-05-22/hour=03/states_2022-05-22-03.csv.tar,False,False,False,False,True,RAW_MISSING,False,,,4
2022-05-22T04:00:00Z,2022-05-21,POST_CONTEXT,data/raw/opensky/state_vectors/2022/date=2022-05-22/hour=04/states_2022-05-22-04.csv.tar,False,False,False,False,True,RAW_MISSING,False,,,4
2022-05-22T05:00:00Z,2022-05-21,POST_CONTEXT,data/raw/opensky/state_vectors/2022/date=2022-05-22/hour=05/states_2022-05-22-05.csv.tar,False,False,False,False,True,RAW_MISSING,False,,,4
2022-05-22T06:00:00Z,2022-05-21,POST_CONTEXT,data/raw/opensky/state_vectors/2022/date=2022-05-22/hour=06/states_2022-05-22-06.csv.tar,False,False,False,False,True,RAW_MISSING,False,,,4
2022-05-22T07:00:00Z,2022-05-21,POST_CONTEXT,data/raw/opensky/state_vectors/2022/date=2022-05-22/hour=07/states_2022-05-22-07.csv.tar,False,False,False,False,True,RAW_MISSING,False,,,4
2022-05-22T08:00:00Z,2022-05-21,POST_CONTEXT,data/raw/opensky/state_vectors/2022/date=2022-05-22/hour=08/states_2022-05-22-08.csv.tar,False,False,False,False,True,RAW_MISSING,False,,,4
2022-05-22T09:00:00Z,2022-05-21,POST_CONTEXT,data/raw/opensky/state_vectors/2022/date=2022-05-22/hour=09/states_2022-05-22-09.csv.tar,False,False,False,False,True,RAW_MISSING,False,,,4
2022-05-22T10:00:00Z,2022-05-21,POST_CONTEXT,data/raw/opensky/state_vectors/2022/date=2022-05-22/hour=10/states_2022-05-22-10.csv.tar,False,False,False,False,True,RAW_MISSING,False,,,4
2022-05-22T11:00:00Z,2022-05-21,POST_CONTEXT,data/raw/opensky/state_vectors/2022/date=2022-05-22/hour=11/states_2022-05-22-11.csv.tar,False,False,False,False,True,RAW_MISSING,False,,,4
2022-05-22T18:00:00Z,2022-05-23,PRE_CONTEXT,data/raw/opensky/state_vectors/2022/date=2022-05-22/hour=18/states_2022-05-22-18.csv.tar,False,False,False,False,True,RAW_MISSING,False,,,4
2022-05-22T19:00:00Z,2022-05-23,PRE_CONTEXT,data/raw/opensky/state_vectors/2022/date=2022-05-22/hour=19/states_2022-05-22-19.csv.tar,False,False,False,False,True,RAW_MISSING,False,,,4
2022-05-22T20:00:00Z,2022-05-23,PRE_CONTEXT,data/raw/opensky/state_vectors/2022/date=2022-05-22/hour=20/states_2022-05-22-20.csv.tar,False,False,False,False,True,RAW_MISSING,False,,,4
2022-05-22T21:00:00Z,2022-05-23,PRE_CONTEXT,data/raw/opensky/state_vectors/2022/date=2022-05-22/hour=21/states_2022-05-22-21.csv.tar,False,False,False,False,True,RAW_MISSING,False,,,4
2022-05-22T22:00:00Z,2022-05-23,PRE_CONTEXT,data/raw/opensky/state_vectors/2022/date=2022-05-22/hour=22/states_2022-05-22-22.csv.tar,False,False,False,False,True,RAW_MISSING,False,,,4
2022-05-22T23:00:00Z,2022-05-23,PRE_CONTEXT,data/raw/opensky/state_vectors/2022/date=2022-05-22/hour=23/states_2022-05-22-23.csv.tar,False,False,False,False,True,RAW_MISSING,False,,,4
2022-05-24T00:00:00Z,2022-05-23,POST_CONTEXT,data/raw/opensky/state_vectors/2022/date=2022-05-24/hour=00/states_2022-05-24-00.csv.tar,False,False,False,False,True,RAW_MISSING,False,,,4
2022-05-24T01:00:00Z,2022-05-23,POST_CONTEXT,data/raw/opensky/state_vectors/2022/date=2022-05-24/hour=01/states_2022-05-24-01.csv.tar,False,False,False,False,True,RAW_MISSING,False,,,4
2022-05-24T02:00:00Z,2022-05-23,POST_CONTEXT,data/raw/opensky/state_vectors/2022/date=2022-05-24/hour=02/states_2022-05-24-02.csv.tar,False,False,False,False,True,RAW_MISSING,False,,,4
2022-05-24T03:00:00Z,2022-05-23,POST_CONTEXT,data/raw/opensky/state_vectors/2022/date=2022-05-24/hour=03/states_2022-05-24-03.csv.tar,False,False,False,False,True,RAW_MISSING,False,,,4
2022-05-24T04:00:00Z,2022-05-23,POST_CONTEXT,data/raw/opensky/state_vectors/2022/date=2022-05-24/hour=04/states_2022-05-24-04.csv.tar,False,False,False,False,True,RAW_MISSING,False,,,4
2022-05-24T05:00:00Z,2022-05-23,POST_CONTEXT,data/raw/opensky/state_vectors/2022/date=2022-05-24/hour=05/states_2022-05-24-05.csv.tar,False,False,False,False,True,RAW_MISSING,False,,,4
2022-05-24T06:00:00Z,2022-05-23,POST_CONTEXT,data/raw/opensky/state_vectors/2022/date=2022-05-24/hour=06/states_2022-05-24-06.csv.tar,False,False,False,False,True,RAW_MISSING,False,,,4
2022-05-24T07:00:00Z,2022-05-23,POST_CONTEXT,data/raw/opensky/state_vectors/2022/date=2022-05-24/hour=07/states_2022-05-24-07.csv.tar,False,False,False,False,True,RAW_MISSING,False,,,4
2022-05-24T08:00:00Z,2022-05-23,POST_CONTEXT,data/raw/opensky/state_vectors/2022/date=2022-05-24/hour=08/states_2022-05-24-08.csv.tar,False,False,False,False,True,RAW_MISSING,False,,,4
2022-05-24T09:00:00Z,2022-05-23,POST_CONTEXT,data/raw/opensky/state_vectors/2022/date=2022-05-24/hour=09/states_2022-05-24-09.csv.tar,False,False,False,False,True,RAW_MISSING,False,,,4
2022-05-24T10:00:00Z,2022-05-23,POST_CONTEXT,data/raw/opensky/state_vectors/2022/date=2022-05-24/hour=10/states_2022-05-24-10.csv.tar,False,False,False,False,True,RAW_MISSING,False,,,4
2022-05-24T11:00:00Z,2022-05-23,POST_CONTEXT,data/raw/opensky/state_vectors/2022/date=2022-05-24/hour=11/states_2022-05-24-11.csv.tar,False,False,False,False,True,RAW_MISSING,False,,,4
2022-06-05T18:00:00Z,2022-06-06,PRE_CONTEXT,data/raw/opensky/state_vectors/2022/date=2022-06-05/hour=18/states_2022-06-05-18.csv.tar,False,False,False,False,True,RAW_MISSING,False,,,4
2022-06-05T19:00:00Z,2022-06-06,PRE_CONTEXT,data/raw/opensky/state_vectors/2022/date=2022-06-05/hour=19/states_2022-06-05-19.csv.tar,False,False,False,False,True,RAW_MISSING,False,,,4
2022-06-05T20:00:00Z,2022-06-06,PRE_CONTEXT,data/raw/opensky/state_vectors/2022/date=2022-06-05/hour=20/states_2022-06-05-20.csv.tar,False,False,False,False,True,RAW_MISSING,False,,,4
2022-06-05T21:00:00Z,2022-06-06,PRE_CONTEXT,data/raw/opensky/state_vectors/2022/date=2022-06-05/hour=21/states_2022-06-05-21.csv.tar,False,False,False,False,True,RAW_MISSING,False,,,4
2022-06-05T22:00:00Z,2022-06-06,PRE_CONTEXT,data/raw/opensky/state_vectors/2022/date=2022-06-05/hour=22/states_2022-06-05-22.csv.tar,False,False,False,False,True,RAW_MISSING,False,,,4
2022-06-05T23:00:00Z,2022-06-06,PRE_CONTEXT,data/raw/opensky/state_vectors/2022/date=2022-06-05/hour=23/states_2022-06-05-23.csv.tar,False,False,False,False,True,RAW_MISSING,False,,,4
2022-06-07T00:00:00Z,2022-06-06,POST_CONTEXT,data/raw/opensky/state_vectors/2022/date=2022-06-07/hour=00/states_2022-06-07-00.csv.tar,False,False,False,False,True,RAW_MISSING,False,,,4
2022-06-07T01:00:00Z,2022-06-06,POST_CONTEXT,data/raw/opensky/state_vectors/2022/date=2022-06-07/hour=01/states_2022-06-07-01.csv.tar,False,False,False,False,True,RAW_MISSING,False,,,4
2022-06-07T02:00:00Z,2022-06-06,POST_CONTEXT,data/raw/opensky/state_vectors/2022/date=2022-06-07/hour=02/states_2022-06-07-02.csv.tar,False,False,False,False,True,RAW_MISSING,False,,,4
2022-06-07T03:00:00Z,2022-06-06,POST_CONTEXT,data/raw/opensky/state_vectors/2022/date=2022-06-07/hour=03/states_2022-06-07-03.csv.tar,False,False,False,False,True,RAW_MISSING,False,,,4
2022-06-07T04:00:00Z,2022-06-06,POST_CONTEXT,data/raw/opensky/state_vectors/2022/date=2022-06-07/hour=04/states_2022-06-07-04.csv.tar,False,False,False,False,True,RAW_MISSING,False,,,4
2022-06-07T05:00:00Z,2022-06-06,POST_CONTEXT,data/raw/opensky/state_vectors/2022/date=2022-06-07/hour=05/states_2022-06-07-05.csv.tar,False,False,False,False,True,RAW_MISSING,False,,,4
2022-06-07T06:00:00Z,2022-06-06,POST_CONTEXT,data/raw/opensky/state_vectors/2022/date=2022-06-07/hour=06/states_2022-06-07-06.csv.tar,False,False,False,False,True,RAW_MISSING,False,,,4
2022-06-07T07:00:00Z,2022-06-06,POST_CONTEXT,data/raw/opensky/state_vectors/2022/date=2022-06-07/hour=07/states_2022-06-07-07.csv.tar,False,False,False,False,True,RAW_MISSING,False,,,4
2022-06-07T08:00:00Z,2022-06-06,POST_CONTEXT,data/raw/opensky/state_vectors/2022/date=2022-06-07/hour=08/states_2022-06-07-08.csv.tar,False,False,False,False,True,RAW_MISSING,False,,,4
2022-06-07T09:00:00Z,2022-06-06,POST_CONTEXT,data/raw/opensky/state_vectors/2022/date=2022-06-07/hour=09/states_2022-06-07-09.csv.tar,False,False,False,False,True,RAW_MISSING,False,,,4
2022-06-07T10:00:00Z,2022-06-06,POST_CONTEXT,data/raw/opensky/state_vectors/2022/date=2022-06-07/hour=10/states_2022-06-07-10.csv.tar,False,False,False,False,True,RAW_MISSING,False,,,4
2022-06-07T11:00:00Z,2022-06-06,POST_CONTEXT,data/raw/opensky/state_vectors/2022/date=2022-06-07/hour=11/states_2022-06-07-11.csv.tar,False,False,False,False,True,RAW_MISSING,False,,,4
2022-06-10T18:00:00Z,2022-06-11,PRE_CONTEXT,data/raw/opensky/state_vectors/2022/date=2022-06-10/hour=18/states_2022-06-10-18.csv.tar,False,False,False,False,True,RAW_MISSING,False,,,4
2022-06-10T19:00:00Z,2022-06-11,PRE_CONTEXT,data/raw/opensky/state_vectors/2022/date=2022-06-10/hour=19/states_2022-06-10-19.csv.tar,False,False,False,False,True,RAW_MISSING,False,,,4
2022-06-10T20:00:00Z,2022-06-11,PRE_CONTEXT,data/raw/opensky/state_vectors/2022/date=2022-06-10/hour=20/states_2022-06-10-20.csv.tar,False,False,False,False,True,RAW_MISSING,False,,,4
2022-06-10T21:00:00Z,2022-06-11,PRE_CONTEXT,data/raw/opensky/state_vectors/2022/date=2022-06-10/hour=21/states_2022-06-10-21.csv.tar,False,False,False,False,True,RAW_MISSING,False,,,4
2022-06-10T22:00:00Z,2022-06-11,PRE_CONTEXT,data/raw/opensky/state_vectors/2022/date=2022-06-10/hour=22/states_2022-06-10-22.csv.tar,False,False,False,False,True,RAW_MISSING,False,,,4
2022-06-10T23:00:00Z,2022-06-11,PRE_CONTEXT,data/raw/opensky/state_vectors/2022/date=2022-06-10/hour=23/states_2022-06-10-23.csv.tar,False,False,False,False,True,RAW_MISSING,False,,,4
2022-06-11T00:00:00Z,2022-06-11,ANCHOR_DAY,data/raw/opensky/state_vectors/2022/date=2022-06-11/hour=00/states_2022-06-11-00.csv.tar,False,False,False,False,True,RAW_MISSING,False,,,4
2022-06-11T01:00:00Z,2022-06-11,ANCHOR_DAY,data/raw/opensky/state_vectors/2022/date=2022-06-11/hour=01/states_2022-06-11-01.csv.tar,False,False,False,False,True,RAW_MISSING,False,,,4
2022-06-11T02:00:00Z,2022-06-11,ANCHOR_DAY,data/raw/opensky/state_vectors/2022/date=2022-06-11/hour=02/states_2022-06-11-02.csv.tar,False,False,False,False,True,RAW_MISSING,False,,,4
2022-06-11T03:00:00Z,2022-06-11,ANCHOR_DAY,data/raw/opensky/state_vectors/2022/date=2022-06-11/hour=03/states_2022-06-11-03.csv.tar,False,False,False,False,True,RAW_MISSING,False,,,4
2022-06-11T04:00:00Z,2022-06-11,ANCHOR_DAY,data/raw/opensky/state_vectors/2022/date=2022-06-11/hour=04/states_2022-06-11-04.csv.tar,False,False,False,False,True,RAW_MISSING,False,,,4
2022-06-11T05:00:00Z,2022-06-11,ANCHOR_DAY,data/raw/opensky/state_vectors/2022/date=2022-06-11/hour=05/states_2022-06-11-05.csv.tar,False,False,False,False,True,RAW_MISSING,False,,,4
2022-06-11T06:00:00Z,2022-06-11,ANCHOR_DAY,data/raw/opensky/state_vectors/2022/date=2022-06-11/hour=06/states_2022-06-11-06.csv.tar,False,False,False,False,True,RAW_MISSING,False,,,4
2022-06-11T07:00:00Z,2022-06-11,ANCHOR_DAY,data/raw/opensky/state_vectors/2022/date=2022-06-11/hour=07/states_2022-06-11-07.csv.tar,False,False,False,False,True,RAW_MISSING,False,,,4
2022-06-11T08:00:00Z,2022-06-11,ANCHOR_DAY,data/raw/opensky/state_vectors/2022/date=2022-06-11/hour=08/states_2022-06-11-08.csv.tar,False,False,False,False,True,RAW_MISSING,False,,,4
2022-06-11T09:00:00Z,2022-06-11,ANCHOR_DAY,data/raw/opensky/state_vectors/2022/date=2022-06-11/hour=09/states_2022-06-11-09.csv.tar,False,False,False,False,True,RAW_MISSING,False,,,4
2022-06-11T10:00:00Z,2022-06-11,ANCHOR_DAY,data/raw/opensky/state_vectors/2022/date=2022-06-11/hour=10/states_2022-06-11-10.csv.tar,False,False,False,False,True,RAW_MISSING,False,,,4
2022-06-11T11:00:00Z,2022-06-11,ANCHOR_DAY,data/raw/opensky/state_vectors/2022/date=2022-06-11/hour=11/states_2022-06-11-11.csv.tar,False,False,False,False,True,RAW_MISSING,False,,,4
2022-06-11T12:00:00Z,2022-06-11,ANCHOR_DAY,data/raw/opensky/state_vectors/2022/date=2022-06-11/hour=12/states_2022-06-11-12.csv.tar,False,False,False,False,True,RAW_MISSING,False,,,4
2022-06-11T13:00:00Z,2022-06-11,ANCHOR_DAY,data/raw/opensky/state_vectors/2022/date=2022-06-11/hour=13/states_2022-06-11-13.csv.tar,False,False,False,False,True,RAW_MISSING,False,,,4
2022-06-11T14:00:00Z,2022-06-11,ANCHOR_DAY,data/raw/opensky/state_vectors/2022/date=2022-06-11/hour=14/states_2022-06-11-14.csv.tar,False,False,False,False,True,RAW_MISSING,False,,,4
2022-06-11T15:00:00Z,2022-06-11,ANCHOR_DAY,data/raw/opensky/state_vectors/2022/date=2022-06-11/hour=15/states_2022-06-11-15.csv.tar,False,False,False,False,True,RAW_MISSING,False,,,4
2022-06-11T16:00:00Z,2022-06-11,ANCHOR_DAY,data/raw/opensky/state_vectors/2022/date=2022-06-11/hour=16/states_2022-06-11-16.csv.tar,False,False,False,False,True,RAW_MISSING,False,,,4
2022-06-11T17:00:00Z,2022-06-11,ANCHOR_DAY,data/raw/opensky/state_vectors/2022/date=2022-06-11/hour=17/states_2022-06-11-17.csv.tar,False,False,False,False,True,RAW_MISSING,False,,,4
2022-06-11T18:00:00Z,2022-06-11,ANCHOR_DAY,data/raw/opensky/state_vectors/2022/date=2022-06-11/hour=18/states_2022-06-11-18.csv.tar,False,False,False,False,True,RAW_MISSING,False,,,4
2022-06-11T19:00:00Z,2022-06-11,ANCHOR_DAY,data/raw/opensky/state_vectors/2022/date=2022-06-11/hour=19/states_2022-06-11-19.csv.tar,False,False,False,False,True,RAW_MISSING,False,,,4
2022-06-11T20:00:00Z,2022-06-11,ANCHOR_DAY,data/raw/opensky/state_vectors/2022/date=2022-06-11/hour=20/states_2022-06-11-20.csv.tar,False,False,False,False,True,RAW_MISSING,False,,,4
2022-06-11T21:00:00Z,2022-06-11,ANCHOR_DAY,data/raw/opensky/state_vectors/2022/date=2022-06-11/hour=21/states_2022-06-11-21.csv.tar,False,False,False,False,True,RAW_MISSING,False,,,4
2022-06-11T22:00:00Z,2022-06-11,ANCHOR_DAY,data/raw/opensky/state_vectors/2022/date=2022-06-11/hour=22/states_2022-06-11-22.csv.tar,False,False,False,False,True,RAW_MISSING,False,,,4
2022-06-11T23:00:00Z,2022-06-11,ANCHOR_DAY,data/raw/opensky/state_vectors/2022/date=2022-06-11/hour=23/states_2022-06-11-23.csv.tar,False,False,False,False,True,RAW_MISSING,False,,,4
2022-06-12T00:00:00Z,2022-06-11,POST_CONTEXT,data/raw/opensky/state_vectors/2022/date=2022-06-12/hour=00/states_2022-06-12-00.csv.tar,False,False,False,False,True,RAW_MISSING,False,,,4
2022-06-12T01:00:00Z,2022-06-11,POST_CONTEXT,data/raw/opensky/state_vectors/2022/date=2022-06-12/hour=01/states_2022-06-12-01.csv.tar,False,False,False,False,True,RAW_MISSING,False,,,4
2022-06-12T02:00:00Z,2022-06-11,POST_CONTEXT,data/raw/opensky/state_vectors/2022/date=2022-06-12/hour=02/states_2022-06-12-02.csv.tar,False,False,False,False,True,RAW_MISSING,False,,,4
2022-06-12T03:00:00Z,2022-06-11,POST_CONTEXT,data/raw/opensky/state_vectors/2022/date=2022-06-12/hour=03/states_2022-06-12-03.csv.tar,False,False,False,False,True,RAW_MISSING,False,,,4
2022-06-12T04:00:00Z,2022-06-11,POST_CONTEXT,data/raw/opensky/state_vectors/2022/date=2022-06-12/hour=04/states_2022-06-12-04.csv.tar,False,False,False,False,True,RAW_MISSING,False,,,4
2022-06-12T05:00:00Z,2022-06-11,POST_CONTEXT,data/raw/opensky/state_vectors/2022/date=2022-06-12/hour=05/states_2022-06-12-05.csv.tar,False,False,False,False,True,RAW_MISSING,False,,,4
2022-06-12T06:00:00Z,2022-06-11,POST_CONTEXT,data/raw/opensky/state_vectors/2022/date=2022-06-12/hour=06/states_2022-06-12-06.csv.tar,False,False,False,False,True,RAW_MISSING,False,,,4
2022-06-12T07:00:00Z,2022-06-11,POST_CONTEXT,data/raw/opensky/state_vectors/2022/date=2022-06-12/hour=07/states_2022-06-12-07.csv.tar,False,False,False,False,True,RAW_MISSING,False,,,4
2022-06-12T08:00:00Z,2022-06-11,POST_CONTEXT,data/raw/opensky/state_vectors/2022/date=2022-06-12/hour=08/states_2022-06-12-08.csv.tar,False,False,False,False,True,RAW_MISSING,False,,,4
2022-06-12T09:00:00Z,2022-06-11,POST_CONTEXT,data/raw/opensky/state_vectors/2022/date=2022-06-12/hour=09/states_2022-06-12-09.csv.tar,False,False,False,False,True,RAW_MISSING,False,,,4
2022-06-12T10:00:00Z,2022-06-11,POST_CONTEXT,data/raw/opensky/state_vectors/2022/date=2022-06-12/hour=10/states_2022-06-12-10.csv.tar,False,False,False,False,True,RAW_MISSING,False,,,4
2022-06-12T11:00:00Z,2022-06-11,POST_CONTEXT,data/raw/opensky/state_vectors/2022/date=2022-06-12/hour=11/states_2022-06-12-11.csv.tar,False,False,False,False,True,RAW_MISSING,False,,,4
2022-06-12T18:00:00Z,2022-06-13,PRE_CONTEXT,data/raw/opensky/state_vectors/2022/date=2022-06-12/hour=18/states_2022-06-12-18.csv.tar,False,False,False,False,True,RAW_MISSING,False,,,4
2022-06-12T19:00:00Z,2022-06-13,PRE_CONTEXT,data/raw/opensky/state_vectors/2022/date=2022-06-12/hour=19/states_2022-06-12-19.csv.tar,False,False,False,False,True,RAW_MISSING,False,,,4
2022-06-12T20:00:00Z,2022-06-13,PRE_CONTEXT,data/raw/opensky/state_vectors/2022/date=2022-06-12/hour=20/states_2022-06-12-20.csv.tar,False,False,False,False,True,RAW_MISSING,False,,,4
2022-06-12T21:00:00Z,2022-06-13,PRE_CONTEXT,data/raw/opensky/state_vectors/2022/date=2022-06-12/hour=21/states_2022-06-12-21.csv.tar,False,False,False,False,True,RAW_MISSING,False,,,4
2022-06-12T22:00:00Z,2022-06-13,PRE_CONTEXT,data/raw/opensky/state_vectors/2022/date=2022-06-12/hour=22/states_2022-06-12-22.csv.tar,False,False,False,False,True,RAW_MISSING,False,,,4
2022-06-12T23:00:00Z,2022-06-13,PRE_CONTEXT,data/raw/opensky/state_vectors/2022/date=2022-06-12/hour=23/states_2022-06-12-23.csv.tar,False,False,False,False,True,RAW_MISSING,False,,,4
2022-06-14T00:00:00Z,2022-06-13,POST_CONTEXT,data/raw/opensky/state_vectors/2022/date=2022-06-14/hour=00/states_2022-06-14-00.csv.tar,False,False,False,False,True,RAW_MISSING,False,,,4
2022-06-14T01:00:00Z,2022-06-13,POST_CONTEXT,data/raw/opensky/state_vectors/2022/date=2022-06-14/hour=01/states_2022-06-14-01.csv.tar,False,False,False,False,True,RAW_MISSING,False,,,4
2022-06-14T02:00:00Z,2022-06-13,POST_CONTEXT,data/raw/opensky/state_vectors/2022/date=2022-06-14/hour=02/states_2022-06-14-02.csv.tar,False,False,False,False,True,RAW_MISSING,False,,,4
2022-06-14T03:00:00Z,2022-06-13,POST_CONTEXT,data/raw/opensky/state_vectors/2022/date=2022-06-14/hour=03/states_2022-06-14-03.csv.tar,False,False,False,False,True,RAW_MISSING,False,,,4
2022-06-14T04:00:00Z,2022-06-13,POST_CONTEXT,data/raw/opensky/state_vectors/2022/date=2022-06-14/hour=04/states_2022-06-14-04.csv.tar,False,False,False,False,True,RAW_MISSING,False,,,4
2022-06-14T05:00:00Z,2022-06-13,POST_CONTEXT,data/raw/opensky/state_vectors/2022/date=2022-06-14/hour=05/states_2022-06-14-05.csv.tar,False,False,False,False,True,RAW_MISSING,False,,,4
2022-06-14T06:00:00Z,2022-06-13,POST_CONTEXT,data/raw/opensky/state_vectors/2022/date=2022-06-14/hour=06/states_2022-06-14-06.csv.tar,False,False,False,False,True,RAW_MISSING,False,,,4
2022-06-14T07:00:00Z,2022-06-13,POST_CONTEXT,data/raw/opensky/state_vectors/2022/date=2022-06-14/hour=07/states_2022-06-14-07.csv.tar,False,False,False,False,True,RAW_MISSING,False,,,4
2022-06-14T08:00:00Z,2022-06-13,POST_CONTEXT,data/raw/opensky/state_vectors/2022/date=2022-06-14/hour=08/states_2022-06-14-08.csv.tar,False,False,False,False,True,RAW_MISSING,False,,,4
2022-06-14T09:00:00Z,2022-06-13,POST_CONTEXT,data/raw/opensky/state_vectors/2022/date=2022-06-14/hour=09/states_2022-06-14-09.csv.tar,False,False,False,False,True,RAW_MISSING,False,,,4
2022-06-14T10:00:00Z,2022-06-13,POST_CONTEXT,data/raw/opensky/state_vectors/2022/date=2022-06-14/hour=10/states_2022-06-14-10.csv.tar,False,False,False,False,True,RAW_MISSING,False,,,4
2022-06-14T11:00:00Z,2022-06-13,POST_CONTEXT,data/raw/opensky/state_vectors/2022/date=2022-06-14/hour=11/states_2022-06-14-11.csv.tar,False,False,False,False,True,RAW_MISSING,False,,,4
2022-06-19T18:00:00Z,2022-06-20,PRE_CONTEXT,data/raw/opensky/state_vectors/2022/date=2022-06-19/hour=18/states_2022-06-19-18.csv.tar,False,False,False,False,True,RAW_MISSING,False,,,4
2022-06-19T19:00:00Z,2022-06-20,PRE_CONTEXT,data/raw/opensky/state_vectors/2022/date=2022-06-19/hour=19/states_2022-06-19-19.csv.tar,False,False,False,False,True,RAW_MISSING,False,,,4
2022-06-19T20:00:00Z,2022-06-20,PRE_CONTEXT,data/raw/opensky/state_vectors/2022/date=2022-06-19/hour=20/states_2022-06-19-20.csv.tar,False,False,False,False,True,RAW_MISSING,False,,,4
2022-06-19T21:00:00Z,2022-06-20,PRE_CONTEXT,data/raw/opensky/state_vectors/2022/date=2022-06-19/hour=21/states_2022-06-19-21.csv.tar,False,False,False,False,True,RAW_MISSING,False,,,4
2022-06-19T22:00:00Z,2022-06-20,PRE_CONTEXT,data/raw/opensky/state_vectors/2022/date=2022-06-19/hour=22/states_2022-06-19-22.csv.tar,False,False,False,False,True,RAW_MISSING,False,,,4
2022-06-19T23:00:00Z,2022-06-20,PRE_CONTEXT,data/raw/opensky/state_vectors/2022/date=2022-06-19/hour=23/states_2022-06-19-23.csv.tar,False,False,False,False,True,RAW_MISSING,False,,,4
2022-06-21T00:00:00Z,2022-06-20,POST_CONTEXT,data/raw/opensky/state_vectors/2022/date=2022-06-21/hour=00/states_2022-06-21-00.csv.tar,False,False,False,False,True,RAW_MISSING,False,,,4
2022-06-21T01:00:00Z,2022-06-20,POST_CONTEXT,data/raw/opensky/state_vectors/2022/date=2022-06-21/hour=01/states_2022-06-21-01.csv.tar,False,False,False,False,True,RAW_MISSING,False,,,4
2022-06-21T02:00:00Z,2022-06-20,POST_CONTEXT,data/raw/opensky/state_vectors/2022/date=2022-06-21/hour=02/states_2022-06-21-02.csv.tar,False,False,False,False,True,RAW_MISSING,False,,,4
2022-06-21T03:00:00Z,2022-06-20,POST_CONTEXT,data/raw/opensky/state_vectors/2022/date=2022-06-21/hour=03/states_2022-06-21-03.csv.tar,False,False,False,False,True,RAW_MISSING,False,,,4
2022-06-21T04:00:00Z,2022-06-20,POST_CONTEXT,data/raw/opensky/state_vectors/2022/date=2022-06-21/hour=04/states_2022-06-21-04.csv.tar,False,False,False,False,True,RAW_MISSING,False,,,4
2022-06-21T05:00:00Z,2022-06-20,POST_CONTEXT,data/raw/opensky/state_vectors/2022/date=2022-06-21/hour=05/states_2022-06-21-05.csv.tar,False,False,False,False,True,RAW_MISSING,False,,,4
2022-06-21T06:00:00Z,2022-06-20,POST_CONTEXT,data/raw/opensky/state_vectors/2022/date=2022-06-21/hour=06/states_2022-06-21-06.csv.tar,False,False,False,False,True,RAW_MISSING,False,,,4
2022-06-21T07:00:00Z,2022-06-20,POST_CONTEXT,data/raw/opensky/state_vectors/2022/date=2022-06-21/hour=07/states_2022-06-21-07.csv.tar,False,False,False,False,True,RAW_MISSING,False,,,4
2022-06-21T08:00:00Z,2022-06-20,POST_CONTEXT,data/raw/opensky/state_vectors/2022/date=2022-06-21/hour=08/states_2022-06-21-08.csv.tar,False,False,False,False,True,RAW_MISSING,False,,,4
2022-06-21T09:00:00Z,2022-06-20,POST_CONTEXT,data/raw/opensky/state_vectors/2022/date=2022-06-21/hour=09/states_2022-06-21-09.csv.tar,False,False,False,False,True,RAW_MISSING,False,,,4
2022-06-21T10:00:00Z,2022-06-20,POST_CONTEXT,data/raw/opensky/state_vectors/2022/date=2022-06-21/hour=10/states_2022-06-21-10.csv.tar,False,False,False,False,True,RAW_MISSING,False,,,4
2022-06-21T11:00:00Z,2022-06-20,POST_CONTEXT,data/raw/opensky/state_vectors/2022/date=2022-06-21/hour=11/states_2022-06-21-11.csv.tar,False,False,False,False,True,RAW_MISSING,False,,,4
2022-06-24T18:00:00Z,2022-06-25,PRE_CONTEXT,data/raw/opensky/state_vectors/2022/date=2022-06-24/hour=18/states_2022-06-24-18.csv.tar,False,False,False,False,True,RAW_MISSING,False,,,4
2022-06-24T19:00:00Z,2022-06-25,PRE_CONTEXT,data/raw/opensky/state_vectors/2022/date=2022-06-24/hour=19/states_2022-06-24-19.csv.tar,False,False,False,False,True,RAW_MISSING,False,,,4
2022-06-24T20:00:00Z,2022-06-25,PRE_CONTEXT,data/raw/opensky/state_vectors/2022/date=2022-06-24/hour=20/states_2022-06-24-20.csv.tar,False,False,False,False,True,RAW_MISSING,False,,,4
2022-06-24T21:00:00Z,2022-06-25,PRE_CONTEXT,data/raw/opensky/state_vectors/2022/date=2022-06-24/hour=21/states_2022-06-24-21.csv.tar,False,False,False,False,True,RAW_MISSING,False,,,4
2022-06-24T22:00:00Z,2022-06-25,PRE_CONTEXT,data/raw/opensky/state_vectors/2022/date=2022-06-24/hour=22/states_2022-06-24-22.csv.tar,False,False,False,False,True,RAW_MISSING,False,,,4
2022-06-24T23:00:00Z,2022-06-25,PRE_CONTEXT,data/raw/opensky/state_vectors/2022/date=2022-06-24/hour=23/states_2022-06-24-23.csv.tar,False,False,False,False,True,RAW_MISSING,False,,,4
2022-06-25T00:00:00Z,2022-06-25,ANCHOR_DAY,data/raw/opensky/state_vectors/2022/date=2022-06-25/hour=00/states_2022-06-25-00.csv.tar,False,False,False,False,True,RAW_MISSING,False,,,4
2022-06-25T01:00:00Z,2022-06-25,ANCHOR_DAY,data/raw/opensky/state_vectors/2022/date=2022-06-25/hour=01/states_2022-06-25-01.csv.tar,False,False,False,False,True,RAW_MISSING,False,,,4
2022-06-25T02:00:00Z,2022-06-25,ANCHOR_DAY,data/raw/opensky/state_vectors/2022/date=2022-06-25/hour=02/states_2022-06-25-02.csv.tar,False,False,False,False,True,RAW_MISSING,False,,,4
2022-06-25T03:00:00Z,2022-06-25,ANCHOR_DAY,data/raw/opensky/state_vectors/2022/date=2022-06-25/hour=03/states_2022-06-25-03.csv.tar,False,False,False,False,True,RAW_MISSING,False,,,4
2022-06-25T04:00:00Z,2022-06-25,ANCHOR_DAY,data/raw/opensky/state_vectors/2022/date=2022-06-25/hour=04/states_2022-06-25-04.csv.tar,False,False,False,False,True,RAW_MISSING,False,,,4
2022-06-25T05:00:00Z,2022-06-25,ANCHOR_DAY,data/raw/opensky/state_vectors/2022/date=2022-06-25/hour=05/states_2022-06-25-05.csv.tar,False,False,False,False,True,RAW_MISSING,False,,,4
2022-06-25T06:00:00Z,2022-06-25,ANCHOR_DAY,data/raw/opensky/state_vectors/2022/date=2022-06-25/hour=06/states_2022-06-25-06.csv.tar,False,False,False,False,True,RAW_MISSING,False,,,4
2022-06-25T07:00:00Z,2022-06-25,ANCHOR_DAY,data/raw/opensky/state_vectors/2022/date=2022-06-25/hour=07/states_2022-06-25-07.csv.tar,False,False,False,False,True,RAW_MISSING,False,,,4
2022-06-25T08:00:00Z,2022-06-25,ANCHOR_DAY,data/raw/opensky/state_vectors/2022/date=2022-06-25/hour=08/states_2022-06-25-08.csv.tar,False,False,False,False,True,RAW_MISSING,False,,,4
2022-06-25T09:00:00Z,2022-06-25,ANCHOR_DAY,data/raw/opensky/state_vectors/2022/date=2022-06-25/hour=09/states_2022-06-25-09.csv.tar,False,False,False,False,True,RAW_MISSING,False,,,4
2022-06-25T10:00:00Z,2022-06-25,ANCHOR_DAY,data/raw/opensky/state_vectors/2022/date=2022-06-25/hour=10/states_2022-06-25-10.csv.tar,False,False,False,False,True,RAW_MISSING,False,,,4
2022-06-25T11:00:00Z,2022-06-25,ANCHOR_DAY,data/raw/opensky/state_vectors/2022/date=2022-06-25/hour=11/states_2022-06-25-11.csv.tar,False,False,False,False,True,RAW_MISSING,False,,,4
2022-06-25T12:00:00Z,2022-06-25,ANCHOR_DAY,data/raw/opensky/state_vectors/2022/date=2022-06-25/hour=12/states_2022-06-25-12.csv.tar,False,False,False,False,True,RAW_MISSING,False,,,4
2022-06-25T13:00:00Z,2022-06-25,ANCHOR_DAY,data/raw/opensky/state_vectors/2022/date=2022-06-25/hour=13/states_2022-06-25-13.csv.tar,False,False,False,False,True,RAW_MISSING,False,,,4
2022-06-25T14:00:00Z,2022-06-25,ANCHOR_DAY,data/raw/opensky/state_vectors/2022/date=2022-06-25/hour=14/states_2022-06-25-14.csv.tar,False,False,False,False,True,RAW_MISSING,False,,,4
2022-06-25T15:00:00Z,2022-06-25,ANCHOR_DAY,data/raw/opensky/state_vectors/2022/date=2022-06-25/hour=15/states_2022-06-25-15.csv.tar,False,False,False,False,True,RAW_MISSING,False,,,4
2022-06-25T16:00:00Z,2022-06-25,ANCHOR_DAY,data/raw/opensky/state_vectors/2022/date=2022-06-25/hour=16/states_2022-06-25-16.csv.tar,False,False,False,False,True,RAW_MISSING,False,,,4
2022-06-25T17:00:00Z,2022-06-25,ANCHOR_DAY,data/raw/opensky/state_vectors/2022/date=2022-06-25/hour=17/states_2022-06-25-17.csv.tar,False,False,False,False,True,RAW_MISSING,False,,,4
2022-06-25T18:00:00Z,2022-06-25,ANCHOR_DAY,data/raw/opensky/state_vectors/2022/date=2022-06-25/hour=18/states_2022-06-25-18.csv.tar,False,False,False,False,True,RAW_MISSING,False,,,4
2022-06-25T19:00:00Z,2022-06-25,ANCHOR_DAY,data/raw/opensky/state_vectors/2022/date=2022-06-25/hour=19/states_2022-06-25-19.csv.tar,False,False,False,False,True,RAW_MISSING,False,,,4
2022-06-25T20:00:00Z,2022-06-25,ANCHOR_DAY,data/raw/opensky/state_vectors/2022/date=2022-06-25/hour=20/states_2022-06-25-20.csv.tar,False,False,False,False,True,RAW_MISSING,False,,,4
2022-06-25T21:00:00Z,2022-06-25,ANCHOR_DAY,data/raw/opensky/state_vectors/2022/date=2022-06-25/hour=21/states_2022-06-25-21.csv.tar,False,False,False,False,True,RAW_MISSING,False,,,4
2022-06-25T22:00:00Z,2022-06-25,ANCHOR_DAY,data/raw/opensky/state_vectors/2022/date=2022-06-25/hour=22/states_2022-06-25-22.csv.tar,False,False,False,False,True,RAW_MISSING,False,,,4
2022-06-25T23:00:00Z,2022-06-25,ANCHOR_DAY,data/raw/opensky/state_vectors/2022/date=2022-06-25/hour=23/states_2022-06-25-23.csv.tar,False,False,False,False,True,RAW_MISSING,False,,,4
2022-06-26T00:00:00Z,2022-06-25,POST_CONTEXT,data/raw/opensky/state_vectors/2022/date=2022-06-26/hour=00/states_2022-06-26-00.csv.tar,False,False,False,False,True,RAW_MISSING,False,,,4
2022-06-26T01:00:00Z,2022-06-25,POST_CONTEXT,data/raw/opensky/state_vectors/2022/date=2022-06-26/hour=01/states_2022-06-26-01.csv.tar,False,False,False,False,True,RAW_MISSING,False,,,4
2022-06-26T02:00:00Z,2022-06-25,POST_CONTEXT,data/raw/opensky/state_vectors/2022/date=2022-06-26/hour=02/states_2022-06-26-02.csv.tar,False,False,False,False,True,RAW_MISSING,False,,,4
2022-06-26T03:00:00Z,2022-06-25,POST_CONTEXT,data/raw/opensky/state_vectors/2022/date=2022-06-26/hour=03/states_2022-06-26-03.csv.tar,False,False,False,False,True,RAW_MISSING,False,,,4
2022-06-26T04:00:00Z,2022-06-25,POST_CONTEXT,data/raw/opensky/state_vectors/2022/date=2022-06-26/hour=04/states_2022-06-26-04.csv.tar,False,False,False,False,True,RAW_MISSING,False,,,4
2022-06-26T05:00:00Z,2022-06-25,POST_CONTEXT,data/raw/opensky/state_vectors/2022/date=2022-06-26/hour=05/states_2022-06-26-05.csv.tar,False,False,False,False,True,RAW_MISSING,False,,,4
2022-06-26T06:00:00Z,2022-06-25,POST_CONTEXT,data/raw/opensky/state_vectors/2022/date=2022-06-26/hour=06/states_2022-06-26-06.csv.tar,False,False,False,False,True,RAW_MISSING,False,,,4
2022-06-26T07:00:00Z,2022-06-25,POST_CONTEXT,data/raw/opensky/state_vectors/2022/date=2022-06-26/hour=07/states_2022-06-26-07.csv.tar,False,False,False,False,True,RAW_MISSING,False,,,4
2022-06-26T08:00:00Z,2022-06-25,POST_CONTEXT,data/raw/opensky/state_vectors/2022/date=2022-06-26/hour=08/states_2022-06-26-08.csv.tar,False,False,False,False,True,RAW_MISSING,False,,,4
2022-06-26T09:00:00Z,2022-06-25,POST_CONTEXT,data/raw/opensky/state_vectors/2022/date=2022-06-26/hour=09/states_2022-06-26-09.csv.tar,False,False,False,False,True,RAW_MISSING,False,,,4
2022-06-26T10:00:00Z,2022-06-25,POST_CONTEXT,data/raw/opensky/state_vectors/2022/date=2022-06-26/hour=10/states_2022-06-26-10.csv.tar,False,False,False,False,True,RAW_MISSING,False,,,4
2022-06-26T11:00:00Z,2022-06-25,POST_CONTEXT,data/raw/opensky/state_vectors/2022/date=2022-06-26/hour=11/states_2022-06-26-11.csv.tar,False,False,False,False,True,RAW_MISSING,False,,,4
2022-06-26T18:00:00Z,2022-06-27,PRE_CONTEXT,data/raw/opensky/state_vectors/2022/date=2022-06-26/hour=18/states_2022-06-26-18.csv.tar,False,False,False,False,True,RAW_MISSING,False,,,4
2022-06-26T19:00:00Z,2022-06-27,PRE_CONTEXT,data/raw/opensky/state_vectors/2022/date=2022-06-26/hour=19/states_2022-06-26-19.csv.tar,False,False,False,False,True,RAW_MISSING,False,,,4
2022-06-26T20:00:00Z,2022-06-27,PRE_CONTEXT,data/raw/opensky/state_vectors/2022/date=2022-06-26/hour=20/states_2022-06-26-20.csv.tar,False,False,False,False,True,RAW_MISSING,False,,,4
2022-06-26T21:00:00Z,2022-06-27,PRE_CONTEXT,data/raw/opensky/state_vectors/2022/date=2022-06-26/hour=21/states_2022-06-26-21.csv.tar,False,False,False,False,True,RAW_MISSING,False,,,4
2022-06-26T22:00:00Z,2022-06-27,PRE_CONTEXT,data/raw/opensky/state_vectors/2022/date=2022-06-26/hour=22/states_2022-06-26-22.csv.tar,False,False,False,False,True,RAW_MISSING,False,,,4
2022-06-26T23:00:00Z,2022-06-27,PRE_CONTEXT,data/raw/opensky/state_vectors/2022/date=2022-06-26/hour=23/states_2022-06-26-23.csv.tar,False,False,False,False,True,RAW_MISSING,False,,,4
2022-06-28T00:00:00Z,2022-06-27,POST_CONTEXT,data/raw/opensky/state_vectors/2022/date=2022-06-28/hour=00/states_2022-06-28-00.csv.tar,False,False,False,False,True,RAW_MISSING,False,,,4
2022-06-28T01:00:00Z,2022-06-27,POST_CONTEXT,data/raw/opensky/state_vectors/2022/date=2022-06-28/hour=01/states_2022-06-28-01.csv.tar,False,False,False,False,True,RAW_MISSING,False,,,4
2022-06-28T02:00:00Z,2022-06-27,POST_CONTEXT,data/raw/opensky/state_vectors/2022/date=2022-06-28/hour=02/states_2022-06-28-02.csv.tar,False,False,False,False,True,RAW_MISSING,False,,,4
2022-06-28T03:00:00Z,2022-06-27,POST_CONTEXT,data/raw/opensky/state_vectors/2022/date=2022-06-28/hour=03/states_2022-06-28-03.csv.tar,False,False,False,False,True,RAW_MISSING,False,,,4
2022-06-28T04:00:00Z,2022-06-27,POST_CONTEXT,data/raw/opensky/state_vectors/2022/date=2022-06-28/hour=04/states_2022-06-28-04.csv.tar,False,False,False,False,True,RAW_MISSING,False,,,4
2022-06-28T05:00:00Z,2022-06-27,POST_CONTEXT,data/raw/opensky/state_vectors/2022/date=2022-06-28/hour=05/states_2022-06-28-05.csv.tar,False,False,False,False,True,RAW_MISSING,False,,,4
2022-06-28T06:00:00Z,2022-06-27,POST_CONTEXT,data/raw/opensky/state_vectors/2022/date=2022-06-28/hour=06/states_2022-06-28-06.csv.tar,False,False,False,False,True,RAW_MISSING,False,,,4
2022-06-28T07:00:00Z,2022-06-27,POST_CONTEXT,data/raw/opensky/state_vectors/2022/date=2022-06-28/hour=07/states_2022-06-28-07.csv.tar,False,False,False,False,True,RAW_MISSING,False,,,4
2022-06-28T08:00:00Z,2022-06-27,POST_CONTEXT,data/raw/opensky/state_vectors/2022/date=2022-06-28/hour=08/states_2022-06-28-08.csv.tar,False,False,False,False,True,RAW_MISSING,False,,,4
2022-06-28T09:00:00Z,2022-06-27,POST_CONTEXT,data/raw/opensky/state_vectors/2022/date=2022-06-28/hour=09/states_2022-06-28-09.csv.tar,False,False,False,False,True,RAW_MISSING,False,,,4
2022-06-28T10:00:00Z,2022-06-27,POST_CONTEXT,data/raw/opensky/state_vectors/2022/date=2022-06-28/hour=10/states_2022-06-28-10.csv.tar,False,False,False,False,True,RAW_MISSING,False,,,4
2022-06-28T11:00:00Z,2022-06-27,POST_CONTEXT,data/raw/opensky/state_vectors/2022/date=2022-06-28/hour=11/states_2022-06-28-11.csv.tar,False,False,False,False,True,RAW_MISSING,False,,,4
