episode_id,decision_node_id,operational_stage,representation,medoid_scenario_id,point_ob_minutes,point_tx_minutes,observed_ob_minutes,observed_tx_minutes,variogram_score,support_status
sha256:00b05b273658f3332865de1e9796d851ca6a2919bb7e4b04ee3e58f06dfe56c6,sha256:d5cbda6a6cf7109fae86d0d92c0296e6ba7693748fa846071a0c23bff2a64070,PRE_IB,Point,70.0,0.870516300201416,0.9152146577835083,0.0,0.0,0.044698357582092285,SUPPORTED
sha256:00b05b273658f3332865de1e9796d851ca6a2919bb7e4b04ee3e58f06dfe56c6,sha256:e608963e03897fe01312544fd8eb5acbc79a76d0af051bef2d9f21b6f5074f2c,PRE_IB,Point,70.0,0.4768736958503723,0.8339928388595581,0.0,0.0,0.35711914300918585,SUPPORTED
sha256:00b05b273658f3332865de1e9796d851ca6a2919bb7e4b04ee3e58f06dfe56c6,sha256:044546a2afbfb5b707aa002db793cb3c96a8410b2318f9514b4fee2c5477c689,POST_IB_PRE_OB,Point,113.0,0.5510660409927368,0.3322383165359497,0.0,0.0,0.2188277244567871,SUPPORTED
sha256:00b05b273658f3332865de1e9796d851ca6a2919bb7e4b04ee3e58f06dfe56c6,sha256:95fc3bd5ae9ea14a01b5d7209984c2a36dd749be57eef5c057a85268f906bc4b,POST_IB_PRE_OB,Point,230.0,0.8485440611839294,1.0537612438201904,0.0,0.0,0.20521718263626101,SUPPORTED
sha256:00b05b273658f3332865de1e9796d851ca6a2919bb7e4b04ee3e58f06dfe56c6,sha256:716d6d891aa95d8d9a5bf0ba30d8b21aaee7e564ed47f793631b7bf7170ed11c,POST_IB_PRE_OB,Point,230.0,0.8465927839279175,1.0392913818359375,0.0,0.0,0.19269859790802002,SUPPORTED
sha256:00b05b273658f3332865de1e9796d851ca6a2919bb7e4b04ee3e58f06dfe56c6,sha256:fd502eef60bcec1adfd1eda8bcb0f132dc49e3cf3932de739a5fca5ca0a51dd7,POST_IB_PRE_OB,Point,230.0,0.8445951342582703,1.0262811183929443,0.0,0.0,0.18168598413467407,SUPPORTED
sha256:00b05b273658f3332865de1e9796d851ca6a2919bb7e4b04ee3e58f06dfe56c6,sha256:6ddfa1d62541006afbeb207e2b6dce2a62d75d96c7505c68ed504979e5244229,POST_IB_PRE_OB,Point,230.0,0.8429672718048096,1.0139219760894775,0.0,0.0,0.17095470428466797,SUPPORTED
sha256:00b05b273658f3332865de1e9796d851ca6a2919bb7e4b04ee3e58f06dfe56c6,sha256:8ad10326be078c0b6bcae27ef08e2175225847498286bb92702bc22ff61b1283,POST_IB_PRE_OB,Point,246.0,0.9074825048446655,0.28823262453079224,0.0,0.0,0.6192498803138733,SUPPORTED
sha256:00b05b273658f3332865de1e9796d851ca6a2919bb7e4b04ee3e58f06dfe56c6,sha256:a145e820a94f1027c3bb6a169064824ad62395ba87d2f0170e3deb71ad015169,POST_IB_PRE_OB,Point,113.0,0.507390022277832,0.6300842761993408,0.0,0.0,0.12269425392150878,SUPPORTED
sha256:00b05b273658f3332865de1e9796d851ca6a2919bb7e4b04ee3e58f06dfe56c6,sha256:6c5f9e37365cca9f841b093305d1601a81c9dfe55ae656926e9e5da0b1c01893,POST_IB_PRE_OB,Point,113.0,0.5462747812271118,0.5600242614746094,0.0,0.0,0.013749480247497557,SUPPORTED
sha256:00b05b273658f3332865de1e9796d851ca6a2919bb7e4b04ee3e58f06dfe56c6,sha256:2d94fd5bdd729e6fe338c31809102abab0e85f16fecada154ac65f2ad7338ceb,POST_IB_PRE_OB,Point,113.0,0.5565445423126221,0.5094550251960754,0.0,0.0,0.047089517116546624,SUPPORTED
sha256:00b05b273658f3332865de1e9796d851ca6a2919bb7e4b04ee3e58f06dfe56c6,sha256:e2bd70d8eda977b29c5ce3737f433efc602129353da75ad29f92616dc270f3d4,POST_OB_PRE_TO,Point,,,,,0.0,,ABSTAIN_NO_FINITE_OBSERVED_PAIR
sha256:00e8e773cd283d939ca84156277aff75b1c9ef7a14cb2e3f5e073116f61ab1cf,sha256:62dda7677f2931da08896b4e50b436116d241a3bb4af5a0b3434d69b165ff849,PRE_IB,Point,59.0,1.3376446962356567,0.8597623705863953,13.0,0.0,8.492916835923019,SUPPORTED
sha256:00e8e773cd283d939ca84156277aff75b1c9ef7a14cb2e3f5e073116f61ab1cf,sha256:33489d8fabaeaf3f131b62e432eeff27301b906f781b6876e34b7c301cde75cf,PRE_IB,Point,59.0,1.368038535118103,0.9001190066337585,13.0,0.0,8.535190518982006,SUPPORTED
sha256:00e8e773cd283d939ca84156277aff75b1c9ef7a14cb2e3f5e073116f61ab1cf,sha256:52c2c8a22c03db637245608f25c136e97dc5b3a8fd7a13432da46e2f9620f09e,PRE_IB,Point,59.0,1.3978981971740723,0.9289864301681519,13.0,0.0,8.530955521320072,SUPPORTED
sha256:00e8e773cd283d939ca84156277aff75b1c9ef7a14cb2e3f5e073116f61ab1cf,sha256:112d68b7b72ba870f1be0e96f34fd062010bacc3f3f1d113f4497197ef8676ba,PRE_IB,Point,59.0,1.4230527877807617,0.9478757381439209,13.0,0.0,8.504341447736921,SUPPORTED
sha256:00e8e773cd283d939ca84156277aff75b1c9ef7a14cb2e3f5e073116f61ab1cf,sha256:b39a22fa08dc434588326fe9415a2304a24b9a93364af926eda25b876bd3737c,POST_IB_PRE_OB,Point,66.0,1.0440669059753418,0.966706395149231,13.0,0.0,11.071681931652028,SUPPORTED
sha256:00e8e773cd283d939ca84156277aff75b1c9ef7a14cb2e3f5e073116f61ab1cf,sha256:57dd0462f69844aef5de9289f338484ec9b0b21e827dc6cfbe7e438537ee91f9,POST_IB_PRE_OB,Point,66.0,1.0645191669464111,0.9897947907447815,13.0,0.0,11.103514706358073,SUPPORTED
sha256:00e8e773cd283d939ca84156277aff75b1c9ef7a14cb2e3f5e073116f61ab1cf,sha256:12d7e6989f584c575bc3fc34ba4e5e16fd90d53b9f8568cc8de7df22052f870e,POST_IB_PRE_OB,Point,66.0,1.0790441036224365,1.004117727279663,13.0,0.0,11.101054149012892,SUPPORTED
sha256:00e8e773cd283d939ca84156277aff75b1c9ef7a14cb2e3f5e073116f61ab1cf,sha256:db5a6191be0b6ceeccbe81bc6c9a8a00e631d09acbf55cf70d949b0bdc21504b,POST_IB_PRE_OB,Point,66.0,1.090046763420105,1.0134214162826538,13.0,0.0,11.080499586783795,SUPPORTED
sha256:00e8e773cd283d939ca84156277aff75b1c9ef7a14cb2e3f5e073116f61ab1cf,sha256:e7d59a803a96f5e1dae0e25c169831e46727c10c61ed2f48d91193b7d3887641,POST_IB_PRE_OB,Point,188.0,1.003852367401123,0.7709400653839111,13.0,0.0,9.752762922336073,SUPPORTED
sha256:02b711e90d440bcac9e7f163616a5b76929dfbad5f6bb2c0335c5bf85959ad65,sha256:898df12f9e9ad5d75063aec2d97737415010831c7b1cd9922adcfebb43162e9c,PRE_IB,Point,166.0,0.9396710395812988,0.0,0.0,0.0,0.9396710395812988,SUPPORTED
sha256:02b711e90d440bcac9e7f163616a5b76929dfbad5f6bb2c0335c5bf85959ad65,sha256:dd15b0e0e4b7410a0aded843d484f6aaeb4f0aeaa81cd21ab039d80c733cdf59,PRE_IB,Point,166.0,0.9817032814025879,0.0,0.0,0.0,0.9817032814025878,SUPPORTED
sha256:02b711e90d440bcac9e7f163616a5b76929dfbad5f6bb2c0335c5bf85959ad65,sha256:6a330f354b4427890f48909dcf9aac06ed5c10c80943e71a5dc3c64c360e93a5,POST_IB_PRE_OB,Point,103.0,0.9157682061195374,1.3009480237960815,0.0,0.0,0.3851798176765442,SUPPORTED
sha256:02b711e90d440bcac9e7f163616a5b76929dfbad5f6bb2c0335c5bf85959ad65,sha256:5133d55e28411b271d276caefa5fa5992aac3c3f99e10356fa25ea1719bc9394,POST_IB_PRE_OB,Point,134.0,0.5932473540306091,0.6941531896591187,0.0,0.0,0.10090583562850951,SUPPORTED
sha256:02b711e90d440bcac9e7f163616a5b76929dfbad5f6bb2c0335c5bf85959ad65,sha256:37881ebcc358e6425e2eb083177e00a0169aba26512cdcf22268575308b4fcc8,POST_IB_PRE_OB,Point,134.0,0.633515477180481,0.7732775211334229,0.0,0.0,0.1397620439529419,SUPPORTED
sha256:02b711e90d440bcac9e7f163616a5b76929dfbad5f6bb2c0335c5bf85959ad65,sha256:61db25ccf6ba6b9cf533e3b9d8302bef5d1d277b9100945c97685bb063691eb4,POST_IB_PRE_OB,Point,134.0,0.6634650230407715,0.8251221179962158,0.0,0.0,0.16165709495544434,SUPPORTED
sha256:02b711e90d440bcac9e7f163616a5b76929dfbad5f6bb2c0335c5bf85959ad65,sha256:caf4164612b902a5a64500c9730aa04db46be9d444d8951104f5d66b0bbaf5ce,POST_IB_PRE_OB,Point,134.0,0.6871398687362671,0.8609572649002075,0.0,0.0,0.17381739616394043,SUPPORTED
sha256:02b711e90d440bcac9e7f163616a5b76929dfbad5f6bb2c0335c5bf85959ad65,sha256:1b083cf99e06973d2004d35e1e1cd0bb0c6acdd656f8ac8fe653437c2d5f822c,POST_IB_PRE_OB,Point,134.0,0.7067575454711914,0.8871533274650574,0.0,0.0,0.18039578199386597,SUPPORTED
sha256:02b711e90d440bcac9e7f163616a5b76929dfbad5f6bb2c0335c5bf85959ad65,sha256:f93a3dfdd336c2ca34c49aef9c7f7d8b48e300f769a1eb5304a2f6d6a13eaf4e,POST_IB_PRE_OB,Point,134.0,0.7236473560333252,0.9073634743690491,0.0,0.0,0.18371611833572388,SUPPORTED
sha256:02b711e90d440bcac9e7f163616a5b76929dfbad5f6bb2c0335c5bf85959ad65,sha256:f74d6b9c096ee9dd56300d6be1928d40ce472c8d8929a2a47660951455460afa,POST_IB_PRE_OB,Point,134.0,0.7386671304702759,0.9237534999847412,0.0,0.0,0.18508636951446536,SUPPORTED
sha256:02b711e90d440bcac9e7f163616a5b76929dfbad5f6bb2c0335c5bf85959ad65,sha256:326b1bdc6d2112c25bdc3f105eb3f2a7c256c199794b2e11de1be773fab12514,POST_IB_PRE_OB,Point,134.0,0.7523958683013916,0.9376516342163086,0.0,0.0,0.185255765914917,SUPPORTED
sha256:02b711e90d440bcac9e7f163616a5b76929dfbad5f6bb2c0335c5bf85959ad65,sha256:84fd7e0b730f052649d0570a5813440b67cca613afa26b1053ec667021987eb0,POST_IB_PRE_OB,Point,134.0,0.7652283310890198,0.9498879909515381,0.0,0.0,0.1846596598625183,SUPPORTED
sha256:02b711e90d440bcac9e7f163616a5b76929dfbad5f6bb2c0335c5bf85959ad65,sha256:e620401c127da00255155bba4866442467d42e1dd98b77de8d700e0ad124e60b,POST_IB_PRE_OB,Point,134.0,0.7774351239204407,0.9609982371330261,0.0,0.0,0.18356311321258548,SUPPORTED
sha256:02b711e90d440bcac9e7f163616a5b76929dfbad5f6bb2c0335c5bf85959ad65,sha256:585da2e16e93a68ad752add7a06e96ebc949f6b4f429c84620510ce27d2421e5,POST_IB_PRE_OB,Point,134.0,0.789201557636261,0.9713250994682312,0.0,0.0,0.18212354183197024,SUPPORTED
sha256:02b711e90d440bcac9e7f163616a5b76929dfbad5f6bb2c0335c5bf85959ad65,sha256:ad7df70bedffd77a8bdc4e9d38f42a3c1a24ae09d695ae109bafdbcbacb93a90,POST_IB_PRE_OB,Point,134.0,0.8006555438041687,0.9810914397239685,0.0,0.0,0.1804358959197998,SUPPORTED
sha256:02b711e90d440bcac9e7f163616a5b76929dfbad5f6bb2c0335c5bf85959ad65,sha256:6c77673e723f7dd14af512ad57bd8acdc2c7c4c27f3f6b5da5e0c03e3d9464b3,POST_OB_PRE_TO,Point,,,,,0.0,,ABSTAIN_NO_FINITE_OBSERVED_PAIR
sha256:06175f5b45577085e11e76989574ab452a8bd8302e12d0b474181b63941dc70a,sha256:c5071968e94aa25626dec420e802e3d92ed646e7b1f75b95418fa783dd4a3af5,POST_IB_PRE_OB,Point,51.0,0.9101846218109131,1.1257678270339966,0.0,0.0,0.21558320522308352,SUPPORTED
sha256:06175f5b45577085e11e76989574ab452a8bd8302e12d0b474181b63941dc70a,sha256:2191243143247922115b15fc15b1e2d4a26d4e3364fac7469f33bd1d1fc788da,POST_IB_PRE_OB,Point,51.0,0.9394984245300293,1.2070035934448242,0.0,0.0,0.2675051689147949,SUPPORTED
sha256:06175f5b45577085e11e76989574ab452a8bd8302e12d0b474181b63941dc70a,sha256:914db03a304e5f33bae459da56ca466f65db27e937d6bd3a65cc531d2199bb43,POST_IB_PRE_OB,Point,51.0,0.9624695181846619,1.2619988918304443,0.0,0.0,0.29952937364578247,SUPPORTED
sha256:06175f5b45577085e11e76989574ab452a8bd8302e12d0b474181b63941dc70a,sha256:e64e09ae2e6c0a80698b89eb4bf387b063c1bb1e7646a7242b15a63a6e805a72,POST_IB_PRE_OB,Point,51.0,0.9802371263504028,1.297257423400879,0.0,0.0,0.3170202970504761,SUPPORTED
sha256:06175f5b45577085e11e76989574ab452a8bd8302e12d0b474181b63941dc70a,sha256:8e4cdca274db40a875edadf57d190d45a9e53eb497952b6d660556d1c3b1bae0,POST_IB_PRE_OB,Point,51.0,0.9940471649169922,1.319671392440796,0.0,0.0,0.32562422752380377,SUPPORTED
sha256:06175f5b45577085e11e76989574ab452a8bd8302e12d0b474181b63941dc70a,sha256:775ce8df63897d147be878c68f80d0dd0e1c36ec9ebc98568d29b2dafc78d068,POST_IB_PRE_OB,Point,51.0,1.0049681663513184,1.3341835737228394,0.0,0.0,0.329215407371521,SUPPORTED
sha256:06175f5b45577085e11e76989574ab452a8bd8302e12d0b474181b63941dc70a,sha256:65b7fafbac85b37cb5cf5fbb935e61d4b914dadc26026855a1eea1bafd814d2d,POST_IB_PRE_OB,Point,51.0,1.0138332843780518,1.3439075946807861,0.0,0.0,0.3300743103027344,SUPPORTED
sha256:06175f5b45577085e11e76989574ab452a8bd8302e12d0b474181b63941dc70a,sha256:bdb5722dbba0f650866f16dd4eb44c76dcb1a7e112c6d69a654343481b44425e,POST_IB_PRE_OB,Point,51.0,1.02125883102417,1.350718379020691,0.0,0.0,0.32945954799652105,SUPPORTED
sha256:06175f5b45577085e11e76989574ab452a8bd8302e12d0b474181b63941dc70a,sha256:d55e37b15f71b68a4248316975f49cb72eec0017615c709427e57c79540418c8,POST_OB_PRE_TO,Point,,,,,0.0,,ABSTAIN_NO_FINITE_OBSERVED_PAIR
sha256:06eebf6187fae5c4b5cb17b45cf57576dc2853d3944de85276bd6fbecc169ab9,sha256:159351f7be5b254d302ed70238c9f95c3167ea0c2a9faecfa467cf785d2b9562,POST_IB_PRE_OB,Point,29.0,0.7609851956367493,1.2801182270050049,0.0,0.0,0.5191330313682556,SUPPORTED
sha256:06eebf6187fae5c4b5cb17b45cf57576dc2853d3944de85276bd6fbecc169ab9,sha256:cb91c5fcfa4ffc22b8939e8dee3e876e8117b2c95a0cb0bbacd57d451146571a,POST_IB_PRE_OB,Point,29.0,0.5722799301147461,1.2421807050704956,0.0,0.0,0.6699007749557496,SUPPORTED
sha256:06eebf6187fae5c4b5cb17b45cf57576dc2853d3944de85276bd6fbecc169ab9,sha256:b870182a8acb552b11f79b7c83eebcf523025a2ac7c0ddbb7c2de4f0b91a8fe6,POST_IB_PRE_OB,Point,29.0,0.5184342265129089,1.2309470176696777,0.0,0.0,0.7125127911567688,SUPPORTED
sha256:06eebf6187fae5c4b5cb17b45cf57576dc2853d3944de85276bd6fbecc169ab9,sha256:0d10dcb7cd4927b25b6f8bd57149cf850a04c81a205673686101759ef629d7c3,POST_IB_PRE_OB,Point,14.0,1.055137276649475,0.7141185402870178,0.0,0.0,0.3410187363624572,SUPPORTED
sha256:06eebf6187fae5c4b5cb17b45cf57576dc2853d3944de85276bd6fbecc169ab9,sha256:e6bc5b451761fdb560405d8522060eb190aaff71cc2a7c25aee62854383b1c06,POST_IB_PRE_OB,Point,14.0,1.096653699874878,0.5824815630912781,0.0,0.0,0.5141721367835999,SUPPORTED
sha256:06eebf6187fae5c4b5cb17b45cf57576dc2853d3944de85276bd6fbecc169ab9,sha256:2702c6a8decbb3e08c8e3785704b02a7991c882467fce5248c2ad1515052d723,POST_IB_PRE_OB,Point,14.0,1.1148850917816162,0.5208967328071594,0.0,0.0,0.5939883589744569,SUPPORTED
sha256:06eebf6187fae5c4b5cb17b45cf57576dc2853d3944de85276bd6fbecc169ab9,sha256:939d38eca1aebceb8307dd7241e559f81add41507f6df4bab0670e9c1403193f,POST_IB_PRE_OB,Point,14.0,1.1212002038955688,0.47427213191986084,0.0,0.0,0.646928071975708,SUPPORTED
sha256:06eebf6187fae5c4b5cb17b45cf57576dc2853d3944de85276bd6fbecc169ab9,sha256:b4251cdc3f082517a5010d5a76de3e022b0298656169f2ad761630ec2e5b0c15,POST_IB_PRE_OB,Point,29.0,0.5516242980957031,1.28199303150177,0.0,0.0,0.7303687334060669,SUPPORTED
sha256:06eebf6187fae5c4b5cb17b45cf57576dc2853d3944de85276bd6fbecc169ab9,sha256:7b7ec7afde29f6de7dea7e54bd86b57499d1bcd3a5a93ac677956199ee4392da,POST_IB_PRE_OB,Point,29.0,0.5574793815612793,1.2771998643875122,0.0,0.0,0.7197204828262329,SUPPORTED
sha256:06eebf6187fae5c4b5cb17b45cf57576dc2853d3944de85276bd6fbecc169ab9,sha256:dee3804aa77e52c0c59e3771ff2199ffbd907d264949e38fa780719e9c1aeaf8,POST_IB_PRE_OB,Point,29.0,0.5606187582015991,1.2716840505599976,0.0,0.0,0.7110652923583984,SUPPORTED
sha256:06eebf6187fae5c4b5cb17b45cf57576dc2853d3944de85276bd6fbecc169ab9,sha256:ec308b8c3831777eedf83300fab84c5137f8185c5ccbef73ee05393cf7f116a0,POST_IB_PRE_OB,Point,29.0,0.5627081990242004,1.265385389328003,0.0,0.0,0.7026771903038025,SUPPORTED
sha256:06eebf6187fae5c4b5cb17b45cf57576dc2853d3944de85276bd6fbecc169ab9,sha256:1e9d9e06ad6639aafde0c881e0df671201f6f96d072a34c4127098decc45e054,POST_OB_PRE_TO,Point,,,,,0.0,,ABSTAIN_NO_FINITE_OBSERVED_PAIR
sha256:0918063938e7c4457d171896b2fc2534f6874f77bf8065cfc20b298899c89e7a,sha256:e007b8a8d441f3caaa41ffb074ea8c92bd2fc79f6c9a9ac8fd5cb96993264e27,PRE_IB,Point,67.0,1.0949437618255615,0.9411599636077881,43.0,7.0,31.447950509271028,SUPPORTED
sha256:0918063938e7c4457d171896b2fc2534f6874f77bf8065cfc20b298899c89e7a,sha256:96599634ca8534bdb2b8ee02e3cb408ecf6379d66946f5cb604569d3005f85d8,PRE_IB,Point,78.0,0.5785163640975952,1.1170498132705688,43.0,7.0,27.732352853653243,SUPPORTED
sha256:0a3614eb32c0724b572424173c306ae90f30957ba07dcbfaa924207801aa32fa,sha256:99238122941a364f7ee5498b1d48c00298cbbd6c0781daf54e68041083ff1852,POST_IB_PRE_OB,Point,109.0,1.3268990516662598,0.7138875126838684,0.0,0.0,0.6130115389823914,SUPPORTED
sha256:0a3614eb32c0724b572424173c306ae90f30957ba07dcbfaa924207801aa32fa,sha256:a8bea007c2a58b264f0a86507b961f6ed48ac487c534bb72186c55f38c927540,POST_IB_PRE_OB,Point,109.0,1.366045594215393,0.9016023874282837,0.0,0.0,0.4644432067871094,SUPPORTED
sha256:0a3614eb32c0724b572424173c306ae90f30957ba07dcbfaa924207801aa32fa,sha256:12d9594dca4b9458f2e2d93a1945ba52fee4effc18af599681a64ab16a93d8c8,POST_IB_PRE_OB,Point,109.0,1.3981192111968994,0.9545316100120544,0.0,0.0,0.443587601184845,SUPPORTED
sha256:0a3614eb32c0724b572424173c306ae90f30957ba07dcbfaa924207801aa32fa,sha256:64a818022fd7a63cf0850504216ff8e56fb6d1ec1f26fd9c4c8f20c9ab041624,POST_IB_PRE_OB,Point,109.0,1.4231691360473633,0.989034116268158,0.0,0.0,0.4341350197792053,SUPPORTED
sha256:0a3614eb32c0724b572424173c306ae90f30957ba07dcbfaa924207801aa32fa,sha256:9eca680e49797840771835bfae5060cfe2117725d64142ca10fcb65eb7819daa,POST_IB_PRE_OB,Point,109.0,1.442510724067688,1.0113754272460938,0.0,0.0,0.43113529682159424,SUPPORTED
sha256:0a3614eb32c0724b572424173c306ae90f30957ba07dcbfaa924207801aa32fa,sha256:dc4358592aa41f27c7c40fbea69b5ff8825a7f5f33eb81dc955006489ffd067c,POST_IB_PRE_OB,Point,109.0,1.4575660228729248,1.0261077880859375,0.0,0.0,0.4314582347869873,SUPPORTED
sha256:0a3614eb32c0724b572424173c306ae90f30957ba07dcbfaa924207801aa32fa,sha256:1942e2e4c810cea388d9ec3dae4cf3ce5f35fac8e92dcfe50f707146e85319e0,POST_IB_PRE_OB,Point,109.0,1.469531774520874,1.0361442565917969,0.0,0.0,0.4333875179290771,SUPPORTED
sha256:0a3614eb32c0724b572424173c306ae90f30957ba07dcbfaa924207801aa32fa,sha256:af3061654b35ab27a562b45c827e6645c50a58228c27fa08834279b1f4a54c0e,POST_OB_PRE_TO,Point,,,,,0.0,,ABSTAIN_NO_FINITE_OBSERVED_PAIR
sha256:0a3614eb32c0724b572424173c306ae90f30957ba07dcbfaa924207801aa32fa,sha256:53e4f29a633ee924f4aa18e564bab6ec45b2861363d84d1c4e07023db5d89453,POST_OB_PRE_TO,Point,,,,,0.0,,ABSTAIN_NO_FINITE_OBSERVED_PAIR
sha256:0dcfae5a2f00a7a4f20494ea14c926169491cdcb628fb59e54a304d5013dd671,sha256:0629900506caa8235cc51d563e1013fe09bf22606c7cdd6762bd8fcfc15dc6e6,POST_IB_PRE_OB,Point,216.0,1.532373309135437,1.0550824403762817,0.0,0.0,0.4772908687591553,SUPPORTED
sha256:0dcfae5a2f00a7a4f20494ea14c926169491cdcb628fb59e54a304d5013dd671,sha256:f249a71cd54bb15deda660875aef60ad456e7060c551a3d741ef81cdc94f474c,POST_IB_PRE_OB,Point,216.0,1.3892229795455933,1.0008177757263184,0.0,0.0,0.3884052038192749,SUPPORTED
sha256:0dcfae5a2f00a7a4f20494ea14c926169491cdcb628fb59e54a304d5013dd671,sha256:1f16ce6f05b08ac79e7250543294530e23a667cca6b0fa8909fffecdb9fe830c,POST_IB_PRE_OB,Point,216.0,1.360715627670288,1.1585837602615356,0.0,0.0,0.20213186740875244,SUPPORTED
sha256:0dcfae5a2f00a7a4f20494ea14c926169491cdcb628fb59e54a304d5013dd671,sha256:65d82425e132fdf0a4e95330b0f4761e44e62670eb991555fc9bd10479b1bf03,POST_IB_PRE_OB,Point,216.0,1.3873217105865479,1.138789415359497,0.0,0.0,0.24853229522705075,SUPPORTED
sha256:0dcfae5a2f00a7a4f20494ea14c926169491cdcb628fb59e54a304d5013dd671,sha256:6c4bf1e39ece04ee5738c486c5d5c697524195207fafd246d725f8fdb249b1e3,POST_IB_PRE_OB,Point,216.0,1.4086453914642334,1.1322779655456543,0.0,0.0,0.2763674259185791,SUPPORTED
sha256:0dcfae5a2f00a7a4f20494ea14c926169491cdcb628fb59e54a304d5013dd671,sha256:d7f01be50befcd64c406270f95360cd4a15ca1ee7d7560d875e86ec1e5873b88,POST_IB_PRE_OB,Point,216.0,1.418975830078125,1.1253446340560913,0.0,0.0,0.29363119602203375,SUPPORTED
sha256:0dcfae5a2f00a7a4f20494ea14c926169491cdcb628fb59e54a304d5013dd671,sha256:e23d99fefeefe66b41b2199190a05299e0f712d6c6c75d0b970f0818fd625a27,POST_IB_PRE_OB,Point,216.0,1.4260834455490112,1.117803931236267,0.0,0.0,0.30827951431274414,SUPPORTED
sha256:0dcfae5a2f00a7a4f20494ea14c926169491cdcb628fb59e54a304d5013dd671,sha256:b4373bf4d037ae547b1e9bc8c67cb5593a1be0ed4bc5a09adbb35cfdd037ddc0,POST_OB_PRE_TO,Point,,,,,0.0,,ABSTAIN_NO_FINITE_OBSERVED_PAIR
sha256:131687a2a4d1ce3d87839668761d426361e0f6474d5e3c22895ba7ed1fd37e43,sha256:394717d5a65e2acaaf533a911cc65070040c8c0c0d9a5e58e82a69bff17e6f1f,POST_IB_PRE_OB,Point,134.0,1.3895376920700073,0.43224209547042847,0.0,3.0,0.5679671735642797,SUPPORTED
sha256:131687a2a4d1ce3d87839668761d426361e0f6474d5e3c22895ba7ed1fd37e43,sha256:1d27474a3e5f65d1f7e3c4da8c9651384d832e6be0ea1285c5cefb36a932077c,POST_IB_PRE_OB,Point,134.0,1.2962536811828613,0.9987561106681824,0.0,3.0,1.4080609226812175,SUPPORTED
sha256:131687a2a4d1ce3d87839668761d426361e0f6474d5e3c22895ba7ed1fd37e43,sha256:35c54661fc0fff92b6085b076ae3d3afcbe9bce593b8584d6e02418c87012e22,POST_IB_PRE_OB,Point,134.0,1.2953131198883057,0.8010693788528442,0.0,3.0,1.0588947121639247,SUPPORTED
sha256:131687a2a4d1ce3d87839668761d426361e0f6474d5e3c22895ba7ed1fd37e43,sha256:e1fd07013a0775433d32fc0b62f0dcfb3b7cc80c3f78cca669db1c277f04189d,POST_IB_PRE_OB,Point,134.0,1.3016843795776367,0.6678442358970642,0.0,3.0,0.8759275772334649,SUPPORTED
sha256:131687a2a4d1ce3d87839668761d426361e0f6474d5e3c22895ba7ed1fd37e43,sha256:f7051474abfd38aa180f6d0ebadbba3d1e9ea8a83bc31bb2352d43ac92e6e539,POST_IB_PRE_OB,Point,134.0,1.3015718460083008,0.575451135635376,0.0,3.0,0.7742656115452234,SUPPORTED
sha256:131687a2a4d1ce3d87839668761d426361e0f6474d5e3c22895ba7ed1fd37e43,sha256:94692d7cf84c20595462ea8373de3679e2a2cad25847071bd7a4440891bcf42c,POST_IB_PRE_OB,Point,134.0,1.2982503175735474,0.5035811066627502,0.0,3.0,0.7066228170025763,SUPPORTED
sha256:131687a2a4d1ce3d87839668761d426361e0f6474d5e3c22895ba7ed1fd37e43,sha256:4f6ff89b22afdc2d6eaa0591bb837bdba1e9e2980a32e5e3b73a245dbeab5c9a,POST_IB_PRE_OB,Point,134.0,1.2933763265609741,0.4418366551399231,0.0,3.0,0.6549045566397889,SUPPORTED
sha256:131687a2a4d1ce3d87839668761d426361e0f6474d5e3c22895ba7ed1fd37e43,sha256:728850cead8e13b81bf90f666ce15e579717851d1ca30b9cd4fe2b7639e770b9,POST_IB_PRE_OB,Point,134.0,1.2878435850143433,0.3850559890270233,0.0,3.0,0.6113667550968936,SUPPORTED
sha256:131687a2a4d1ce3d87839668761d426361e0f6474d5e3c22895ba7ed1fd37e43,sha256:1a713a6a22f186e7cd25eba56f6781f7defa42a341ed4daadd0e80f4b1e2864b,POST_IB_PRE_OB,Point,134.0,1.2821471691131592,0.33071208000183105,0.0,3.0,0.5724972279875196,SUPPORTED
sha256:131687a2a4d1ce3d87839668761d426361e0f6474d5e3c22895ba7ed1fd37e43,sha256:2407a99e156d205d323bcec007a6a5624860440276b49a6f77c7e6f523c06001,POST_IB_PRE_OB,Point,134.0,1.2765623331069946,0.2775879204273224,0.0,3.0,0.5366496225774976,SUPPORTED
sha256:131687a2a4d1ce3d87839668761d426361e0f6474d5e3c22895ba7ed1fd37e43,sha256:25ef83eb166e81e27738ecfce80a4576e450b2ac6734c545227d2c053df5af3c,POST_IB_PRE_OB,Point,134.0,1.2712401151657104,0.2251131385564804,0.0,3.0,0.5030317592447912,SUPPORTED
sha256:131687a2a4d1ce3d87839668761d426361e0f6474d5e3c22895ba7ed1fd37e43,sha256:e8b634ec31b6a81538ee038afff67cd08d50dddf9e72f1bcf85a5690fa39d9f6,POST_IB_PRE_OB,Point,134.0,1.2662601470947266,0.1730155646800995,0.0,3.0,0.4712375436341215,SUPPORTED
sha256:131687a2a4d1ce3d87839668761d426361e0f6474d5e3c22895ba7ed1fd37e43,sha256:918f9a751a0d0e4e3b741b863ab17a9193fc4dae10177c374ee829ae36a2cde0,POST_OB_PRE_TO,Point,,,,,3.0,,ABSTAIN_NO_FINITE_OBSERVED_PAIR
sha256:17cb9f5c5180ae688b3d4a691216cbb6e153dd26fec2a70ec212f96d4a3e19f6,sha256:4d4ca045a537e8065860446f9a0d1c526a207fef8180a3e30b4b2a526cd118bc,PRE_IB,Point,164.0,1.1133737564086914,1.009617805480957,0.0,2.0,1.1926864654207976,SUPPORTED
sha256:17cb9f5c5180ae688b3d4a691216cbb6e153dd26fec2a70ec212f96d4a3e19f6,sha256:8ff024854a064e398a7559ecdf15346d4dd07d44abf3c40d09937e6c030d8dfe,POST_IB_PRE_OB,Point,76.0,0.8799060583114624,0.35226842761039734,0.0,2.0,0.473105799453732,SUPPORTED
sha256:17cb9f5c5180ae688b3d4a691216cbb6e153dd26fec2a70ec212f96d4a3e19f6,sha256:b14b9f1cd647d1dc00c208c9518166894700f8d02ffb66f0eaf6e509947abf8b,POST_IB_PRE_OB,Point,76.0,0.8914045095443726,0.9807007908821106,0.0,2.0,1.2440920156706132,SUPPORTED
sha256:17cb9f5c5180ae688b3d4a691216cbb6e153dd26fec2a70ec212f96d4a3e19f6,sha256:1c2fa600dbdb3d5a4df1957fbebb2769e361d3d1ff5f74151865a01d56a8076d,POST_IB_PRE_OB,Point,76.0,0.9155093431472778,0.938546359539032,0.0,2.0,1.5937397637403623,SUPPORTED
sha256:17cb9f5c5180ae688b3d4a691216cbb6e153dd26fec2a70ec212f96d4a3e19f6,sha256:fbe6df024c769f361e148fbceb2e1b30e84d336914c3f40107b2bfa8b87be6f9,POST_IB_PRE_OB,Point,76.0,0.9310117959976196,0.8731158971786499,0.0,2.0,1.3773320219111824,SUPPORTED
sha256:17cb9f5c5180ae688b3d4a691216cbb6e153dd26fec2a70ec212f96d4a3e19f6,sha256:3065f797c7cd2ccd335ed7dfdf6368e4d9c7d331a465ef484759d879b3cdc639,POST_IB_PRE_OB,Point,76.0,0.9362878799438477,0.8264354467391968,0.0,2.0,1.1723987193407575,SUPPORTED
sha256:17cb9f5c5180ae688b3d4a691216cbb6e153dd26fec2a70ec212f96d4a3e19f6,sha256:67fc1445fad49973baf8074765ffea893a8839ff1d45e9c62b10bcec3fedb029,POST_IB_PRE_OB,Point,76.0,0.9374680519104004,0.7843467593193054,0.0,2.0,1.0463375103062447,SUPPORTED
sha256:17cb9f5c5180ae688b3d4a691216cbb6e153dd26fec2a70ec212f96d4a3e19f6,sha256:53051eb9120f193f3907b4dec06127da8951ead5f4e4a66282499febb7cac34c,POST_IB_PRE_OB,Point,76.0,0.9372188448905945,0.7420316934585571,0.0,2.0,0.9455883312276095,SUPPORTED
sha256:17cb9f5c5180ae688b3d4a691216cbb6e153dd26fec2a70ec212f96d4a3e19f6,sha256:c849a92f4c0973f9cad1bc2d64d62816b7458b190068381958c8bcb525f90dad,POST_OB_PRE_TO,Point,,,,,2.0,,ABSTAIN_NO_FINITE_OBSERVED_PAIR
sha256:181bc7c975fd4b2da221a0b667fef47f9b851c9cf9c2f60a9d2ed76de463c702,sha256:4acdd79c47aa0c57509eac0e00d9394ceeb876a998989c4b3a3969e0ab10fad0,POST_IB_PRE_OB,Point,142.0,0.7453081607818604,0.8501394987106323,0.0,1.0,0.4572779797295516,SUPPORTED
sha256:181bc7c975fd4b2da221a0b667fef47f9b851c9cf9c2f60a9d2ed76de463c702,sha256:a9b4d7849d6b7c615ddebcf585148348ebce51b52255705a029fb6cfbb1ca407,POST_IB_PRE_OB,Point,142.0,0.775637149810791,0.9618551135063171,0.0,1.0,0.3231583743379289,SUPPORTED
sha256:181bc7c975fd4b2da221a0b667fef47f9b851c9cf9c2f60a9d2ed76de463c702,sha256:484dec6bc63f176c2cf3af1f8820a9551ff119593e4b0d6800ba9cf5342d7a56,POST_IB_PRE_OB,Point,142.0,0.7994753122329712,1.01958167552948,0.0,1.0,0.28179647142387415,SUPPORTED
sha256:181bc7c975fd4b2da221a0b667fef47f9b851c9cf9c2f60a9d2ed76de463c702,sha256:c8964c3b6fbae90c11e69587accb05060e5d18b1deeea97c0f34c1717c88ba4c,POST_IB_PRE_OB,Point,142.0,0.817920446395874,1.057055950164795,0.0,1.0,0.26110584415951843,SUPPORTED
sha256:181bc7c975fd4b2da221a0b667fef47f9b851c9cf9c2f60a9d2ed76de463c702,sha256:9c8fad80005510403e4edce366a73d11ff4b7b3be76b7eb6510f485e7b8aa796,POST_IB_PRE_OB,Point,142.0,0.8322628736495972,1.0812736749649048,0.0,1.0,0.2509911595941486,SUPPORTED
sha256:181bc7c975fd4b2da221a0b667fef47f9b851c9cf9c2f60a9d2ed76de463c702,sha256:60af2698676c562e5d798fd32f9c2ba3b6bb41365510d420705309e1f26ac377,POST_IB_PRE_OB,Point,142.0,0.8436180949211121,1.0972323417663574,0.0,1.0,0.2464116915561012,SUPPORTED
sha256:181bc7c975fd4b2da221a0b667fef47f9b851c9cf9c2f60a9d2ed76de463c702,sha256:83de82928708728b43df7d9260be1aab95bf1cc007d9db29f38be77ea1339a49,POST_IB_PRE_OB,Point,142.0,0.8528549075126648,1.108107089996338,0.0,1.0,0.24480241632273603,SUPPORTED
sha256:181bc7c975fd4b2da221a0b667fef47f9b851c9cf9c2f60a9d2ed76de463c702,sha256:bdb88f61554af9dc97439d66561da77cfbe9e73a9d0280dbdd8770040889d1bc,POST_IB_PRE_OB,Point,142.0,0.8606119751930237,1.115838646888733,0.0,1.0,0.24482740072267606,SUPPORTED
sha256:181bc7c975fd4b2da221a0b667fef47f9b851c9cf9c2f60a9d2ed76de463c702,sha256:d8609382b124404c360c0dd77385bcd50cdb83407f8609cf480d883b34ead442,POST_OB_PRE_TO,Point,,,,,1.0,,ABSTAIN_NO_FINITE_OBSERVED_PAIR
sha256:19018d30b8242c3626aa00ca5672a0a99fdfb5627522791ce4231a969b41626d,sha256:42f66e0ae0fe2049cd324c1e7b25b7d7130fd5267ffc6d99654156b851a97237,PRE_IB,Point,75.0,1.003324031829834,0.041949477046728134,28.0,0.0,18.58476864843262,SUPPORTED
sha256:19018d30b8242c3626aa00ca5672a0a99fdfb5627522791ce4231a969b41626d,sha256:4b9040d5bf1399bf02eb38a51546ff4ede36a5708c6455221755417f0c23d6d3,PRE_IB,Point,75.0,1.0401453971862793,0.19857484102249146,28.0,0.0,19.133022658030708,SUPPORTED
sha256:19018d30b8242c3626aa00ca5672a0a99fdfb5627522791ce4231a969b41626d,sha256:a22195538d18cbe98920f65dd5788349504bd5af248dc89fa2be1ad3032c87c2,PRE_IB,Point,75.0,1.0767145156860352,0.29093673825263977,28.0,0.0,19.404567244003275,SUPPORTED
sha256:19018d30b8242c3626aa00ca5672a0a99fdfb5627522791ce4231a969b41626d,sha256:d7a8d39743a21481512456446e18a90eb866cb53bdec3b09ea285706f089ae86,PRE_IB,Point,75.0,1.107320785522461,0.3482648432254791,28.0,0.0,19.538737860079756,SUPPORTED
sha256:19018d30b8242c3626aa00ca5672a0a99fdfb5627522791ce4231a969b41626d,sha256:7e35508f5dcc32d8b4a21aac85e63e5e712258b9896e2b844d686cd721cf8383,PRE_IB,Point,75.0,1.13161039352417,0.38518309593200684,28.0,0.0,19.603131538932583,SUPPORTED
sha256:19018d30b8242c3626aa00ca5672a0a99fdfb5627522791ce4231a969b41626d,sha256:687bfb4e7b1d435696fcf6e09321823c9abe2127abacf7517219bf66cb505bc4,PRE_IB,Point,75.0,1.150883436203003,0.40996089577674866,28.0,0.0,19.631404192690162,SUPPORTED
sha256:19018d30b8242c3626aa00ca5672a0a99fdfb5627522791ce4231a969b41626d,sha256:958610e3ba0e7325e28d05697f09f382ff1447d0c967518b645b5a875d7c3fee,POST_IB_PRE_OB,Point,205.0,1.1450927257537842,0.5977942943572998,28.0,0.0,20.718031267963738,SUPPORTED
sha256:19c3ba96b1702f047910bbbce7058a4000ac8b2acafd113a3c36a35147dff201,sha256:c7edbfd284265f99c303603fbd372ca688d4605425e7c68a314ba175d1a6f3c4,POST_IB_PRE_OB,Point,194.0,1.1246248483657837,0.9563539028167725,1.0,6.0,3.333763133905729,SUPPORTED
sha256:19c3ba96b1702f047910bbbce7058a4000ac8b2acafd113a3c36a35147dff201,sha256:20a5a28ae76a03c619df6a89d5e089d96268dc8a1cfdddf99a615b39166917a3,POST_IB_PRE_OB,Point,227.0,0.9247742295265198,0.6574944853782654,1.0,6.0,2.9552254880882702,SUPPORTED
sha256:19c3ba96b1702f047910bbbce7058a4000ac8b2acafd113a3c36a35147dff201,sha256:2d4ca9fe31541d8c56dd6b30ab41b1f74e2d13ae16592c17a9d83c34b5db3823,POST_IB_PRE_OB,Point,227.0,0.9511672854423523,0.8170793652534485,1.0,6.0,3.4964803958479598,SUPPORTED
sha256:19c3ba96b1702f047910bbbce7058a4000ac8b2acafd113a3c36a35147dff201,sha256:0e4f1a7f30a1cbf7dd544ad64abf8a9db4dfc0680e46310b3c7d72d1e0998445,POST_IB_PRE_OB,Point,227.0,0.9716437458992004,0.900701105594635,1.0,6.0,3.879786560652823,SUPPORTED
sha256:19c3ba96b1702f047910bbbce7058a4000ac8b2acafd113a3c36a35147dff201,sha256:f296374c6ef23212776c8fed9d40999416c3c11348ea1af10d3060c3094eb08a,POST_IB_PRE_OB,Point,227.0,0.9875316023826599,0.9237591624259949,1.0,6.0,3.9344147467817785,SUPPORTED
sha256:19c3ba96b1702f047910bbbce7058a4000ac8b2acafd113a3c36a35147dff201,sha256:3270f451255bef2ac9db00f1707941087d73876e6983cfacbc2447e7055ce60b,POST_IB_PRE_OB,Point,227.0,1.0000479221343994,0.9390885829925537,1.0,6.0,3.956791424901936,SUPPORTED
sha256:19c3ba96b1702f047910bbbce7058a4000ac8b2acafd113a3c36a35147dff201,sha256:a42c1359f4eed896ccc9d6f515cc2367794c796fb67cfca78a2273c0abe042c5,POST_IB_PRE_OB,Point,227.0,1.0101618766784668,0.949608564376831,1.0,6.0,3.960068761736425,SUPPORTED
sha256:19c3ba96b1702f047910bbbce7058a4000ac8b2acafd113a3c36a35147dff201,sha256:3ca9f537ab9dedf003054f112f879f54060bb18400135acc0fdf62fd8faa3744,POST_IB_PRE_OB,Point,227.0,1.0185930728912354,0.9571253657341003,1.0,6.0,3.952705269507528,SUPPORTED
sha256:19c3ba96b1702f047910bbbce7058a4000ac8b2acafd113a3c36a35147dff201,sha256:a5930973b558531926a03c0ab3d95a9cb9c081329c668cf162a3be06e6e86b4a,POST_IB_PRE_OB,Point,227.0,1.02585768699646,0.9627506732940674,1.0,6.0,3.939656848342197,SUPPORTED
sha256:1aaa144cdc8cf40cab4b2ce0440457e245eb58744e457753a9a5b27a7fa67cd2,sha256:9b9269bff5040ce4c4630a270800e615272d710513b76162c8f32b25dae86f3a,PRE_IB,Point,59.0,1.4031054973602295,0.8511095643043518,23.0,11.0,7.404588353829016,SUPPORTED
sha256:1aaa144cdc8cf40cab4b2ce0440457e245eb58744e457753a9a5b27a7fa67cd2,sha256:0e73ec423ccd529fddb81600fa9de40a06f9e281ca08cba4b67c6d8f2ed8020f,PRE_IB,Point,59.0,1.386319875717163,0.8743751645088196,23.0,11.0,7.554793701000917,SUPPORTED
sha256:1aaa144cdc8cf40cab4b2ce0440457e245eb58744e457753a9a5b27a7fa67cd2,sha256:903355d523fad112a830c97f33e009ddb39d2077cf8e170f82868f4cc2db01c8,PRE_IB,Point,59.0,1.3662219047546387,0.8866750597953796,23.0,11.0,7.6818131551798405,SUPPORTED
sha256:1aaa144cdc8cf40cab4b2ce0440457e245eb58744e457753a9a5b27a7fa67cd2,sha256:4ee100eb72923a09b18a1ba034d25357084310f7ff8e2634a79703cd48745b7f,PRE_IB,Point,59.0,1.3528661727905273,0.8936776518821716,23.0,11.0,7.764398961875801,SUPPORTED
sha256:1aaa144cdc8cf40cab4b2ce0440457e245eb58744e457753a9a5b27a7fa67cd2,sha256:c6e3806102ac6692d108df9e77b258870f3ee1b7be06e70acc182bdee46fa5c9,PRE_IB,Point,59.0,1.3455322980880737,0.8979275822639465,23.0,11.0,7.812410398477969,SUPPORTED
sha256:1aaa144cdc8cf40cab4b2ce0440457e245eb58744e457753a9a5b27a7fa67cd2,sha256:00d9d19f74e4687e568f922771e7044cef45a62a15229760d23429c4fa1906a5,PRE_IB,Point,59.0,1.3423426151275635,0.9007644653320312,23.0,11.0,7.837693790888854,SUPPORTED
sha256:1aaa144cdc8cf40cab4b2ce0440457e245eb58744e457753a9a5b27a7fa67cd2,sha256:dd19701e0a79d4a20731b582a5f8ae0c5ffca91b0cbccf825221a17d2c7aab9d,PRE_IB,Point,59.0,1.3419342041015625,0.9029202461242676,23.0,11.0,7.848516165481349,SUPPORTED
sha256:1aaa144cdc8cf40cab4b2ce0440457e245eb58744e457753a9a5b27a7fa67cd2,sha256:551213de8a631dc2d2799b9bfb0bafd10964ee814b8d7a7275cfce1af5ebd597,PRE_IB,Point,59.0,1.3434340953826904,0.9047887325286865,23.0,11.0,7.850075060789078,SUPPORTED
sha256:1aaa144cdc8cf40cab4b2ce0440457e245eb58744e457753a9a5b27a7fa67cd2,sha256:4aa62c79ee48422e90ddd6047e6e3e92edd9887ca6f74b4da529b7c3f150c7c2,PRE_IB,Point,59.0,1.3462737798690796,0.9065715074539185,23.0,11.0,7.845607249896826,SUPPORTED
sha256:1aaa144cdc8cf40cab4b2ce0440457e245eb58744e457753a9a5b27a7fa67cd2,sha256:930f34a5e12cf0f45089f5202777422d434e31c383884996a48f6d26243df8c1,PRE_IB,Point,59.0,1.3500680923461914,0.9083638787269592,23.0,11.0,7.837162732242051,SUPPORTED
sha256:1aaa144cdc8cf40cab4b2ce0440457e245eb58744e457753a9a5b27a7fa67cd2,sha256:dc145f07f0776504fd22e885bb83ed49db634a80763e95162c79705df3c43835,PRE_IB,Point,59.0,1.3545491695404053,0.9102039337158203,23.0,11.0,7.826058614188799,SUPPORTED
sha256:1aaa144cdc8cf40cab4b2ce0440457e245eb58744e457753a9a5b27a7fa67cd2,sha256:42b3793fc7e20caef364d450e06bd81dba48160277dc245f4bde0fb4b1e68514,PRE_IB,Point,59.0,1.359525442123413,0.9121016263961792,23.0,11.0,7.8131662533007304,SUPPORTED
sha256:1aaa144cdc8cf40cab4b2ce0440457e245eb58744e457753a9a5b27a7fa67cd2,sha256:50c0df65b493bbe4c1407b35041b3cc6df3b190c5e92fb2352bc503fb5e4e9c2,PRE_IB,Point,59.0,1.3648632764816284,0.9140536189079285,23.0,11.0,7.799050467381498,SUPPORTED
sha256:1aaa144cdc8cf40cab4b2ce0440457e245eb58744e457753a9a5b27a7fa67cd2,sha256:03e59e37d236ca7d9761cd4a1c17227941a456131afd5fae161bdb04af3e5073,PRE_IB,Point,59.0,1.3704659938812256,0.9160501956939697,23.0,11.0,7.784088367161858,SUPPORTED
sha256:1aaa144cdc8cf40cab4b2ce0440457e245eb58744e457753a9a5b27a7fa67cd2,sha256:0975910507cbe376942462cf700e711b9cdb556412081cdf17b2aa8a5d35a1b2,POST_IB_PRE_OB,Point,40.0,0.9893054962158203,0.8437876105308533,23.0,11.0,9.50262959578726,SUPPORTED
sha256:1aaa144cdc8cf40cab4b2ce0440457e245eb58744e457753a9a5b27a7fa67cd2,sha256:1b040aa43c8e08ef4eb2f78ccc1419dc7ff305f062f937f714191790a26c8bf2,POST_IB_PRE_OB,Point,40.0,1.0043658018112183,0.8897197842597961,23.0,11.0,9.768796737979464,SUPPORTED
sha256:1aaa144cdc8cf40cab4b2ce0440457e245eb58744e457753a9a5b27a7fa67cd2,sha256:eec08da65827e324b0780d7cad9bcabc8565a35a9090f41a62aced4331ff02ea,POST_IB_PRE_OB,Point,40.0,1.0151158571243286,0.9221111536026001,23.0,11.0,9.980133252381604,SUPPORTED
sha256:1aaa144cdc8cf40cab4b2ce0440457e245eb58744e457753a9a5b27a7fa67cd2,sha256:451abc8a321fa2219875db5ca86bfc5b3e64244a6546f75336dd7d71717bbd56,POST_IB_PRE_OB,Point,40.0,1.0235671997070312,0.9467318654060364,23.0,11.0,10.156393706328993,SUPPORTED
sha256:1aaa144cdc8cf40cab4b2ce0440457e245eb58744e457753a9a5b27a7fa67cd2,sha256:7dea010d93b47547ef340c5610147f4bc43fcfe41a10265b2d0c3c9b7b4b38fc,POST_IB_PRE_OB,Point,40.0,1.0307178497314453,0.962145209312439,23.0,11.0,10.254327138808954,SUPPORTED
sha256:1aaa144cdc8cf40cab4b2ce0440457e245eb58744e457753a9a5b27a7fa67cd2,sha256:098801883d6a0f1448de23624ba7e4de970e441a63977ef86ad4f8669af61a0e,POST_IB_PRE_OB,Point,40.0,1.037054419517517,0.9673306345939636,23.0,11.0,10.240313585889293,SUPPORTED
sha256:1aaa144cdc8cf40cab4b2ce0440457e245eb58744e457753a9a5b27a7fa67cd2,sha256:ff8db68469d546ba165f560d84e10d0728a2fce4bf57e568ea97f3e58d8d0e74,POST_IB_PRE_OB,Point,40.0,1.0428394079208374,0.9719199538230896,23.0,11.0,10.225889970134984,SUPPORTED
sha256:1aaa144cdc8cf40cab4b2ce0440457e245eb58744e457753a9a5b27a7fa67cd2,sha256:e8edb86a58fb9dfc3601780ab521cb1926ecfe589a02fe6edbbb9207fc5c8c79,POST_IB_PRE_OB,Point,40.0,1.048236608505249,0.9761242866516113,23.0,11.0,10.211630811874402,SUPPORTED
sha256:1aaa144cdc8cf40cab4b2ce0440457e245eb58744e457753a9a5b27a7fa67cd2,sha256:82bee29639e7ca41e013753d1816a767a24d3f99e8d73594b6a722c69320a450,POST_IB_PRE_OB,Point,40.0,1.0533576011657715,0.9800662994384766,23.0,11.0,10.197662744973545,SUPPORTED
sha256:1aaa144cdc8cf40cab4b2ce0440457e245eb58744e457753a9a5b27a7fa67cd2,sha256:9c46f62e8ee75554ea7ebddab48814883257ef3f0519fdafae9f6d1523906a8d,POST_IB_PRE_OB,Point,40.0,1.0582822561264038,0.9838210940361023,23.0,11.0,10.183922672576145,SUPPORTED
sha256:1aaa144cdc8cf40cab4b2ce0440457e245eb58744e457753a9a5b27a7fa67cd2,sha256:df72fe661b42bd8486ca48c18d67ee43ff55b0846fe0c574031f170d98b7e8d9,POST_IB_PRE_OB,Point,40.0,1.0630675554275513,0.9874379634857178,23.0,11.0,10.170315861028204,SUPPORTED
sha256:1aaa144cdc8cf40cab4b2ce0440457e245eb58744e457753a9a5b27a7fa67cd2,sha256:79a17302b3841c423c051ed9e2154bae7ae4dadb3cc898bf323b53a9ab20664a,POST_IB_PRE_OB,Point,40.0,1.0677549839019775,0.9909486770629883,23.0,11.0,10.156727472970053,SUPPORTED
sha256:1aaa144cdc8cf40cab4b2ce0440457e245eb58744e457753a9a5b27a7fa67cd2,sha256:1d33f6b4f739a2d85132c1aa968f1ddfd2a8ec98525ecf5db539f71185502330,POST_IB_PRE_OB,Point,40.0,1.0723742246627808,0.9943764209747314,23.0,11.0,10.143083186185155,SUPPORTED
sha256:1aaa144cdc8cf40cab4b2ce0440457e245eb58744e457753a9a5b27a7fa67cd2,sha256:3e6d49a1b3b4b704601bca5b601e4a5919e77185c51f3590e973ac5516905684,POST_IB_PRE_OB,Point,40.0,1.0769474506378174,0.9977357983589172,23.0,11.0,10.129299010803079,SUPPORTED
sha256:1aaa144cdc8cf40cab4b2ce0440457e245eb58744e457753a9a5b27a7fa67cd2,sha256:c807d5abc8e01146962211c46634f762ae846d04727eeba44c54a92e2fbd09f1,POST_IB_PRE_OB,Point,40.0,1.0814893245697021,1.0010374784469604,23.0,11.0,10.115333881752255,SUPPORTED
sha256:1aaa144cdc8cf40cab4b2ce0440457e245eb58744e457753a9a5b27a7fa67cd2,sha256:7bcf462ffa1652d01182e145bd7146d5ad4a6608c8577caabc690bc4089f5afb,POST_IB_PRE_OB,Point,40.0,1.086010456085205,1.0042884349822998,23.0,11.0,10.101152150348668,SUPPORTED
sha256:1aaa144cdc8cf40cab4b2ce0440457e245eb58744e457753a9a5b27a7fa67cd2,sha256:b676af31946d8c3ba0e5ad3451637e3470ce0501bd3f4b89774687303f8a3f94,POST_IB_PRE_OB,Point,40.0,1.0905194282531738,1.007493257522583,23.0,11.0,10.086715524796855,SUPPORTED
sha256:1aaa144cdc8cf40cab4b2ce0440457e245eb58744e457753a9a5b27a7fa67cd2,sha256:7c9eaf3910ca145da5fb837778f4948ec29eea1ac793a0289806e52ef830b43f,POST_IB_PRE_OB,Point,40.0,1.095020055770874,1.0106557607650757,23.0,11.0,10.072030783810817,SUPPORTED
sha256:1aaa144cdc8cf40cab4b2ce0440457e245eb58744e457753a9a5b27a7fa67cd2,sha256:36451fc2cb71b69ee1845d5bcfa34bfeda482385a442a52595a703c16f17fef1,POST_IB_PRE_OB,Point,40.0,1.0995166301727295,1.013777256011963,23.0,11.0,10.057072334029044,SUPPORTED
sha256:1aaa144cdc8cf40cab4b2ce0440457e245eb58744e457753a9a5b27a7fa67cd2,sha256:7cf8287a2543d0fcb665f80acf1cb13bbad846761ce63577344742f1d69a8c07,POST_IB_PRE_OB,Point,40.0,1.1040114164352417,1.0168602466583252,23.0,11.0,10.0418501774308,SUPPORTED
sha256:1aaa144cdc8cf40cab4b2ce0440457e245eb58744e457753a9a5b27a7fa67cd2,sha256:8a8385c71e2b90ae2e50aa8a3ef7f3f62c6250aad83ff3090b05a3d0a88349ed,POST_IB_PRE_OB,Point,40.0,1.1085052490234375,1.0199050903320312,23.0,11.0,10.02636651111713,SUPPORTED
sha256:1aaa144cdc8cf40cab4b2ce0440457e245eb58744e457753a9a5b27a7fa67cd2,sha256:3105e01d3a06ad0ff9ca1a80ba4d53fbb6b32ee9f22962bdc240d14a3a92d2ab,POST_IB_PRE_OB,Point,40.0,1.1129997968673706,1.0229116678237915,23.0,11.0,10.01060978241628,SUPPORTED
sha256:1aaa144cdc8cf40cab4b2ce0440457e245eb58744e457753a9a5b27a7fa67cd2,sha256:103cee7f087243c3f14c33b99d8141ff3f079eba264959e952611ab1cc4bc6b2,POST_IB_PRE_OB,Point,40.0,1.1174945831298828,1.0258816480636597,23.0,11.0,9.99461010169219,SUPPORTED
sha256:1aaa144cdc8cf40cab4b2ce0440457e245eb58744e457753a9a5b27a7fa67cd2,sha256:67de38efca06880b99ef4cc0332156f1b6a2799ef0d0841acbe015a9c27d28e1,POST_IB_PRE_OB,Point,40.0,1.1219897270202637,1.0288143157958984,23.0,11.0,9.97836578887782,SUPPORTED
sha256:1aaa144cdc8cf40cab4b2ce0440457e245eb58744e457753a9a5b27a7fa67cd2,sha256:72e415f3427a790c136252630c73147dd097512fdc18ee465b1478dd5a18ad89,POST_IB_PRE_OB,Point,40.0,1.1264845132827759,1.031710147857666,23.0,11.0,9.961896136269662,SUPPORTED
sha256:1aaa144cdc8cf40cab4b2ce0440457e245eb58744e457753a9a5b27a7fa67cd2,sha256:d94347cc8350c343cb26c69435f96558cbb0ab5862a6b751acf5867a1af273bb,POST_IB_PRE_OB,Point,40.0,1.1309791803359985,1.0345691442489624,23.0,11.0,9.945205319613558,SUPPORTED
sha256:1aaa144cdc8cf40cab4b2ce0440457e245eb58744e457753a9a5b27a7fa67cd2,sha256:a51c667c6f678561f7a41d1ccc29ee4e85ec069e54ec6851169d86c16fcd1f31,POST_IB_PRE_OB,Point,40.0,1.135472297668457,1.0373907089233398,23.0,11.0,9.928308268841485,SUPPORTED
sha256:1aaa144cdc8cf40cab4b2ce0440457e245eb58744e457753a9a5b27a7fa67cd2,sha256:86bd32ec77b01a1585bd9f87156bd2d2e3579e159c96ee25941f75eb957626bb,POST_IB_PRE_OB,Point,40.0,1.1399638652801514,1.0401760339736938,23.0,11.0,9.911223026986065,SUPPORTED
sha256:1aaa144cdc8cf40cab4b2ce0440457e245eb58744e457753a9a5b27a7fa67cd2,sha256:f9ff3a2b0aadd1f3d46811360c32435962d436d12ec84c0807f69a5f09988605,POST_IB_PRE_OB,Point,40.0,1.144452452659607,1.0429235696792603,23.0,11.0,9.893954108922479,SUPPORTED
sha256:1aaa144cdc8cf40cab4b2ce0440457e245eb58744e457753a9a5b27a7fa67cd2,sha256:e3818a49802b09616f85de4e288ed3294127f2b267cc6c733ab266e9c77e46d1,POST_IB_PRE_OB,Point,40.0,1.1489378213882446,1.0456345081329346,23.0,11.0,9.87652109753351,SUPPORTED
sha256:1aaa144cdc8cf40cab4b2ce0440457e245eb58744e457753a9a5b27a7fa67cd2,sha256:31b92bca405f9f4890613c9d335abc1a3b697e6d91b59e8af55e53d66f841a8b,POST_IB_PRE_OB,Point,40.0,1.153418779373169,1.0483078956604004,23.0,11.0,9.858931367687193,SUPPORTED
sha256:1aaa144cdc8cf40cab4b2ce0440457e245eb58744e457753a9a5b27a7fa67cd2,sha256:3e998fb96748e8f1b8d836345cd9db5209f7e7f0b1bced25ad7616a1319eb21d,POST_IB_PRE_OB,Point,40.0,1.157894492149353,1.0509436130523682,23.0,11.0,9.841196656623753,SUPPORTED
sha256:1aaa144cdc8cf40cab4b2ce0440457e245eb58744e457753a9a5b27a7fa67cd2,sha256:27cd22e885a62120ecedad1fb308865bc27138e1a03a148968925827370a8a21,POST_IB_PRE_OB,Point,40.0,1.1623637676239014,1.0535427331924438,23.0,11.0,9.823343042257836,SUPPORTED
sha256:1aaa144cdc8cf40cab4b2ce0440457e245eb58744e457753a9a5b27a7fa67cd2,sha256:0d4cb668f55c0e1dd47ada72b8c0a76692145e73e011837a5e0ee6fccb592d2d,POST_IB_PRE_OB,Point,40.0,1.166826605796814,1.0561044216156006,23.0,11.0,9.80536649780693,SUPPORTED
sha256:1aaa144cdc8cf40cab4b2ce0440457e245eb58744e457753a9a5b27a7fa67cd2,sha256:f274522e2c23bd2be0078f5329771f4f39a2a2e532727ffa2e3c5d9ad3a511df,POST_IB_PRE_OB,Point,40.0,1.1712812185287476,1.058628797531128,23.0,11.0,9.787288748819492,SUPPORTED
sha256:1aaa144cdc8cf40cab4b2ce0440457e245eb58744e457753a9a5b27a7fa67cd2,sha256:4a3a8ab459d1ffd15f93126afbc0aaecd383eddf8292f3b412b968af8b0b627b,POST_IB_PRE_OB,Point,40.0,1.1757272481918335,1.0611159801483154,23.0,11.0,9.76911753194255,SUPPORTED
sha256:1aaa144cdc8cf40cab4b2ce0440457e245eb58744e457753a9a5b27a7fa67cd2,sha256:d787e56bf4a697c76aab58d1a3b8c808b09d77ec81da6d2306ce1de3f48e4349,POST_IB_PRE_OB,Point,40.0,1.1801636219024658,1.0635656118392944,23.0,11.0,9.750862504341487,SUPPORTED
sha256:1aaa144cdc8cf40cab4b2ce0440457e245eb58744e457753a9a5b27a7fa67cd2,sha256:495d7f86ef7d1de704b55b1251f98788c8459db3d18c26801997896f74d038b0,POST_IB_PRE_OB,Point,40.0,1.1845896244049072,1.065977931022644,23.0,11.0,9.732535147596558,SUPPORTED
sha256:1aaa144cdc8cf40cab4b2ce0440457e245eb58744e457753a9a5b27a7fa67cd2,sha256:3cd8f4c49041de4ec618b890ce182fe0a7a7509016d460d66650a3caac590346,POST_IB_PRE_OB,Point,40.0,1.1890045404434204,1.068353295326233,23.0,11.0,9.71414760588765,SUPPORTED
sha256:1aaa144cdc8cf40cab4b2ce0440457e245eb58744e457753a9a5b27a7fa67cd2,sha256:d5b00133b5ce852d53831deffa90d89871598a03f4ae57a0adec05241cf793dc,POST_IB_PRE_OB,Point,40.0,1.193407654762268,1.0706918239593506,23.0,11.0,9.695709469348534,SUPPORTED
sha256:1aaa144cdc8cf40cab4b2ce0440457e245eb58744e457753a9a5b27a7fa67cd2,sha256:2b078d5e0cb3440db0e03945cab8f928b851e4ba915e968ac484e7e3d4b271d1,POST_IB_PRE_OB,Point,40.0,1.1977975368499756,1.0729925632476807,23.0,11.0,9.677226837380662,SUPPORTED
sha256:1aaa144cdc8cf40cab4b2ce0440457e245eb58744e457753a9a5b27a7fa67cd2,sha256:98aa6cf0057d1e19e34b652c8b8d70af37c5cc5cf6bbb4371866f199fef34bf2,POST_IB_PRE_OB,Point,40.0,1.2021743059158325,1.0752573013305664,23.0,11.0,9.658715995734331,SUPPORTED
sha256:1aaa144cdc8cf40cab4b2ce0440457e245eb58744e457753a9a5b27a7fa67cd2,sha256:8516e5e5641c9037101fff0c511120e1149760830367d88ae7f1bcf8d07fdaf3,POST_IB_PRE_OB,Point,40.0,1.2065367698669434,1.0774847269058228,23.0,11.0,9.640177184288271,SUPPORTED
sha256:1aaa144cdc8cf40cab4b2ce0440457e245eb58744e457753a9a5b27a7fa67cd2,sha256:3b48637f4b75cf024e1ed334070283265320a16a6fb0210b22af5d2c911294ed,POST_IB_PRE_OB,Point,40.0,1.2108839750289917,1.0796757936477661,23.0,11.0,9.62162799611142,SUPPORTED
sha256:1aaa144cdc8cf40cab4b2ce0440457e245eb58744e457753a9a5b27a7fa67cd2,sha256:0f2e9f70f286f5096bfd8d3ae346a34967a7e96743bc0577130ecaa4f4852dff,POST_IB_PRE_OB,Point,40.0,1.215215802192688,1.081830382347107,23.0,11.0,9.60306920391764,SUPPORTED
sha256:1b38dfe1dd2690b17c5845dc0d41cf26511f63a6fd9412b810642e365802adc4,sha256:f50949f953059539cd028edb849d0bc31ba714add85ec297738cda9ca6f32f31,POST_IB_PRE_OB,Point,98.0,0.7715578079223633,0.7248939871788025,0.0,2.0,1.435672359306917,SUPPORTED
sha256:1b38dfe1dd2690b17c5845dc0d41cf26511f63a6fd9412b810642e365802adc4,sha256:b123d886324016dfdc44694b2a136c8ede3ac7b5006d2c65b7d0c0c8cc8c9ff2,POST_IB_PRE_OB,Point,98.0,0.7976166605949402,0.9546148180961609,0.0,2.0,1.0362906755909027,SUPPORTED
sha256:1b38dfe1dd2690b17c5845dc0d41cf26511f63a6fd9412b810642e365802adc4,sha256:c159bec761aee8bb1c21d62ed7be4c5abbbeca0f17b0e597022729581cfb334a,POST_IB_PRE_OB,Point,98.0,0.8174811601638794,1.0049697160720825,0.0,2.0,0.9627810613342439,SUPPORTED
sha256:1b38dfe1dd2690b17c5845dc0d41cf26511f63a6fd9412b810642e365802adc4,sha256:1a2a3ba02120701e72bfede213515df314632ee41ac11224068511b64369756f,POST_IB_PRE_OB,Point,98.0,0.83296799659729,1.0375765562057495,0.0,2.0,0.9252069507038608,SUPPORTED
sha256:1b38dfe1dd2690b17c5845dc0d41cf26511f63a6fd9412b810642e365802adc4,sha256:37a74f18d3edc9b94768085676b117a78f7d51fcf69fe0bbf7f14657d57b7b9e,POST_IB_PRE_OB,Point,98.0,0.8452686667442322,1.058692216873169,0.0,2.0,0.9067528184480387,SUPPORTED
sha256:1b38dfe1dd2690b17c5845dc0d41cf26511f63a6fd9412b810642e365802adc4,sha256:0c9a43bf250f20eca6318b67eae2dd12eca8dcec6b1e0aaaffd67101a3772612,POST_IB_PRE_OB,Point,98.0,0.8552702069282532,1.0726841688156128,0.0,2.0,0.8985842931663088,SUPPORTED
sha256:1b38dfe1dd2690b17c5845dc0d41cf26511f63a6fd9412b810642e365802adc4,sha256:e1e61273c16a6fe12a25fbe0eeae9fd61937d18040597b8e5c63560941298dd1,POST_IB_PRE_OB,Point,98.0,0.8636413216590881,1.082306981086731,0.0,2.0,0.8960450504013272,SUPPORTED
sha256:1b38dfe1dd2690b17c5845dc0d41cf26511f63a6fd9412b810642e365802adc4,sha256:a4eb21849d3b957d7630a89d74c416e55240b00414f71e125a0b692547c22293,POST_IB_PRE_OB,Point,234.0,0.9892486929893494,0.6710822582244873,0.0,2.0,0.722756933063529,SUPPORTED
sha256:1b38dfe1dd2690b17c5845dc0d41cf26511f63a6fd9412b810642e365802adc4,sha256:ae364abb1c6831c4b2470ece923ddf4b32bc8303c3e14b75f2caf30e01faa5ca,POST_IB_PRE_OB,Point,234.0,0.9955374002456665,0.6895030736923218,0.0,2.0,0.7413379942170165,SUPPORTED
sha256:1b38dfe1dd2690b17c5845dc0d41cf26511f63a6fd9412b810642e365802adc4,sha256:cbf237dd6a41a4f1aee76bab4587472242082ed6ef26b723a5cba128559eed3c,POST_IB_PRE_OB,Point,234.0,1.0012621879577637,0.7045493125915527,0.0,2.0,0.7560302335058935,SUPPORTED
sha256:1b38dfe1dd2690b17c5845dc0d41cf26511f63a6fd9412b810642e365802adc4,sha256:67ba60ff0389609a079144fadcb135f8ad7024169cee14c5f0f45dd25e8a3beb,POST_IB_PRE_OB,Point,234.0,1.0065969228744507,0.7174039483070374,0.0,2.0,0.7681591825235593,SUPPORTED
sha256:1b38dfe1dd2690b17c5845dc0d41cf26511f63a6fd9412b810642e365802adc4,sha256:6fe15df673f6f614fc00f787043d0b0ffd9c6aa86ebb36307a06930ba256988d,POST_IB_PRE_OB,Point,234.0,1.0116603374481201,0.728817343711853,0.0,2.0,0.7786010085855614,SUPPORTED
sha256:1b38dfe1dd2690b17c5845dc0d41cf26511f63a6fd9412b810642e365802adc4,sha256:b4a683cb02fac79e1d781e3abbe5cb0177f107a8cb27a585c969fc6ede08c546,POST_IB_PRE_OB,Point,234.0,1.0165330171585083,0.739263653755188,0.0,2.0,0.7879222221274652,SUPPORTED
sha256:1b38dfe1dd2690b17c5845dc0d41cf26511f63a6fd9412b810642e365802adc4,sha256:e1e2af61204c80c83bbd606438d46b83cdb1cf0d4e132ae66bb08582a00079ee,POST_IB_PRE_OB,Point,234.0,1.0212688446044922,0.7490413188934326,0.0,2.0,0.7964835758035982,SUPPORTED
sha256:1b38dfe1dd2690b17c5845dc0d41cf26511f63a6fd9412b810642e365802adc4,sha256:0f4045f035b87274a6a2c06efceb343fbac0febca2303dcdf838e49323ae063a,POST_IB_PRE_OB,Point,234.0,1.0259050130844116,0.7583460211753845,0.0,2.0,0.804523812813112,SUPPORTED
sha256:1b38dfe1dd2690b17c5845dc0d41cf26511f63a6fd9412b810642e365802adc4,sha256:d5e91a146350e14664479e567ff8baf3d6e41c3c1f000847e8891f2a615bde9e,POST_OB_PRE_TO,Point,,,,,2.0,,ABSTAIN_NO_FINITE_OBSERVED_PAIR
sha256:22af1782183a59cb9c7ceb95e41ac6227e1069d5774b9ec5848041809a646143,sha256:224819649ab74d59f946d6aa6a2f1f536641a03d396ac1dec38ccc81e5cb3f74,POST_IB_PRE_OB,Point,248.0,1.3363288640975952,1.3490122556686401,11.0,5.0,5.460957555937912,SUPPORTED
sha256:22af1782183a59cb9c7ceb95e41ac6227e1069d5774b9ec5848041809a646143,sha256:62947eaa5bfea07b2c7bb78f75643c7d6c9caa8a994095ab7e8a1b7918e1bd4c,POST_IB_PRE_OB,Point,248.0,1.3670504093170166,1.433896541595459,11.0,5.0,4.800233652203096,SUPPORTED
sha256:22af1782183a59cb9c7ceb95e41ac6227e1069d5774b9ec5848041809a646143,sha256:deb17a51d28d28c3144d74bce5734d5b2f98f85cd73f8860686696bc5c2c2716,POST_IB_PRE_OB,Point,240.0,0.5986431837081909,1.0332766771316528,11.0,5.0,3.2048960672287112,SUPPORTED
sha256:22af1782183a59cb9c7ceb95e41ac6227e1069d5774b9ec5848041809a646143,sha256:4b746cb8d46f54a2fc65672873e4e5dacd17734cfd755f3fd518901e78a1e4c8,POST_IB_PRE_OB,Point,240.0,0.6404746174812317,1.0682789087295532,11.0,5.0,3.2235410389608754,SUPPORTED
sha256:22af1782183a59cb9c7ceb95e41ac6227e1069d5774b9ec5848041809a646143,sha256:ea131e616da5e55ed5753730e4668cb38d7fc81aa0797cf89372940dc3d526ed,POST_IB_PRE_OB,Point,240.0,0.6726666688919067,1.0908684730529785,11.0,5.0,3.250104062634506,SUPPORTED
sha256:22af1782183a59cb9c7ceb95e41ac6227e1069d5774b9ec5848041809a646143,sha256:038e1d6bcbb2b06bc9b6d26719c591bda8607e6bfa6c6cab9968cb2c6dfb1ccb,POST_IB_PRE_OB,Point,240.0,0.6977936625480652,1.105741024017334,11.0,5.0,3.2789320730338707,SUPPORTED
sha256:22af1782183a59cb9c7ceb95e41ac6227e1069d5774b9ec5848041809a646143,sha256:a9d12eeebd9b9a6c38ea066c99fbd291764287e4f5e5527682e93af1972d1309,POST_IB_PRE_OB,Point,240.0,0.7179641723632812,1.1158761978149414,11.0,5.0,3.307622619774605,SUPPORTED
sha256:22af1782183a59cb9c7ceb95e41ac6227e1069d5774b9ec5848041809a646143,sha256:447f63de713343e65393949532541579167d9266f541ac578f2e32cabc134176,POST_IB_PRE_OB,Point,240.0,0.7347331643104553,1.1230911016464233,11.0,5.0,3.3353937226647186,SUPPORTED
sha256:22af1782183a59cb9c7ceb95e41ac6227e1069d5774b9ec5848041809a646143,sha256:66f00d862c5e2e4e75ad0b9a49d60a8c68b745b97917d2b889e3f8cc05959cde,POST_IB_PRE_OB,Point,240.0,0.7491937875747681,1.1284865140914917,11.0,5.0,3.362170681189195,SUPPORTED
sha256:22af1782183a59cb9c7ceb95e41ac6227e1069d5774b9ec5848041809a646143,sha256:e7849f4b1ba2e097698810b40ecd1c0f9ecebfc8d6459ee314c36bbbbd124e59,POST_IB_PRE_OB,Point,240.0,0.7597991228103638,1.1327340602874756,11.0,5.0,3.3812065909438425,SUPPORTED
sha256:22af1782183a59cb9c7ceb95e41ac6227e1069d5774b9ec5848041809a646143,sha256:4d9b9ca5b6acb4a6145814e71aa05c0e4de9df766746c0e486d29ac0a31ec6f6,POST_IB_PRE_OB,Point,240.0,0.7660826444625854,1.1362464427947998,11.0,5.0,3.38957138071233,SUPPORTED
sha256:2535ad26710c031ab1827c61c902b08a37ff80f68a6e45abb36c2bc4904a1cb6,sha256:34e627e790fea87a3319f269b6a16168ae3d44c1145146f4226f31349153e376,POST_IB_PRE_OB,Point,244.0,1.4866340160369873,0.599873960018158,0.0,11.0,5.640365698885389,SUPPORTED
sha256:2535ad26710c031ab1827c61c902b08a37ff80f68a6e45abb36c2bc4904a1cb6,sha256:18223998c8938e433b917adb58f131ac3e5731c36ac4814051847c09e5bbffdf,POST_IB_PRE_OB,Point,212.0,0.36127784848213196,0.9293698668479919,0.0,11.0,6.568487153169227,SUPPORTED
sha256:2535ad26710c031ab1827c61c902b08a37ff80f68a6e45abb36c2bc4904a1cb6,sha256:5562cee3a6e8fbe07d3d62d0d3592062fa17e143746b663dce61906612dc305d,POST_IB_PRE_OB,Point,212.0,0.4188724458217621,0.9893351197242737,0.0,11.0,6.560436960224935,SUPPORTED
sha256:2535ad26710c031ab1827c61c902b08a37ff80f68a6e45abb36c2bc4904a1cb6,sha256:2b7b31d97054bf945bbb4348004622426c4f32e34ac423f9ffccf132d3694346,POST_IB_PRE_OB,Point,8.0,0.5783876776695251,0.5186768174171448,0.0,11.0,9.438822877970834,SUPPORTED
sha256:2535ad26710c031ab1827c61c902b08a37ff80f68a6e45abb36c2bc4904a1cb6,sha256:c12a8894595a42b359eda3c681e361251972f76a8e44fb387f87da1e31c2f9a4,POST_IB_PRE_OB,Point,8.0,0.6121168732643127,0.5831237435340881,0.0,11.0,9.899525242568362,SUPPORTED
sha256:2535ad26710c031ab1827c61c902b08a37ff80f68a6e45abb36c2bc4904a1cb6,sha256:73270b1249469a4e7e0c236fa5d14509787e0bab5a489a5d1f177d351049e173,POST_OB_PRE_TO,Point,,,,,11.0,,ABSTAIN_NO_FINITE_OBSERVED_PAIR
sha256:2535ad26710c031ab1827c61c902b08a37ff80f68a6e45abb36c2bc4904a1cb6,sha256:ed03d1d609ff43e7c404de94826c7b03ceac37e5c536a9a9f054455683e2f68e,POST_OB_PRE_TO,Point,,,,,11.0,,ABSTAIN_NO_FINITE_OBSERVED_PAIR
sha256:25fe599dc22a1edc79d64db38d787481a8a0e7acd4a83b83b938ee3de35f633b,sha256:0152ff4b8780d485e412354b672450f4fe348cc64f8410e99516e0d11e482069,PRE_IB,Point,34.0,0.7663302421569824,0.927890419960022,5.0,2.0,1.7691801529404034,SUPPORTED
sha256:25fe599dc22a1edc79d64db38d787481a8a0e7acd4a83b83b938ee3de35f633b,sha256:14998ad3f799253601bf478bc4d243a24521f201bf0b6e0e15091c0e759524e5,POST_IB_PRE_OB,Point,87.0,0.9000743627548218,0.8140001893043518,5.0,2.0,2.069762173420145,SUPPORTED
sha256:25fe599dc22a1edc79d64db38d787481a8a0e7acd4a83b83b938ee3de35f633b,sha256:e7547b665cc6801076250587e893d79082cc3fcebd798631880c10aea08f9404,POST_IB_PRE_OB,Point,87.0,0.9305309653282166,0.8888458013534546,5.0,2.0,2.3344214453399488,SUPPORTED
sha256:25fe599dc22a1edc79d64db38d787481a8a0e7acd4a83b83b938ee3de35f633b,sha256:34c324fbafb7e54709111d66a8598be2d11ac9f0ae65736a00bf7d27fa29e2d7,POST_IB_PRE_OB,Point,87.0,0.9530907869338989,0.9299541115760803,5.0,2.0,2.4962210233851114,SUPPORTED
sha256:25fe599dc22a1edc79d64db38d787481a8a0e7acd4a83b83b938ee3de35f633b,sha256:8b9ee9ebb57a9ab5f86572696223e768eda8af3e732f884da1fbb324ceb52f9d,POST_IB_PRE_OB,Point,87.0,0.9700645208358765,0.9563517570495605,5.0,2.0,2.608061231759391,SUPPORTED
sha256:25fe599dc22a1edc79d64db38d787481a8a0e7acd4a83b83b938ee3de35f633b,sha256:86f4ed4e8bf1079a2ca18e950d38b986ce2c633e25721faf6fc1c9f8b25b92ae,POST_IB_PRE_OB,Point,87.0,0.9831927418708801,0.9737083911895752,5.0,2.0,2.672123700670579,SUPPORTED
sha256:25fe599dc22a1edc79d64db38d787481a8a0e7acd4a83b83b938ee3de35f633b,sha256:592b1bcede3bcc14e927ce9746ad69bd8c44106dc9e83bb8dc9b24325ae6a391,POST_IB_PRE_OB,Point,188.0,0.8857866525650024,0.7764408588409424,5.0,2.0,1.9638548401636573,SUPPORTED
sha256:25fe599dc22a1edc79d64db38d787481a8a0e7acd4a83b83b938ee3de35f633b,sha256:3ecfb04f0d25ca4ed74fb8051471499f2b0662817a07d5f08c6b3a9fe3db5bf5,POST_IB_PRE_OB,Point,188.0,0.8945658206939697,0.7981421947479248,5.0,2.0,2.020745462482391,SUPPORTED
sha256:25fe599dc22a1edc79d64db38d787481a8a0e7acd4a83b83b938ee3de35f633b,sha256:142c03fa034acc9c24ad0b5951f1589b095f2bc2dd5379c89b37d9490eb48a73,POST_IB_PRE_OB,Point,188.0,0.9020875692367554,0.814708948135376,5.0,2.0,2.0633945132088036,SUPPORTED
sha256:29a423c8c4fc9dc08eabb584988d1d942c78c6f372c39e98876f9af82ccebba4,sha256:74417f399411eb224c3fce34085ea7db807a18c22935d15b100cbbcab6d95477,POST_IB_PRE_OB,Point,225.0,0.8018879890441895,0.7904326319694519,0.0,1.0,0.7973959534061525,SUPPORTED
sha256:29a423c8c4fc9dc08eabb584988d1d942c78c6f372c39e98876f9af82ccebba4,sha256:53eaa3c4843131f128f00f74506a46eefc4190a73c9b5fe1e7938846ed0febd8,POST_IB_PRE_OB,Point,225.0,0.8315001726150513,0.9722418189048767,0.0,1.0,0.3904306539944295,SUPPORTED
sha256:29a423c8c4fc9dc08eabb584988d1d942c78c6f372c39e98876f9af82ccebba4,sha256:608942963fde7989cd0207ceaa3508431184fb4cb653895e155607e4958eb077,POST_IB_PRE_OB,Point,225.0,0.8545572757720947,1.02450430393219,0.0,1.0,0.34545438862934663,SUPPORTED
sha256:29a423c8c4fc9dc08eabb584988d1d942c78c6f372c39e98876f9af82ccebba4,sha256:d8dc27b7459993f1567fba3552b0647a78884b0d594524934e3e82f10f3d1345,POST_IB_PRE_OB,Point,225.0,0.8724108338356018,1.0584988594055176,0.0,1.0,0.323329599195729,SUPPORTED
sha256:29a423c8c4fc9dc08eabb584988d1d942c78c6f372c39e98876f9af82ccebba4,sha256:f3f812503e0dc2ec681ed5f47b6a51a3071b0dd1e95499b6b5235bcda9074e4b,POST_IB_PRE_OB,Point,107.0,0.6486542224884033,0.9611730575561523,0.0,1.0,0.19445115363205165,SUPPORTED
sha256:29a423c8c4fc9dc08eabb584988d1d942c78c6f372c39e98876f9af82ccebba4,sha256:8328dbb7020be76ce55c37166723f18077b7028eb91231ad8c64074c18d600d5,POST_IB_PRE_OB,Point,107.0,0.6749047040939331,0.9758309125900269,0.0,1.0,0.20379137904969657,SUPPORTED
sha256:29a423c8c4fc9dc08eabb584988d1d942c78c6f372c39e98876f9af82ccebba4,sha256:650a56fb5bea81b9ac2243fdefa6a6522023fcddb0572a29a34ba3a68e303ba0,POST_IB_PRE_OB,Point,107.0,0.6959385871887207,0.9858934283256531,0.0,1.0,0.21300574087836882,SUPPORTED
sha256:29a423c8c4fc9dc08eabb584988d1d942c78c6f372c39e98876f9af82ccebba4,sha256:131461da2a0e17fe12ba48add41d88f2c4e82bc4ac3d46419e2d807e882b3553,POST_IB_PRE_OB,Point,107.0,0.7133891582489014,0.9930947422981262,0.0,1.0,0.2219615998087569,SUPPORTED
sha256:29a423c8c4fc9dc08eabb584988d1d942c78c6f372c39e98876f9af82ccebba4,sha256:b539cd11a48030965bd016e50f13e378ab845ccd585b02fccf900548acc5887e,POST_IB_PRE_OB,Point,107.0,0.7284083962440491,0.998497724533081,0.0,1.0,0.23068694559206704,SUPPORTED
sha256:29a423c8c4fc9dc08eabb584988d1d942c78c6f372c39e98876f9af82ccebba4,sha256:cd21669d903b935023cff3b00a60b12e537cd6f9eeeb25de5d793f439d4cd048,POST_IB_PRE_OB,Point,107.0,0.7417844533920288,1.00275719165802,0.0,1.0,0.23926291984200995,SUPPORTED
sha256:29a423c8c4fc9dc08eabb584988d1d942c78c6f372c39e98876f9af82ccebba4,sha256:f8cda7e74ea6104c397a8340fb5efc071253252e9581236e9577e32ab32d384a,POST_OB_PRE_TO,Point,,,,,1.0,,ABSTAIN_NO_FINITE_OBSERVED_PAIR
sha256:2b04686f26ff3a5ef1f854cfa1f27a54eb3ad1fc242885b0aa9f8ed70f856335,sha256:9beb7442686bbfba7767334c26045b7e371103083b77f97cef978de28874b873,PRE_IB,Point,128.0,0.7409713268280029,0.9555923938751221,2.0,1.0,0.2880768057252563,SUPPORTED
sha256:2b04686f26ff3a5ef1f854cfa1f27a54eb3ad1fc242885b0aa9f8ed70f856335,sha256:86960e0e33270ae20ed70e125e24482eb7e893488807c2124ea9638366710b86,PRE_IB,Point,214.0,0.7859519124031067,0.9526197910308838,2.0,1.0,0.3501683290191393,SUPPORTED
sha256:2b04686f26ff3a5ef1f854cfa1f27a54eb3ad1fc242885b0aa9f8ed70f856335,sha256:8e4acf7344f6ccbc7df2f6c8c2ab5967b02250ad6ed6d6d562d29a18f1043c4b,PRE_IB,Point,214.0,0.6476700901985168,0.9048623442649841,2.0,1.0,0.24290974102295176,SUPPORTED
sha256:2b04686f26ff3a5ef1f854cfa1f27a54eb3ad1fc242885b0aa9f8ed70f856335,sha256:f6b1ddbe1b3b15755210c0a99221e6e123c4e015a70f534a917a8c1646c58cad,PRE_IB,Point,214.0,0.5589016079902649,0.8732480406761169,2.0,1.0,0.1930143093863328,SUPPORTED
sha256:2b04686f26ff3a5ef1f854cfa1f27a54eb3ad1fc242885b0aa9f8ed70f856335,sha256:75ffd134a156861f1e36da4c100892e6c54041bef1586cb0d69ba0ff145f760c,PRE_IB,Point,214.0,0.46055009961128235,1.0095666646957397,2.0,1.0,0.06710352433684673,SUPPORTED
sha256:2b04686f26ff3a5ef1f854cfa1f27a54eb3ad1fc242885b0aa9f8ed70f856335,sha256:796e7c91a392d55e9f8b36a4f2ed633a682723810d09d1a0b4cddc92481ba5d0,PRE_IB,Point,214.0,0.508546769618988,0.9749379754066467,2.0,1.0,0.10053439661964242,SUPPORTED
sha256:2b04686f26ff3a5ef1f854cfa1f27a54eb3ad1fc242885b0aa9f8ed70f856335,sha256:c494b9752fa923ee0b0a8bab7b9489122cd5cdc1a30c1039140343e562ef9f71,POST_IB_PRE_OB,Point,88.0,1.2853481769561768,0.3726433217525482,2.0,1.0,0.001993097555574985,SUPPORTED
sha256:2b04686f26ff3a5ef1f854cfa1f27a54eb3ad1fc242885b0aa9f8ed70f856335,sha256:14879b2e40a8eee452daf453dd04d1600e8adb73eea72aecf66afc1c586185a4,POST_IB_PRE_OB,Point,88.0,1.298401951789856,0.32738566398620605,2.0,1.0,0.0002131136600218275,SUPPORTED
sha256:2b04686f26ff3a5ef1f854cfa1f27a54eb3ad1fc242885b0aa9f8ed70f856335,sha256:aa01608614e0ff65230b8606039940e924864d51e443bd027d77c4f2374f3fb4,POST_IB_PRE_OB,Point,88.0,1.3020102977752686,0.28971418738365173,2.0,1.0,3.756796560259893e-05,SUPPORTED
sha256:2b04686f26ff3a5ef1f854cfa1f27a54eb3ad1fc242885b0aa9f8ed70f856335,sha256:a0622db41bee6c57a4406895668beb90176279df8a6609714e5330bc41118770,POST_IB_PRE_OB,Point,88.0,1.3006035089492798,0.25319117307662964,2.0,1.0,0.0005490420763593705,SUPPORTED
sha256:2b04686f26ff3a5ef1f854cfa1f27a54eb3ad1fc242885b0aa9f8ed70f856335,sha256:1db3d7caa1a624a66da635d94b11c715ec0484ddabe18f75ffa34bc7172f6321,POST_IB_PRE_OB,Point,88.0,1.2964420318603516,0.21531210839748383,2.0,1.0,0.0015819692546770931,SUPPORTED
sha256:2b04686f26ff3a5ef1f854cfa1f27a54eb3ad1fc242885b0aa9f8ed70f856335,sha256:27c482fa86dcc815ed81fa0ec1fe02313a0a35489476814f0559c73e04d4e647,POST_IB_PRE_OB,Point,88.0,1.2907603979110718,0.17535488307476044,2.0,1.0,0.003150307872615541,SUPPORTED
sha256:2b04686f26ff3a5ef1f854cfa1f27a54eb3ad1fc242885b0aa9f8ed70f856335,sha256:0458e124ac1e9be65de33b8774035409fe02595f498245219c7ec24f8e9b93a1,POST_IB_PRE_OB,Point,88.0,1.2842607498168945,0.13330426812171936,2.0,1.0,0.005303684344051859,SUPPORTED
sha256:2b04686f26ff3a5ef1f854cfa1f27a54eb3ad1fc242885b0aa9f8ed70f856335,sha256:3a2fdc7d3243930e53ac1a5fd3b3804acb31d8b528692761c74ea5e72937cfc4,POST_IB_PRE_OB,Point,69.0,0.8975409865379333,0.0,2.0,1.0,0.002768191147485115,SUPPORTED
sha256:2b04686f26ff3a5ef1f854cfa1f27a54eb3ad1fc242885b0aa9f8ed70f856335,sha256:96b92fbc93a8948bd52893c6f499151a940bfeaff814198e4f8f23ec23b69fbb,POST_IB_PRE_OB,Point,69.0,0.8910651206970215,0.0,2.0,1.0,0.00314020619748399,SUPPORTED
sha256:2b04686f26ff3a5ef1f854cfa1f27a54eb3ad1fc242885b0aa9f8ed70f856335,sha256:e76b2781a84084659f507297b29b11e11d98a65e666317babc90c97c20a840dc,POST_IB_PRE_OB,Point,69.0,0.8846766352653503,0.0,2.0,1.0,0.0035316272818080537,SUPPORTED
sha256:2b04686f26ff3a5ef1f854cfa1f27a54eb3ad1fc242885b0aa9f8ed70f856335,sha256:86f2a29c1f15a6cd0f873fbc0ff3719d410854cf350fcbc312b1b80c4175c85c,POST_IB_PRE_OB,Point,88.0,1.3223545551300049,0.8412582278251648,2.0,1.0,0.09387417162127389,SUPPORTED
sha256:2b04686f26ff3a5ef1f854cfa1f27a54eb3ad1fc242885b0aa9f8ed70f856335,sha256:cd39e16711a35ea7ce5688c682ddb7ec847de009780bbe4d3293e5987c79e387,POST_IB_PRE_OB,Point,88.0,1.3209657669067383,0.6669008731842041,2.0,1.0,0.036579321950675446,SUPPORTED
sha256:2b04686f26ff3a5ef1f854cfa1f27a54eb3ad1fc242885b0aa9f8ed70f856335,sha256:6394403c06e0114c9bd71cd0d123f4159225aa5e1e6960b8afe6d82c326ea7a1,POST_IB_PRE_OB,Point,88.0,1.3269323110580444,0.5767325162887573,2.0,1.0,0.017918299435128543,SUPPORTED
sha256:2b04686f26ff3a5ef1f854cfa1f27a54eb3ad1fc242885b0aa9f8ed70f856335,sha256:c3a82fe8a3ab0568f8d43408ae66dd9a1d8efee124ea50c892f87164fb96c5de,POST_IB_PRE_OB,Point,88.0,1.3252347707748413,0.5109137892723083,2.0,1.0,0.009526276831075925,SUPPORTED
sha256:2b04686f26ff3a5ef1f854cfa1f27a54eb3ad1fc242885b0aa9f8ed70f856335,sha256:204ca80def5a5e82a511f3a52082274fd771f387228d5c1bbba9af1e84743f8d,POST_IB_PRE_OB,Point,88.0,1.3206454515457153,0.4573695659637451,2.0,1.0,0.0050230657730291235,SUPPORTED
sha256:2b04686f26ff3a5ef1f854cfa1f27a54eb3ad1fc242885b0aa9f8ed70f856335,sha256:4e6eaba8caf55abe0ae0558cc3152decd13086b4d86abd315fd1d378781011ef,POST_IB_PRE_OB,Point,88.0,1.3149011135101318,0.40860995650291443,2.0,1.0,0.0023046475936476336,SUPPORTED
sha256:2b04686f26ff3a5ef1f854cfa1f27a54eb3ad1fc242885b0aa9f8ed70f856335,sha256:01c8af559d63fb28a4b0843dd85e1d1f2e6f0495e714d4814574c20a200d3f4b,POST_IB_PRE_OB,Point,88.0,1.3087157011032104,0.36098572611808777,2.0,1.0,0.0007014954963169682,SUPPORTED
sha256:2b04686f26ff3a5ef1f854cfa1f27a54eb3ad1fc242885b0aa9f8ed70f856335,sha256:16b384753c277bff629c01f0f0660b0fe6182ec37dd7f72d8790f4dc9a039a43,POST_IB_PRE_OB,Point,88.0,1.302412986755371,0.31302037835121155,2.0,1.0,2.8279374245984278e-05,SUPPORTED
sha256:2b04686f26ff3a5ef1f854cfa1f27a54eb3ad1fc242885b0aa9f8ed70f856335,sha256:8461ec0b15380b996b36df584f0f7c269a5c7ecf6401809abd3d16bd87c883d6,POST_IB_PRE_OB,Point,88.0,1.3096739053726196,0.5439302921295166,2.0,1.0,0.015608060500855543,SUPPORTED
sha256:2f88de8e2dfd4dd93b29ae1d50513fed3ef3d03131015ee83f0b2c5a4f8b85f1,sha256:299331324ae41b3c6749f8d8c34626e885e36a2841f264a56818eb6b6dfc3184,PRE_IB,Point,15.0,0.8821699619293213,0.0,0.0,0.0,0.8821699619293213,SUPPORTED
sha256:2f88de8e2dfd4dd93b29ae1d50513fed3ef3d03131015ee83f0b2c5a4f8b85f1,sha256:a511da9513f6bc57e552afff2b034dec6f1b4b4b22dae816f920a40379ef72ac,POST_IB_PRE_OB,Point,1.0,1.1688528060913086,0.5255510807037354,0.0,0.0,0.6433017253875734,SUPPORTED
sha256:2f88de8e2dfd4dd93b29ae1d50513fed3ef3d03131015ee83f0b2c5a4f8b85f1,sha256:a98e4d6ea1100d6f776497b79460923d2ffdcaf782a4b3e7c9a9134a9f7343bd,POST_IB_PRE_OB,Point,1.0,1.1508617401123047,0.34136855602264404,0.0,0.0,0.8094931840896605,SUPPORTED
sha256:2f88de8e2dfd4dd93b29ae1d50513fed3ef3d03131015ee83f0b2c5a4f8b85f1,sha256:78a026c36fdedccffd0fdfcf3e50b9c5bd206408521801cca75e0cb56f8c014b,POST_IB_PRE_OB,Point,1.0,1.1355605125427246,0.20559968054294586,0.0,0.0,0.9299608319997787,SUPPORTED
sha256:2f88de8e2dfd4dd93b29ae1d50513fed3ef3d03131015ee83f0b2c5a4f8b85f1,sha256:e433e2095eb09ad328c0e1dc0177ff016622c4901eb4bc23e8f3ba4e478c213c,POST_IB_PRE_OB,Point,210.0,0.7304433584213257,1.2070592641830444,0.0,0.0,0.47661590576171875,SUPPORTED
sha256:2f88de8e2dfd4dd93b29ae1d50513fed3ef3d03131015ee83f0b2c5a4f8b85f1,sha256:0e8910838f21ec2fbae8c5c74fb1ac8f2d50e87c9364123e4cf0a99a24cff0d7,POST_IB_PRE_OB,Point,210.0,0.7177693247795105,1.1913126707077026,0.0,0.0,0.4735433459281922,SUPPORTED
sha256:2f88de8e2dfd4dd93b29ae1d50513fed3ef3d03131015ee83f0b2c5a4f8b85f1,sha256:dc227bed890889aff7e5f923a5a253cc345d4a5fb68a105c75bd7218e8cb2fab,POST_IB_PRE_OB,Point,210.0,0.7074927687644958,1.1785801649093628,0.0,0.0,0.4710873961448669,SUPPORTED
sha256:2f88de8e2dfd4dd93b29ae1d50513fed3ef3d03131015ee83f0b2c5a4f8b85f1,sha256:01ebe50c1786f73a110aa18067a88753076e6c1c580b00f132d3737173cee09c,POST_IB_PRE_OB,Point,210.0,0.6991990804672241,1.1675128936767578,0.0,0.0,0.46831381320953375,SUPPORTED
sha256:2f88de8e2dfd4dd93b29ae1d50513fed3ef3d03131015ee83f0b2c5a4f8b85f1,sha256:203cdde540869cb95ecf0bc17511f01b02dcd00533681beb615337118ac3d094,POST_IB_PRE_OB,Point,210.0,0.6925225257873535,1.1573110818862915,0.0,0.0,0.46478855609893804,SUPPORTED
sha256:2f88de8e2dfd4dd93b29ae1d50513fed3ef3d03131015ee83f0b2c5a4f8b85f1,sha256:0c5677749be46a38131715310d9c39cb9c51fee53ce3d14028c42625c891baba,POST_IB_PRE_OB,Point,1.0,1.1337871551513672,0.3739224970340729,0.0,0.0,0.7598646581172942,SUPPORTED
sha256:2f88de8e2dfd4dd93b29ae1d50513fed3ef3d03131015ee83f0b2c5a4f8b85f1,sha256:d855a4fe00bc15b9883efa7f5e61b938b95b01d45a769f6cdda0f4051eb61fa3,POST_IB_PRE_OB,Point,1.0,1.4257245063781738,1.1489936113357544,0.0,0.0,0.2767308950424194,SUPPORTED
sha256:2f88de8e2dfd4dd93b29ae1d50513fed3ef3d03131015ee83f0b2c5a4f8b85f1,sha256:6503682730dfc4486970fab6459bd8148f5c36634eafd5afd10bef82bf727990,POST_IB_PRE_OB,Point,121.0,0.8525450825691223,0.26892194151878357,0.0,0.0,0.5836231410503386,SUPPORTED
sha256:2f88de8e2dfd4dd93b29ae1d50513fed3ef3d03131015ee83f0b2c5a4f8b85f1,sha256:965ed8544a3b76ef60c5b08e54d660efc04a171fa2c7c40d6138104c32d00408,POST_IB_PRE_OB,Point,173.0,0.6180911064147949,0.5056607723236084,0.0,0.0,0.11243033409118652,SUPPORTED
sha256:2f88de8e2dfd4dd93b29ae1d50513fed3ef3d03131015ee83f0b2c5a4f8b85f1,sha256:000908d87aa2ce45909d8893c199faf2e3d5adf4233cf669ec2bd23055d219e4,POST_IB_PRE_OB,Point,173.0,0.6458051204681396,0.5177595615386963,0.0,0.0,0.1280455589294434,SUPPORTED
sha256:2f88de8e2dfd4dd93b29ae1d50513fed3ef3d03131015ee83f0b2c5a4f8b85f1,sha256:480d535faeb8916ec0b8a486b2cfe1a7f69cc21229ab79e09fbdb0f2c50eb8e6,POST_IB_PRE_OB,Point,173.0,0.656410813331604,0.5116797685623169,0.0,0.0,0.14473104476928714,SUPPORTED
sha256:2f88de8e2dfd4dd93b29ae1d50513fed3ef3d03131015ee83f0b2c5a4f8b85f1,sha256:71d61cef13e1d43ca7c6865632bb5291ed26ca262a01d2fadc643e24732f2317,POST_IB_PRE_OB,Point,173.0,0.6570307016372681,0.49333736300468445,0.0,0.0,0.1636933386325836,SUPPORTED
sha256:2f88de8e2dfd4dd93b29ae1d50513fed3ef3d03131015ee83f0b2c5a4f8b85f1,sha256:c96f6ee83f16204261e42b30901f810663bce899b458defcb50b104961c5e562,POST_IB_PRE_OB,Point,173.0,0.6535856127738953,0.4664197564125061,0.0,0.0,0.18716585636138916,SUPPORTED
sha256:2f88de8e2dfd4dd93b29ae1d50513fed3ef3d03131015ee83f0b2c5a4f8b85f1,sha256:791f89b7063ad2900c401f2737715325534b25e49f473d0a6ecb5b496e089138,POST_IB_PRE_OB,Point,173.0,0.6463400721549988,0.43328461050987244,0.0,0.0,0.21305546164512637,SUPPORTED
sha256:2f88de8e2dfd4dd93b29ae1d50513fed3ef3d03131015ee83f0b2c5a4f8b85f1,sha256:49b6299befd70cbb8910daf5a439f4705ee9767cfa7a3c988ad2fafa639730e9,POST_IB_PRE_OB,Point,173.0,0.6373867988586426,0.39547303318977356,0.0,0.0,0.241913765668869,SUPPORTED
sha256:2f88de8e2dfd4dd93b29ae1d50513fed3ef3d03131015ee83f0b2c5a4f8b85f1,sha256:68b706b492eec9441431ddc62915204d0f8b4dd97ad6b44c1ab813afe8ac1c43,POST_IB_PRE_OB,Point,173.0,0.6276616454124451,0.35399967432022095,0.0,0.0,0.27366197109222407,SUPPORTED
sha256:2f88de8e2dfd4dd93b29ae1d50513fed3ef3d03131015ee83f0b2c5a4f8b85f1,sha256:b827a58b392ce040925327640d2a388d6a46b6ae57bca79b9aaba59e9e49d989,POST_IB_PRE_OB,Point,173.0,0.6177900433540344,0.30953699350357056,0.0,0.0,0.30825304985046387,SUPPORTED
sha256:2f88de8e2dfd4dd93b29ae1d50513fed3ef3d03131015ee83f0b2c5a4f8b85f1,sha256:fbb95dfdcad8a414611121566154858f588d1034d64430361eb5ee9bd7f7404c,POST_IB_PRE_OB,Point,1.0,1.3669103384017944,1.010693073272705,0.0,0.0,0.3562172651290893,SUPPORTED
sha256:2f88de8e2dfd4dd93b29ae1d50513fed3ef3d03131015ee83f0b2c5a4f8b85f1,sha256:abe528ef6dc87f2e3f4829fe68787177cf15c2b2f6653ab52893d0efb773b60c,POST_IB_PRE_OB,Point,1.0,1.2212789058685303,0.7699443101882935,0.0,0.0,0.4513345956802368,SUPPORTED
sha256:2f88de8e2dfd4dd93b29ae1d50513fed3ef3d03131015ee83f0b2c5a4f8b85f1,sha256:653df171cc1b9d88926e544cd4fd95c365861fa8053b40393232ed6344e168ab,POST_IB_PRE_OB,Point,1.0,1.4340769052505493,0.8915836811065674,0.0,0.0,0.5424932241439819,SUPPORTED
sha256:2f88de8e2dfd4dd93b29ae1d50513fed3ef3d03131015ee83f0b2c5a4f8b85f1,sha256:7ff8306f6a978cd5d04092e118c53e90f508a835b71742487e04fdbd0840334a,POST_IB_PRE_OB,Point,1.0,1.4787250757217407,0.7474674582481384,0.0,0.0,0.7312576174736022,SUPPORTED
sha256:2f88de8e2dfd4dd93b29ae1d50513fed3ef3d03131015ee83f0b2c5a4f8b85f1,sha256:03b1b46c99dd7782174f0e1ef948a3f5cee1a3a675b6386394bc0fa3654b8e3c,POST_IB_PRE_OB,Point,1.0,1.4950141906738281,0.6676701307296753,0.0,0.0,0.8273440599441528,SUPPORTED
sha256:2f88de8e2dfd4dd93b29ae1d50513fed3ef3d03131015ee83f0b2c5a4f8b85f1,sha256:6025d307d128d03c67ff969bfd3717edc4430883c0504d841c18c2d91e795d13,POST_IB_PRE_OB,Point,1.0,1.4973909854888916,0.6111222505569458,0.0,0.0,0.8862687349319457,SUPPORTED
sha256:2f88de8e2dfd4dd93b29ae1d50513fed3ef3d03131015ee83f0b2c5a4f8b85f1,sha256:c47de90ef03be002484e39b62550e1273e6518a01994396a592f06d37b3a0221,POST_IB_PRE_OB,Point,1.0,1.493369221687317,0.5624175667762756,0.0,0.0,0.9309516549110411,SUPPORTED
sha256:2f88de8e2dfd4dd93b29ae1d50513fed3ef3d03131015ee83f0b2c5a4f8b85f1,sha256:ffd7c5dd747572a0c049ce886e3b7a1edd1f5752835c61287e05bb232966de6d,POST_IB_PRE_OB,Point,1.0,1.486563801765442,0.5155848264694214,0.0,0.0,0.9709789752960205,SUPPORTED
sha256:2f88de8e2dfd4dd93b29ae1d50513fed3ef3d03131015ee83f0b2c5a4f8b85f1,sha256:4f5653688b539d3bcb6fa4b2c64a99e98c7741d8008e135407777b6746f5ae67,POST_IB_PRE_OB,Point,1.0,1.4785438776016235,0.468414306640625,0.0,0.0,1.0101295709609985,SUPPORTED
sha256:2f88de8e2dfd4dd93b29ae1d50513fed3ef3d03131015ee83f0b2c5a4f8b85f1,sha256:463b6f5009dcd4b26e671dc552a6ae9dacfa545627f01dbf6caa75068386a254,POST_IB_PRE_OB,Point,1.0,1.4699424505233765,0.42021191120147705,0.0,0.0,1.0497305393218996,SUPPORTED
sha256:2f88de8e2dfd4dd93b29ae1d50513fed3ef3d03131015ee83f0b2c5a4f8b85f1,sha256:7d55af68c46e19b19c8a3a41c62e863df4ed2a47f0d44d236b8ade34d9729e79,POST_IB_PRE_OB,Point,1.0,1.4610012769699097,0.37087011337280273,0.0,0.0,1.0901311635971072,SUPPORTED
sha256:2f88de8e2dfd4dd93b29ae1d50513fed3ef3d03131015ee83f0b2c5a4f8b85f1,sha256:4f1bfd47700fb690fe12323d2761048940a23a101939072b3d2a76fe45a4225a,POST_IB_PRE_OB,Point,1.0,1.4518201351165771,0.3204849362373352,0.0,0.0,1.131335198879242,SUPPORTED
sha256:2f88de8e2dfd4dd93b29ae1d50513fed3ef3d03131015ee83f0b2c5a4f8b85f1,sha256:29826ff51844e9418de78e65726a8087e3d08ba91baa8480a7c6fa25b0c41d89,POST_IB_PRE_OB,Point,1.0,1.275334358215332,0.6548778414726257,0.0,0.0,0.6204565167427063,SUPPORTED
sha256:2f88de8e2dfd4dd93b29ae1d50513fed3ef3d03131015ee83f0b2c5a4f8b85f1,sha256:c5873c00ee20912412f453c474b9829a412b07d7b99033c3d354057aa948d8d0,POST_IB_PRE_OB,Point,1.0,1.2190555334091187,0.4771246910095215,0.0,0.0,0.7419308423995972,SUPPORTED
sha256:2f88de8e2dfd4dd93b29ae1d50513fed3ef3d03131015ee83f0b2c5a4f8b85f1,sha256:fd641987cfa1ea351c85a234424d7b13257cbb64e0a23a9c0beaeffcf564f2d5,POST_IB_PRE_OB,Point,1.0,1.2199105024337769,0.3476880192756653,0.0,0.0,0.8722224831581115,SUPPORTED
sha256:2f88de8e2dfd4dd93b29ae1d50513fed3ef3d03131015ee83f0b2c5a4f8b85f1,sha256:799ec6d96a6f7d03734f98b77308c339f3f726976246f566179995b1a84885d8,POST_IB_PRE_OB,Point,1.0,1.2154721021652222,0.25886377692222595,0.0,0.0,0.9566083252429962,SUPPORTED
sha256:2f88de8e2dfd4dd93b29ae1d50513fed3ef3d03131015ee83f0b2c5a4f8b85f1,sha256:08bf04b79ef09d373e029f6a13e3e608d31b84ef5664bb77c91c836ac7d27ee9,POST_IB_PRE_OB,Point,1.0,1.208946943283081,0.19098450243473053,0.0,0.0,1.0179624408483507,SUPPORTED
sha256:2f88de8e2dfd4dd93b29ae1d50513fed3ef3d03131015ee83f0b2c5a4f8b85f1,sha256:721f3b3917f0d9b7583d719bb6c844578497a359c4e6dc4b0442a6d311e7ffd2,POST_IB_PRE_OB,Point,210.0,0.8194990158081055,1.210517406463623,0.0,0.0,0.3910183906555176,SUPPORTED
sha256:2f88de8e2dfd4dd93b29ae1d50513fed3ef3d03131015ee83f0b2c5a4f8b85f1,sha256:3722ca357362cf0558347c356fc9cef1f7f989b368e32ec1dc5ff4090a64230a,POST_IB_PRE_OB,Point,210.0,0.812676191329956,1.206190824508667,0.0,0.0,0.393514633178711,SUPPORTED
sha256:2f88de8e2dfd4dd93b29ae1d50513fed3ef3d03131015ee83f0b2c5a4f8b85f1,sha256:704e114d631fefb035ab38f1c115294e7f536f2b4452b4c40e2099e5a768ab10,POST_IB_PRE_OB,Point,210.0,0.806244432926178,1.2011539936065674,0.0,0.0,0.3949095606803894,SUPPORTED
sha256:2f88de8e2dfd4dd93b29ae1d50513fed3ef3d03131015ee83f0b2c5a4f8b85f1,sha256:28b63ba52e8b1ac78300512bd5b3de0c4e17acb674ca02e46e5aefa28122fbfb,POST_IB_PRE_OB,Point,210.0,0.8003339171409607,1.1953805685043335,0.0,0.0,0.39504665136337286,SUPPORTED
sha256:2f88de8e2dfd4dd93b29ae1d50513fed3ef3d03131015ee83f0b2c5a4f8b85f1,sha256:c982fd3b142bf0feb25aa6bb87bee23e0f13dc47e92896d6e52c9e89abc75ec9,POST_IB_PRE_OB,Point,210.0,0.7950165867805481,1.188875436782837,0.0,0.0,0.3938588500022889,SUPPORTED
sha256:2f88de8e2dfd4dd93b29ae1d50513fed3ef3d03131015ee83f0b2c5a4f8b85f1,sha256:26d53e00eed5f4232007554f9370337400ef29606921ef5bad4715a1c16bf6ea,POST_IB_PRE_OB,Point,210.0,0.7903363704681396,1.1816596984863281,0.0,0.0,0.3913233280181884,SUPPORTED
sha256:2f88de8e2dfd4dd93b29ae1d50513fed3ef3d03131015ee83f0b2c5a4f8b85f1,sha256:03b3c97b37fc95c2976bb159de7974be33ecae0fd887e411904b9c33b59250ff,POST_IB_PRE_OB,Point,210.0,0.7863198518753052,1.173758625984192,0.0,0.0,0.3874387741088868,SUPPORTED
sha256:2f88de8e2dfd4dd93b29ae1d50513fed3ef3d03131015ee83f0b2c5a4f8b85f1,sha256:bc69f80d81513586622537fe290b8474f4563418344e169c8da175fd9eaa4e56,POST_IB_PRE_OB,Point,1.0,1.1819500923156738,0.41423600912094116,0.0,0.0,0.7677140831947328,SUPPORTED
sha256:2f88de8e2dfd4dd93b29ae1d50513fed3ef3d03131015ee83f0b2c5a4f8b85f1,sha256:41a1158cf3698c8df6ca54e6925f5a81ca9d9a684e849b4daf6acd6d58044692,POST_IB_PRE_OB,Point,1.0,1.2456519603729248,0.3919593095779419,0.0,0.0,0.8536926507949829,SUPPORTED
sha256:2f88de8e2dfd4dd93b29ae1d50513fed3ef3d03131015ee83f0b2c5a4f8b85f1,sha256:ce217d8fc0294fc8a1ab90da0df737b7a60cc4a14f7ae732d1c0e5dd88366b69,POST_IB_PRE_OB,Point,1.0,1.2597476243972778,0.3163825571537018,0.0,0.0,0.9433650672435759,SUPPORTED
sha256:2f88de8e2dfd4dd93b29ae1d50513fed3ef3d03131015ee83f0b2c5a4f8b85f1,sha256:24cbb415dc641dded11cb557081054056e41aba8d6cfbe41983a90f72adb9012,POST_IB_PRE_OB,Point,1.0,1.261646032333374,0.25809773802757263,0.0,0.0,1.0035482943058016,SUPPORTED
sha256:2f88de8e2dfd4dd93b29ae1d50513fed3ef3d03131015ee83f0b2c5a4f8b85f1,sha256:e51cffa1119dae789b44fb5701f66d942e0d04c9bd8c5973d6d29bd8e08d5aab,POST_IB_PRE_OB,Point,210.0,0.8916075229644775,1.2050858736038208,0.0,0.0,0.3134783506393432,SUPPORTED
sha256:2f88de8e2dfd4dd93b29ae1d50513fed3ef3d03131015ee83f0b2c5a4f8b85f1,sha256:47abcff41ac81a400131d5a2b669b973cc0795ed533fbf76a02e4200e4f88821,POST_IB_PRE_OB,Point,210.0,0.8870887756347656,1.1983896493911743,0.0,0.0,0.31130087375640864,SUPPORTED
sha256:2f88de8e2dfd4dd93b29ae1d50513fed3ef3d03131015ee83f0b2c5a4f8b85f1,sha256:0af120dde2df13e66c2fd7fb720f3f0d55a5edfd3597df01196be7997563dcb2,POST_IB_PRE_OB,Point,210.0,0.8815417289733887,1.192245602607727,0.0,0.0,0.3107038736343384,SUPPORTED
sha256:2f88de8e2dfd4dd93b29ae1d50513fed3ef3d03131015ee83f0b2c5a4f8b85f1,sha256:625960a28bd7f79fa3b7332630f7d7d88270f3de1ef0980142de30fe4c52aeed,POST_IB_PRE_OB,Point,210.0,0.8758248090744019,1.18611478805542,0.0,0.0,0.31028997898101807,SUPPORTED
sha256:2f88de8e2dfd4dd93b29ae1d50513fed3ef3d03131015ee83f0b2c5a4f8b85f1,sha256:58767f30750ff3459ac41fb462cae9acd1dffd497b99fcd6aa71ff7f3912c737,POST_IB_PRE_OB,Point,210.0,0.8703346848487854,1.1797332763671875,0.0,0.0,0.3093985915184021,SUPPORTED
sha256:2f88de8e2dfd4dd93b29ae1d50513fed3ef3d03131015ee83f0b2c5a4f8b85f1,sha256:9fb4b627c60e9bf6c2178ce7eb26394dfc805fd3ff42b222fbfb7cf40a217f87,POST_IB_PRE_OB,Point,210.0,0.865257740020752,1.1729660034179688,0.0,0.0,0.3077082633972168,SUPPORTED
sha256:2f88de8e2dfd4dd93b29ae1d50513fed3ef3d03131015ee83f0b2c5a4f8b85f1,sha256:e1f4ab923fa9c28f1b4405a80660fcba8058dcb50e1caa0dd03a051f6bacbcf4,POST_IB_PRE_OB,Point,210.0,0.860681414604187,1.165745496749878,0.0,0.0,0.30506408214569086,SUPPORTED
sha256:2f88de8e2dfd4dd93b29ae1d50513fed3ef3d03131015ee83f0b2c5a4f8b85f1,sha256:0c57f0a94f06ffc3eabea166f75d4b625b51c765c8ded46e68a7dde4d971fdd3,POST_IB_PRE_OB,Point,210.0,0.8566465973854065,1.1580301523208618,0.0,0.0,0.3013835549354553,SUPPORTED
sha256:2f88de8e2dfd4dd93b29ae1d50513fed3ef3d03131015ee83f0b2c5a4f8b85f1,sha256:b44c75c662636cfba6a542874c35fa63689c7f08e55e82be24af4c8edfd6ac46,POST_IB_PRE_OB,Point,1.0,1.2300562858581543,0.550800621509552,0.0,0.0,0.6792556643486024,SUPPORTED
sha256:2f88de8e2dfd4dd93b29ae1d50513fed3ef3d03131015ee83f0b2c5a4f8b85f1,sha256:2a699ebf1f1b5985ef32a6094abc12cdb4e37f3f919fd9d4fe187ef7b1c7e38d,POST_IB_PRE_OB,Point,1.0,1.3027725219726562,0.47854819893836975,0.0,0.0,0.8242243230342864,SUPPORTED
sha256:2f88de8e2dfd4dd93b29ae1d50513fed3ef3d03131015ee83f0b2c5a4f8b85f1,sha256:4202bf313a2f519dfa3e32d478c3d9b38011eba6d494b3cb8cb4f8ea6d52de9f,POST_IB_PRE_OB,Point,1.0,1.3266427516937256,0.42524972558021545,0.0,0.0,0.9013930261135101,SUPPORTED
sha256:2f88de8e2dfd4dd93b29ae1d50513fed3ef3d03131015ee83f0b2c5a4f8b85f1,sha256:0025f38f6f95a009eeccdb2ba6fa5d30986b20f0f8afe5f3d2014fed6cbebc1a,POST_IB_PRE_OB,Point,1.0,1.3336727619171143,0.39062970876693726,0.0,0.0,0.9430430531501769,SUPPORTED
sha256:2f88de8e2dfd4dd93b29ae1d50513fed3ef3d03131015ee83f0b2c5a4f8b85f1,sha256:b29e538bacb04f5df068cc1ffd60fbc875129158810655ac04bdfe64b9804349,POST_IB_PRE_OB,Point,1.0,1.3321399688720703,0.3588416874408722,0.0,0.0,0.9732982814311981,SUPPORTED
sha256:2f88de8e2dfd4dd93b29ae1d50513fed3ef3d03131015ee83f0b2c5a4f8b85f1,sha256:bfecb0c0224c44a13925fc7cac4d9bdd92388e57311d648d13a6d51ec7338bcb,POST_IB_PRE_OB,Point,1.0,1.3265535831451416,0.32535800337791443,0.0,0.0,1.0011955797672272,SUPPORTED
sha256:2f88de8e2dfd4dd93b29ae1d50513fed3ef3d03131015ee83f0b2c5a4f8b85f1,sha256:43970b211f482effaf0dc83a8499350ba8dc77464963b15f59f2736d1f7d691f,POST_IB_PRE_OB,Point,1.0,1.3191969394683838,0.28948259353637695,0.0,0.0,1.0297143459320068,SUPPORTED
sha256:2f88de8e2dfd4dd93b29ae1d50513fed3ef3d03131015ee83f0b2c5a4f8b85f1,sha256:12581145ed3372801d8aaa47f9f7e91f15508d70e3063264cb1d2a2841bbcb25,POST_IB_PRE_OB,Point,1.0,1.3111815452575684,0.25164031982421875,0.0,0.0,1.0595412254333496,SUPPORTED
sha256:2f88de8e2dfd4dd93b29ae1d50513fed3ef3d03131015ee83f0b2c5a4f8b85f1,sha256:cbfa8be48817cead4b707f582b5be7e47ec23f152d08abff97e2d4cc6da53cd6,POST_IB_PRE_OB,Point,210.0,0.9089796543121338,1.1806330680847168,0.0,0.0,0.27165341377258295,SUPPORTED
sha256:2f88de8e2dfd4dd93b29ae1d50513fed3ef3d03131015ee83f0b2c5a4f8b85f1,sha256:c0fcb24560be63488d104d02cdc3980ea2c56e85001ded00323bccb583d12644,POST_IB_PRE_OB,Point,210.0,0.901558518409729,1.1737985610961914,0.0,0.0,0.27224004268646235,SUPPORTED
sha256:2f88de8e2dfd4dd93b29ae1d50513fed3ef3d03131015ee83f0b2c5a4f8b85f1,sha256:1ea9716cc2f408d86fa7136794386cb120704573e80bab1721a887d42768ff8c,POST_IB_PRE_OB,Point,210.0,0.8945493698120117,1.1666536331176758,0.0,0.0,0.272104263305664,SUPPORTED
sha256:2f88de8e2dfd4dd93b29ae1d50513fed3ef3d03131015ee83f0b2c5a4f8b85f1,sha256:5fb331704edddcba1396529723f8cc3f2e9c46bc744f91f4d0cd48552127ef72,POST_IB_PRE_OB,Point,210.0,0.888046145439148,1.1591883897781372,0.0,0.0,0.27114224433898926,SUPPORTED
sha256:2f88de8e2dfd4dd93b29ae1d50513fed3ef3d03131015ee83f0b2c5a4f8b85f1,sha256:994e4403ce283aa3f47ca375f033862f47e849a25740eebcb865f94090e2def8,POST_OB_PRE_TO,Point,,,,,0.0,,ABSTAIN_NO_FINITE_OBSERVED_PAIR
sha256:303410c378ce9366901a9312d7eca17462f978c69efe6a4716458489c2a91129,sha256:33df973b34064093628de0b1aa85251747d529de339db51b18d2d0bd14ce91fd,POST_IB_PRE_OB,Point,18.0,0.6028696298599243,0.9769046306610107,0.0,0.0,0.3740350008010864,SUPPORTED
sha256:303410c378ce9366901a9312d7eca17462f978c69efe6a4716458489c2a91129,sha256:ea31377664e8142808ec4e8105cd6e07efb048875333f84c64085d76b685b452,POST_IB_PRE_OB,Point,157.0,0.9573981761932373,0.9951744675636292,0.0,0.0,0.037776291370391846,SUPPORTED
sha256:303410c378ce9366901a9312d7eca17462f978c69efe6a4716458489c2a91129,sha256:2bef22f503b1866481f9d40ea9f6b2c089f43762b722b88903a604164931a657,POST_IB_PRE_OB,Point,157.0,0.9541621208190918,1.0437872409820557,0.0,0.0,0.08962512016296387,SUPPORTED
sha256:303410c378ce9366901a9312d7eca17462f978c69efe6a4716458489c2a91129,sha256:01dd6c8dd508b6c2df3b4ce8d0dd2118f77769d9fe7a433bf39ca4e90bc49fa8,POST_IB_PRE_OB,Point,157.0,1.0115019083023071,1.040332555770874,0.0,0.0,0.028830647468566898,SUPPORTED
sha256:303410c378ce9366901a9312d7eca17462f978c69efe6a4716458489c2a91129,sha256:e737d5592f8006b72f5b098d3ff1e2fe0f5a5c5552ed731bfd1e3ded21acc83c,POST_IB_PRE_OB,Point,157.0,1.017194390296936,1.0258502960205078,0.0,0.0,0.008655905723571777,SUPPORTED
sha256:303410c378ce9366901a9312d7eca17462f978c69efe6a4716458489c2a91129,sha256:ff794be91e1b9d780bf3438a708cc01f0749822eda83017567b24265231e00ba,POST_IB_PRE_OB,Point,157.0,1.015639305114746,1.0131890773773193,0.0,0.0,0.002450227737426758,SUPPORTED
sha256:303410c378ce9366901a9312d7eca17462f978c69efe6a4716458489c2a91129,sha256:d237e42163976243bab321e653a17c7b3f5c9a624418d9fb5f32a4c225970373,POST_IB_PRE_OB,Point,157.0,1.0109775066375732,1.0020334720611572,0.0,0.0,0.008944034576416016,SUPPORTED
sha256:303410c378ce9366901a9312d7eca17462f978c69efe6a4716458489c2a91129,sha256:adbf19a5f457e4368066bf8eae700e641d218a2e485e9a899d08a4bee2dda665,POST_IB_PRE_OB,Point,157.0,1.0051292181015015,0.9918530583381653,0.0,0.0,0.013276159763336182,SUPPORTED
sha256:303410c378ce9366901a9312d7eca17462f978c69efe6a4716458489c2a91129,sha256:9ce473441f38e48cd40cdc7d3431d053c9c20b06b30e299c3a9a3511580422bb,POST_OB_PRE_TO,Point,,,,,0.0,,ABSTAIN_NO_FINITE_OBSERVED_PAIR
sha256:31440bc3e5679e7db44d799df4cda40a6b4b5036b4248d2c215dd559ca7ab204,sha256:9c73e2850539afdb248500163841cdae573324e5481a77462d53536ebf69c79c,PRE_IB,Point,201.0,1.715064287185669,1.0134698152542114,8.0,0.0,3.963343412541861,SUPPORTED
sha256:31440bc3e5679e7db44d799df4cda40a6b4b5036b4248d2c215dd559ca7ab204,sha256:9377b5bb5f8300ab6b3100bb9850a0ffa022a62d338f2a5ffaf99681748c8bdf,PRE_IB,Point,201.0,1.744199275970459,1.055138349533081,8.0,0.0,3.99332353535639,SUPPORTED
sha256:31440bc3e5679e7db44d799df4cda40a6b4b5036b4248d2c215dd559ca7ab204,sha256:2b92b1ed03db43a67bb549def3e56ac1b1cbe4824ba4e6a6b5fc000139f66c7a,PRE_IB,Point,201.0,1.773064136505127,1.0844911336898804,8.0,0.0,3.994498430539271,SUPPORTED
sha256:31440bc3e5679e7db44d799df4cda40a6b4b5036b4248d2c215dd559ca7ab204,sha256:15afaa50aeaddd0681790b513a851688804d3f97ceafc9cdf5c0d3f1f76f4898,PRE_IB,Point,201.0,1.7975367307662964,1.1034051179885864,8.0,0.0,3.9811483103580305,SUPPORTED
sha256:31440bc3e5679e7db44d799df4cda40a6b4b5036b4248d2c215dd559ca7ab204,sha256:992e5125b64b4e74f04833285d51f27cbfe3f731f28998b1fcb38b27a51aee89,POST_IB_PRE_OB,Point,183.0,1.1148054599761963,1.0110880136489868,8.0,0.0,6.281916611309643,SUPPORTED
sha256:31440bc3e5679e7db44d799df4cda40a6b4b5036b4248d2c215dd559ca7ab204,sha256:016a36ac44a606bb7ef9d3c83255122b707950efb151e4dc2e00ab46d664dea3,POST_IB_PRE_OB,Point,183.0,1.1361501216888428,1.033933162689209,8.0,0.0,6.2936421919556285,SUPPORTED
sha256:31440bc3e5679e7db44d799df4cda40a6b4b5036b4248d2c215dd559ca7ab204,sha256:7d404347d95ac53c287fc2d24db4af361f886abd0184ba2683dc44fd0e8329fd,POST_IB_PRE_OB,Point,183.0,1.1513116359710693,1.0480749607086182,8.0,0.0,6.285663125609389,SUPPORTED
sha256:31440bc3e5679e7db44d799df4cda40a6b4b5036b4248d2c215dd559ca7ab204,sha256:47c00068c92f0c8aab711ff72662cef6078dffa461b8fda677d26541a1e8b353,POST_IB_PRE_OB,Point,183.0,1.1628148555755615,1.0572402477264404,8.0,0.0,6.267535584549595,SUPPORTED
sha256:31440bc3e5679e7db44d799df4cda40a6b4b5036b4248d2c215dd559ca7ab204,sha256:1ebd4ea5f18c8443b7ad6333da34b8e242737086cbf1a369dfcdaaf23021f621,POST_IB_PRE_OB,Point,183.0,1.1720728874206543,1.0636013746261597,8.0,0.0,6.245385790283632,SUPPORTED
sha256:31440bc3e5679e7db44d799df4cda40a6b4b5036b4248d2c215dd559ca7ab204,sha256:285c3e28baa0850c4679a5fd743194d62d43f090a1fe0860680352c6999d2104,POST_IB_PRE_OB,Point,183.0,1.1798698902130127,1.0683401823043823,8.0,0.0,6.222363052190781,SUPPORTED
sha256:31440bc3e5679e7db44d799df4cda40a6b4b5036b4248d2c215dd559ca7ab204,sha256:8360cd3e5b1ac533d99b6d7be46e36bfc0f27308eb48d35696c4f7c994c6ea12,POST_IB_PRE_OB,Point,183.0,1.1866741180419922,1.0721001625061035,8.0,0.0,6.199798099946407,SUPPORTED
sha256:330272da4115b59e0fc45effab0c00959f23f483620a509aa53295aee8a5c81d,sha256:3f255b6f947989acb1d1a9c0aaf9fefa2ece2c9dad33c47f9013529b7ac6e2e4,POST_IB_PRE_OB,Point,196.0,0.8852390050888062,1.0306260585784912,8.0,10.0,1.0669175694904947,SUPPORTED
sha256:330272da4115b59e0fc45effab0c00959f23f483620a509aa53295aee8a5c81d,sha256:9a0ff65231c0f2de075ebaf501aefa787335927d979bda261f2d4353a5458868,POST_IB_PRE_OB,Point,86.0,0.8360859155654907,0.8745943307876587,8.0,10.0,1.4834702888044022,SUPPORTED
sha256:330272da4115b59e0fc45effab0c00959f23f483620a509aa53295aee8a5c81d,sha256:012bead4df58ec6bad7f0c98f95c4a42dab4dafce8e520302eaaab26f5eba466,POST_IB_PRE_OB,Point,86.0,0.8582578897476196,0.9369901418685913,8.0,10.0,1.2850963047447372,SUPPORTED
sha256:330272da4115b59e0fc45effab0c00959f23f483620a509aa53295aee8a5c81d,sha256:75d8378e2c084bf397d8aae4c5d8fd8b0c4a552c61a188af7f5ac1ec45a3b5fd,POST_IB_PRE_OB,Point,86.0,0.8754773139953613,0.9736562371253967,8.0,10.0,1.2119332545706438,SUPPORTED
sha256:330272da4115b59e0fc45effab0c00959f23f483620a509aa53295aee8a5c81d,sha256:5c2aa4f818452124e44e721e6ef448a4883024d00cc48f55620f45346b496732,POST_IB_PRE_OB,Point,86.0,0.8889446258544922,0.9974799156188965,8.0,10.0,1.176718613526404,SUPPORTED
sha256:330272da4115b59e0fc45effab0c00959f23f483620a509aa53295aee8a5c81d,sha256:3b2431d47fe0dbfac84e184f8c8dd63c535ce1d2a38800fa370c3cf707c31284,POST_IB_PRE_OB,Point,86.0,0.8996734619140625,1.013293743133545,8.0,10.0,1.1602251638857197,SUPPORTED
sha256:330272da4115b59e0fc45effab0c00959f23f483620a509aa53295aee8a5c81d,sha256:8415fd6fd5cd30b4cf814c147135723a392940a4ecd7416855b0cb232996cfc8,POST_IB_PRE_OB,Point,86.0,0.9084537029266357,1.0241611003875732,8.0,10.0,1.1535955642068714,SUPPORTED
sha256:330272da4115b59e0fc45effab0c00959f23f483620a509aa53295aee8a5c81d,sha256:b335bbc680189893ffcbd5357457698485510e899774eedaecec2cbb4db0c52d,POST_IB_PRE_OB,Point,86.0,0.9158702492713928,1.0319597721099854,8.0,10.0,1.152390304872354,SUPPORTED
sha256:330272da4115b59e0fc45effab0c00959f23f483620a509aa53295aee8a5c81d,sha256:ac0c198cd263179131b50ac2cd99835b62eb8799e0e2deeac2b525101ed73e8b,POST_IB_PRE_OB,Point,86.0,0.9223417043685913,1.0378355979919434,8.0,10.0,1.1542701168747658,SUPPORTED
sha256:330272da4115b59e0fc45effab0c00959f23f483620a509aa53295aee8a5c81d,sha256:b39203381d1ed6136d25bda0ac627980c281d608a51bdf0f35a5245870ba9997,POST_IB_PRE_OB,Point,86.0,0.9281598925590515,1.0424913167953491,8.0,10.0,1.1579573374426517,SUPPORTED
sha256:330272da4115b59e0fc45effab0c00959f23f483620a509aa53295aee8a5c81d,sha256:f66de0601f518967f21787d292ff80174093d720947944170abb829b98c0725b,POST_IB_PRE_OB,Point,86.0,0.9335257411003113,1.046363115310669,8.0,10.0,1.1627326464656418,SUPPORTED
sha256:330272da4115b59e0fc45effab0c00959f23f483620a509aa53295aee8a5c81d,sha256:dba13acdc3df11213959b31903d8ad51cf36b51a2fc7f3a546520ea8d61dad45,POST_IB_PRE_OB,Point,86.0,0.9385759234428406,1.049722671508789,8.0,10.0,1.1681865238106581,SUPPORTED
sha256:34e1640dddb2189641d8114c383322b89b44b2f9f203668e9b4dd9f3c59b2385,sha256:407caa8513d2707101986837f2f6affcd50dd52780ea5f3215538fac634e5d66,PRE_IB,Point,68.0,0.9283554553985596,0.6838952302932739,0.0,0.0,0.24446022510528567,SUPPORTED
sha256:34e1640dddb2189641d8114c383322b89b44b2f9f203668e9b4dd9f3c59b2385,sha256:b4346837b9cb7f13bdc7ef53a08d4219a8df9301da2cbb4d9bd0bf6cdb32e29a,PRE_IB,Point,68.0,0.9541594386100769,0.7937295436859131,0.0,0.0,0.16042989492416382,SUPPORTED
sha256:34e1640dddb2189641d8114c383322b89b44b2f9f203668e9b4dd9f3c59b2385,sha256:0e73afd7b677954d0ce9dc494ad8894294f37cd146f8fe96711c4b2d786a933b,POST_IB_PRE_OB,Point,26.0,1.2453203201293945,0.7927538752555847,0.0,0.0,0.4525664448738098,SUPPORTED
sha256:34e1640dddb2189641d8114c383322b89b44b2f9f203668e9b4dd9f3c59b2385,sha256:6bb368933ecd36bc5724e922fb814da9fe9ddad89954bc8b4df1e72b9327ab55,POST_IB_PRE_OB,Point,26.0,1.2676973342895508,0.9071448445320129,0.0,0.0,0.36055248975753784,SUPPORTED
sha256:34e1640dddb2189641d8114c383322b89b44b2f9f203668e9b4dd9f3c59b2385,sha256:04356c13402595dd7b2a23e03248aa0d8306ba2005995388bd18e1c7b68ecf39,POST_IB_PRE_OB,Point,26.0,1.28401780128479,0.9452652335166931,0.0,0.0,0.338752567768097,SUPPORTED
sha256:34e1640dddb2189641d8114c383322b89b44b2f9f203668e9b4dd9f3c59b2385,sha256:af66b0297bceb3f11d4f944195d7c92fa23da6dcb9916559ad1f9ad56f58cbb8,POST_IB_PRE_OB,Point,26.0,1.2962892055511475,0.9614948630332947,0.0,0.0,0.3347943425178527,SUPPORTED
sha256:34e1640dddb2189641d8114c383322b89b44b2f9f203668e9b4dd9f3c59b2385,sha256:fb6db4262ad2b147fa7ef2137022e8910974aba2e2dd43d2469ce76a6c63d29c,POST_IB_PRE_OB,Point,26.0,1.3058762550354004,0.972407877445221,0.0,0.0,0.33346837759017944,SUPPORTED
sha256:34e1640dddb2189641d8114c383322b89b44b2f9f203668e9b4dd9f3c59b2385,sha256:f9a45d44e16dbf73e9c193aa387db75e781e691c66d44eb134d849b50ac63703,POST_IB_PRE_OB,Point,26.0,1.3136496543884277,0.9801398515701294,0.0,0.0,0.3335098028182984,SUPPORTED
sha256:34e1640dddb2189641d8114c383322b89b44b2f9f203668e9b4dd9f3c59b2385,sha256:539d842d7ab602fb6a07b3501ec84291cc22b6399f73ba661276e49473b81d3b,POST_IB_PRE_OB,Point,26.0,1.3201773166656494,0.985924243927002,0.0,0.0,0.3342530727386475,SUPPORTED
sha256:34e1640dddb2189641d8114c383322b89b44b2f9f203668e9b4dd9f3c59b2385,sha256:a7aa6b6e9397ee03ba53f9086f526d4a40add18eff78edb11965154ed85ca207,POST_IB_PRE_OB,Point,26.0,1.3258405923843384,0.9904869198799133,0.0,0.0,0.335353672504425,SUPPORTED
sha256:34e1640dddb2189641d8114c383322b89b44b2f9f203668e9b4dd9f3c59b2385,sha256:e5d2f4b6cc9ece15de810cb35ec5ba4162fd4fcd5e3b67b3b4e8ebdff3f8dc9b,POST_IB_PRE_OB,Point,26.0,1.3308987617492676,0.9942647814750671,0.0,0.0,0.33663398027420044,SUPPORTED
sha256:34e1640dddb2189641d8114c383322b89b44b2f9f203668e9b4dd9f3c59b2385,sha256:f7b5f970e9d83cfb458304ad3d9cc5d36d2fe10a23ba0d210cd5e0979d302b5a,POST_IB_PRE_OB,Point,26.0,1.3355299234390259,0.9975284337997437,0.0,0.0,0.33800148963928217,SUPPORTED
sha256:34e1640dddb2189641d8114c383322b89b44b2f9f203668e9b4dd9f3c59b2385,sha256:72806f05a8ede2d2c820d594fe9f4c595afc585e7d9397804a4abdc535899ba2,POST_OB_PRE_TO,Point,,,,,0.0,,ABSTAIN_NO_FINITE_OBSERVED_PAIR
sha256:351755fd8a70eb14bc9a8058768a60fcb02b32acbcda041a7566b4fdcb7634d0,sha256:f8e67cd9ecdef8bad17041faa38617865594a69d8692f9212114bb9085fb1a32,PRE_IB,Point,13.0,1.239342451095581,0.9851861000061035,26.0,0.0,21.112924931156538,SUPPORTED
sha256:351755fd8a70eb14bc9a8058768a60fcb02b32acbcda041a7566b4fdcb7634d0,sha256:71b2fec9ec85ea1603bb73277e0c51ebaf94766a465536b36def7674ae04b797,PRE_IB,Point,13.0,1.2563884258270264,1.0215073823928833,26.0,0.0,21.292449605654667,SUPPORTED
sha256:351755fd8a70eb14bc9a8058768a60fcb02b32acbcda041a7566b4fdcb7634d0,sha256:a86acd3bfc8e333178ece2b4728f094d03fce5c1343703bdbbf5601c38df4f8d,PRE_IB,Point,13.0,1.2733980417251587,1.0467692613601685,26.0,0.0,21.371796841156485,SUPPORTED
sha256:351755fd8a70eb14bc9a8058768a60fcb02b32acbcda041a7566b4fdcb7634d0,sha256:4a7536056126f8308f30375d59da7a43e52f1dec7192d1256abaec012ca6a269,POST_IB_PRE_OB,Point,22.0,0.6100374460220337,0.6019038558006287,26.0,0.0,25.088408966746456,SUPPORTED
sha256:351755fd8a70eb14bc9a8058768a60fcb02b32acbcda041a7566b4fdcb7634d0,sha256:b294df9f5d44ab6123af487567fd74aa53db9ede5e514e6d571688d9da2a9d10,POST_IB_PRE_OB,Point,22.0,0.6521359086036682,0.6865939497947693,26.0,0.0,24.141408574358675,SUPPORTED
sha256:351755fd8a70eb14bc9a8058768a60fcb02b32acbcda041a7566b4fdcb7634d0,sha256:994d37e89e0ede7f69381eb29e2cf089bab9a6b1121b4e5bc47aa0792ab055c9,POST_IB_PRE_OB,Point,22.0,0.6809523105621338,0.740922212600708,26.0,0.0,23.56259732030157,SUPPORTED
sha256:351755fd8a70eb14bc9a8058768a60fcb02b32acbcda041a7566b4fdcb7634d0,sha256:1a7e857807924916e27325ea67c1791f5cd72cecc0f04e1f04bf4ce82bba6b67,POST_IB_PRE_OB,Point,22.0,0.7028580904006958,0.7776245474815369,26.0,0.0,23.286270171193497,SUPPORTED
sha256:351755fd8a70eb14bc9a8058768a60fcb02b32acbcda041a7566b4fdcb7634d0,sha256:555ea2978c58d30b53c61f1a01b18297072753c1a40d884d95dbd967087f29d6,POST_IB_PRE_OB,Point,22.0,0.7208729386329651,0.8041220903396606,26.0,0.0,23.140816182632236,SUPPORTED
sha256:351755fd8a70eb14bc9a8058768a60fcb02b32acbcda041a7566b4fdcb7634d0,sha256:57875d696c9ffb7ca3f235e33f4a7b775eed9d1b7c5eba975a6c37c91cb66775,POST_IB_PRE_OB,Point,22.0,0.7364587783813477,0.8245388865470886,26.0,0.0,23.061476194661847,SUPPORTED
sha256:351755fd8a70eb14bc9a8058768a60fcb02b32acbcda041a7566b4fdcb7634d0,sha256:dcaf5e8e35aedc2dda917b23fd1457e475f22931355c97b8f2bb76daf3815a31,POST_IB_PRE_OB,Point,22.0,0.7504181265830994,0.8411851525306702,26.0,0.0,23.018346042659733,SUPPORTED
sha256:351755fd8a70eb14bc9a8058768a60fcb02b32acbcda041a7566b4fdcb7634d0,sha256:ab74131dfb47d4531e4ab00436ae58cea36e8846793a5c6f2eb22a68f0b0b91e,POST_IB_PRE_OB,Point,22.0,0.7632487416267395,0.8554056882858276,26.0,0.0,22.996301256781866,SUPPORTED
sha256:351755fd8a70eb14bc9a8058768a60fcb02b32acbcda041a7566b4fdcb7634d0,sha256:114f8c173b094486daa27dc204adcfc78e7b544b5edb60b14110fdd69ae6b9ed,POST_IB_PRE_OB,Point,22.0,0.7752847075462341,0.8680173754692078,26.0,0.0,22.987221846175725,SUPPORTED
sha256:351755fd8a70eb14bc9a8058768a60fcb02b32acbcda041a7566b4fdcb7634d0,sha256:1460f9c6585d83f2ae0afc786e4bcf4c897ca2225fbe10f6e3b775c4033564c9,POST_IB_PRE_OB,Point,22.0,0.7867596745491028,0.8795297145843506,26.0,0.0,22.986633506708714,SUPPORTED
sha256:351755fd8a70eb14bc9a8058768a60fcb02b32acbcda041a7566b4fdcb7634d0,sha256:baf8e1e775242b4c474b15c6c7c01c7e32821ed1a9c48c9b35d79e68c699ec50,POST_IB_PRE_OB,Point,22.0,0.7978344559669495,0.8902725577354431,26.0,0.0,22.99186354470276,SUPPORTED
sha256:351755fd8a70eb14bc9a8058768a60fcb02b32acbcda041a7566b4fdcb7634d0,sha256:db46b07deeea8a5c8366db659132e3c2503a81bc6b4a4f4f61675c4210647756,POST_IB_PRE_OB,Point,22.0,0.8086262345314026,0.9004618525505066,26.0,0.0,23.001381885314665,SUPPORTED
sha256:351755fd8a70eb14bc9a8058768a60fcb02b32acbcda041a7566b4fdcb7634d0,sha256:44b8b4640a27498f8dcb0537054af1195043b2631deaf6585468f24b7958493e,POST_IB_PRE_OB,Point,22.0,0.8166177868843079,0.9102374315261841,26.0,0.0,22.973292251121265,SUPPORTED
sha256:351755fd8a70eb14bc9a8058768a60fcb02b32acbcda041a7566b4fdcb7634d0,sha256:aa122bcb9ebb6ca7e6b61907b0d7216a1902d39ae94a161da264ef3ab5e9d2de,POST_IB_PRE_OB,Point,22.0,0.8216193318367004,0.9196919202804565,26.0,0.0,22.904399280456442,SUPPORTED
sha256:351755fd8a70eb14bc9a8058768a60fcb02b32acbcda041a7566b4fdcb7634d0,sha256:7c5366b59ee49d9380c3ce3b0cd8fdf13074ec8ea2282e0cef5484d7e2ae303d,POST_IB_PRE_OB,Point,22.0,0.8265626430511475,0.928887665271759,26.0,0.0,22.84014748092344,SUPPORTED
sha256:351755fd8a70eb14bc9a8058768a60fcb02b32acbcda041a7566b4fdcb7634d0,sha256:59cf90b44d8ed907f01bf3f8bae2f5f7172082c5477530d18c9c91fd13ab8607,POST_IB_PRE_OB,Point,22.0,0.8314593434333801,0.9378676414489746,26.0,0.0,22.77977892376576,SUPPORTED
sha256:351755fd8a70eb14bc9a8058768a60fcb02b32acbcda041a7566b4fdcb7634d0,sha256:7cd3ff38bcb66df8afb41d78f12fbaba47791ad433d8fe813a0e2ed8e9efb125,POST_IB_PRE_OB,Point,22.0,0.8363177180290222,0.946657121181488,26.0,0.0,22.722818491356282,SUPPORTED
sha256:351755fd8a70eb14bc9a8058768a60fcb02b32acbcda041a7566b4fdcb7634d0,sha256:c2388cec0b4a314d922934a0022ba544262bdcfb8677d768bd725b9eb9c58988,POST_IB_PRE_OB,Point,22.0,0.841143786907196,0.9552759528160095,26.0,0.0,22.668882500860338,SUPPORTED
sha256:351755fd8a70eb14bc9a8058768a60fcb02b32acbcda041a7566b4fdcb7634d0,sha256:1ae3597f5d023ec84da313417bb50fe7c0ff93ba73a8aa5ff5559aba3db37288,POST_IB_PRE_OB,Point,22.0,0.8459416627883911,0.9577643871307373,26.0,0.0,22.701608166341043,SUPPORTED
sha256:39638a61edea8c9430fb7c6a9a25400c086b685169f8504a1919ca2d69d06558,sha256:9d5669c2cb199f25feec5d67de646b1ecbb8eeaeb51c4aebe449609e91244dd8,POST_IB_PRE_OB,Point,138.0,1.1676867008209229,1.1196922063827515,0.0,10.0,8.662433316601966,SUPPORTED
sha256:39638a61edea8c9430fb7c6a9a25400c086b685169f8504a1919ca2d69d06558,sha256:358eb1006f1d04e4cb9cedbf2ed36eb3e77dfcd28622cbae4c1663a253615a45,POST_IB_PRE_OB,Point,138.0,1.1310125589370728,1.1159298419952393,0.0,10.0,9.23835324172325,SUPPORTED
sha256:39638a61edea8c9430fb7c6a9a25400c086b685169f8504a1919ca2d69d06558,sha256:4c9e72cf80c4e04f574a79a32f630ff507ecc6572aebfa44e4d35cd757d31778,POST_IB_PRE_OB,Point,138.0,1.133718729019165,1.1146368980407715,0.0,10.0,9.14542672789953,SUPPORTED
sha256:39638a61edea8c9430fb7c6a9a25400c086b685169f8504a1919ca2d69d06558,sha256:a7a606f9c0ce6eaa2f7d7b16494f3f1210b2f04f967a5a9d2885cdc75c604628,POST_IB_PRE_OB,Point,138.0,1.1360689401626587,1.1112052202224731,0.0,10.0,9.027593045746153,SUPPORTED
sha256:39638a61edea8c9430fb7c6a9a25400c086b685169f8504a1919ca2d69d06558,sha256:ccc712348dd84ea1718e717fa3a0336eae48533fe6691d59e56599a941e0695d,POST_IB_PRE_OB,Point,138.0,1.1358692646026611,1.1062843799591064,0.0,10.0,8.941745105198907,SUPPORTED
sha256:39638a61edea8c9430fb7c6a9a25400c086b685169f8504a1919ca2d69d06558,sha256:ecfbf1ee0f1e9958a6d3537c7f933e7f5d66e802a4532c3d2933225b223be05c,POST_IB_PRE_OB,Point,138.0,1.0774363279342651,1.2115874290466309,0.0,10.0,7.8176787735214175,SUPPORTED
sha256:39638a61edea8c9430fb7c6a9a25400c086b685169f8504a1919ca2d69d06558,sha256:cd7228d68a57be973f9002a02652bad3a333c64ea846195dca6473481e0dfe38,POST_IB_PRE_OB,Point,138.0,1.0887786149978638,1.136379599571228,0.0,10.0,8.667731649116357,SUPPORTED
sha256:39638a61edea8c9430fb7c6a9a25400c086b685169f8504a1919ca2d69d06558,sha256:f896e36a81304bbddaf86bb05ffd3756f6b8dfc138777ef440414cea56768d27,POST_IB_PRE_OB,Point,138.0,1.0964760780334473,1.0998913049697876,0.0,10.0,9.633808574596841,SUPPORTED
sha256:39638a61edea8c9430fb7c6a9a25400c086b685169f8504a1919ca2d69d06558,sha256:0e6623e8ead420500f668705228885832f028020f0e9c0e169dadd046542920c,POST_IB_PRE_OB,Point,138.0,1.096116304397583,1.077778697013855,0.0,10.0,9.161888954311568,SUPPORTED
sha256:39638a61edea8c9430fb7c6a9a25400c086b685169f8504a1919ca2d69d06558,sha256:5706ae7f14c3faecf8d59bef08ccf93f0710023e161a89c66aebc99d968b4067,POST_IB_PRE_OB,Point,138.0,1.0919140577316284,1.0629026889801025,0.0,10.0,8.951767315595033,SUPPORTED
sha256:39638a61edea8c9430fb7c6a9a25400c086b685169f8504a1919ca2d69d06558,sha256:9a1c579fce8d8b154cba890b85bbd23b3f8b6e3038a1f7d66a6b341c92cf21db,POST_IB_PRE_OB,Point,138.0,1.0862133502960205,1.051468014717102,0.0,10.0,8.855841852185671,SUPPORTED
sha256:39638a61edea8c9430fb7c6a9a25400c086b685169f8504a1919ca2d69d06558,sha256:75c646d1e9ad4f500f808b7f2b622da1a4137f4db004d86b544b1e9cab57e358,POST_IB_PRE_OB,Point,138.0,1.0802160501480103,1.041563868522644,0.0,10.0,8.795234606948764,SUPPORTED
sha256:39638a61edea8c9430fb7c6a9a25400c086b685169f8504a1919ca2d69d06558,sha256:9c8769d8228e17e32e1e92813441288af3c1e6af45b965aa7eb3f52dfe3ee84a,POST_IB_PRE_OB,Point,138.0,1.074485421180725,1.032240390777588,0.0,10.0,8.74232148798786,SUPPORTED
sha256:39638a61edea8c9430fb7c6a9a25400c086b685169f8504a1919ca2d69d06558,sha256:0021fbad39378f10e4abbfdbd1b9d0637bf8e9702458c2ed95be9a2fa1116b8e,POST_IB_PRE_OB,Point,138.0,1.069250226020813,1.023024559020996,0.0,10.0,8.686436462750615,SUPPORTED
sha256:39638a61edea8c9430fb7c6a9a25400c086b685169f8504a1919ca2d69d06558,sha256:45f1f02bfd176ad274aa8ee66475de2a1eb37f1dde342350ef34ffc5e04cea89,POST_IB_PRE_OB,Point,138.0,1.0645787715911865,1.013677716255188,0.0,10.0,8.624001544704667,SUPPORTED
sha256:39638a61edea8c9430fb7c6a9a25400c086b685169f8504a1919ca2d69d06558,sha256:4f0aa825fb1256139bf57eb5f0197f4bee28e99c02da91f693b2b2abca713cf3,POST_OB_PRE_TO,Point,,,,,10.0,,ABSTAIN_NO_FINITE_OBSERVED_PAIR
sha256:3c0efef12c89add8481f7b74abc06ace2acfc7c9ae2c8911f59a6f4d11affca8,sha256:c40e09a55fffd6dd5696f168c8f175996748f49a3237c1299d303f27c5caf5a9,POST_IB_PRE_OB,Point,8.0,0.9186063408851624,1.491357684135437,0.0,0.0,0.5727513432502745,SUPPORTED
sha256:3c0efef12c89add8481f7b74abc06ace2acfc7c9ae2c8911f59a6f4d11affca8,sha256:fc3195797a879ebc6474482b323bd8cccea068cb8d8397ca819d9e79ca19009c,POST_IB_PRE_OB,Point,8.0,0.8995128870010376,1.455920696258545,0.0,0.0,0.5564078092575074,SUPPORTED
sha256:3c0efef12c89add8481f7b74abc06ace2acfc7c9ae2c8911f59a6f4d11affca8,sha256:68c244422499f09702cbdc0348a262428cf5f2d00912ffb47bcb227a62391e31,POST_IB_PRE_OB,Point,8.0,0.9109639525413513,1.4460145235061646,0.0,0.0,0.5350505709648132,SUPPORTED
sha256:3c0efef12c89add8481f7b74abc06ace2acfc7c9ae2c8911f59a6f4d11affca8,sha256:8ee7b1b6c4c5c32e8c53a5bd85bc82c74b2f4b9419938bb8eeaf825507d9bdd7,POST_IB_PRE_OB,Point,8.0,0.9175466299057007,1.4407017230987549,0.0,0.0,0.5231550931930542,SUPPORTED
sha256:3c0efef12c89add8481f7b74abc06ace2acfc7c9ae2c8911f59a6f4d11affca8,sha256:8f2c5f1400799a852fb1b6a1ece185648ef6778116566a6df12b9e4e7bb23bdd,POST_IB_PRE_OB,Point,8.0,0.9192245602607727,1.4373624324798584,0.0,0.0,0.5181378722190856,SUPPORTED
sha256:3c0efef12c89add8481f7b74abc06ace2acfc7c9ae2c8911f59a6f4d11affca8,sha256:c9071d14913341a32c75975dbac6a96782c84feb92279e5edb3582f81d64e5d9,POST_IB_PRE_OB,Point,8.0,0.917761504650116,1.4349756240844727,0.0,0.0,0.5172141194343566,SUPPORTED
sha256:3c0efef12c89add8481f7b74abc06ace2acfc7c9ae2c8911f59a6f4d11affca8,sha256:42ed826f2063a3d036ed8affb4da5a3ba2604f8f1e8c2ddd34f092995ac78443,POST_IB_PRE_OB,Point,8.0,0.9146703481674194,1.4329675436019897,0.0,0.0,0.5182971954345703,SUPPORTED
sha256:3c0efef12c89add8481f7b74abc06ace2acfc7c9ae2c8911f59a6f4d11affca8,sha256:8a5913baac5d1ffa0069b95586e04cc2e4b0f26b635702bfc2e0d0acb13440b0,POST_IB_PRE_OB,Point,8.0,0.910914421081543,1.430960774421692,0.0,0.0,0.5200463533401489,SUPPORTED
sha256:3c0efef12c89add8481f7b74abc06ace2acfc7c9ae2c8911f59a6f4d11affca8,sha256:fb1d22e6e1f4c9c3be5c69f7a5c42c7203d5a78b5d71de0e1648af81357827cd,POST_IB_PRE_OB,Point,8.0,0.9070277214050293,1.4287103414535522,0.0,0.0,0.5216826200485228,SUPPORTED
sha256:3c0efef12c89add8481f7b74abc06ace2acfc7c9ae2c8911f59a6f4d11affca8,sha256:0b1da91445b82ed159c5ddf9692a344b5a9bef9ab0694ff0d7015dd1ae3e2587,POST_IB_PRE_OB,Point,8.0,0.9032764434814453,1.4260674715042114,0.0,0.0,0.522791028022766,SUPPORTED
sha256:3c0efef12c89add8481f7b74abc06ace2acfc7c9ae2c8911f59a6f4d11affca8,sha256:5ce0a2ba8d590954cb163bc835fd9917c9c32040fc80fdf9fa802eb9674931ca,POST_IB_PRE_OB,Point,8.0,0.899774432182312,1.4229471683502197,0.0,0.0,0.5231727361679077,SUPPORTED
sha256:3c0efef12c89add8481f7b74abc06ace2acfc7c9ae2c8911f59a6f4d11affca8,sha256:c6fc715d49fcfab2c731dee509ce7cdd875b70cfbe4922b1e841b7780b7f1f5d,POST_IB_PRE_OB,Point,8.0,0.8965591788291931,1.4193077087402344,0.0,0.0,0.5227485299110411,SUPPORTED
sha256:3c0efef12c89add8481f7b74abc06ace2acfc7c9ae2c8911f59a6f4d11affca8,sha256:dc475106d4422a73f9bde7eedeb87b7c196f4941da6cfce3472b84b944ea2ac1,POST_IB_PRE_OB,Point,114.0,1.0186558961868286,0.6367654204368591,0.0,0.0,0.3818904757499694,SUPPORTED
sha256:3c0efef12c89add8481f7b74abc06ace2acfc7c9ae2c8911f59a6f4d11affca8,sha256:384a9338d3a23377af054ae2750cf1431e3369767c443f547bff045a42355763,POST_IB_PRE_OB,Point,8.0,0.9918367862701416,1.4670346975326538,0.0,0.0,0.4751979112625122,SUPPORTED
sha256:3c0efef12c89add8481f7b74abc06ace2acfc7c9ae2c8911f59a6f4d11affca8,sha256:76709cb7f0a3eedd40a6433e9ac9bf32c82fcc3c177c75fe061d43280536bbf4,POST_IB_PRE_OB,Point,8.0,1.0146859884262085,1.4685139656066895,0.0,0.0,0.45382797718048096,SUPPORTED
sha256:3c0efef12c89add8481f7b74abc06ace2acfc7c9ae2c8911f59a6f4d11affca8,sha256:b0d2b2aabe6c4e442c33ba9c62b89526ed90ead9e957c18ed32a36169348c813,POST_IB_PRE_OB,Point,8.0,1.0208415985107422,1.4709054231643677,0.0,0.0,0.45006382465362554,SUPPORTED
sha256:3c0efef12c89add8481f7b74abc06ace2acfc7c9ae2c8911f59a6f4d11affca8,sha256:173bdebeb5ecd2b19d3aef8e4c2fb3daf46d173999018bdee91a477020e59733,POST_IB_PRE_OB,Point,8.0,1.0210922956466675,1.4735205173492432,0.0,0.0,0.45242822170257563,SUPPORTED
sha256:3c0efef12c89add8481f7b74abc06ace2acfc7c9ae2c8911f59a6f4d11affca8,sha256:65e3015c4534ddb4495f37f2797840821c3c0042c94f3138fae889953d9d11a7,POST_IB_PRE_OB,Point,8.0,1.019028902053833,1.4758167266845703,0.0,0.0,0.45678782463073725,SUPPORTED
sha256:3c0efef12c89add8481f7b74abc06ace2acfc7c9ae2c8911f59a6f4d11affca8,sha256:fc84f8182bec36f6bfeb048a7d7707e17f94fcd0e6193b6044585f66774a0db2,POST_IB_PRE_OB,Point,8.0,1.0160620212554932,1.477491855621338,0.0,0.0,0.4614298343658447,SUPPORTED
sha256:3c0efef12c89add8481f7b74abc06ace2acfc7c9ae2c8911f59a6f4d11affca8,sha256:c5c15e879c91aab3934fb8c248d8375b2c16433c51de39de3ee72bf2bac83385,POST_IB_PRE_OB,Point,8.0,1.012771725654602,1.4784345626831055,0.0,0.0,0.4656628370285034,SUPPORTED
sha256:3c0efef12c89add8481f7b74abc06ace2acfc7c9ae2c8911f59a6f4d11affca8,sha256:39d689ff6048f15d337d8ebcc6cbb5ba836a88b9f0258d6efbad83f6014463d0,POST_IB_PRE_OB,Point,8.0,1.0093908309936523,1.4786288738250732,0.0,0.0,0.4692380428314209,SUPPORTED
sha256:3c0efef12c89add8481f7b74abc06ace2acfc7c9ae2c8911f59a6f4d11affca8,sha256:ff420eb7020f381a4b84dec9cc4d2a1225203e5c07f63555f22d7f10a56b1f2b,POST_IB_PRE_OB,Point,8.0,1.006004810333252,1.4780967235565186,0.0,0.0,0.4720919132232666,SUPPORTED
sha256:3c0efef12c89add8481f7b74abc06ace2acfc7c9ae2c8911f59a6f4d11affca8,sha256:a35980ce24d761cc4410dfde5b4cb94ce3518b37ae994615e8fcbb19feabb922,POST_OB_PRE_TO,Point,,,,,0.0,,ABSTAIN_NO_FINITE_OBSERVED_PAIR
sha256:3c0efef12c89add8481f7b74abc06ace2acfc7c9ae2c8911f59a6f4d11affca8,sha256:859f580d8e746d7a1d5bd8c91751a76ef26e93a81a187dfe8c38f0df14e91e6a,POST_OB_PRE_TO,Point,,,,,0.0,,ABSTAIN_NO_FINITE_OBSERVED_PAIR
sha256:3cbe1d3c28fefc5e05634bd16bac697f6f3b6c8ec24dc0269b5f2a12417ef2a2,sha256:a1cf8e43fab220931a4d50afdbcb917053c487a2c62eb0970e3f63793a088d9a,POST_IB_PRE_OB,Point,207.0,0.8315474987030029,1.0312656164169312,0.0,0.0,0.19971811771392825,SUPPORTED
sha256:3cbe1d3c28fefc5e05634bd16bac697f6f3b6c8ec24dc0269b5f2a12417ef2a2,sha256:acb6d7a15a0798762b962d82acca7277a2490a082ef9e723bd9eaf330878eff0,POST_IB_PRE_OB,Point,207.0,0.6753920316696167,0.9453673362731934,0.0,0.0,0.26997530460357666,SUPPORTED
sha256:3cbe1d3c28fefc5e05634bd16bac697f6f3b6c8ec24dc0269b5f2a12417ef2a2,sha256:08ade947d379e145cca2ab1ae748374e7b8410aa631a28c58cbc29a91155726b,POST_IB_PRE_OB,Point,207.0,0.6482716202735901,0.9107319116592407,0.0,0.0,0.2624602913856506,SUPPORTED
sha256:3cbe1d3c28fefc5e05634bd16bac697f6f3b6c8ec24dc0269b5f2a12417ef2a2,sha256:f27c7aa95ee9e1225c18a27cfc7b716dda10c698884c4c0be31b0ae44fbe3cc1,POST_IB_PRE_OB,Point,207.0,0.6280491352081299,0.8326355814933777,0.0,0.0,0.20458644628524777,SUPPORTED
sha256:3cbe1d3c28fefc5e05634bd16bac697f6f3b6c8ec24dc0269b5f2a12417ef2a2,sha256:6cab62722510d10f204816bf82499cdfbcb6752413bdadbcc8c459ffa79b5e8c,POST_IB_PRE_OB,Point,207.0,0.6139749884605408,0.7725600004196167,0.0,0.0,0.1585850119590759,SUPPORTED
sha256:3cbe1d3c28fefc5e05634bd16bac697f6f3b6c8ec24dc0269b5f2a12417ef2a2,sha256:c971bad15bbde86fac477b72aec81141175ba63897776c052411d688fd91a78f,POST_IB_PRE_OB,Point,207.0,0.525286853313446,1.0455666780471802,0.0,0.0,0.5202798247337341,SUPPORTED
sha256:3cbe1d3c28fefc5e05634bd16bac697f6f3b6c8ec24dc0269b5f2a12417ef2a2,sha256:8aea4e1253c305918c0add5e25c8d32c35b199b078ea64541b9b181353b8adbe,POST_IB_PRE_OB,Point,207.0,0.6318536996841431,1.028320074081421,0.0,0.0,0.3964663743972779,SUPPORTED
sha256:3cbe1d3c28fefc5e05634bd16bac697f6f3b6c8ec24dc0269b5f2a12417ef2a2,sha256:b9790e30e764cf95aba992f3fa341a317796e735835ba1bb30b79e7104f850b3,POST_OB_PRE_TO,Point,,,,,0.0,,ABSTAIN_NO_FINITE_OBSERVED_PAIR
sha256:402e50f1ff2b6883ca83dfccca0fc7f64b884554559ee570d3f1a5fbfb592f77,sha256:654004772011fdcb670019de0963012ffb9d2235e4c7b38c074e6c6a1a050aa6,PRE_IB,Point,192.0,1.6656920909881592,1.0076003074645996,36.0,0.0,26.923349012017336,SUPPORTED
sha256:402e50f1ff2b6883ca83dfccca0fc7f64b884554559ee570d3f1a5fbfb592f77,sha256:df7853df11b1dc2b3491c4637e3c014ec95de66474661d2741fdca48f71d7c2c,PRE_IB,Point,192.0,1.6988234519958496,1.0606634616851807,36.0,0.0,27.051969996119215,SUPPORTED
sha256:402e50f1ff2b6883ca83dfccca0fc7f64b884554559ee570d3f1a5fbfb592f77,sha256:d778a6c591b7e5120b77994fd79c4d36277a5f665708196c25f9502c4580812c,PRE_IB,Point,192.0,1.7318785190582275,1.0969605445861816,36.0,0.0,27.073109132836763,SUPPORTED
sha256:402e50f1ff2b6883ca83dfccca0fc7f64b884554559ee570d3f1a5fbfb592f77,sha256:0154fc3661ed1aad4f111f8a8abfbc6a7338c13c4dc76a0931889ae1d6c70d75,PRE_IB,Point,192.0,1.759674310684204,1.1200920343399048,36.0,0.0,27.04271571513907,SUPPORTED
sha256:402e50f1ff2b6883ca83dfccca0fc7f64b884554559ee570d3f1a5fbfb592f77,sha256:8c3f2f9de02109c1f2f243ac6f7ab41b1663825a996ade8eafbf65e18391b539,PRE_IB,Point,192.0,1.7817809581756592,1.1345916986465454,36.0,0.0,26.99342039073013,SUPPORTED
sha256:402e50f1ff2b6883ca83dfccca0fc7f64b884554559ee570d3f1a5fbfb592f77,sha256:a722b6590d59347b396f8b2d27431b2799210bc4eb7d64f56a00e807630a6857,PRE_IB,Point,192.0,1.7992839813232422,1.1438488960266113,36.0,0.0,26.94036162789473,SUPPORTED
sha256:402e50f1ff2b6883ca83dfccca0fc7f64b884554559ee570d3f1a5fbfb592f77,sha256:f4ee7f23b4270a695934421137d665fdcaa2c10b2a895c970cacd8595cd221d4,POST_IB_PRE_OB,Point,86.0,1.147667407989502,0.8683381080627441,36.0,0.0,29.93713573701391,SUPPORTED
sha256:402e50f1ff2b6883ca83dfccca0fc7f64b884554559ee570d3f1a5fbfb592f77,sha256:7dff6e90dcab2a6dfe91ed92ae90405db6734faf802adf79ba00040c71223afa,POST_IB_PRE_OB,Point,86.0,1.1668968200683594,0.8868704438209534,36.0,0.0,29.9299241582019,SUPPORTED
sha256:42a14675030dafcd004783399878efe6902b6b8df0bc9a976dd8eec7f557edc3,sha256:880d3326a08959e5bb8156666d4fe08c7e5cac8908ec3f8580bb28bec0fd02c2,POST_IB_PRE_OB,Point,62.0,1.038398265838623,0.0,0.0,3.0,0.5084153777691246,SUPPORTED
sha256:42a14675030dafcd004783399878efe6902b6b8df0bc9a976dd8eec7f557edc3,sha256:4f8555ed70fa297f10efd5e4245978ba942a27f5f6cdf0b033ca0774c08ddb3f,POST_IB_PRE_OB,Point,30.0,0.979619026184082,0.0,0.0,3.0,0.5510000164063865,SUPPORTED
sha256:42a14675030dafcd004783399878efe6902b6b8df0bc9a976dd8eec7f557edc3,sha256:f28d3002fd02878b97c08e0a8978da1bcdd52fa99e91a3d8280894c459f3b68d,POST_IB_PRE_OB,Point,200.0,1.380777359008789,0.7366424798965454,0.0,3.0,0.8639157241989256,SUPPORTED
sha256:42a14675030dafcd004783399878efe6902b6b8df0bc9a976dd8eec7f557edc3,sha256:366cb28ac307cbb06faf2ca8fe5b9c193ba70e8597ef89a3b720304193f3aa3f,POST_IB_PRE_OB,Point,200.0,1.3697960376739502,0.601326048374176,0.0,3.0,0.7317546796934735,SUPPORTED
sha256:42a14675030dafcd004783399878efe6902b6b8df0bc9a976dd8eec7f557edc3,sha256:e714a9b9ff0d4666332e5c2adf0a8b7952e793b626d10a5c08041a35234aff28,POST_IB_PRE_OB,Point,200.0,1.3617796897888184,0.5062917470932007,0.0,3.0,0.6514505970413238,SUPPORTED
sha256:42a14675030dafcd004783399878efe6902b6b8df0bc9a976dd8eec7f557edc3,sha256:cb1bb8dd9c98df7f2053b1949b4adf58737ab51ff87578596650843bcf183021,POST_IB_PRE_OB,Point,200.0,1.3536288738250732,0.4334377944469452,0.0,3.0,0.5971965033161181,SUPPORTED
sha256:42a14675030dafcd004783399878efe6902b6b8df0bc9a976dd8eec7f557edc3,sha256:a82e0cea82e2b90cea1ae9d1051896f1fee874503ffbc1898d7bf1e33e8ecb5e,POST_IB_PRE_OB,Point,200.0,1.3455946445465088,0.37276121973991394,0.0,3.0,0.556109687411495,SUPPORTED
sha256:42a14675030dafcd004783399878efe6902b6b8df0bc9a976dd8eec7f557edc3,sha256:6a8d486f425394c914e7092c31e54e2c850cfa4c69863237dfd587b19185eeda,POST_IB_PRE_OB,Point,200.0,1.337798833847046,0.31884923577308655,0.0,3.0,0.5221803496265424,SUPPORTED
sha256:42a14675030dafcd004783399878efe6902b6b8df0bc9a976dd8eec7f557edc3,sha256:799de37d0b0f6ed604b63e7e13f865ef5d14efbfbb6070d85d5201f68d9804ce,POST_IB_PRE_OB,Point,200.0,1.3302778005599976,0.2687463164329529,0.0,3.0,0.4924450730794589,SUPPORTED
sha256:42a14675030dafcd004783399878efe6902b6b8df0bc9a976dd8eec7f557edc3,sha256:def82a23df98f81a7590f2d75905c884167c947a3eeded9a0e58dd18498611f3,POST_IB_PRE_OB,Point,200.0,1.3230324983596802,0.22081482410430908,0.0,3.0,0.4653767248785009,SUPPORTED
sha256:42a14675030dafcd004783399878efe6902b6b8df0bc9a976dd8eec7f557edc3,sha256:abb54033233e0749ae96ff845d41fe5bbe81d0fe864afbcafcc600368ce3e60f,POST_IB_PRE_OB,Point,200.0,1.346050500869751,0.9151753187179565,0.0,3.0,1.1570013541170163,SUPPORTED
sha256:42a14675030dafcd004783399878efe6902b6b8df0bc9a976dd8eec7f557edc3,sha256:17b25d7dd733a55346d0d0293b0408588a94fdafde1dbfbfc051a74ff7b88e61,POST_IB_PRE_OB,Point,200.0,1.393885612487793,0.8029839396476746,0.0,3.0,0.9280422935109317,SUPPORTED
sha256:42a14675030dafcd004783399878efe6902b6b8df0bc9a976dd8eec7f557edc3,sha256:b6e4d8fff6cb03923e29551447309689ac110144c56349989081961d15be7e74,POST_IB_PRE_OB,Point,200.0,1.4079148769378662,0.7313718199729919,0.0,3.0,0.8272419701054157,SUPPORTED
sha256:42a14675030dafcd004783399878efe6902b6b8df0bc9a976dd8eec7f557edc3,sha256:bbc3e9be765d1282a24cd3adce51b755ec69996426d70637c8d15a1628ed0541,POST_IB_PRE_OB,Point,200.0,1.4096670150756836,0.6778438091278076,0.0,3.0,0.7683997682031934,SUPPORTED
sha256:42a14675030dafcd004783399878efe6902b6b8df0bc9a976dd8eec7f557edc3,sha256:b404fdeaef256de620b4748e26b18c2ce95c0f3619a303f6aeca985a15b73b9a,POST_IB_PRE_OB,Point,200.0,1.4062089920043945,0.6326155662536621,0.0,3.0,0.7267719493578686,SUPPORTED
sha256:42a14675030dafcd004783399878efe6902b6b8df0bc9a976dd8eec7f557edc3,sha256:3237717101d57ed4486faadd7434d52b4f55f70fc05c491047c0ad392c6d924c,POST_IB_PRE_OB,Point,200.0,1.400498390197754,0.590505063533783,0.0,3.0,0.6923147159076196,SUPPORTED
sha256:42a14675030dafcd004783399878efe6902b6b8df0bc9a976dd8eec7f557edc3,sha256:221c8be25225a28ed0c084a8ff86fea2b56abbebaed38267b914dc057da92ddf,POST_IB_PRE_OB,Point,200.0,1.3938183784484863,0.5491805076599121,0.0,3.0,0.6609836104357181,SUPPORTED
sha256:42a14675030dafcd004783399878efe6902b6b8df0bc9a976dd8eec7f557edc3,sha256:35019548c135ae02eada5517cd9823045b56901740e53a88d2fd3f527cbee86a,POST_IB_PRE_OB,Point,200.0,1.386746883392334,0.5077226758003235,0.0,3.0,0.6312110215999149,SUPPORTED
sha256:42a14675030dafcd004783399878efe6902b6b8df0bc9a976dd8eec7f557edc3,sha256:58a7e7fb3743b8e15ea42c2e983f1925f1a9cee55f9b86c6783404b1f75b846c,POST_IB_PRE_OB,Point,200.0,1.3795535564422607,0.46583470702171326,0.0,3.0,0.6024311553283276,SUPPORTED
sha256:42a14675030dafcd004783399878efe6902b6b8df0bc9a976dd8eec7f557edc3,sha256:33c4a512aeec80889080dd74ba20bd44a5b817f2d9479710b2603c1fd5767bee,POST_IB_PRE_OB,Point,200.0,1.3723706007003784,0.423495352268219,0.0,3.0,0.5744859731430867,SUPPORTED
sha256:42a14675030dafcd004783399878efe6902b6b8df0bc9a976dd8eec7f557edc3,sha256:656b5b234ca85aa02499a9a622b634094d2e088ba546753d929a16969b1909da,POST_IB_PRE_OB,Point,200.0,1.3652687072753906,0.3807660639286041,0.0,3.0,0.5473480468583716,SUPPORTED
sha256:42a14675030dafcd004783399878efe6902b6b8df0bc9a976dd8eec7f557edc3,sha256:bfc45a1000afaebb44501f49676660245bf0f283e8ed7f2fd31a07ff1d9dd9b9,POST_OB_PRE_TO,Point,,,,,3.0,,ABSTAIN_NO_FINITE_OBSERVED_PAIR
sha256:42a14675030dafcd004783399878efe6902b6b8df0bc9a976dd8eec7f557edc3,sha256:e5eee1b4e27397fd70db3584383f8c7dc7b14a57d6d6612fc911b359435fa442,POST_OB_PRE_TO,Point,,,,,3.0,,ABSTAIN_NO_FINITE_OBSERVED_PAIR
sha256:436b80c2e54bc585729f4ed9aba0e7507351da1428093c88f7198ece74393838,sha256:a6c113516820a6692a212b30da6932ecc668809c6a55f941d22dd6e37b35e173,POST_IB_PRE_OB,Point,104.0,0.9457143545150757,1.0224950313568115,0.0,0.0,0.07678067684173585,SUPPORTED
sha256:436b80c2e54bc585729f4ed9aba0e7507351da1428093c88f7198ece74393838,sha256:47c31dca1fa67f1da3c395d098b23eb6f7dbf12861eaabf28b4db22a0eb563d2,POST_IB_PRE_OB,Point,104.0,0.975995659828186,1.0967137813568115,0.0,0.0,0.12071812152862549,SUPPORTED
sha256:436b80c2e54bc585729f4ed9aba0e7507351da1428093c88f7198ece74393838,sha256:dd95d43298469821998fbd3a5ea0efd04118f2a3874846fbcd1ada032d2ed600,POST_IB_PRE_OB,Point,2.0,1.1034375429153442,0.9486629962921143,0.0,0.0,0.15477454662322998,SUPPORTED
sha256:436b80c2e54bc585729f4ed9aba0e7507351da1428093c88f7198ece74393838,sha256:898e98e4984dff4e1b5b91fedd613e03353da8c474a9bcebfd8baeb9ec24a89b,POST_IB_PRE_OB,Point,2.0,1.121761441230774,0.9851649403572083,0.0,0.0,0.13659650087356565,SUPPORTED
sha256:436b80c2e54bc585729f4ed9aba0e7507351da1428093c88f7198ece74393838,sha256:c5a8ee9d281af2bdb6eca3c0a51d868148d0268419454e02e5307af414361f74,POST_IB_PRE_OB,Point,2.0,1.1360198259353638,1.0062836408615112,0.0,0.0,0.12973618507385254,SUPPORTED
sha256:436b80c2e54bc585729f4ed9aba0e7507351da1428093c88f7198ece74393838,sha256:e967377ac41cc5541bc9d20e0bdb0fc6eb0787bc4fa6ce27534f120e4ec6178f,POST_IB_PRE_OB,Point,2.0,1.1472935676574707,1.0202605724334717,0.0,0.0,0.12703299522399905,SUPPORTED
sha256:436b80c2e54bc585729f4ed9aba0e7507351da1428093c88f7198ece74393838,sha256:e2f1d6db581b3174714e83fd7206f245c6e5aabf75fe43fe495f9dc457b2fda8,POST_IB_PRE_OB,Point,2.0,1.1564359664916992,1.0298112630844116,0.0,0.0,0.1266247034072876,SUPPORTED
sha256:436b80c2e54bc585729f4ed9aba0e7507351da1428093c88f7198ece74393838,sha256:e09019149233b1b51c1d279eec0160d29cc2cb38d4cc6b85195dfaf3fe9363d9,POST_IB_PRE_OB,Point,2.0,1.1640825271606445,1.036612629890442,0.0,0.0,0.12746989727020264,SUPPORTED
sha256:436b80c2e54bc585729f4ed9aba0e7507351da1428093c88f7198ece74393838,sha256:4c84fba59398bb3222f58e5042b9ffd59777c24d05060dbbb2674d9f485e789b,POST_OB_PRE_TO,Point,,,,,0.0,,ABSTAIN_NO_FINITE_OBSERVED_PAIR
sha256:436b80c2e54bc585729f4ed9aba0e7507351da1428093c88f7198ece74393838,sha256:c4e97f3b4025b2208a4d9b6f55bd72a5e23c17fd829d1e42ee69f86fc9188fb2,POST_OB_PRE_TO,Point,,,,,0.0,,ABSTAIN_NO_FINITE_OBSERVED_PAIR
sha256:44b9fd5f6319da8e1d5b28b4fa9bc1200fc154b9ef0c157dae4a8b817ba24bc7,sha256:9e2d63d3417000018ff5151e60525e791a92a90b230492978beb5b4269ce1dd3,POST_IB_PRE_OB,Point,,,,0.0,,,ABSTAIN_NO_FINITE_OBSERVED_PAIR
sha256:44b9fd5f6319da8e1d5b28b4fa9bc1200fc154b9ef0c157dae4a8b817ba24bc7,sha256:3a19f0a0801e43ef641cc7bd03129cf95287213d988a0be70a27511d24404aeb,POST_IB_PRE_OB,Point,,,,0.0,,,ABSTAIN_NO_FINITE_OBSERVED_PAIR
sha256:44b9fd5f6319da8e1d5b28b4fa9bc1200fc154b9ef0c157dae4a8b817ba24bc7,sha256:5f1a040cf2f09cf8d2c593ededfe2f21eb35dec054b5fa3d202f9df6f9881123,POST_IB_PRE_OB,Point,,,,0.0,,,ABSTAIN_NO_FINITE_OBSERVED_PAIR
sha256:44b9fd5f6319da8e1d5b28b4fa9bc1200fc154b9ef0c157dae4a8b817ba24bc7,sha256:f764025cf03d9d613c7580c083a4fd1109550f188219f932cd86be2c3a3023f9,POST_IB_PRE_OB,Point,,,,0.0,,,ABSTAIN_NO_FINITE_OBSERVED_PAIR
sha256:44f1aa2681ebb944368caf826e3a034a76e9d2e60a172fec117d6fceea3c2138,sha256:b5692c7d2b03fac9bcf32a0a6b3a5b89079f1b326b4d05392504899afd7673c5,PRE_IB,Point,117.0,1.14445960521698,1.0815861225128174,8.0,8.0,0.06287348270416258,SUPPORTED
sha256:44f1aa2681ebb944368caf826e3a034a76e9d2e60a172fec117d6fceea3c2138,sha256:4055a47b815c247063123de2932032014c03ba2f72209ccd53ab72297f333fff,POST_IB_PRE_OB,Point,64.0,1.0871034860610962,0.6696659326553345,8.0,8.0,0.4174375534057617,SUPPORTED
sha256:44f1aa2681ebb944368caf826e3a034a76e9d2e60a172fec117d6fceea3c2138,sha256:5452b66438c0817e40c6c975d4fc65a6df010a4a0ef442e282408c331332bfe1,POST_IB_PRE_OB,Point,64.0,1.0940743684768677,0.5806404948234558,8.0,8.0,0.5134338736534119,SUPPORTED
sha256:44f1aa2681ebb944368caf826e3a034a76e9d2e60a172fec117d6fceea3c2138,sha256:8f53eb1055d321c5b103e820585bdb4111317a82f61a27ffa60d851209261f5f,POST_IB_PRE_OB,Point,64.0,1.0952050685882568,0.5281394720077515,8.0,8.0,0.5670655965805054,SUPPORTED
sha256:44f1aa2681ebb944368caf826e3a034a76e9d2e60a172fec117d6fceea3c2138,sha256:3896d9b3eaf1b0b00fa667d6bfdb7115f71f731b9c87fe7aa5056b25fa5c5cdc,POST_IB_PRE_OB,Point,64.0,1.0918959379196167,0.4871504306793213,8.0,8.0,0.6047455072402954,SUPPORTED
sha256:44f1aa2681ebb944368caf826e3a034a76e9d2e60a172fec117d6fceea3c2138,sha256:79258a0a45b750b1e83fdf73b1b98a61cf4d0019128a579765d8d0eabcfcc853,POST_IB_PRE_OB,Point,64.0,1.0646483898162842,1.146874189376831,8.0,8.0,0.08222579956054689,SUPPORTED
sha256:44f1aa2681ebb944368caf826e3a034a76e9d2e60a172fec117d6fceea3c2138,sha256:d59c4c421dc6d80d996f617e3a35a65160f018b635fc05a99f6b6e797fee3fbc,POST_IB_PRE_OB,Point,64.0,0.9622790217399597,1.1037085056304932,8.0,8.0,0.14142948389053348,SUPPORTED
sha256:44f1aa2681ebb944368caf826e3a034a76e9d2e60a172fec117d6fceea3c2138,sha256:7c247ffb5c8abd6187d4c12d678504dd496b6069086a0a0e8bf1664ce2ef3630,POST_IB_PRE_OB,Point,64.0,0.9698120951652527,1.1151130199432373,8.0,8.0,0.14530092477798462,SUPPORTED
sha256:44f1aa2681ebb944368caf826e3a034a76e9d2e60a172fec117d6fceea3c2138,sha256:e999cd909b53c1b6c2c096d89756cf9eb2d9311cdadbe7613ad15a532266af5f,POST_IB_PRE_OB,Point,64.0,0.9697097539901733,1.1213117837905884,8.0,8.0,0.15160202980041504,SUPPORTED
sha256:4b1e28733ab8e4bebdbee6cb187098efe69ce2863b5785c0b4f5c113f3bc665c,sha256:3f25f5e70d97b76b88c5678f274c988816193d2e3f116db86f41cef311410eb6,PRE_IB,Point,152.0,0.8529370427131653,1.0683393478393555,132.0,0.0,121.5508621318872,SUPPORTED
sha256:4b1e28733ab8e4bebdbee6cb187098efe69ce2863b5785c0b4f5c113f3bc665c,sha256:72273506f021f6feae61414a5b40449dbb65fb8f4ea73d25e94d056a8091b5b6,PRE_IB,Point,152.0,0.7292636632919312,1.0641210079193115,132.0,0.0,119.03806532687899,SUPPORTED
sha256:4b1e28733ab8e4bebdbee6cb187098efe69ce2863b5785c0b4f5c113f3bc665c,sha256:a5484662f6b033155efbc4f1d0fd152838393efef0f6abe7986b537cde244287,PRE_IB,Point,152.0,0.7109490036964417,1.061454176902771,132.0,0.0,118.74658178864766,SUPPORTED
sha256:4b1e28733ab8e4bebdbee6cb187098efe69ce2863b5785c0b4f5c113f3bc665c,sha256:8c0f363211bde63aa58c9d30ac6588cdbb923847f8da8bdfe67c0ad9bb478bae,PRE_IB,Point,152.0,0.7052744030952454,1.0588188171386719,132.0,0.0,118.69076831930596,SUPPORTED
sha256:4b1e28733ab8e4bebdbee6cb187098efe69ce2863b5785c0b4f5c113f3bc665c,sha256:e7190fabc76a3da02ddc635d984b7e31e89c280085108a9a7aa3b9d8f98c94df,PRE_IB,Point,152.0,0.69952392578125,1.0563998222351074,132.0,0.0,118.62987792429558,SUPPORTED
sha256:4b1e28733ab8e4bebdbee6cb187098efe69ce2863b5785c0b4f5c113f3bc665c,sha256:ce70ca7a931b0167441d8436316c26bb14401e7437e33865d6179355aa1a081c,PRE_IB,Point,240.0,1.5217500925064087,0.5925729870796204,132.0,0.0,110.77956059259877,SUPPORTED
sha256:4b1e28733ab8e4bebdbee6cb187098efe69ce2863b5785c0b4f5c113f3bc665c,sha256:02291e9eb63985aad97c3ab6027c4f8ba9c44166da7eeebef78e01f52052e867,PRE_IB,Point,33.0,1.5090277194976807,0.8318875432014465,132.0,0.0,113.7686761169282,SUPPORTED
sha256:4b1e28733ab8e4bebdbee6cb187098efe69ce2863b5785c0b4f5c113f3bc665c,sha256:978c591676b24633451a324f33a122f3e8c4ed83afc7765290493783a57cad99,PRE_IB,Point,33.0,1.5132973194122314,0.8176107406616211,132.0,0.0,113.53002683064067,SUPPORTED
sha256:4b1e28733ab8e4bebdbee6cb187098efe69ce2863b5785c0b4f5c113f3bc665c,sha256:3f731f11267aefe296246d2690acbb5dc4e020ee2b424528461d66b7612b8f86,PRE_IB,Point,33.0,1.5088346004486084,0.8106146454811096,132.0,0.0,113.49769558132499,SUPPORTED
sha256:4b1e28733ab8e4bebdbee6cb187098efe69ce2863b5785c0b4f5c113f3bc665c,sha256:458af919bdf40eadcf1f35de4eb0c3c04701618aff526a809b769406e2eb4a8c,PRE_IB,Point,33.0,1.5031638145446777,0.7861437797546387,132.0,0.0,113.25971861940509,SUPPORTED
sha256:4b57944dca417714024c2cb73b578abc8e9c84656e9c472735690e42f962b4a7,sha256:2a13b0da026ed9712e18581e0a0164dc5be11602527dc21da5191ad4841491bc,POST_IB_PRE_OB,Point,170.0,0.9589390754699707,1.1275017261505127,0.0,0.0,0.16856265068054202,SUPPORTED
sha256:4b57944dca417714024c2cb73b578abc8e9c84656e9c472735690e42f962b4a7,sha256:b9936e07ba7d9f6108ef148a994fd49ee2bb11099f057daa92b080223f212f59,POST_IB_PRE_OB,Point,170.0,0.9864222407341003,1.2017813920974731,0.0,0.0,0.21535915136337283,SUPPORTED
sha256:4b57944dca417714024c2cb73b578abc8e9c84656e9c472735690e42f962b4a7,sha256:03b5222f10f06a9a047824abce3190ed7fb6a279897a1fad931e9fbc079cbd11,POST_IB_PRE_OB,Point,138.0,0.5792578458786011,0.7941620945930481,0.0,0.0,0.21490424871444705,SUPPORTED
sha256:4b57944dca417714024c2cb73b578abc8e9c84656e9c472735690e42f962b4a7,sha256:a80dc881b6eb76f5904837759d908da8ada66de4451f28824e6abb4a0acec531,POST_IB_PRE_OB,Point,138.0,0.6213141083717346,0.8987252116203308,0.0,0.0,0.2774111032485962,SUPPORTED
sha256:4b57944dca417714024c2cb73b578abc8e9c84656e9c472735690e42f962b4a7,sha256:3546817a8981bc2e81170c09e54bb91ffa842095adc2b42ec854977344f15ec5,POST_IB_PRE_OB,Point,138.0,0.6537835597991943,0.9652815461158752,0.0,0.0,0.3114979863166809,SUPPORTED
sha256:4b57944dca417714024c2cb73b578abc8e9c84656e9c472735690e42f962b4a7,sha256:714aeec36447f2e9c261c13a37f547b2cd004ae5f7ef4d1626fd39bf25399b02,POST_IB_PRE_OB,Point,138.0,0.6792191863059998,0.9789992570877075,0.0,0.0,0.29978007078170776,SUPPORTED
sha256:4b57944dca417714024c2cb73b578abc8e9c84656e9c472735690e42f962b4a7,sha256:e65e9d36842a513fed5d4596e5d054b30bc91b8cbc92fc83963e62f8dc6870e8,POST_IB_PRE_OB,Point,138.0,0.699720561504364,0.9884360432624817,0.0,0.0,0.2887154817581176,SUPPORTED
sha256:4b57944dca417714024c2cb73b578abc8e9c84656e9c472735690e42f962b4a7,sha256:c9749a3958d8837abe275d7c9ab045364c17fdc63b355cc0dbe41cae67a9e776,POST_IB_PRE_OB,Point,138.0,0.7168388366699219,0.9952080249786377,0.0,0.0,0.2783691883087158,SUPPORTED
sha256:4b57944dca417714024c2cb73b578abc8e9c84656e9c472735690e42f962b4a7,sha256:c5dcd08cfb2e95b7d8bcc593c7de8ca4eab595837fcfa9db59eed1085730df0b,POST_IB_PRE_OB,Point,138.0,0.7316669225692749,1.0003077983856201,0.0,0.0,0.26864087581634527,SUPPORTED
sha256:4b57944dca417714024c2cb73b578abc8e9c84656e9c472735690e42f962b4a7,sha256:7685853cbf7053b3278a816659c028ec5b8196e5d47c6d448896e941ede41c0b,POST_IB_PRE_OB,Point,138.0,0.7449536323547363,1.0043455362319946,0.0,0.0,0.2593919038772583,SUPPORTED
sha256:4b57944dca417714024c2cb73b578abc8e9c84656e9c472735690e42f962b4a7,sha256:0e7dbfc56da3c30ef4d37fca3bd78434245c86c10e40d7f6708db5627a899a98,POST_IB_PRE_OB,Point,138.0,0.7572044134140015,1.0076991319656372,0.0,0.0,0.2504947185516357,SUPPORTED
sha256:4b57944dca417714024c2cb73b578abc8e9c84656e9c472735690e42f962b4a7,sha256:7a26c9ca1775450acf4806cffa137f25c08979ec353a195df9339ea9abe981e4,POST_OB_PRE_TO,Point,,,,,0.0,,ABSTAIN_NO_FINITE_OBSERVED_PAIR
sha256:4b57944dca417714024c2cb73b578abc8e9c84656e9c472735690e42f962b4a7,sha256:d02004b9588d3cf7320cb851a6d9ba6dbdde51b9bedb2147a068e5445b33b949,POST_OB_PRE_TO,Point,,,,,0.0,,ABSTAIN_NO_FINITE_OBSERVED_PAIR
sha256:4cc5721218e3c92a3972961c724182e47afaa7e72e67d7fcf5b0b181c236c862,sha256:c76a8572f6b5cdc508c3e19361934a3b7a0660a9dc3f3e7a658f4b89a2cfe3ec,POST_IB_PRE_OB,Point,229.0,0.8824747800827026,0.8496092557907104,4.0,9.0,4.222118655139948,SUPPORTED
sha256:4cc5721218e3c92a3972961c724182e47afaa7e72e67d7fcf5b0b181c236c862,sha256:4bb6593d630e500edcf22de82847072604214a8af79afb63f88f7cad1844f14f,POST_IB_PRE_OB,Point,229.0,0.9124998450279236,0.9906466603279114,4.0,9.0,3.8279723050816123,SUPPORTED
sha256:4cc5721218e3c92a3972961c724182e47afaa7e72e67d7fcf5b0b181c236c862,sha256:07b14c0be0fa231e2a9f8d6aca9450c1104c04a1e605ed8e46602a660c06fc84,POST_IB_PRE_OB,Point,140.0,0.8928332924842834,0.7025213837623596,4.0,9.0,3.239353637912813,SUPPORTED
sha256:4cc5721218e3c92a3972961c724182e47afaa7e72e67d7fcf5b0b181c236c862,sha256:fd47e87705d96bcc4c675db91e919a38db155b592899e388b7f50b5c53853753,POST_IB_PRE_OB,Point,140.0,0.9110705852508545,0.8066692352294922,4.0,9.0,3.65940065783217,SUPPORTED
sha256:4cc5721218e3c92a3972961c724182e47afaa7e72e67d7fcf5b0b181c236c862,sha256:f846eb13779f35cd384cf170c664878a407bae74648cd6db145bfb91efed6e04,POST_IB_PRE_OB,Point,140.0,0.9252791404724121,0.8738667964935303,4.0,9.0,4.037387255740117,SUPPORTED
sha256:4cc5721218e3c92a3972961c724182e47afaa7e72e67d7fcf5b0b181c236c862,sha256:2debea6abdd93125d8b13e8f48e54c487c625f6e47a4413c96a94e19cd42d554,POST_IB_PRE_OB,Point,140.0,0.9365578889846802,0.918881356716156,4.0,9.0,4.423092101451098,SUPPORTED
sha256:4cc5721218e3c92a3972961c724182e47afaa7e72e67d7fcf5b0b181c236c862,sha256:34a0e3cb4b92d11d05da51741444d0d5bf15c1c0927c864048bb85c5e570cee8,POST_IB_PRE_OB,Point,140.0,0.945758581161499,0.9324970245361328,4.0,9.0,4.498255602769177,SUPPORTED
sha256:4cc5721218e3c92a3972961c724182e47afaa7e72e67d7fcf5b0b181c236c862,sha256:3917172b9743d5d6f08f1786458d2380558bc0acd1559e026d9d24aacc604e80,POST_IB_PRE_OB,Point,140.0,0.953506350517273,0.9398006796836853,4.0,9.0,4.490147253203088,SUPPORTED
sha256:4cc5721218e3c92a3972961c724182e47afaa7e72e67d7fcf5b0b181c236c862,sha256:3546c82df6e9aee339743e46c993c89dd9eeb32cb7a8245a9eb2ddf1fff0fc13,POST_IB_PRE_OB,Point,140.0,0.960247814655304,0.9452778100967407,4.0,9.0,4.467795360435443,SUPPORTED
sha256:4cc5721218e3c92a3972961c724182e47afaa7e72e67d7fcf5b0b181c236c862,sha256:b016ec40b2d58ae424c7653ba7e7791db50df08d4aa691310bff042497c03c0c,POST_IB_PRE_OB,Point,140.0,0.966293215751648,0.9495902061462402,4.0,9.0,4.43872360503449,SUPPORTED
sha256:4ceded2e20c37c4bd58c23dacbce7a3e6c6f344645cf12d5b9d53daaba772059,sha256:0fdf9f59bd18ae64cf54fea8ee8d8be105d97efa706f62b4b1b39ca550bf81fd,POST_IB_PRE_OB,Point,5.0,1.3404268026351929,1.1489343643188477,0.0,0.0,0.19149243831634524,SUPPORTED
sha256:4ceded2e20c37c4bd58c23dacbce7a3e6c6f344645cf12d5b9d53daaba772059,sha256:f98d6fd537ca649603c57a261362d57f5c3fbd3d5c84f693233707c7184a834b,POST_IB_PRE_OB,Point,5.0,1.3717522621154785,1.2260419130325317,0.0,0.0,0.14571034908294678,SUPPORTED
sha256:4ceded2e20c37c4bd58c23dacbce7a3e6c6f344645cf12d5b9d53daaba772059,sha256:8a651e52ee9bb56a9d37b7781e34bb82e95f6c3f716476d1c4463ab76563bedc,POST_IB_PRE_OB,Point,173.0,0.8574690222740173,1.0012085437774658,0.0,0.0,0.14373952150344851,SUPPORTED
sha256:4ceded2e20c37c4bd58c23dacbce7a3e6c6f344645cf12d5b9d53daaba772059,sha256:ed1bd7b5bab19f28160d5caf08fd80f23a53490303c9b5c34448ce7e0b91ef99,POST_IB_PRE_OB,Point,173.0,0.8773740530014038,1.0343139171600342,0.0,0.0,0.15693986415863037,SUPPORTED
sha256:4ceded2e20c37c4bd58c23dacbce7a3e6c6f344645cf12d5b9d53daaba772059,sha256:af9a4b97e5361299ae616e8556c030ffc55150fdde0e9878b2b25469e761fa1e,POST_IB_PRE_OB,Point,173.0,0.8928582072257996,1.0557482242584229,0.0,0.0,0.1628900170326233,SUPPORTED
sha256:4ceded2e20c37c4bd58c23dacbce7a3e6c6f344645cf12d5b9d53daaba772059,sha256:005d720144c5009e7e02d7f9eb8bdc8221985201d530af6a9e3b6ed5e8553573,POST_IB_PRE_OB,Point,173.0,0.9051291346549988,1.069866418838501,0.0,0.0,0.1647372841835022,SUPPORTED
sha256:4ceded2e20c37c4bd58c23dacbce7a3e6c6f344645cf12d5b9d53daaba772059,sha256:05c56c09417fad0eb8cc2fe19842a98f9ad24532dc3943eb85263de4e0f4dbbb,POST_IB_PRE_OB,Point,173.0,0.9151253700256348,1.0794684886932373,0.0,0.0,0.16434311866760254,SUPPORTED
sha256:4ceded2e20c37c4bd58c23dacbce7a3e6c6f344645cf12d5b9d53daaba772059,sha256:5460ae0fa2290cd9fa820abd7db04d6b87a621e6040ef9b1d42b9d419faebbdc,POST_IB_PRE_OB,Point,173.0,0.9235343337059021,1.0862758159637451,0.0,0.0,0.16274148225784302,SUPPORTED
sha256:4ceded2e20c37c4bd58c23dacbce7a3e6c6f344645cf12d5b9d53daaba772059,sha256:6b3b7755cb3ca6aa4ef2e40eaae90c39f3ffbda4ef62976d18aa0d1f3d97f246,POST_OB_PRE_TO,Point,,,,,0.0,,ABSTAIN_NO_FINITE_OBSERVED_PAIR
sha256:4dd77563fd50d7c805fc789c9974ff08e00177b1376203e49df9b84fdfaa9f47,sha256:578abe36ca9afc4d11fc96256edee63a5a1029793379e5bea02d379dc9d020e3,POST_IB_PRE_OB,Point,15.0,0.7692153453826904,0.534404456615448,0.0,16.0,12.358227743637563,SUPPORTED
sha256:4dd77563fd50d7c805fc789c9974ff08e00177b1376203e49df9b84fdfaa9f47,sha256:c906985d76330da40de4a28091e558036567312c19937b16f5d940ec8ddd1e96,POST_IB_PRE_OB,Point,157.0,0.9153878688812256,1.1880202293395996,0.0,16.0,12.09549565341419,SUPPORTED
sha256:4dd77563fd50d7c805fc789c9974ff08e00177b1376203e49df9b84fdfaa9f47,sha256:a715a76675d3377086aa7b337e8da089e271b683ab7c59c8be60a0da19231242,POST_IB_PRE_OB,Point,157.0,0.9208840727806091,1.1797107458114624,0.0,16.0,12.188825803992295,SUPPORTED
sha256:4dd77563fd50d7c805fc789c9974ff08e00177b1376203e49df9b84fdfaa9f47,sha256:5309b420b7c3840be1d709784cb16ada3015900b78be119ba38a93186664f7e8,POST_IB_PRE_OB,Point,157.0,0.9302966594696045,1.171924114227295,0.0,16.0,12.309178204672932,SUPPORTED
sha256:4dd77563fd50d7c805fc789c9974ff08e00177b1376203e49df9b84fdfaa9f47,sha256:8709d6a93a220ace64084faf7dab94bd702e5dc2fb1500920706cf51947e8161,POST_IB_PRE_OB,Point,15.0,0.40401098132133484,0.9039566516876221,0.0,16.0,10.843398764042398,SUPPORTED
sha256:4dd77563fd50d7c805fc789c9974ff08e00177b1376203e49df9b84fdfaa9f47,sha256:00fae66fee742d0fc50998ffc2d547ad82f8621b570937ef71b890da9d2985ee,POST_IB_PRE_OB,Point,15.0,0.7004638910293579,0.8200758695602417,0.0,16.0,13.352814800207803,SUPPORTED
sha256:4dd77563fd50d7c805fc789c9974ff08e00177b1376203e49df9b84fdfaa9f47,sha256:2ffd00f107e9994db9aa86249ac3a758b35270c8eb145f209a189faafeb2ac98,POST_IB_PRE_OB,Point,15.0,0.773122251033783,0.7967492341995239,0.0,16.0,14.793941282424523,SUPPORTED
sha256:4dd77563fd50d7c805fc789c9974ff08e00177b1376203e49df9b84fdfaa9f47,sha256:f8c4e90faa17fad893c36772795040df7da92b4dc5579602c197332ef2362c06,POST_IB_PRE_OB,Point,15.0,0.788000226020813,0.7747594118118286,0.0,16.0,15.092690919105518,SUPPORTED
sha256:4dd77563fd50d7c805fc789c9974ff08e00177b1376203e49df9b84fdfaa9f47,sha256:ea7f90b4932ff2e1f9672d43a13e9941513dd96f87ebc1ad2d280a2dc566df9b,POST_IB_PRE_OB,Point,15.0,0.791937530040741,0.7522075176239014,0.0,16.0,14.445138906622713,SUPPORTED
sha256:4dd77563fd50d7c805fc789c9974ff08e00177b1376203e49df9b84fdfaa9f47,sha256:3e359d50481937dabe62fddfbe0a091eb1eb258076547ff62424e30646cdcd59,POST_IB_PRE_OB,Point,15.0,0.7921626567840576,0.7273350954055786,0.0,16.0,14.027926992321987,SUPPORTED
sha256:4dd77563fd50d7c805fc789c9974ff08e00177b1376203e49df9b84fdfaa9f47,sha256:9fce800d2585d82f842b6a4bec5ea1816c3879df65fd1c9bfb2299d5e5ace647,POST_OB_PRE_TO,Point,,,,,16.0,,ABSTAIN_NO_FINITE_OBSERVED_PAIR
sha256:510abd23e23e320ff38ddd1f3853911be839643757730779fe7933a210573ab7,sha256:180e8ae5857930eaba5b45103f78fa672534662bce573f94083b3c3a2c3a25ee,PRE_IB,Point,,,,1.0,98.0,,EXCLUDED_OBSERVED_BEYOND_Q_MAX
sha256:510abd23e23e320ff38ddd1f3853911be839643757730779fe7933a210573ab7,sha256:0fa4c52e97484097efa84f4c21fc9e1ce78ad8bfd0c55c5700ad8c69976b9f3f,PRE_IB,Point,,,,1.0,98.0,,EXCLUDED_OBSERVED_BEYOND_Q_MAX
sha256:510abd23e23e320ff38ddd1f3853911be839643757730779fe7933a210573ab7,sha256:7932a545b099cdab73fc160a94dd317f5697ff9e6819c822d61bc8234b1ce9af,PRE_IB,Point,,,,1.0,98.0,,EXCLUDED_OBSERVED_BEYOND_Q_MAX
sha256:510abd23e23e320ff38ddd1f3853911be839643757730779fe7933a210573ab7,sha256:e8e9e4a6523842507656d081219df186fc23b5c574fd6ec32d10e74986cfcbcc,POST_IB_PRE_OB,Point,,,,1.0,98.0,,EXCLUDED_OBSERVED_BEYOND_Q_MAX
sha256:510abd23e23e320ff38ddd1f3853911be839643757730779fe7933a210573ab7,sha256:0cb687c40759115d68bef7311da55a688696573580947ef134079525039d479f,POST_IB_PRE_OB,Point,,,,1.0,98.0,,EXCLUDED_OBSERVED_BEYOND_Q_MAX
sha256:510abd23e23e320ff38ddd1f3853911be839643757730779fe7933a210573ab7,sha256:522d7af00fa726038988040ba9896abd34f3455e7e7372482db93e8eea304b57,POST_IB_PRE_OB,Point,,,,1.0,98.0,,EXCLUDED_OBSERVED_BEYOND_Q_MAX
sha256:510abd23e23e320ff38ddd1f3853911be839643757730779fe7933a210573ab7,sha256:b1de0721970c6ae204d390e586da9967406fa3766c9b14f592d456ba36e2a52a,POST_IB_PRE_OB,Point,,,,1.0,98.0,,EXCLUDED_OBSERVED_BEYOND_Q_MAX
sha256:510abd23e23e320ff38ddd1f3853911be839643757730779fe7933a210573ab7,sha256:5242919755634b3994b4adcc2c97b5c30d02c94adc8d3af03591fe768b0abb45,POST_IB_PRE_OB,Point,,,,1.0,98.0,,EXCLUDED_OBSERVED_BEYOND_Q_MAX
sha256:510abd23e23e320ff38ddd1f3853911be839643757730779fe7933a210573ab7,sha256:7dbefcf42795fd2a5ee6cc6f8a6de0c4090e7c15d99f6cf6d819027f34e59274,POST_IB_PRE_OB,Point,,,,1.0,98.0,,EXCLUDED_OBSERVED_BEYOND_Q_MAX
sha256:510abd23e23e320ff38ddd1f3853911be839643757730779fe7933a210573ab7,sha256:5834813e94c511b851a5a261659eba771f8e9b2e2d5df7408995e5c96ac2723a,POST_IB_PRE_OB,Point,,,,1.0,98.0,,EXCLUDED_OBSERVED_BEYOND_Q_MAX
sha256:510abd23e23e320ff38ddd1f3853911be839643757730779fe7933a210573ab7,sha256:0df61fb6d7677f5d903ae0a2b5f2c1e4ee1501d014506b14d3d1212a044b77af,POST_IB_PRE_OB,Point,,,,1.0,98.0,,EXCLUDED_OBSERVED_BEYOND_Q_MAX
sha256:510abd23e23e320ff38ddd1f3853911be839643757730779fe7933a210573ab7,sha256:d3cc4a6528f7bc847d368b1432cf96adc1bf348150ca9f269f182ccdb386d5db,POST_IB_PRE_OB,Point,,,,1.0,98.0,,EXCLUDED_OBSERVED_BEYOND_Q_MAX
sha256:5127cac22e525d592ee8cb981de5e070b24764e1585466b612ef1afa149955fb,sha256:d640078bc62202ac5e6cf162875f55628687a5fffb74d34cab8a216627c5b882,POST_IB_PRE_OB,Point,104.0,0.8439063429832458,1.1200079917907715,0.0,3.0,1.4558764468914802,SUPPORTED
sha256:5127cac22e525d592ee8cb981de5e070b24764e1585466b612ef1afa149955fb,sha256:ef7504a055dc892ecb380450b4cba5f06396d02b39dad7e41f2d373459b20fef,POST_IB_PRE_OB,Point,104.0,0.8833971619606018,1.2159755229949951,0.0,3.0,1.334844561847745,SUPPORTED
sha256:5127cac22e525d592ee8cb981de5e070b24764e1585466b612ef1afa149955fb,sha256:0c514704392df3b9ac5a48792c025e095c5ca6fe48bd4b1e41136a1426014d74,POST_IB_PRE_OB,Point,199.0,0.7508870363235474,0.46009936928749084,0.0,3.0,1.422780171217938,SUPPORTED
sha256:5127cac22e525d592ee8cb981de5e070b24764e1585466b612ef1afa149955fb,sha256:9e59b75c4c2271fbfa05454f8922e3b511a6eec6c0fd82a184edf5960ed21717,POST_IB_PRE_OB,Point,199.0,0.7762964963912964,0.555947482585907,0.0,3.0,1.5942530247368865,SUPPORTED
sha256:5127cac22e525d592ee8cb981de5e070b24764e1585466b612ef1afa149955fb,sha256:e61f0f551b2b77836c92434bfbd08cce008fdc45f213e588b0bece06947a535e,POST_OB_PRE_TO,Point,,,,,3.0,,ABSTAIN_NO_FINITE_OBSERVED_PAIR
sha256:5127cac22e525d592ee8cb981de5e070b24764e1585466b612ef1afa149955fb,sha256:5b503e5e3910dc8f0b14e1d9b66a6be4030d7f3b4f0238bb8c8efde39cabf64e,POST_OB_PRE_TO,Point,,,,,3.0,,ABSTAIN_NO_FINITE_OBSERVED_PAIR
sha256:56fd853a34b14f4f2c93241dfde7c8a8978cb393bc464515c91e4837bd3cf201,sha256:ed03351926e1fdb30c016a758ca72062d2dcbb197e4b05edb20c6e4572cd2620,POST_IB_PRE_OB,Point,130.0,0.8751016855239868,0.9504616260528564,0.0,0.0,0.07535994052886962,SUPPORTED
sha256:56fd853a34b14f4f2c93241dfde7c8a8978cb393bc464515c91e4837bd3cf201,sha256:9f1a7e4e9c78460c66260c9ee90c3f0dfffd1aa6fb7c8691d16c855f1ff97f7f,POST_IB_PRE_OB,Point,130.0,0.8636187314987183,1.0815691947937012,0.0,0.0,0.21795046329498288,SUPPORTED
sha256:56fd853a34b14f4f2c93241dfde7c8a8978cb393bc464515c91e4837bd3cf201,sha256:00ac89841de77f66ba20606317cc8b22c6edc47c8a14ba90fce6cec68e227227,POST_IB_PRE_OB,Point,130.0,0.8853822946548462,1.1210947036743164,0.0,0.0,0.23571240901947021,SUPPORTED
sha256:56fd853a34b14f4f2c93241dfde7c8a8978cb393bc464515c91e4837bd3cf201,sha256:e4928a06c8b5aeaebe3011ae32473dcd61d893360b605288047430f0ab6d1308,POST_IB_PRE_OB,Point,130.0,0.9088890552520752,1.1372307538986206,0.0,0.0,0.22834169864654544,SUPPORTED
sha256:56fd853a34b14f4f2c93241dfde7c8a8978cb393bc464515c91e4837bd3cf201,sha256:c6588c77bcbc17d124bd49e2b8f59e5ccb4f22ef507329dbda983e9c77c5d755,POST_IB_PRE_OB,Point,130.0,0.9285389184951782,1.1397944688796997,0.0,0.0,0.2112555503845215,SUPPORTED
sha256:56fd853a34b14f4f2c93241dfde7c8a8978cb393bc464515c91e4837bd3cf201,sha256:5352e892bab85b58402539f38353c1e354066a97d841bf9afaa909fd4019f63f,POST_IB_PRE_OB,Point,130.0,0.7963029146194458,0.8974227905273438,0.0,0.0,0.10111987590789795,SUPPORTED
sha256:56fd853a34b14f4f2c93241dfde7c8a8978cb393bc464515c91e4837bd3cf201,sha256:d3756087e08f6ef1c1fa855b166f6ccd7e9be09ec6e3ab893a119bf34ce9ef1c,POST_IB_PRE_OB,Point,130.0,0.8484402894973755,0.7242308259010315,0.0,0.0,0.124209463596344,SUPPORTED
sha256:56fd853a34b14f4f2c93241dfde7c8a8978cb393bc464515c91e4837bd3cf201,sha256:a4da5f8fcc72c0f43c44f70eddc73e176b09b889a1d7054987b218ffc72ffa1c,POST_IB_PRE_OB,Point,130.0,0.8503748774528503,0.5148204565048218,0.0,0.0,0.33555442094802856,SUPPORTED
sha256:56fd853a34b14f4f2c93241dfde7c8a8978cb393bc464515c91e4837bd3cf201,sha256:bdfdbb214fb9ac1b15a4a6d26acfb265302a296ec2bba68b82616952d9bf4947,POST_OB_PRE_TO,Point,,,,,0.0,,ABSTAIN_NO_FINITE_OBSERVED_PAIR
sha256:5beb1a6d99bbbd17fd51c7fbc4ef4e63ed2d7101e5ceda1492c756db1f2122c7,sha256:824a684ee6c7d9ff0f30f15d6d952f8beaf9a75ce182b757955264cd119416e9,POST_IB_PRE_OB,Point,27.0,0.86033695936203,0.8692032098770142,3.0,0.0,2.682683776767835,SUPPORTED
sha256:5beb1a6d99bbbd17fd51c7fbc4ef4e63ed2d7101e5ceda1492c756db1f2122c7,sha256:06e563a98c052818073db0f6ac64720c25af1ee8921d4d593a1c3fa95f3aa9bd,POST_IB_PRE_OB,Point,27.0,0.8886033892631531,0.998527467250824,3.0,0.0,1.9614081068962579,SUPPORTED
sha256:5beb1a6d99bbbd17fd51c7fbc4ef4e63ed2d7101e5ceda1492c756db1f2122c7,sha256:7388929e83d0af830a614b872042dffbbaf44d89af0cc2b17b56b9516dcf074f,POST_IB_PRE_OB,Point,27.0,0.910539984703064,1.0503228902816772,3.0,0.0,1.8446401076820416,SUPPORTED
sha256:5beb1a6d99bbbd17fd51c7fbc4ef4e63ed2d7101e5ceda1492c756db1f2122c7,sha256:6108bcb1e289da5415036e58091f880280e12cea07f24ec587cb28835a29d0b3,POST_IB_PRE_OB,Point,27.0,0.9275719523429871,1.0838959217071533,3.0,0.0,1.7866934964372547,SUPPORTED
sha256:5beb1a6d99bbbd17fd51c7fbc4ef4e63ed2d7101e5ceda1492c756db1f2122c7,sha256:0a103edb0ced63862268d0174922f9682796ba73a52ab8b7cfaad8d3a594dac6,POST_IB_PRE_OB,Point,27.0,0.940930962562561,1.1055686473846436,3.0,0.0,1.7590587230184451,SUPPORTED
sha256:5beb1a6d99bbbd17fd51c7fbc4ef4e63ed2d7101e5ceda1492c756db1f2122c7,sha256:d82a2059be65d2eb16b5bb58f6bfc8ea20fd0aacbed418eb2056e30f5a45a4ae,POST_IB_PRE_OB,Point,27.0,0.951619029045105,1.1198474168777466,3.0,0.0,1.7474044529301853,SUPPORTED
sha256:5beb1a6d99bbbd17fd51c7fbc4ef4e63ed2d7101e5ceda1492c756db1f2122c7,sha256:831ce0212ad5d63e618e1f513b2c14f3a777cb46585a4d364d3cc0b805b9b8ef,POST_IB_PRE_OB,Point,27.0,0.9604097008705139,1.1295909881591797,3.0,0.0,1.7443390337518083,SUPPORTED
sha256:5beb1a6d99bbbd17fd51c7fbc4ef4e63ed2d7101e5ceda1492c756db1f2122c7,sha256:57c4b26f08af409b430ca29236d5ac605ef2ed02b673107d76f974fb51fc5ce1,POST_IB_PRE_OB,Point,27.0,0.9678723812103271,1.1365413665771484,3.0,0.0,1.7459856669850193,SUPPORTED
sha256:5beb1a6d99bbbd17fd51c7fbc4ef4e63ed2d7101e5ceda1492c756db1f2122c7,sha256:f756a1db1be47ed59b68c83262b79cb758e44d1a987447fcba1474c3a1785492,POST_IB_PRE_OB,Point,27.0,0.9744148850440979,1.1417546272277832,3.0,0.0,1.7502734394990778,SUPPORTED
sha256:5beb1a6d99bbbd17fd51c7fbc4ef4e63ed2d7101e5ceda1492c756db1f2122c7,sha256:18dcb10b0b4bee7e5cabadba559a615e006bd71d8f36583871854faa461de715,POST_IB_PRE_OB,Point,27.0,0.9803212285041809,1.1458722352981567,3.0,0.0,1.756078736216186,SUPPORTED
sha256:5beb1a6d99bbbd17fd51c7fbc4ef4e63ed2d7101e5ceda1492c756db1f2122c7,sha256:3a74ec42fd981bcb56a6e01644cf32721c9143fa98379c28e265a3ca5b5d9d93,POST_IB_PRE_OB,Point,27.0,0.9857873916625977,1.1492891311645508,3.0,0.0,1.762780184722618,SUPPORTED
sha256:5beb1a6d99bbbd17fd51c7fbc4ef4e63ed2d7101e5ceda1492c756db1f2122c7,sha256:57499bf4c5f62126b1ba3070b00785020e67dd7929d0544703e173757d2358aa,POST_IB_PRE_OB,Point,27.0,0.9909467697143555,1.1522505283355713,3.0,0.0,1.770029125971504,SUPPORTED
sha256:5beb1a6d99bbbd17fd51c7fbc4ef4e63ed2d7101e5ceda1492c756db1f2122c7,sha256:09d61eab422b752d975a7f42054f9beea29e1b75d0c6e9e628a2abe571ba835c,POST_IB_PRE_OB,Point,27.0,0.9958900809288025,1.1549084186553955,3.0,0.0,1.777634954042282,SUPPORTED
sha256:61faf60db885a5f7432518ff29e228ecf3f8d4aa0f4e90860233da996e7d6fc7,sha256:a9c4f5fb201f41ce5f9ded79b79148b6523ccb22689f0c74a2fa2df3fdd900cb,POST_IB_PRE_OB,Point,83.0,1.4263890981674194,0.7891649603843689,0.0,14.0,8.663569333908722,SUPPORTED
sha256:61faf60db885a5f7432518ff29e228ecf3f8d4aa0f4e90860233da996e7d6fc7,sha256:ea35eed47c59f46b979eaf6b07b867f407665f447e87a9eb508f3c81d5baacba,POST_IB_PRE_OB,Point,238.0,1.3749297857284546,0.8420526385307312,0.0,14.0,9.070174497128573,SUPPORTED
sha256:61faf60db885a5f7432518ff29e228ecf3f8d4aa0f4e90860233da996e7d6fc7,sha256:5402dbed1f422bc777d1212fdf938b5f695bf4a883c829918581450ee5eece16,POST_IB_PRE_OB,Point,238.0,1.406989574432373,0.912717878818512,0.0,14.0,9.233167728348416,SUPPORTED
sha256:61faf60db885a5f7432518ff29e228ecf3f8d4aa0f4e90860233da996e7d6fc7,sha256:729df7c495d70163f0c9773faa6b8001e55d8191d1acf46376a6bd933ffd3978,POST_IB_PRE_OB,Point,238.0,1.4320306777954102,0.9471726417541504,0.0,14.0,9.27409513428584,SUPPORTED
sha256:61faf60db885a5f7432518ff29e228ecf3f8d4aa0f4e90860233da996e7d6fc7,sha256:9edb8e749aeb603a4e9c89126ef841f93897b1c1090106d6af02e44302788318,POST_IB_PRE_OB,Point,238.0,1.451364278793335,0.9695519208908081,0.0,14.0,9.28744116953511,SUPPORTED
sha256:61faf60db885a5f7432518ff29e228ecf3f8d4aa0f4e90860233da996e7d6fc7,sha256:6b0d84f510eb8d3229694081254ecc04b3ba37ae1a8ccdf212eb2fb333f189ca,POST_IB_PRE_OB,Point,238.0,1.4664111137390137,0.9843527674674988,0.0,14.0,9.286361339015912,SUPPORTED
sha256:61faf60db885a5f7432518ff29e228ecf3f8d4aa0f4e90860233da996e7d6fc7,sha256:d7ab75c63b75e262c7f8a0c75330c345ebab372917eb98f880e13ee4c6258eae,POST_IB_PRE_OB,Point,238.0,1.4783670902252197,0.9944620132446289,0.0,14.0,9.278265413028322,SUPPORTED
sha256:61faf60db885a5f7432518ff29e228ecf3f8d4aa0f4e90860233da996e7d6fc7,sha256:61f274eec6514a002e41ef1eace4de22eac3803b56340141fbf60d76fdb8226e,POST_IB_PRE_OB,Point,238.0,1.4881460666656494,1.0016576051712036,0.0,14.0,9.2669718321801,SUPPORTED
sha256:61faf60db885a5f7432518ff29e228ecf3f8d4aa0f4e90860233da996e7d6fc7,sha256:cee20c88693a49bc0828b6fd36262eda4a415f07ac3fdd76fd360987a09e6538,POST_OB_PRE_TO,Point,,,,,14.0,,ABSTAIN_NO_FINITE_OBSERVED_PAIR
sha256:62af01a047ac10066296e766243f1e1f3f03b4b107a166319407db7df23f4dc4,sha256:65b49b55961e2b79b48c16a9b279849d784e86ced6c28c07e5e023c0f3ced51f,POST_IB_PRE_OB,Point,246.0,0.8571215867996216,0.879654049873352,8.0,0.0,7.1733924166977685,SUPPORTED
sha256:62af01a047ac10066296e766243f1e1f3f03b4b107a166319407db7df23f4dc4,sha256:4149d7ce3518a7a9c2444f3a2a26f8145637d3b035ee9b41fbb3c08bb78e80ba,POST_IB_PRE_OB,Point,27.0,0.7364605665206909,0.6710062623023987,8.0,0.0,6.618202517214612,SUPPORTED
sha256:62af01a047ac10066296e766243f1e1f3f03b4b107a166319407db7df23f4dc4,sha256:df2cd112100bb556d7734bb79cb18455aa7d2e51ed7aa2e1f5297c16465b1128,POST_IB_PRE_OB,Point,27.0,0.7730247974395752,0.49513769149780273,8.0,0.0,5.295876477165156,SUPPORTED
sha256:62af01a047ac10066296e766243f1e1f3f03b4b107a166319407db7df23f4dc4,sha256:7ee6cba30e5a9d612aa318053241726a9716d524bb18c3fd9bfc43e67d8831bf,POST_IB_PRE_OB,Point,116.0,0.9370712041854858,0.4716032147407532,8.0,0.0,4.606067043412895,SUPPORTED
sha256:62af01a047ac10066296e766243f1e1f3f03b4b107a166319407db7df23f4dc4,sha256:1b3787d0ec2d26563ec68361490a701aed96db6a58b6a95873ab45a145ba4670,POST_IB_PRE_OB,Point,246.0,0.790664792060852,0.9302422404289246,8.0,0.0,6.026173003455003,SUPPORTED
sha256:62af01a047ac10066296e766243f1e1f3f03b4b107a166319407db7df23f4dc4,sha256:917bda7118fef6d1dfb7012ca2a7ebe935e3b28793f5b3d07c6c3b0af5d03e4b,POST_IB_PRE_OB,Point,246.0,0.7887361645698547,0.8699324727058411,8.0,0.0,6.469277619010645,SUPPORTED
sha256:62af01a047ac10066296e766243f1e1f3f03b4b107a166319407db7df23f4dc4,sha256:bcff8938c74cde4e35734e690a8082f87965f2f9b3c563c5ee5b086b5edb79d4,POST_IB_PRE_OB,Point,246.0,0.7851613759994507,0.817845344543457,8.0,0.0,7.009997802895814,SUPPORTED
sha256:62af01a047ac10066296e766243f1e1f3f03b4b107a166319407db7df23f4dc4,sha256:bc320a2576aef01dfad46dc41b101a1ba55c8279cc0d30a7193150e483f6fad7,POST_IB_PRE_OB,Point,246.0,0.7811633348464966,0.7698758244514465,8.0,0.0,7.4102880656019625,SUPPORTED
sha256:62af01a047ac10066296e766243f1e1f3f03b4b107a166319407db7df23f4dc4,sha256:d6425d54583550316c2fc750d191ac88b8781262d82e30cca23ecb4ce07e966b,POST_IB_PRE_OB,Point,246.0,0.7773684859275818,0.7240297198295593,8.0,0.0,6.746877700801121,SUPPORTED
sha256:62af01a047ac10066296e766243f1e1f3f03b4b107a166319407db7df23f4dc4,sha256:7f2b4159c394c6c364719349a4b9cf127ef80db8e310e0d069e74d1710fa3b06,POST_IB_PRE_OB,Point,246.0,0.774067759513855,0.6793080568313599,8.0,0.0,6.353406640882609,SUPPORTED
sha256:62af01a047ac10066296e766243f1e1f3f03b4b107a166319407db7df23f4dc4,sha256:f2fe8e78c2c8ad1bbec152534da4b4c32204a841584a3503de6b27cf061893b9,POST_IB_PRE_OB,Point,246.0,0.7713775634765625,0.6351924538612366,8.0,0.0,6.048621096778731,SUPPORTED
sha256:63332b181b4f85d57c3f1f8aa629d80c9386423705d6bac0512a19938277ed18,sha256:8a349dfa1025b2e4eb49126eff5ccf5188f456dcce8a27d805819e8aa5951b3e,POST_IB_PRE_OB,Point,21.0,1.3404691219329834,0.38124513626098633,0.0,3.0,0.5664835257983029,SUPPORTED
sha256:63332b181b4f85d57c3f1f8aa629d80c9386423705d6bac0512a19938277ed18,sha256:ad7c8a79a1421499cda9e8bfac963fd9896ed6c0569e22a1eeaaef83246c32d9,POST_IB_PRE_OB,Point,96.0,1.0740879774093628,0.6666361689567566,0.0,3.0,1.1962481313954074,SUPPORTED
sha256:63332b181b4f85d57c3f1f8aa629d80c9386423705d6bac0512a19938277ed18,sha256:e8eac0d6c4a4187d793814971ab760dd82318c15d2250891aafeb93f210b2674,POST_IB_PRE_OB,Point,96.0,1.0623706579208374,0.48758432269096375,0.0,3.0,0.9484893179908706,SUPPORTED
sha256:63332b181b4f85d57c3f1f8aa629d80c9386423705d6bac0512a19938277ed18,sha256:5841be4acbdd690930c6eb6bf80ff7e1a0577520b363a11993f2537ed042fc01,POST_IB_PRE_OB,Point,87.0,0.9604610204696655,0.8194077014923096,0.0,3.0,1.8400383967999536,SUPPORTED
sha256:63332b181b4f85d57c3f1f8aa629d80c9386423705d6bac0512a19938277ed18,sha256:195f7cb32b909e41530e6694c0c29c6991f32db6305b0a31985dfa03d8f28aee,POST_IB_PRE_OB,Point,87.0,0.9543275237083435,0.7344244122505188,0.0,3.0,1.5954532545850753,SUPPORTED
sha256:63332b181b4f85d57c3f1f8aa629d80c9386423705d6bac0512a19938277ed18,sha256:9537bcb27df75b18e73ef3faa813b78ea5e44691f6d345fc9a6acb4d468afbed,POST_IB_PRE_OB,Point,87.0,0.9487349987030029,0.66611248254776,0.0,3.0,1.4410280456316926,SUPPORTED
sha256:63332b181b4f85d57c3f1f8aa629d80c9386423705d6bac0512a19938277ed18,sha256:201b851bdb3d3921dbcbe2404a51352e0880d9a7f2e44fb66714a78996174421,POST_IB_PRE_OB,Point,87.0,0.9436248540878296,0.60798579454422,0.0,3.0,1.3287338015597367,SUPPORTED
sha256:63332b181b4f85d57c3f1f8aa629d80c9386423705d6bac0512a19938277ed18,sha256:1de2757d6dc6cabe1eca72db25d3f6b8fe63ba8b5ea9558a2fea7935cae70938,POST_IB_PRE_OB,Point,87.0,0.9390430450439453,0.555942952632904,0.0,3.0,1.2389916275864432,SUPPORTED
sha256:63332b181b4f85d57c3f1f8aa629d80c9386423705d6bac0512a19938277ed18,sha256:92d9cdb256094e9f3068899ee1ece487a283fa0c90962a9230d1e59bbbd28f9a,POST_IB_PRE_OB,Point,87.0,0.9350190162658691,0.5074134469032288,0.0,3.0,1.1623755959710456,SUPPORTED
sha256:63332b181b4f85d57c3f1f8aa629d80c9386423705d6bac0512a19938277ed18,sha256:762410617b38419f637d30b722d4e4f26402cfb132da51ad7e7c0e2065ddcd1c,POST_IB_PRE_OB,Point,87.0,0.9315560460090637,0.46082279086112976,0.0,3.0,1.0940130230265324,SUPPORTED
sha256:63332b181b4f85d57c3f1f8aa629d80c9386423705d6bac0512a19938277ed18,sha256:ac9189caa3bea6145e8fd3e6d601476b6356e5a5da41a74d9486c959dea73c6c,POST_IB_PRE_OB,Point,96.0,1.0179649591445923,0.8796854615211487,0.0,3.0,1.8501203570350908,SUPPORTED
sha256:63332b181b4f85d57c3f1f8aa629d80c9386423705d6bac0512a19938277ed18,sha256:0ffd3ad4bdea35f0c60977d3386d25f1aea7533a2a3a774be93d246d5f0e4240,POST_OB_PRE_TO,Point,,,,,3.0,,ABSTAIN_NO_FINITE_OBSERVED_PAIR
sha256:63a73f9efff44891959717f3e7a601c46a19896544d7816d7d7608b43d12d6ba,sha256:cb67a9691fc6aa29f452667db77a3f9312cad6baf10e9afafb24545826bd6076,PRE_IB,Point,85.0,0.779120147228241,0.8675808310508728,80.0,5.0,69.93693613794407,SUPPORTED
sha256:63a73f9efff44891959717f3e7a601c46a19896544d7816d7d7608b43d12d6ba,sha256:622ceb3ccd712f7ff0b8d5e97330a0398e48efa4077d72eb4420f7320cb803b8,PRE_IB,Point,4.0,1.0421565771102905,1.2102330923080444,80.0,5.0,68.0671642808911,SUPPORTED
sha256:63a73f9efff44891959717f3e7a601c46a19896544d7816d7d7608b43d12d6ba,sha256:eff293f801172b1d8fc8b339641739624ad056a77f80c0d0040ab7064e13421e,PRE_IB,Point,4.0,1.0442867279052734,1.2160009145736694,80.0,5.0,67.99437094557155,SUPPORTED
sha256:63a73f9efff44891959717f3e7a601c46a19896544d7816d7d7608b43d12d6ba,sha256:5d6fc5975dee7dff17fd525018f9bc263f37aabd5f0245a466eaa992390280ba,PRE_IB,Point,4.0,1.0530774593353271,1.2224688529968262,80.0,5.0,68.04075771683047,SUPPORTED
sha256:63a73f9efff44891959717f3e7a601c46a19896544d7816d7d7608b43d12d6ba,sha256:52e2ba6a5e3ebf442c7bbed8a256075568b9bb2d68fda97ba74b65b77a3d3312,PRE_IB,Point,85.0,0.6793433427810669,0.8626048564910889,80.0,5.0,67.76851579231091,SUPPORTED
sha256:63a73f9efff44891959717f3e7a601c46a19896544d7816d7d7608b43d12d6ba,sha256:f103dabc6d8060f616b100d363e278972a41b04aa6c30bc9a9a1732466c64e1b,PRE_IB,Point,85.0,0.6893893480300903,0.8610943555831909,80.0,5.0,67.9945536042504,SUPPORTED
sha256:63a73f9efff44891959717f3e7a601c46a19896544d7816d7d7608b43d12d6ba,sha256:5f857a087c80cdddf43f935cd7138847f777855c7bdc7b721f684172b64e7d67,PRE_IB,Point,85.0,0.6951072216033936,0.8579134345054626,80.0,5.0,68.17411077880132,SUPPORTED
sha256:651d1c25c6869ad0047b73cebaf29447014385404c2a6300ab266c3af01b5b5b,sha256:94f00dda7c24e73e8a10012a8355644f362e3665b1930d8a29058c5e0f93289f,PRE_IB,Point,245.0,0.8133320212364197,1.3215303421020508,0.0,0.0,0.5081983208656311,SUPPORTED
sha256:651d1c25c6869ad0047b73cebaf29447014385404c2a6300ab266c3af01b5b5b,sha256:3be4bc8e69357a4cdd214f28a4a5a461dd42c2c11b63e645a005f810f59f7ac1,POST_IB_PRE_OB,Point,245.0,1.230438470840454,1.0034112930297852,0.0,0.0,0.22702717781066895,SUPPORTED
sha256:651d1c25c6869ad0047b73cebaf29447014385404c2a6300ab266c3af01b5b5b,sha256:342c69b9d540a59839861de0c6ee6b116e904744d8772b01bf493c8038ba8729,POST_IB_PRE_OB,Point,245.0,1.255221962928772,1.0557923316955566,0.0,0.0,0.1994296312332153,SUPPORTED
sha256:651d1c25c6869ad0047b73cebaf29447014385404c2a6300ab266c3af01b5b5b,sha256:8975ee3dca84978a4acd038a06b41314fee9d60cac413d992593a8f4b73cf00a,POST_IB_PRE_OB,Point,245.0,1.2737503051757812,1.0893975496292114,0.0,0.0,0.18435275554656982,SUPPORTED
sha256:651d1c25c6869ad0047b73cebaf29447014385404c2a6300ab266c3af01b5b5b,sha256:f7bb994628a4156f158f78c3131122effb669ddf537406c59440d52a0981ef72,POST_IB_PRE_OB,Point,245.0,1.2878025770187378,1.1107814311981201,0.0,0.0,0.17702114582061768,SUPPORTED
sha256:651d1c25c6869ad0047b73cebaf29447014385404c2a6300ab266c3af01b5b5b,sha256:4c669ffae50b4c810405b0753842ac1a46440f3e5adcb1b6783eeeb72d0d9e5f,POST_IB_PRE_OB,Point,245.0,1.2987477779388428,1.1247029304504395,0.0,0.0,0.17404484748840332,SUPPORTED
sha256:651d1c25c6869ad0047b73cebaf29447014385404c2a6300ab266c3af01b5b5b,sha256:f454da2474a966870aa5974abb63aabb6d619d999128cb6559620292d09e4ca4,POST_IB_PRE_OB,Point,245.0,1.3075376749038696,1.1341286897659302,0.0,0.0,0.17340898513793945,SUPPORTED
sha256:651d1c25c6869ad0047b73cebaf29447014385404c2a6300ab266c3af01b5b5b,sha256:2444c484f0f941b313ad6087c2c645e84b0f28fdffced362753795a4470ede8b,POST_IB_PRE_OB,Point,245.0,1.3148300647735596,1.140823483467102,0.0,0.0,0.17400658130645752,SUPPORTED
sha256:651d1c25c6869ad0047b73cebaf29447014385404c2a6300ab266c3af01b5b5b,sha256:430071a80c94241b5c6fcf4ec6e4db5c645dad0ee1d0e73cef0984265604bda9,POST_IB_PRE_OB,Point,245.0,1.3210809230804443,1.145833134651184,0.0,0.0,0.17524778842926025,SUPPORTED
sha256:651d1c25c6869ad0047b73cebaf29447014385404c2a6300ab266c3af01b5b5b,sha256:2655e2d6333d148d4027d3b5d0bf7c0be79387fe199f6db18b718c4383f7c9bb,POST_IB_PRE_OB,Point,245.0,1.3266074657440186,1.149785041809082,0.0,0.0,0.17682242393493652,SUPPORTED
sha256:651d1c25c6869ad0047b73cebaf29447014385404c2a6300ab266c3af01b5b5b,sha256:2fbe7ddeb6c9f361a8407f54184aefa6214c9c97a05883bc5dfbab56a2ad038c,POST_IB_PRE_OB,Point,245.0,1.331627607345581,1.1530616283416748,0.0,0.0,0.17856597900390625,SUPPORTED
sha256:651d1c25c6869ad0047b73cebaf29447014385404c2a6300ab266c3af01b5b5b,sha256:0c4d7ccdea18c4f27702f6ba2b07372645a9de12a9da12b12953b01f13c8a49c,POST_IB_PRE_OB,Point,245.0,1.336291790008545,1.155897855758667,0.0,0.0,0.18039393424987793,SUPPORTED
sha256:651d1c25c6869ad0047b73cebaf29447014385404c2a6300ab266c3af01b5b5b,sha256:68b2aaf6722ed1d8a32667c2da87e60d6d7e66681cb816e1c8bd742d7f4b452c,POST_IB_PRE_OB,Point,245.0,1.3407032489776611,1.1584415435791016,0.0,0.0,0.18226170539855954,SUPPORTED
sha256:651d1c25c6869ad0047b73cebaf29447014385404c2a6300ab266c3af01b5b5b,sha256:5e10d8c0efa82ff248038d3d68d790eed299ca4f7a810b2bb894d417f2e25096,POST_OB_PRE_TO,Point,,,,,0.0,,ABSTAIN_NO_FINITE_OBSERVED_PAIR
sha256:6710bf2d94fd133a2e3198a219550df6575c6c9ad17177fc29515fa62236c8a5,sha256:d327910e9cebf6bd06162ff00d5f4b84121a852e7b6d84288df266a36b48bd38,PRE_IB,Point,49.0,0.9123915433883667,0.7355493903160095,0.0,0.0,0.17684215307235718,SUPPORTED
sha256:6710bf2d94fd133a2e3198a219550df6575c6c9ad17177fc29515fa62236c8a5,sha256:d6896bbde2b40442d270bdcd79e13841acc9907cf0cf3f485ef839727ca1bd8d,PRE_IB,Point,171.0,0.9285122156143188,0.7560341358184814,0.0,0.0,0.1724780797958374,SUPPORTED
sha256:6710bf2d94fd133a2e3198a219550df6575c6c9ad17177fc29515fa62236c8a5,sha256:65f907cfac907d543ed2b44c5d2a9ee65732b21b452be445cc4ca6e1c71f2e2a,PRE_IB,Point,171.0,0.9641361832618713,0.7897051572799683,0.0,0.0,0.17443102598190308,SUPPORTED
sha256:6710bf2d94fd133a2e3198a219550df6575c6c9ad17177fc29515fa62236c8a5,sha256:0aab45afc1b5d5fc7a603fc86e89f28ab4c051f85bbbfa40f2ef4df3ba6e5d6c,POST_IB_PRE_OB,Point,90.0,0.5586970448493958,0.8829997181892395,0.0,0.0,0.3243026733398437,SUPPORTED
sha256:6710bf2d94fd133a2e3198a219550df6575c6c9ad17177fc29515fa62236c8a5,sha256:a63132ea28c1da14113629131a1f9dbf016f5fa8f4a1696247268c7cee9a3228,POST_IB_PRE_OB,Point,90.0,0.6083240509033203,0.9165239334106445,0.0,0.0,0.3081998825073242,SUPPORTED
sha256:6710bf2d94fd133a2e3198a219550df6575c6c9ad17177fc29515fa62236c8a5,sha256:e96ac5dba5dfb2e70d3fb6966b8a9564d5fb750415d673cc10d328f942a10bf9,POST_IB_PRE_OB,Point,90.0,0.6423301100730896,0.937595784664154,0.0,0.0,0.2952656745910645,SUPPORTED
sha256:6710bf2d94fd133a2e3198a219550df6575c6c9ad17177fc29515fa62236c8a5,sha256:99430473876966207e00204533c391a3a80dba53d6248f9fe38edece24961601,POST_IB_PRE_OB,Point,90.0,0.667690098285675,0.9513044953346252,0.0,0.0,0.28361439704895014,SUPPORTED
sha256:6710bf2d94fd133a2e3198a219550df6575c6c9ad17177fc29515fa62236c8a5,sha256:14f1c279bb8752a6e980527e746d35ad4680f2ec7233e659b26c3e726bd2bd56,POST_IB_PRE_OB,Point,90.0,0.6878920197486877,0.9607294201850891,0.0,0.0,0.27283740043640137,SUPPORTED
sha256:6710bf2d94fd133a2e3198a219550df6575c6c9ad17177fc29515fa62236c8a5,sha256:83b3d5a89756a7426e5bfa3a7c9dd4260f80cda13559d91c9ac797841d162345,POST_OB_PRE_TO,Point,,,,,0.0,,ABSTAIN_NO_FINITE_OBSERVED_PAIR
sha256:6c8e828f71a05c5c7ac186aeccf4963d88fd55d5ddd5ffa500dece610782031d,sha256:df452ff6e77f579b0f5fc0306f393896f08a2add830eeb2f07be1239914f8e11,PRE_IB,Point,52.0,1.3555885553359985,0.0,0.0,0.0,1.3555885553359985,SUPPORTED
sha256:6c8e828f71a05c5c7ac186aeccf4963d88fd55d5ddd5ffa500dece610782031d,sha256:39fd64a904b914d7dc6b859f80719bdac016772e8a5cb8729ab031693d5423f0,PRE_IB,Point,108.0,1.351093053817749,0.0,0.0,0.0,1.3510930538177488,SUPPORTED
sha256:6c8e828f71a05c5c7ac186aeccf4963d88fd55d5ddd5ffa500dece610782031d,sha256:4277dfd30113731278cd5e37308ae93c9f42e39661480715126910d1e915994e,PRE_IB,Point,108.0,1.3412562608718872,0.0,0.0,0.0,1.3412562608718872,SUPPORTED
sha256:6c8e828f71a05c5c7ac186aeccf4963d88fd55d5ddd5ffa500dece610782031d,sha256:7b50b32f5b1ef061637528dd86f18dd78b8a4ab05b43f30155e718f40003da2c,PRE_IB,Point,108.0,1.3363027572631836,0.0,0.0,0.0,1.3363027572631836,SUPPORTED
sha256:6c8e828f71a05c5c7ac186aeccf4963d88fd55d5ddd5ffa500dece610782031d,sha256:9ec1a66b22ed4900496ad4bc2f36182392cd666a40eb4d8f090a897f5988cf2d,PRE_IB,Point,108.0,1.1498407125473022,0.0,0.0,0.0,1.1498407125473025,SUPPORTED
sha256:6c8e828f71a05c5c7ac186aeccf4963d88fd55d5ddd5ffa500dece610782031d,sha256:71bd0ec51928caca05d6e708d6eaa7f91c99536ee37641c109c8fe6ae6998384,POST_IB_PRE_OB,Point,103.0,0.866703450679779,1.0376718044281006,0.0,0.0,0.17096835374832153,SUPPORTED
sha256:6c8e828f71a05c5c7ac186aeccf4963d88fd55d5ddd5ffa500dece610782031d,sha256:59c367511161b412368a8fb6fcdfae120d8e5334ada6280ae07d8effc5d51e1e,POST_IB_PRE_OB,Point,103.0,0.8901053667068481,1.038608193397522,0.0,0.0,0.14850282669067383,SUPPORTED
sha256:6c8e828f71a05c5c7ac186aeccf4963d88fd55d5ddd5ffa500dece610782031d,sha256:d94a245e42a4420d44c4cb4c50706bb8cd589ca0400af8eb56b98578d2011796,POST_IB_PRE_OB,Point,103.0,0.8985997438430786,1.0386414527893066,0.0,0.0,0.14004170894622803,SUPPORTED
sha256:6c8e828f71a05c5c7ac186aeccf4963d88fd55d5ddd5ffa500dece610782031d,sha256:8b979751840a64e9f8956dd3cb3ac1fdf524fc101364c1a36c669319b30ce925,POST_IB_PRE_OB,Point,103.0,0.9007917642593384,1.0363380908966064,0.0,0.0,0.13554632663726807,SUPPORTED
sha256:6c8e828f71a05c5c7ac186aeccf4963d88fd55d5ddd5ffa500dece610782031d,sha256:dfe6a222f1c63ae9a433b42d0836e23e39ef26c7ff20dad14efea817e0db6dda,POST_IB_PRE_OB,Point,103.0,0.9005255699157715,1.032049298286438,0.0,0.0,0.1315237283706665,SUPPORTED
sha256:6c8e828f71a05c5c7ac186aeccf4963d88fd55d5ddd5ffa500dece610782031d,sha256:b9e75975ab6d8e8a1ff075031ac2d1e1c18696880dd3e6f802bb0b5b013a1220,POST_IB_PRE_OB,Point,103.0,0.8993887901306152,1.0262590646743774,0.0,0.0,0.1268702745437622,SUPPORTED
sha256:6c8e828f71a05c5c7ac186aeccf4963d88fd55d5ddd5ffa500dece610782031d,sha256:e29ddc0d441eb2093fb532acb7a27b8145e381727e00a8f7dc95014ca9d2e5fd,POST_IB_PRE_OB,Point,103.0,0.8980118632316589,1.0192842483520508,0.0,0.0,0.12127238512039183,SUPPORTED
sha256:6c8e828f71a05c5c7ac186aeccf4963d88fd55d5ddd5ffa500dece610782031d,sha256:c77f9845c10d9df06fac7774923fbc939a0cc33e104674d9159886dfad9f4ccd,POST_IB_PRE_OB,Point,103.0,0.8966430425643921,1.0113087892532349,0.0,0.0,0.11466574668884279,SUPPORTED
sha256:6c8e828f71a05c5c7ac186aeccf4963d88fd55d5ddd5ffa500dece610782031d,sha256:5eac78fefffe9336f050cd7c994bb2d4095d4f3700ef25eefe3bf655e6876103,POST_OB_PRE_TO,Point,,,,,0.0,,ABSTAIN_NO_FINITE_OBSERVED_PAIR
sha256:6d39926190538294f7153287c797b64afa70e4405610e6997c682a34d71f1f39,sha256:0a11e0a6f4d4e1ac362ea0efd72c73b6d0c1b334be3157635ed124d06d8d857a,PRE_IB,Point,72.0,0.43951138854026794,1.435559630393982,7.0,7.0,0.9960482418537141,SUPPORTED
sha256:6d39926190538294f7153287c797b64afa70e4405610e6997c682a34d71f1f39,sha256:71f441fe490c3a21d190fa45f50ea9b91e4e5d821910ff619d63378958e379f7,PRE_IB,Point,72.0,0.4970380961894989,1.4890644550323486,7.0,7.0,0.9920263588428497,SUPPORTED
sha256:6d39926190538294f7153287c797b64afa70e4405610e6997c682a34d71f1f39,sha256:6a7be8ad25cc021c1aeabccb2a18ac9ab51c6ad249d0a7af0ab6f89f26eec8ee,PRE_IB,Point,72.0,0.5569387078285217,1.5233519077301025,7.0,7.0,0.9664131999015807,SUPPORTED
sha256:6d39926190538294f7153287c797b64afa70e4405610e6997c682a34d71f1f39,sha256:f346337b67d5ab50fc3b8b0769202b5bd8976e9e31c65887031c608af796257d,POST_IB_PRE_OB,Point,129.0,0.670223593711853,0.921363890171051,7.0,7.0,0.251140296459198,SUPPORTED
sha256:6d39926190538294f7153287c797b64afa70e4405610e6997c682a34d71f1f39,sha256:5632bb9f9e2db564e5957e96ec5461078d852396b67969e2bd33bae6e1c917ea,POST_IB_PRE_OB,Point,129.0,0.7075521945953369,0.9547750949859619,7.0,7.0,0.24722290039062497,SUPPORTED
sha256:6d39926190538294f7153287c797b64afa70e4405610e6997c682a34d71f1f39,sha256:da0ad53d5664c982bdba3d05b1ac3fc9f2c125b33591cac7788aec7de71ce68a,POST_IB_PRE_OB,Point,129.0,0.7264747023582458,0.9757164716720581,7.0,7.0,0.24924176931381226,SUPPORTED
sha256:6d39926190538294f7153287c797b64afa70e4405610e6997c682a34d71f1f39,sha256:bcb84b3e8aa77134c35920bd0ef8bcd93d4e774a743e3f5630b87d097b54d689,POST_IB_PRE_OB,Point,129.0,0.7406500577926636,0.9892902970314026,7.0,7.0,0.248640239238739,SUPPORTED
sha256:6d39926190538294f7153287c797b64afa70e4405610e6997c682a34d71f1f39,sha256:553bcdfe847dcdfcd3e21de53b38989f6f0f5684671e11a518fa12714cdf2490,POST_IB_PRE_OB,Point,129.0,0.7519513368606567,0.9985816478729248,7.0,7.0,0.24663031101226807,SUPPORTED
sha256:6d5af9abdb6bc0b322b30d9cad06d7471821fff96df8c14ffca52fe4ac05164c,sha256:2406584854a929167ff49997079741cdb52a4b45de00fd06af4407334abc61cc,POST_IB_PRE_OB,Point,150.0,0.8649688363075256,0.0,1.0,3.0,0.23442693577444257,SUPPORTED
sha256:6d5af9abdb6bc0b322b30d9cad06d7471821fff96df8c14ffca52fe4ac05164c,sha256:0b6a56a856583a51e84ce5cb8c8e6dd350ecb9869920db5d52fcf4de72491d4f,POST_IB_PRE_OB,Point,43.0,1.4938631057739258,0.5455887913703918,1.0,3.0,0.19396958993525693,SUPPORTED
sha256:6d5af9abdb6bc0b322b30d9cad06d7471821fff96df8c14ffca52fe4ac05164c,sha256:2f4ada806fcda16ce0869ccae883bcf9d4cbdba392d3dfd870f688b95a1843b3,POST_IB_PRE_OB,Point,43.0,1.486708641052246,0.4272535741329193,1.0,3.0,0.14815973058626877,SUPPORTED
sha256:6d5af9abdb6bc0b322b30d9cad06d7471821fff96df8c14ffca52fe4ac05164c,sha256:b0139672f454a279fe6e218ac7cb171c7139f4eb83fcc64ae13eb10d7e458b9b,POST_IB_PRE_OB,Point,139.0,0.898681640625,0.0,1.0,3.0,0.21736608198592045,SUPPORTED
sha256:6d5af9abdb6bc0b322b30d9cad06d7471821fff96df8c14ffca52fe4ac05164c,sha256:c365ef09b050ead87f388309dbbfd611e460a5ca094e16d8b65965dccb2e0f45,POST_IB_PRE_OB,Point,139.0,0.899100124835968,0.0,1.0,3.0,0.21716034201314263,SUPPORTED
sha256:6d5af9abdb6bc0b322b30d9cad06d7471821fff96df8c14ffca52fe4ac05164c,sha256:38776953895d7a5330df63872fa4c05e4f612036617cb5f4ed066b5ce6674a8c,POST_IB_PRE_OB,Point,139.0,0.8986742496490479,0.0,1.0,3.0,0.2173697169276372,SUPPORTED
sha256:6d5af9abdb6bc0b322b30d9cad06d7471821fff96df8c14ffca52fe4ac05164c,sha256:2a4cc54adf8b04192ac64c055da338f33f61f0159f1943772e2b0e0cfa23cfc9,POST_IB_PRE_OB,Point,139.0,0.897569477558136,0.0,1.0,3.0,0.21791356299278128,SUPPORTED
sha256:6d5af9abdb6bc0b322b30d9cad06d7471821fff96df8c14ffca52fe4ac05164c,sha256:355d60c8899e6bb9a4d5e474ea6e7a2c01bb31786595d7682c3b67184dcc71ff,POST_IB_PRE_OB,Point,43.0,1.46782386302948,0.8795446753501892,1.0,3.0,0.41889367527391713,SUPPORTED
sha256:6eda9cdf75c1e5fb3b598b18b05d588ec3b00281457bdea1a2ea3e120aef1c48,sha256:76c5716599b9dac0a51e395da168ab5bcc1f195b61b5fc3b50691becdb45f12c,POST_IB_PRE_OB,Point,238.0,1.2120072841644287,1.2357343435287476,15.0,18.0,2.4901310395404948,SUPPORTED
sha256:6eda9cdf75c1e5fb3b598b18b05d588ec3b00281457bdea1a2ea3e120aef1c48,sha256:faa9e8bf04196c6fcb40c03c2114641b9fc4c8c170eb42ef6d28bcc05f0c09f5,POST_IB_PRE_OB,Point,95.0,0.880997359752655,0.4523865282535553,15.0,18.0,1.1607197454922789,SUPPORTED
sha256:6eda9cdf75c1e5fb3b598b18b05d588ec3b00281457bdea1a2ea3e120aef1c48,sha256:7b70b4ef32d68ce4caf6f744f540e0e93b6e5e9d375aacb81bad514d5d9b6834,POST_IB_PRE_OB,Point,95.0,0.9006394743919373,0.6167951822280884,15.0,18.0,1.4382735116284107,SUPPORTED
sha256:6eda9cdf75c1e5fb3b598b18b05d588ec3b00281457bdea1a2ea3e120aef1c48,sha256:b332cd939ee89d87d841f27375cb697c55c6724dd7215c05b821e78a0c76ca9a,POST_IB_PRE_OB,Point,95.0,0.9159930944442749,0.7174362540245056,15.0,18.0,1.6549629543742097,SUPPORTED
sha256:6eda9cdf75c1e5fb3b598b18b05d588ec3b00281457bdea1a2ea3e120aef1c48,sha256:6c7edd7fc7b3f886961b7cc8b88f8d10697150a973abb58b0e9fc64bc5adc4e1,POST_IB_PRE_OB,Point,95.0,0.9282087683677673,0.7820591330528259,15.0,18.0,1.821840145890624,SUPPORTED
sha256:6eda9cdf75c1e5fb3b598b18b05d588ec3b00281457bdea1a2ea3e120aef1c48,sha256:68dcd6382631df862e4d39dfc0dc2147c794095a6b57f105c7bc7ef57848b417,POST_IB_PRE_OB,Point,95.0,0.9381467700004578,0.8254956603050232,15.0,18.0,1.949976040578867,SUPPORTED
sha256:6eda9cdf75c1e5fb3b598b18b05d588ec3b00281457bdea1a2ea3e120aef1c48,sha256:2accee4c33cc07e30a3cfe95796d8e9478236eab55f1c114cde340d719cc0c37,POST_IB_PRE_OB,Point,95.0,0.9464629292488098,0.856094479560852,15.0,18.0,2.0490128926107922,SUPPORTED
sha256:6eda9cdf75c1e5fb3b598b18b05d588ec3b00281457bdea1a2ea3e120aef1c48,sha256:513b48acbf148115088ca6c2f78010a0da02a3a9ef7d238144703ca18a610fcd,POST_IB_PRE_OB,Point,95.0,0.9536426067352295,0.8787320852279663,15.0,18.0,2.1267933040245515,SUPPORTED
sha256:6eda9cdf75c1e5fb3b598b18b05d588ec3b00281457bdea1a2ea3e120aef1c48,sha256:0fb0af9c941b2432f98155f1342631b0405694ebdd781a83dcccea4f7932c87d,POST_IB_PRE_OB,Point,95.0,0.9600352048873901,0.8963509798049927,15.0,18.0,2.1894927695140134,SUPPORTED
sha256:6eda9cdf75c1e5fb3b598b18b05d588ec3b00281457bdea1a2ea3e120aef1c48,sha256:86d9e83c2d10074d38a8594aace3e26ae4cc0070dd53268ad9f500688abef45a,POST_IB_PRE_OB,Point,95.0,0.9658850431442261,0.910760223865509,15.0,18.0,2.2417996497772403,SUPPORTED
sha256:6eda9cdf75c1e5fb3b598b18b05d588ec3b00281457bdea1a2ea3e120aef1c48,sha256:fce0b95b6188bd9b1ea7c8b8661875d335ca352d0c6ae2c12ce362df92da392f,POST_IB_PRE_OB,Point,95.0,0.9713605046272278,0.9230924844741821,15.0,18.0,2.2872054459605238,SUPPORTED
sha256:6eda9cdf75c1e5fb3b598b18b05d588ec3b00281457bdea1a2ea3e120aef1c48,sha256:87aed5a44c16b0bc5a99b25d7f9df82f9c9c23d985861ee45fb2febb9bdd5eca,POST_IB_PRE_OB,Point,95.0,0.9765763282775879,0.9264973998069763,15.0,18.0,2.274871123009818,SUPPORTED
sha256:6eda9cdf75c1e5fb3b598b18b05d588ec3b00281457bdea1a2ea3e120aef1c48,sha256:e7502b6c4a90c10e6b6adcced613fa0b8d2319124fbd7321477a79054e8c9c13,POST_IB_PRE_OB,Point,95.0,0.981609582901001,0.9294485449790955,15.0,18.0,2.2610021063140606,SUPPORTED
sha256:6eda9cdf75c1e5fb3b598b18b05d588ec3b00281457bdea1a2ea3e120aef1c48,sha256:cd13069ddc98c8ac743d7bc56df0474737d3f70ea4164eec082c94789f2fd1ba,POST_IB_PRE_OB,Point,95.0,0.9865124225616455,0.9321980476379395,15.0,18.0,2.2469900912034197,SUPPORTED
sha256:6eda9cdf75c1e5fb3b598b18b05d588ec3b00281457bdea1a2ea3e120aef1c48,sha256:34750acedbb893f369cab8dae9667709922bd56fc0325d33470cd9f3c8b67b95,POST_IB_PRE_OB,Point,95.0,0.9913198947906494,0.9348034858703613,15.0,18.0,2.232989295193328,SUPPORTED
sha256:6eda9cdf75c1e5fb3b598b18b05d588ec3b00281457bdea1a2ea3e120aef1c48,sha256:cce454dd0d8cb10e7fcf0f3a2297677b81da846316e357bff957024187aaa4ef,POST_IB_PRE_OB,Point,95.0,0.9960560202598572,0.937302827835083,15.0,18.0,2.219087598811882,SUPPORTED
sha256:6eda9cdf75c1e5fb3b598b18b05d588ec3b00281457bdea1a2ea3e120aef1c48,sha256:514dc14ca5a3f0b5601eb755f3078c23c9fd8a864660fa4fcf65bca8aa65f21f,POST_IB_PRE_OB,Point,95.0,1.0007365942001343,0.9397203326225281,15.0,18.0,2.2053322434194573,SUPPORTED
sha256:6eda9cdf75c1e5fb3b598b18b05d588ec3b00281457bdea1a2ea3e120aef1c48,sha256:4b0e868f4dc3a84df8986fa6c24e8392e160b63af944293ae51d7260ffd85650,POST_IB_PRE_OB,Point,95.0,1.0053728818893433,0.9420714378356934,15.0,18.0,2.1917411600550047,SUPPORTED
sha256:73d86411ce4c378261aab5edc53d9b472631a7670b7866e1d4ba5422d05430c5,sha256:922b31edf7ba7d057b2f309708ca4e99677736534549d2bdc47e6a44cee67d69,POST_IB_PRE_OB,Point,106.0,1.1169596910476685,0.7173726558685303,0.0,15.0,10.503137085394265,SUPPORTED
sha256:73d86411ce4c378261aab5edc53d9b472631a7670b7866e1d4ba5422d05430c5,sha256:9fa87b180d3ea22b4848e6d71877cef064a087f091aac9e5e88ce16d9da65f39,POST_IB_PRE_OB,Point,106.0,1.1494243144989014,0.9224251508712769,0.0,15.0,11.536477544986505,SUPPORTED
sha256:73d86411ce4c378261aab5edc53d9b472631a7670b7866e1d4ba5422d05430c5,sha256:964eb872d9e6416450827ff8ddec1cdf67cf0b318e94daf4cf1a0b4e55e5b7ea,POST_IB_PRE_OB,Point,65.0,1.0295326709747314,0.6368622779846191,0.0,15.0,10.538782922167705,SUPPORTED
sha256:73d86411ce4c378261aab5edc53d9b472631a7670b7866e1d4ba5422d05430c5,sha256:022434569c8f2c31a69372c5b4ee1bfa701368939173d58035063614a68fb9ad,POST_IB_PRE_OB,Point,65.0,1.0499367713928223,0.7390327453613281,0.0,15.0,10.991848392922604,SUPPORTED
sha256:73d86411ce4c378261aab5edc53d9b472631a7670b7866e1d4ba5422d05430c5,sha256:42291f7f5f0e3a9f0a5a52de81cd49716cbf16f14b390c4b487f409b4390af8e,POST_IB_PRE_OB,Point,65.0,1.0657583475112915,0.8050075769424438,0.0,15.0,11.305368837792843,SUPPORTED
sha256:73d86411ce4c378261aab5edc53d9b472631a7670b7866e1d4ba5422d05430c5,sha256:9e361877edd4fd9c9f044007950744e8686ebb8d6a8c3cfb3622fdf142c8daea,POST_IB_PRE_OB,Point,65.0,1.078199028968811,0.8492058515548706,0.0,15.0,11.522297796776838,SUPPORTED
sha256:73d86411ce4c378261aab5edc53d9b472631a7670b7866e1d4ba5422d05430c5,sha256:4383810cfd2549a6a939e912f5109ed89dfc8b997eafae539cd311e6adcaa498,POST_IB_PRE_OB,Point,65.0,1.0882242918014526,0.8800170421600342,0.0,15.0,11.673743361229896,SUPPORTED
sha256:73d86411ce4c378261aab5edc53d9b472631a7670b7866e1d4ba5422d05430c5,sha256:291876df2edd682855e6b75730d3f552f6484aad65c655188b0aff896654d90d,POST_OB_PRE_TO,Point,,,,,15.0,,ABSTAIN_NO_FINITE_OBSERVED_PAIR
sha256:73d86411ce4c378261aab5edc53d9b472631a7670b7866e1d4ba5422d05430c5,sha256:934e04a2f1cbb97c638b07493eb4e596afce5129b14ab748ed1715087e7d84e5,POST_OB_PRE_TO,Point,,,,,15.0,,ABSTAIN_NO_FINITE_OBSERVED_PAIR
sha256:75a2e2b6ef83fe44f16611fe8c79c7e51553b21c5262571ea1ed1dad3a7fdc73,sha256:8f208d564486093a95c3b4c310b13faa18113be481f523bc1248e90072948e54,POST_IB_PRE_OB,Point,194.0,1.2915695905685425,0.6957612633705139,0.0,19.0,12.866660322654651,SUPPORTED
sha256:75a2e2b6ef83fe44f16611fe8c79c7e51553b21c5262571ea1ed1dad3a7fdc73,sha256:cb5998ff263f18f39f7cc6373e39152d309811a36b75e87de331d7d4f3c21afb,POST_IB_PRE_OB,Point,194.0,1.3253748416900635,0.8998938202857971,0.0,19.0,13.738956808255764,SUPPORTED
sha256:75a2e2b6ef83fe44f16611fe8c79c7e51553b21c5262571ea1ed1dad3a7fdc73,sha256:1fd36ca19885e5ee9e174d0a3f8a04f3918829616f9275d2ec6eae429fb68c33,POST_IB_PRE_OB,Point,194.0,1.3524835109710693,0.9502927660942078,0.0,19.0,13.873493193858044,SUPPORTED
sha256:75a2e2b6ef83fe44f16611fe8c79c7e51553b21c5262571ea1ed1dad3a7fdc73,sha256:ee9b954650411c2cbab3c4e14e2b490e0e284421216f1297e8fe2de322572b1b,POST_IB_PRE_OB,Point,194.0,1.3737595081329346,0.9828834533691406,0.0,19.0,13.940501740824585,SUPPORTED
sha256:75a2e2b6ef83fe44f16611fe8c79c7e51553b21c5262571ea1ed1dad3a7fdc73,sha256:a33321d891469a3aefd84476e7a7030e0e32846e1b917013f3243ab2cfc98316,POST_IB_PRE_OB,Point,194.0,1.39039945602417,1.0039923191070557,0.0,19.0,13.967279678949303,SUPPORTED
sha256:75a2e2b6ef83fe44f16611fe8c79c7e51553b21c5262571ea1ed1dad3a7fdc73,sha256:7956e15a07a3d12cac3d5f8040ef88fc9f0589c1003ee280c9684d696b9bc1dd,POST_IB_PRE_OB,Point,194.0,1.4035685062408447,1.017996072769165,0.0,19.0,13.97230124648616,SUPPORTED
sha256:75a2e2b6ef83fe44f16611fe8c79c7e51553b21c5262571ea1ed1dad3a7fdc73,sha256:ff696e616856b49503a5141c3425f9d6629f7c00187eeb654946184ecde79410,POST_IB_PRE_OB,Point,194.0,1.4142420291900635,1.0276436805725098,0.0,19.0,13.966130241992994,SUPPORTED
sha256:75a2e2b6ef83fe44f16611fe8c79c7e51553b21c5262571ea1ed1dad3a7fdc73,sha256:c8d90717d6d872155c1f21df408f9c42d997bfce3601f760aef92d37d4084203,POST_IB_PRE_OB,Point,194.0,1.4231648445129395,1.0346084833145142,0.0,19.0,13.954379013054522,SUPPORTED
sha256:75a2e2b6ef83fe44f16611fe8c79c7e51553b21c5262571ea1ed1dad3a7fdc73,sha256:b9c021c1fb82a6b06c916bd8af0e9136c2ede7e87ff3b19a53742d6de332dff9,POST_IB_PRE_OB,Point,194.0,1.4308762550354004,1.0399030447006226,0.0,19.0,13.939921570014072,SUPPORTED
sha256:75a2e2b6ef83fe44f16611fe8c79c7e51553b21c5262571ea1ed1dad3a7fdc73,sha256:f5a043f03478e4da08b7de44d69a6a0848f00183413531c8fb09d28a6c5cda72,POST_IB_PRE_OB,Point,194.0,1.4377543926239014,1.0441443920135498,0.0,19.0,13.924207835255652,SUPPORTED
sha256:75a2e2b6ef83fe44f16611fe8c79c7e51553b21c5262571ea1ed1dad3a7fdc73,sha256:36fb482896f52fd7a1711ff1c1fc0ecb58a314b601c94ba2cdf6b99f48f0ce9d,POST_IB_PRE_OB,Point,194.0,1.4440594911575317,1.0477123260498047,0.0,19.0,13.907960831385653,SUPPORTED
sha256:75a2e2b6ef83fe44f16611fe8c79c7e51553b21c5262571ea1ed1dad3a7fdc73,sha256:2916ea2315beb15a313fc5d9d4bb8860feb8d45344a2f6c79f2fd92340a8f186,POST_IB_PRE_OB,Point,194.0,1.449967384338379,1.0508421659469604,0.0,19.0,13.891538033630042,SUPPORTED
sha256:75a2e2b6ef83fe44f16611fe8c79c7e51553b21c5262571ea1ed1dad3a7fdc73,sha256:1eb049a5589911a681d6dc01f934503ca255ad53d511a58e2eb64d14b523333e,POST_IB_PRE_OB,Point,194.0,1.455597162246704,1.053680658340454,0.0,19.0,13.875104195090712,SUPPORTED
sha256:75a2e2b6ef83fe44f16611fe8c79c7e51553b21c5262571ea1ed1dad3a7fdc73,sha256:7f8faa8a231dd43cd2345b5de4b97e17f3de35f4aafdd832b52c37c2b0aa82be,POST_IB_PRE_OB,Point,194.0,1.461029052734375,1.0563199520111084,0.0,19.0,13.858729326601456,SUPPORTED
sha256:75a2e2b6ef83fe44f16611fe8c79c7e51553b21c5262571ea1ed1dad3a7fdc73,sha256:7c5de3b22d0732fd9c216077745066ff84949f3625b4a2e2853520ab96b6870e,POST_IB_PRE_OB,Point,194.0,1.4663174152374268,1.0588182210922241,0.0,19.0,13.842435065580704,SUPPORTED
sha256:75a2e2b6ef83fe44f16611fe8c79c7e51553b21c5262571ea1ed1dad3a7fdc73,sha256:6959727bd53b20f7e36439f99153359b9d5d09064a5973a3cb8194d70bbe576e,POST_OB_PRE_TO,Point,,,,,19.0,,ABSTAIN_NO_FINITE_OBSERVED_PAIR
sha256:75a2e2b6ef83fe44f16611fe8c79c7e51553b21c5262571ea1ed1dad3a7fdc73,sha256:df17e3153fd594502cce1416fcdb46c7c5b851845ea59badce05f5e4cf118342,POST_OB_PRE_TO,Point,,,,,19.0,,ABSTAIN_NO_FINITE_OBSERVED_PAIR
sha256:79c2db204a92c4ebb042a7ed764220250a8e99df9315de602a17f5d70a620f5a,sha256:0b663cec33ea996a497f7fe7f1fbd553aea2decae32840fd1628a22d50ac7430,POST_IB_PRE_OB,Point,114.0,1.3816771507263184,0.5946616530418396,0.0,5.0,1.819609550004109,SUPPORTED
sha256:79c2db204a92c4ebb042a7ed764220250a8e99df9315de602a17f5d70a620f5a,sha256:4debabd7e6471f8e0a30d8e2a573b55f981b10bb6acf0c1474b1f113f72e7665,POST_IB_PRE_OB,Point,114.0,1.413172721862793,0.863127589225769,0.0,5.0,2.2332842650524354,SUPPORTED
sha256:79c2db204a92c4ebb042a7ed764220250a8e99df9315de602a17f5d70a620f5a,sha256:d2a954c1f58f12c3e5b36b7360c1c78ecf129442484fc8c2855ebbf93445ec72,POST_IB_PRE_OB,Point,114.0,1.4385347366333008,0.9660124778747559,0.0,5.0,2.398364622076442,SUPPORTED
sha256:79c2db204a92c4ebb042a7ed764220250a8e99df9315de602a17f5d70a620f5a,sha256:fb7eb3748a5d42b3446929c911570f159a2d01b7dc7d0ed9c785fe9333f04eed,POST_IB_PRE_OB,Point,114.0,1.4582880735397339,0.9991950392723083,0.0,5.0,2.4289345094789105,SUPPORTED
sha256:79c2db204a92c4ebb042a7ed764220250a8e99df9315de602a17f5d70a620f5a,sha256:84d601cc12bd7e00f488e1913f5974abcb3353f030f2e18649df71a50fe44a81,POST_IB_PRE_OB,Point,114.0,1.473562240600586,1.0207358598709106,0.0,5.0,2.4434198587400813,SUPPORTED
sha256:79c2db204a92c4ebb042a7ed764220250a8e99df9315de602a17f5d70a620f5a,sha256:d3782484bf201c9da028846566c54c7b2afe82d15f4f7708817b56a0152ea6dd,POST_IB_PRE_OB,Point,114.0,1.4854776859283447,1.0349539518356323,0.0,5.0,2.44877846144644,SUPPORTED
sha256:79c2db204a92c4ebb042a7ed764220250a8e99df9315de602a17f5d70a620f5a,sha256:db37299d36fca7b1cf335127f13e8ea48b991d9d2eb26b926d5c99612eea24b8,POST_IB_PRE_OB,Point,114.0,1.4949666261672974,1.0446383953094482,0.0,5.0,2.449234327435802,SUPPORTED
sha256:79c2db204a92c4ebb042a7ed764220250a8e99df9315de602a17f5d70a620f5a,sha256:ca6cc34904ded2a5937c9a65539a62f2ec9432cf1517e08bf888a7a2381219ba,POST_OB_PRE_TO,Point,,,,,5.0,,ABSTAIN_NO_FINITE_OBSERVED_PAIR
sha256:7a303a13be87a210af44b6e4f8b454f5b3a9106f8f1e1e05d1542b20c7734aff,sha256:7604cbc772267df208506b4aedc551396f9c959b7fc04d0d314ed213ac89f587,PRE_IB,Point,32.0,0.41019314527511597,0.6003241539001465,0.0,1.0,0.31805071730999224,SUPPORTED
sha256:7a303a13be87a210af44b6e4f8b454f5b3a9106f8f1e1e05d1542b20c7734aff,sha256:c1d242fad7534235c02533bdecccb42ba87283e8f0deb2ebcfa63f6027065b39,POST_IB_PRE_OB,Point,151.0,0.7751253247261047,0.7272618412971497,0.0,1.0,0.6103089911473418,SUPPORTED
sha256:7a303a13be87a210af44b6e4f8b454f5b3a9106f8f1e1e05d1542b20c7734aff,sha256:3d6896337f1a3ac8fbf2d36acb4206949e00077834c5435eeac9b8b79e76ec99,POST_IB_PRE_OB,Point,151.0,0.8065202236175537,0.863491952419281,0.0,1.0,0.5795967030547688,SUPPORTED
sha256:7a303a13be87a210af44b6e4f8b454f5b3a9106f8f1e1e05d1542b20c7734aff,sha256:a68c76f18ec2cc03f01de9e564fcd520b8a99f79484bb86e7f414598e9819e7e,POST_IB_PRE_OB,Point,151.0,0.82961505651474,0.9044328927993774,0.0,1.0,0.5277608510092917,SUPPORTED
sha256:7a303a13be87a210af44b6e4f8b454f5b3a9106f8f1e1e05d1542b20c7734aff,sha256:f476221d71865dd24516d4865072e48f39f41f796c553d6ad3cf12cc0ed3cc63,POST_IB_PRE_OB,Point,151.0,0.8469164371490479,0.9307849407196045,0.0,1.0,0.5046673172093523,SUPPORTED
sha256:7a303a13be87a210af44b6e4f8b454f5b3a9106f8f1e1e05d1542b20c7734aff,sha256:afc1c65f1eba8b4a0a51e32f52377c2dd24861b878f1f5b5e015cef893ccfc10,POST_OB_PRE_TO,Point,,,,,1.0,,ABSTAIN_NO_FINITE_OBSERVED_PAIR
sha256:7ad35ec0017d1bb984fe4321d99f45a61e9ab7c6f2e5020ac21656dd8bbb7c0e,sha256:d7118ffc3a371de7f1ed4f584fb568f57777de07c60567777b34d433d934fc48,POST_IB_PRE_OB,Point,190.0,0.6567116379737854,0.9546568393707275,0.0,0.0,0.29794520139694214,SUPPORTED
sha256:7ad35ec0017d1bb984fe4321d99f45a61e9ab7c6f2e5020ac21656dd8bbb7c0e,sha256:3a0e9e5a488bcb3e10986379688beac90cf94fdce00c8fdf55390c165d088739,POST_IB_PRE_OB,Point,59.0,0.7179040908813477,0.975176990032196,0.0,0.0,0.25727289915084833,SUPPORTED
sha256:7ad35ec0017d1bb984fe4321d99f45a61e9ab7c6f2e5020ac21656dd8bbb7c0e,sha256:afd9ac05b975a7a02eb67f5c5f2d5b205e770d2d4cba871bc43abe75c6b7a0c1,POST_IB_PRE_OB,Point,59.0,0.6998874545097351,0.9307165741920471,0.0,0.0,0.23082911968231198,SUPPORTED
sha256:7ad35ec0017d1bb984fe4321d99f45a61e9ab7c6f2e5020ac21656dd8bbb7c0e,sha256:573b8edc9b79a5e64259a104c83fbeacafd83582a81d0c44321690c4db4c98af,POST_IB_PRE_OB,Point,59.0,0.6922606825828552,0.8672351241111755,0.0,0.0,0.1749744415283203,SUPPORTED
sha256:7ad35ec0017d1bb984fe4321d99f45a61e9ab7c6f2e5020ac21656dd8bbb7c0e,sha256:f615e491314d8419540840fe4eef6ae41af51d3851fccaed16af40361949f26d,POST_OB_PRE_TO,Point,,,,,0.0,,ABSTAIN_NO_FINITE_OBSERVED_PAIR
sha256:7ad35ec0017d1bb984fe4321d99f45a61e9ab7c6f2e5020ac21656dd8bbb7c0e,sha256:a7012cf1f99ca375cfd86ece0b8640d944bb3d09e4eb90004f706764decbd799,POST_OB_PRE_TO,Point,,,,,0.0,,ABSTAIN_NO_FINITE_OBSERVED_PAIR
sha256:7f2fe4ffae7d8e36f9e0c4fab024049858b34c10d7520981d2555d0a310e913c,sha256:08adf33fc03996a1e39694bb14bf1c4483b65dbc4e6e77b7a7b511c36de2775b,POST_IB_PRE_OB,Point,142.0,0.86974036693573,0.9566784501075745,0.0,0.0,0.08693808317184447,SUPPORTED
sha256:7f2fe4ffae7d8e36f9e0c4fab024049858b34c10d7520981d2555d0a310e913c,sha256:d29fc1eac69a19961229e8407579ef8704704edc6b400a1ccec3a21ad3b62336,POST_IB_PRE_OB,Point,142.0,0.9110960960388184,1.0358400344848633,0.0,0.0,0.12474393844604494,SUPPORTED
sha256:7f2fe4ffae7d8e36f9e0c4fab024049858b34c10d7520981d2555d0a310e913c,sha256:1200c1a98ad5d1dea22a94d8a475b1209ea3272b6fb2fef8ac7f3a0f87017226,POST_IB_PRE_OB,Point,192.0,1.1578006744384766,0.5518872737884521,0.0,0.0,0.6059134006500243,SUPPORTED
sha256:7f2fe4ffae7d8e36f9e0c4fab024049858b34c10d7520981d2555d0a310e913c,sha256:d77f997b677a5725d396d2e6ba7eebcfd5593c855d63c0256b4d4de5d580280f,POST_IB_PRE_OB,Point,192.0,1.183576226234436,0.6532016396522522,0.0,0.0,0.5303745865821838,SUPPORTED
sha256:7f2fe4ffae7d8e36f9e0c4fab024049858b34c10d7520981d2555d0a310e913c,sha256:6bb559065262c4afa96a9e7d248add92e76674797563dacd04ea277a9399a98e,POST_IB_PRE_OB,Point,192.0,1.203476905822754,0.718691349029541,0.0,0.0,0.4847855567932129,SUPPORTED
sha256:7f2fe4ffae7d8e36f9e0c4fab024049858b34c10d7520981d2555d0a310e913c,sha256:beb10ea3c48d9b45085369abd397dbf311367713d4092566cf2d0e09e417fc92,POST_OB_PRE_TO,Point,,,,,0.0,,ABSTAIN_NO_FINITE_OBSERVED_PAIR
sha256:7f2fe4ffae7d8e36f9e0c4fab024049858b34c10d7520981d2555d0a310e913c,sha256:d69b816970bcb9886758147cefe9c187e56f5c98505d5c84f3de17b4e2ab479f,POST_OB_PRE_TO,Point,,,,,0.0,,ABSTAIN_NO_FINITE_OBSERVED_PAIR
sha256:7f2fe4ffae7d8e36f9e0c4fab024049858b34c10d7520981d2555d0a310e913c,sha256:d3a2fa508e8b73b63e0037872b7dd1062ececc451dcb2437e9ece2d56328ab85,POST_OB_PRE_TO,Point,,,,,0.0,,ABSTAIN_NO_FINITE_OBSERVED_PAIR
sha256:7fd23dce052089e82cfff87c56e5fbd55cba17e65e209fd6ef24c883d7a29f0d,sha256:fef3c369ccaa03f44c804cdc47cf6720b9cc391ed1e2bf22dda6a36bd7448062,POST_IB_PRE_OB,Point,8.0,0.8528662919998169,1.0593148469924927,0.0,1.0,0.2977163502311723,SUPPORTED
sha256:7fd23dce052089e82cfff87c56e5fbd55cba17e65e209fd6ef24c883d7a29f0d,sha256:78bb80c4fb8b9335677a171ef31ffd5d57ad3d98bbc74640fa1d130c966c4b8b,POST_IB_PRE_OB,Point,8.0,0.7604093551635742,0.9841776490211487,0.0,1.0,0.2776852238101828,SUPPORTED
sha256:7fd23dce052089e82cfff87c56e5fbd55cba17e65e209fd6ef24c883d7a29f0d,sha256:d688357a22e9551d61e8d96749cb5004b57e5ede74959378e6423c58ac84002f,POST_IB_PRE_OB,Point,88.0,0.8085161447525024,1.022362232208252,0.0,1.0,0.28897617778034107,SUPPORTED
sha256:7fd23dce052089e82cfff87c56e5fbd55cba17e65e209fd6ef24c883d7a29f0d,sha256:85f75d05d7a6bc7d96bdbfa97769d54def1819bb70ff2cc51260baafc9377856,POST_IB_PRE_OB,Point,8.0,0.7302259802818298,0.9014496207237244,0.0,1.0,0.34364007259658136,SUPPORTED
sha256:7fd23dce052089e82cfff87c56e5fbd55cba17e65e209fd6ef24c883d7a29f0d,sha256:81e8710ed641679d9955f8b6bf3daad588f47912c285fdb737afc9be3e8f2739,POST_IB_PRE_OB,Point,8.0,0.7277477383613586,0.8474442362785339,0.0,1.0,0.42775286461407086,SUPPORTED
sha256:7fd23dce052089e82cfff87c56e5fbd55cba17e65e209fd6ef24c883d7a29f0d,sha256:9d911f63cbb7203148095539526868e02252e727171e8de6251e33303a4764b4,POST_IB_PRE_OB,Point,8.0,0.726550817489624,0.8010532259941101,0.0,1.0,0.5285998219398644,SUPPORTED
sha256:7fd23dce052089e82cfff87c56e5fbd55cba17e65e209fd6ef24c883d7a29f0d,sha256:14cd99f78654590351d12e191d18489b26b461a63b78f49dcc24f8b87c5a91b9,POST_IB_PRE_OB,Point,140.0,0.600484311580658,0.636694073677063,0.0,1.0,0.6556325053066434,SUPPORTED
sha256:7fd23dce052089e82cfff87c56e5fbd55cba17e65e209fd6ef24c883d7a29f0d,sha256:0061a03777b1bbcad6f5c4649ce94e0eda6d7583fa31488606a28046f20072ea,POST_OB_PRE_TO,Point,,,,,1.0,,ABSTAIN_NO_FINITE_OBSERVED_PAIR
sha256:7fd23dce052089e82cfff87c56e5fbd55cba17e65e209fd6ef24c883d7a29f0d,sha256:224d35592675673465d171fa78a58de7fea92dfd265b5ac08eca6b7a6b1de23e,POST_OB_PRE_TO,Point,,,,,1.0,,ABSTAIN_NO_FINITE_OBSERVED_PAIR
sha256:802eadf18c516c6866ee9487911e4f6527c31b7675f3138d74361f5b3e1b4da0,sha256:07a1a1116caf1004de97ebee6150664b1c5f5a88fb91ed3326579f2f05f251ff,POST_IB_PRE_OB,Point,175.0,0.8391120433807373,0.9463918805122375,0.0,5.0,3.64249427513616,SUPPORTED
sha256:802eadf18c516c6866ee9487911e4f6527c31b7675f3138d74361f5b3e1b4da0,sha256:40bd96635c6a1f04b7de80b410a08aed40191c8b6cf6d018b87e6e0e0d67d52d,POST_IB_PRE_OB,Point,175.0,0.7565837502479553,0.8425412774085999,0.0,5.0,3.7747937146593653,SUPPORTED
sha256:802eadf18c516c6866ee9487911e4f6527c31b7675f3138d74361f5b3e1b4da0,sha256:b0394ba7f2e0ab64ce4a1867c91e6055d0b5618440266d8b287212e5034bcaca,POST_IB_PRE_OB,Point,175.0,0.7408292293548584,0.7192038893699646,0.0,5.0,4.363972848392354,SUPPORTED
sha256:802eadf18c516c6866ee9487911e4f6527c31b7675f3138d74361f5b3e1b4da0,sha256:c144aee6fdf70a62820bb7523806dbd9ba77c0d66bcc56bb6ccebdb7a4dab4da,POST_IB_PRE_OB,Point,175.0,0.7349562644958496,0.6364884972572327,0.0,5.0,3.69513055018338,SUPPORTED
sha256:802eadf18c516c6866ee9487911e4f6527c31b7675f3138d74361f5b3e1b4da0,sha256:3b920773d50a2e7b3f3cfb7e333c1e29cdb22656ab38b4615467ed3083bce5c7,POST_IB_PRE_OB,Point,175.0,0.7308508157730103,0.5739049315452576,0.0,5.0,3.385246788852059,SUPPORTED
sha256:802eadf18c516c6866ee9487911e4f6527c31b7675f3138d74361f5b3e1b4da0,sha256:feac34d3239b362606716e2d347a22ebf0bcad56f81ca907b797a55e2f768830,POST_IB_PRE_OB,Point,175.0,0.7268953323364258,0.5219843983650208,0.0,5.0,3.1805051743895714,SUPPORTED
sha256:802eadf18c516c6866ee9487911e4f6527c31b7675f3138d74361f5b3e1b4da0,sha256:db897d7577dfdbd89e17ccd55587534069c514caa30e5a2c31dd61a1202d4110,POST_IB_PRE_OB,Point,175.0,0.7231125235557556,0.4758504033088684,0.0,5.0,3.0234720211283252,SUPPORTED
sha256:802eadf18c516c6866ee9487911e4f6527c31b7675f3138d74361f5b3e1b4da0,sha256:7c7166beb057aa932999cfd30c7adad0987d2302025691758319d970a55815d8,POST_OB_PRE_TO,Point,,,,,5.0,,ABSTAIN_NO_FINITE_OBSERVED_PAIR
sha256:802eadf18c516c6866ee9487911e4f6527c31b7675f3138d74361f5b3e1b4da0,sha256:2e219161de2997408bb0c186891a05bdf80203b75793e68ac03efd9553bb53a8,POST_OB_PRE_TO,Point,,,,,5.0,,ABSTAIN_NO_FINITE_OBSERVED_PAIR
sha256:8103566065b9d055f455fcf60e91908f8e0796d2647d54a1fbc0781654c688fa,sha256:735f6695b436857745409f1a7f93335957986e47704f3e5d47725d48ab2d8557,POST_IB_PRE_OB,Point,110.0,1.1122245788574219,0.6488786935806274,0.0,0.0,0.4633458852767944,SUPPORTED
sha256:8103566065b9d055f455fcf60e91908f8e0796d2647d54a1fbc0781654c688fa,sha256:849e94bf9be3bf1e41e9c9ca98680beaface229316f1ed300e0c16a311f7b006,POST_IB_PRE_OB,Point,110.0,1.1489861011505127,0.8405730128288269,0.0,0.0,0.3084130883216858,SUPPORTED
sha256:8103566065b9d055f455fcf60e91908f8e0796d2647d54a1fbc0781654c688fa,sha256:a7af21b7696fe8e490e756851404d893f547267ee491c1d5a22157030dd7fd3d,POST_IB_PRE_OB,Point,110.0,1.179103136062622,0.9011254906654358,0.0,0.0,0.2779776453971863,SUPPORTED
sha256:8103566065b9d055f455fcf60e91908f8e0796d2647d54a1fbc0781654c688fa,sha256:e185d77f83849ea1b0cfd12a8303d8d7b71d0b301fa093edc4bcf8606921ace4,POST_IB_PRE_OB,Point,110.0,1.202613115310669,0.9405710697174072,0.0,0.0,0.2620420455932617,SUPPORTED
sha256:8103566065b9d055f455fcf60e91908f8e0796d2647d54a1fbc0781654c688fa,sha256:941535717cbe102cf58f1701f8d43f1b942440669c0e33346cf61a72af3d409a,POST_IB_PRE_OB,Point,110.0,1.2207616567611694,0.9661939740180969,0.0,0.0,0.25456768274307257,SUPPORTED
sha256:8103566065b9d055f455fcf60e91908f8e0796d2647d54a1fbc0781654c688fa,sha256:61ee89082527bd9e02818cc7c8e67b4701bdf3b991cd7c47eebfd47afd208496,POST_IB_PRE_OB,Point,110.0,1.234886646270752,0.9831732511520386,0.0,0.0,0.25171339511871343,SUPPORTED
sha256:8103566065b9d055f455fcf60e91908f8e0796d2647d54a1fbc0781654c688fa,sha256:9f750b20b91cd46ce4dd276006a4589db347724ddb255b979f1f72b5059cf26c,POST_IB_PRE_OB,Point,110.0,1.2461134195327759,0.9948018193244934,0.0,0.0,0.25131160020828247,SUPPORTED
sha256:8103566065b9d055f455fcf60e91908f8e0796d2647d54a1fbc0781654c688fa,sha256:bc6fbcc3fd4310169fc72f1f0332325d80cf3ec3334cabac055842cb1668b3f9,POST_OB_PRE_TO,Point,,,,,0.0,,ABSTAIN_NO_FINITE_OBSERVED_PAIR
sha256:821d9c064ce0d35c20d67925cf60d653dcff4e42018cc8d874ae780dcd8f4648,sha256:67f0ef9a8e707899891750a44eda0741ac45749b9df2f1c995d5292401a42629,POST_IB_PRE_OB,Point,57.0,0.7880131006240845,1.0565000772476196,0.0,7.0,4.526656320755273,SUPPORTED
sha256:821d9c064ce0d35c20d67925cf60d653dcff4e42018cc8d874ae780dcd8f4648,sha256:67eea3fd04d89557dc0fc69a392b31856bcbd7455b335a81bffbd012899dc06b,POST_IB_PRE_OB,Point,57.0,0.8138192296028137,1.1352384090423584,0.0,7.0,4.321463009041842,SUPPORTED
sha256:821d9c064ce0d35c20d67925cf60d653dcff4e42018cc8d874ae780dcd8f4648,sha256:0276053f0c0711c60f8ab299b47c0a2e9f04272248282d34ee11b36360625a38,POST_IB_PRE_OB,Point,57.0,0.8335299491882324,1.1878564357757568,0.0,7.0,4.2045421091339374,SUPPORTED
sha256:821d9c064ce0d35c20d67925cf60d653dcff4e42018cc8d874ae780dcd8f4648,sha256:3da8ee51c7cddca305803e5976dff4fb853388fdba5ec7d8da66dd54a53d107e,POST_IB_PRE_OB,Point,57.0,0.8488597869873047,1.2216002941131592,0.0,7.0,4.142147032309824,SUPPORTED
sha256:821d9c064ce0d35c20d67925cf60d653dcff4e42018cc8d874ae780dcd8f4648,sha256:8fc6d1c0ce660b8cf14c73874914f87f775772239422897138ca1db95c4628fa,POST_IB_PRE_OB,Point,57.0,0.8609901070594788,1.2431895732879639,0.0,7.0,4.110871745807068,SUPPORTED
sha256:821d9c064ce0d35c20d67925cf60d653dcff4e42018cc8d874ae780dcd8f4648,sha256:fdd2a0ed8ca2938f72fbacc098aef3455a8673777af413d8a79f0bf8d34f5851,POST_IB_PRE_OB,Point,57.0,0.8708117008209229,1.2573153972625732,0.0,7.0,4.096807129831562,SUPPORTED
sha256:821d9c064ce0d35c20d67925cf60d653dcff4e42018cc8d874ae780dcd8f4648,sha256:81606f9d91245b330de34e722c91979425f907449616c6c3936a74c35fe5a107,POST_IB_PRE_OB,Point,57.0,0.8789954781532288,1.2669131755828857,0.0,7.0,4.092209044039557,SUPPORTED
sha256:821d9c064ce0d35c20d67925cf60d653dcff4e42018cc8d874ae780dcd8f4648,sha256:91dc74821c0a8cc7a4a244abd7d3f40d84fa7c91d3c46228f65adc99ca4b36e8,POST_IB_PRE_OB,Point,57.0,0.8860341310501099,1.273750901222229,0.0,7.0,4.092861755938665,SUPPORTED
sha256:821d9c064ce0d35c20d67925cf60d653dcff4e42018cc8d874ae780dcd8f4648,sha256:fd29d84c4c7be8d115a800e2629f7d32aab6207530e0e5ef9b60952e3c999caa,POST_IB_PRE_OB,Point,57.0,0.8922794461250305,1.2788872718811035,0.0,7.0,4.096468144652847,SUPPORTED
sha256:821d9c064ce0d35c20d67925cf60d653dcff4e42018cc8d874ae780dcd8f4648,sha256:6c902e8cbd4ac1fe94af2003ea57940611bc4505d9d98433fe55b1d2bbd8bd47,POST_IB_PRE_OB,Point,57.0,0.8979768753051758,1.2829601764678955,0.0,7.0,4.10176347413984,SUPPORTED
sha256:821d9c064ce0d35c20d67925cf60d653dcff4e42018cc8d874ae780dcd8f4648,sha256:f844b86c092420b90509872c8a901e27476edc687c14e83cd05c8395774206d0,POST_IB_PRE_OB,Point,57.0,0.9032954573631287,1.2863569259643555,0.0,7.0,4.108046793697564,SUPPORTED
sha256:821d9c064ce0d35c20d67925cf60d653dcff4e42018cc8d874ae780dcd8f4648,sha256:81e9e8576ddf55782bdbedca06ea46e7c3c3666e5107f27054f53dc10978350e,POST_IB_PRE_OB,Point,57.0,0.90835040807724,1.2893157005310059,0.0,7.0,4.114923622678955,SUPPORTED
sha256:821d9c064ce0d35c20d67925cf60d653dcff4e42018cc8d874ae780dcd8f4648,sha256:b09c54ecb469b0c7d89b0351540086b65b805c2807d2c5533a530f1048060c3a,POST_IB_PRE_OB,Point,238.0,0.834496021270752,1.2166709899902344,0.0,7.0,4.110952089711465,SUPPORTED
sha256:821d9c064ce0d35c20d67925cf60d653dcff4e42018cc8d874ae780dcd8f4648,sha256:7e64d9373302489d6be9d1e6b299e8a54e04c908c46b8d93c17e6554bc6db721,POST_OB_PRE_TO,Point,,,,,7.0,,ABSTAIN_NO_FINITE_OBSERVED_PAIR
sha256:821d9c064ce0d35c20d67925cf60d653dcff4e42018cc8d874ae780dcd8f4648,sha256:31e158a724e8459dd2e5561e5fa6aee9e81e0e8ac93fad30ebc465b8f7beaf12,POST_OB_PRE_TO,Point,,,,,7.0,,ABSTAIN_NO_FINITE_OBSERVED_PAIR
sha256:8529a23662e22b9ffd26a82dc98e03c1415a54bea3ae930cf84f0fe06b37872e,sha256:8b1d6f4d5f52b6daaaea267081539de2d143f960fc26f9101d7a605cad8c7f0c,PRE_IB,Point,194.0,1.0885947942733765,1.0234880447387695,0.0,0.0,0.06510674953460693,SUPPORTED
sha256:8529a23662e22b9ffd26a82dc98e03c1415a54bea3ae930cf84f0fe06b37872e,sha256:dc90c2db85ea8d9ed84a94a3f6867aade88d2266bf7c7208ea79b416e7d9b48d,PRE_IB,Point,194.0,1.1038730144500732,1.061759114265442,0.0,0.0,0.042113900184631355,SUPPORTED
sha256:8529a23662e22b9ffd26a82dc98e03c1415a54bea3ae930cf84f0fe06b37872e,sha256:d5d38423735491f82d21ffc7e2d0cbce0267a13635b260e26d02197e34266547,PRE_IB,Point,194.0,1.1193428039550781,1.087977409362793,0.0,0.0,0.031365394592285156,SUPPORTED
sha256:8529a23662e22b9ffd26a82dc98e03c1415a54bea3ae930cf84f0fe06b37872e,sha256:910606ba072b85948c428d7e9bf0ecee6bfaeabc9cd0f517d45e76d0d2c0724a,POST_IB_PRE_OB,Point,215.0,0.8521156311035156,0.8506079912185669,0.0,0.0,0.0015076398849487303,SUPPORTED
sha256:8529a23662e22b9ffd26a82dc98e03c1415a54bea3ae930cf84f0fe06b37872e,sha256:4430c98bf7c8f7bbe485ac5e055e37e3515c0f0bfd80df820cd7c9eac1af4a3f,POST_IB_PRE_OB,Point,215.0,0.8702651858329773,0.9310887455940247,0.0,0.0,0.06082355976104737,SUPPORTED
sha256:8529a23662e22b9ffd26a82dc98e03c1415a54bea3ae930cf84f0fe06b37872e,sha256:28e97dea0062bec823f67d630b90809b07eb6ed064d756f970cf90c806d82c9c,POST_IB_PRE_OB,Point,215.0,0.883179783821106,0.9602009654045105,0.0,0.0,0.07702118158340453,SUPPORTED
sha256:8529a23662e22b9ffd26a82dc98e03c1415a54bea3ae930cf84f0fe06b37872e,sha256:13e086296c373c4eb3310c35d6bf028a6c506c6a0a7d432a7dc6c515cc3617c8,POST_IB_PRE_OB,Point,215.0,0.8931506872177124,0.9714933037757874,0.0,0.0,0.07834261655807494,SUPPORTED
sha256:8529a23662e22b9ffd26a82dc98e03c1415a54bea3ae930cf84f0fe06b37872e,sha256:17fd9fc42183dfbb62e25bd6ac5cb6c490a4b1082c4c618fbcd1e3f67559177b,POST_IB_PRE_OB,Point,215.0,0.9013997316360474,0.9793740510940552,0.0,0.0,0.0779743194580078,SUPPORTED
sha256:8529a23662e22b9ffd26a82dc98e03c1415a54bea3ae930cf84f0fe06b37872e,sha256:0c696f5247466d1f1384dc92a451c715474506d4015fdeefda9108331f3eec27,POST_IB_PRE_OB,Point,215.0,0.9085588455200195,0.985268771648407,0.0,0.0,0.07670992612838744,SUPPORTED
sha256:8529a23662e22b9ffd26a82dc98e03c1415a54bea3ae930cf84f0fe06b37872e,sha256:328c7ab5fd06e7a46fe388f2d0d7f9168c7a547b29cdf961039f4ff9be758283,POST_IB_PRE_OB,Point,215.0,0.9149858355522156,0.9899666905403137,0.0,0.0,0.07498085498809814,SUPPORTED
sha256:8529a23662e22b9ffd26a82dc98e03c1415a54bea3ae930cf84f0fe06b37872e,sha256:2a9de6da8597aa869ff1ed3fe7f131ce3a33a913ec2983ed8bba75be60482c76,POST_IB_PRE_OB,Point,215.0,0.9209030866622925,0.9939171671867371,0.0,0.0,0.07301408052444458,SUPPORTED
sha256:8529a23662e22b9ffd26a82dc98e03c1415a54bea3ae930cf84f0fe06b37872e,sha256:5f65630464f902d933e76afc94f832e1f47a59d811543c59bbcea8cc41b64249,POST_IB_PRE_OB,Point,215.0,0.9264592528343201,0.9973844885826111,0.0,0.0,0.07092523574829102,SUPPORTED
sha256:8529a23662e22b9ffd26a82dc98e03c1415a54bea3ae930cf84f0fe06b37872e,sha256:da99c7175812863b54207781812a3d867b03b272331f80a83301b89b6a0544c8,POST_IB_PRE_OB,Point,215.0,0.9317572116851807,1.0005292892456055,0.0,0.0,0.06877207756042479,SUPPORTED
sha256:8529a23662e22b9ffd26a82dc98e03c1415a54bea3ae930cf84f0fe06b37872e,sha256:a803dc06a42efde359c3bdb7a38707bcd87e88429e820131009b3b75c677b171,POST_IB_PRE_OB,Point,215.0,0.9368683695793152,1.0034536123275757,0.0,0.0,0.06658524274826048,SUPPORTED
sha256:8529a23662e22b9ffd26a82dc98e03c1415a54bea3ae930cf84f0fe06b37872e,sha256:17109ff7860a28610cdc242c29f00880fdf6fad5903d85838497e093c8ae3936,POST_IB_PRE_OB,Point,215.0,0.9418426156044006,1.0062204599380493,0.0,0.0,0.06437784433364867,SUPPORTED
sha256:8529a23662e22b9ffd26a82dc98e03c1415a54bea3ae930cf84f0fe06b37872e,sha256:5113cbbf42580ba70faccd26f09fe630e2a187b17222f34b018f8f18ca5299b8,POST_IB_PRE_OB,Point,215.0,0.9467151165008545,1.0088720321655273,0.0,0.0,0.06215691566467285,SUPPORTED
sha256:8529a23662e22b9ffd26a82dc98e03c1415a54bea3ae930cf84f0fe06b37872e,sha256:5066dd9b4873c2d061bf9de2c38b867315316c7e23619a55011f81741497d0c9,POST_IB_PRE_OB,Point,215.0,0.951511025428772,1.01143479347229,0.0,0.0,0.05992376804351807,SUPPORTED
sha256:8529a23662e22b9ffd26a82dc98e03c1415a54bea3ae930cf84f0fe06b37872e,sha256:82c27343260a4a1972b54980ec1472b96b6de535b22776a9943b17f3e4b17c20,POST_IB_PRE_OB,Point,215.0,0.9562481045722961,1.013926386833191,0.0,0.0,0.05767828226089477,SUPPORTED
sha256:8529a23662e22b9ffd26a82dc98e03c1415a54bea3ae930cf84f0fe06b37872e,sha256:c5bbaa1c86c7eb43cba85b01b4a47ab5be54a2132d36e35eb87c98e77f504fa8,POST_IB_PRE_OB,Point,215.0,0.9609380960464478,1.0163582563400269,0.0,0.0,0.055420160293579095,SUPPORTED
sha256:8529a23662e22b9ffd26a82dc98e03c1415a54bea3ae930cf84f0fe06b37872e,sha256:b8639bca1a3f616decd21465e2b117e07531320cf7755a0ae7d54f693d5ac31b,POST_IB_PRE_OB,Point,215.0,0.9655903577804565,1.0187374353408813,0.0,0.0,0.053147077560424805,SUPPORTED
sha256:8529a23662e22b9ffd26a82dc98e03c1415a54bea3ae930cf84f0fe06b37872e,sha256:ffc73a344f202fc3d13f0c6d102b0b3c29ed35710a52dc5c199ae89533c6d749,POST_IB_PRE_OB,Point,215.0,0.9702107310295105,1.021070122718811,0.0,0.0,0.05085939168930054,SUPPORTED
sha256:8529a23662e22b9ffd26a82dc98e03c1415a54bea3ae930cf84f0fe06b37872e,sha256:ce9982db8ce61078b195f4cc1c96506b31b57847e8f255b4e3e11571ef064c30,POST_IB_PRE_OB,Point,215.0,0.9748033881187439,1.0233582258224487,0.0,0.0,0.048554837703704834,SUPPORTED
sha256:8529a23662e22b9ffd26a82dc98e03c1415a54bea3ae930cf84f0fe06b37872e,sha256:480f995cee522d59cf66543b8c730d91568d02c3806e176667afc02c833aa692,POST_IB_PRE_OB,Point,215.0,0.9793717861175537,1.0256049633026123,0.0,0.0,0.04623317718505859,SUPPORTED
sha256:8529a23662e22b9ffd26a82dc98e03c1415a54bea3ae930cf84f0fe06b37872e,sha256:c02f0b990ed2b55390fe5f20a1056d05824de401571d12367a837f91f0b6ed11,POST_OB_PRE_TO,Point,,,,,0.0,,ABSTAIN_NO_FINITE_OBSERVED_PAIR
sha256:8b1cd58281a9dfd745efda44159737fd261f3e5a0394d8bf26bd0858569c4989,sha256:d0fe3b0f9245229d988eb198ccc1bdd4e710de7e50041c55719f6a099c01f86b,PRE_IB,Point,49.0,0.5917484164237976,1.4759016036987305,4.0,1.0,0.6268785216535034,SUPPORTED
sha256:8b1cd58281a9dfd745efda44159737fd261f3e5a0394d8bf26bd0858569c4989,sha256:8bdb9246722ce7af7986204866d5b5f081cd255fe59b1d93e4d74a8ee801a66d,POST_IB_PRE_OB,Point,49.0,1.0847909450531006,1.1341876983642578,4.0,1.0,2.2794869925379304,SUPPORTED
sha256:8b1cd58281a9dfd745efda44159737fd261f3e5a0394d8bf26bd0858569c4989,sha256:b3d5d976aa513cce8e82229a9d91939332a19458f9666f91c4afb6e29deaaf54,POST_IB_PRE_OB,Point,49.0,1.1104954481124878,1.1376885175704956,4.0,1.0,2.4559515850610025,SUPPORTED
sha256:8b1cd58281a9dfd745efda44159737fd261f3e5a0394d8bf26bd0858569c4989,sha256:33959542fd38af196e140abfa2441e9ad60afdb58d26b0519347b3ddd5a118e7,POST_IB_PRE_OB,Point,49.0,1.1246048212051392,1.1379599571228027,4.0,1.0,2.613028230736456,SUPPORTED
sha256:8b1cd58281a9dfd745efda44159737fd261f3e5a0394d8bf26bd0858569c4989,sha256:5760a1b85b62b5f548df9749a48eec61d8d2a01e8fe872fec956d1404a7bc640,POST_IB_PRE_OB,Point,49.0,1.1307578086853027,1.1356196403503418,4.0,1.0,2.763320986298321,SUPPORTED
sha256:8b1cd58281a9dfd745efda44159737fd261f3e5a0394d8bf26bd0858569c4989,sha256:9907fc5ba3d98b70e7ac7e89c9a8c8d75a982222984aeea25d221e0fc992a054,POST_IB_PRE_OB,Point,49.0,1.1318994760513306,1.131589412689209,4.0,1.0,2.939312027775235,SUPPORTED
sha256:8b1cd58281a9dfd745efda44159737fd261f3e5a0394d8bf26bd0858569c4989,sha256:99af6a6c48536cdcd4369caffd0c42975687b34b0d0c5b58209609d24b8a75bc,POST_IB_PRE_OB,Point,49.0,1.1299937963485718,1.126448392868042,4.0,1.0,2.797281393613666,SUPPORTED
sha256:8b1cd58281a9dfd745efda44159737fd261f3e5a0394d8bf26bd0858569c4989,sha256:82827633ed3e1db6d92c38b076ba1070af45d46a910fe6f2ea93e9d70ad7efe0,POST_IB_PRE_OB,Point,49.0,1.1262640953063965,1.1204758882522583,4.0,1.0,2.742238430636744,SUPPORTED
sha256:8b1cd58281a9dfd745efda44159737fd261f3e5a0394d8bf26bd0858569c4989,sha256:4a22e7b73f85d9027e01fd768819f9fcdc2c38d944b2bc39f4e5c29c0b3ecbe9,POST_IB_PRE_OB,Point,49.0,1.1214545965194702,1.1137852668762207,4.0,1.0,2.704301639011906,SUPPORTED
sha256:8b1cd58281a9dfd745efda44159737fd261f3e5a0394d8bf26bd0858569c4989,sha256:4c8daaae0b517899721c6c27a261d81ff3a477a3b3293249a5f4bb325e8b2e62,POST_IB_PRE_OB,Point,49.0,1.1160166263580322,1.1064103841781616,4.0,1.0,2.670084657949284,SUPPORTED
sha256:8b1cd58281a9dfd745efda44159737fd261f3e5a0394d8bf26bd0858569c4989,sha256:a90ae05ce7d5df52c0eea906dca4bb00417ab3611b1e2d4134442c05bc626918,POST_IB_PRE_OB,Point,49.0,1.1102262735366821,1.0983595848083496,4.0,1.0,2.6345070926664453,SUPPORTED
sha256:8dede4f142335c2392da8ba546a888102138b6e530d2f14911ac6147a417c717,sha256:15db46a9e87d06ee7a389e798519c0916c8ab96d8e37d789afe28d030facab4e,PRE_IB,Point,141.0,0.7679420113563538,1.0983182191848755,57.0,11.0,38.5336318718606,SUPPORTED
sha256:8dede4f142335c2392da8ba546a888102138b6e530d2f14911ac6147a417c717,sha256:a10d219ba1ba0c7d6a05a86a2387b2ddc5535d5ee2c9c332d128088c95b9bed3,PRE_IB,Point,141.0,0.6458401679992676,1.0347845554351807,57.0,11.0,37.92928911737862,SUPPORTED
sha256:8dede4f142335c2392da8ba546a888102138b6e530d2f14911ac6147a417c717,sha256:c5e6ca01eebfcdfc9f7fa02dec4f34bc1096973f0cf1c073a0a9f05ad535f7f1,PRE_IB,Point,141.0,0.640416145324707,1.0167309045791626,57.0,11.0,38.0551420232262,SUPPORTED
sha256:8dede4f142335c2392da8ba546a888102138b6e530d2f14911ac6147a417c717,sha256:963cd6ebdfb6c68c76b55128c71fcc27f293f6d861df05eea22902136feb07a0,PRE_IB,Point,141.0,0.6353462338447571,1.008424997329712,57.0,11.0,38.08776087693216,SUPPORTED
sha256:8dede4f142335c2392da8ba546a888102138b6e530d2f14911ac6147a417c717,sha256:ba6fd17ab1553432975cc727a55122bb447d1b5f9f21cd2eeeb6760596866903,PRE_IB,Point,141.0,0.6237871646881104,1.003800630569458,57.0,11.0,38.018047326140774,SUPPORTED
sha256:8dede4f142335c2392da8ba546a888102138b6e530d2f14911ac6147a417c717,sha256:b79b1d5074d08bb4af1afd1436cc1c53b8a731ad5e6d6f3aa47be73d80694580,PRE_IB,Point,141.0,0.6085717082023621,1.0005027055740356,57.0,11.0,37.89985801626818,SUPPORTED
sha256:8dede4f142335c2392da8ba546a888102138b6e530d2f14911ac6147a417c717,sha256:d3c92cfeb9daf54e609e3ce45b5ef7666470d9464ce9f224e176bfa3451b8c29,PRE_IB,Point,141.0,0.5927399396896362,0.997582197189331,57.0,11.0,37.774026804719824,SUPPORTED
sha256:8dede4f142335c2392da8ba546a888102138b6e530d2f14911ac6147a417c717,sha256:8bbe562ab41396b417d2822b7a0a138effef4b8772e6393a5946f607c90fa269,PRE_IB,Point,141.0,0.5780077576637268,0.9946460127830505,57.0,11.0,37.66098642661703,SUPPORTED
sha256:8dede4f142335c2392da8ba546a888102138b6e530d2f14911ac6147a417c717,sha256:11e9fafb3f593b8978f8dcfa4cfecedc8ece70ca9b39631a02f50bf54a8c3713,POST_IB_PRE_OB,Point,117.0,1.2173783779144287,0.6560888886451721,57.0,11.0,36.398747187977555,SUPPORTED
sha256:8dede4f142335c2392da8ba546a888102138b6e530d2f14911ac6147a417c717,sha256:dd28622de68f48595bf01c4468be68bdf89994bdfb5d4cceb81f677350654a79,POST_IB_PRE_OB,Point,117.0,1.2236218452453613,0.64506995677948,57.0,11.0,36.260919045719334,SUPPORTED
sha256:8e0c43eee94d184b24df43d48bccb8f3c04c0c57fab498bfe6bea28485fe30b8,sha256:e4fba575bf15dc81805c0bf1c4e8a50b023da7b6fa0f0a55ce9aaf757875e1c3,POST_IB_PRE_OB,Point,1.0,1.056203007698059,1.4402130842208862,0.0,0.0,0.3840100765228271,SUPPORTED
sha256:8e0c43eee94d184b24df43d48bccb8f3c04c0c57fab498bfe6bea28485fe30b8,sha256:82d5ab38eab84e9245aff23d0e81d85aee76645d403cd51b903cabb0745c6d1c,POST_IB_PRE_OB,Point,1.0,1.0185291767120361,1.4264519214630127,0.0,0.0,0.40792274475097656,SUPPORTED
sha256:8e0c43eee94d184b24df43d48bccb8f3c04c0c57fab498bfe6bea28485fe30b8,sha256:2f24a09dd98ff0cebb931c672fe8eca8a2f54318b09cdbafb263a7457d9d80bf,POST_IB_PRE_OB,Point,1.0,1.030543327331543,1.4229681491851807,0.0,0.0,0.3924248218536377,SUPPORTED
sha256:8e0c43eee94d184b24df43d48bccb8f3c04c0c57fab498bfe6bea28485fe30b8,sha256:86414fff0b4f67e94838f7a1910fc9bbd83d32067ebe905bd89e2b8e97866ef5,POST_IB_PRE_OB,Point,1.0,1.0423542261123657,1.418345332145691,0.0,0.0,0.3759911060333252,SUPPORTED
sha256:8e0c43eee94d184b24df43d48bccb8f3c04c0c57fab498bfe6bea28485fe30b8,sha256:d1ebf6eab14102f816a3e1f9c6d202d30dba36b21375ccd828b16697e5547da8,POST_IB_PRE_OB,Point,1.0,1.0498638153076172,1.4126968383789062,0.0,0.0,0.3628330230712891,SUPPORTED
sha256:8e0c43eee94d184b24df43d48bccb8f3c04c0c57fab498bfe6bea28485fe30b8,sha256:b52136b871791daa5b7d85a1ebfb5469326735876d6f568932645fe94a82e199,POST_IB_PRE_OB,Point,1.0,1.053511619567871,1.4062113761901855,0.0,0.0,0.35269975662231445,SUPPORTED
sha256:8e0c43eee94d184b24df43d48bccb8f3c04c0c57fab498bfe6bea28485fe30b8,sha256:d90bd5fb1061838bbf898ae4a07076a65cf929dc79f4326f2c33c44e4ecc82e7,POST_IB_PRE_OB,Point,44.0,1.097334384918213,1.018877625465393,0.0,0.0,0.07845675945281982,SUPPORTED
sha256:8e0c43eee94d184b24df43d48bccb8f3c04c0c57fab498bfe6bea28485fe30b8,sha256:0ba0efd161b397bfa3446562fc33aa04b732ae9e2f993d36fe43d1df4b9dacab,POST_IB_PRE_OB,Point,44.0,1.0960562229156494,0.9431436657905579,0.0,0.0,0.15291255712509152,SUPPORTED
sha256:8e0c43eee94d184b24df43d48bccb8f3c04c0c57fab498bfe6bea28485fe30b8,sha256:5df83be6b22ae55730097ffb8ff85087fe7499e51db17781193d7d010278f0b7,POST_IB_PRE_OB,Point,44.0,1.1857126951217651,1.027047872543335,0.0,0.0,0.1586648225784302,SUPPORTED
sha256:8e0c43eee94d184b24df43d48bccb8f3c04c0c57fab498bfe6bea28485fe30b8,sha256:c445ce05404c034163780ecfa5f6547496f98ac62370a8c649824dfd56a846e7,POST_IB_PRE_OB,Point,44.0,1.2112691402435303,1.043696641921997,0.0,0.0,0.1675724983215332,SUPPORTED
sha256:8e0c43eee94d184b24df43d48bccb8f3c04c0c57fab498bfe6bea28485fe30b8,sha256:8338f9211e80b6ef2a322f4d766c00ab3c9456c86fa66dabc6aad0bdaf3a328f,POST_IB_PRE_OB,Point,44.0,1.22202730178833,1.0492390394210815,0.0,0.0,0.17278826236724854,SUPPORTED
sha256:8e0c43eee94d184b24df43d48bccb8f3c04c0c57fab498bfe6bea28485fe30b8,sha256:464c7a6c6f3bca2b12eedacb8396996a8b8e3a5d974a03aaa9a565663ddb5915,POST_IB_PRE_OB,Point,44.0,1.2266974449157715,1.0487971305847168,0.0,0.0,0.1779003143310547,SUPPORTED
sha256:8e0c43eee94d184b24df43d48bccb8f3c04c0c57fab498bfe6bea28485fe30b8,sha256:026c6375a95ff3f798f783e3a7a7d23c121edd2081c32bab3052f2dadc544993,POST_IB_PRE_OB,Point,44.0,1.2283974885940552,1.0445019006729126,0.0,0.0,0.18389558792114255,SUPPORTED
sha256:8ec4cb7b2667f829df62a3748d8aa2fe9fd16c72b8541f202ec4b5fa27c25c2f,sha256:d0fc2cc15db0d36168ef36961b694292e9cd854f828a6aed97fff650b743fef2,PRE_IB,Point,103.0,0.8991144299507141,1.4761035442352295,0.0,0.0,0.5769891142845154,SUPPORTED
sha256:8ec4cb7b2667f829df62a3748d8aa2fe9fd16c72b8541f202ec4b5fa27c25c2f,sha256:cbe4f5e0a922488b2013e15a13881ef90060c07e91f1154a41278dc4a12e549f,PRE_IB,Point,171.0,1.0962964296340942,0.0,0.0,0.0,1.0962964296340942,SUPPORTED
sha256:8ec4cb7b2667f829df62a3748d8aa2fe9fd16c72b8541f202ec4b5fa27c25c2f,sha256:c02bab0385ffddcd64dfe57c516aaae81a5a6f33fc7ebb7a513a91c151992bc0,POST_IB_PRE_OB,Point,103.0,1.1190110445022583,0.5494967699050903,0.0,0.0,0.5695142745971679,SUPPORTED
sha256:8ec4cb7b2667f829df62a3748d8aa2fe9fd16c72b8541f202ec4b5fa27c25c2f,sha256:10d42b96ac6e4c18e97cc9d6dae22f2b518442f80c9d366bee6c58a867822156,POST_IB_PRE_OB,Point,103.0,1.120882511138916,0.4743873178958893,0.0,0.0,0.6464951932430268,SUPPORTED
sha256:8ec4cb7b2667f829df62a3748d8aa2fe9fd16c72b8541f202ec4b5fa27c25c2f,sha256:470f7b4534acac161cfbd36b4ad7433cd290953eadcc66000f76b6cb4f8f31c2,POST_IB_PRE_OB,Point,103.0,1.1195718050003052,0.41247937083244324,0.0,0.0,0.707092434167862,SUPPORTED
sha256:8ec4cb7b2667f829df62a3748d8aa2fe9fd16c72b8541f202ec4b5fa27c25c2f,sha256:84ab7a16e52ec2b2f8e05314dd9885dd1fce8348439a139ee750f154914ac94e,POST_IB_PRE_OB,Point,103.0,1.116446614265442,0.35641050338745117,0.0,0.0,0.7600361108779908,SUPPORTED
sha256:8ec4cb7b2667f829df62a3748d8aa2fe9fd16c72b8541f202ec4b5fa27c25c2f,sha256:af85ce5081a56d8454cece186623d9abd58b3d3ccf3946da1718e616f5363284,POST_IB_PRE_OB,Point,150.0,0.991786003112793,0.7191042304039001,0.0,0.0,0.27268177270889277,SUPPORTED
sha256:8ec4cb7b2667f829df62a3748d8aa2fe9fd16c72b8541f202ec4b5fa27c25c2f,sha256:96f4efd2acf0430ae047d27e4bc4edafd00d15521e3da6914aec0a843e6b6d44,POST_IB_PRE_OB,Point,103.0,0.9621745944023132,0.649546205997467,0.0,0.0,0.3126283884048462,SUPPORTED
sha256:8ec4cb7b2667f829df62a3748d8aa2fe9fd16c72b8541f202ec4b5fa27c25c2f,sha256:53e688589563d3840f39294a8f54aceca1fca73fa1d6306986a5c14113f528d6,POST_IB_PRE_OB,Point,103.0,0.9627953767776489,0.5119850635528564,0.0,0.0,0.45081031322479254,SUPPORTED
sha256:8ec4cb7b2667f829df62a3748d8aa2fe9fd16c72b8541f202ec4b5fa27c25c2f,sha256:5d1db12f137f8151abb100cd3d62bfec9565ce11b02e4c017ff3cc91d3693b53,POST_IB_PRE_OB,Point,103.0,0.9573141932487488,0.4148126542568207,0.0,0.0,0.5425015389919281,SUPPORTED
sha256:8ec4cb7b2667f829df62a3748d8aa2fe9fd16c72b8541f202ec4b5fa27c25c2f,sha256:50e6ebd32230d3fe59814c5b91d9a25ccab090c1d72210d51667c02ff39cb618,POST_IB_PRE_OB,Point,103.0,0.9497364163398743,0.33888691663742065,0.0,0.0,0.6108494997024535,SUPPORTED
sha256:8ec4cb7b2667f829df62a3748d8aa2fe9fd16c72b8541f202ec4b5fa27c25c2f,sha256:a552d0eecef10efde06f8be8081bc502cdbd950538c344a8bbbdaf265131e1eb,POST_IB_PRE_OB,Point,103.0,0.9418734312057495,0.27439746260643005,0.0,0.0,0.6674759685993193,SUPPORTED
sha256:8ec4cb7b2667f829df62a3748d8aa2fe9fd16c72b8541f202ec4b5fa27c25c2f,sha256:3dc44d310bfa0549e9005c57107309d0082cdf433428d4bb3dd99f6decd8b915,POST_IB_PRE_OB,Point,103.0,0.9344853162765503,0.21633227169513702,0.0,0.0,0.7181530445814134,SUPPORTED
sha256:8ec4cb7b2667f829df62a3748d8aa2fe9fd16c72b8541f202ec4b5fa27c25c2f,sha256:f5de34aea7b47aa2c80136c97d5aa70b2d5a3dc06a28a89074cf649ada1fc234,POST_IB_PRE_OB,Point,103.0,0.9278830885887146,0.16204212605953217,0.0,0.0,0.7658409625291823,SUPPORTED
sha256:8ec4cb7b2667f829df62a3748d8aa2fe9fd16c72b8541f202ec4b5fa27c25c2f,sha256:5572a58de80da9d59fe65dca345fb461d982cd3a94aef569e6b1add81021dda2,POST_IB_PRE_OB,Point,103.0,0.9221810698509216,0.11003635078668594,0.0,0.0,0.8121447190642358,SUPPORTED
sha256:8ec4cb7b2667f829df62a3748d8aa2fe9fd16c72b8541f202ec4b5fa27c25c2f,sha256:ce2e60640ba1d3ec349c777c9b86c47dba15370b92ab4da119a461e62f5b4ded,POST_IB_PRE_OB,Point,103.0,0.9174071550369263,0.059434108436107635,0.0,0.0,0.8579730466008185,SUPPORTED
sha256:8ec4cb7b2667f829df62a3748d8aa2fe9fd16c72b8541f202ec4b5fa27c25c2f,sha256:90fd17e1b6b243014015fb3dc84b753e1ccfbf65e11e1894b3805ea3c00cf1cd,POST_IB_PRE_OB,Point,103.0,0.9135475158691406,0.009666521102190018,0.0,0.0,0.9038809947669506,SUPPORTED
sha256:8ec4cb7b2667f829df62a3748d8aa2fe9fd16c72b8541f202ec4b5fa27c25c2f,sha256:313ad4ed480396d758463efc76d750ccf0aa1228a8f98cae6d1f6e0b9cefdf06,POST_IB_PRE_OB,Point,205.0,1.0127111673355103,0.0,0.0,0.0,1.0127111673355105,SUPPORTED
sha256:8ec4cb7b2667f829df62a3748d8aa2fe9fd16c72b8541f202ec4b5fa27c25c2f,sha256:d90ef948f4a7b04eb3e14d56acf0b15f32cce273d1198703a33ac6aa741322f5,POST_IB_PRE_OB,Point,150.0,0.8976321220397949,0.7358151078224182,0.0,0.0,0.1618170142173767,SUPPORTED
sha256:8ec4cb7b2667f829df62a3748d8aa2fe9fd16c72b8541f202ec4b5fa27c25c2f,sha256:9bfd06d694dd4b2b78b3064b535f7932337510f534cf56303f27936ac4bda36d,POST_IB_PRE_OB,Point,103.0,0.9583659172058105,0.7590056657791138,0.0,0.0,0.19936025142669675,SUPPORTED
sha256:8ec4cb7b2667f829df62a3748d8aa2fe9fd16c72b8541f202ec4b5fa27c25c2f,sha256:365490103128038709b9a5bba3860c9b8835c88bce5440b9b36ec73cec18a8aa,POST_IB_PRE_OB,Point,103.0,0.9753028154373169,0.7138139009475708,0.0,0.0,0.2614889144897461,SUPPORTED
sha256:8ec4cb7b2667f829df62a3748d8aa2fe9fd16c72b8541f202ec4b5fa27c25c2f,sha256:8d51296b1cb87aa1b3e4f68be0f59ca0a51924716665d36a7f77eb50d90c08ed,POST_IB_PRE_OB,Point,103.0,0.9792992472648621,0.6746448874473572,0.0,0.0,0.30465435981750494,SUPPORTED
sha256:8ec4cb7b2667f829df62a3748d8aa2fe9fd16c72b8541f202ec4b5fa27c25c2f,sha256:cdd759d4c8e6c75c2fe7b22c44dd263565a9d2d84639e2ba75717c58f2254cd3,POST_IB_PRE_OB,Point,103.0,0.9780736565589905,0.6346222758293152,0.0,0.0,0.34345138072967524,SUPPORTED
sha256:8ec4cb7b2667f829df62a3748d8aa2fe9fd16c72b8541f202ec4b5fa27c25c2f,sha256:98506e89bbb2788b000f54f5cdb18becf737690a015f685366afef8913adf993,POST_IB_PRE_OB,Point,103.0,0.9748203754425049,0.5924181342124939,0.0,0.0,0.38240224123001104,SUPPORTED
sha256:8ec4cb7b2667f829df62a3748d8aa2fe9fd16c72b8541f202ec4b5fa27c25c2f,sha256:a044ff3c5cc9f8f38c64140136de23e9c22d926ae842a027881338d0b93e7c3b,POST_IB_PRE_OB,Point,103.0,0.9709811806678772,0.5482964515686035,0.0,0.0,0.42268472909927374,SUPPORTED
sha256:8ec4cb7b2667f829df62a3748d8aa2fe9fd16c72b8541f202ec4b5fa27c25c2f,sha256:b34539af2129f1d9125431cdde0799055155f9903747505d7d5f526f5af8ab2f,POST_IB_PRE_OB,Point,103.0,0.9672389030456543,0.502805233001709,0.0,0.0,0.46443367004394537,SUPPORTED
sha256:8ec4cb7b2667f829df62a3748d8aa2fe9fd16c72b8541f202ec4b5fa27c25c2f,sha256:a36e1c85bec6aece7f53ff9f70d46b66dea1e0b0b871ffca4caf23046d9ec6d2,POST_IB_PRE_OB,Point,103.0,0.9639210104942322,0.45641112327575684,0.0,0.0,0.5075098872184752,SUPPORTED
sha256:8ec4cb7b2667f829df62a3748d8aa2fe9fd16c72b8541f202ec4b5fa27c25c2f,sha256:4f065b444193a61f1634d6f4a370e9c78d5662ab420f7dc088666fba176bfa82,POST_IB_PRE_OB,Point,103.0,0.9611771702766418,0.40942487120628357,0.0,0.0,0.5517522990703583,SUPPORTED
sha256:8ec4cb7b2667f829df62a3748d8aa2fe9fd16c72b8541f202ec4b5fa27c25c2f,sha256:014a3b35741ecdaa7927e58d8dfd608af8514f9598f6ca9ea01b4a7ad66f9cd0,POST_IB_PRE_OB,Point,103.0,0.9590678215026855,0.3620055317878723,0.0,0.0,0.5970622897148131,SUPPORTED
sha256:8ec4cb7b2667f829df62a3748d8aa2fe9fd16c72b8541f202ec4b5fa27c25c2f,sha256:a77ae06b4db64fdc8f4923a270b27ddfbdbb49138a887aa2d626ec3ce4b34992,POST_IB_PRE_OB,Point,103.0,0.9576029181480408,0.3142167329788208,0.0,0.0,0.64338618516922,SUPPORTED
sha256:8ec4cb7b2667f829df62a3748d8aa2fe9fd16c72b8541f202ec4b5fa27c25c2f,sha256:fedaaedeaccf64b5fdd729171642b860a542c2dfd344bd079db68c71bce2d82b,POST_IB_PRE_OB,Point,150.0,0.9316117763519287,0.7834169268608093,0.0,0.0,0.1481948494911194,SUPPORTED
sha256:8ec4cb7b2667f829df62a3748d8aa2fe9fd16c72b8541f202ec4b5fa27c25c2f,sha256:6f0680b7ac09e4035f2d396caac91a522d9bfa18e0874e09a30a9b533fe95b08,POST_IB_PRE_OB,Point,150.0,1.144221305847168,1.0699036121368408,0.0,0.0,0.07431769371032713,SUPPORTED
sha256:8ec4cb7b2667f829df62a3748d8aa2fe9fd16c72b8541f202ec4b5fa27c25c2f,sha256:2a9fd2ee950f3317207bb532b2462fd819fb6f063b63473012f69eabdabcd40c,POST_IB_PRE_OB,Point,150.0,1.2039070129394531,1.0146721601486206,0.0,0.0,0.1892348527908325,SUPPORTED
sha256:8ec4cb7b2667f829df62a3748d8aa2fe9fd16c72b8541f202ec4b5fa27c25c2f,sha256:7880ce48582de315ea0fe39b508adf08be1f1d8599dc608d4ac4eeff5081f1e9,POST_IB_PRE_OB,Point,150.0,1.229935884475708,0.990989625453949,0.0,0.0,0.238946259021759,SUPPORTED
sha256:8ec4cb7b2667f829df62a3748d8aa2fe9fd16c72b8541f202ec4b5fa27c25c2f,sha256:aaf191445f62079c4727971048b5ae7024dcf13c0790e6c3855e3ce6c35accdb,POST_IB_PRE_OB,Point,150.0,1.2394020557403564,0.971931517124176,0.0,0.0,0.2674705386161804,SUPPORTED
sha256:8ec4cb7b2667f829df62a3748d8aa2fe9fd16c72b8541f202ec4b5fa27c25c2f,sha256:14ed1b4a939aa439780a40e32f840376e738349d3164378de22d0501bdfe7016,POST_IB_PRE_OB,Point,150.0,1.2410697937011719,0.9503597021102905,0.0,0.0,0.29071009159088135,SUPPORTED
sha256:8ec4cb7b2667f829df62a3748d8aa2fe9fd16c72b8541f202ec4b5fa27c25c2f,sha256:5894cc967a6f9e6359572fedf2a7891a4815b64eaf1dbca9be0623291823e860,POST_IB_PRE_OB,Point,150.0,1.2390501499176025,0.9246280789375305,0.0,0.0,0.314422070980072,SUPPORTED
sha256:8ec4cb7b2667f829df62a3748d8aa2fe9fd16c72b8541f202ec4b5fa27c25c2f,sha256:0b722fd7b8183b88ebaa52fb0338dcf64fcb72c617b353e8f983ce6cd0ebb2ca,POST_IB_PRE_OB,Point,150.0,1.2352344989776611,0.8948782682418823,0.0,0.0,0.3403562307357788,SUPPORTED
sha256:8ec4cb7b2667f829df62a3748d8aa2fe9fd16c72b8541f202ec4b5fa27c25c2f,sha256:c0c610c8ad4edcf11c60a6ed571db265cc69f50e2486442f7de0f4de12d53d9a,POST_IB_PRE_OB,Point,150.0,1.230520486831665,0.861746609210968,0.0,0.0,0.36877387762069697,SUPPORTED
sha256:8ec4cb7b2667f829df62a3748d8aa2fe9fd16c72b8541f202ec4b5fa27c25c2f,sha256:3eb2a28626d0899df5c19cd1d6364633e7494b009f3103bc5785cf956c5540e8,POST_IB_PRE_OB,Point,150.0,1.225361943244934,0.8259209990501404,0.0,0.0,0.39944094419479376,SUPPORTED
sha256:8ec4cb7b2667f829df62a3748d8aa2fe9fd16c72b8541f202ec4b5fa27c25c2f,sha256:a223f0ef6493db095c6ed56607e2e8e31fa2f2a7dc65aa9fe3fd905104b9605e,POST_OB_PRE_TO,Point,,,,,0.0,,ABSTAIN_NO_FINITE_OBSERVED_PAIR
sha256:8ec4cb7b2667f829df62a3748d8aa2fe9fd16c72b8541f202ec4b5fa27c25c2f,sha256:9b79cb1ee6e8957410202b1d92238a4a2b939f33b29722a33740a70751a7351c,POST_OB_PRE_TO,Point,,,,,0.0,,ABSTAIN_NO_FINITE_OBSERVED_PAIR
sha256:8f79d882dda34aceda0cc2aedb1ec15fd6de01695e208dfeae83ed7ae3d57bd9,sha256:acc040a475d0b96e8d07ae78441b0fb15f58d819f889706b103cf44aafb1f5b9,PRE_IB,Point,51.0,1.1190035343170166,0.0,10.0,0.0,4.428701495344438,SUPPORTED
sha256:8f79d882dda34aceda0cc2aedb1ec15fd6de01695e208dfeae83ed7ae3d57bd9,sha256:e3a2a8a8bcc18ccecaadf2d295cb77930fd113cd310739eba5146ad32976a2fa,PRE_IB,Point,51.0,1.1586720943450928,0.0,10.0,0.0,4.350817529667341,SUPPORTED
sha256:8f79d882dda34aceda0cc2aedb1ec15fd6de01695e208dfeae83ed7ae3d57bd9,sha256:8c460c0a0caf4c6cf421ed08458ab923ead99c41f689a9658ea77df2d63102ca,PRE_IB,Point,51.0,1.1985193490982056,0.0,10.0,0.0,4.27459170910021,SUPPORTED
sha256:8f79d882dda34aceda0cc2aedb1ec15fd6de01695e208dfeae83ed7ae3d57bd9,sha256:10e0670051437fac30e4c1813c0711d106eeb70643426d15123e4cec23df1db8,PRE_IB,Point,51.0,1.2319066524505615,0.0,10.0,0.0,4.212201096088354,SUPPORTED
sha256:8f79d882dda34aceda0cc2aedb1ec15fd6de01695e208dfeae83ed7ae3d57bd9,sha256:ce0deb6d70f21d02f8590385cb5bf30ae2c6749850bb9e757bb82923cb6b758e,PRE_IB,Point,51.0,1.2583556175231934,0.0,10.0,0.0,4.163693913049348,SUPPORTED
sha256:8f79d882dda34aceda0cc2aedb1ec15fd6de01695e208dfeae83ed7ae3d57bd9,sha256:e249ae4ab1d05c469bf364296273b5a7f91523c1375e0453664c66f65564e434,POST_IB_PRE_OB,Point,206.0,1.1144018173217773,0.5188040733337402,10.0,0.0,5.714623480634309,SUPPORTED
sha256:8f79d882dda34aceda0cc2aedb1ec15fd6de01695e208dfeae83ed7ae3d57bd9,sha256:aa5d459d60cd626fa29def3f013d23df523f88649bbe1f524fdda2a2c90f21a3,POST_IB_PRE_OB,Point,206.0,1.137290596961975,0.566495954990387,10.0,0.0,5.792532857717452,SUPPORTED
sha256:909c65b08b7c18af875df2b8f11d5cdb914ceb2e71f3833937300b002ef4b5c5,sha256:b8033a92096fa52de4a1816e204eaa3debbb6820520ee14a93a22493bb4959f6,POST_IB_PRE_OB,Point,24.0,1.137966513633728,0.783936619758606,0.0,11.0,7.407219114206889,SUPPORTED
sha256:909c65b08b7c18af875df2b8f11d5cdb914ceb2e71f3833937300b002ef4b5c5,sha256:9d880829bc280987b5b7260fa3b7844fb87df68e4d6794b63391497f903f61c3,POST_IB_PRE_OB,Point,24.0,1.0139237642288208,0.6190772652626038,0.0,11.0,7.226723905458015,SUPPORTED
sha256:909c65b08b7c18af875df2b8f11d5cdb914ceb2e71f3833937300b002ef4b5c5,sha256:7f3894ecd1ef2a28a41bfc274f8b7ec135cf7a04272785eefab21c323a573ef4,POST_IB_PRE_OB,Point,24.0,1.0028784275054932,0.4846850633621216,0.0,11.0,6.743205613132028,SUPPORTED
sha256:909c65b08b7c18af875df2b8f11d5cdb914ceb2e71f3833937300b002ef4b5c5,sha256:eb0491f40af5067aec692bcdfe0739e78c5bc86fab413d894b13fe05895130ad,POST_IB_PRE_OB,Point,190.0,1.007611870765686,0.9826775193214417,0.0,11.0,9.977503464203108,SUPPORTED
sha256:909c65b08b7c18af875df2b8f11d5cdb914ceb2e71f3833937300b002ef4b5c5,sha256:5b01708602496c1f85e24ebb6567dfb49d8e43ce4660f5f8d54fd928626c1e53,POST_IB_PRE_OB,Point,190.0,1.0444831848144531,0.9021192789077759,0.0,11.0,8.639563102827497,SUPPORTED
sha256:909c65b08b7c18af875df2b8f11d5cdb914ceb2e71f3833937300b002ef4b5c5,sha256:1013c2f2fcbdac1bff8fcd02eb92d596eddb060085232d45b9ae69e361ec58f8,POST_IB_PRE_OB,Point,190.0,1.0663982629776,0.8555514812469482,0.0,11.0,8.164987560402672,SUPPORTED
sha256:909c65b08b7c18af875df2b8f11d5cdb914ceb2e71f3833937300b002ef4b5c5,sha256:5d892a288c9160eeb4d6e299c6813948924da4867f72a800d0e1c2a7d26e539c,POST_IB_PRE_OB,Point,190.0,1.0743697881698608,0.8180607557296753,0.0,11.0,7.898095604534185,SUPPORTED
sha256:909c65b08b7c18af875df2b8f11d5cdb914ceb2e71f3833937300b002ef4b5c5,sha256:7c080eed0aa0f031abc20f8586762565219741e389a0c7e905d6860467d55013,POST_OB_PRE_TO,Point,,,,,11.0,,ABSTAIN_NO_FINITE_OBSERVED_PAIR
sha256:909c65b08b7c18af875df2b8f11d5cdb914ceb2e71f3833937300b002ef4b5c5,sha256:bdd48773ac044fc4e302ec33f8e55db31a371269495930f5623085ee4f55f918,POST_OB_PRE_TO,Point,,,,,11.0,,ABSTAIN_NO_FINITE_OBSERVED_PAIR
sha256:9136d802eeeb2edae0bad6b4688d8f82f096a435c4768b05ff3b2ae4e83fc470,sha256:ca7cc8feede294743963581d3ffe1200d0fb37c07d41e38ad387aad6e002ade0,PRE_IB,Point,217.0,0.9164257049560547,1.3020929098129272,24.0,0.0,18.300927960956624,SUPPORTED
sha256:9136d802eeeb2edae0bad6b4688d8f82f096a435c4768b05ff3b2ae4e83fc470,sha256:d86a7065192480369b984808bdcd86649cd1e45020607c42f93e70a11c773d70,PRE_IB,Point,217.0,0.9506494402885437,1.3548357486724854,24.0,0.0,18.17507035145567,SUPPORTED
sha256:9136d802eeeb2edae0bad6b4688d8f82f096a435c4768b05ff3b2ae4e83fc470,sha256:a1d74629c05923bcdbe4c1c627e2171e674f4d6e56b65efc2a8debcd6cc651ed,PRE_IB,Point,217.0,0.9774147868156433,1.388915777206421,24.0,0.0,18.126272666971282,SUPPORTED
sha256:9136d802eeeb2edae0bad6b4688d8f82f096a435c4768b05ff3b2ae4e83fc470,sha256:6cfb859ff07dbdccf08155323879d5d95f30e7734929722f5ed7b1fdc2709862,PRE_IB,Point,217.0,1.0003929138183594,1.4098129272460938,24.0,0.0,18.14010415848291,SUPPORTED
sha256:9136d802eeeb2edae0bad6b4688d8f82f096a435c4768b05ff3b2ae4e83fc470,sha256:e23e4e60821e057d7b2de3d2c0d0351c8834228a65bab256690f4d2557554768,PRE_IB,Point,217.0,1.019132137298584,1.42250657081604,24.0,0.0,18.18051772476417,SUPPORTED
sha256:9136d802eeeb2edae0bad6b4688d8f82f096a435c4768b05ff3b2ae4e83fc470,sha256:4a849a2e57d2ecb8814343ef32fbaa97eb5cd0cf9a8fb1c695ecf1e5fbb7d509,PRE_IB,Point,217.0,1.0344544649124146,1.4303858280181885,24.0,0.0,18.23075408599895,SUPPORTED
sha256:9136d802eeeb2edae0bad6b4688d8f82f096a435c4768b05ff3b2ae4e83fc470,sha256:d65f4b0ffb1af45e50a2b1e80e847ca2118b17b95b77a3a0007b460f53f02504,PRE_IB,Point,217.0,1.0473414659500122,1.4355021715164185,24.0,0.0,18.283782953954447,SUPPORTED
sha256:9136d802eeeb2edae0bad6b4688d8f82f096a435c4768b05ff3b2ae4e83fc470,sha256:eadd9cb4861b9c2b883d606745df9773d95f594ba98f2293ed7bbd7362534fce,PRE_IB,Point,217.0,1.058578610420227,1.4390349388122559,24.0,0.0,18.33696333794066,SUPPORTED
sha256:9136d802eeeb2edae0bad6b4688d8f82f096a435c4768b05ff3b2ae4e83fc470,sha256:7631656792bfdf9f5f9a86613a9813d35d790e8b6bfc122ed3fa51829fd9025b,PRE_IB,Point,217.0,1.0687153339385986,1.4416500329971313,24.0,0.0,18.389479918614445,SUPPORTED
sha256:9136d802eeeb2edae0bad6b4688d8f82f096a435c4768b05ff3b2ae4e83fc470,sha256:5c57f1e7e5a87cfde442e1d5ea84d3d8e231a81ac33c4c85cf041c0937951dca,PRE_IB,Point,217.0,1.0781171321868896,1.443722128868103,24.0,0.0,18.441241766645724,SUPPORTED
sha256:9136d802eeeb2edae0bad6b4688d8f82f096a435c4768b05ff3b2ae4e83fc470,sha256:4163a59d2d9b64a100acd024da73d9550c0cf0d245b9763e0582e23674513ae9,PRE_IB,Point,217.0,1.0870206356048584,1.4454644918441772,24.0,0.0,18.492388094573336,SUPPORTED
sha256:9136d802eeeb2edae0bad6b4688d8f82f096a435c4768b05ff3b2ae4e83fc470,sha256:4335b3dd3cf5d9180ce8d7da329c3a861f3eef8ed7e9f94fadf3c451e61cda82,PRE_IB,Point,217.0,1.0955770015716553,1.44700026512146,24.0,0.0,18.543098780466817,SUPPORTED
sha256:9136d802eeeb2edae0bad6b4688d8f82f096a435c4768b05ff3b2ae4e83fc470,sha256:544b5b54325d014509716811339da641b27274e107cb25fbbd22e723a4e26fc1,POST_IB_PRE_OB,Point,199.0,1.1100432872772217,1.0093313455581665,24.0,0.0,20.99131547214022,SUPPORTED
sha256:9136d802eeeb2edae0bad6b4688d8f82f096a435c4768b05ff3b2ae4e83fc470,sha256:9d8b5e992809e5611fa3a53f7a6b8c52578422b36f651aaf6f5ae6841e3de445,POST_IB_PRE_OB,Point,199.0,1.1257405281066895,1.0220929384231567,24.0,0.0,20.94925880425787,SUPPORTED
sha256:92954cdff5a86c68328d0a8f09ca47398b691ff8412d2cd90e1ef55b72178388,sha256:0cd5e260942b91dcc4570de471a87cef16867a32b8314cc8cd6a266f278f1437,PRE_IB,Point,120.0,0.7080991864204407,0.9210778474807739,2.0,1.0,0.2899864377770962,SUPPORTED
sha256:92954cdff5a86c68328d0a8f09ca47398b691ff8412d2cd90e1ef55b72178388,sha256:ab2d99c82133a9aa29f96355eacc3d61e952f157f84b98966f3520f0c87c5b73,POST_IB_PRE_OB,Point,92.0,0.8693704009056091,0.8058175444602966,2.0,1.0,0.5593590189371076,SUPPORTED
sha256:92954cdff5a86c68328d0a8f09ca47398b691ff8412d2cd90e1ef55b72178388,sha256:702e841c2071c9517df06e789174cc7afb65ddd83064943b2b57dcee78c9afac,POST_IB_PRE_OB,Point,92.0,0.9024096131324768,0.8724942803382874,2.0,1.0,0.6839943430049633,SUPPORTED
sha256:92954cdff5a86c68328d0a8f09ca47398b691ff8412d2cd90e1ef55b72178388,sha256:90ad7fc9a85a0a13021a37fe0bce17d001f3b0cfff3104c89d3741968fae80ec,POST_IB_PRE_OB,Point,92.0,0.926874041557312,0.9156079292297363,2.0,1.0,0.7989822238425974,SUPPORTED
sha256:92954cdff5a86c68328d0a8f09ca47398b691ff8412d2cd90e1ef55b72178388,sha256:83978c98d95bb4e7bbd23b9b2519ac2fbd72eeecf9fb6688b759a7d219f66c4c,POST_IB_PRE_OB,Point,92.0,0.9452226161956787,0.9433189630508423,2.0,1.0,0.9146419056299848,SUPPORTED
sha256:92954cdff5a86c68328d0a8f09ca47398b691ff8412d2cd90e1ef55b72178388,sha256:d718bf44ebab3ca94275811237e6f1535ca1b623e80d82b8832c4f6d36ca9a7d,POST_IB_PRE_OB,Point,92.0,0.9593394994735718,0.9615340828895569,2.0,1.0,0.9085018213479341,SUPPORTED
sha256:92a29f18646e5814d1fc271bcc58a58302762a6cf73fe4ba740c45e4a0adc937,sha256:e8452db78168ad95c355a4378f00ef97adf897df83af3f0337d61132a9aa7a42,POST_IB_PRE_OB,Point,179.0,1.0130064487457275,0.7500721216201782,0.0,9.0,6.18630698919205,SUPPORTED
sha256:92a29f18646e5814d1fc271bcc58a58302762a6cf73fe4ba740c45e4a0adc937,sha256:3ec5d87c426bbb9373547cce6d1b78f8f715b10daa9d35cfd6545d85cc9ad9cd,POST_IB_PRE_OB,Point,102.0,1.1672312021255493,0.5085868835449219,0.0,9.0,4.789230034613551,SUPPORTED
sha256:92a29f18646e5814d1fc271bcc58a58302762a6cf73fe4ba740c45e4a0adc937,sha256:5987388b216737dd704ed3d1bb3fa65295690a4a16f62fedbcf1402976fca5dd,POST_IB_PRE_OB,Point,102.0,1.1926672458648682,0.6710420846939087,0.0,9.0,5.188207825839116,SUPPORTED
sha256:92a29f18646e5814d1fc271bcc58a58302762a6cf73fe4ba740c45e4a0adc937,sha256:c68eeb3d8352717b6a1bcef187f04b2882e6f9c2c1ca8d21e413ba97b2160bde,POST_IB_PRE_OB,Point,102.0,1.2124727964401245,0.7721282243728638,0.0,9.0,5.458836742811944,SUPPORTED
sha256:92a29f18646e5814d1fc271bcc58a58302762a6cf73fe4ba740c45e4a0adc937,sha256:999aaac640416a54e575f7f0a71e5f8d95333b71974110cc013460b5e3f607c1,POST_IB_PRE_OB,Point,102.0,1.2278368473052979,0.8373399972915649,0.0,9.0,5.641112020405762,SUPPORTED
sha256:92a29f18646e5814d1fc271bcc58a58302762a6cf73fe4ba740c45e4a0adc937,sha256:72cc762c2aeb04e44f6f10f1d78e58d4f3e43f66d9d3c2e7217d9910d546fdbe,POST_IB_PRE_OB,Point,102.0,1.2398966550827026,0.881024956703186,0.0,9.0,5.764517633785629,SUPPORTED
sha256:92a29f18646e5814d1fc271bcc58a58302762a6cf73fe4ba740c45e4a0adc937,sha256:ef31670a055933c2deac94203ed5e0f7c344459bdb7427314c90517e4b86dbed,POST_IB_PRE_OB,Point,102.0,1.2495827674865723,0.8965383172035217,0.0,9.0,5.7879918265214005,SUPPORTED
sha256:92a29f18646e5814d1fc271bcc58a58302762a6cf73fe4ba740c45e4a0adc937,sha256:470f352c462d230499a199840d4a745595df8e76003086e3ac2189344dc510ae,POST_IB_PRE_OB,Point,102.0,1.2575972080230713,0.9041106700897217,0.0,9.0,5.786202505843869,SUPPORTED
sha256:92a29f18646e5814d1fc271bcc58a58302762a6cf73fe4ba740c45e4a0adc937,sha256:62d41a6114c350e537ea70e212bedbb41fa4134882b272d394ee0c9f0b28a5dd,POST_OB_PRE_TO,Point,,,,,9.0,,ABSTAIN_NO_FINITE_OBSERVED_PAIR
sha256:92a29f18646e5814d1fc271bcc58a58302762a6cf73fe4ba740c45e4a0adc937,sha256:e1e448ec4c0e7789e26c3bf6c750eea74f1d92ac072bc16055917f78a7f568ec,POST_OB_PRE_TO,Point,,,,,9.0,,ABSTAIN_NO_FINITE_OBSERVED_PAIR
sha256:92dfb300eff61238f0ae402e6956257e202a4ed932f4a45abb7631f7a5ae10ff,sha256:be20f973f4cf10ee75f84ffa391e3be9f8db78514d922c1d876aa38443c7dd3f,POST_IB_PRE_OB,Point,177.0,0.49803033471107483,1.4257400035858154,0.0,0.0,0.9277096688747406,SUPPORTED
sha256:92dfb300eff61238f0ae402e6956257e202a4ed932f4a45abb7631f7a5ae10ff,sha256:472c737e5eafb114c1c4fbdbc1821cc7dbb8b91a2a011add0577879a274d280e,POST_IB_PRE_OB,Point,53.0,1.1851422786712646,1.2621228694915771,0.0,0.0,0.07698059082031249,SUPPORTED
sha256:92dfb300eff61238f0ae402e6956257e202a4ed932f4a45abb7631f7a5ae10ff,sha256:8bc47e0f11bf5fac577cf2f08fff420f47b96351f472716b216db3a2aa47c229,POST_IB_PRE_OB,Point,53.0,1.1778323650360107,1.2392617464065552,0.0,0.0,0.06142938137054444,SUPPORTED
sha256:92dfb300eff61238f0ae402e6956257e202a4ed932f4a45abb7631f7a5ae10ff,sha256:dafd575ca8c36eeef21ff684374a826dbbae1e48c016a7cc0ae6a51f1b3199d4,POST_IB_PRE_OB,Point,89.0,1.079722285270691,0.476673424243927,0.0,0.0,0.6030488610267639,SUPPORTED
sha256:92dfb300eff61238f0ae402e6956257e202a4ed932f4a45abb7631f7a5ae10ff,sha256:766099c944eeae3238a9983a5e9b945b25e1336e5e4ce1977e4638ce3f21d693,POST_IB_PRE_OB,Point,89.0,1.115893840789795,0.37829825282096863,0.0,0.0,0.7375955879688263,SUPPORTED
sha256:92dfb300eff61238f0ae402e6956257e202a4ed932f4a45abb7631f7a5ae10ff,sha256:0c0036fbdea7f60a4ba29dcc666d6eb69f5cae8be820417a926ded67bc717b97,POST_IB_PRE_OB,Point,89.0,1.128413438796997,0.3089348375797272,0.0,0.0,0.8194786012172699,SUPPORTED
sha256:92dfb300eff61238f0ae402e6956257e202a4ed932f4a45abb7631f7a5ae10ff,sha256:2f7803f0f36d110b94530daf9b57fa0e6160adcdd82b4e6c3efec01506c2ef8d,POST_IB_PRE_OB,Point,89.0,1.130781650543213,0.2552013397216797,0.0,0.0,0.8755803108215333,SUPPORTED
sha256:92dfb300eff61238f0ae402e6956257e202a4ed932f4a45abb7631f7a5ae10ff,sha256:2c1955881a0b1f74e84efd3fc50960526e705f93b958e073b5802133f8e295cb,POST_OB_PRE_TO,Point,,,,,0.0,,ABSTAIN_NO_FINITE_OBSERVED_PAIR
sha256:92dfb300eff61238f0ae402e6956257e202a4ed932f4a45abb7631f7a5ae10ff,sha256:1cd94288764da2984d9c2c78f2bdbc3afeb1207311aef09a2fb9717cbfd94388,POST_OB_PRE_TO,Point,,,,,0.0,,ABSTAIN_NO_FINITE_OBSERVED_PAIR
sha256:9bc1c4d7908588a21802e6c224ab7595655c93af346cc39b44488108ea0c17e4,sha256:73353213d61681a818a5c81fddf862fc808a1300a583343dc5ab4e0def1dc2dc,POST_IB_PRE_OB,Point,190.0,1.1597416400909424,1.2990261316299438,0.0,0.0,0.13928449153900146,SUPPORTED
sha256:9bc1c4d7908588a21802e6c224ab7595655c93af346cc39b44488108ea0c17e4,sha256:8067587608eb13c17d124f7195a6fa53ba2a91ce93c4bf43af351d5c50919a6f,POST_IB_PRE_OB,Point,190.0,1.113664984703064,1.2190746068954468,0.0,0.0,0.1054096221923828,SUPPORTED
sha256:9bc1c4d7908588a21802e6c224ab7595655c93af346cc39b44488108ea0c17e4,sha256:dfacd70e275150649fd2100362178652deb90c5e1d39f6cde5c7e12e20062a00,POST_IB_PRE_OB,Point,190.0,1.1170756816864014,1.1796965599060059,0.0,0.0,0.06262087821960449,SUPPORTED
sha256:9bc1c4d7908588a21802e6c224ab7595655c93af346cc39b44488108ea0c17e4,sha256:7a14d0094318ce5ce237ba952fde0db6fd403f5c6f0773a1a09cbb490c0acc86,POST_IB_PRE_OB,Point,190.0,1.116926908493042,1.1554816961288452,0.0,0.0,0.038554787635803216,SUPPORTED
sha256:9bc1c4d7908588a21802e6c224ab7595655c93af346cc39b44488108ea0c17e4,sha256:b5528fdc157c8ee1027a1bdefd1c1e6336b044b161242df33ee187b2589e132d,POST_IB_PRE_OB,Point,190.0,1.113023042678833,1.1386408805847168,0.0,0.0,0.02561783790588379,SUPPORTED
sha256:9bc1c4d7908588a21802e6c224ab7595655c93af346cc39b44488108ea0c17e4,sha256:4e0fe6df01e7f354552ebbf7d6016f933d2a61067c489c9e425109b5bb0ae025,POST_IB_PRE_OB,Point,190.0,1.1069750785827637,1.125511884689331,0.0,0.0,0.01853680610656738,SUPPORTED
sha256:9bc1c4d7908588a21802e6c224ab7595655c93af346cc39b44488108ea0c17e4,sha256:03abc144d8615e987b2548d3373c2df5aa677a2f05b30c761a8390a1d918f1cd,POST_IB_PRE_OB,Point,190.0,1.1000491380691528,1.114277958869934,0.0,0.0,0.014228820800781248,SUPPORTED
sha256:9bc1c4d7908588a21802e6c224ab7595655c93af346cc39b44488108ea0c17e4,sha256:a22a799ff8d8005eceaf67ce8fa62b482d23549319c3a6e8f2dd224ab8cc3cbd,POST_IB_PRE_OB,Point,190.0,1.0929698944091797,1.1039903163909912,0.0,0.0,0.011020421981811523,SUPPORTED
sha256:9bc1c4d7908588a21802e6c224ab7595655c93af346cc39b44488108ea0c17e4,sha256:bad42c10c39f11636fb1bb71618124cc87cdcfb844166622b5595f2be95da9f3,POST_IB_PRE_OB,Point,190.0,1.0860893726348877,1.0941274166107178,0.0,0.0,0.008038043975830078,SUPPORTED
sha256:9bc1c4d7908588a21802e6c224ab7595655c93af346cc39b44488108ea0c17e4,sha256:7c6ea5de7dabd2efd25fbd290266b50c70102e73808e37731581bf2eb3b8fe7c,POST_OB_PRE_TO,Point,,,,,0.0,,ABSTAIN_NO_FINITE_OBSERVED_PAIR
sha256:9bc1c4d7908588a21802e6c224ab7595655c93af346cc39b44488108ea0c17e4,sha256:547e6f6ce84a47e5e0b73b8e95429575d138990f78f5d77c1dbcf942ff06283c,POST_OB_PRE_TO,Point,,,,,0.0,,ABSTAIN_NO_FINITE_OBSERVED_PAIR
sha256:9ce5cffb874040a620d68f9d91f95b0a279c0687adcb861dbe822ba059a9b3fe,sha256:2aebc9fc1f6e6595d5f26cad4e4a2c84043e38f76b785b80ef8c16396bb227ab,POST_IB_PRE_OB,Point,37.0,1.0394294261932373,1.383339524269104,0.0,0.0,0.3439100980758667,SUPPORTED
sha256:9ce5cffb874040a620d68f9d91f95b0a279c0687adcb861dbe822ba059a9b3fe,sha256:238497e1d9a0f8d17f06060dba3b3eacb3c278e15e94f5555d12630c36682491,POST_IB_PRE_OB,Point,224.0,1.0457959175109863,0.3151189386844635,0.0,0.0,0.7306769788265228,SUPPORTED
sha256:9ce5cffb874040a620d68f9d91f95b0a279c0687adcb861dbe822ba059a9b3fe,sha256:1dce15f669572592003e34b3228195905e72299767d1f4880e48f6a2e9b1d5ca,POST_IB_PRE_OB,Point,224.0,1.0680043697357178,0.4822717010974884,0.0,0.0,0.5857326686382294,SUPPORTED
sha256:9ce5cffb874040a620d68f9d91f95b0a279c0687adcb861dbe822ba059a9b3fe,sha256:e6ea2246e92f3cd3946138a558601caec82dde2b590acd008e2bda93ae5f2259,POST_IB_PRE_OB,Point,224.0,1.0852961540222168,0.5855745077133179,0.0,0.0,0.49972164630889887,SUPPORTED
sha256:9ce5cffb874040a620d68f9d91f95b0a279c0687adcb861dbe822ba059a9b3fe,sha256:4be0bb633ef2f108302e601eccb676d0ad2c0613a153d0df5a4311613acf9efd,POST_IB_PRE_OB,Point,224.0,1.098819613456726,0.6521848440170288,0.0,0.0,0.44663476943969727,SUPPORTED
sha256:9ce5cffb874040a620d68f9d91f95b0a279c0687adcb861dbe822ba059a9b3fe,sha256:0665cc39fa534c15c0cbd71178a92ec74dc9fe802eaeea737030513592a9173d,POST_IB_PRE_OB,Point,224.0,1.1095666885375977,0.6969643831253052,0.0,0.0,0.4126023054122925,SUPPORTED
sha256:9ce5cffb874040a620d68f9d91f95b0a279c0687adcb861dbe822ba059a9b3fe,sha256:7d996c4d45974b6f12783e3af969b791be2307f3072335c9430afcb20a556861,POST_IB_PRE_OB,Point,224.0,1.1183266639709473,0.7283986210823059,0.0,0.0,0.3899280428886413,SUPPORTED
sha256:9ce5cffb874040a620d68f9d91f95b0a279c0687adcb861dbe822ba059a9b3fe,sha256:2763e2eff4b061eff7262785f120a04632fe4559fc89d95fb9e8b45b866f8a62,POST_IB_PRE_OB,Point,224.0,1.1256904602050781,0.7514982223510742,0.0,0.0,0.3741922378540039,SUPPORTED
sha256:9ce5cffb874040a620d68f9d91f95b0a279c0687adcb861dbe822ba059a9b3fe,sha256:d7e999516b84b7713b058233553e1e28c1f379bd48ce0caa3350aa41b2bfe5f3,POST_IB_PRE_OB,Point,224.0,1.1320838928222656,0.7693098783493042,0.0,0.0,0.3627740144729615,SUPPORTED
sha256:9ce5cffb874040a620d68f9d91f95b0a279c0687adcb861dbe822ba059a9b3fe,sha256:2a8a92840e5f8d0beb2c2498b9727bdd45bfa26df6f1d337ad4e313f4764637f,POST_IB_PRE_OB,Point,224.0,1.1378047466278076,0.7837241291999817,0.0,0.0,0.3540806174278259,SUPPORTED
sha256:9ce5cffb874040a620d68f9d91f95b0a279c0687adcb861dbe822ba059a9b3fe,sha256:35c28144c04735cc9fe19e5955c30208534a59aa9664088ee08dafa11a7f4987,POST_IB_PRE_OB,Point,224.0,1.1430596113204956,0.7959292531013489,0.0,0.0,0.3471303582191467,SUPPORTED
sha256:9ce5cffb874040a620d68f9d91f95b0a279c0687adcb861dbe822ba059a9b3fe,sha256:172887367b061e6fbbd4932a7f048d014afafb65520cccae3b03b2a003e9d259,POST_IB_PRE_OB,Point,224.0,1.1479891538619995,0.8066771626472473,0.0,0.0,0.3413119912147522,SUPPORTED
sha256:9ce5cffb874040a620d68f9d91f95b0a279c0687adcb861dbe822ba059a9b3fe,sha256:0a55c4f84479c649ab8500bff04fa9a5ad55590a111a833603c0f2de7f6a9f2e,POST_OB_PRE_TO,Point,,,,,0.0,,ABSTAIN_NO_FINITE_OBSERVED_PAIR
sha256:9db48b846fa1564a70ddc8d2cd2dae62e8e2b76c470614b4ede20d0f1ebcd0c9,sha256:965fb48e52563a087d542b62a3b72b246195fdeeee0cb4ceb4795063b91a538b,PRE_IB,Point,123.0,1.5343879461288452,1.2492239475250244,19.0,28.0,6.081119062942406,SUPPORTED
sha256:9db48b846fa1564a70ddc8d2cd2dae62e8e2b76c470614b4ede20d0f1ebcd0c9,sha256:5a09a9f83502190d01fc5ed428b5c28dd34236f1864ff8dab74809eb366c71a0,PRE_IB,Point,123.0,1.5654282569885254,1.3080334663391113,19.0,28.0,6.213349379789237,SUPPORTED
sha256:9db48b846fa1564a70ddc8d2cd2dae62e8e2b76c470614b4ede20d0f1ebcd0c9,sha256:11600252fa38d999264645fb36cc825c24b142ca0e700de528651e5be45967c9,PRE_IB,Point,123.0,1.5972084999084473,1.345280647277832,19.0,28.0,6.240382950972639,SUPPORTED
sha256:9db48b846fa1564a70ddc8d2cd2dae62e8e2b76c470614b4ede20d0f1ebcd0c9,sha256:c274490bfaa7eb2be5f49e511cadd9f361ebcc0509bfca65592d4f2befc8e6e8,POST_IB_PRE_OB,Point,237.0,1.014704942703247,0.8529296517372131,19.0,28.0,6.748497338724057,SUPPORTED
sha256:9db48b846fa1564a70ddc8d2cd2dae62e8e2b76c470614b4ede20d0f1ebcd0c9,sha256:47329d87612dfcddc37af70f220add23d008bcbabb127eb8bababa48bd9c4ba1,POST_IB_PRE_OB,Point,237.0,1.0425622463226318,0.8901843428611755,19.0,28.0,6.810241160098159,SUPPORTED
sha256:9db48b846fa1564a70ddc8d2cd2dae62e8e2b76c470614b4ede20d0f1ebcd0c9,sha256:6999e61f2b5370fa4b8578eebd05460b6c6920e29c75718395688eb00309e679,POST_IB_PRE_OB,Point,237.0,1.0621165037155151,0.9085339307785034,19.0,28.0,6.802205821811743,SUPPORTED
sha256:9db48b846fa1564a70ddc8d2cd2dae62e8e2b76c470614b4ede20d0f1ebcd0c9,sha256:8dd5d9e194dca6927ae3526c298a8646b4fdd414da0bea570d58dbe06d67a85f,POST_IB_PRE_OB,Point,237.0,1.0768742561340332,0.9204842448234558,19.0,28.0,6.78361939298676,SUPPORTED
sha256:9db48b846fa1564a70ddc8d2cd2dae62e8e2b76c470614b4ede20d0f1ebcd0c9,sha256:97cd11ead784c7bbdaa6fdc9d2889d3360900841b604faa77081a85267c113bd,POST_IB_PRE_OB,Point,237.0,1.0887186527252197,0.9287409782409668,19.0,28.0,6.760145121693725,SUPPORTED
sha256:9db48b846fa1564a70ddc8d2cd2dae62e8e2b76c470614b4ede20d0f1ebcd0c9,sha256:fea66cd8cd69e557e6b9e2c6cdc065a891901be275f94cb18daa0fc1d896f9d3,POST_IB_PRE_OB,Point,237.0,1.098671317100525,0.9348227977752686,19.0,28.0,6.735156135405624,SUPPORTED
sha256:9db48b846fa1564a70ddc8d2cd2dae62e8e2b76c470614b4ede20d0f1ebcd0c9,sha256:1be50fb9b5a5371c413ebd572b31d05a1a1a398916cec95bf1e42cbdd1be7ab3,POST_IB_PRE_OB,Point,237.0,1.1073367595672607,0.9395790696144104,19.0,28.0,6.710263674028781,SUPPORTED
sha256:9db48b846fa1564a70ddc8d2cd2dae62e8e2b76c470614b4ede20d0f1ebcd0c9,sha256:97f09e1d2c22a8f11ca1d2d0fc24dc5e9110d114300c8096589e30bd186c1c57,POST_IB_PRE_OB,Point,237.0,1.1151044368743896,0.9435001015663147,19.0,28.0,6.68609511764448,SUPPORTED
sha256:9db48b846fa1564a70ddc8d2cd2dae62e8e2b76c470614b4ede20d0f1ebcd0c9,sha256:ed4aaf809802b325e63e9751bdb6b7f9339923b4ee24eccde994e929f5eb04d9,POST_IB_PRE_OB,Point,237.0,1.122235655784607,0.9468785524368286,19.0,28.0,6.662817408035479,SUPPORTED
sha256:9db48b846fa1564a70ddc8d2cd2dae62e8e2b76c470614b4ede20d0f1ebcd0c9,sha256:27d1f6ae7b6b286ec436992b8eefa409da72d655444e9b433f63d2f698da4d4b,POST_IB_PRE_OB,Point,237.0,1.1289119720458984,0.9498940706253052,19.0,28.0,6.640387473189388,SUPPORTED
sha256:9db48b846fa1564a70ddc8d2cd2dae62e8e2b76c470614b4ede20d0f1ebcd0c9,sha256:6b35c4db7d2a54c3f603729c80e9c825a0b7cb9d8bedeaa48b5fdf6e5f15cce2,POST_IB_PRE_OB,Point,237.0,1.135258436203003,0.9526610374450684,19.0,28.0,6.6187123866550825,SUPPORTED
sha256:9db48b846fa1564a70ddc8d2cd2dae62e8e2b76c470614b4ede20d0f1ebcd0c9,sha256:78d2208bd9e7ac3fa0b0d1e161dc127af577b61fc6781bd849ab467e7201c058,POST_IB_PRE_OB,Point,237.0,1.141363263130188,0.9552530646324158,19.0,28.0,6.597680723715853,SUPPORTED
sha256:a18676c27b5e9bf753b73e24f65c06fba864c7c06c32851b9a4c5af13418f1ac,sha256:2f0d654ab5a308a0bc7e18624a6ec830b9b02f0f72b3ef437efee4bf1d350d81,PRE_IB,Point,147.0,0.27195531129837036,0.5728021860122681,62.0,11.0,43.466769874732655,SUPPORTED
sha256:a18676c27b5e9bf753b73e24f65c06fba864c7c06c32851b9a4c5af13418f1ac,sha256:116d00b141ac0a16882683138b5845fd088fdc7747d39e5d005b471209ab620e,PRE_IB,Point,147.0,0.3325400650501251,0.6995348334312439,62.0,11.0,42.71442678253159,SUPPORTED
sha256:a18676c27b5e9bf753b73e24f65c06fba864c7c06c32851b9a4c5af13418f1ac,sha256:b02b081477527c558b2287accf1afb3597cd04694bc73b165ae8873f376dbbd0,PRE_IB,Point,147.0,0.39600712060928345,0.732218861579895,62.0,11.0,43.054473085470505,SUPPORTED
sha256:a18676c27b5e9bf753b73e24f65c06fba864c7c06c32851b9a4c5af13418f1ac,sha256:4659b23bf9d222e74508880d7e05811e5a4d0e14eb436f87ff3a1487f2646aaf,PRE_IB,Point,147.0,0.44863393902778625,0.7537326812744141,62.0,11.0,43.41585648342912,SUPPORTED
sha256:a18676c27b5e9bf753b73e24f65c06fba864c7c06c32851b9a4c5af13418f1ac,sha256:ebe90cc6d96f87309b518a45a12c8c7e4011142edc7796afecd037ede40a89ce,PRE_IB,Point,147.0,0.48959818482398987,0.7676507830619812,62.0,11.0,43.74660319984527,SUPPORTED
sha256:a18676c27b5e9bf753b73e24f65c06fba864c7c06c32851b9a4c5af13418f1ac,sha256:016af974b6b60b2c9d7f5405d2ca7b0a241153cfe178b8db9078c69d62654dbf,PRE_IB,Point,147.0,0.5215007662773132,0.776803195476532,62.0,11.0,44.03853753371865,SUPPORTED
sha256:a18676c27b5e9bf753b73e24f65c06fba864c7c06c32851b9a4c5af13418f1ac,sha256:843dbaa92ed97d9280031da7f1c1c53d19d219818bccc6e30d08bc808b9cd94a,PRE_IB,Point,147.0,0.547073483467102,0.7830556035041809,62.0,11.0,44.29765721502117,SUPPORTED
sha256:a41457ba655f56cd7192d6646e8ea413e88168eb808e399c0ccd008e8b3bbd74,sha256:617808ef094859dd235c1114871ee01ab8af97179eb538ade502aa485cecf6aa,POST_IB_PRE_OB,Point,24.0,1.1638026237487793,1.4915943145751953,0.0,0.0,0.327791690826416,SUPPORTED
sha256:a41457ba655f56cd7192d6646e8ea413e88168eb808e399c0ccd008e8b3bbd74,sha256:1b3fe4a5c0a82213f72dc94541ed6055c28d13fe5f84bb6d904d678e2f71c33d,POST_IB_PRE_OB,Point,24.0,1.1170952320098877,1.46683669090271,0.0,0.0,0.34974145889282227,SUPPORTED
sha256:a41457ba655f56cd7192d6646e8ea413e88168eb808e399c0ccd008e8b3bbd74,sha256:b8aaf3bdd1d35d05fc868a013d79a4f7316b67508a21855da4fc9fa15a63e6cf,POST_IB_PRE_OB,Point,24.0,1.1287344694137573,1.4614077806472778,0.0,0.0,0.33267331123352045,SUPPORTED
sha256:a41457ba655f56cd7192d6646e8ea413e88168eb808e399c0ccd008e8b3bbd74,sha256:02e57aa7ebb48ecd3ef60ef3dcd68c07f5cd84dbd0a4cf92369fefbdc851cfe2,POST_IB_PRE_OB,Point,24.0,1.1404564380645752,1.4587653875350952,0.0,0.0,0.31830894947052,SUPPORTED
sha256:a41457ba655f56cd7192d6646e8ea413e88168eb808e399c0ccd008e8b3bbd74,sha256:7b803c9e854bb3c1d0b2d0f92cf3dec281adb04af56c77ac16b22dfa3b5c8f0f,POST_IB_PRE_OB,Point,24.0,1.1479778289794922,1.456559419631958,0.0,0.0,0.30858159065246576,SUPPORTED
sha256:a41457ba655f56cd7192d6646e8ea413e88168eb808e399c0ccd008e8b3bbd74,sha256:77eadf8d69ba655846afac772683d9c63f2be65971660922702b7739bed4a6b4,POST_IB_PRE_OB,Point,24.0,1.1516369581222534,1.4540337324142456,0.0,0.0,0.3023967742919922,SUPPORTED
sha256:a41457ba655f56cd7192d6646e8ea413e88168eb808e399c0ccd008e8b3bbd74,sha256:370e809bd28bdffc57c5b5745449ac9ba7de1bc46279ca15dcc053c263cb2b3b,POST_IB_PRE_OB,Point,24.0,1.1526193618774414,1.4509313106536865,0.0,0.0,0.2983119487762452,SUPPORTED
sha256:a41457ba655f56cd7192d6646e8ea413e88168eb808e399c0ccd008e8b3bbd74,sha256:548379c3da1b2518084be495e8790c6995554b570598dd12af5000e8b0f9bfca,POST_IB_PRE_OB,Point,24.0,1.151950716972351,1.447157621383667,0.0,0.0,0.29520690441131586,SUPPORTED
sha256:a41457ba655f56cd7192d6646e8ea413e88168eb808e399c0ccd008e8b3bbd74,sha256:02684584ef98ea26be29e16726bb61a94de0411c2b5b586eff555b461490de56,POST_IB_PRE_OB,Point,24.0,1.1438615322113037,1.5134754180908203,0.0,0.0,0.36961388587951655,SUPPORTED
sha256:a4272b2dbb59d804c80972be0345e6c68eefe5e5b15435f4eb7524b1083972fb,sha256:60e8c5c79119feb1978c6cb04e5bf9ca0180349bbf47d2a2e3ab6c5a91718e3a,POST_IB_PRE_OB,Point,70.0,0.793074369430542,0.0,0.0,0.0,0.793074369430542,SUPPORTED
sha256:a4272b2dbb59d804c80972be0345e6c68eefe5e5b15435f4eb7524b1083972fb,sha256:7ec654afb59f8f22ede7ecd45d4aece1f7b4d08efe48eba3f873f67d1653e4f0,POST_IB_PRE_OB,Point,14.0,0.7499586939811707,0.0,0.0,0.0,0.7499586939811707,SUPPORTED
sha256:a4272b2dbb59d804c80972be0345e6c68eefe5e5b15435f4eb7524b1083972fb,sha256:1ef2f3a1c9705bad3c1bf76d786f1cf60d75142d59ccbcd16e941afa3ee3ce84,POST_IB_PRE_OB,Point,94.0,0.7765823006629944,0.0,0.0,0.0,0.7765823006629944,SUPPORTED
sha256:a4272b2dbb59d804c80972be0345e6c68eefe5e5b15435f4eb7524b1083972fb,sha256:d33846adf44c9849df504db8252f2a8c1235e8a6e1a88e9ba35b525fef48a8d8,POST_IB_PRE_OB,Point,94.0,0.769168496131897,0.0,0.0,0.0,0.7691684961318969,SUPPORTED
sha256:a4272b2dbb59d804c80972be0345e6c68eefe5e5b15435f4eb7524b1083972fb,sha256:6597e096a6b4fb6c6a54394c52c5115518284cfa75e72b76bacc85aec99774ed,POST_IB_PRE_OB,Point,94.0,0.7632776498794556,0.0,0.0,0.0,0.7632776498794556,SUPPORTED
sha256:a4272b2dbb59d804c80972be0345e6c68eefe5e5b15435f4eb7524b1083972fb,sha256:f6f5ae2ec1f722fd936031df65fae15d083f53cd2fc0f9aab118443510085725,POST_IB_PRE_OB,Point,153.0,0.7637779116630554,0.0,0.0,0.0,0.7637779116630553,SUPPORTED
sha256:a4272b2dbb59d804c80972be0345e6c68eefe5e5b15435f4eb7524b1083972fb,sha256:33c2b1677a15d97952d8bb598367460bee3c4a2df947d8122ce0ea6205981fb0,POST_IB_PRE_OB,Point,94.0,0.7623441219329834,0.0,0.0,0.0,0.7623441219329834,SUPPORTED
sha256:a4272b2dbb59d804c80972be0345e6c68eefe5e5b15435f4eb7524b1083972fb,sha256:e1b2f40bf911d52df9e53f2eb33148b8e2436db013e6a255be5d4d7671deb39e,POST_IB_PRE_OB,Point,14.0,0.769614577293396,0.0,0.0,0.0,0.769614577293396,SUPPORTED
sha256:a4272b2dbb59d804c80972be0345e6c68eefe5e5b15435f4eb7524b1083972fb,sha256:1f499598991d22b436cc5b1052d606dfebd45e41e9bbbdd61c85e2ae6b8542d5,POST_IB_PRE_OB,Point,70.0,0.7733603119850159,0.0,0.0,0.0,0.7733603119850159,SUPPORTED
sha256:a4272b2dbb59d804c80972be0345e6c68eefe5e5b15435f4eb7524b1083972fb,sha256:cdd9fb943e5126db9cffefd8860b9b43426f43fc8b18a1a9e3b1da97f6368ed5,POST_IB_PRE_OB,Point,70.0,0.7786264419555664,0.0,0.0,0.0,0.7786264419555663,SUPPORTED
sha256:a4272b2dbb59d804c80972be0345e6c68eefe5e5b15435f4eb7524b1083972fb,sha256:ceed0c977008927d26b6b7acde2d137470458787f7b4e156076736a4c8e38e66,POST_IB_PRE_OB,Point,70.0,0.7776013612747192,0.0,0.0,0.0,0.7776013612747193,SUPPORTED
sha256:a4272b2dbb59d804c80972be0345e6c68eefe5e5b15435f4eb7524b1083972fb,sha256:5494f80cb6a66a1dedb747b17f16dcbefdf5318a1fd66c552b7cad01fedcba98,POST_IB_PRE_OB,Point,70.0,0.7738969922065735,0.0,0.0,0.0,0.7738969922065735,SUPPORTED
sha256:a4272b2dbb59d804c80972be0345e6c68eefe5e5b15435f4eb7524b1083972fb,sha256:e00b0a831883c621385f09a4a5acd535a25aa690dbabeac433415d652a606410,POST_IB_PRE_OB,Point,70.0,0.769194483757019,0.0,0.0,0.0,0.769194483757019,SUPPORTED
sha256:a4272b2dbb59d804c80972be0345e6c68eefe5e5b15435f4eb7524b1083972fb,sha256:1b400856011dba5ea16a8ae2cfe7ba47e8eaa0c189edd7ee19a8b47079f09a00,POST_IB_PRE_OB,Point,14.0,0.7796041369438171,0.0,0.0,0.0,0.7796041369438171,SUPPORTED
sha256:a4272b2dbb59d804c80972be0345e6c68eefe5e5b15435f4eb7524b1083972fb,sha256:7f123e1f4a20dc8288bc81cd7b1fefa79a8fda82aaef8f0899e347a9a44d2347,POST_IB_PRE_OB,Point,14.0,0.7747886776924133,0.0,0.0,0.0,0.7747886776924134,SUPPORTED
sha256:a4272b2dbb59d804c80972be0345e6c68eefe5e5b15435f4eb7524b1083972fb,sha256:f6f3f4b9780bc3aae049b297073fad841f4ae8b1f3a529e7381f745e6e3a208e,POST_IB_PRE_OB,Point,14.0,0.7702670693397522,0.0,0.0,0.0,0.7702670693397522,SUPPORTED
sha256:a4272b2dbb59d804c80972be0345e6c68eefe5e5b15435f4eb7524b1083972fb,sha256:67ffcdc0af7bbf35177c916defa8bebafa9399b11cfe25a762e68cda797aa515,POST_IB_PRE_OB,Point,14.0,0.7660964727401733,0.0,0.0,0.0,0.7660964727401732,SUPPORTED
sha256:a4272b2dbb59d804c80972be0345e6c68eefe5e5b15435f4eb7524b1083972fb,sha256:1aef09c3dd65c488bac6f04487338d8a0620cba6e91faa96cb7d146c2c6594c3,POST_IB_PRE_OB,Point,14.0,0.7622939348220825,0.0,0.0,0.0,0.7622939348220826,SUPPORTED
sha256:a4272b2dbb59d804c80972be0345e6c68eefe5e5b15435f4eb7524b1083972fb,sha256:d46178ef5a3e77331b61c6fef7bad4ea036c6aef59b9434d873fe83d00ef9733,POST_OB_PRE_TO,Point,,,,,0.0,,ABSTAIN_NO_FINITE_OBSERVED_PAIR
sha256:ae88e6a57a9d1596e3f49145f73633957dd15ca16e2a0869ff9b84d580a4b124,sha256:7bad788a90c79071572b15ae6dc2a9238c4ee0c38c19425bab794f601ccd4b1c,PRE_IB,Point,195.0,1.3675684928894043,0.6003587245941162,7.0,0.0,3.132355562145104,SUPPORTED
sha256:ae88e6a57a9d1596e3f49145f73633957dd15ca16e2a0869ff9b84d580a4b124,sha256:c415f9d5772a300b71feb9ed026b93d0caf51b4024d9b187e9e287783bb41671,POST_IB_PRE_OB,Point,127.0,1.0223438739776611,0.48171699047088623,7.0,0.0,3.6499260805421354,SUPPORTED
sha256:ae88e6a57a9d1596e3f49145f73633957dd15ca16e2a0869ff9b84d580a4b124,sha256:43aa69b5fc2fee8f459447a3a7319106d0ae367f30906a9181f9ad0ce7305cf1,POST_IB_PRE_OB,Point,127.0,0.9816931486129761,0.9196407794952393,7.0,0.0,5.743922506283036,SUPPORTED
sha256:ae88e6a57a9d1596e3f49145f73633957dd15ca16e2a0869ff9b84d580a4b124,sha256:5a3c27e9e162decea97c2b71458ee5e5737529ac82dd7ee6280a858302dfc1e9,POST_IB_PRE_OB,Point,127.0,1.035260796546936,0.8673479557037354,7.0,0.0,4.999604849895047,SUPPORTED
sha256:ae88e6a57a9d1596e3f49145f73633957dd15ca16e2a0869ff9b84d580a4b124,sha256:1115b28def76d7e5532f4dfc1538d6429012b73608acced2b8acbfa2881e16fd,POST_IB_PRE_OB,Point,127.0,1.0559964179992676,0.7677164077758789,7.0,0.0,4.447181580697428,SUPPORTED
sha256:ae88e6a57a9d1596e3f49145f73633957dd15ca16e2a0869ff9b84d580a4b124,sha256:1b010638f6b8a3eab6f2c9565cb5c6c1879d0e168e106ea959c351a389475648,POST_IB_PRE_OB,Point,127.0,1.0657258033752441,0.7002010941505432,7.0,0.0,4.166354213878819,SUPPORTED
sha256:ae88e6a57a9d1596e3f49145f73633957dd15ca16e2a0869ff9b84d580a4b124,sha256:7afcecdc4f174e81bb872ce75b4b7ed1baf2acba39e07dc7a073d9632254bb80,POST_IB_PRE_OB,Point,127.0,1.0687655210494995,0.6484637260437012,7.0,0.0,3.989784303407432,SUPPORTED
sha256:aedab96ddd9ea7a740af09f38e3b5ac1a054a44295e3fe2aeb3124eb2b2fab56,sha256:917d3c21f76a01d3ab34ce2c8b24af2f97e66cd2a734cc6ee6dd0a12230d9c24,PRE_IB,Point,54.0,0.9640219211578369,0.8560171127319336,0.0,4.0,2.7934414075910663,SUPPORTED
sha256:aedab96ddd9ea7a740af09f38e3b5ac1a054a44295e3fe2aeb3124eb2b2fab56,sha256:68a430e7a0f178e53a48a5b81308c1d24ef333f8f5dd0d96740630ad04a903b8,PRE_IB,Point,54.0,0.97508704662323,0.8907241225242615,0.0,4.0,2.92255106945834,SUPPORTED
sha256:aedab96ddd9ea7a740af09f38e3b5ac1a054a44295e3fe2aeb3124eb2b2fab56,sha256:643884ffe56fde033f52e80a522cbb00586d23b2827dd8c20c007c1ebadf3974,PRE_IB,Point,54.0,0.986452043056488,0.9142069816589355,0.0,4.0,2.9971074039969574,SUPPORTED
sha256:aedab96ddd9ea7a740af09f38e3b5ac1a054a44295e3fe2aeb3124eb2b2fab56,sha256:9a41a46e8ccdf8381b3c310b27bae9fcfa0d424ff55761838d3f260cc655ac99,PRE_IB,Point,54.0,0.997654378414154,0.9294058084487915,0.0,4.0,3.0232714795725633,SUPPORTED
sha256:aedab96ddd9ea7a740af09f38e3b5ac1a054a44295e3fe2aeb3124eb2b2fab56,sha256:85de9965c3df555de1583263c1a800a440437cd84d512131fb409fc567bb1ea5,PRE_IB,Point,54.0,1.0079357624053955,0.9391684532165527,0.0,4.0,3.019826440015807,SUPPORTED
sha256:aedab96ddd9ea7a740af09f38e3b5ac1a054a44295e3fe2aeb3124eb2b2fab56,sha256:7fa3f5df90210cdeffa9dd9d6a5bc5ca6e3da811bed7f009a7d0709c016c4d53,POST_IB_PRE_OB,Point,72.0,1.1226238012313843,1.0049699544906616,0.0,4.0,2.74562558615293,SUPPORTED
sha256:aedab96ddd9ea7a740af09f38e3b5ac1a054a44295e3fe2aeb3124eb2b2fab56,sha256:94f1316d69fe6e6f5aaac51868f29dbe0393d6f0064c26293d6f06371e3d2168,POST_IB_PRE_OB,Point,72.0,1.138745903968811,1.0241944789886475,0.0,4.0,2.760733564379035,SUPPORTED
sha256:aedab96ddd9ea7a740af09f38e3b5ac1a054a44295e3fe2aeb3124eb2b2fab56,sha256:71a0747903d577820b7eece420b440dba247b013d4e225777920a2aa5ecb2c8d,POST_IB_PRE_OB,Point,72.0,1.150378704071045,1.0363155603408813,0.0,4.0,2.7631337230413484,SUPPORTED
sha256:aedab96ddd9ea7a740af09f38e3b5ac1a054a44295e3fe2aeb3124eb2b2fab56,sha256:3b8fac13a2ef046f986e11347bd4a6e503a840b400fb6c7b8cac3b1d57c4341f,POST_IB_PRE_OB,Point,72.0,1.1594264507293701,1.044433832168579,0.0,4.0,2.758570155987771,SUPPORTED
sha256:aedab96ddd9ea7a740af09f38e3b5ac1a054a44295e3fe2aeb3124eb2b2fab56,sha256:b92aaa8a2e83d09d14be069f7323e6f9352ca542db9a6ace0bc10ebf37e87941,POST_IB_PRE_OB,Point,72.0,1.1669299602508545,1.050351619720459,0.0,4.0,2.7508355212242392,SUPPORTED
sha256:aedab96ddd9ea7a740af09f38e3b5ac1a054a44295e3fe2aeb3124eb2b2fab56,sha256:c0a5f13a532ff34b166564d67e3ae29f26a4c5a24f1b0b7ba6535e3acdb01f30,POST_IB_PRE_OB,Point,72.0,1.1734423637390137,1.0550270080566406,0.0,4.0,2.7419540627583885,SUPPORTED
sha256:aedab96ddd9ea7a740af09f38e3b5ac1a054a44295e3fe2aeb3124eb2b2fab56,sha256:1df71e736e2e2b3b4ce3111a8d28631226d66f8ec8e5c2b6eb4b329429841690,POST_IB_PRE_OB,Point,72.0,1.1792817115783691,1.0589648485183716,0.0,4.0,2.7328480133340083,SUPPORTED
sha256:aedab96ddd9ea7a740af09f38e3b5ac1a054a44295e3fe2aeb3124eb2b2fab56,sha256:5fff51a8041f44a4d3c031860dfaf6d4320d31fc587b50cf15f7943d495074d3,POST_IB_PRE_OB,Point,72.0,1.184647798538208,1.062440276145935,0.0,4.0,2.7238798217883096,SUPPORTED
sha256:aedab96ddd9ea7a740af09f38e3b5ac1a054a44295e3fe2aeb3124eb2b2fab56,sha256:3af6f74e082e6628aea87fbe2a7f71bcd412cdf12cbc4e545d272b0fb4a4d47d,POST_IB_PRE_OB,Point,72.0,1.1896758079528809,1.0656105279922485,0.0,4.0,2.715149214550731,SUPPORTED
sha256:aedab96ddd9ea7a740af09f38e3b5ac1a054a44295e3fe2aeb3124eb2b2fab56,sha256:4263fec1f8dac338a32d673f24f5530aeb7f217c4a23bd85579cadfa3ff6fd75,POST_IB_PRE_OB,Point,72.0,1.1944595575332642,1.0685703754425049,0.0,4.0,2.706654559679036,SUPPORTED
sha256:aedab96ddd9ea7a740af09f38e3b5ac1a054a44295e3fe2aeb3124eb2b2fab56,sha256:182b9ddff253a4221ec0db6981dffe299bc73416e377ec23a49a1b0a1b1e3a38,POST_IB_PRE_OB,Point,72.0,1.1990654468536377,1.0713797807693481,0.0,4.0,2.698360420610527,SUPPORTED
sha256:aedab96ddd9ea7a740af09f38e3b5ac1a054a44295e3fe2aeb3124eb2b2fab56,sha256:e48b70b0183957a5bdf38ed1a184fe8c6f18bf14013bef36fc8d2753f32130e2,POST_IB_PRE_OB,Point,72.0,1.2035400867462158,1.074076771736145,0.0,4.0,2.6902228763893614,SUPPORTED
sha256:aedab96ddd9ea7a740af09f38e3b5ac1a054a44295e3fe2aeb3124eb2b2fab56,sha256:f09fd92b6a73628a5daf4ef4a8b3c6585a4d698d217c3ba5382e8a4aaec33d95,POST_IB_PRE_OB,Point,72.0,1.2079168558120728,1.076686978340149,0.0,4.0,2.6822032940198532,SUPPORTED
sha256:aedab96ddd9ea7a740af09f38e3b5ac1a054a44295e3fe2aeb3124eb2b2fab56,sha256:a2c97eba13c652b23f75884235a350c71ef5e9112340651496cbcf7e5daf1507,POST_IB_PRE_OB,Point,72.0,1.2122200727462769,1.0792274475097656,0.0,4.0,2.6742664673219494,SUPPORTED
sha256:aedab96ddd9ea7a740af09f38e3b5ac1a054a44295e3fe2aeb3124eb2b2fab56,sha256:d1b8b55c8c9d708f284f8a6e8f05a9219ba869bb76017bb16cd5289d8973a750,POST_IB_PRE_OB,Point,72.0,1.2164665460586548,1.081708312034607,0.0,4.0,2.6663809853632117,SUPPORTED
sha256:aedab96ddd9ea7a740af09f38e3b5ac1a054a44295e3fe2aeb3124eb2b2fab56,sha256:5e09656ed2b39959e459b3f00a15720090f8b2aa80a07022cbc8e228402f76e8,POST_IB_PRE_OB,Point,72.0,1.2206684350967407,1.084137201309204,0.0,4.0,2.65852590883076,SUPPORTED
sha256:aedab96ddd9ea7a740af09f38e3b5ac1a054a44295e3fe2aeb3124eb2b2fab56,sha256:973a7a4f9690acdbe44671bdc882bd6d0eae9a5d15cc5aa7d7b28948aaf4fe10,POST_IB_PRE_OB,Point,72.0,1.2248342037200928,1.0865191221237183,0.0,4.0,2.6506856567926054,SUPPORTED
sha256:aedab96ddd9ea7a740af09f38e3b5ac1a054a44295e3fe2aeb3124eb2b2fab56,sha256:0a3d0690dae19148d22d0efd964305a43192ab5dca28f4d8def353d7090430af,POST_IB_PRE_OB,Point,72.0,1.2289698123931885,1.0888571739196777,0.0,4.0,2.642847726850931,SUPPORTED
sha256:aedab96ddd9ea7a740af09f38e3b5ac1a054a44295e3fe2aeb3124eb2b2fab56,sha256:a0675525e196ca7784abe6f5a48dfd9a664f0bce49cf096e8e7de958939b2daf,POST_IB_PRE_OB,Point,72.0,1.2330801486968994,1.0911533832550049,0.0,4.0,2.6350000097333393,SUPPORTED
sha256:aedab96ddd9ea7a740af09f38e3b5ac1a054a44295e3fe2aeb3124eb2b2fab56,sha256:cd71dd2cffa88c4e535e542b9e677bc0118c8ee6c068ebabc850de749a39f43f,POST_IB_PRE_OB,Point,72.0,1.237167239189148,1.093409538269043,0.0,4.0,2.6271419899630803,SUPPORTED
sha256:aedab96ddd9ea7a740af09f38e3b5ac1a054a44295e3fe2aeb3124eb2b2fab56,sha256:46e113f27135e2b27a411abf64727c4a3d4d3bed4e294d1f44c929feafae8fd0,POST_IB_PRE_OB,Point,72.0,1.2412338256835938,1.0956271886825562,0.0,4.0,2.619269127792605,SUPPORTED
sha256:aedab96ddd9ea7a740af09f38e3b5ac1a054a44295e3fe2aeb3124eb2b2fab56,sha256:96d38c4ccb2ad0a1641360d35d7d470a49fd2bc4a557cbd5c413b680d60d22a1,POST_OB_PRE_TO,Point,,,,,4.0,,ABSTAIN_NO_FINITE_OBSERVED_PAIR
sha256:af73cf46cc7e39445099a80730dce5c7af45a971852a5baf6896d89214397d38,sha256:55c4e46798fe03c67e136cfb5ec65bc7fa32014c6a51f07043e88f7b00bd7818,POST_IB_PRE_OB,Point,131.0,0.5400164723396301,0.776750385761261,0.0,0.0,0.23673391342163086,SUPPORTED
sha256:af73cf46cc7e39445099a80730dce5c7af45a971852a5baf6896d89214397d38,sha256:d9ec304768a4e3ecb812ce080094ea5d8bd84a0631c7a7de574ca38b094599a4,POST_IB_PRE_OB,Point,6.0,1.3389005661010742,1.1912106275558472,0.0,0.0,0.14768993854522705,SUPPORTED
sha256:af73cf46cc7e39445099a80730dce5c7af45a971852a5baf6896d89214397d38,sha256:6d5884f1081d8991e18db2e3690f1d4275af44099730a0e4a9b888d3667322b8,POST_IB_PRE_OB,Point,131.0,0.5139254927635193,0.8613352179527283,0.0,0.0,0.34740972518920893,SUPPORTED
sha256:af73cf46cc7e39445099a80730dce5c7af45a971852a5baf6896d89214397d38,sha256:bbc14b0fa2070b39d763e0c98e9b3df64efabe01c2ad0fb42287f2814e1f3279,POST_IB_PRE_OB,Point,131.0,0.5837261080741882,0.6946279406547546,0.0,0.0,0.1109018325805664,SUPPORTED
sha256:af73cf46cc7e39445099a80730dce5c7af45a971852a5baf6896d89214397d38,sha256:b14b6ea9851274df57844101da9641239a346a14da4d69ad1325fc98274d0264,POST_IB_PRE_OB,Point,37.0,0.7644084095954895,1.1329962015151978,0.0,0.0,0.3685877919197083,SUPPORTED
sha256:af73cf46cc7e39445099a80730dce5c7af45a971852a5baf6896d89214397d38,sha256:62782816bb1f4e8810fd44a52f8c43c934ad628c5f34667aaf0f9669f63f0814,POST_IB_PRE_OB,Point,37.0,0.7747008204460144,1.1140955686569214,0.0,0.0,0.33939474821090704,SUPPORTED
sha256:af73cf46cc7e39445099a80730dce5c7af45a971852a5baf6896d89214397d38,sha256:a4ad9c8b0367f41c4613e0e7ad3a3f3aa71ffbd11f9e8ab3caf27864c7f83328,POST_IB_PRE_OB,Point,37.0,0.7749524712562561,1.1009739637374878,0.0,0.0,0.32602149248123163,SUPPORTED
sha256:af73cf46cc7e39445099a80730dce5c7af45a971852a5baf6896d89214397d38,sha256:245c5ef4d77159574c103719cf874fc4f7f55cfd587cc02eb4f086adad74d83f,POST_IB_PRE_OB,Point,37.0,0.7709877490997314,1.0909391641616821,0.0,0.0,0.3199514150619507,SUPPORTED
sha256:af73cf46cc7e39445099a80730dce5c7af45a971852a5baf6896d89214397d38,sha256:5febc5e1ed6773d9d387198cd2bbaa7cc0e888b7d261d745db53711cb1d63c3e,POST_IB_PRE_OB,Point,37.0,0.7616906762123108,1.082486629486084,0.0,0.0,0.32079595327377325,SUPPORTED
sha256:af73cf46cc7e39445099a80730dce5c7af45a971852a5baf6896d89214397d38,sha256:1951e342d9a77db9139d4d07808357a70f0e2c97ff51e33d63ff00d458c7e017,POST_IB_PRE_OB,Point,37.0,0.7507251501083374,1.0747671127319336,0.0,0.0,0.3240419626235962,SUPPORTED
sha256:af73cf46cc7e39445099a80730dce5c7af45a971852a5baf6896d89214397d38,sha256:3c63a7c5b614c7b9345286f2c9d4adbab09e70dd7cc9ee4ac541be6e0faf0a9e,POST_OB_PRE_TO,Point,,,,,0.0,,ABSTAIN_NO_FINITE_OBSERVED_PAIR
sha256:b00572d512ad12902cbeb806e1232808ca3d76ad6adcbc6a6247ef685a371753,sha256:9172e4a4a312fa890a9a52bb15ac403a3c8384b6baded10a26fcb0b97609974f,PRE_IB,Point,60.0,1.106027603149414,0.0,61.0,0.0,45.678284752457564,SUPPORTED
sha256:b00572d512ad12902cbeb806e1232808ca3d76ad6adcbc6a6247ef685a371753,sha256:c096df38aa75fa366e1c300bb3b070454f1dfa2b5a5e32494eaa7a0d6c3b5a36,PRE_IB,Point,158.0,0.7120938897132874,0.0,61.0,0.0,48.53063307954349,SUPPORTED
sha256:b00572d512ad12902cbeb806e1232808ca3d76ad6adcbc6a6247ef685a371753,sha256:e584f465a7dc6ccf57d9dd4788da12de80bf9ce38e5a71d531f14361d3266d08,PRE_IB,Point,60.0,1.181901454925537,0.0,61.0,0.0,45.20003009156186,SUPPORTED
sha256:b00572d512ad12902cbeb806e1232808ca3d76ad6adcbc6a6247ef685a371753,sha256:482b98ef46c03871adbe2a4e48afaaff095f46ee5cfe649fc122d528fb6f27cf,PRE_IB,Point,174.0,0.5977559089660645,0.03880104050040245,61.0,0.0,49.88055652341759,SUPPORTED
sha256:b00572d512ad12902cbeb806e1232808ca3d76ad6adcbc6a6247ef685a371753,sha256:e99f3eb59c4dc035c8fd21e29913ab4d0e7ebe85e41fe20f76696ce4e4f3ad7f,PRE_IB,Point,174.0,0.6365825533866882,0.07616247236728668,61.0,0.0,49.86672520862197,SUPPORTED
sha256:b00572d512ad12902cbeb806e1232808ca3d76ad6adcbc6a6247ef685a371753,sha256:b507f7f0f8730667e079025893883273853702a3b2c2221d075b7fd685b86314,PRE_IB,Point,174.0,0.6669474840164185,0.10139100253582001,61.0,0.0,49.81839591046318,SUPPORTED
sha256:b00572d512ad12902cbeb806e1232808ca3d76ad6adcbc6a6247ef685a371753,sha256:f7df3d20d7c1effdfca5748e1d880df9e4a682d57b7fcd76da2adf325ae2853c,PRE_IB,Point,174.0,0.6914013624191284,0.11928598582744598,61.0,0.0,49.757033832718584,SUPPORTED
sha256:b1b5c499dfcd0d8c24a69167194439317710dc6a47a7c2d3000b45392cae7551,sha256:39069ea6e4b971aa260717a8e587db30afbfb995299edad80ae9a6321de25298,POST_IB_PRE_OB,Point,101.0,1.2839138507843018,1.072705864906311,0.0,0.0,0.21120798587799072,SUPPORTED
sha256:b1b5c499dfcd0d8c24a69167194439317710dc6a47a7c2d3000b45392cae7551,sha256:9a972a955cdea34c0529c27460a5ee8b0c03508d1ad6b12cf3bba25282ae263b,POST_IB_PRE_OB,Point,201.0,0.792048454284668,1.1921603679656982,0.0,0.0,0.4001119136810303,SUPPORTED
sha256:b1b5c499dfcd0d8c24a69167194439317710dc6a47a7c2d3000b45392cae7551,sha256:7eeb9a9b3f1857e63ad31c89737a3dc3fa932582f8e54e01c899971e46ac5412,POST_IB_PRE_OB,Point,201.0,0.8218386769294739,1.2414512634277344,0.0,0.0,0.41961258649826044,SUPPORTED
sha256:b1b5c499dfcd0d8c24a69167194439317710dc6a47a7c2d3000b45392cae7551,sha256:fab898461766c4c7887d77c337311e45936efcdd3bb1281173183b97ed98c49e,POST_IB_PRE_OB,Point,201.0,0.8370808959007263,1.2730363607406616,0.0,0.0,0.43595546483993525,SUPPORTED
sha256:b1b5c499dfcd0d8c24a69167194439317710dc6a47a7c2d3000b45392cae7551,sha256:e47f611830c994b6604e93668635b4f2f8a40ba606fb66c83a313d340411494e,POST_IB_PRE_OB,Point,130.0,0.8317131400108337,0.5185648202896118,0.0,0.0,0.313148319721222,SUPPORTED
sha256:b1b5c499dfcd0d8c24a69167194439317710dc6a47a7c2d3000b45392cae7551,sha256:ac7d06d17df8c4774744919809af5a68b71529c0658a7bd366a04ba21d67252a,POST_IB_PRE_OB,Point,130.0,0.8415758609771729,0.5659745931625366,0.0,0.0,0.27560126781463623,SUPPORTED
sha256:b1b5c499dfcd0d8c24a69167194439317710dc6a47a7c2d3000b45392cae7551,sha256:6c4d61239eae15892985f1748bfdea9a4b9499e659ed5360ccac9386f975f205,POST_IB_PRE_OB,Point,130.0,0.8498566150665283,0.5994226336479187,0.0,0.0,0.25043398141860956,SUPPORTED
sha256:b1b5c499dfcd0d8c24a69167194439317710dc6a47a7c2d3000b45392cae7551,sha256:4b3e8fff989266f47c629989a9fd2f55950b22503ae274ab24814b0baf5669bc,POST_IB_PRE_OB,Point,130.0,0.8570326566696167,0.6241755485534668,0.0,0.0,0.2328571081161499,SUPPORTED
sha256:b1b5c499dfcd0d8c24a69167194439317710dc6a47a7c2d3000b45392cae7551,sha256:22a8e7e8acbab47537ad68676107799064f02f3d3ccc515d9b75f2183fd523ba,POST_IB_PRE_OB,Point,130.0,0.8634441494941711,0.6434147953987122,0.0,0.0,0.22002935409545898,SUPPORTED
sha256:b1b5c499dfcd0d8c24a69167194439317710dc6a47a7c2d3000b45392cae7551,sha256:c517705a56360864b660b5798386a53e458cb98c2cc5e963ad59d0ecf544ecd2,POST_IB_PRE_OB,Point,130.0,0.8693280220031738,0.6591176986694336,0.0,0.0,0.2102103233337402,SUPPORTED
sha256:b1b5c499dfcd0d8c24a69167194439317710dc6a47a7c2d3000b45392cae7551,sha256:3a85ea624daa3e396534e4b6b2ee7f4a1d413bfd5506f00041d6b8bee3712474,POST_IB_PRE_OB,Point,130.0,0.8748478293418884,0.6725240349769592,0.0,0.0,0.20232379436492923,SUPPORTED
sha256:b1b5c499dfcd0d8c24a69167194439317710dc6a47a7c2d3000b45392cae7551,sha256:92cb4c4ba7ffe76afc53da71656e9dc0e7fdb7bfa43b45195deb409d49fc69b7,POST_IB_PRE_OB,Point,130.0,0.8801143169403076,0.6844162344932556,0.0,0.0,0.19569808244705197,SUPPORTED
sha256:b1b5c499dfcd0d8c24a69167194439317710dc6a47a7c2d3000b45392cae7551,sha256:c929e849fd124cf844552c4416fc0a478b68e60c98658171f92651b35b000422,POST_IB_PRE_OB,Point,130.0,0.8852023482322693,0.695294976234436,0.0,0.0,0.18990737199783322,SUPPORTED
sha256:b1b5c499dfcd0d8c24a69167194439317710dc6a47a7c2d3000b45392cae7551,sha256:0ad5556038a4c29afc51a98b527395e261209240e76259b1516c83284d7c3b9e,POST_IB_PRE_OB,Point,130.0,0.8901628255844116,0.7054734826087952,0.0,0.0,0.18468934297561646,SUPPORTED
sha256:b1b5c499dfcd0d8c24a69167194439317710dc6a47a7c2d3000b45392cae7551,sha256:4f894d9581ef7df5b3bbb98347d77afa90cab7a54d0fb93f0b31a491acd02518,POST_IB_PRE_OB,Point,130.0,0.8950293660163879,0.715153694152832,0.0,0.0,0.1798756718635559,SUPPORTED
sha256:b1b5c499dfcd0d8c24a69167194439317710dc6a47a7c2d3000b45392cae7551,sha256:e9babd6ef6b7c9805a4aefdda7efa8f5563dee9ce69f58c2d15c26221f9e1733,POST_OB_PRE_TO,Point,,,,,0.0,,ABSTAIN_NO_FINITE_OBSERVED_PAIR
sha256:b5233980f2c1df7d34acc3f0721fb7ac2a66808c1a837329f9fd3f49926f24dc,sha256:dfc817d836a97395edc0682e219d51ac4c2c403f085c313ab1d3b674e7913819,POST_IB_PRE_OB,Point,216.0,0.7493724822998047,0.8645946383476257,0.0,0.0,0.11522215604782104,SUPPORTED
sha256:b5233980f2c1df7d34acc3f0721fb7ac2a66808c1a837329f9fd3f49926f24dc,sha256:5acf7575e16777036e7972cb4b2fc0f74ed91fd5edc15a4ebfc0a5daaaa447dd,POST_IB_PRE_OB,Point,216.0,0.7766808271408081,0.9824411273002625,0.0,0.0,0.20576030015945437,SUPPORTED
sha256:b5233980f2c1df7d34acc3f0721fb7ac2a66808c1a837329f9fd3f49926f24dc,sha256:7cadac8f03af3afc26b16339ec3e145b590fe6552ca95321c4893e2496ade59b,POST_IB_PRE_OB,Point,216.0,0.7978004217147827,1.037845492362976,0.0,0.0,0.24004507064819336,SUPPORTED
sha256:b5233980f2c1df7d34acc3f0721fb7ac2a66808c1a837329f9fd3f49926f24dc,sha256:7cd8dbc3fa296bcba18eccd80960c40ce4a05975da58ec5c5e371deb18536176,POST_IB_PRE_OB,Point,216.0,0.8141627311706543,1.0737335681915283,0.0,0.0,0.259570837020874,SUPPORTED
sha256:b5233980f2c1df7d34acc3f0721fb7ac2a66808c1a837329f9fd3f49926f24dc,sha256:086ad0747fb776f1dcfeceb2a7e6712eaf22f96173040e8b70dd34367d7d90bd,POST_IB_PRE_OB,Point,122.0,1.0978052616119385,0.47962018847465515,0.0,0.0,0.6181850731372833,SUPPORTED
sha256:b5233980f2c1df7d34acc3f0721fb7ac2a66808c1a837329f9fd3f49926f24dc,sha256:dd4f8e0e2627453a6140edbb24d352a54abd4874a39bb0353bb65341fafd689b,POST_IB_PRE_OB,Point,122.0,1.1078654527664185,0.5258724689483643,0.0,0.0,0.5819929838180542,SUPPORTED
sha256:b5233980f2c1df7d34acc3f0721fb7ac2a66808c1a837329f9fd3f49926f24dc,sha256:aa130b0ab0016dd30aa5918f06a4e071e06eaf9c33cfca80922aceb8eafbc4d7,POST_IB_PRE_OB,Point,122.0,1.11603844165802,0.558370053768158,0.0,0.0,0.5576683878898621,SUPPORTED
sha256:b5233980f2c1df7d34acc3f0721fb7ac2a66808c1a837329f9fd3f49926f24dc,sha256:0208219e47cd5375b06181f03e0922e5faf4e909064202339f9d015322f97188,POST_IB_PRE_OB,Point,122.0,1.1228835582733154,0.5822524428367615,0.0,0.0,0.540631115436554,SUPPORTED
sha256:b5233980f2c1df7d34acc3f0721fb7ac2a66808c1a837329f9fd3f49926f24dc,sha256:4abe92a97324404840ba00ba0d267f87901389c1f49bd11c632f06cd697a7a68,POST_IB_PRE_OB,Point,122.0,1.1288024187088013,0.6006498336791992,0.0,0.0,0.528152585029602,SUPPORTED
sha256:b5233980f2c1df7d34acc3f0721fb7ac2a66808c1a837329f9fd3f49926f24dc,sha256:2466e2b6fc59fd259763b3e186574eba3caa41d7b9c3b7b680870130aab34324,POST_IB_PRE_OB,Point,122.0,1.1340786218643188,0.6155180931091309,0.0,0.0,0.518560528755188,SUPPORTED
sha256:b5233980f2c1df7d34acc3f0721fb7ac2a66808c1a837329f9fd3f49926f24dc,sha256:cdc6753bc8ae0b56673f9c246dac5acdb0e7723612337275f94bfb80a98ad8c8,POST_OB_PRE_TO,Point,,,,,0.0,,ABSTAIN_NO_FINITE_OBSERVED_PAIR
sha256:b5233980f2c1df7d34acc3f0721fb7ac2a66808c1a837329f9fd3f49926f24dc,sha256:9b36edcda55a89cf9141cafc8d326f3cc44cbe3f4ee58952fc86da5cbda73cf6,POST_OB_PRE_TO,Point,,,,,0.0,,ABSTAIN_NO_FINITE_OBSERVED_PAIR
sha256:b9a4fa94dafc0e3ad02143e811d8a97e414acf62bbd5363768564cff85896f70,sha256:ea0011af2b327e3c94162cd2df0511ffdfef9f88ff07c1ecf23b93fcb621e36b,POST_IB_PRE_OB,Point,249.0,1.4491864442825317,1.1840002536773682,5.0,5.0,0.2651861906051636,SUPPORTED
sha256:b9a4fa94dafc0e3ad02143e811d8a97e414acf62bbd5363768564cff85896f70,sha256:068523e888ea6401a61598d0f608b124d875f55bd5e307840749e03da24ceb54,POST_IB_PRE_OB,Point,249.0,1.4815953969955444,1.2631157636642456,5.0,5.0,0.2184796333312988,SUPPORTED
sha256:b9a4fa94dafc0e3ad02143e811d8a97e414acf62bbd5363768564cff85896f70,sha256:8891a61f30f54d5c8227ce19bd59b6db3085381940bbd52a919b3205fce3c8e3,POST_IB_PRE_OB,Point,249.0,1.5071394443511963,1.315953254699707,5.0,5.0,0.19118618965148929,SUPPORTED
sha256:b9a4fa94dafc0e3ad02143e811d8a97e414acf62bbd5363768564cff85896f70,sha256:884115f476b5bb5975512a3bc694d32dc1af42ebeaec1a9b4ee193d09e0ad6b9,POST_IB_PRE_OB,Point,249.0,1.526685357093811,1.3496105670928955,5.0,5.0,0.17707479000091556,SUPPORTED
sha256:b9a4fa94dafc0e3ad02143e811d8a97e414acf62bbd5363768564cff85896f70,sha256:4134867b529f8696d308ad4d50dd92ef0891b13e36c5fbcb8b2d854531a535d9,POST_IB_PRE_OB,Point,249.0,1.5415756702423096,1.3709452152252197,5.0,5.0,0.17063045501708984,SUPPORTED
sha256:b9a4fa94dafc0e3ad02143e811d8a97e414acf62bbd5363768564cff85896f70,sha256:15c61071c1e5380ac2bf46e516c8dccac139c0030c874c5b2dea16fed5b3dbbf,POST_IB_PRE_OB,Point,145.0,0.9578745365142822,0.5888944268226624,5.0,5.0,0.3689801096916198,SUPPORTED
sha256:b9a4fa94dafc0e3ad02143e811d8a97e414acf62bbd5363768564cff85896f70,sha256:1e1c9695382397d63c6a56ef62c659b92572e8a7e4d1b6b69c1c5e2a1f2fe627,POST_IB_PRE_OB,Point,145.0,0.9664443135261536,0.6214046478271484,5.0,5.0,0.34503966569900507,SUPPORTED
sha256:b9a4fa94dafc0e3ad02143e811d8a97e414acf62bbd5363768564cff85896f70,sha256:a60cfbe896e80ccd26363def0feb1eb74294f7285fc1d7126acae4a4fe1b7259,POST_IB_PRE_OB,Point,145.0,0.973753809928894,0.6453866362571716,5.0,5.0,0.32836717367172247,SUPPORTED
sha256:b9a4fa94dafc0e3ad02143e811d8a97e414acf62bbd5363768564cff85896f70,sha256:b1d1c2d31b8d32b6abd15d45e7f241f25d00ff1cc4add6f7b2100d52db0a0bb9,POST_IB_PRE_OB,Point,145.0,0.9801894426345825,0.6639590859413147,5.0,5.0,0.31623035669326777,SUPPORTED
sha256:b9a4fa94dafc0e3ad02143e811d8a97e414acf62bbd5363768564cff85896f70,sha256:73b891f2e42ef627bb326bb6aab76ca57512cb362824a70b8129ead170eea505,POST_IB_PRE_OB,Point,145.0,0.9860216975212097,0.679055392742157,5.0,5.0,0.3069663047790528,SUPPORTED
sha256:b9a4fa94dafc0e3ad02143e811d8a97e414acf62bbd5363768564cff85896f70,sha256:21c87945c72e3d51f117aa00c76ff345e017722475d161cb53db5d4728a56107,POST_IB_PRE_OB,Point,145.0,0.9914363622665405,0.6918913125991821,5.0,5.0,0.29954504966735845,SUPPORTED
sha256:b9a4fa94dafc0e3ad02143e811d8a97e414acf62bbd5363768564cff85896f70,sha256:8eaf0398260250e0b21883c38c0718bbef419d302dad3cb8a290446030e2e354,POST_IB_PRE_OB,Point,145.0,0.9965605735778809,0.7032384872436523,5.0,5.0,0.29332208633422857,SUPPORTED
sha256:b9a4fa94dafc0e3ad02143e811d8a97e414acf62bbd5363768564cff85896f70,sha256:c39861dca40853c9f7a597c68b0733d157fc17ea5f2aa025cc50f5f84870d198,POST_IB_PRE_OB,Point,145.0,1.0014793872833252,0.7135859131813049,5.0,5.0,0.2878934741020202,SUPPORTED
sha256:b9a4fa94dafc0e3ad02143e811d8a97e414acf62bbd5363768564cff85896f70,sha256:1bb7d577ee36d8f13864f2ca694eb4be7c2d9720c3e6793247f8d0fb91f6eac2,POST_IB_PRE_OB,Point,145.0,1.006252408027649,0.7232456207275391,5.0,5.0,0.28300678730010986,SUPPORTED
sha256:baac9bacdfb1e7985e9641fc25996dc5d24e9b89b2b3a6b50fe0aae193d75dc4,sha256:2c091bcecad482aa4a7860468efcf5365c26a8527e49f6802e247d19e65831a1,POST_IB_PRE_OB,Point,36.0,1.0095205307006836,0.7889457941055298,0.0,0.0,0.2205747365951538,SUPPORTED
sha256:baac9bacdfb1e7985e9641fc25996dc5d24e9b89b2b3a6b50fe0aae193d75dc4,sha256:170281d85aaff3ff39c7d1bf419455ecb8be74712d62c5e20ab6d7f6d1dcd554,POST_IB_PRE_OB,Point,36.0,0.986588180065155,0.6624810695648193,0.0,0.0,0.3241071105003357,SUPPORTED
sha256:baac9bacdfb1e7985e9641fc25996dc5d24e9b89b2b3a6b50fe0aae193d75dc4,sha256:83a8771a851bc650f2526775c862b06f08aa9cb8adb6bf92b7fa1ae1ce7694d6,POST_IB_PRE_OB,Point,196.0,1.045468807220459,0.6885202527046204,0.0,0.0,0.3569485545158386,SUPPORTED
sha256:baac9bacdfb1e7985e9641fc25996dc5d24e9b89b2b3a6b50fe0aae193d75dc4,sha256:3f96ea50877d814a1cba277fe1059ac4fdeabf42a74f028832468d8b571c7d3e,POST_IB_PRE_OB,Point,196.0,1.0474562644958496,0.5993526577949524,0.0,0.0,0.44810360670089716,SUPPORTED
sha256:baac9bacdfb1e7985e9641fc25996dc5d24e9b89b2b3a6b50fe0aae193d75dc4,sha256:6a2b6665a6d5e15645b8ce2bb89eb443097cf780715406649c6536efe9e14e42,POST_IB_PRE_OB,Point,196.0,1.0465437173843384,0.5240578055381775,0.0,0.0,0.5224859118461609,SUPPORTED
sha256:baac9bacdfb1e7985e9641fc25996dc5d24e9b89b2b3a6b50fe0aae193d75dc4,sha256:cb90a4f45e251e1d6e608ad846e7b4f21af374c44ae702e384ffd184d29ee49e,POST_IB_PRE_OB,Point,196.0,1.0434129238128662,0.45882895588874817,0.0,0.0,0.584583967924118,SUPPORTED
sha256:baac9bacdfb1e7985e9641fc25996dc5d24e9b89b2b3a6b50fe0aae193d75dc4,sha256:484c2d61c1587d4677e35a875835eb197821042947fe811f551e149e71216977,POST_IB_PRE_OB,Point,196.0,1.0388957262039185,0.4003981351852417,0.0,0.0,0.6384975910186768,SUPPORTED
sha256:baac9bacdfb1e7985e9641fc25996dc5d24e9b89b2b3a6b50fe0aae193d75dc4,sha256:c608d8cd42b8c111e2bec9850adc14f9d430f08728a20606422c9dc18c377e53,POST_IB_PRE_OB,Point,138.0,0.7708813548088074,0.7369254231452942,0.0,0.0,0.033955931663513184,SUPPORTED
sha256:baac9bacdfb1e7985e9641fc25996dc5d24e9b89b2b3a6b50fe0aae193d75dc4,sha256:78ec552a91625e3b932ab09b92617ac2e1ed1d7e0e07acdcc825e50b3d2268f9,POST_IB_PRE_OB,Point,36.0,0.8192989826202393,0.8687263131141663,0.0,0.0,0.049427330493927,SUPPORTED
sha256:baac9bacdfb1e7985e9641fc25996dc5d24e9b89b2b3a6b50fe0aae193d75dc4,sha256:021eb2469f8242cbea5ae8ae86c4926831fa91825859889eac6fd96baa86369f,POST_OB_PRE_TO,Point,,,,,0.0,,ABSTAIN_NO_FINITE_OBSERVED_PAIR
sha256:baac9bacdfb1e7985e9641fc25996dc5d24e9b89b2b3a6b50fe0aae193d75dc4,sha256:f12d5a0df2dbcfca2d79e9c29f08e3c8e236dd769169e0d8042981a5331aed65,POST_OB_PRE_TO,Point,,,,,0.0,,ABSTAIN_NO_FINITE_OBSERVED_PAIR
sha256:bb6a3a1dfac623ada2d14aca8d6f5478d2d136818469561e8bfa82604cd6829a,sha256:0086227e1195956e57269421fa3df8c20e81411f7d726177e591c77021b30dd6,PRE_IB,Point,35.0,0.9828166961669922,0.0,0.0,0.0,0.9828166961669922,SUPPORTED
sha256:bb6a3a1dfac623ada2d14aca8d6f5478d2d136818469561e8bfa82604cd6829a,sha256:3fc0fa806bd3111881c895826a8f1f1d8fc8a539b0183bf2a336711e6912a939,PRE_IB,Point,111.0,0.9448773860931396,0.0,0.0,0.0,0.9448773860931398,SUPPORTED
sha256:bb6a3a1dfac623ada2d14aca8d6f5478d2d136818469561e8bfa82604cd6829a,sha256:d8eccec7780412d5230e835981d76c79aaae905022f0ac370c667eac8663dc01,PRE_IB,Point,111.0,0.8871650099754333,0.0,0.0,0.0,0.8871650099754333,SUPPORTED
sha256:bb6a3a1dfac623ada2d14aca8d6f5478d2d136818469561e8bfa82604cd6829a,sha256:8540b124243d03d74d462b50053a751cd5f30714a5cdabf1947aa6472d4c3a13,PRE_IB,Point,111.0,0.844814658164978,0.0,0.0,0.0,0.8448146581649779,SUPPORTED
sha256:bb6a3a1dfac623ada2d14aca8d6f5478d2d136818469561e8bfa82604cd6829a,sha256:ddff43654e7b887752da0e30655364530f20a3f72987a9c4a6923f52da86f032,PRE_IB,Point,111.0,0.8174682855606079,0.0,0.0,0.0,0.8174682855606079,SUPPORTED
sha256:bb6a3a1dfac623ada2d14aca8d6f5478d2d136818469561e8bfa82604cd6829a,sha256:b76254a88413ba608e73ebb73eb2c32b32cb5615375bd20495ddb7afccbfdcb6,PRE_IB,Point,111.0,0.8007566332817078,0.0,0.0,0.0,0.8007566332817077,SUPPORTED
sha256:bb6a3a1dfac623ada2d14aca8d6f5478d2d136818469561e8bfa82604cd6829a,sha256:9214709f5702b183ff156e350ffa03315ea40616432e563d419c845339d97ed5,PRE_IB,Point,111.0,0.7911044359207153,0.0,0.0,0.0,0.7911044359207154,SUPPORTED
sha256:bb6a3a1dfac623ada2d14aca8d6f5478d2d136818469561e8bfa82604cd6829a,sha256:bd6ef36fa39cd1f30ee7a9a672db0d5339c5b93d6b8c5ce7199865dfc86f05e8,PRE_IB,Point,111.0,0.7861288189888,0.0,0.0,0.0,0.7861288189888,SUPPORTED
sha256:bb6a3a1dfac623ada2d14aca8d6f5478d2d136818469561e8bfa82604cd6829a,sha256:8f259d7e5ac84f6224a8b9d84e369314cb8a25f3e5dd452b4927bf98f399fe59,PRE_IB,Point,111.0,0.7842966914176941,0.0,0.0,0.0,0.784296691417694,SUPPORTED
sha256:bb6a3a1dfac623ada2d14aca8d6f5478d2d136818469561e8bfa82604cd6829a,sha256:621d1326d1d3da31f053d5201af3d6345c6340c7f7336628ca273037f89c61ac,PRE_IB,Point,111.0,0.7846096158027649,0.0,0.0,0.0,0.784609615802765,SUPPORTED
sha256:bb6a3a1dfac623ada2d14aca8d6f5478d2d136818469561e8bfa82604cd6829a,sha256:2bfa85c1189828213d6b2d953e9fe1f92a91cee8745d822809d7c904d9edc663,PRE_IB,Point,111.0,0.7864041924476624,0.0,0.0,0.0,0.7864041924476624,SUPPORTED
sha256:bb6a3a1dfac623ada2d14aca8d6f5478d2d136818469561e8bfa82604cd6829a,sha256:065aa8e3bcc9c6f4f90b7e97ff5e8011dc8e69fa6bfefd9c0d50c634f5bc9bf2,PRE_IB,Point,111.0,0.7892335057258606,0.0,0.0,0.0,0.7892335057258606,SUPPORTED
sha256:bb6a3a1dfac623ada2d14aca8d6f5478d2d136818469561e8bfa82604cd6829a,sha256:3aba7c990301a6fbeecbaf5837c7b3b12f634d2535a7da713e079b9ed5420b26,PRE_IB,Point,111.0,0.7927937507629395,0.0,0.0,0.0,0.7927937507629393,SUPPORTED
sha256:bb6a3a1dfac623ada2d14aca8d6f5478d2d136818469561e8bfa82604cd6829a,sha256:e010bab4105fe46a7f6823021353ae12a8c872167f5dcf34d6aafe2f2205b12c,PRE_IB,Point,111.0,0.7968772649765015,0.0,0.0,0.0,0.7968772649765014,SUPPORTED
sha256:bb6a3a1dfac623ada2d14aca8d6f5478d2d136818469561e8bfa82604cd6829a,sha256:0eeb8956c07b9ba6431118486d506c4a3ed6136e1107584f57c3ffa708790f20,PRE_IB,Point,111.0,0.8013405799865723,0.0,0.0,0.0,0.8013405799865723,SUPPORTED
sha256:bb6a3a1dfac623ada2d14aca8d6f5478d2d136818469561e8bfa82604cd6829a,sha256:98b6c20378be5628350754b925300ce8174b9876631935e140d3d5faa978f9c4,PRE_IB,Point,111.0,0.806085467338562,0.0,0.0,0.0,0.806085467338562,SUPPORTED
sha256:bb6a3a1dfac623ada2d14aca8d6f5478d2d136818469561e8bfa82604cd6829a,sha256:e113eca847c2a9c2dba9941503613fc8216457929b56398c72039115adeceb48,PRE_IB,Point,111.0,0.8110439777374268,0.0,0.0,0.0,0.8110439777374266,SUPPORTED
sha256:bb6a3a1dfac623ada2d14aca8d6f5478d2d136818469561e8bfa82604cd6829a,sha256:e84062b90b3197de1c5322d481508d991576508965386babb07667e528b226b3,PRE_IB,Point,111.0,0.8161672353744507,0.0,0.0,0.0,0.8161672353744506,SUPPORTED
sha256:bb6a3a1dfac623ada2d14aca8d6f5478d2d136818469561e8bfa82604cd6829a,sha256:685f37a63aed3b4ff62d991041add82a08c4e2f20e0535daee68c2b32910ff99,PRE_IB,Point,111.0,0.821423351764679,0.0,0.0,0.0,0.821423351764679,SUPPORTED
sha256:bb6a3a1dfac623ada2d14aca8d6f5478d2d136818469561e8bfa82604cd6829a,sha256:7a41620ad2d46d7c21c01e3c1f1db57b300c53c41122fd890b4415180e5f7c9a,PRE_IB,Point,111.0,0.8267871737480164,0.0,0.0,0.0,0.8267871737480164,SUPPORTED
sha256:bb6a3a1dfac623ada2d14aca8d6f5478d2d136818469561e8bfa82604cd6829a,sha256:65eb2d6072fc3befb4fa230b8890141b5c88e7f5405be5d559f9202df85fdca0,POST_IB_PRE_OB,Point,135.0,0.6210649609565735,0.9821046590805054,0.0,0.0,0.36103969812393194,SUPPORTED
sha256:bb6a3a1dfac623ada2d14aca8d6f5478d2d136818469561e8bfa82604cd6829a,sha256:8c63d31bca3b3a339c94097db8df4e5bf4744613ab096c9f2b287c198cee78f9,POST_IB_PRE_OB,Point,135.0,0.6392996907234192,1.0004546642303467,0.0,0.0,0.36115497350692743,SUPPORTED
sha256:bb6a3a1dfac623ada2d14aca8d6f5478d2d136818469561e8bfa82604cd6829a,sha256:2ae55e6b1ef722f7c76a3016044c4d24cddfade0d5bb7b18debae7865df2583c,POST_IB_PRE_OB,Point,135.0,0.6492004990577698,1.013411045074463,0.0,0.0,0.36421054601669317,SUPPORTED
sha256:bb6a3a1dfac623ada2d14aca8d6f5478d2d136818469561e8bfa82604cd6829a,sha256:5ffbe48b98913c70bca38173a8592c352447bd731f84e6edc1e6158df0218861,POST_IB_PRE_OB,Point,135.0,0.6568703055381775,1.023094654083252,0.0,0.0,0.36622434854507446,SUPPORTED
sha256:bb6a3a1dfac623ada2d14aca8d6f5478d2d136818469561e8bfa82604cd6829a,sha256:f840b2fb0169ed8786078e6c774986fa5e61bad0345aa3d30011c733842935be,POST_IB_PRE_OB,Point,135.0,0.6633572578430176,1.0308358669281006,0.0,0.0,0.367478609085083,SUPPORTED
sha256:bb6a3a1dfac623ada2d14aca8d6f5478d2d136818469561e8bfa82604cd6829a,sha256:47e1a724beec760dc4da80de28289973f0089f4d3b2b31e603766307d1a1e1d9,POST_IB_PRE_OB,Point,135.0,0.6691385507583618,1.0374118089675903,0.0,0.0,0.36827325820922846,SUPPORTED
sha256:bb6a3a1dfac623ada2d14aca8d6f5478d2d136818469561e8bfa82604cd6829a,sha256:77b7b198ee0ece6b9ea40353684d5853fda09ba162caa326f84f67bb948ab67d,POST_IB_PRE_OB,Point,135.0,0.6744560599327087,1.043266773223877,0.0,0.0,0.36881071329116827,SUPPORTED
sha256:bb6a3a1dfac623ada2d14aca8d6f5478d2d136818469561e8bfa82604cd6829a,sha256:5b90d7cf0a1f1e8fa82b3209c699951920f8d33255a144072922eb36fb26474c,POST_IB_PRE_OB,Point,135.0,0.6794524192810059,1.0486576557159424,0.0,0.0,0.3692052364349366,SUPPORTED
sha256:bb6a3a1dfac623ada2d14aca8d6f5478d2d136818469561e8bfa82604cd6829a,sha256:28ce345854a7718a30737a8338301571a64f2cbdbd64c3b138af5127c126f96a,POST_IB_PRE_OB,Point,135.0,0.6842228174209595,1.053737759590149,0.0,0.0,0.3695149421691894,SUPPORTED
sha256:bb6a3a1dfac623ada2d14aca8d6f5478d2d136818469561e8bfa82604cd6829a,sha256:1b24f9b6e8431ac9e44fc766cb811cb0ae4b3e1ae9d59e600d8af3493e987e24,POST_IB_PRE_OB,Point,135.0,0.6888344883918762,1.058602213859558,0.0,0.0,0.3697677254676819,SUPPORTED
sha256:bb6a3a1dfac623ada2d14aca8d6f5478d2d136818469561e8bfa82604cd6829a,sha256:0013ab5597b289d8446beae0993e1c8351b6d9a4f94465e5a5e044ccb78ce096,POST_IB_PRE_OB,Point,135.0,0.6933388113975525,1.0633128881454468,0.0,0.0,0.3699740767478943,SUPPORTED
sha256:bb6a3a1dfac623ada2d14aca8d6f5478d2d136818469561e8bfa82604cd6829a,sha256:5d49c4914248686dadafd72022c617545f7b31e05e48cff9759ffec4231a2fb2,POST_IB_PRE_OB,Point,135.0,0.6977716684341431,1.0679099559783936,0.0,0.0,0.37013828754425043,SUPPORTED
sha256:bb6a3a1dfac623ada2d14aca8d6f5478d2d136818469561e8bfa82604cd6829a,sha256:0e7fc75ea36789e8b28846af981c3bba2f347f6a8599a6eda1da032dd995d3f8,POST_IB_PRE_OB,Point,135.0,0.7021607756614685,1.072421669960022,0.0,0.0,0.37026089429855347,SUPPORTED
sha256:bb6a3a1dfac623ada2d14aca8d6f5478d2d136818469561e8bfa82604cd6829a,sha256:a94f264439825e1ec89ee3bcb043e6e8dfde6a5d25ff35501b7027fdf6118f60,POST_IB_PRE_OB,Point,135.0,0.7065252065658569,1.0768661499023438,0.0,0.0,0.37034094333648687,SUPPORTED
sha256:bb6a3a1dfac623ada2d14aca8d6f5478d2d136818469561e8bfa82604cd6829a,sha256:9d4b03187aef80456b1561b8faa28d0519c6b0bb1a3df2e834bca0556f16d4fa,POST_IB_PRE_OB,Point,135.0,0.7108800411224365,1.0812571048736572,0.0,0.0,0.3703770637512207,SUPPORTED
sha256:bb6a3a1dfac623ada2d14aca8d6f5478d2d136818469561e8bfa82604cd6829a,sha256:f519367dfa18e8b34d577ec6c9a07fe06c98a363b212469f2270db388a38018b,POST_IB_PRE_OB,Point,135.0,0.7152363657951355,1.0856035947799683,0.0,0.0,0.37036722898483276,SUPPORTED
sha256:bb6a3a1dfac623ada2d14aca8d6f5478d2d136818469561e8bfa82604cd6829a,sha256:28bbeca837daf204a588aa353185c458e37ce2684f1e5f3305a30589b7d307ee,POST_IB_PRE_OB,Point,135.0,0.7196013331413269,1.0899109840393066,0.0,0.0,0.3703096508979797,SUPPORTED
sha256:bb6a3a1dfac623ada2d14aca8d6f5478d2d136818469561e8bfa82604cd6829a,sha256:5da1474d9db8e2c53addfca27a8515ab4dd3064b6f96a69e25201e397640087d,POST_IB_PRE_OB,Point,135.0,0.7239807844161987,1.0941839218139648,0.0,0.0,0.37020313739776606,SUPPORTED
sha256:bb6a3a1dfac623ada2d14aca8d6f5478d2d136818469561e8bfa82604cd6829a,sha256:ff6c39730b682d26eafcc25b7cd395c1f624db6b940307ba32e7573da744ead1,POST_IB_PRE_OB,Point,135.0,0.7283785343170166,1.098425030708313,0.0,0.0,0.37004649639129644,SUPPORTED
sha256:bb6a3a1dfac623ada2d14aca8d6f5478d2d136818469561e8bfa82604cd6829a,sha256:ad9f8aa5188e9edcbb057f1e94e0c8dd3cf4f6c0225aab70be44859f628b96b5,POST_IB_PRE_OB,Point,135.0,0.7327982187271118,1.1026355028152466,0.0,0.0,0.36983728408813477,SUPPORTED
sha256:bb6a3a1dfac623ada2d14aca8d6f5478d2d136818469561e8bfa82604cd6829a,sha256:3a185e3974e2b3733a530a0f825d90d49fd9612444d9896118353878d2c9af82,POST_IB_PRE_OB,Point,135.0,0.7372413277626038,1.1068171262741089,0.0,0.0,0.3695757985115051,SUPPORTED
sha256:bb6a3a1dfac623ada2d14aca8d6f5478d2d136818469561e8bfa82604cd6829a,sha256:aada8be3d9205d8ddf7108e6e5d5c0a8708a0c5a43030e4f33b1fc3574189c1c,POST_IB_PRE_OB,Point,135.0,0.7417089939117432,1.1109694242477417,0.0,0.0,0.3692604303359986,SUPPORTED
sha256:bb6a3a1dfac623ada2d14aca8d6f5478d2d136818469561e8bfa82604cd6829a,sha256:b06ed38a4749af84a25025e4e3582b1a5a9f89809b93c47139c128da7034b159,POST_IB_PRE_OB,Point,135.0,0.7462023496627808,1.1150938272476196,0.0,0.0,0.36889147758483887,SUPPORTED
sha256:bb6a3a1dfac623ada2d14aca8d6f5478d2d136818469561e8bfa82604cd6829a,sha256:a291fbc29aa0be31d156a368d55d0c5933b45516141d8c001658e7cc960f76e5,POST_IB_PRE_OB,Point,135.0,0.75072181224823,1.1191890239715576,0.0,0.0,0.3684672117233276,SUPPORTED
sha256:bb6a3a1dfac623ada2d14aca8d6f5478d2d136818469561e8bfa82604cd6829a,sha256:e2601de05057ad158c5ca36044336415bd4901f6829a569e84b4fba172024f69,POST_IB_PRE_OB,Point,135.0,0.7552675008773804,1.1232554912567139,0.0,0.0,0.3679879903793335,SUPPORTED
sha256:bb6a3a1dfac623ada2d14aca8d6f5478d2d136818469561e8bfa82604cd6829a,sha256:812385df42948f5fe90886221d7b7245d9fcff854cd8e8ec70671c8078661e4a,POST_IB_PRE_OB,Point,84.0,0.8468562364578247,0.4312697947025299,0.0,0.0,0.4155864417552948,SUPPORTED
sha256:bb6a3a1dfac623ada2d14aca8d6f5478d2d136818469561e8bfa82604cd6829a,sha256:cd353b145a5d41e941addbe1108a6fcedcfa9948370d1a1a10ce7976de43085e,POST_IB_PRE_OB,Point,84.0,0.8513290882110596,0.4443873465061188,0.0,0.0,0.4069417417049408,SUPPORTED
sha256:bb6a3a1dfac623ada2d14aca8d6f5478d2d136818469561e8bfa82604cd6829a,sha256:b437bc23ff72dc56925dc1b15d0193844ad5f6c04e7016922ca17707abc67e16,POST_IB_PRE_OB,Point,84.0,0.8558256030082703,0.4573742747306824,0.0,0.0,0.3984513282775879,SUPPORTED
sha256:bb6a3a1dfac623ada2d14aca8d6f5478d2d136818469561e8bfa82604cd6829a,sha256:1f73a393eb21430da27ec90e19e2b908a168100cb1f5e88586aa57175e1450e3,POST_IB_PRE_OB,Point,84.0,0.8603448271751404,0.47023066878318787,0.0,0.0,0.39011415839195257,SUPPORTED
sha256:bb6a3a1dfac623ada2d14aca8d6f5478d2d136818469561e8bfa82604cd6829a,sha256:0cf9f63be36bc0a377085a5adfd7e3d9a1b221cfd780035b76bd56c50a0ec546,POST_IB_PRE_OB,Point,84.0,0.8648872375488281,0.48295509815216064,0.0,0.0,0.3819321393966675,SUPPORTED
sha256:bb6a3a1dfac623ada2d14aca8d6f5478d2d136818469561e8bfa82604cd6829a,sha256:562b3f9a1d007180697f60ba81d73e57e1218d60229bbae42430cb8bd7251a64,POST_IB_PRE_OB,Point,84.0,0.8694509863853455,0.4955486059188843,0.0,0.0,0.3739023804664611,SUPPORTED
sha256:bb6a3a1dfac623ada2d14aca8d6f5478d2d136818469561e8bfa82604cd6829a,sha256:3fec224145c093c7c73d7d0a6e314f15f74d70a4a1b22546d2bd774e266d29f7,POST_IB_PRE_OB,Point,84.0,0.8740354180335999,0.5080088376998901,0.0,0.0,0.3660265803337098,SUPPORTED
sha256:bb6a3a1dfac623ada2d14aca8d6f5478d2d136818469561e8bfa82604cd6829a,sha256:6175d36536f8a4ac27ee563117c0a9674bbbe44cf851ec38b4381ef2709823c4,POST_IB_PRE_OB,Point,84.0,0.8786402940750122,0.5203390121459961,0.0,0.0,0.35830128192901617,SUPPORTED
sha256:bb6a3a1dfac623ada2d14aca8d6f5478d2d136818469561e8bfa82604cd6829a,sha256:6d11d5b056d0edc86ed5d8e0ec891f2fbdf63db4d5c3ec133257022f7cfaf4cd,POST_IB_PRE_OB,Point,84.0,0.8832641839981079,0.5325357913970947,0.0,0.0,0.35072839260101313,SUPPORTED
sha256:bb6a3a1dfac623ada2d14aca8d6f5478d2d136818469561e8bfa82604cd6829a,sha256:99107dea56b5a2b10cedfcd1ad525108ad025019cc9877f000e5e8317d005fbe,POST_IB_PRE_OB,Point,84.0,0.8879069089889526,0.5446000695228577,0.0,0.0,0.34330683946609497,SUPPORTED
sha256:bb6a3a1dfac623ada2d14aca8d6f5478d2d136818469561e8bfa82604cd6829a,sha256:afe5e4dc703d0d5469337840144adb099369e41b02057658c6a388f5cdc6ca11,POST_IB_PRE_OB,Point,84.0,0.8925669193267822,0.5565307140350342,0.0,0.0,0.33603620529174805,SUPPORTED
sha256:bb6a3a1dfac623ada2d14aca8d6f5478d2d136818469561e8bfa82604cd6829a,sha256:97d4f6b7de5adba57a4eef8fcedcb931651d38e97a7681943c62349bca5415c5,POST_IB_PRE_OB,Point,84.0,0.8972429037094116,0.5683287978172302,0.0,0.0,0.32891410589218134,SUPPORTED
sha256:bb6a3a1dfac623ada2d14aca8d6f5478d2d136818469561e8bfa82604cd6829a,sha256:efa502cab29ed791fa658ee060a353ca7576bf3120c7395a098a2018ee22a26f,POST_IB_PRE_OB,Point,84.0,0.9019342660903931,0.5799940824508667,0.0,0.0,0.32194018363952637,SUPPORTED
sha256:bb6a3a1dfac623ada2d14aca8d6f5478d2d136818469561e8bfa82604cd6829a,sha256:1a79218c708e8e97d25795ce74c9ac284f1ac3a9bd1a7eb183ca3cffd7d083e4,POST_IB_PRE_OB,Point,84.0,0.9066400527954102,0.5915233492851257,0.0,0.0,0.3151167035102844,SUPPORTED
sha256:bb6a3a1dfac623ada2d14aca8d6f5478d2d136818469561e8bfa82604cd6829a,sha256:0b5aa791fab09f695027eba0f65760264a61e285c9881cf5c5a8dfc9e520190d,POST_IB_PRE_OB,Point,84.0,0.9113591313362122,0.6029208302497864,0.0,0.0,0.3084383010864258,SUPPORTED
sha256:bb6a3a1dfac623ada2d14aca8d6f5478d2d136818469561e8bfa82604cd6829a,sha256:2a353df43109e3ff21a9eb15adf43327111b29e715468cb63d48c6b0a5d80fa1,POST_IB_PRE_OB,Point,84.0,0.9160904288291931,0.6141842603683472,0.0,0.0,0.301906168460846,SUPPORTED
sha256:bb6a3a1dfac623ada2d14aca8d6f5478d2d136818469561e8bfa82604cd6829a,sha256:a041d25fc0d1e3da32a923d90e2367efcd44fad75938d73ea9c6c09165be7f8e,POST_IB_PRE_OB,Point,84.0,0.9208330512046814,0.6253125667572021,0.0,0.0,0.29552048444747925,SUPPORTED
sha256:bb6a3a1dfac623ada2d14aca8d6f5478d2d136818469561e8bfa82604cd6829a,sha256:7cdf22505c0b762c3f0ec7e13361b9c826e1ff72672259c7901b9f98832171f9,POST_IB_PRE_OB,Point,84.0,0.925585150718689,0.6363077163696289,0.0,0.0,0.28927743434906006,SUPPORTED
sha256:bb6a3a1dfac623ada2d14aca8d6f5478d2d136818469561e8bfa82604cd6829a,sha256:8c4495169531d17032bbd7ce8e4a51a3fa8ba7e584671c209c5ff2d74d44e126,POST_IB_PRE_OB,Point,84.0,0.9303467273712158,0.6471685767173767,0.0,0.0,0.28317815065383906,SUPPORTED
sha256:bb6a3a1dfac623ada2d14aca8d6f5478d2d136818469561e8bfa82604cd6829a,sha256:f36800376e772ebba234e48b43ef2debbb401336fd95546f58f46f552393cb57,POST_IB_PRE_OB,Point,84.0,0.93511563539505,0.6578952074050903,0.0,0.0,0.2772204279899597,SUPPORTED
sha256:bb6a3a1dfac623ada2d14aca8d6f5478d2d136818469561e8bfa82604cd6829a,sha256:56fb86f5d868eac4c1e29378c4623e9bc21fe0291fbb9b9a57171b21efd96531,POST_IB_PRE_OB,Point,84.0,0.9398913979530334,0.6684885621070862,0.0,0.0,0.27140283584594727,SUPPORTED
sha256:bb6a3a1dfac623ada2d14aca8d6f5478d2d136818469561e8bfa82604cd6829a,sha256:ce94efdad0453f96937f4a170f8647e90a1fa28c9082713572c8c2c693ae0143,POST_IB_PRE_OB,Point,84.0,0.9446729421615601,0.6789475679397583,0.0,0.0,0.26572537422180176,SUPPORTED
sha256:bb6a3a1dfac623ada2d14aca8d6f5478d2d136818469561e8bfa82604cd6829a,sha256:c8e1916eede4d3c103da46d8b92a4fa346065e287fc0ee4b6c940d998941dbb5,POST_IB_PRE_OB,Point,84.0,0.9494584798812866,0.6892731189727783,0.0,0.0,0.2601853609085083,SUPPORTED
sha256:bb6a3a1dfac623ada2d14aca8d6f5478d2d136818469561e8bfa82604cd6829a,sha256:9e3a3e3f21c833a4dd3295f69bcc177c61546ef747b68d5b81d66fb9055609c0,POST_IB_PRE_OB,Point,84.0,0.9542474150657654,0.699465274810791,0.0,0.0,0.25478214025497437,SUPPORTED
sha256:bb6a3a1dfac623ada2d14aca8d6f5478d2d136818469561e8bfa82604cd6829a,sha256:366466e4459b5c097667cb89cf038c0fa6e76a3091a168cf2520eb91a8cb0a86,POST_IB_PRE_OB,Point,84.0,0.959039032459259,0.7095239162445068,0.0,0.0,0.24951511621475217,SUPPORTED
sha256:bb6a3a1dfac623ada2d14aca8d6f5478d2d136818469561e8bfa82604cd6829a,sha256:e013c7dcab0f0eb6934a0982e7643e40c86aa207cbca286935cb15089a8f6eab,POST_IB_PRE_OB,Point,84.0,0.9638311862945557,0.7194499969482422,0.0,0.0,0.24438118934631345,SUPPORTED
sha256:bb6a3a1dfac623ada2d14aca8d6f5478d2d136818469561e8bfa82604cd6829a,sha256:dff59334a42e5909cba64f78cbc9fc206fef22006bfbf6b4bc0d01fcbf3e0cd3,POST_IB_PRE_OB,Point,84.0,0.9686232805252075,0.7292446494102478,0.0,0.0,0.23937863111495972,SUPPORTED
sha256:bb6a3a1dfac623ada2d14aca8d6f5478d2d136818469561e8bfa82604cd6829a,sha256:3bc7d419d4f0a7f005daad73c70f4b79dc3ef352a0d3f6068c91a83d7318b9d7,POST_IB_PRE_OB,Point,84.0,0.9734147787094116,0.738905668258667,0.0,0.0,0.23450911045074466,SUPPORTED
sha256:bb6a3a1dfac623ada2d14aca8d6f5478d2d136818469561e8bfa82604cd6829a,sha256:2c5d7b3fa6cba0f55ddea96402fc9905545229f81c16867ec855d9bb69c92eea,POST_IB_PRE_OB,Point,84.0,0.978203535079956,0.7484351396560669,0.0,0.0,0.22976839542388916,SUPPORTED
sha256:bb6a3a1dfac623ada2d14aca8d6f5478d2d136818469561e8bfa82604cd6829a,sha256:65ff6c94fe508c98bf89615e4026920cb7753cf5a003ef575f7a7f523ed7dd12,POST_IB_PRE_OB,Point,84.0,0.9829890727996826,0.7578349709510803,0.0,0.0,0.2251541018486023,SUPPORTED
sha256:bb6a3a1dfac623ada2d14aca8d6f5478d2d136818469561e8bfa82604cd6829a,sha256:bdc40e95a4db37e7ad4870c99750228a01cc5ff59d5e7b7470df348fe3f5c92f,POST_IB_PRE_OB,Point,84.0,0.987770676612854,0.7671021819114685,0.0,0.0,0.2206684947013855,SUPPORTED
sha256:bb6a3a1dfac623ada2d14aca8d6f5478d2d136818469561e8bfa82604cd6829a,sha256:1ab572cc0ff3831dbd8d7714c35f862a3484390318a5b764b9ee6b945143ecb0,POST_IB_PRE_OB,Point,84.0,0.9925459623336792,0.7762405872344971,0.0,0.0,0.21630537509918213,SUPPORTED
sha256:bb6a3a1dfac623ada2d14aca8d6f5478d2d136818469561e8bfa82604cd6829a,sha256:c80e47d29d6a7c389dcccacb5ffd38a7a6653e6c9f3b6ba3a92f38a62255c671,POST_IB_PRE_OB,Point,84.0,0.9973154067993164,0.7852484583854675,0.0,0.0,0.2120669484138489,SUPPORTED
sha256:bb6a3a1dfac623ada2d14aca8d6f5478d2d136818469561e8bfa82604cd6829a,sha256:b76672f67ffdbc3bed64a73b8c2a8451553f101466c31a439fd7bafa2bef67ee,POST_IB_PRE_OB,Point,84.0,1.002077341079712,0.7941275238990784,0.0,0.0,0.20794981718063354,SUPPORTED
sha256:bb6a3a1dfac623ada2d14aca8d6f5478d2d136818469561e8bfa82604cd6829a,sha256:71d088ba52021e9fe39228a47a9cca18c8106040f4626ab7248c4ac476773cd7,POST_IB_PRE_OB,Point,84.0,1.0068306922912598,0.8028787970542908,0.0,0.0,0.20395189523696902,SUPPORTED
sha256:bb6a3a1dfac623ada2d14aca8d6f5478d2d136818469561e8bfa82604cd6829a,sha256:b6b4773d1e5663beaf36622a5616bdeac04a515c0b218c77d0fb1768021008d1,POST_IB_PRE_OB,Point,84.0,1.011574625968933,0.8115012645721436,0.0,0.0,0.20007336139678955,SUPPORTED
sha256:bb6a3a1dfac623ada2d14aca8d6f5478d2d136818469561e8bfa82604cd6829a,sha256:16a3530c74a8c56d39e54d399968a3644694d5ab78929c8424ca9708d916166d,POST_IB_PRE_OB,Point,84.0,1.0163078308105469,0.8199979066848755,0.0,0.0,0.1963099241256714,SUPPORTED
sha256:bb6a3a1dfac623ada2d14aca8d6f5478d2d136818469561e8bfa82604cd6829a,sha256:28e4e474e6dfde83d2a155c74af62190e202c92109bca2b64c25b0f1c1b476b4,POST_IB_PRE_OB,Point,84.0,1.021030068397522,0.8283675312995911,0.0,0.0,0.19266253709793088,SUPPORTED
sha256:bb6a3a1dfac623ada2d14aca8d6f5478d2d136818469561e8bfa82604cd6829a,sha256:fe7e50cc5f271d7d86e1bfd58bd749d17c40ecdf1bce915d17c046364e84d8e0,POST_IB_PRE_OB,Point,84.0,1.0257397890090942,0.8366121649742126,0.0,0.0,0.18912762403488156,SUPPORTED
sha256:bb6a3a1dfac623ada2d14aca8d6f5478d2d136818469561e8bfa82604cd6829a,sha256:06f75365a3f3cd21ac9226e7feae86e402519129a09bd076a5412713294ffa27,POST_IB_PRE_OB,Point,84.0,1.0304361581802368,0.8447318077087402,0.0,0.0,0.18570435047149658,SUPPORTED
sha256:bb6a3a1dfac623ada2d14aca8d6f5478d2d136818469561e8bfa82604cd6829a,sha256:589dec2fd92584ea1d8bdeff3cc266e0f9d293e6b017a22d5f982b63394c28dd,POST_IB_PRE_OB,Point,84.0,1.0351190567016602,0.8477696180343628,0.0,0.0,0.18734943866729736,SUPPORTED
sha256:bb6a3a1dfac623ada2d14aca8d6f5478d2d136818469561e8bfa82604cd6829a,sha256:95f899771ab57a4bcd6fe509471df518b590a26386ac758130fb6199e424466d,POST_IB_PRE_OB,Point,84.0,1.0397863388061523,0.8505501747131348,0.0,0.0,0.18923616409301758,SUPPORTED
sha256:bb6a3a1dfac623ada2d14aca8d6f5478d2d136818469561e8bfa82604cd6829a,sha256:116a6bed57961defd2c95f808bc433bdfcf4dd0155ae15e6d2166d58912a93bb,POST_IB_PRE_OB,Point,84.0,1.044438362121582,0.8532897233963013,0.0,0.0,0.19114863872528076,SUPPORTED
sha256:bb6a3a1dfac623ada2d14aca8d6f5478d2d136818469561e8bfa82604cd6829a,sha256:fe627852615c113ca4785884c4cedde9a1a2f1540e884159d62ba4ad1c6356c6,POST_IB_PRE_OB,Point,84.0,1.0490736961364746,0.8559877872467041,0.0,0.0,0.19308590888977048,SUPPORTED
sha256:bb6a3a1dfac623ada2d14aca8d6f5478d2d136818469561e8bfa82604cd6829a,sha256:d77a2e404e7ddd775c6fc3114fabf83fce2c60e38ed4cbfbb0f8d4446d3a69f2,POST_OB_PRE_TO,Point,,,,,0.0,,ABSTAIN_NO_FINITE_OBSERVED_PAIR
sha256:be3400a5a79081b7ee340d6a04016a28d151eb141eacdd8f262be7b298d1d1aa,sha256:05568a3a839ad4a54d672063c1a970154d89c9924f6a3e566453462c82bbf1a5,POST_IB_PRE_OB,Point,27.0,1.347023844718933,0.7259725332260132,82.0,44.0,28.905095396251024,SUPPORTED
sha256:be3400a5a79081b7ee340d6a04016a28d151eb141eacdd8f262be7b298d1d1aa,sha256:24c5b38021c3e24e87ac83cad936c927630828279ca2737d74c198d5ad848470,POST_IB_PRE_OB,Point,27.0,1.218477487564087,0.4976763427257538,82.0,44.0,28.253625116155774,SUPPORTED
sha256:be3400a5a79081b7ee340d6a04016a28d151eb141eacdd8f262be7b298d1d1aa,sha256:880f32208a35bcea3d122e3b4ce8efdbfc84fd4e96d2c2e6b00c07a602cddf72,POST_IB_PRE_OB,Point,58.0,1.0386600494384766,1.1773641109466553,82.0,44.0,33.54707936547267,SUPPORTED
sha256:be3400a5a79081b7ee340d6a04016a28d151eb141eacdd8f262be7b298d1d1aa,sha256:50b18deb7ab7d97798596bf8afde1bfd72b2b5ddf6b3a0ab26b80c5261d04828,POST_IB_PRE_OB,Point,58.0,1.0343341827392578,1.1601331233978271,82.0,44.0,33.75299217839448,SUPPORTED
sha256:be3400a5a79081b7ee340d6a04016a28d151eb141eacdd8f262be7b298d1d1aa,sha256:4b6a81ee4d161fc01a1d31d56d0ca19f3d3134f45a93885de3af9cdb925c7404,POST_IB_PRE_OB,Point,58.0,1.0289688110351562,1.1484556198120117,82.0,44.0,33.8577975974333,SUPPORTED
sha256:be3400a5a79081b7ee340d6a04016a28d151eb141eacdd8f262be7b298d1d1aa,sha256:ac7be4f0544356272fe056e5323e7a4f1b5db4118fce353a047a659eb5551d5e,POST_IB_PRE_OB,Point,58.0,1.0229235887527466,1.1388788223266602,82.0,44.0,33.917718043605376,SUPPORTED
sha256:be3400a5a79081b7ee340d6a04016a28d151eb141eacdd8f262be7b298d1d1aa,sha256:9ddad791fa13d4d3f88cef882ab5cb7a50851606983eebe797277189815fcc23,POST_IB_PRE_OB,Point,58.0,1.0165879726409912,1.1299184560775757,82.0,44.0,33.962880690659794,SUPPORTED
sha256:be3400a5a79081b7ee340d6a04016a28d151eb141eacdd8f262be7b298d1d1aa,sha256:a746e0073bb26bd96ef068ca04fad047ce52725a968b754d24d988f9904b48b6,POST_IB_PRE_OB,Point,58.0,1.010230302810669,1.1209325790405273,82.0,44.0,34.008660591051786,SUPPORTED
sha256:be3400a5a79081b7ee340d6a04016a28d151eb141eacdd8f262be7b298d1d1aa,sha256:2d12f459a3f0137315507be1562e88b24a0307eba8db91b41a6c769a701829f8,POST_IB_PRE_OB,Point,58.0,1.004014015197754,1.111650824546814,82.0,44.0,34.06278884915857,SUPPORTED
sha256:be3400a5a79081b7ee340d6a04016a28d151eb141eacdd8f262be7b298d1d1aa,sha256:d2c7fa035c72e2f02fd3390e54ae6986b131f2a7bcaca89cdcb4559544de337a,POST_IB_PRE_OB,Point,58.0,0.9980352520942688,1.10197114944458,82.0,44.0,34.129233845969935,SUPPORTED
sha256:be3400a5a79081b7ee340d6a04016a28d151eb141eacdd8f262be7b298d1d1aa,sha256:23194321a76469b81ccc6e2d47f739724c733b47756b4cd7bcdb293ec320dde4,POST_IB_PRE_OB,Point,27.0,1.2085448503494263,0.8967280983924866,82.0,44.0,31.42733083814646,SUPPORTED
sha256:be79535a3e87c18fe317c3dfd5d7bef438d28fa95d5f89d38b906107bb734d32,sha256:1ffc4a86cdf2be5079c5565ea0cabb28d1e05648350947a7100fcaece5e5d57a,POST_IB_PRE_OB,Point,57.0,1.188828468322754,1.0341637134552002,11.0,0.0,8.54597749607773,SUPPORTED
sha256:be79535a3e87c18fe317c3dfd5d7bef438d28fa95d5f89d38b906107bb734d32,sha256:2ce5eaf48a777b63fa6f1e9de5477bf2c354feda8c810eef8a090df5fe2bd998,POST_IB_PRE_OB,Point,180.0,0.9521440267562866,0.5732545852661133,11.0,0.0,7.295859264578958,SUPPORTED
sha256:be79535a3e87c18fe317c3dfd5d7bef438d28fa95d5f89d38b906107bb734d32,sha256:b647e1627390c50958e4a1279a090e654758465d3a0f7c3d00b7a5f5800cddbb,POST_IB_PRE_OB,Point,180.0,0.9766340851783752,0.7406325340270996,11.0,0.0,8.01356951142474,SUPPORTED
sha256:be79535a3e87c18fe317c3dfd5d7bef438d28fa95d5f89d38b906107bb734d32,sha256:39eae7b1cb29b5cdee46f98da71d78d623db898d42297ec0e036e41e8e07f7a9,POST_IB_PRE_OB,Point,180.0,0.9955744743347168,0.8452168703079224,11.0,0.0,8.578250573365171,SUPPORTED
sha256:be79535a3e87c18fe317c3dfd5d7bef438d28fa95d5f89d38b906107bb734d32,sha256:3b4bf53ce736b179554ca038d245deb932f433f54395144d9dc01bc065e09bc7,POST_IB_PRE_OB,Point,180.0,1.0102617740631104,0.9127447605133057,11.0,0.0,9.026104790888317,SUPPORTED
sha256:be79535a3e87c18fe317c3dfd5d7bef438d28fa95d5f89d38b906107bb734d32,sha256:8d89c70719f4aa8c05b09504a202eb76a08672033564196789ad79a935ed5b87,POST_IB_PRE_OB,Point,180.0,1.021837830543518,0.935123860836029,11.0,0.0,9.133405323556167,SUPPORTED
sha256:be79535a3e87c18fe317c3dfd5d7bef438d28fa95d5f89d38b906107bb734d32,sha256:d050e2f21f27400ea338267baccf439e2590815b00cc9aa9ba9c5f6cee6eee8c,POST_IB_PRE_OB,Point,180.0,1.0311998128890991,0.9453994631767273,11.0,0.0,9.142808999411407,SUPPORTED
sha256:be79535a3e87c18fe317c3dfd5d7bef438d28fa95d5f89d38b906107bb734d32,sha256:314f9cec8c3b5dbf1ccaca99a6be85de52351e51a3316ac7fd9e922c5bc2a44a,POST_IB_PRE_OB,Point,180.0,1.0390108823776245,0.9527257680892944,11.0,0.0,9.137812628291538,SUPPORTED
sha256:bef367e1c36ad90a02cc50df1ff122b9afde7e33e57dd98de21cdfaea8e8664e,sha256:981f3af9d3729c15c0ecfc63e60f5ef3b7d983d2ef2231c7927fe679ed540859,POST_IB_PRE_OB,Point,163.0,1.1296262741088867,0.8424505591392517,13.0,8.0,2.8906126969388763,SUPPORTED
sha256:bef367e1c36ad90a02cc50df1ff122b9afde7e33e57dd98de21cdfaea8e8664e,sha256:b12020cee5020ef18824b7f4f6fab996db326842ec8ed232bf295ea54a523a97,POST_IB_PRE_OB,Point,163.0,1.1601531505584717,0.9911819696426392,13.0,8.0,3.3306503116667643,SUPPORTED
sha256:bef367e1c36ad90a02cc50df1ff122b9afde7e33e57dd98de21cdfaea8e8664e,sha256:4767bcd79c983bcde2cc3bfb2a840cdb63cb2c8aad558ebae53d2ff76a96ca8a,POST_IB_PRE_OB,Point,163.0,1.18434739112854,1.0421924591064453,13.0,8.0,3.45600587560926,SUPPORTED
sha256:bef367e1c36ad90a02cc50df1ff122b9afde7e33e57dd98de21cdfaea8e8664e,sha256:6fed37908b603ad0b3f24477aedce0ab37767e734d4a273b176245b0f4689864,POST_IB_PRE_OB,Point,163.0,1.203157663345337,1.075355052947998,13.0,8.0,3.529036771399402,SUPPORTED
sha256:bef367e1c36ad90a02cc50df1ff122b9afde7e33e57dd98de21cdfaea8e8664e,sha256:06ac4be42be14a9e09c6b895e088a7bc7ead8f60a4f7624c70a2b50a6d56fc0d,POST_IB_PRE_OB,Point,163.0,1.2177848815917969,1.096765160560608,13.0,8.0,3.5652580359959205,SUPPORTED
sha256:bef367e1c36ad90a02cc50df1ff122b9afde7e33e57dd98de21cdfaea8e8664e,sha256:2bf15a8f8b15139c096f7646bbe70d74fa57a8f15c653da36a34b749e0ae91a2,POST_IB_PRE_OB,Point,163.0,1.2293193340301514,1.1108460426330566,13.0,8.0,3.579166360359008,SUPPORTED
sha256:bef367e1c36ad90a02cc50df1ff122b9afde7e33e57dd98de21cdfaea8e8664e,sha256:8f9f2d057a57a2f892973f693ca404dba334226cf3adeb42b7f7663c85b2ca40,POST_IB_PRE_OB,Point,163.0,1.2386364936828613,1.12042236328125,13.0,8.0,3.5805917424167633,SUPPORTED
sha256:bef367e1c36ad90a02cc50df1ff122b9afde7e33e57dd98de21cdfaea8e8664e,sha256:7dcd19a5bd3b5120178dc79e996c18f31090bf974a4b17eaef77256f1abe5aac,POST_IB_PRE_OB,Point,168.0,1.1763397455215454,0.7532394528388977,13.0,8.0,2.514147585323356,SUPPORTED
sha256:bef367e1c36ad90a02cc50df1ff122b9afde7e33e57dd98de21cdfaea8e8664e,sha256:94758bd2676887da8d15ce2f870ce652ac38025db07c5637a55d22805c68c9c3,POST_IB_PRE_OB,Point,168.0,1.1831047534942627,0.7715912461280823,13.0,8.0,2.54266876647768,SUPPORTED
sha256:bef367e1c36ad90a02cc50df1ff122b9afde7e33e57dd98de21cdfaea8e8664e,sha256:397208da44dd9ee8f188a655750f24975dae6dacdbe56922ffc9b67d458e2fbe,POST_IB_PRE_OB,Point,168.0,1.1891249418258667,0.7863614559173584,13.0,8.0,2.56458278021513,SUPPORTED
sha256:bef367e1c36ad90a02cc50df1ff122b9afde7e33e57dd98de21cdfaea8e8664e,sha256:3152e067dbd5c135635e31b7b84b016d049c16aa55678296a22a4d5c2ee95a9c,POST_IB_PRE_OB,Point,168.0,1.1946282386779785,0.7987964749336243,13.0,8.0,2.5821801728598177,SUPPORTED
sha256:c11cc4ac45fa99bf7a0262c199c31bfbadf6372c3a4722db663df8564fcd8c1b,sha256:7b2863b7c9b8f6e1065cb6fd88470669902222ec1cce169c61b91bf9c5c6f307,PRE_IB,Point,199.0,0.9275960326194763,1.0121248960494995,14.0,0.0,11.908841304959989,SUPPORTED
sha256:c11cc4ac45fa99bf7a0262c199c31bfbadf6372c3a4722db663df8564fcd8c1b,sha256:68b56f2d87779dcf7083901a72a66fcabe12899ca95b04b44aa1b9f1f169a5b4,PRE_IB,Point,199.0,0.7059005498886108,0.9451942443847656,14.0,0.0,10.578631610694282,SUPPORTED
sha256:c11cc4ac45fa99bf7a0262c199c31bfbadf6372c3a4722db663df8564fcd8c1b,sha256:905ab7d3b63c827979355e32478b0749b50dcab3c00ee78946b834a0669db3f7,PRE_IB,Point,199.0,0.4816128611564636,1.0085413455963135,14.0,0.0,9.09480227745316,SUPPORTED
sha256:c11cc4ac45fa99bf7a0262c199c31bfbadf6372c3a4722db663df8564fcd8c1b,sha256:11d15f2467b01a938a3caa8d5ab7ac4d3ca6a43076468c13f572636ad6f267da,PRE_IB,Point,199.0,0.5896245241165161,0.9754968881607056,14.0,0.0,9.737340081003165,SUPPORTED
sha256:c11cc4ac45fa99bf7a0262c199c31bfbadf6372c3a4722db663df8564fcd8c1b,sha256:0c9d798c4dce65c7193569689d1b22e282ecc73073bff529c2bfaf1e37770896,PRE_IB,Point,199.0,0.6422358751296997,0.9612183570861816,14.0,0.0,10.092515992137475,SUPPORTED
sha256:c11cc4ac45fa99bf7a0262c199c31bfbadf6372c3a4722db663df8564fcd8c1b,sha256:7def73dbd5a1f141d3698fd893deba8673a11df198ae34b1594a5e7616b93a91,POST_IB_PRE_OB,Point,124.0,0.8637781739234924,0.0,14.0,0.0,7.90881032786442,SUPPORTED
sha256:c11cc4ac45fa99bf7a0262c199c31bfbadf6372c3a4722db663df8564fcd8c1b,sha256:cad06ae3a03a8d2ba0d34ef774827aa851622b381e37cb1cfdbedab8a57498c0,POST_IB_PRE_OB,Point,124.0,0.8724352717399597,0.0,14.0,0.0,7.882701713338914,SUPPORTED
sha256:c11cc4ac45fa99bf7a0262c199c31bfbadf6372c3a4722db663df8564fcd8c1b,sha256:c4d2bfe3ddb745c363fac15b4a4e6c46f6cb291f90e5233892436d4cfa1322b0,POST_IB_PRE_OB,Point,124.0,0.8742552399635315,0.0,14.0,0.0,7.877234914285053,SUPPORTED
sha256:c11cc4ac45fa99bf7a0262c199c31bfbadf6372c3a4722db663df8564fcd8c1b,sha256:1a59794e3bd04a9f203d5298dc00c4aec29e595fc798683ce921bbdb06ef7ea9,POST_IB_PRE_OB,Point,124.0,0.8727166652679443,0.0,14.0,0.0,7.881855970403193,SUPPORTED
sha256:c11cc4ac45fa99bf7a0262c199c31bfbadf6372c3a4722db663df8564fcd8c1b,sha256:7f2298f50726ff45c55d49fad0ef7b1b51ecc5732654d23c8394f6edf1df8343,POST_IB_PRE_OB,Point,124.0,0.8696366548538208,0.0,14.0,0.0,7.891123011404095,SUPPORTED
sha256:c12488e0ec2b62e3f067d190c62f470d81b9308828d5c97a9dbb692d4ddd0fe5,sha256:61860c958a5ff821b1079cac089f74791dadd6375b2cb615431291d50567c2f0,POST_IB_PRE_OB,Point,108.0,1.5666182041168213,1.18112051486969,0.0,7.0,4.100085188674384,SUPPORTED
sha256:c12488e0ec2b62e3f067d190c62f470d81b9308828d5c97a9dbb692d4ddd0fe5,sha256:af94aa934e9d90fd23316c1a21662df1c761b04cf15304a298ef605e6c16b4bb,POST_IB_PRE_OB,Point,108.0,1.5923563241958618,1.255096197128296,0.0,7.0,4.264267520846093,SUPPORTED
sha256:c12488e0ec2b62e3f067d190c62f470d81b9308828d5c97a9dbb692d4ddd0fe5,sha256:d6aa4fdcf273d04cf74edd042820a8893514969953f0d53458f59e4d29e42635,POST_IB_PRE_OB,Point,108.0,1.611268162727356,1.3033620119094849,0.0,7.0,4.371688818449509,SUPPORTED
sha256:c12488e0ec2b62e3f067d190c62f470d81b9308828d5c97a9dbb692d4ddd0fe5,sha256:60774ad4908a4c7fc89e34b5832e2a6792fe25b7be9f8774aebada442bd09476,POST_IB_PRE_OB,Point,99.0,1.303060531616211,0.1320955753326416,0.0,7.0,2.4449699531474383,SUPPORTED
sha256:c12488e0ec2b62e3f067d190c62f470d81b9308828d5c97a9dbb692d4ddd0fe5,sha256:33d571f49c57d39afbbb7733d279800fc009d18aff94cac86d17ae1f80f4cebd,POST_IB_PRE_OB,Point,99.0,1.3133740425109863,0.1993623524904251,0.0,7.0,2.529002529725861,SUPPORTED
sha256:c12488e0ec2b62e3f067d190c62f470d81b9308828d5c97a9dbb692d4ddd0fe5,sha256:ae703e3df959d57db5ee85a4301748b60717bb35f340108cbbd6fa4eaa470056,POST_IB_PRE_OB,Point,99.0,1.321774959564209,0.24488765001296997,0.0,7.0,2.585726715702732,SUPPORTED
sha256:c12488e0ec2b62e3f067d190c62f470d81b9308828d5c97a9dbb692d4ddd0fe5,sha256:aa90bfd413222da62575ccef097ae33a622f719d5285bc9b5bfa0aadb6d127c3,POST_IB_PRE_OB,Point,99.0,1.3287937641143799,0.27742666006088257,0.0,7.0,2.6256617200966867,SUPPORTED
sha256:c12488e0ec2b62e3f067d190c62f470d81b9308828d5c97a9dbb692d4ddd0fe5,sha256:ed5298f2b2c417fcef66c5d5b020cc00c901e434f5e15d743a6abe4f0aaf5eaf,POST_IB_PRE_OB,Point,99.0,1.3348385095596313,0.30198296904563904,0.0,7.0,2.6551278480409173,SUPPORTED
sha256:c12488e0ec2b62e3f067d190c62f470d81b9308828d5c97a9dbb692d4ddd0fe5,sha256:b8088cd26a9c7d69f64e3f1e720d9c3551c430dcf27b3f68f9437c7f6935830f,POST_IB_PRE_OB,Point,99.0,1.3402066230773926,0.3215388357639313,0.0,7.0,2.6780032177325452,SUPPORTED
sha256:c12488e0ec2b62e3f067d190c62f470d81b9308828d5c97a9dbb692d4ddd0fe5,sha256:48b1e6bc2a4da318a69ede83af5a155b0a3bf557e4f07c72e2cb2497a5cac031,POST_IB_PRE_OB,Point,99.0,1.3451093435287476,0.3379133939743042,0.0,7.0,2.6966887621452775,SUPPORTED
sha256:c12488e0ec2b62e3f067d190c62f470d81b9308828d5c97a9dbb692d4ddd0fe5,sha256:31fcdcc42933ecdec036e4af0289137f38796bcb334f1da95ad8df9acbf7735d,POST_IB_PRE_OB,Point,99.0,1.349691390991211,0.35224243998527527,0.0,7.0,2.712700080135514,SUPPORTED
sha256:c12488e0ec2b62e3f067d190c62f470d81b9308828d5c97a9dbb692d4ddd0fe5,sha256:748db1deccf25337e192abeafcf8d253d278d4581257068c5f7503ca4d2fa2c1,POST_IB_PRE_OB,Point,99.0,1.3540520668029785,0.36523112654685974,0.0,7.0,2.7269784561854182,SUPPORTED
sha256:c12488e0ec2b62e3f067d190c62f470d81b9308828d5c97a9dbb692d4ddd0fe5,sha256:0947b1cb43a2fdc3cf6ed318ba272a529f4307ba8e898a5387e7228d13359a06,POST_IB_PRE_OB,Point,99.0,1.358258605003357,0.3773222863674164,0.0,7.0,2.7401141577716426,SUPPORTED
sha256:c12488e0ec2b62e3f067d190c62f470d81b9308828d5c97a9dbb692d4ddd0fe5,sha256:c2524f9139c7019c8c9349fff62d73a4c2994901d5776d88f019c726941e5c9b,POST_IB_PRE_OB,Point,99.0,1.36235511302948,0.388795405626297,0.0,7.0,2.7524801440093127,SUPPORTED
sha256:c12488e0ec2b62e3f067d190c62f470d81b9308828d5c97a9dbb692d4ddd0fe5,sha256:c0a51f1a354441c476ae114d759d519429d91a6f13892bb5447efde6c16933d6,POST_IB_PRE_OB,Point,99.0,1.3663725852966309,0.3998260498046875,0.0,7.0,2.764306345556995,SUPPORTED
sha256:c12488e0ec2b62e3f067d190c62f470d81b9308828d5c97a9dbb692d4ddd0fe5,sha256:ca5019b2ed1acb06a2b72d8ce584ebaf808bf4367aea214910018baa9606bd05,POST_IB_PRE_OB,Point,99.0,1.3703309297561646,0.41052162647247314,0.0,7.0,2.775731710119855,SUPPORTED
sha256:c12488e0ec2b62e3f067d190c62f470d81b9308828d5c97a9dbb692d4ddd0fe5,sha256:dba078b8d559bdc68f1bd47880c3bc2dde1a4d813d774bdc00aa7e6a2a385a50,POST_IB_PRE_OB,Point,99.0,1.374244213104248,0.42095279693603516,0.0,7.0,2.7868458631104867,SUPPORTED
sha256:c12488e0ec2b62e3f067d190c62f470d81b9308828d5c97a9dbb692d4ddd0fe5,sha256:b7de0d3781bc78188b1a2072311c082b2a644b2ee4f54c22ee2f2cf1d12f56ab,POST_IB_PRE_OB,Point,95.0,0.5768375396728516,0.5552968382835388,0.0,7.0,6.244920048238268,SUPPORTED
sha256:c12488e0ec2b62e3f067d190c62f470d81b9308828d5c97a9dbb692d4ddd0fe5,sha256:c561da8bd007a80424fed9d67c34afa98cde600534da68ad0fe1ad49b1138392,POST_IB_PRE_OB,Point,95.0,0.5867224335670471,0.5650469660758972,0.0,7.0,6.242629198164226,SUPPORTED
sha256:c12488e0ec2b62e3f067d190c62f470d81b9308828d5c97a9dbb692d4ddd0fe5,sha256:62d94772e32f3d0b800b61faaa01b04392868af955e910e82eaf99763bd3d374,POST_IB_PRE_OB,Point,95.0,0.596595823764801,0.5746247172355652,0.0,7.0,6.23762999271548,SUPPORTED
sha256:c12488e0ec2b62e3f067d190c62f470d81b9308828d5c97a9dbb692d4ddd0fe5,sha256:e64f31ae6efba572e82dbe2de521ac15ac7291f3f9b1bfc291157a623cbf8d9d,POST_IB_PRE_OB,Point,95.0,0.606460452079773,0.5840434432029724,0.0,7.0,6.230156793700996,SUPPORTED
sha256:c12488e0ec2b62e3f067d190c62f470d81b9308828d5c97a9dbb692d4ddd0fe5,sha256:12221c97425f91fc0d67a4ace02ac6065119ecf0d7d7705dcdc07068fb578c7c,POST_IB_PRE_OB,Point,95.0,0.6163182258605957,0.59331214427948,0.0,7.0,6.2204038860500805,SUPPORTED
sha256:c12488e0ec2b62e3f067d190c62f470d81b9308828d5c97a9dbb692d4ddd0fe5,sha256:84590561c86d73a50d2e86edb8d93c4f282dac687e101be2d9ab6c4fb3a16538,POST_IB_PRE_OB,Point,95.0,0.626168966293335,0.6024351119995117,0.0,7.0,6.208535767797634,SUPPORTED
sha256:c12488e0ec2b62e3f067d190c62f470d81b9308828d5c97a9dbb692d4ddd0fe5,sha256:37de4ab604d0e12f024c2a155b3f08a24545c7892cf9a96d41dc14206917a50b,POST_IB_PRE_OB,Point,95.0,0.6360151767730713,0.6114165782928467,0.0,7.0,6.194682483775679,SUPPORTED
sha256:c47612951f046a604739c6a61b0c750156217227310a6fa1b301fc1b55f37a73,sha256:7c66c9614aea37b079fb67cf2dc29d0c38b874fe33f1d6ccc9db1fe1d8265673,POST_IB_PRE_OB,Point,200.0,1.0478490591049194,0.872886598110199,0.0,2.0,0.991873416181202,SUPPORTED
sha256:c47612951f046a604739c6a61b0c750156217227310a6fa1b301fc1b55f37a73,sha256:6e8ba9035df39470cad6274dc7fc1a3e134098315527cd8149a7ddd1ad31f0db,POST_IB_PRE_OB,Point,200.0,1.079551339149475,0.9605613350868225,0.0,2.0,1.1433261108590451,SUPPORTED
sha256:c47612951f046a604739c6a61b0c750156217227310a6fa1b301fc1b55f37a73,sha256:097c6c40c7b107a9dca0a7baaf8d9a1c989cbbb0c2bea48921f1674f41f42fd0,POST_IB_PRE_OB,Point,200.0,1.1050740480422974,1.0198582410812378,0.0,2.0,1.2595485279143022,SUPPORTED
sha256:c47612951f046a604739c6a61b0c750156217227310a6fa1b301fc1b55f37a73,sha256:17525962a9ce8b99a942a45f4c749642a11360e615fe972327455850de722b8a,POST_IB_PRE_OB,Point,135.0,0.4632200002670288,0.8761717677116394,0.0,2.0,0.5953670680270334,SUPPORTED
sha256:c47612951f046a604739c6a61b0c750156217227310a6fa1b301fc1b55f37a73,sha256:9fd9ed5083d8db7d13c0ed66a248363a94bc3cdd590e112310c2d22451bfab36,POST_IB_PRE_OB,Point,135.0,0.4976236820220947,0.9011926651000977,0.0,2.0,0.6067518347226053,SUPPORTED
sha256:c47612951f046a604739c6a61b0c750156217227310a6fa1b301fc1b55f37a73,sha256:22aa89a7b2fbb3a5c6f1e46cf5fba3fb1fe9ea7fdff9b50ffc1c23afda3aef61,POST_IB_PRE_OB,Point,135.0,0.5242615342140198,0.9178590178489685,0.0,2.0,0.6191173149433994,SUPPORTED
sha256:c47612951f046a604739c6a61b0c750156217227310a6fa1b301fc1b55f37a73,sha256:b2f368847a4bfcf5e5a22218ba484ba282ff891b4e68bce501ea9640ba402769,POST_IB_PRE_OB,Point,135.0,0.5454334020614624,0.9293259978294373,0.0,2.0,0.6314255443961672,SUPPORTED
sha256:c47612951f046a604739c6a61b0c750156217227310a6fa1b301fc1b55f37a73,sha256:f011bab5b6bdd29266b73d9a7313f5892b636a9d62e33422a8812d884a8c7438,POST_OB_PRE_TO,Point,,,,,2.0,,ABSTAIN_NO_FINITE_OBSERVED_PAIR
sha256:c5c14d18234ec838169a0ae30e3a0bf979f7c2462ba4d819586b1aebae8dc798,sha256:4d74e93227fa7503fd5aedfccfbb513b69ba2d216e1ca552263bfd61a742df55,POST_IB_PRE_OB,Point,25.0,1.0001473426818848,1.2215865850448608,5.0,10.0,3.1169714124212784,SUPPORTED
sha256:c5c14d18234ec838169a0ae30e3a0bf979f7c2462ba4d819586b1aebae8dc798,sha256:a51a1725b1e0019b07b68212f37807fae472b8817f24734fe87cb6223c81ab7a,POST_IB_PRE_OB,Point,25.0,1.0285168886184692,1.2999815940856934,5.0,10.0,2.9413801341813492,SUPPORTED
sha256:c5c14d18234ec838169a0ae30e3a0bf979f7c2462ba4d819586b1aebae8dc798,sha256:ba4f6ba83f850dac7dd3db061e42e753ea28b05b73081d0f00dd856359b23d95,POST_IB_PRE_OB,Point,25.0,1.0506591796875,1.352649450302124,5.0,10.0,2.8443887137522266,SUPPORTED
sha256:c5c14d18234ec838169a0ae30e3a0bf979f7c2462ba4d819586b1aebae8dc798,sha256:0ab0a71b935c7be213acb8e50c40842209f2f2eb30336a123d9ebf049471f2ff,POST_IB_PRE_OB,Point,25.0,1.0678523778915405,1.3861852884292603,5.0,10.0,2.7951091371172185,SUPPORTED
sha256:c5c14d18234ec838169a0ae30e3a0bf979f7c2462ba4d819586b1aebae8dc798,sha256:6c027967f65c6bd773677951b61ae5272dd84a6c7796be4a575100823d5b0292,POST_IB_PRE_OB,Point,25.0,1.0812917947769165,1.4073717594146729,5.0,10.0,2.7723377511880267,SUPPORTED
sha256:c5c14d18234ec838169a0ae30e3a0bf979f7c2462ba4d819586b1aebae8dc798,sha256:54fc437d9c8be2ab2d3b69bbef31b954cb2c82d828fdbdf85285e9eda90551a0,POST_IB_PRE_OB,Point,25.0,1.0919833183288574,1.4210205078125,5.0,10.0,2.763741146202702,SUPPORTED
sha256:c5c14d18234ec838169a0ae30e3a0bf979f7c2462ba4d819586b1aebae8dc798,sha256:1abad37fd3cda8fa113fd04994d123ce1a37bda24a2b214285ca78d76052f21d,POST_IB_PRE_OB,Point,25.0,1.1007134914398193,1.4301385879516602,5.0,10.0,2.762617365060805,SUPPORTED
sha256:c5c14d18234ec838169a0ae30e3a0bf979f7c2462ba4d819586b1aebae8dc798,sha256:03c2b2c2d3172ec7e1d80418063c766923059b58f1cada5f313189956b389fc4,POST_IB_PRE_OB,Point,25.0,1.1080679893493652,1.4365239143371582,5.0,10.0,2.7654267601603895,SUPPORTED
sha256:c5c14d18234ec838169a0ae30e3a0bf979f7c2462ba4d819586b1aebae8dc798,sha256:c21440d74d48d141b3f6d06e002aa433a6fd675f0c742c7c20edd6c2c7f84169,POST_IB_PRE_OB,Point,25.0,1.1144659519195557,1.4412415027618408,5.0,10.0,2.7703109966491897,SUPPORTED
sha256:c5c14d18234ec838169a0ae30e3a0bf979f7c2462ba4d819586b1aebae8dc798,sha256:38d154ddccc02e57c902f2dc51232ea46e535ca5688b9e4ae5a08b180328f495,POST_IB_PRE_OB,Point,25.0,1.1202003955841064,1.4449243545532227,5.0,10.0,2.7762971541771244,SUPPORTED
sha256:c5c14d18234ec838169a0ae30e3a0bf979f7c2462ba4d819586b1aebae8dc798,sha256:0c678fce51798a6db2ec4f31cfb0a51c67162c501a0bd8f2710af0921a3bb89c,POST_IB_PRE_OB,Point,25.0,1.125475525856018,1.4479548931121826,5.0,10.0,2.7828755900650677,SUPPORTED
sha256:c5c14d18234ec838169a0ae30e3a0bf979f7c2462ba4d819586b1aebae8dc798,sha256:2ae627a58c7b2be431a7675b267f8298874b6438515d45d36b5dce26bc64733b,POST_IB_PRE_OB,Point,25.0,1.1304289102554321,1.4505650997161865,5.0,10.0,2.789775782480143,SUPPORTED
sha256:c667775745918d82640a962c0a0af11d2a072a97d7ad14915a963dd62cfba789,sha256:07192f62161e1e00d921ca05c9e1a899593a537b18dbb41ef65c43682ddc04a6,PRE_IB,Point,118.0,1.0326911211013794,1.303747534751892,7.0,0.0,4.5161372529101556,SUPPORTED
sha256:c667775745918d82640a962c0a0af11d2a072a97d7ad14915a963dd62cfba789,sha256:1b4418f1fc9d67fd07d32bb42d2d03e66d4d7011684ce0fa7e42ef52ecb1176b,PRE_IB,Point,118.0,1.062700629234314,1.357757329940796,7.0,0.0,4.420758939551334,SUPPORTED
sha256:c667775745918d82640a962c0a0af11d2a072a97d7ad14915a963dd62cfba789,sha256:def8136bc4f9d9ddb09de6b5c760934a686bc2393cb2ecbbc68ae8bc2bffdc89,PRE_IB,Point,189.0,1.1805129051208496,0.2948540449142456,7.0,0.0,2.9058548393856127,SUPPORTED
sha256:c667775745918d82640a962c0a0af11d2a072a97d7ad14915a963dd62cfba789,sha256:31aa294d9946135b4e447bb50eb677deceb89424008effb32d0f3ccd9eb78476,PRE_IB,Point,189.0,1.2057005167007446,0.3549174964427948,7.0,0.0,2.9700121213913997,SUPPORTED
sha256:c667775745918d82640a962c0a0af11d2a072a97d7ad14915a963dd62cfba789,sha256:d707558e5af8bef7d27ae8374d310908bb5a7f872e9c4cfcf5115fc2c670c4d4,POST_IB_PRE_OB,Point,35.0,1.0015525817871094,1.2172547578811646,7.0,0.0,4.758130014257594,SUPPORTED
sha256:c667775745918d82640a962c0a0af11d2a072a97d7ad14915a963dd62cfba789,sha256:edcf61b21fa33396e067a40348313158d179441c975324d99cc398221ec3cb15,POST_IB_PRE_OB,Point,35.0,1.0226868391036987,1.2408796548843384,7.0,0.0,4.746473001186375,SUPPORTED
sha256:c667775745918d82640a962c0a0af11d2a072a97d7ad14915a963dd62cfba789,sha256:8d283e0355c957921c8802a1a4fb51975e4b5674c0635d15d8d7659243dd0f17,POST_IB_PRE_OB,Point,35.0,1.0376427173614502,1.2553468942642212,7.0,0.0,4.748753599576934,SUPPORTED
sha256:c667775745918d82640a962c0a0af11d2a072a97d7ad14915a963dd62cfba789,sha256:3abd88ecddad9871a5755375685e725e7fd8f299bc5bde00111ce6d74e73fbf0,POST_IB_PRE_OB,Point,35.0,1.0490084886550903,1.2645835876464844,7.0,0.0,4.758726961283442,SUPPORTED
sha256:c667775745918d82640a962c0a0af11d2a072a97d7ad14915a963dd62cfba789,sha256:d477eb7c023102300c1e7a2581f144ec5cbaeff1289e683437da9f1128cdd0c2,POST_IB_PRE_OB,Point,35.0,1.0582002401351929,1.2708841562271118,7.0,0.0,4.772366385405856,SUPPORTED
sha256:c667775745918d82640a962c0a0af11d2a072a97d7ad14915a963dd62cfba789,sha256:cdafc882495b6d9803f30bea5237b4219ca00b4111a5ccdbb79b31c9d7c53dfb,POST_IB_PRE_OB,Point,35.0,1.0659888982772827,1.2755014896392822,7.0,0.0,4.787457150597692,SUPPORTED
sha256:c667775745918d82640a962c0a0af11d2a072a97d7ad14915a963dd62cfba789,sha256:095f06b26427318f429f341be5151d28d6db9848ee9dc97ad91a134b126992ea,POST_IB_PRE_OB,Point,35.0,1.0728274583816528,1.2791186571121216,7.0,0.0,4.802928228962249,SUPPORTED
sha256:c93b7957ac3b84b4db39d22952d2dcc28ed430f32c54f168c33d1e0be55abdb3,sha256:457604f8e1bce2a270ec2e6501623917012ca2626b56e510f574e0717d34dbf4,PRE_IB,Point,199.0,0.9873420596122742,0.0,5.0,1.0,1.0127385631869534,SUPPORTED
sha256:c93b7957ac3b84b4db39d22952d2dcc28ed430f32c54f168c33d1e0be55abdb3,sha256:e5d02ac02b70992589ad08693cfde1f8001a74cab61262a463863316ffc47adc,PRE_IB,Point,17.0,0.8647101521492004,0.0,5.0,1.0,1.1451184495039752,SUPPORTED
sha256:c93b7957ac3b84b4db39d22952d2dcc28ed430f32c54f168c33d1e0be55abdb3,sha256:f16584ae668212487439ca99391ccc81096c1e33a7efbc7bbe95ce27cfd80f01,PRE_IB,Point,17.0,0.8459760546684265,0.0,5.0,1.0,1.1668977903887952,SUPPORTED
sha256:c93b7957ac3b84b4db39d22952d2dcc28ed430f32c54f168c33d1e0be55abdb3,sha256:923bdd5717528f3bd807b0fee34ebf329e472191884ef9c0c0a98629dea47c6b,POST_IB_PRE_OB,Point,147.0,0.8331918716430664,0.8334689736366272,5.0,1.0,3.9336915788149245,SUPPORTED
sha256:c93b7957ac3b84b4db39d22952d2dcc28ed430f32c54f168c33d1e0be55abdb3,sha256:104cb334b30405a0d7ea1333c5b01805292e324823691c49104734e153c62ee7,POST_IB_PRE_OB,Point,147.0,0.8356320261955261,0.7795116305351257,5.0,1.0,3.1085306476331187,SUPPORTED
sha256:c93b7957ac3b84b4db39d22952d2dcc28ed430f32c54f168c33d1e0be55abdb3,sha256:ae2083521c9b3b133475594031a684186529507619e7086d253cc5c004775f96,POST_IB_PRE_OB,Point,147.0,0.8327363729476929,0.7351645231246948,5.0,1.0,2.8481121277158916,SUPPORTED
sha256:c93b7957ac3b84b4db39d22952d2dcc28ed430f32c54f168c33d1e0be55abdb3,sha256:645a1d135f926589652b926f3bdb9b1475aa94529642e497bba219f800ecf657,POST_IB_PRE_OB,Point,147.0,0.827362060546875,0.6954723596572876,5.0,1.0,2.679224834434355,SUPPORTED
sha256:c93b7957ac3b84b4db39d22952d2dcc28ed430f32c54f168c33d1e0be55abdb3,sha256:2210c08b0c606e326bc68175ccd07f96a38cb5ec5f243e0b3d42761a21014ccf,POST_IB_PRE_OB,Point,147.0,0.8208804726600647,0.6581390500068665,5.0,1.0,2.549092525757975,SUPPORTED
sha256:c93b7957ac3b84b4db39d22952d2dcc28ed430f32c54f168c33d1e0be55abdb3,sha256:71c43b3ccac87ff0d130cdd29736a4d57b910f846e0d46eff085d09787c66856,POST_IB_PRE_OB,Point,147.0,0.8139679431915283,0.6219921708106995,5.0,1.0,2.4393741752991467,SUPPORTED
sha256:c93b7957ac3b84b4db39d22952d2dcc28ed430f32c54f168c33d1e0be55abdb3,sha256:67584aee522d70138690605cf45dbae7a3f9e3859d98e5ea50e68ad2f2006d83,POST_IB_PRE_OB,Point,147.0,0.8069794178009033,0.5863930583000183,5.0,1.0,2.341921473999972,SUPPORTED
sha256:c93b7957ac3b84b4db39d22952d2dcc28ed430f32c54f168c33d1e0be55abdb3,sha256:ee66dc2af649aef79fbb2e5a2f8daf8f0a48cb4696423ab29d8bfcebec3db79d,POST_IB_PRE_OB,Point,147.0,0.8001135587692261,0.5509480237960815,5.0,1.0,2.252506185066328,SUPPORTED
sha256:c93b7957ac3b84b4db39d22952d2dcc28ed430f32c54f168c33d1e0be55abdb3,sha256:7fb5107fad23f80f0d675db1ebc3ec276aac12c36f70f64ee940baf67b126c03,POST_IB_PRE_OB,Point,147.0,0.7934941053390503,0.5154081583023071,5.0,1.0,2.16873174430362,SUPPORTED
sha256:ca0cf314c6f083b712d1ef57fb973dbd4bf180ce9be0631e86a5324a9552eb1a,sha256:6f62112be808fa7d2781bd9b6596782bfe62a8c4227a6e76484e9e38ac36bfa3,POST_IB_PRE_OB,Point,186.0,1.0315892696380615,1.2754113674163818,0.0,0.0,0.2438220977783203,SUPPORTED
sha256:ca0cf314c6f083b712d1ef57fb973dbd4bf180ce9be0631e86a5324a9552eb1a,sha256:de5413e5394afa2c3aec19019c391d1750a676b41f4400bb65a005584af0ad94,POST_IB_PRE_OB,Point,159.0,1.4354755878448486,1.1206684112548828,0.0,0.0,0.3148071765899658,SUPPORTED
sha256:ca0cf314c6f083b712d1ef57fb973dbd4bf180ce9be0631e86a5324a9552eb1a,sha256:62b941466d8f360d2040299b69dbc008acb741d82f1bc3ffc607a68f17f5adce,POST_IB_PRE_OB,Point,159.0,1.465590476989746,1.1760571002960205,0.0,0.0,0.2895333766937256,SUPPORTED
sha256:ca0cf314c6f083b712d1ef57fb973dbd4bf180ce9be0631e86a5324a9552eb1a,sha256:f806b067b4cdddbcd93a4fc2d12c5c2514d7791e586c89b2f141b123c564f8c4,POST_IB_PRE_OB,Point,159.0,1.488659381866455,1.2117211818695068,0.0,0.0,0.2769381999969482,SUPPORTED
sha256:ca0cf314c6f083b712d1ef57fb973dbd4bf180ce9be0631e86a5324a9552eb1a,sha256:31bb23dc8a6576cc58717368c57d3640e5200b75b8a0bb83121ec3b811b7434b,POST_IB_PRE_OB,Point,159.0,1.5061320066452026,1.23451828956604,0.0,0.0,0.27161371707916254,SUPPORTED
sha256:ca0cf314c6f083b712d1ef57fb973dbd4bf180ce9be0631e86a5324a9552eb1a,sha256:bc0e994faa7bb35240d7baaea5b4349da2460aa3a0601eb27e6510fdafc239fc,POST_IB_PRE_OB,Point,159.0,1.5194889307022095,1.2493653297424316,0.0,0.0,0.27012360095977783,SUPPORTED
sha256:ca0cf314c6f083b712d1ef57fb973dbd4bf180ce9be0631e86a5324a9552eb1a,sha256:45bb2067aa5b0c31e19a783c856b0b77f87e0d1af81eecc934d5dc32c94a3671,POST_IB_PRE_OB,Point,159.0,1.5299304723739624,1.2593694925308228,0.0,0.0,0.27056097984313965,SUPPORTED
sha256:ca0cf314c6f083b712d1ef57fb973dbd4bf180ce9be0631e86a5324a9552eb1a,sha256:5760fed6c6e6392059d431bbda7cf03673e06d5660343526a0f2fe2924cc94d6,POST_OB_PRE_TO,Point,,,,,0.0,,ABSTAIN_NO_FINITE_OBSERVED_PAIR
sha256:ca0cf314c6f083b712d1ef57fb973dbd4bf180ce9be0631e86a5324a9552eb1a,sha256:767b5f98edf86b7ccdec94858e6cc6e2cabad32827b633fc5edade5707321515,POST_OB_PRE_TO,Point,,,,,0.0,,ABSTAIN_NO_FINITE_OBSERVED_PAIR
sha256:cbf806907eb00fdf63d3cd8602bc31292b09856da2ebd594f2bcac5055906433,sha256:c8495a96ad0b12ad34b023d2ca1e030f9863ed2370c437e4e55ee46824c6801a,POST_IB_PRE_OB,Point,225.0,0.7264849543571472,0.9869018197059631,6.0,0.0,3.7604159116746807,SUPPORTED
sha256:cbf806907eb00fdf63d3cd8602bc31292b09856da2ebd594f2bcac5055906433,sha256:001d7a3776ada296724cd857846366d6b80e7d7ab45d944fc9505a15fc5baf2b,POST_IB_PRE_OB,Point,225.0,0.6303732395172119,0.861113965511322,6.0,0.0,3.877492455229071,SUPPORTED
sha256:cbf806907eb00fdf63d3cd8602bc31292b09856da2ebd594f2bcac5055906433,sha256:9b6359dd02728a2ae617c290893f7cc2d1076bcf563ce6301a8c020015e603da,POST_IB_PRE_OB,Point,225.0,0.609967827796936,0.7315512895584106,6.0,0.0,4.413367116483339,SUPPORTED
sha256:cbf806907eb00fdf63d3cd8602bc31292b09856da2ebd594f2bcac5055906433,sha256:98f39b55eafc80def850a4b6c18980a50bdf445fecd418adb937f2be69853a05,POST_IB_PRE_OB,Point,225.0,0.5906046628952026,0.6405473351478577,6.0,0.0,4.955125731360834,SUPPORTED
sha256:cbf806907eb00fdf63d3cd8602bc31292b09856da2ebd594f2bcac5055906433,sha256:2b365a0169359a17a6e19c85628a9e660ee97ce89961379a1601c87f74db1966,POST_IB_PRE_OB,Point,225.0,0.5703727006912231,0.5699359774589539,6.0,0.0,5.89805822170747,SUPPORTED
sha256:cbf806907eb00fdf63d3cd8602bc31292b09856da2ebd594f2bcac5055906433,sha256:5af70a181a9fccfdd246792ac20b44526d57b379b3ffaacfbe38874f0542cc2b,POST_IB_PRE_OB,Point,225.0,0.5504336953163147,0.5108850598335266,6.0,0.0,5.065296485581688,SUPPORTED
sha256:cbf806907eb00fdf63d3cd8602bc31292b09856da2ebd594f2bcac5055906433,sha256:b50bf55006c6d323d8402bf9370a9bd436abb416ea15f65f5f447179649dc5c9,POST_IB_PRE_OB,Point,225.0,0.5317559242248535,0.45858559012413025,6.0,0.0,4.747995621688295,SUPPORTED
sha256:cbf806907eb00fdf63d3cd8602bc31292b09856da2ebd594f2bcac5055906433,sha256:14935622b2a592183555436357a8a182e38096cfacdc954bd1f2ce9e409a4fdb,POST_IB_PRE_OB,Point,225.0,0.5148221254348755,0.41021743416786194,6.0,0.0,4.520144975651521,SUPPORTED
sha256:cbf806907eb00fdf63d3cd8602bc31292b09856da2ebd594f2bcac5055906433,sha256:79496f8eb37b94ccedf3176cb226a1fa0e9c45412c6de7671ce645c8b92cf683,POST_IB_PRE_OB,Point,225.0,0.4997970759868622,0.36407554149627686,6.0,0.0,4.330917714743394,SUPPORTED
sha256:cbf806907eb00fdf63d3cd8602bc31292b09856da2ebd594f2bcac5055906433,sha256:e154ab36d57b859787e9baef3506d0e1461608a6c81872304345412a38abebcb,POST_IB_PRE_OB,Point,225.0,0.48668694496154785,0.3191295266151428,6.0,0.0,4.162220030196041,SUPPORTED
sha256:cbf806907eb00fdf63d3cd8602bc31292b09856da2ebd594f2bcac5055906433,sha256:b609c5c5005e54300bd86281b9da06df2ea1e0e3064ba12f61b9c6f4615e3c6b,POST_IB_PRE_OB,Point,225.0,0.475436806678772,0.2747471034526825,6.0,0.0,4.006025064283239,SUPPORTED
sha256:cbf806907eb00fdf63d3cd8602bc31292b09856da2ebd594f2bcac5055906433,sha256:755c467c0c96203fb3abc3f5ddc540e1c75b1e81bb6f84dcc5d037eac5955130,POST_IB_PRE_OB,Point,214.0,0.9831907153129578,0.49326226115226746,6.0,0.0,3.0608931816887703,SUPPORTED
sha256:cbf806907eb00fdf63d3cd8602bc31292b09856da2ebd594f2bcac5055906433,sha256:3b96c8438616cf1446e91e7c8f8119b01d0e3d39311dd1f79ce52f9579d4bf27,POST_IB_PRE_OB,Point,214.0,1.0364973545074463,0.4336438775062561,6.0,0.0,2.7991075012519455,SUPPORTED
sha256:cbf806907eb00fdf63d3cd8602bc31292b09856da2ebd594f2bcac5055906433,sha256:21cf6f94f467c791cc3a3401f7180b6afb720e2135b72471e134f9c2fdc9f6ff,POST_IB_PRE_OB,Point,214.0,1.0560646057128906,0.3977528512477875,6.0,0.0,2.683455517170164,SUPPORTED
sha256:cfdbdcb2ac2450fc35b3eae40cadb5b179c7168cd636fe95cfbce2a932596707,sha256:65582963c5051888afba82805f0efa5d5db29ca404270a26540bdaa749c145ad,PRE_IB,Point,139.0,1.3168883323669434,0.41981539130210876,79.0,6.0,57.71234869902314,SUPPORTED
sha256:cfdbdcb2ac2450fc35b3eae40cadb5b179c7168cd636fe95cfbce2a932596707,sha256:119232046074266bfcbc0a6c4e098c82a960457006b94ca61ddac1914dd733cc,PRE_IB,Point,139.0,1.344961404800415,0.5792755484580994,79.0,6.0,58.81308507748258,SUPPORTED
sha256:cfdbdcb2ac2450fc35b3eae40cadb5b179c7168cd636fe95cfbce2a932596707,sha256:4fae589bd44367c457cba6e3986e68bec5981f30bc662a7fd7afe56da425fd76,PRE_IB,Point,139.0,1.372537612915039,0.6731172800064087,79.0,6.0,59.40848834058145,SUPPORTED
sha256:cfdbdcb2ac2450fc35b3eae40cadb5b179c7168cd636fe95cfbce2a932596707,sha256:b3c43b6f29c48a98e3451f501fdd06ecb62a68fedbe6cbcc50eb9e1b7b0aa55f,PRE_IB,Point,139.0,1.3959097862243652,0.7311384081840515,79.0,6.0,59.73231852910621,SUPPORTED
sha256:cfdbdcb2ac2450fc35b3eae40cadb5b179c7168cd636fe95cfbce2a932596707,sha256:a8cc30448ec93f9b38b2cffbd062fbe271770364e1f7d02f53e50d11f2c9dcd5,PRE_IB,Point,139.0,1.4147553443908691,0.7683100700378418,79.0,6.0,59.90737616065088,SUPPORTED
sha256:cfdbdcb2ac2450fc35b3eae40cadb5b179c7168cd636fe95cfbce2a932596707,sha256:f44797bfda9214cfaf51b60d76bc8d1bd817f292afb2a8b8daebe297f0f8d209,PRE_IB,Point,139.0,1.4299565553665161,0.7931358218193054,79.0,6.0,60.00041159492916,SUPPORTED
sha256:cfdbdcb2ac2450fc35b3eae40cadb5b179c7168cd636fe95cfbce2a932596707,sha256:8dd3366a36d856ef859069bf4d65004e36ef04d1fead56ab2af3bbaff2375cb3,PRE_IB,Point,139.0,1.442526936531067,0.8020707368850708,79.0,6.0,59.96517886071677,SUPPORTED
sha256:cfdbdcb2ac2450fc35b3eae40cadb5b179c7168cd636fe95cfbce2a932596707,sha256:f9c9971b09354754dbc78a0a6b07c55e6cefd8ab2928943970bfb587a0b5d31c,PRE_IB,Point,139.0,1.4532818794250488,0.805661141872406,79.0,6.0,59.89606608488256,SUPPORTED
sha256:cfdbdcb2ac2450fc35b3eae40cadb5b179c7168cd636fe95cfbce2a932596707,sha256:c31c7682000feff9ad8290a9ac7643959e3901f6874e490372a76ce755fe9e2b,PRE_IB,Point,139.0,1.4628019332885742,0.8083993792533875,79.0,6.0,59.83103300177786,SUPPORTED
sha256:cfdbdcb2ac2450fc35b3eae40cadb5b179c7168cd636fe95cfbce2a932596707,sha256:36325b591b9678c48f3e50d4ad9e4a738a73eeb446644af64d6c040e9da84929,PRE_IB,Point,139.0,1.4714806079864502,0.8106138110160828,79.0,6.0,59.7693908237216,SUPPORTED
sha256:cfdbdcb2ac2450fc35b3eae40cadb5b179c7168cd636fe95cfbce2a932596707,sha256:325f099098cbfe9fbd8f743323131d58eeb220254e1ad882297472bfa81b1e18,PRE_IB,Point,139.0,1.4795775413513184,0.8124995231628418,79.0,6.0,59.710474516224416,SUPPORTED
sha256:d0d25f0423a24b24d9c09095a4379dd9dbc4e350b658a4ac88b734ea6c1cd547,sha256:ba2319819b7c468b990ef1b2bb36621544b61e50c92a7afed66c9e1bf2c8f399,POST_IB_PRE_OB,Point,108.0,0.8384010791778564,0.8737768530845642,0.0,0.0,0.035375773906707764,SUPPORTED
sha256:d0d25f0423a24b24d9c09095a4379dd9dbc4e350b658a4ac88b734ea6c1cd547,sha256:8aa6161850c988feb635acbf56f8c227b76ebcf7d419150238142d8a7fe65643,POST_IB_PRE_OB,Point,108.0,0.7514618039131165,0.7657709121704102,0.0,0.0,0.014309108257293701,SUPPORTED
sha256:d0d25f0423a24b24d9c09095a4379dd9dbc4e350b658a4ac88b734ea6c1cd547,sha256:412874439b830ebc0c1726a356bb9f300bb1ccc671436ff2f9124722d2c54a49,POST_IB_PRE_OB,Point,108.0,0.7292954921722412,0.647855818271637,0.0,0.0,0.08143967390060423,SUPPORTED
sha256:d0d25f0423a24b24d9c09095a4379dd9dbc4e350b658a4ac88b734ea6c1cd547,sha256:9335e63188ad62caca172bee29604d9c481392891845172579e3c61268e616dd,POST_IB_PRE_OB,Point,108.0,0.6938146948814392,0.9656479358673096,0.0,0.0,0.2718332409858703,SUPPORTED
sha256:d0d25f0423a24b24d9c09095a4379dd9dbc4e350b658a4ac88b734ea6c1cd547,sha256:3cd08da6f4084bba60db547d654629408cf0a96ade31431ccd00dca3d5218bae,POST_IB_PRE_OB,Point,108.0,0.7708763480186462,0.9495797157287598,0.0,0.0,0.17870336771011353,SUPPORTED
sha256:d0d25f0423a24b24d9c09095a4379dd9dbc4e350b658a4ac88b734ea6c1cd547,sha256:fc5715779aca8ca8b35d3644a31b5c649205bb29c123e4112c44fa2f42fc9cc5,POST_IB_PRE_OB,Point,108.0,0.790799081325531,0.9333478212356567,0.0,0.0,0.1425487399101257,SUPPORTED
sha256:d0d25f0423a24b24d9c09095a4379dd9dbc4e350b658a4ac88b734ea6c1cd547,sha256:5403e1d729183696a495eaceb9d163e207787bb6a2643438ea3fb85d7c668a36,POST_IB_PRE_OB,Point,108.0,0.7962768077850342,0.9211269021034241,0.0,0.0,0.12485009431838988,SUPPORTED
sha256:d0d25f0423a24b24d9c09095a4379dd9dbc4e350b658a4ac88b734ea6c1cd547,sha256:1492e6d4202cd36d12b3fcfa8c2130f33f135b4860b74570e85c0a6cb67a130b,POST_IB_PRE_OB,Point,108.0,0.795453667640686,0.8948962688446045,0.0,0.0,0.09944260120391846,SUPPORTED
sha256:d0d25f0423a24b24d9c09095a4379dd9dbc4e350b658a4ac88b734ea6c1cd547,sha256:f609c60a0beafb736bdc52a937d5d124f1b01e46e36137245005c0c9a1fe0003,POST_IB_PRE_OB,Point,108.0,0.7920545339584351,0.8530047535896301,0.0,0.0,0.06095021963119506,SUPPORTED
sha256:d0d25f0423a24b24d9c09095a4379dd9dbc4e350b658a4ac88b734ea6c1cd547,sha256:3162b78cabe742e4e826b7944f280f16327a3df2e97ce1e9c1ffd48228266ea9,POST_OB_PRE_TO,Point,,,,,0.0,,ABSTAIN_NO_FINITE_OBSERVED_PAIR
sha256:d0d25f0423a24b24d9c09095a4379dd9dbc4e350b658a4ac88b734ea6c1cd547,sha256:88bb3898458c5b40dab8af30b4db0eb1444906c70b0d21aa0f05ea705fad68a5,POST_OB_PRE_TO,Point,,,,,0.0,,ABSTAIN_NO_FINITE_OBSERVED_PAIR
sha256:d2b8703b5ac8902546d685f92f25bdaf8f41d8cd650c90427539d0046d82e377,sha256:d68a4ca07b0fd4a7b6bbf577ed4f050edf69133f2a8b017b175e90fc44de00a6,POST_IB_PRE_OB,Point,142.0,1.3654130697250366,0.974828839302063,2.0,0.0,0.6229095308858137,SUPPORTED
sha256:d2b8703b5ac8902546d685f92f25bdaf8f41d8cd650c90427539d0046d82e377,sha256:9e724d2118af5cc30ab8f4908e3cfb973179bf2deed5920cedb12fb96eea7116,POST_IB_PRE_OB,Point,142.0,1.399196743965149,1.0604382753372192,2.0,0.0,0.6925301281406699,SUPPORTED
sha256:d2b8703b5ac8902546d685f92f25bdaf8f41d8cd650c90427539d0046d82e377,sha256:7ea8e31f937f3aaf23daeff6b1894d938ac078240edd2e80aca56eb760326952,POST_IB_PRE_OB,Point,232.0,1.175998330116272,0.375293105840683,2.0,0.0,0.2697682842858326,SUPPORTED
sha256:d2b8703b5ac8902546d685f92f25bdaf8f41d8cd650c90427539d0046d82e377,sha256:8d9e37de24e85045a9186e9ad878c8ed49e17ee28ce48d3141c2d29d4fa3d549,POST_IB_PRE_OB,Point,232.0,1.1904385089874268,0.46966445446014404,2.0,0.0,0.3194843101985686,SUPPORTED
sha256:d2b8703b5ac8902546d685f92f25bdaf8f41d8cd650c90427539d0046d82e377,sha256:4a9e221fdc83730b7a0ef92be5434281e5862b530a0ec05a1b1854ace8abfd33,POST_IB_PRE_OB,Point,232.0,1.2018828392028809,0.5300940871238708,2.0,0.0,0.35353293862095264,SUPPORTED
sha256:d2b8703b5ac8902546d685f92f25bdaf8f41d8cd650c90427539d0046d82e377,sha256:db29eedabf1b62741d87602f3ce457da9163cb8dad0c1c4cff884ca61abfd008,POST_IB_PRE_OB,Point,232.0,1.2110952138900757,0.5708285570144653,2.0,0.0,0.37705361895697853,SUPPORTED
sha256:d2b8703b5ac8902546d685f92f25bdaf8f41d8cd650c90427539d0046d82e377,sha256:4a7793d57718428b292a404aebc0c4209682a7e7d9b7cdbf9d17a869663cf242,POST_IB_PRE_OB,Point,232.0,1.2186977863311768,0.5997239947319031,2.0,0.0,0.3937119344700528,SUPPORTED
sha256:d2b8703b5ac8902546d685f92f25bdaf8f41d8cd650c90427539d0046d82e377,sha256:eb27649ccc97d748d8b835b6458ed3417d690beff87f77f44e737eb80b29e1ee,POST_IB_PRE_OB,Point,232.0,1.2251675128936768,0.6213192939758301,2.0,0.0,0.4059433639837727,SUPPORTED
sha256:d2b8703b5ac8902546d685f92f25bdaf8f41d8cd650c90427539d0046d82e377,sha256:00729e824488917dba6db92ebaeee6cd11ccd781685a9900e7163299fa1f0579,POST_IB_PRE_OB,Point,232.0,1.230852723121643,0.6383312940597534,2.0,0.0,0.41532795293370756,SUPPORTED
sha256:d2b8703b5ac8902546d685f92f25bdaf8f41d8cd650c90427539d0046d82e377,sha256:e80eddbed490a066d14a173bb9c10017394eb063763a366fc54a814a32c6d9fa,POST_IB_PRE_OB,Point,232.0,1.2359981536865234,0.6524247527122498,2.0,0.0,0.42288202833583305,SUPPORTED
sha256:d2b8703b5ac8902546d685f92f25bdaf8f41d8cd650c90427539d0046d82e377,sha256:83fc8680b1db6c94675cf3d7fcfb7a9afb8ba4d744354950b75712daf14607d4,POST_IB_PRE_OB,Point,232.0,1.2407729625701904,0.6646343469619751,2.0,0.0,0.429255077810759,SUPPORTED
sha256:d2b8703b5ac8902546d685f92f25bdaf8f41d8cd650c90427539d0046d82e377,sha256:0fec3b1ec9b0b1b8e28aa4c01bd3bdef769400841a2205cc0a824d44693d24fa,POST_IB_PRE_OB,Point,232.0,1.2452912330627441,0.6756076812744141,2.0,0.0,0.4348607454864487,SUPPORTED
sha256:d2b8703b5ac8902546d685f92f25bdaf8f41d8cd650c90427539d0046d82e377,sha256:56204165d48fb5b06533d8c54a1a81f2e8e20b153d95545cef4f49f649064a5d,POST_IB_PRE_OB,Point,232.0,1.2496305704116821,0.6857542991638184,2.0,0.0,0.43996239117105856,SUPPORTED
sha256:d2b8703b5ac8902546d685f92f25bdaf8f41d8cd650c90427539d0046d82e377,sha256:286c915e780685f57c542a65e6b44d06a60fbd55d8440f3e8c290e7308165e95,POST_IB_PRE_OB,Point,232.0,1.2538425922393799,0.6953287124633789,2.0,0.0,0.4447231999290092,SUPPORTED
sha256:d2b8703b5ac8902546d685f92f25bdaf8f41d8cd650c90427539d0046d82e377,sha256:b2228a242ed2feb88f24527584feedeb612eead0c2820747794790b543f10151,POST_IB_PRE_OB,Point,232.0,1.257962703704834,0.7044945955276489,2.0,0.0,0.44924738177572693,SUPPORTED
sha256:d2b8703b5ac8902546d685f92f25bdaf8f41d8cd650c90427539d0046d82e377,sha256:2d1ffe5041796c9781a4e30349d082cf556523133fbb36a4f0663ea744ed499e,POST_IB_PRE_OB,Point,232.0,1.262014389038086,0.7133517265319824,2.0,0.0,0.45359672081146857,SUPPORTED
sha256:d2b8703b5ac8902546d685f92f25bdaf8f41d8cd650c90427539d0046d82e377,sha256:2077e8e435735f98d408b3fe85768e2eddd8df08d18400b4ac733424b0c961bf,POST_IB_PRE_OB,Point,232.0,1.2660136222839355,0.7219666242599487,2.0,0.0,0.45781211570802527,SUPPORTED
sha256:d2b8703b5ac8902546d685f92f25bdaf8f41d8cd650c90427539d0046d82e377,sha256:7a25cbb9100d580bd4bd66ca111d8a488ea75708996b1573ee55b698b3960e68,POST_IB_PRE_OB,Point,232.0,1.2699716091156006,0.7303808927536011,2.0,0.0,0.4619175633141011,SUPPORTED
sha256:d2b8703b5ac8902546d685f92f25bdaf8f41d8cd650c90427539d0046d82e377,sha256:c0f12b55e1710d0e4523e3ca13f52bc4e557b207a754213a1542b26ff4d7cdda,POST_IB_PRE_OB,Point,232.0,1.273895502090454,0.7386213541030884,2.0,0.0,0.46592807159054295,SUPPORTED
sha256:d2b8703b5ac8902546d685f92f25bdaf8f41d8cd650c90427539d0046d82e377,sha256:a262d4e37f5d65007663ca8616a1d14313dd4f544ff11833d905a1c7da5e1f24,POST_IB_PRE_OB,Point,232.0,1.2777903079986572,0.7467063069343567,2.0,0.0,0.4698532986647841,SUPPORTED
sha256:d2b8703b5ac8902546d685f92f25bdaf8f41d8cd650c90427539d0046d82e377,sha256:474bdefd3772f329cb663a18ae7c4320e104d8dee2237f949767e78a87840c98,POST_IB_PRE_OB,Point,232.0,1.2816599607467651,0.7546465396881104,2.0,0.0,0.47369723292073485,SUPPORTED
sha256:d2b8703b5ac8902546d685f92f25bdaf8f41d8cd650c90427539d0046d82e377,sha256:4a94c4dffdcd3b0a2927ad2b21bbb4f2ae42920cc53498f8cbd1b46ca0c26cf8,POST_IB_PRE_OB,Point,232.0,1.285506248474121,0.7624498009681702,2.0,0.0,0.4774632376893934,SUPPORTED
sha256:d3ed059578f7fd0714346decd46b964c5ea3991a64939cd76ea5330b65a76826,sha256:0235c1b9f83a8af390a45a55dfecf0bdee7d1258380ed749bbe610565551e6ff,PRE_IB,Point,4.0,1.1732102632522583,1.2248808145523071,20.0,8.0,10.476809775738493,SUPPORTED
sha256:d3ed059578f7fd0714346decd46b964c5ea3991a64939cd76ea5330b65a76826,sha256:3e7eb04ccee0e29410e16b89ceb95e2b2bd3633e5878c946ab6a074397cbaa82,PRE_IB,Point,4.0,1.1913776397705078,1.2652852535247803,20.0,8.0,10.190409416196047,SUPPORTED
sha256:d3ed059578f7fd0714346decd46b964c5ea3991a64939cd76ea5330b65a76826,sha256:06e260cef5bfe4061fb5877412fd5fdadbafc3beb570817c2d3a0bf488621216,POST_IB_PRE_OB,Point,34.0,1.4159148931503296,0.9805154204368591,20.0,8.0,7.863837957186572,SUPPORTED
sha256:d3ed059578f7fd0714346decd46b964c5ea3991a64939cd76ea5330b65a76826,sha256:48ed957414f60fe7399a4660a789ed583eaaaffac74f7773839ca91d75e1f3fe,POST_IB_PRE_OB,Point,34.0,1.4361600875854492,1.0167230367660522,20.0,8.0,7.932458285622145,SUPPORTED
sha256:d3ed059578f7fd0714346decd46b964c5ea3991a64939cd76ea5330b65a76826,sha256:b51c2981cf811ccb1d3d367941fce5f33bd54e99884a51f43b577ea5dde7c96a,POST_IB_PRE_OB,Point,4.0,1.4364666938781738,0.8983823657035828,20.0,8.0,7.455954090530107,SUPPORTED
sha256:d3ed059578f7fd0714346decd46b964c5ea3991a64939cd76ea5330b65a76826,sha256:98592f52d4abd5f434f6a9d4191d38ff1c2e606bf919f036cfbdf0d3e25f2bb4,POST_IB_PRE_OB,Point,4.0,1.4477570056915283,0.945609450340271,20.0,8.0,7.592658513010867,SUPPORTED
sha256:d3ed059578f7fd0714346decd46b964c5ea3991a64939cd76ea5330b65a76826,sha256:fba17ebcbf434bbd2b6c1db1c4bb8f649f89089587d427759c11e966b243f037,POST_IB_PRE_OB,Point,4.0,1.4566553831100464,0.9720550775527954,20.0,8.0,7.6616536267365065,SUPPORTED
sha256:d3ed059578f7fd0714346decd46b964c5ea3991a64939cd76ea5330b65a76826,sha256:95f48e81939bb770c71f2cedfb18d04ee48930841e4b2134a255291976a8d1be,POST_IB_PRE_OB,Point,4.0,1.464065432548523,0.9790902733802795,20.0,8.0,7.660163490297044,SUPPORTED
sha256:d3ed059578f7fd0714346decd46b964c5ea3991a64939cd76ea5330b65a76826,sha256:c1a4229b2bbbad93dca3db85221da4a7fd369e11858ffc366b69c9155962bc50,POST_IB_PRE_OB,Point,4.0,1.4710144996643066,0.9844376444816589,20.0,8.0,7.653804457400282,SUPPORTED
sha256:d3ed059578f7fd0714346decd46b964c5ea3991a64939cd76ea5330b65a76826,sha256:1459e4f20c53327d2fe896f89391d4e5b82618c4fa1c82ecd899a0c487313bf9,POST_IB_PRE_OB,Point,4.0,1.4770748615264893,0.988733172416687,20.0,8.0,7.64681289364958,SUPPORTED
sha256:d3ed059578f7fd0714346decd46b964c5ea3991a64939cd76ea5330b65a76826,sha256:33caebe95b846765f79df9d514414770881097d1fd5cced062d5e32c50ec1d79,POST_IB_PRE_OB,Point,4.0,1.4825159311294556,0.9923567771911621,20.0,8.0,7.639629348954295,SUPPORTED
sha256:d3ed059578f7fd0714346decd46b964c5ea3991a64939cd76ea5330b65a76826,sha256:13005e654522129413fbf68d6ea12acbb8202d9f3c67da6874a437658957bc99,POST_IB_PRE_OB,Point,4.0,1.4875211715698242,0.9955410957336426,20.0,8.0,7.63244885974787,SUPPORTED
sha256:d3ed059578f7fd0714346decd46b964c5ea3991a64939cd76ea5330b65a76826,sha256:a8a8433faaf3a5122e420791710876865c46119c6695a67912aed4f92656a6ba,POST_IB_PRE_OB,Point,4.0,1.492215871810913,0.998431384563446,20.0,8.0,7.625349894087317,SUPPORTED
sha256:d3ed059578f7fd0714346decd46b964c5ea3991a64939cd76ea5330b65a76826,sha256:007c4bf6d0dc2ef3a9c504bcb604ed012ff89031863010d55ab15b5aabfefad2,POST_IB_PRE_OB,Point,4.0,1.4966856241226196,1.0011193752288818,20.0,8.0,7.618355986161627,SUPPORTED
sha256:d3ed059578f7fd0714346decd46b964c5ea3991a64939cd76ea5330b65a76826,sha256:2e796225b295384e421cd7841d99f80f19ea901082a24b27e9499e74b8ef034e,POST_IB_PRE_OB,Point,4.0,1.5009891986846924,1.0036633014678955,20.0,8.0,7.611464349198243,SUPPORTED
sha256:d3ed059578f7fd0714346decd46b964c5ea3991a64939cd76ea5330b65a76826,sha256:16e01fcc955ecf634fc0d11f2c23b5df273704ea2650a8492b6e690876b06010,POST_IB_PRE_OB,Point,4.0,1.505168080329895,1.0061008930206299,20.0,8.0,7.604659665367029,SUPPORTED
sha256:d3ed059578f7fd0714346decd46b964c5ea3991a64939cd76ea5330b65a76826,sha256:6713392813a1eb03c866adca8f94a3103ca784cd817cc15aeb87da1b70ab346f,POST_IB_PRE_OB,Point,4.0,1.5092499256134033,1.0084563493728638,20.0,8.0,7.59792791832721,SUPPORTED
sha256:d3ed059578f7fd0714346decd46b964c5ea3991a64939cd76ea5330b65a76826,sha256:c758cd4538e10e610a4c9435e55a3395f8c2c50812ddfad77c8dbefe531f1a70,POST_IB_PRE_OB,Point,4.0,1.51325523853302,1.0107451677322388,20.0,8.0,7.591249194158459,SUPPORTED
sha256:d3ed059578f7fd0714346decd46b964c5ea3991a64939cd76ea5330b65a76826,sha256:c0e1baff194e41c43b5ea43879beb0240995f5a373f5b09e93421b7065d82aac,POST_IB_PRE_OB,Point,4.0,1.5171974897384644,1.0129778385162354,20.0,8.0,7.5846116120927904,SUPPORTED
sha256:d3ed059578f7fd0714346decd46b964c5ea3991a64939cd76ea5330b65a76826,sha256:7b9d7360995d9dc2f17e691651a8171fc44789fe9c91e9a2dfd8643964d37cdc,POST_IB_PRE_OB,Point,4.0,1.5210866928100586,1.0151609182357788,20.0,8.0,7.5780015483340435,SUPPORTED
sha256:d3ed059578f7fd0714346decd46b964c5ea3991a64939cd76ea5330b65a76826,sha256:353c6baab6bc4ac365ccc23f31ebb40324264b7e6ca32dd7942709e1563e2f79,POST_IB_PRE_OB,Point,4.0,1.5249295234680176,1.0172991752624512,20.0,8.0,7.571411480097388,SUPPORTED
sha256:d3f910983062abcf15c05c333d3d298cdc3649d11fe49167054cc6d6d1624224,sha256:d57532ef57ed186fb775ed5f800daf841e2f08291502eb5a723ddbaf59d752ad,POST_IB_PRE_OB,Point,211.0,0.9720855951309204,1.0779457092285156,0.0,0.0,0.1058601140975952,SUPPORTED
sha256:d3f910983062abcf15c05c333d3d298cdc3649d11fe49167054cc6d6d1624224,sha256:287a338b5e441c7919b34385c1edd82be2b305f35994629f5c0d428ce65b1c86,POST_IB_PRE_OB,Point,211.0,1.0098035335540771,1.171534776687622,0.0,0.0,0.1617312431335449,SUPPORTED
sha256:d3f910983062abcf15c05c333d3d298cdc3649d11fe49167054cc6d6d1624224,sha256:c254d997e52e4bcbe90aa13df8656efbdacc618396b0dc71b314a1457f5b4868,POST_IB_PRE_OB,Point,211.0,1.0405999422073364,1.2343887090682983,0.0,0.0,0.19378876686096191,SUPPORTED
sha256:d3f910983062abcf15c05c333d3d298cdc3649d11fe49167054cc6d6d1624224,sha256:ccc38c4e0676e967248d86f7f28f9e3f858211feebf9d412fdf2af6304c70a44,POST_IB_PRE_OB,Point,211.0,1.0645676851272583,1.2745823860168457,0.0,0.0,0.2100147008895874,SUPPORTED
sha256:d3f910983062abcf15c05c333d3d298cdc3649d11fe49167054cc6d6d1624224,sha256:c8c14e2d4ea9f4b3c11adaedb8aab615741a9395ef2c18fcf04e727df9b3b764,POST_OB_PRE_TO,Point,,,,,0.0,,ABSTAIN_NO_FINITE_OBSERVED_PAIR
sha256:d3f910983062abcf15c05c333d3d298cdc3649d11fe49167054cc6d6d1624224,sha256:b8a0a46bffcc00e1a8f3b45677b22ac5b2855bb16906529d887f1aac45c45b63,POST_OB_PRE_TO,Point,,,,,0.0,,ABSTAIN_NO_FINITE_OBSERVED_PAIR
sha256:d53009afcb9cf96770c109906a7244da385246736bc78ca2884cea98769494c2,sha256:6c125f6a030f2a455d235248b1661a2874e99bd4431b01379e519a1586809a48,POST_IB_PRE_OB,Point,8.0,1.1437597274780273,0.809217631816864,0.0,3.0,1.3309190902197803,SUPPORTED
sha256:d53009afcb9cf96770c109906a7244da385246736bc78ca2884cea98769494c2,sha256:aed3aba17e6034f94ca9300a86a257f25afb579acb339cb4925aea2f46b42b3f,POST_IB_PRE_OB,Point,8.0,1.1061700582504272,0.8055214285850525,0.0,3.0,1.4012319939625868,SUPPORTED
sha256:d53009afcb9cf96770c109906a7244da385246736bc78ca2884cea98769494c2,sha256:5863815b8a482da9cc0ac2ea996799833fcbe59e75282b3eea52b783feb36325,POST_IB_PRE_OB,Point,8.0,1.1118725538253784,0.8066175580024719,0.0,3.0,1.3913427852252316,SUPPORTED
sha256:d53009afcb9cf96770c109906a7244da385246736bc78ca2884cea98769494c2,sha256:48fef38997c19ea940a14c411f727e806db49fd51be179e7adbbe3912d13dd08,POST_IB_PRE_OB,Point,8.0,1.119209885597229,0.7982444167137146,0.0,3.0,1.358419768370486,SUPPORTED
sha256:d53009afcb9cf96770c109906a7244da385246736bc78ca2884cea98769494c2,sha256:ae568d706e8f664dde937c40adac8f128ccfa6e318f4c43b982cbcd451b6a52c,POST_IB_PRE_OB,Point,8.0,1.1245782375335693,0.7775633335113525,0.0,3.0,1.3063829312582396,SUPPORTED
sha256:d53009afcb9cf96770c109906a7244da385246736bc78ca2884cea98769494c2,sha256:176d5a7926fa18b583dcfa0d9ea49f181953368ad800ac41890444a13c143bbe,POST_IB_PRE_OB,Point,8.0,1.1278693675994873,0.7477405071258545,0.0,3.0,1.2443511740831243,SUPPORTED
sha256:d53009afcb9cf96770c109906a7244da385246736bc78ca2884cea98769494c2,sha256:82e756bbc81dc4dda0db0733eb02232d093678bbaa1cd0d07cb7cfa661833f9a,POST_IB_PRE_OB,Point,8.0,1.1296898126602173,0.711849570274353,0.0,3.0,1.1786254450449813,SUPPORTED
sha256:d53009afcb9cf96770c109906a7244da385246736bc78ca2884cea98769494c2,sha256:0f02acf0f7ab514a49359aee31861dd85e6579123f735dbdb3c45505bf80e661,POST_IB_PRE_OB,Point,8.0,1.1306151151657104,0.6719223856925964,0.0,3.0,1.1125655475672884,SUPPORTED
sha256:d53009afcb9cf96770c109906a7244da385246736bc78ca2884cea98769494c2,sha256:02ba1f8cbd34b58a13710cb589b4426b8d0c0048c39c6835180e6c0780a668d7,POST_IB_PRE_OB,Point,8.0,1.1310491561889648,0.6291618347167969,0.0,3.0,1.047778958407078,SUPPORTED
sha256:d53009afcb9cf96770c109906a7244da385246736bc78ca2884cea98769494c2,sha256:8d5531428414ae563cdbbbdf572283a7cf9c1c9171dcccdb2adb0da1b342c2c5,POST_IB_PRE_OB,Point,8.0,1.0234158039093018,0.8824682235717773,0.0,3.0,1.8404203933666816,SUPPORTED
sha256:d53009afcb9cf96770c109906a7244da385246736bc78ca2884cea98769494c2,sha256:1bda09b3472b9c4855a40d1a8219b830427bc83df115897d5a2b1d7243ec4a77,POST_IB_PRE_OB,Point,8.0,0.9964552521705627,0.578816294670105,0.0,3.0,1.178963570132853,SUPPORTED
sha256:d53009afcb9cf96770c109906a7244da385246736bc78ca2884cea98769494c2,sha256:0e39b31792f94b3f2194bf01b00833a60a2259dac443122cd180fdb005209614,POST_IB_PRE_OB,Point,8.0,0.9868264198303223,0.3644738793373108,0.0,3.0,0.8895462015959175,SUPPORTED
sha256:d53009afcb9cf96770c109906a7244da385246736bc78ca2884cea98769494c2,sha256:780b54689517012fa8adbf741d931c16b7f3193816266d186bc0bb2e6bd29d67,POST_IB_PRE_OB,Point,8.0,0.9783015847206116,0.2225446254014969,0.0,3.0,0.7442650513390554,SUPPORTED
sha256:d53009afcb9cf96770c109906a7244da385246736bc78ca2884cea98769494c2,sha256:0424dc6d7d1179d4473e7ace9019efa0ad11a032a880b3867d364b2746b21023,POST_IB_PRE_OB,Point,8.0,0.9716298580169678,0.11839279532432556,0.0,3.0,0.6534175752353094,SUPPORTED
sha256:d53009afcb9cf96770c109906a7244da385246736bc78ca2884cea98769494c2,sha256:9da142b4a609cba95051fdac97c5c7a9aeced5d5e6dd79dbe1964448e423f7a4,POST_IB_PRE_OB,Point,211.0,1.4429866075515747,1.1194243431091309,0.0,3.0,1.3530934945023243,SUPPORTED
sha256:d53009afcb9cf96770c109906a7244da385246736bc78ca2884cea98769494c2,sha256:a62ff1faa84affa9a2f32d44ffa987a6fb95a22f66f6407d8109ed50b89b01fc,POST_IB_PRE_OB,Point,211.0,1.4373594522476196,1.107017159461975,0.0,3.0,1.3393356344774068,SUPPORTED
sha256:d53009afcb9cf96770c109906a7244da385246736bc78ca2884cea98769494c2,sha256:5a6768d94697b9628c343539ba779daef560deb87a486ff26246d683288cbb6d,POST_IB_PRE_OB,Point,211.0,1.4335919618606567,1.0954816341400146,0.0,3.0,1.3238303241839677,SUPPORTED
sha256:d53009afcb9cf96770c109906a7244da385246736bc78ca2884cea98769494c2,sha256:38d9ed59834f4b5fffcb0778c5241a7ad0ed0c6fe0113eb8aa80d7f663a79ca6,POST_IB_PRE_OB,Point,211.0,1.4313002824783325,1.0842344760894775,0.0,3.0,1.3062841726351944,SUPPORTED
sha256:d53009afcb9cf96770c109906a7244da385246736bc78ca2884cea98769494c2,sha256:24a258b14fbaaf861668cb53474de2fa665af56c3ce400f493387cd6b37a2081,POST_IB_PRE_OB,Point,211.0,1.4302202463150024,1.0541868209838867,0.0,3.0,1.2517921245431407,SUPPORTED
sha256:d53009afcb9cf96770c109906a7244da385246736bc78ca2884cea98769494c2,sha256:c20690a1ba0503e350d4fad1d1242e54d8e6fb3434a6b45ae27a4194feef66a9,POST_IB_PRE_OB,Point,211.0,1.4301716089248657,1.0015476942062378,0.0,3.0,1.160698215621866,SUPPORTED
sha256:d53009afcb9cf96770c109906a7244da385246736bc78ca2884cea98769494c2,sha256:245a3be4dd4e778cd729a5b271d22e4d836c419ebc475254329e4deaac829963,POST_IB_PRE_OB,Point,211.0,1.4310275316238403,0.9489699006080627,0.0,3.0,1.0769190545114358,SUPPORTED
sha256:d819a0c974552effd49673acbec18d5eda40ee393222fdb1acd448f5092451c9,sha256:b25e6cdceb62448124b889d834b67e2be7b98f690bbf9f72d0b5deef8390fa15,PRE_IB,Point,79.0,1.0945080518722534,0.0,2.0,7.0,1.4158158160605123,SUPPORTED
sha256:d819a0c974552effd49673acbec18d5eda40ee393222fdb1acd448f5092451c9,sha256:dfee284cc316d1adaf93de56aaee0d7b7be7365cf34571aab61b2d6ec7573f44,PRE_IB,Point,79.0,1.122467279434204,0.0,2.0,7.0,1.3843932415276543,SUPPORTED
sha256:d819a0c974552effd49673acbec18d5eda40ee393222fdb1acd448f5092451c9,sha256:bd6ba178b7525c5263b14e2c0892951ae4274a20ac87242bcb21b03e80d3c0a8,PRE_IB,Point,79.0,1.1502981185913086,0.0,2.0,7.0,1.3538450153257124,SUPPORTED
sha256:d819a0c974552effd49673acbec18d5eda40ee393222fdb1acd448f5092451c9,sha256:1083092f6125c51543d84597ad875e03e867274d8c3b87a571225b2894d1963a,POST_IB_PRE_OB,Point,98.0,0.8000192046165466,0.9269969463348389,2.0,7.0,3.533379663667919,SUPPORTED
sha256:d819a0c974552effd49673acbec18d5eda40ee393222fdb1acd448f5092451c9,sha256:56f321220e0f19cfc32cbae83e45b39a62972766dd435d1f181e42a94c75e0bf,POST_IB_PRE_OB,Point,98.0,0.8225424885749817,0.9564719200134277,2.0,7.0,3.4972899999298077,SUPPORTED
sha256:d819a0c974552effd49673acbec18d5eda40ee393222fdb1acd448f5092451c9,sha256:dd9be31d627392dc68866463e62dbcacd244a5a9c1d5cf40eb38e38e2fa4fe3c,POST_IB_PRE_OB,Point,98.0,0.8383737206459045,0.9748989939689636,2.0,7.0,3.4841011551072842,SUPPORTED
sha256:d819a0c974552effd49673acbec18d5eda40ee393222fdb1acd448f5092451c9,sha256:f50dadb51e6c702fa7223d9f7a70da61b795b6409a27db5a490fc094f75783dc,POST_IB_PRE_OB,Point,98.0,0.8503385186195374,0.9868324398994446,2.0,7.0,3.4842595475913125,SUPPORTED
sha256:d819a0c974552effd49673acbec18d5eda40ee393222fdb1acd448f5092451c9,sha256:0edf2d88de4b52c59b5b10c20bef6d5aa197d36a167aa7c5a4620542f66f2711,POST_IB_PRE_OB,Point,98.0,0.8599781394004822,0.995017945766449,2.0,7.0,3.491629897877115,SUPPORTED
sha256:d819a0c974552effd49673acbec18d5eda40ee393222fdb1acd448f5092451c9,sha256:ad17c82bce83769e07817920794b342214f2de92fdefa6a5b93a7eb49c7f5976,POST_IB_PRE_OB,Point,98.0,0.8681267499923706,1.0009942054748535,2.0,7.0,3.502729697607506,SUPPORTED
sha256:d819a0c974552effd49673acbec18d5eda40ee393222fdb1acd448f5092451c9,sha256:7d7cb367d6b8385d326392ffc239443f9e35944ad1129c917e49a33862f33486,POST_IB_PRE_OB,Point,98.0,0.8752714395523071,1.0056252479553223,2.0,7.0,3.5157095231004285,SUPPORTED
sha256:d819a0c974552effd49673acbec18d5eda40ee393222fdb1acd448f5092451c9,sha256:eca30aea02c112d7c9778d8faf1095a71c283109119dcdde40095909a080f8ac,POST_IB_PRE_OB,Point,98.0,0.8817214369773865,1.009407639503479,2.0,7.0,3.5296486402260543,SUPPORTED
sha256:d819a0c974552effd49673acbec18d5eda40ee393222fdb1acd448f5092451c9,sha256:bb0928066ab798990f2d2c20553a0ff0da035407aa626cf63c411404d796b645,POST_IB_PRE_OB,Point,98.0,0.8876810073852539,1.0126392841339111,2.0,7.0,3.5440833496993527,SUPPORTED
sha256:d970fe6d87b762fec500982351e53ea3a94f15ab03b216349f484718eb171043,sha256:6f5162a70ffc2697891dd55b08d9cf2e25d16a5e499ce7baa6930bee76991c8d,POST_IB_PRE_OB,Point,68.0,1.1211962699890137,0.3494093418121338,10.0,0.0,5.215576247589328,SUPPORTED
sha256:d970fe6d87b762fec500982351e53ea3a94f15ab03b216349f484718eb171043,sha256:50a25761460f240fc90636abc91e23caa0311d12e8e955968df6ade0e251e3d6,POST_IB_PRE_OB,Point,68.0,1.004949927330017,0.04646208882331848,10.0,0.0,4.766596888217931,SUPPORTED
sha256:d970fe6d87b762fec500982351e53ea3a94f15ab03b216349f484718eb171043,sha256:a1775c8fcb55da799555a972f47bebd5e6e94312f10dc11e3329123ae8af316f,POST_IB_PRE_OB,Point,35.0,1.0128521919250488,1.2074053287506104,10.0,0.0,7.404907017149726,SUPPORTED
sha256:d970fe6d87b762fec500982351e53ea3a94f15ab03b216349f484718eb171043,sha256:25d4d2cf4866c9db15bf0d0f014e7a537ae4b6eb6a9e286f1f009334cfd56b0c,POST_IB_PRE_OB,Point,35.0,1.008406639099121,1.175530195236206,10.0,0.0,7.581598030159166,SUPPORTED
sha256:d970fe6d87b762fec500982351e53ea3a94f15ab03b216349f484718eb171043,sha256:c13c697dc0ddb35194ac4f29319765c1111b3b2373b73251234a4672c62f9543,POST_IB_PRE_OB,Point,35.0,1.0047738552093506,1.1521949768066406,10.0,0.0,7.719079122641706,SUPPORTED
sha256:d970fe6d87b762fec500982351e53ea3a94f15ab03b216349f484718eb171043,sha256:9ebab322077b1b00f8203eb129fdcaa5ddc886a0d79538faeb9c3eae65e1b006,POST_IB_PRE_OB,Point,35.0,1.00100576877594,1.1341876983642578,10.0,0.0,7.825092420160073,SUPPORTED
sha256:d970fe6d87b762fec500982351e53ea3a94f15ab03b216349f484718eb171043,sha256:c026ba010551978ef82d6ac99c685f48203be652b2ba5539c01e69e37830b1bf,POST_IB_PRE_OB,Point,35.0,0.9971411228179932,1.1193350553512573,10.0,0.0,7.911366643636512,SUPPORTED
sha256:d970fe6d87b762fec500982351e53ea3a94f15ab03b216349f484718eb171043,sha256:b9c0a3d0804ee58f58099f247f4daaad8288b48b644c08fcfd5dfac065e1858e,POST_IB_PRE_OB,Point,35.0,0.9933724999427795,1.1062428951263428,10.0,0.0,7.98806080198644,SUPPORTED
sha256:d970fe6d87b762fec500982351e53ea3a94f15ab03b216349f484718eb171043,sha256:70707f74430f3d297d724efe71097859d72dd232540ea6cf85943a299bf8ffcc,POST_IB_PRE_OB,Point,35.0,0.9898546934127808,1.0940390825271606,10.0,0.0,8.06276930036462,SUPPORTED
sha256:d970fe6d87b762fec500982351e53ea3a94f15ab03b216349f484718eb171043,sha256:c631cbf7431bd331a48160cbfd92ef9180bcc90fb89de054e6bce99ef978179c,POST_IB_PRE_OB,Point,35.0,1.0447124242782593,1.279512643814087,10.0,0.0,7.170161777332066,SUPPORTED
sha256:d970fe6d87b762fec500982351e53ea3a94f15ab03b216349f484718eb171043,sha256:9ae384f868d4fa2d06e14c1c381263fe45456b5f791f4c5eb9f01e197264fdd2,POST_IB_PRE_OB,Point,35.0,1.030983805656433,1.246145248413086,10.0,0.0,7.281484959184186,SUPPORTED
sha256:d970fe6d87b762fec500982351e53ea3a94f15ab03b216349f484718eb171043,sha256:9042f05b9f157f35ef44a811667e17bad7dcd0bf19aea2b5137f23af728cfdce,POST_IB_PRE_OB,Point,35.0,1.041892409324646,1.218926191329956,10.0,0.0,7.515952933888816,SUPPORTED
sha256:d970fe6d87b762fec500982351e53ea3a94f15ab03b216349f484718eb171043,sha256:06bae87df69fd91de2c11b138ce1d8a9d1da9e6ef14d0a8d6346755a84009d15,POST_IB_PRE_OB,Point,35.0,1.0417355298995972,1.2019625902175903,10.0,0.0,7.628610499161917,SUPPORTED
sha256:dc83e29f18c777de0af89dd66b485befe48f223e42a059015f3f8bd2bb005464,sha256:e226d22a535f2014608641403310a10d0ed6969c47d090fbc25b8e7d02fcec1b,POST_IB_PRE_OB,Point,84.0,1.0862935781478882,0.5682330131530762,0.0,0.0,0.518060564994812,SUPPORTED
sha256:dc83e29f18c777de0af89dd66b485befe48f223e42a059015f3f8bd2bb005464,sha256:9f0926deefe10a50a1a02620ece3b2add0df014ab8a8e073c7f6110d114043dd,POST_IB_PRE_OB,Point,84.0,0.9796590805053711,0.5082784295082092,0.0,0.0,0.47138065099716187,SUPPORTED
sha256:dc83e29f18c777de0af89dd66b485befe48f223e42a059015f3f8bd2bb005464,sha256:5ccb9ce84ffa287c59261e1c37faab210ad321e0d5e77402cbbc5eb5a360977b,POST_IB_PRE_OB,Point,84.0,0.9622470140457153,0.319703072309494,0.0,0.0,0.6425439417362213,SUPPORTED
sha256:dc83e29f18c777de0af89dd66b485befe48f223e42a059015f3f8bd2bb005464,sha256:94373b453b0ce31b491acc519339d638226144201497db4dd70136c5d6779c0c,POST_IB_PRE_OB,Point,106.0,0.5970840454101562,0.49215927720069885,0.0,0.0,0.1049247682094574,SUPPORTED
sha256:dc83e29f18c777de0af89dd66b485befe48f223e42a059015f3f8bd2bb005464,sha256:139b4a844270d42bac2139acafcc5f67c2be53bc4f6c1b66f5a49db8cef5b1c9,POST_IB_PRE_OB,Point,110.0,0.8947906494140625,0.9740902185440063,0.0,0.0,0.07929956912994385,SUPPORTED
sha256:dc83e29f18c777de0af89dd66b485befe48f223e42a059015f3f8bd2bb005464,sha256:afa42d4193a425bb0100508f8098e7f273dc853155aea5320fa313f588cfb849,POST_IB_PRE_OB,Point,84.0,0.993094801902771,0.7713838219642639,0.0,0.0,0.22171097993850708,SUPPORTED
sha256:dc83e29f18c777de0af89dd66b485befe48f223e42a059015f3f8bd2bb005464,sha256:7e7ba884cc53f0127bb72fc38959b66705bb685e7828677bc82dba4a69d7ee48,POST_OB_PRE_TO,Point,,,,,0.0,,ABSTAIN_NO_FINITE_OBSERVED_PAIR
sha256:dc99925fe37b8a67137b8b43e1bc607abb03732380e63034ec46fd6eabe4d37a,sha256:a561ac0d7374520ec6516e83789643c755d3a43c3c3a929a2207defb071c2bfa,PRE_IB,Point,115.0,0.9904125928878784,0.0,1.0,0.0,2.309041568298472e-05,SUPPORTED
sha256:dc99925fe37b8a67137b8b43e1bc607abb03732380e63034ec46fd6eabe4d37a,sha256:c46dce9c3935559b06202be3298f1a96288a98a00a8d09bd851afbf4f51c074d,PRE_IB,Point,109.0,1.2585968971252441,1.193016767501831,1.0,0.0,0.5534077772910635,SUPPORTED
sha256:dc99925fe37b8a67137b8b43e1bc607abb03732380e63034ec46fd6eabe4d37a,sha256:0004dcbde1187ae6eb8717f2efe6a5586c75120b3100fba776ae63f142e9e80b,PRE_IB,Point,109.0,1.3280013799667358,1.2361400127410889,1.0,0.0,0.4856885627362111,SUPPORTED
sha256:dc99925fe37b8a67137b8b43e1bc607abb03732380e63034ec46fd6eabe4d37a,sha256:5eed46c99ad76818b5efb6460e8118750b18e098f86f6857121c5e5a87785cd3,POST_IB_PRE_OB,Point,177.0,0.6432806849479675,0.7438718676567078,1.0,0.0,0.46626892168130235,SUPPORTED
sha256:dc99925fe37b8a67137b8b43e1bc607abb03732380e63034ec46fd6eabe4d37a,sha256:d50014cd78f424c5eb9fa3296cb3a6c8021e497f97f59939548f19a87bbb0a15,POST_IB_PRE_OB,Point,177.0,0.6896287798881531,0.8095280528068542,1.0,0.0,0.427369784972661,SUPPORTED
sha256:dc99925fe37b8a67137b8b43e1bc607abb03732380e63034ec46fd6eabe4d37a,sha256:3f24f7450b528b7232a2b19b6ab37beb07f29e5bf09b47ee6191f8cbb2cb1c9b,POST_IB_PRE_OB,Point,177.0,0.71136474609375,0.8304563164710999,1.0,0.0,0.4288986397344756,SUPPORTED
sha256:dc99925fe37b8a67137b8b43e1bc607abb03732380e63034ec46fd6eabe4d37a,sha256:3be22660d179ebef80b8d4f46d4624ab5b6e51d6bb34a09691349029de28daf7,POST_IB_PRE_OB,Point,177.0,0.7276051044464111,0.8441332578659058,1.0,0.0,0.43380374805670213,SUPPORTED
sha256:ddc691538db897df846acfa4ba1dfe3332c4c04f9270cde23794be1eafeaf344,sha256:90ae25f72e498545ef3814bc0b6ac342c1829f495f7448dcea480d53735013b5,PRE_IB,Point,177.0,1.292557716369629,1.0880767107009888,43.0,0.0,37.27398920692158,SUPPORTED
sha256:ddc691538db897df846acfa4ba1dfe3332c4c04f9270cde23794be1eafeaf344,sha256:6c11764c17cf71ba0ad5eeb15850e6f23a38cb21f073836e2c46a42b68f372a0,PRE_IB,Point,177.0,1.3261953592300415,1.1409260034561157,43.0,0.0,37.540242412249626,SUPPORTED
sha256:ddc691538db897df846acfa4ba1dfe3332c4c04f9270cde23794be1eafeaf344,sha256:87447923ce3e241789d94e0bb4a5de2f8e0f91d2a445fec1087292c17cac969f,PRE_IB,Point,177.0,1.359632968902588,1.1770657300949097,43.0,0.0,37.578857300300804,SUPPORTED
sha256:ddc691538db897df846acfa4ba1dfe3332c4c04f9270cde23794be1eafeaf344,sha256:93a3e5bdec25225320afcc649ab98e7ec88952693f9901bb9ecaec0ccd66897d,PRE_IB,Point,177.0,1.3877222537994385,1.1999858617782593,43.0,0.0,37.50524931085303,SUPPORTED
sha256:ddc691538db897df846acfa4ba1dfe3332c4c04f9270cde23794be1eafeaf344,sha256:d390c006a51bdd35d52bc6d50bbc63c5be2727c6ddd98d429039267442607715,PRE_IB,Point,177.0,1.4100842475891113,1.2142564058303833,43.0,0.0,37.3921747867854,SUPPORTED
sha256:ddc691538db897df846acfa4ba1dfe3332c4c04f9270cde23794be1eafeaf344,sha256:bacedd8cdb2a6f9d731906b0692221ac3ecefc634a787e0e658e338d3c903a85,PRE_IB,Point,177.0,1.427852749824524,1.2232978343963623,43.0,0.0,37.27299142393254,SUPPORTED
sha256:ddc691538db897df846acfa4ba1dfe3332c4c04f9270cde23794be1eafeaf344,sha256:1af78bda79d7ff99e2f9446be3fad57da1cf739405070fcfbed75284e9d4df4f,PRE_IB,Point,177.0,1.4423086643218994,1.2292711734771729,43.0,0.0,37.159736868432766,SUPPORTED
sha256:ddc691538db897df846acfa4ba1dfe3332c4c04f9270cde23794be1eafeaf344,sha256:b35749917631b3e38c9508648756f1ce12c97d0f9a2893ee6100dc9d92fbc2eb,PRE_IB,Point,177.0,1.4544711112976074,1.2334522008895874,43.0,0.0,37.0553678831296,SUPPORTED
sha256:de39b3297f3c6e67b64e6da9ddc05f04cd17be61d1d7f83c465c05fb7165f30d,sha256:e6b0b3816d41a7b1404859d6997c4db00299fdfecd55c36d1b2c47012c5d7377,POST_IB_PRE_OB,Point,153.0,1.4835023880004883,0.8993497490882874,43.0,5.0,29.161244323818888,SUPPORTED
sha256:de39b3297f3c6e67b64e6da9ddc05f04cd17be61d1d7f83c465c05fb7165f30d,sha256:b0e1391a7d71414bbccb1e703f86d6c61be912b99b14117bb5d44d19d19c6b60,POST_IB_PRE_OB,Point,25.0,1.0846834182739258,0.5525079965591431,43.0,5.0,29.538251689513856,SUPPORTED
sha256:de39b3297f3c6e67b64e6da9ddc05f04cd17be61d1d7f83c465c05fb7165f30d,sha256:f2ccc84b920eea8ccd571f79251b98403db61f72415de928ff0f2744c438f185,POST_IB_PRE_OB,Point,25.0,1.1089658737182617,0.7184196710586548,43.0,5.0,30.68580592123153,SUPPORTED
sha256:de39b3297f3c6e67b64e6da9ddc05f04cd17be61d1d7f83c465c05fb7165f30d,sha256:f28ffcd2c5d1ac750121daeb790208daecbbf806663f61b84722e6efe0d22438,POST_IB_PRE_OB,Point,25.0,1.1278070211410522,0.8218981623649597,43.0,5.0,31.48695391436077,SUPPORTED
sha256:de39b3297f3c6e67b64e6da9ddc05f04cd17be61d1d7f83c465c05fb7165f30d,sha256:bcb3ec154f19ba446dda906921dd26134befaa87f948c428225ed141c4235a29,POST_IB_PRE_OB,Point,25.0,1.1424211263656616,0.8886851072311401,43.0,5.0,32.04343208869381,SUPPORTED
sha256:de39b3297f3c6e67b64e6da9ddc05f04cd17be61d1d7f83c465c05fb7165f30d,sha256:8f164c35533dfea035093cd6f74047fbe22bd0130e7b2df58846672284cfbf04,POST_IB_PRE_OB,Point,25.0,1.1539154052734375,0.9207674264907837,43.0,5.0,32.28012414421224,SUPPORTED
sha256:de39b3297f3c6e67b64e6da9ddc05f04cd17be61d1d7f83c465c05fb7165f30d,sha256:40b7eec12f13f5d9b3999138c73a601cc6e4f93fca40ac70e92f05bd5e343468,POST_IB_PRE_OB,Point,25.0,1.1631765365600586,0.9311221241950989,43.0,5.0,32.293008135438505,SUPPORTED
sha256:de39b3297f3c6e67b64e6da9ddc05f04cd17be61d1d7f83c465c05fb7165f30d,sha256:a5307249b8d2b14b3a956743bf5ddeb1423a8fecb54fdd2c563d57e95345786e,POST_IB_PRE_OB,Point,25.0,1.170866847038269,0.9385247230529785,43.0,5.0,32.28961523763385,SUPPORTED
sha256:de39b3297f3c6e67b64e6da9ddc05f04cd17be61d1d7f83c465c05fb7165f30d,sha256:cbf18010e9ef6a18ccc998808997991a7e28bcfa603554133732be313cec2b8d,POST_IB_PRE_OB,Point,25.0,1.1774635314941406,0.9440649151802063,43.0,5.0,32.27717584683007,SUPPORTED
sha256:e2d08005665217f11de04ba8bce2b7afe2c6423bc45506bc537b35a3155c843a,sha256:ce2ee26edb4cd6ea4d0589c60e1e4ddd859228ad3441242155d473e43c7f20e2,POST_IB_PRE_OB,Point,123.0,0.7922316193580627,1.0960991382598877,0.0,2.0,0.7447202676087988,SUPPORTED
sha256:e2d08005665217f11de04ba8bce2b7afe2c6423bc45506bc537b35a3155c843a,sha256:8a04ef5b5f95311d0bf820d96e1f0144c2cd1ea6edb8b10e341d527ef54c4488,POST_IB_PRE_OB,Point,10.0,1.2668473720550537,0.43072959780693054,0.0,2.0,0.24981883677299346,SUPPORTED
sha256:e2d08005665217f11de04ba8bce2b7afe2c6423bc45506bc537b35a3155c843a,sha256:040e3af64d7286c39bd97dacd672b5eedeb2ee6aabbda0cebb3f26056f86213b,POST_IB_PRE_OB,Point,10.0,1.2651903629302979,0.552358090877533,0.0,2.0,0.3248083658863884,SUPPORTED
sha256:e2d08005665217f11de04ba8bce2b7afe2c6423bc45506bc537b35a3155c843a,sha256:08e90d96f74d0d8b8771e1b5904e745c85e8b473f71248afe236f74bc110ddef,POST_IB_PRE_OB,Point,10.0,1.2641513347625732,0.6143266558647156,0.0,2.0,0.3697813829969091,SUPPORTED
sha256:e2d08005665217f11de04ba8bce2b7afe2c6423bc45506bc537b35a3155c843a,sha256:b7ae4b56768c328d59452be906a60f52441e8f0bad80ea9f76ff79947266e1fb,POST_IB_PRE_OB,Point,10.0,1.2644230127334595,0.6505432724952698,0.0,2.0,0.3977935681985018,SUPPORTED
sha256:e2d08005665217f11de04ba8bce2b7afe2c6423bc45506bc537b35a3155c843a,sha256:72ff935110d10f34a48a434cc32474f5323746a8d935064f66ed021be5ebc326,POST_IB_PRE_OB,Point,10.0,1.2656598091125488,0.6748740077018738,0.0,2.0,0.4167834069121318,SUPPORTED
sha256:e2d08005665217f11de04ba8bce2b7afe2c6423bc45506bc537b35a3155c843a,sha256:bcbf8d4235ecca9d6fc3fa1c878c36663114895d0b1b3396c45d63b1e65733bf,POST_IB_PRE_OB,Point,10.0,1.2675327062606812,0.6935023069381714,0.0,2.0,0.431078417923935,SUPPORTED
sha256:e2d08005665217f11de04ba8bce2b7afe2c6423bc45506bc537b35a3155c843a,sha256:58c1787180c68f3d9cfa7ddd2ed7c38f1717bb47d4fdb7cb6e95ea63158f3b98,POST_IB_PRE_OB,Point,10.0,1.2698312997817993,0.709351658821106,0.0,2.0,0.4429723499022785,SUPPORTED
sha256:e2d08005665217f11de04ba8bce2b7afe2c6423bc45506bc537b35a3155c843a,sha256:5d67373d490be21cdf79f679be9ed87238bb0cc043872cf6a74273bbc24cb531,POST_IB_PRE_OB,Point,10.0,1.2724287509918213,0.7238509058952332,0.0,2.0,0.45367384711178677,SUPPORTED
sha256:e2d08005665217f11de04ba8bce2b7afe2c6423bc45506bc537b35a3155c843a,sha256:71b1c4643abbd9872fbb35075b8a24a697f5fa99f5b5870aa839e28398eee644,POST_IB_PRE_OB,Point,10.0,1.275242567062378,0.7377063632011414,0.0,2.0,0.4638222334955326,SUPPORTED
sha256:e2d08005665217f11de04ba8bce2b7afe2c6423bc45506bc537b35a3155c843a,sha256:80c45db9bdb6b26a0e14775a9720ade8559a85247cf5a03c4f862d9b00ee9523,POST_IB_PRE_OB,Point,10.0,1.2782166004180908,0.7512637972831726,0.0,2.0,0.4737547062433043,SUPPORTED
sha256:e2d08005665217f11de04ba8bce2b7afe2c6423bc45506bc537b35a3155c843a,sha256:80169358475507c4edfbef33f3b5fb778ae6fcf14e60f5cfcb5ed22a488890d9,POST_IB_PRE_OB,Point,10.0,1.281309723854065,0.7646843194961548,0.0,2.0,0.483646497712964,SUPPORTED
sha256:e2d08005665217f11de04ba8bce2b7afe2c6423bc45506bc537b35a3155c843a,sha256:e1b16ce490104178421e1d09cbce9c9668ff4100e9f7eac48cda67401cb3a5a4,POST_IB_PRE_OB,Point,10.0,1.28449285030365,0.7780312299728394,0.0,2.0,0.4935798645770147,SUPPORTED
sha256:e2d08005665217f11de04ba8bce2b7afe2c6423bc45506bc537b35a3155c843a,sha256:7b3e6bf733f69f9e0ad8cef183b6dc66226ecd5b0626ac0c4b7000b89f49b12e,POST_IB_PRE_OB,Point,10.0,1.2877440452575684,0.7913270592689514,0.0,2.0,0.5035958982065414,SUPPORTED
sha256:e2d08005665217f11de04ba8bce2b7afe2c6423bc45506bc537b35a3155c843a,sha256:7180b7d518be0ddf414add74d9b26cd3fe6979d59dbc730c4c9402bb28dc0852,POST_IB_PRE_OB,Point,10.0,1.2910466194152832,0.8045709133148193,0.0,2.0,0.5137097167333239,SUPPORTED
sha256:e2d08005665217f11de04ba8bce2b7afe2c6423bc45506bc537b35a3155c843a,sha256:6fc90d5a389c6fde03160d6dbb9185e102c605c67c1b11596ba7e4eb3e3cc6d7,POST_IB_PRE_OB,Point,10.0,1.2943897247314453,0.8177509903907776,0.0,2.0,0.523920148695173,SUPPORTED
sha256:e2d08005665217f11de04ba8bce2b7afe2c6423bc45506bc537b35a3155c843a,sha256:b6d480c1fa0dd200058d1d10a751c8468edd85b34e522f1dd5e4206eb664bf5f,POST_IB_PRE_OB,Point,10.0,1.2977641820907593,0.8308553695678711,0.0,2.0,0.5342240218280617,SUPPORTED
sha256:e2d08005665217f11de04ba8bce2b7afe2c6423bc45506bc537b35a3155c843a,sha256:9fa2510d09c4e35cdf931237dbd3a14cd7fa7fe0201bd2ef0c2783176bdb70bf,POST_IB_PRE_OB,Point,170.0,0.9688000082969666,0.5962151885032654,0.0,2.0,0.6461206416684762,SUPPORTED
sha256:e2d08005665217f11de04ba8bce2b7afe2c6423bc45506bc537b35a3155c843a,sha256:0720027748870afe0ac5f7c180de6eee26a7c195ac240fe61e2253a8ebc3dca9,POST_IB_PRE_OB,Point,170.0,0.9726991653442383,0.6097475290298462,0.0,2.0,0.6589524900366903,SUPPORTED
sha256:e2d08005665217f11de04ba8bce2b7afe2c6423bc45506bc537b35a3155c843a,sha256:967f26c7ce9f50613d1349ba3fa998dd51eee561889663f9d5717b8dc0832bc9,POST_IB_PRE_OB,Point,170.0,0.9766212701797485,0.623170018196106,0.0,2.0,0.6719013669462881,SUPPORTED
sha256:e2d08005665217f11de04ba8bce2b7afe2c6423bc45506bc537b35a3155c843a,sha256:aac6e4a63f09de9ad0dd8df23ad2934f24c42eb9cc4b1f39ac85d025a059c8ac,POST_IB_PRE_OB,Point,170.0,0.9805642366409302,0.6364735960960388,0.0,2.0,0.6849567929126004,SUPPORTED
sha256:e2d08005665217f11de04ba8bce2b7afe2c6423bc45506bc537b35a3155c843a,sha256:8df44825b2b0e0665cd799079800690ff235ef6416707e0ebd4cc7f38fbba2f2,POST_IB_PRE_OB,Point,170.0,0.9845266342163086,0.6496517062187195,0.0,2.0,0.6981100016930473,SUPPORTED
sha256:e2d08005665217f11de04ba8bce2b7afe2c6423bc45506bc537b35a3155c843a,sha256:ebf8fe6df47cc5821bf8a5fbe35d90dadbc21c172f7873877a741ec1f74379f2,POST_IB_PRE_OB,Point,170.0,0.9885070323944092,0.6627039909362793,0.0,2.0,0.7113606201667918,SUPPORTED
sha256:e2d08005665217f11de04ba8bce2b7afe2c6423bc45506bc537b35a3155c843a,sha256:993949fe63275a8d72119872fb3199e2a6381e2d7fb81aea7a1ec8171cb97f8d,POST_IB_PRE_OB,Point,170.0,0.9925042390823364,0.6756240129470825,0.0,2.0,0.7246987637755044,SUPPORTED
sha256:e2d08005665217f11de04ba8bce2b7afe2c6423bc45506bc537b35a3155c843a,sha256:12049376236f30083b64ade01cf86c8428e3c671c126c167cdfecc5441d4800d,POST_IB_PRE_OB,Point,170.0,0.9965169429779053,0.6884102821350098,0.0,2.0,0.7381215377467678,SUPPORTED
sha256:e2d08005665217f11de04ba8bce2b7afe2c6423bc45506bc537b35a3155c843a,sha256:48542f422365cf9a76dda36dc929f1543b7352cb78db2e6f5c6a792f3a7dd597,POST_IB_PRE_OB,Point,170.0,1.0005450248718262,0.7010625004768372,0.0,2.0,0.7516258788493134,SUPPORTED
sha256:e2d08005665217f11de04ba8bce2b7afe2c6423bc45506bc537b35a3155c843a,sha256:fa719d6a7486050ef1b6456e0a73d4bdf0dff9589385f6fed5ead1bbb6cf4bf4,POST_IB_PRE_OB,Point,170.0,1.004586100578308,0.7135757803916931,0.0,2.0,0.765204775075142,SUPPORTED
sha256:e2d08005665217f11de04ba8bce2b7afe2c6423bc45506bc537b35a3155c843a,sha256:48e6a21be883b6e77345d27fbb316989baf615e9423c5c1335a0589b025d44c8,POST_IB_PRE_OB,Point,170.0,1.0086407661437988,0.7259520888328552,0.0,2.0,0.7788570981480547,SUPPORTED
sha256:e2d08005665217f11de04ba8bce2b7afe2c6423bc45506bc537b35a3155c843a,sha256:1bd2a98c1173a4b5549766ecdc26c07fd81fec024d721695d1a75f01ec20872d,POST_IB_PRE_OB,Point,170.0,1.0127077102661133,0.7381891012191772,0.0,2.0,0.7925776951183516,SUPPORTED
sha256:e2d08005665217f11de04ba8bce2b7afe2c6423bc45506bc537b35a3155c843a,sha256:9d0a6e5b88d76acc227bc4930889b34a5cb960d615baf284d6aa1b60449e13ae,POST_IB_PRE_OB,Point,170.0,1.016785979270935,0.750287652015686,0.0,2.0,0.8063659298193208,SUPPORTED
sha256:e2d08005665217f11de04ba8bce2b7afe2c6423bc45506bc537b35a3155c843a,sha256:5109f216f72e8bf32c5e9052a5596894b1929cc641e210b5b155ef7dff837d90,POST_IB_PRE_OB,Point,170.0,1.0208745002746582,0.7622454762458801,0.0,2.0,0.8202159428068977,SUPPORTED
sha256:e2d08005665217f11de04ba8bce2b7afe2c6423bc45506bc537b35a3155c843a,sha256:5ce9a8727ab164998de0700764cb5c5b4fbd7bbb8c454df83299de02f1b616df,POST_IB_PRE_OB,Point,170.0,1.024972915649414,0.7740646004676819,0.0,2.0,0.8341279788367303,SUPPORTED
sha256:e2d08005665217f11de04ba8bce2b7afe2c6423bc45506bc537b35a3155c843a,sha256:ae210c019a820cfc452a0dcd2196474dd31c37e3f31c161a0c3efbb6d5daded9,POST_IB_PRE_OB,Point,170.0,1.0290801525115967,0.78574138879776,0.0,2.0,0.8480932262865735,SUPPORTED
sha256:e2d08005665217f11de04ba8bce2b7afe2c6423bc45506bc537b35a3155c843a,sha256:dc6ab917d6d182f12240c73b88eb677cee778ef1e9c438a7955b3b3ca0593ef9,POST_IB_PRE_OB,Point,170.0,1.0331953763961792,0.7972792387008667,0.0,2.0,0.8621151690093461,SUPPORTED
sha256:e2d08005665217f11de04ba8bce2b7afe2c6423bc45506bc537b35a3155c843a,sha256:bc8b6f11a4088ec42f335f6f8dc66b3223125f817106f69b57c267417c49e698,POST_IB_PRE_OB,Point,170.0,1.0373173952102661,0.8086758852005005,0.0,2.0,0.8761874146415995,SUPPORTED
sha256:e2d08005665217f11de04ba8bce2b7afe2c6423bc45506bc537b35a3155c843a,sha256:2a1bbccd9fc4dab9f0b34014b03724b2d67293c44566c7f1334a72bde7534f5a,POST_IB_PRE_OB,Point,170.0,1.0414458513259888,0.8199321031570435,0.0,2.0,0.890307533733495,SUPPORTED
sha256:e2d08005665217f11de04ba8bce2b7afe2c6423bc45506bc537b35a3155c843a,sha256:8533af7196a6c83cdc089afa76d3a62c3139c2bf38b466d489293f33b6df0805,POST_IB_PRE_OB,Point,170.0,1.0455793142318726,0.8310481309890747,0.0,2.0,0.904474136415301,SUPPORTED
sha256:e2d08005665217f11de04ba8bce2b7afe2c6423bc45506bc537b35a3155c843a,sha256:66211ebdbee847bed7275be97ece7a8c288e5f629c3c1e669476744fe2911cb4,POST_IB_PRE_OB,Point,170.0,1.0497173070907593,0.8420224785804749,0.0,2.0,0.9186802327503004,SUPPORTED
sha256:e2d08005665217f11de04ba8bce2b7afe2c6423bc45506bc537b35a3155c843a,sha256:a886a5f317561d48f0b523e670308dd60049a890e907c631c6b1f4dfccd3c203,POST_IB_PRE_OB,Point,170.0,1.053858757019043,0.8528584241867065,0.0,2.0,0.9329298842141648,SUPPORTED
sha256:e2d08005665217f11de04ba8bce2b7afe2c6423bc45506bc537b35a3155c843a,sha256:9500b464262feb8d0b2d1d9d47e41a006439bbeb737bba91cba4584508a51570,POST_IB_PRE_OB,Point,170.0,1.0580024719238281,0.8635526895523071,0.0,2.0,0.9472135341121276,SUPPORTED
sha256:e2d08005665217f11de04ba8bce2b7afe2c6423bc45506bc537b35a3155c843a,sha256:b212a2dcefddbcae447a584980a5cb1e742cdea3c33a2c96cd7256fe3ad563f7,POST_IB_PRE_OB,Point,170.0,1.0621483325958252,0.8741073608398438,0.0,2.0,0.9615305665625111,SUPPORTED
sha256:e2d08005665217f11de04ba8bce2b7afe2c6423bc45506bc537b35a3155c843a,sha256:3d9a13b157afb303a8e38f21a3b78d1ba265e98361f67e2ee4a81538d6a71e10,POST_IB_PRE_OB,Point,170.0,1.066294550895691,0.8845221996307373,0.0,2.0,0.9758789852828581,SUPPORTED
sha256:e2d08005665217f11de04ba8bce2b7afe2c6423bc45506bc537b35a3155c843a,sha256:4f13c5d6b5b25e438ebeb646ebfd0a47bc751c4ce6c8d0fc29ecef618880edba,POST_IB_PRE_OB,Point,170.0,1.070440649986267,0.8947973847389221,0.0,2.0,0.9902546699003343,SUPPORTED
sha256:e2d08005665217f11de04ba8bce2b7afe2c6423bc45506bc537b35a3155c843a,sha256:8cbd50294a4ab84317c60bcb9107315ab236e9c9e7636553c89361befbfa9908,POST_IB_PRE_OB,Point,170.0,1.0745855569839478,0.9049338698387146,0.0,2.0,1.004656623996095,SUPPORTED
sha256:e2d08005665217f11de04ba8bce2b7afe2c6423bc45506bc537b35a3155c843a,sha256:53541e159e593a48266e33ccc3c4e270855e1c298803eccdc588df2fb92091b3,POST_IB_PRE_OB,Point,170.0,1.0787285566329956,0.9149326682090759,0.0,2.0,1.0190832138232768,SUPPORTED
sha256:e2d08005665217f11de04ba8bce2b7afe2c6423bc45506bc537b35a3155c843a,sha256:cfb97dfd4845a5267974009abbc7b0bada9c4cb22de48d30b18f066612e2afc2,POST_IB_PRE_OB,Point,170.0,1.082869052886963,0.924792468547821,0.0,2.0,1.0335265966938016,SUPPORTED
sha256:e2d08005665217f11de04ba8bce2b7afe2c6423bc45506bc537b35a3155c843a,sha256:70d415c5309c05fe86db7578bcc84f5439486c296a9693867cdbd1863a351008,POST_IB_PRE_OB,Point,170.0,1.087005615234375,0.9314213395118713,0.0,2.0,1.0399345969343865,SUPPORTED
sha256:e2d08005665217f11de04ba8bce2b7afe2c6423bc45506bc537b35a3155c843a,sha256:86160ecf05b31cc9c9e2ccaf0b399a608f0715c53ccae97d2f7b38aec99124d8,POST_IB_PRE_OB,Point,170.0,1.0911376476287842,0.9342778921127319,0.0,2.0,1.0366463632874032,SUPPORTED
sha256:e2d08005665217f11de04ba8bce2b7afe2c6423bc45506bc537b35a3155c843a,sha256:8fd710e23582540ffb979b5ce8daa75aced262fba0ac7542465ab6967afe0772,POST_IB_PRE_OB,Point,170.0,1.0952646732330322,0.9370954036712646,0.0,2.0,1.033289650894001,SUPPORTED
sha256:e2d08005665217f11de04ba8bce2b7afe2c6423bc45506bc537b35a3155c843a,sha256:62c72f228a3ee2fd1180278a744f9e224f59c486627ec3058a8c9119c2c4b272,POST_IB_PRE_OB,Point,170.0,1.0993852615356445,0.9398744702339172,0.0,2.0,1.029870879465297,SUPPORTED
sha256:e2d08005665217f11de04ba8bce2b7afe2c6423bc45506bc537b35a3155c843a,sha256:ae4bf0579b615057feaf9cda496ef70d222b4fc0a42529f43abdbf95b861b697,POST_IB_PRE_OB,Point,170.0,1.1034986972808838,0.9426141977310181,0.0,2.0,1.0263907814540247,SUPPORTED
sha256:e2d08005665217f11de04ba8bce2b7afe2c6423bc45506bc537b35a3155c843a,sha256:8df8d709cee9b6a25db336530c01d9fd8e72bb96d68d0f3ab3294233a58209b0,POST_IB_PRE_OB,Point,170.0,1.1076045036315918,0.9453151822090149,0.0,2.0,1.022853245382936,SUPPORTED
sha256:e2d08005665217f11de04ba8bce2b7afe2c6423bc45506bc537b35a3155c843a,sha256:286282570c928f6bdc346d2e9cc4822c5032315a4a28a3197ab92229c900a2d2,POST_IB_PRE_OB,Point,170.0,1.1117019653320312,0.9479771852493286,0.0,2.0,1.0192606082268856,SUPPORTED
sha256:e2d08005665217f11de04ba8bce2b7afe2c6423bc45506bc537b35a3155c843a,sha256:c2bc914ad2da04e672dfca2e605f8a7e02253baa01aa75a44c5eba5c4bc80826,POST_IB_PRE_OB,Point,170.0,1.1157898902893066,0.950600266456604,0.0,2.0,1.0156170986470923,SUPPORTED
sha256:e2d08005665217f11de04ba8bce2b7afe2c6423bc45506bc537b35a3155c843a,sha256:c7a3e079b9a75dba2cc4a331bf7d579546be8832b056950c31ad41bfa9bc2936,POST_IB_PRE_OB,Point,170.0,1.1198676824569702,0.9531845450401306,0.0,2.0,1.0119255440948831,SUPPORTED
sha256:e2d08005665217f11de04ba8bce2b7afe2c6423bc45506bc537b35a3155c843a,sha256:10b7dba3fc34fc4dbc79e32c159e2bf96e8757002bdf6cec67095edf936ac382,POST_IB_PRE_OB,Point,170.0,1.1239347457885742,0.955730140209198,0.0,2.0,1.0081887243798948,SUPPORTED
sha256:e2d08005665217f11de04ba8bce2b7afe2c6423bc45506bc537b35a3155c843a,sha256:1955c22af020b0b36402574001446fcfdcf3b2133ca35bbc0b97fa55448f97ba,POST_IB_PRE_OB,Point,170.0,1.1279902458190918,0.9582366943359375,0.0,2.0,1.0044087905367494,SUPPORTED
sha256:e2d08005665217f11de04ba8bce2b7afe2c6423bc45506bc537b35a3155c843a,sha256:a9aac96189125df75b8767d58cb234f5b20f8745c0e5bc93aa8e60d67e787dbd,POST_IB_PRE_OB,Point,170.0,1.1320337057113647,0.9607048630714417,0.0,2.0,1.0005894433202518,SUPPORTED
sha256:e2d08005665217f11de04ba8bce2b7afe2c6423bc45506bc537b35a3155c843a,sha256:de60649c3fbbeabca550f6c04bac886eadc20667b9e10aa5711539a069f8c3b1,POST_IB_PRE_OB,Point,170.0,1.1360641717910767,0.9631348252296448,0.0,2.0,0.9967343064037825,SUPPORTED
sha256:e2d08005665217f11de04ba8bce2b7afe2c6423bc45506bc537b35a3155c843a,sha256:4c2c2424d50950127da0f47682a40550d5ff644bb17d5b116a02d10102eb4ae4,POST_OB_PRE_TO,Point,,,,,2.0,,ABSTAIN_NO_FINITE_OBSERVED_PAIR
sha256:e2d08005665217f11de04ba8bce2b7afe2c6423bc45506bc537b35a3155c843a,sha256:a9c69d2f6aab43921ec2a5de54e4f3fde41393d6a5cc683b143529c51a744852,POST_OB_PRE_TO,Point,,,,,2.0,,ABSTAIN_NO_FINITE_OBSERVED_PAIR
sha256:e5b7846a306946ce9de43e3415dea0a8448f3cf5042a30d7809f57d766e5aed6,sha256:19ecf442286369e17be4665daada4a2a1483f38355ecf954cd64cc0a4a6d6825,POST_IB_PRE_OB,Point,148.0,1.2718900442123413,1.1679831743240356,0.0,2.0,1.1921750238357258,SUPPORTED
sha256:e5b7846a306946ce9de43e3415dea0a8448f3cf5042a30d7809f57d766e5aed6,sha256:85721cd091462a8310265790f16de679b653039674f4fd8bbaa51a37bb60dca4,POST_IB_PRE_OB,Point,148.0,1.1606903076171875,1.0942248106002808,0.0,2.0,1.3372714377053585,SUPPORTED
sha256:e5b7846a306946ce9de43e3415dea0a8448f3cf5042a30d7809f57d766e5aed6,sha256:aa9f4f049acde3fcec28c011356785f6532f97141d7a9e9f33df6c5f5d659564,POST_IB_PRE_OB,Point,148.0,1.1548269987106323,1.0627856254577637,0.0,2.0,1.2339440675683977,SUPPORTED
sha256:e5b7846a306946ce9de43e3415dea0a8448f3cf5042a30d7809f57d766e5aed6,sha256:5f731c7b39d0ac8054be6f76c7d81519c5d0824d209d0fffa0f4caf117a33d1b,POST_IB_PRE_OB,Point,148.0,1.1529812812805176,1.0429680347442627,0.0,2.0,1.1718736128515679,SUPPORTED
sha256:e5b7846a306946ce9de43e3415dea0a8448f3cf5042a30d7809f57d766e5aed6,sha256:8f317e3401bf42fc76821cf69be0f4572c64eb6beaffe70980d36479f07ac3bb,POST_IB_PRE_OB,Point,148.0,1.151242971420288,1.0276782512664795,0.0,2.0,1.1293224150639136,SUPPORTED
sha256:e5b7846a306946ce9de43e3415dea0a8448f3cf5042a30d7809f57d766e5aed6,sha256:73d265e647a9de81ca430eb34de98d225c7045fdb1705f59327fd08ca827584c,POST_IB_PRE_OB,Point,148.0,1.1489118337631226,1.0142117738723755,0.0,2.0,1.096624687325741,SUPPORTED
sha256:e5b7846a306946ce9de43e3415dea0a8448f3cf5042a30d7809f57d766e5aed6,sha256:a636fc60c267d915ab8050dcd158964efa577ff2c10cc05b0acf3aeb12a09eed,POST_OB_PRE_TO,Point,,,,,2.0,,ABSTAIN_NO_FINITE_OBSERVED_PAIR
sha256:e5b7846a306946ce9de43e3415dea0a8448f3cf5042a30d7809f57d766e5aed6,sha256:3f5b99133708d55e8c7f2c0bbe59f078aba14b98a05f6dd62c21393a5e1647a5,POST_OB_PRE_TO,Point,,,,,2.0,,ABSTAIN_NO_FINITE_OBSERVED_PAIR
sha256:e67e103529436039a88420e71c2856b5da77723b71c1d0abeb04fc85b1aac31a,sha256:9717bfd9fdd23b28dd2661c88d2dd819687711f3000067230949c8f59547038b,POST_IB_PRE_OB,Point,,,,0.0,78.0,,EXCLUDED_OBSERVED_BEYOND_Q_MAX
sha256:e67e103529436039a88420e71c2856b5da77723b71c1d0abeb04fc85b1aac31a,sha256:b56fbc36c5e22a97c53a2c644f8c8c546acacf0bee0fba3317d13944c1142fca,POST_IB_PRE_OB,Point,,,,0.0,78.0,,EXCLUDED_OBSERVED_BEYOND_Q_MAX
sha256:e67e103529436039a88420e71c2856b5da77723b71c1d0abeb04fc85b1aac31a,sha256:e18c7b9e5d35ce95562bf9a40e7f341ae16485c5553a3f66b8e229c1d0fc8568,POST_IB_PRE_OB,Point,,,,0.0,78.0,,EXCLUDED_OBSERVED_BEYOND_Q_MAX
sha256:e67e103529436039a88420e71c2856b5da77723b71c1d0abeb04fc85b1aac31a,sha256:5c072447c5ac92f3f06dd6d31a36991a97e78dae7b71e3e5d8dc53bef527b92d,POST_IB_PRE_OB,Point,,,,0.0,78.0,,EXCLUDED_OBSERVED_BEYOND_Q_MAX
sha256:e67e103529436039a88420e71c2856b5da77723b71c1d0abeb04fc85b1aac31a,sha256:5f13ccbc53f669869e34454b427cd89f58740c271d691618c242b9c5e8f44886,POST_IB_PRE_OB,Point,,,,0.0,78.0,,EXCLUDED_OBSERVED_BEYOND_Q_MAX
sha256:e67e103529436039a88420e71c2856b5da77723b71c1d0abeb04fc85b1aac31a,sha256:1d218acdb39f1dd6da6bbbe1acffa96c74744990835602c569b2d58c0c2b2fd6,POST_IB_PRE_OB,Point,,,,0.0,78.0,,EXCLUDED_OBSERVED_BEYOND_Q_MAX
sha256:e67e103529436039a88420e71c2856b5da77723b71c1d0abeb04fc85b1aac31a,sha256:36378e7035b65444d76e7d9b8ac1a2aec365c3846833dcb7b1e5a345c5e1137d,POST_IB_PRE_OB,Point,,,,0.0,78.0,,EXCLUDED_OBSERVED_BEYOND_Q_MAX
sha256:e67e103529436039a88420e71c2856b5da77723b71c1d0abeb04fc85b1aac31a,sha256:00b4532bdd4cb7f185d6334dc02b88786c7d4eb2c9c0a897907630135d741825,POST_IB_PRE_OB,Point,,,,0.0,78.0,,EXCLUDED_OBSERVED_BEYOND_Q_MAX
sha256:e67e103529436039a88420e71c2856b5da77723b71c1d0abeb04fc85b1aac31a,sha256:05c888469921ca56d76180d01e88724c03a0b3a4aef33500ebe71a3c3817fc69,POST_OB_PRE_TO,Point,,,,,78.0,,ABSTAIN_NO_FINITE_OBSERVED_PAIR
sha256:e82e14159c7b665cb9f7e1446d9dc4dd49ad798dae53d327190b820357ed8de3,sha256:e04abf74d22f34e3ea1e7589c76eb752414bcd677d564d5a2c7d5eaa16ad1f40,POST_IB_PRE_OB,Point,42.0,1.0758421421051025,1.0898792743682861,0.0,0.0,0.014037132263183594,SUPPORTED
sha256:e82e14159c7b665cb9f7e1446d9dc4dd49ad798dae53d327190b820357ed8de3,sha256:38671130b71176c022f24a03174f979d2ba061475f7fcd894ba420d0c8838d44,POST_IB_PRE_OB,Point,42.0,0.9901270866394043,1.0097631216049194,0.0,0.0,0.01963603496551514,SUPPORTED
sha256:e82e14159c7b665cb9f7e1446d9dc4dd49ad798dae53d327190b820357ed8de3,sha256:ad41cbaf3c0b59d07ce26f4a931354ac079b567c1f1968f52d75676003220d9d,POST_IB_PRE_OB,Point,42.0,0.9948009252548218,0.9910178780555725,0.0,0.0,0.0037830471992492676,SUPPORTED
sha256:e82e14159c7b665cb9f7e1446d9dc4dd49ad798dae53d327190b820357ed8de3,sha256:9f0cf221e6cd66df4c0ab50d6ed86b09a2bb028fe0a068e322330e107502f7d4,POST_IB_PRE_OB,Point,42.0,0.9956257343292236,0.9808915853500366,0.0,0.0,0.014734148979187012,SUPPORTED
sha256:e82e14159c7b665cb9f7e1446d9dc4dd49ad798dae53d327190b820357ed8de3,sha256:be868f18d1d45d1e71183d640ad5670e41fa6b7c808b0797f15c74b4ec2513a0,POST_IB_PRE_OB,Point,42.0,0.9936442375183105,0.9726594090461731,0.0,0.0,0.020984828472137448,SUPPORTED
sha256:e82e14159c7b665cb9f7e1446d9dc4dd49ad798dae53d327190b820357ed8de3,sha256:e8260a821470d3401149be214831ad045c50e6908fd0c48dc9d3e56cc1e193ee,POST_IB_PRE_OB,Point,42.0,0.9900925755500793,0.964194655418396,0.0,0.0,0.025897920131683346,SUPPORTED
sha256:e82e14159c7b665cb9f7e1446d9dc4dd49ad798dae53d327190b820357ed8de3,sha256:61e520cd693f42da09ab1bc2972b7f6667d0da6cd69c4dd07e74cbe90b4a0f77,POST_IB_PRE_OB,Point,42.0,0.9857705235481262,0.9548840522766113,0.0,0.0,0.03088647127151489,SUPPORTED
sha256:e82e14159c7b665cb9f7e1446d9dc4dd49ad798dae53d327190b820357ed8de3,sha256:4ceedb07335aa822243fce3170cebe5acd286f8886e924113ecacb4d9e25ec6f,POST_IB_PRE_OB,Point,42.0,0.9811403751373291,0.9445986747741699,0.0,0.0,0.03654170036315918,SUPPORTED
sha256:e82e14159c7b665cb9f7e1446d9dc4dd49ad798dae53d327190b820357ed8de3,sha256:dc405354e026c8afea63ea587a3c51d5d476a825896b21d6de8c2f4a1b62f8bf,POST_IB_PRE_OB,Point,42.0,0.9764567613601685,0.933360755443573,0.0,0.0,0.04309600591659546,SUPPORTED
sha256:ea0f484dd70b52dfcfda0107ee55b8489cfe8e127e4d6befbfba25cc0d78b703,sha256:6c5a0e6fd145ae043494b7def02e4d7288e5fcb03d04df8005ff5300394ef7bf,POST_IB_PRE_OB,Point,104.0,1.1129052639007568,1.1839321851730347,3.0,0.0,2.1478134815589396,SUPPORTED
sha256:ea0f484dd70b52dfcfda0107ee55b8489cfe8e127e4d6befbfba25cc0d78b703,sha256:389b5a5bda1c14f9dd316f558b5dd7cb24d0046cbacabd925d3f66b9ebce064c,POST_IB_PRE_OB,Point,103.0,0.8062810301780701,1.0025315284729004,3.0,0.0,1.6616476247350402,SUPPORTED
sha256:ea0f484dd70b52dfcfda0107ee55b8489cfe8e127e4d6befbfba25cc0d78b703,sha256:01a51e6db4d647bd0905bfe1b25146957c0361b32f9c65a52f1dd85e03bb70da,POST_IB_PRE_OB,Point,103.0,0.8254840970039368,1.0501906871795654,3.0,0.0,1.5826106483660323,SUPPORTED
sha256:ea0f484dd70b52dfcfda0107ee55b8489cfe8e127e4d6befbfba25cc0d78b703,sha256:80590a77c4fd25fc93ae457a9388c9f701bdf1364baeb7a0f26cadac75778707,POST_IB_PRE_OB,Point,103.0,0.8404858708381653,1.0809950828552246,3.0,0.0,1.5416535547569399,SUPPORTED
sha256:ea0f484dd70b52dfcfda0107ee55b8489cfe8e127e4d6befbfba25cc0d78b703,sha256:fe81331318ed47320940ff88f02e659f0780522c19d300cfb09edbcf666676cb,POST_IB_PRE_OB,Point,103.0,0.852479100227356,1.100894570350647,3.0,0.0,1.5218623601728634,SUPPORTED
sha256:ea0f484dd70b52dfcfda0107ee55b8489cfe8e127e4d6befbfba25cc0d78b703,sha256:799987665a6c4812cb9d0fcf09c9540b51625417bb4071200d9dd0f47f1c0f10,POST_IB_PRE_OB,Point,103.0,0.8623082637786865,1.1140496730804443,3.0,0.0,1.5136686514400235,SUPPORTED
sha256:ea0f484dd70b52dfcfda0107ee55b8489cfe8e127e4d6befbfba25cc0d78b703,sha256:9fb9769024499590d02061b6662a169592d5205a798978adb5ad45c4b1b94e6b,POST_IB_PRE_OB,Point,103.0,0.8706039190292358,1.1230838298797607,3.0,0.0,1.5118596391639343,SUPPORTED
sha256:ea0f484dd70b52dfcfda0107ee55b8489cfe8e127e4d6befbfba25cc0d78b703,sha256:bc1d5b42fcd150020c76bbe8d7a06a22c0d2c6a6148f66f0c0ba45b8d93e986b,POST_IB_PRE_OB,Point,103.0,0.8778258562088013,1.1295889616012573,3.0,0.0,1.5136154520817617,SUPPORTED
sha256:ea0f484dd70b52dfcfda0107ee55b8489cfe8e127e4d6befbfba25cc0d78b703,sha256:52a6b923db37fad9c0c269f34899212027587c003029a7855590ad14130da9de,POST_IB_PRE_OB,Point,103.0,0.8843047618865967,1.1345264911651611,3.0,0.0,1.517402999190857,SUPPORTED
sha256:ea0f484dd70b52dfcfda0107ee55b8489cfe8e127e4d6befbfba25cc0d78b703,sha256:4cc432de03e5229e400593461ba18e3e3b609043a590fd9e59dd25ce8d00ae1f,POST_IB_PRE_OB,Point,103.0,0.8902720808982849,1.138479232788086,3.0,0.0,1.5223781271374612,SUPPORTED
sha256:ea0f484dd70b52dfcfda0107ee55b8489cfe8e127e4d6befbfba25cc0d78b703,sha256:86a984a5cccf7943143685cac61443634bb6e5827687bdc3638ce1170c3060cf,POST_IB_PRE_OB,Point,103.0,0.8958863019943237,1.1418040990829468,3.0,0.0,1.5280663584992793,SUPPORTED
sha256:ea0f484dd70b52dfcfda0107ee55b8489cfe8e127e4d6befbfba25cc0d78b703,sha256:08d0147cb371bca834db3c18979a300f3a8bc397a71e832115c8b433ebfa2411,POST_IB_PRE_OB,Point,103.0,0.9012559056282043,1.1447206735610962,3.0,0.0,1.534202583481746,SUPPORTED
sha256:ea0f484dd70b52dfcfda0107ee55b8489cfe8e127e4d6befbfba25cc0d78b703,sha256:0d06dc173205c84de55b166c1dd0a16e3505c031da0746ad6ac9d957fb1d764e,POST_IB_PRE_OB,Point,103.0,0.9064533710479736,1.1473660469055176,3.0,0.0,1.5406326664795216,SUPPORTED
sha256:ea0f484dd70b52dfcfda0107ee55b8489cfe8e127e4d6befbfba25cc0d78b703,sha256:ab2926d424edaf9b7b5988f9918059e8b04adeaea0c73aeb612b6d2fdeef174e,POST_IB_PRE_OB,Point,103.0,0.9115280508995056,1.1498262882232666,3.0,0.0,1.5472693056123212,SUPPORTED
sha256:ea0f484dd70b52dfcfda0107ee55b8489cfe8e127e4d6befbfba25cc0d78b703,sha256:d8737d907fc9f956e28783178872775eccdd5b55989cfddeec7c8f2ae1575779,POST_IB_PRE_OB,Point,103.0,0.9165123105049133,1.1521546840667725,3.0,0.0,1.5540632101733765,SUPPORTED
sha256:ea0f484dd70b52dfcfda0107ee55b8489cfe8e127e4d6befbfba25cc0d78b703,sha256:f9eb878e9d5393f81167024be017118fbc059b97fe3e61084d6fb5ed9baec594,POST_IB_PRE_OB,Point,103.0,0.9214289784431458,1.1543856859207153,3.0,0.0,1.5609876617919638,SUPPORTED
sha256:ea0f484dd70b52dfcfda0107ee55b8489cfe8e127e4d6befbfba25cc0d78b703,sha256:848f172052d8400c17d13e9d3f74c1a20113012946fd789476bf4bbb06bfa8e1,POST_IB_PRE_OB,Point,103.0,0.9262928366661072,1.1565412282943726,3.0,0.0,1.5680267759767346,SUPPORTED
sha256:ea0f484dd70b52dfcfda0107ee55b8489cfe8e127e4d6befbfba25cc0d78b703,sha256:3fb74dee25849f7b2d0555af0aab7085772c6502873064e3629c8a0f581ac6c0,POST_IB_PRE_OB,Point,103.0,0.9311139583587646,1.158634901046753,3.0,0.0,1.5751737297040282,SUPPORTED
sha256:ebbe8eeed2c67c7f9ecdb3544158411484af65485e571f7451464e71269b492a,sha256:b71024e754aee2757c0184777792555dbf38789a4409a5a48c1cdf9ef2eeec20,POST_IB_PRE_OB,Point,124.0,0.7257014513015747,0.09730109572410583,0.0,5.0,2.083261837613837,SUPPORTED
sha256:ebbe8eeed2c67c7f9ecdb3544158411484af65485e571f7451464e71269b492a,sha256:e8ed513d3c0b7b9e3df293577d1e8ae1a0803f6b664149a1197dbdd71d1981c9,POST_IB_PRE_OB,Point,89.0,1.496789813041687,0.9819634556770325,0.0,5.0,2.306006146244516,SUPPORTED
sha256:ebbe8eeed2c67c7f9ecdb3544158411484af65485e571f7451464e71269b492a,sha256:90f6e38cf666fb612f84fd13fb12df040c91912d653c1b77561ff651b8302a16,POST_IB_PRE_OB,Point,89.0,1.4984902143478394,0.9505834579467773,0.0,5.0,2.2375993495245896,SUPPORTED
sha256:ebbe8eeed2c67c7f9ecdb3544158411484af65485e571f7451464e71269b492a,sha256:2e1440eabb76d521ea493d086ebc2355a2fdd9d74aab818037c3fe84b1b20a48,POST_IB_PRE_OB,Point,89.0,1.4968616962432861,0.8984134197235107,0.0,5.0,2.1388290011665605,SUPPORTED
sha256:ebbe8eeed2c67c7f9ecdb3544158411484af65485e571f7451464e71269b492a,sha256:0c8ec7983279f4030da33e7cd513b754a88ff073b1c2d72ce8f9f77d81eb49e0,POST_IB_PRE_OB,Point,89.0,1.4918851852416992,0.8390555381774902,0.0,5.0,2.039438865362875,SUPPORTED
sha256:ebbe8eeed2c67c7f9ecdb3544158411484af65485e571f7451464e71269b492a,sha256:80f05fd28d327445b5d093f5279f9750e77f4dca1364e76996cc5a17afe9744a,POST_IB_PRE_OB,Point,89.0,1.48496675491333,0.7875603437423706,0.0,5.0,1.9626871147017872,SUPPORTED
sha256:ebbe8eeed2c67c7f9ecdb3544158411484af65485e571f7451464e71269b492a,sha256:cb89b124bbf11f975e8db568a21d1c1da56268369e3b986a45c7bd07dad23a78,POST_IB_PRE_OB,Point,89.0,1.4772140979766846,0.7402285933494568,0.0,5.0,1.8977524962589476,SUPPORTED
sha256:ebbe8eeed2c67c7f9ecdb3544158411484af65485e571f7451464e71269b492a,sha256:2b782a7ab52272c9eca6b10cf48ffdc8770a3c24494191a4b5ca57e04ccd6e2e,POST_IB_PRE_OB,Point,89.0,1.4693009853363037,0.6949998736381531,0.0,5.0,1.8390727531447348,SUPPORTED
sha256:ebbe8eeed2c67c7f9ecdb3544158411484af65485e571f7451464e71269b492a,sha256:60049fb3ffced2218e6b7c5e45bd76b6d9b4e36ac1fe8318ac9bb454d6a6bce9,POST_IB_PRE_OB,Point,89.0,1.4616029262542725,0.6507126092910767,0.0,5.0,1.7837565546871137,SUPPORTED
sha256:ebbe8eeed2c67c7f9ecdb3544158411484af65485e571f7451464e71269b492a,sha256:b7ed5416aabf300115225355d0a5495c9d4fe36faf1a0f8babdc26c5222c9b08,POST_IB_PRE_OB,Point,89.0,1.4543150663375854,0.606728732585907,0.0,5.0,1.7303388703322684,SUPPORTED
sha256:ebbe8eeed2c67c7f9ecdb3544158411484af65485e571f7451464e71269b492a,sha256:aaaed0e903d5c9941a150658dc153f9ccee2d000ed052a455be55f6bca296791,POST_IB_PRE_OB,Point,89.0,1.4475430250167847,0.5626928806304932,0.0,5.0,1.6780695596961623,SUPPORTED
sha256:ebbe8eeed2c67c7f9ecdb3544158411484af65485e571f7451464e71269b492a,sha256:3b721909374004f5714520ce16129f666fb06c9849ed5e6d501b196655b42bb9,POST_IB_PRE_OB,Point,124.0,0.569337785243988,0.34686505794525146,0.0,5.0,3.113099705290839,SUPPORTED
sha256:ebbe8eeed2c67c7f9ecdb3544158411484af65485e571f7451464e71269b492a,sha256:d9081243cdd4c3bc474436c358140156a2c40a04e5992f759b79adfc91823671,POST_IB_PRE_OB,Point,124.0,0.6279111504554749,0.2302180528640747,0.0,5.0,2.577433898186494,SUPPORTED
sha256:ebbe8eeed2c67c7f9ecdb3544158411484af65485e571f7451464e71269b492a,sha256:29b9e3adde2fe4d06f0e790d7fbb0bb2b97903fe83fe93cd50b05b2b823bd8bf,POST_IB_PRE_OB,Point,124.0,0.6703342795372009,0.1795204132795334,0.0,5.0,2.3577199760026457,SUPPORTED
sha256:ebbe8eeed2c67c7f9ecdb3544158411484af65485e571f7451464e71269b492a,sha256:9ca0b652d0818ff8483d39284e3ff6c3651fc4e9fe3629e5fe3f03d7246d6b6d,POST_IB_PRE_OB,Point,124.0,0.6802576184272766,0.14505252242088318,0.0,5.0,2.2634927125399207,SUPPORTED
sha256:ebbe8eeed2c67c7f9ecdb3544158411484af65485e571f7451464e71269b492a,sha256:fef8bb8d065052ccc4238e004dc22b74a3cad2cbdb8af23edc17bbccf8cdeeb5,POST_IB_PRE_OB,Point,124.0,0.6829195618629456,0.11354620009660721,0.0,5.0,2.194841211182088,SUPPORTED
sha256:ebbe8eeed2c67c7f9ecdb3544158411484af65485e571f7451464e71269b492a,sha256:fe28df540d1faffd6f1ae40efeced9d8349594afb36bb7427c38ea7b34dee7ca,POST_IB_PRE_OB,Point,89.0,1.5220832824707031,1.0185447931289673,0.0,5.0,2.330090870925021,SUPPORTED
sha256:ebbe8eeed2c67c7f9ecdb3544158411484af65485e571f7451464e71269b492a,sha256:b59811b23ddf9b8938d421fcbbad5653d58993c2930226b0f8c547a9cdb8af41,POST_IB_PRE_OB,Point,89.0,1.5197433233261108,1.0125179290771484,0.0,5.0,2.3221809856136217,SUPPORTED
sha256:ebbe8eeed2c67c7f9ecdb3544158411484af65485e571f7451464e71269b492a,sha256:ce2717a50c766f08d1574e197d53ec6328a4c84851e9525db004918c5d7ac724,POST_IB_PRE_OB,Point,89.0,1.516542911529541,1.005041241645813,0.0,5.0,2.3130593306075355,SUPPORTED
sha256:ebbe8eeed2c67c7f9ecdb3544158411484af65485e571f7451464e71269b492a,sha256:e224a09039c54df09a211432e819a3e5ea3914c6b0ea1558a0541f45a7e8b1bf,POST_IB_PRE_OB,Point,89.0,1.5130336284637451,0.9963383078575134,0.0,5.0,2.3020559299241863,SUPPORTED
sha256:ebbe8eeed2c67c7f9ecdb3544158411484af65485e571f7451464e71269b492a,sha256:5aa5e5397a2ff3c8707b6c0060e2016d431119956ced1668be1bdec0ee9bd27c,POST_IB_PRE_OB,Point,89.0,1.5095250606536865,0.986618161201477,0.0,5.0,2.2890024498674375,SUPPORTED
sha256:ebbe8eeed2c67c7f9ecdb3544158411484af65485e571f7451464e71269b492a,sha256:5acbb41fdaab8482c59232be202e2e4eb8d78d83e2ae792eae25896ef49375bb,POST_IB_PRE_OB,Point,89.0,1.5061935186386108,0.97605299949646,0.0,5.0,2.2739448274118432,SUPPORTED
sha256:ebbe8eeed2c67c7f9ecdb3544158411484af65485e571f7451464e71269b492a,sha256:6b601c1501824fc95dc6b70720988ce2f3d6b4c3bdfecbfebe1bea635373bbdb,POST_IB_PRE_OB,Point,89.0,1.503143072128296,0.9574580192565918,0.0,5.0,2.2420959353460272,SUPPORTED
sha256:ebbe8eeed2c67c7f9ecdb3544158411484af65485e571f7451464e71269b492a,sha256:74f9322f9703b14622b9afbc7fe2753c8346552c23db4563f63acf9005e93c29,POST_IB_PRE_OB,Point,124.0,0.5575640201568604,0.34118515253067017,0.0,5.0,3.1360958694445,SUPPORTED
sha256:ebbe8eeed2c67c7f9ecdb3544158411484af65485e571f7451464e71269b492a,sha256:3da66751d80d80ccf8d51323830a775ca698158eee391c8285c937243b0e04cf,POST_IB_PRE_OB,Point,124.0,0.6664218306541443,0.21058540046215057,0.0,5.0,2.436444338422548,SUPPORTED
sha256:ebbe8eeed2c67c7f9ecdb3544158411484af65485e571f7451464e71269b492a,sha256:c501ca17ebe355c4a81539eddcf866f06d5101a16f7614134ee9d06b596918f1,POST_IB_PRE_OB,Point,124.0,0.7505110502243042,0.10481719672679901,0.0,5.0,2.0521055256627627,SUPPORTED
sha256:ebbe8eeed2c67c7f9ecdb3544158411484af65485e571f7451464e71269b492a,sha256:d6db4839d1b521b8501bde56a10202905b52ec5d0bf7a84ba0badff97d3f54c8,POST_IB_PRE_OB,Point,124.0,0.7614060044288635,0.08900345861911774,0.0,5.0,2.00524412051709,SUPPORTED
sha256:ebbe8eeed2c67c7f9ecdb3544158411484af65485e571f7451464e71269b492a,sha256:e3a4a7495bb8cf65af9ec5ca5567918e207bc14b6482bc9029ada629f845d25a,POST_IB_PRE_OB,Point,124.0,0.7624141573905945,0.0635131448507309,0.0,5.0,1.9601819470312944,SUPPORTED
sha256:ebbe8eeed2c67c7f9ecdb3544158411484af65485e571f7451464e71269b492a,sha256:1ee0da0bce1a59d45d882c54b468eae8862acb234abfe19604ac70326f7e647c,POST_IB_PRE_OB,Point,124.0,0.7606858611106873,0.033907201141119,0.0,5.0,1.9142239784743162,SUPPORTED
sha256:ebbe8eeed2c67c7f9ecdb3544158411484af65485e571f7451464e71269b492a,sha256:f273148864f13811a21dd748fb00d59c0c4675d69a76816234ce28d3726ccde5,POST_IB_PRE_OB,Point,222.0,0.9613621830940247,0.0,0.0,5.0,1.5764740816847662,SUPPORTED
sha256:ebbe8eeed2c67c7f9ecdb3544158411484af65485e571f7451464e71269b492a,sha256:0fd95b3b097ab6a3c66eb77ed5280beda8781cb18a3d8e283717502acc4153b3,POST_IB_PRE_OB,Point,89.0,1.5859572887420654,0.9965305924415588,0.0,5.0,2.1559832460584425,SUPPORTED
sha256:ebbe8eeed2c67c7f9ecdb3544158411484af65485e571f7451464e71269b492a,sha256:3e6bc179401753946fa22a07450b5635c4716ad180238713faa2149c410b7496,POST_IB_PRE_OB,Point,89.0,1.582658290863037,0.9888954758644104,0.0,5.0,2.147713439268132,SUPPORTED
sha256:ebbe8eeed2c67c7f9ecdb3544158411484af65485e571f7451464e71269b492a,sha256:c712410717db701cd8dc7869316f90a1aa364371a82a4794062d7a22e2eb2d44,POST_IB_PRE_OB,Point,89.0,1.5794386863708496,0.9801002740859985,0.0,5.0,2.137147163133959,SUPPORTED
sha256:ebbe8eeed2c67c7f9ecdb3544158411484af65485e571f7451464e71269b492a,sha256:63496d0074095e567d9e27f9203eca46223dcdea53a2d8ac066a800f893a8030,POST_IB_PRE_OB,Point,89.0,1.5762711763381958,0.9702919125556946,0.0,5.0,2.1246597904146776,SUPPORTED
sha256:ebbe8eeed2c67c7f9ecdb3544158411484af65485e571f7451464e71269b492a,sha256:90357446006f6073c57bca26b82cd36bcb674e44b62dda97923454278a42ec3d,POST_IB_PRE_OB,Point,89.0,1.5731419324874878,0.9376621842384338,0.0,5.0,2.0704278601300214,SUPPORTED
sha256:ebbe8eeed2c67c7f9ecdb3544158411484af65485e571f7451464e71269b492a,sha256:54da5fb54e90e6437f478a85c0ae55fe68e267c8db2ba388cb5d70345d77eaf2,POST_IB_PRE_OB,Point,124.0,0.673880398273468,0.5825162529945374,0.0,5.0,3.7395938594764164,SUPPORTED
sha256:ebbe8eeed2c67c7f9ecdb3544158411484af65485e571f7451464e71269b492a,sha256:c776f72a3ee37ff70943250caa524a04e3e882929b894f13b41119d7e0b24d0e,POST_IB_PRE_OB,Point,124.0,0.7158992290496826,0.4770134687423706,0.0,5.0,3.053087232046704,SUPPORTED
sha256:ebbe8eeed2c67c7f9ecdb3544158411484af65485e571f7451464e71269b492a,sha256:6eb70104102003a6b014ff784b5201aa425c78b630dcb21cdf509fd12431f75d,POST_IB_PRE_OB,Point,124.0,0.7366917729377747,0.3762761652469635,0.0,5.0,2.6755856030506253,SUPPORTED
sha256:ebbe8eeed2c67c7f9ecdb3544158411484af65485e571f7451464e71269b492a,sha256:0f11d5175a93cd04f47594f194531211c015502abbe21deaba32943f83662a53,POST_IB_PRE_OB,Point,124.0,0.745861828327179,0.3094918727874756,0.0,5.0,2.482152781601053,SUPPORTED
sha256:ebbe8eeed2c67c7f9ecdb3544158411484af65485e571f7451464e71269b492a,sha256:a8022541575fb6ef8013dfb0e127e34db94b221a0dd86a29857fd32bcdbf1cff,POST_IB_PRE_OB,Point,124.0,0.7489534616470337,0.2568822503089905,0.0,5.0,2.3549667778260086,SUPPORTED
sha256:ebbe8eeed2c67c7f9ecdb3544158411484af65485e571f7451464e71269b492a,sha256:fd31d5942988e84dbbb8ec8f275fcb247e722e3f13b5fbb29b77b4bc67bcb0ed,POST_IB_PRE_OB,Point,124.0,0.7490142583847046,0.2092088758945465,0.0,5.0,2.2540622930500906,SUPPORTED
sha256:ebbe8eeed2c67c7f9ecdb3544158411484af65485e571f7451464e71269b492a,sha256:11f37baac6e7ae5df29e763b8ba9f5450a3392ad4344603b0bfd89dc3c2e15fe,POST_IB_PRE_OB,Point,124.0,0.7476990222930908,0.1625918298959732,0.0,5.0,2.164267551615582,SUPPORTED
sha256:ebbe8eeed2c67c7f9ecdb3544158411484af65485e571f7451464e71269b492a,sha256:f7977d2d2b07cc13a5b62423da1f507fce5e9f8f067183e3bfc802c8dcec5ae8,POST_IB_PRE_OB,Point,124.0,0.7458938956260681,0.11558755487203598,0.0,5.0,2.0797955584748626,SUPPORTED
sha256:ebbe8eeed2c67c7f9ecdb3544158411484af65485e571f7451464e71269b492a,sha256:0e850c7366a86918ca5b011a75b058dcda1280dc11a95059d02cf7b60bf9f815,POST_IB_PRE_OB,Point,124.0,0.744059681892395,0.06778041273355484,0.0,5.0,1.9985645734304178,SUPPORTED
sha256:ebbe8eeed2c67c7f9ecdb3544158411484af65485e571f7451464e71269b492a,sha256:9cf2c14fbaed2a801cdfe9fbca0680e6dcb4e3d6f64abeb54b32c40b0bc7ed4e,POST_IB_PRE_OB,Point,89.0,1.571822166442871,0.9972853660583496,0.0,5.0,2.1847379851610538,SUPPORTED
sha256:ebbe8eeed2c67c7f9ecdb3544158411484af65485e571f7451464e71269b492a,sha256:8b55607441b8eec48ca59408e34b84cef31f77ec41e905886b460fe1846d2f0e,POST_IB_PRE_OB,Point,89.0,1.5703216791152954,0.9863220453262329,0.0,5.0,2.166399207205924,SUPPORTED
sha256:ebbe8eeed2c67c7f9ecdb3544158411484af65485e571f7451464e71269b492a,sha256:90ea9614eb87283c1761d650eb5660f67931332b611077b94bf2dce9e5c85168,POST_IB_PRE_OB,Point,89.0,1.5691384077072144,0.9748532772064209,0.0,5.0,2.1467203943405186,SUPPORTED
sha256:ebbe8eeed2c67c7f9ecdb3544158411484af65485e571f7451464e71269b492a,sha256:06acb82ca93747e188ede482bb616fc068a836a1703ace52c2cf21f428988502,POST_IB_PRE_OB,Point,124.0,0.6796029210090637,0.585442304611206,0.0,5.0,3.721858780810237,SUPPORTED
sha256:ebbe8eeed2c67c7f9ecdb3544158411484af65485e571f7451464e71269b492a,sha256:02242cd6738240f9a716ee07c4d449698e11c78b67ac3e16ffec1399248fb4f0,POST_IB_PRE_OB,Point,124.0,0.7360541820526123,0.473579078912735,0.0,5.0,2.9712959170443107,SUPPORTED
sha256:ebbe8eeed2c67c7f9ecdb3544158411484af65485e571f7451464e71269b492a,sha256:dbdd1c3afdbcabd4a654bd59c3c0760b57a984c2e0a243d06dd0ede951e8bb79,POST_IB_PRE_OB,Point,124.0,0.7565510869026184,0.4158928394317627,0.0,5.0,2.7304542421453886,SUPPORTED
sha256:ec102d3fc8dae3f12f4136cea3e99d18b0d847205350682987e0c5ea002d385d,sha256:7fe2dd04b63c2306f343ca8f9bdc187c0ba6e18a1937f8b4f524845d8f2642ac,POST_IB_PRE_OB,Point,144.0,0.472240149974823,0.36319923400878906,0.0,6.0,4.491332047478006,SUPPORTED
sha256:ec102d3fc8dae3f12f4136cea3e99d18b0d847205350682987e0c5ea002d385d,sha256:0ab55c339fc0b18e55d794dd25fe344c8856a7cc1cbb2176075dce57558e45e1,POST_IB_PRE_OB,Point,144.0,0.5419337749481201,0.6216100454330444,0.0,6.0,4.69684204627792,SUPPORTED
sha256:ec102d3fc8dae3f12f4136cea3e99d18b0d847205350682987e0c5ea002d385d,sha256:115b0daa381fa72c9cb905c7338f97031f5f8b3855997b9e50525e5ab3997c69,POST_IB_PRE_OB,Point,136.0,0.8405460715293884,0.5189107060432434,0.0,6.0,3.543281757381611,SUPPORTED
sha256:ec102d3fc8dae3f12f4136cea3e99d18b0d847205350682987e0c5ea002d385d,sha256:26add857fc70af2958463d426abb212f0587bb0f797e39c1f40bcb2b0a4edd0d,POST_IB_PRE_OB,Point,136.0,0.8620027303695679,0.6204584240913391,0.0,6.0,3.8338351563438984,SUPPORTED
sha256:ec102d3fc8dae3f12f4136cea3e99d18b0d847205350682987e0c5ea002d385d,sha256:b767a6a2094f4820a35d8fa7db89c534dc17bd356875cb7750d6d8d5385c0188,POST_IB_PRE_OB,Point,136.0,0.8785966634750366,0.6861513257026672,0.0,6.0,4.043332007457547,SUPPORTED
sha256:ec102d3fc8dae3f12f4136cea3e99d18b0d847205350682987e0c5ea002d385d,sha256:23c0e8439595a9ff7652abf408c7e016471cec2d3121000a76a0c687c0537b06,POST_OB_PRE_TO,Point,,,,,6.0,,ABSTAIN_NO_FINITE_OBSERVED_PAIR
sha256:ec102d3fc8dae3f12f4136cea3e99d18b0d847205350682987e0c5ea002d385d,sha256:240334be363cb85dba4bff0ce409177aeb3b0321624d090745c7983f748c0daf,POST_OB_PRE_TO,Point,,,,,6.0,,ABSTAIN_NO_FINITE_OBSERVED_PAIR
sha256:eca53de8bef95a075b99b1ec91d585d0bb644d1bd60fcda1ab7be7de3e98c7ab,sha256:765b50159be8d12d3f08e0f350902c71ad7cf7227078c17900ce669e9997c4eb,POST_IB_PRE_OB,Point,195.0,1.2918963432312012,1.1725329160690308,0.0,0.0,0.11936342716217041,SUPPORTED
sha256:eca53de8bef95a075b99b1ec91d585d0bb644d1bd60fcda1ab7be7de3e98c7ab,sha256:dfd88f4c5981a78921baba72657fe5ddb903ee0fe9c6b6ec7cebdf791b8306f1,POST_IB_PRE_OB,Point,120.0,0.8781923651695251,0.0,0.0,0.0,0.878192365169525,SUPPORTED
sha256:eca53de8bef95a075b99b1ec91d585d0bb644d1bd60fcda1ab7be7de3e98c7ab,sha256:ba4857aa3545aca1987e54af4aa6622fc6547fef9f70c329efecba32d3f4bc9a,POST_IB_PRE_OB,Point,120.0,0.909673273563385,0.0,0.0,0.0,0.9096732735633851,SUPPORTED
sha256:eca53de8bef95a075b99b1ec91d585d0bb644d1bd60fcda1ab7be7de3e98c7ab,sha256:d5c6a7e0740d2522209ecebc0f783e19ae8f616a9b945ac0b39d626f8232509c,POST_IB_PRE_OB,Point,120.0,0.9341672658920288,0.0,0.0,0.0,0.9341672658920287,SUPPORTED
sha256:eca53de8bef95a075b99b1ec91d585d0bb644d1bd60fcda1ab7be7de3e98c7ab,sha256:5693afb99b9a2bb9581bdc306fc34abae93a471a91e2930583b4c597eb0e1aed,POST_OB_PRE_TO,Point,,,,,0.0,,ABSTAIN_NO_FINITE_OBSERVED_PAIR
sha256:eca53de8bef95a075b99b1ec91d585d0bb644d1bd60fcda1ab7be7de3e98c7ab,sha256:ce1d16435d415fd0b3d918dd51df17bd6c842b89999ba6051ab0a71e25c760ba,POST_OB_PRE_TO,Point,,,,,0.0,,ABSTAIN_NO_FINITE_OBSERVED_PAIR
sha256:f002e1ea1efd57bc6aacf2fd697e8792978edcc68e8782b31b5f756d30e6b480,sha256:d03c137b5f772399038e1d47b80eb7b1caedd63ff84adea12e52a396dedfe94c,PRE_IB,Point,27.0,1.4120597839355469,0.5005635619163513,28.0,5.0,14.754113821695071,SUPPORTED
sha256:f002e1ea1efd57bc6aacf2fd697e8792978edcc68e8782b31b5f756d30e6b480,sha256:8e0daba63604f69d02a4a0b08236b0ef8a033b78743508b421e73caa707ae832,PRE_IB,Point,27.0,1.233397126197815,0.35883986949920654,28.0,5.0,14.904648248449302,SUPPORTED
sha256:f002e1ea1efd57bc6aacf2fd697e8792978edcc68e8782b31b5f756d30e6b480,sha256:1a8bdd12193b1c3e011028e885cd319c6348e11648d2b002c1f364f94a0ac14d,PRE_IB,Point,27.0,1.189064860343933,0.2530480623245239,28.0,5.0,14.656278363247356,SUPPORTED
sha256:f002e1ea1efd57bc6aacf2fd697e8792978edcc68e8782b31b5f756d30e6b480,sha256:78c7574996e6775822011e1c2f1c984b30e926941987565c496d07403cf41f62,PRE_IB,Point,27.0,1.163251280784607,0.183044895529747,28.0,5.0,14.483944623727476,SUPPORTED
sha256:f002e1ea1efd57bc6aacf2fd697e8792978edcc68e8782b31b5f756d30e6b480,sha256:356cc732b93601b1fbc8ce2e791dc7f1152330e62d07c738910df6631be7e224,PRE_IB,Point,27.0,1.1429353952407837,0.13077691197395325,28.0,5.0,14.36236157034952,SUPPORTED
sha256:f002e1ea1efd57bc6aacf2fd697e8792978edcc68e8782b31b5f756d30e6b480,sha256:f8ff65d34266203ba86db630836872bea4d6d8bd645fbc7d69afb705b23b1ef6,PRE_IB,Point,27.0,1.2247557640075684,0.7087815403938293,28.0,5.0,16.62615357482585,SUPPORTED
sha256:f002e1ea1efd57bc6aacf2fd697e8792978edcc68e8782b31b5f756d30e6b480,sha256:571311323e50a0e534ee3381e9e98cc3c18b9ba872f4aee52807ab5e4a78daa3,PRE_IB,Point,27.0,1.1771670579910278,0.645956814289093,28.0,5.0,16.540406111087577,SUPPORTED
sha256:f002e1ea1efd57bc6aacf2fd697e8792978edcc68e8782b31b5f756d30e6b480,sha256:4c594314560bd650a90c71fe481951fe7dcfcee528271bb01082f8f797025a01,POST_IB_PRE_OB,Point,232.0,1.19157874584198,0.3591763377189636,28.0,5.0,15.081344097991746,SUPPORTED
sha256:f002e1ea1efd57bc6aacf2fd697e8792978edcc68e8782b31b5f756d30e6b480,sha256:791a7b56562f233dd8269802e1443ea359eb43f9314d88c8b88db7071bfe79ba,POST_IB_PRE_OB,Point,232.0,1.201845407485962,0.3329329788684845,28.0,5.0,14.927998413103854,SUPPORTED
sha256:f002e1ea1efd57bc6aacf2fd697e8792978edcc68e8782b31b5f756d30e6b480,sha256:0eee8bae21a5b83b0f7ee565421ac3704c9a5e5561c556f4bdb67e04863e36a6,POST_IB_PRE_OB,Point,232.0,1.2041178941726685,0.3047946095466614,28.0,5.0,14.80329436066184,SUPPORTED
sha256:f1355c1d155b917be4c9a2f84da92e66e195ec31454243c60217db7926b00927,sha256:330872ad06ca29a803133cc27fd81ee14c1a98ba48434d238e810374a248e83f,POST_IB_PRE_OB,Point,246.0,1.213993787765503,0.676637589931488,50.0,1.0,39.27471449233406,SUPPORTED
sha256:f1355c1d155b917be4c9a2f84da92e66e195ec31454243c60217db7926b00927,sha256:c9e74b1ef7df69377370c771e0fd0f487255880bfa0e0936900cc8ac32e52362,POST_IB_PRE_OB,Point,246.0,1.25090491771698,0.8512994647026062,50.0,1.0,40.54959591681514,SUPPORTED
sha256:f1355c1d155b917be4c9a2f84da92e66e195ec31454243c60217db7926b00927,sha256:f931c192e0cd1eadaee2666e99a6600ee7477255328a0e80caeae3ee424e2f2e,POST_IB_PRE_OB,Point,246.0,1.2812962532043457,0.9122025370597839,50.0,1.0,40.86366201843902,SUPPORTED
sha256:f1355c1d155b917be4c9a2f84da92e66e195ec31454243c60217db7926b00927,sha256:166083e5a640b4ea1bdab14ee3da3e3577a6a513c173e21303e3f314e8e651fe,POST_IB_PRE_OB,Point,204.0,1.0880849361419678,0.6390958428382874,50.0,1.0,40.06805831392356,SUPPORTED
sha256:f1355c1d155b917be4c9a2f84da92e66e195ec31454243c60217db7926b00927,sha256:9c6637346c94da11b9486cbb6b6cd83e55c53d0e5acfac91d826c10b9a54307a,POST_IB_PRE_OB,Point,204.0,1.1066977977752686,0.7011209726333618,50.0,1.0,40.48968888687049,SUPPORTED
sha256:f1355c1d155b917be4c9a2f84da92e66e195ec31454243c60217db7926b00927,sha256:63b38c956bdaaf210d5eddf4d4596ca9de755fcb8cdc9dee16e867b0d0c7c4e5,POST_IB_PRE_OB,Point,204.0,1.121191382408142,0.7426555156707764,50.0,1.0,40.7649982728957,SUPPORTED
sha256:f1355c1d155b917be4c9a2f84da92e66e195ec31454243c60217db7926b00927,sha256:4224de2ca70042699ad8f55318a758e67330be84e044a018fe05d0f1a2884658,POST_IB_PRE_OB,Point,204.0,1.1327265501022339,0.7715549468994141,50.0,1.0,40.94751400215007,SUPPORTED
sha256:f1a2b1b8f516c06be50e9c6d4fdccc61707d3927ff3273b1bc7135d02fa615d0,sha256:cd0d728ac5d3b2bf44ce55ce8d8552c399928730b6aff0b2e875ae9d2aeeb652,POST_IB_PRE_OB,Point,195.0,1.0499192476272583,0.4926041066646576,0.0,0.0,0.5573151409626008,SUPPORTED
sha256:f1a2b1b8f516c06be50e9c6d4fdccc61707d3927ff3273b1bc7135d02fa615d0,sha256:0fcf916448b8c6f4630fe87f757400dc260aa0cf5dab6c6384bfc8604063e356,POST_IB_PRE_OB,Point,195.0,0.9592743515968323,0.9881893992424011,0.0,0.0,0.02891504764556885,SUPPORTED
sha256:f1a2b1b8f516c06be50e9c6d4fdccc61707d3927ff3273b1bc7135d02fa615d0,sha256:e232fdde88f7c350092333c7c390b90abafbe4081d9b2bb14ee7b8976a11c3c4,POST_IB_PRE_OB,Point,195.0,0.9868160486221313,0.8546875715255737,0.0,0.0,0.13212847709655762,SUPPORTED
sha256:f1a2b1b8f516c06be50e9c6d4fdccc61707d3927ff3273b1bc7135d02fa615d0,sha256:66145cce12754904050f265623e80a344df30f5145d282efd3a2d363850c355f,POST_IB_PRE_OB,Point,195.0,1.0697184801101685,0.892524003982544,0.0,0.0,0.1771944761276245,SUPPORTED
sha256:f1a2b1b8f516c06be50e9c6d4fdccc61707d3927ff3273b1bc7135d02fa615d0,sha256:d8a46fd8133f7a500e0c4a03734c382c0919700e9cc89d1b008c18c2c84391b8,POST_IB_PRE_OB,Point,195.0,1.092980146408081,0.9213259816169739,0.0,0.0,0.17165416479110718,SUPPORTED
sha256:f1a2b1b8f516c06be50e9c6d4fdccc61707d3927ff3273b1bc7135d02fa615d0,sha256:5b6ffcb0c5aff022f36a463a7e4654b45aae2c078952407340ef750af513bca0,POST_IB_PRE_OB,Point,195.0,1.1024549007415771,0.9240325689315796,0.0,0.0,0.17842233180999756,SUPPORTED
sha256:f1a2b1b8f516c06be50e9c6d4fdccc61707d3927ff3273b1bc7135d02fa615d0,sha256:c00120cc2904194b1938bba9245b68dd6dea3563a571eb352ab265bba5dd3f82,POST_IB_PRE_OB,Point,195.0,1.1069488525390625,0.9092779159545898,0.0,0.0,0.19767093658447263,SUPPORTED
sha256:f1a2b1b8f516c06be50e9c6d4fdccc61707d3927ff3273b1bc7135d02fa615d0,sha256:e0fcdb89758f6f0af8032671b098215b1998fd82024fd05cd7df9af45371e9d1,POST_IB_PRE_OB,Point,195.0,1.1095545291900635,0.8835728168487549,0.0,0.0,0.22598171234130862,SUPPORTED
sha256:f1a2b1b8f516c06be50e9c6d4fdccc61707d3927ff3273b1bc7135d02fa615d0,sha256:01a5d444778ea2139bf1a74eb6218c889d018f7caa9864229630821c73641b19,POST_IB_PRE_OB,Point,195.0,1.1114730834960938,0.850776195526123,0.0,0.0,0.2606968879699707,SUPPORTED
sha256:f1a2b1b8f516c06be50e9c6d4fdccc61707d3927ff3273b1bc7135d02fa615d0,sha256:0f37e3cb93d49edf3bfed02abe9f3e4d498381f80f239df874820bdb24087f67,POST_IB_PRE_OB,Point,195.0,1.1131815910339355,0.8131686449050903,0.0,0.0,0.30001294612884516,SUPPORTED
sha256:f1a2b1b8f516c06be50e9c6d4fdccc61707d3927ff3273b1bc7135d02fa615d0,sha256:3490cc75185b4ddecfd51e69b2d67512dcf678ee7b5061313b12f68415f4608e,POST_IB_PRE_OB,Point,195.0,1.1148649454116821,0.7721099257469177,0.0,0.0,0.3427550196647644,SUPPORTED
sha256:f1a2b1b8f516c06be50e9c6d4fdccc61707d3927ff3273b1bc7135d02fa615d0,sha256:577acb36d97f19393a0519c6c8780589bda6cd0361244391229774be84082058,POST_IB_PRE_OB,Point,195.0,1.1165852546691895,0.7284377813339233,0.0,0.0,0.38814747333526617,SUPPORTED
sha256:f1a2b1b8f516c06be50e9c6d4fdccc61707d3927ff3273b1bc7135d02fa615d0,sha256:69f9eeb463a959aca17545543c2bd221efb70c1d3f949a952f3ec956b2a504c0,POST_IB_PRE_OB,Point,195.0,1.1183515787124634,0.6826839447021484,0.0,0.0,0.43566763401031494,SUPPORTED
sha256:f1a2b1b8f516c06be50e9c6d4fdccc61707d3927ff3273b1bc7135d02fa615d0,sha256:f495ce3657bc54bd34d725276791826825453bff060bc3600673f9ae82c2614a,POST_OB_PRE_TO,Point,,,,,0.0,,ABSTAIN_NO_FINITE_OBSERVED_PAIR
sha256:f1a2b1b8f516c06be50e9c6d4fdccc61707d3927ff3273b1bc7135d02fa615d0,sha256:063a0ebfaba550de53260476712eb90450445122c596a23f3bd6073a91cff9a0,POST_OB_PRE_TO,Point,,,,,0.0,,ABSTAIN_NO_FINITE_OBSERVED_PAIR
sha256:f5c0b79dbb03b4f80460aedd04e4964147706ae7bb7fded4cd2f8e1dcddcc7b1,sha256:19f93de66744afc27fd0699dbb8b7724ab0b5643037ac50eb1d26fd9afef850d,POST_IB_PRE_OB,Point,96.0,0.8665069937705994,0.6395999789237976,5.0,12.0,4.706312558034988,SUPPORTED
sha256:f5c0b79dbb03b4f80460aedd04e4964147706ae7bb7fded4cd2f8e1dcddcc7b1,sha256:297d72dc67a8dd571c966a13f6cdb574a02ee54fb67d5649dc9973f46adb7807,POST_IB_PRE_OB,Point,96.0,0.7701261043548584,0.5431485772132874,5.0,12.0,4.705991458166975,SUPPORTED
sha256:f5c0b79dbb03b4f80460aedd04e4964147706ae7bb7fded4cd2f8e1dcddcc7b1,sha256:ed7f4b246720e243d900c31705843a589782ea5f7db444fabf3d64b388d3ce8d,POST_IB_PRE_OB,Point,96.0,0.7480349540710449,0.40044230222702026,5.0,12.0,4.227882048016694,SUPPORTED
sha256:f5c0b79dbb03b4f80460aedd04e4964147706ae7bb7fded4cd2f8e1dcddcc7b1,sha256:b7859916c0a515f4f28e6a0b753c5fbd60b7c3cdab8afd9c20fc9af31ebd13d9,POST_IB_PRE_OB,Point,96.0,0.7392111420631409,0.9825109243392944,5.0,12.0,4.633243479486443,SUPPORTED
sha256:f5c0b79dbb03b4f80460aedd04e4964147706ae7bb7fded4cd2f8e1dcddcc7b1,sha256:4e1ca694c45913f07ea6a72b78da09442ef96bdf9722955655ee09406e6da41c,POST_IB_PRE_OB,Point,96.0,0.765863299369812,0.945318877696991,5.0,12.0,4.9378587829241765,SUPPORTED
sha256:f5c0b79dbb03b4f80460aedd04e4964147706ae7bb7fded4cd2f8e1dcddcc7b1,sha256:5811a76fc6fdea73f007d089f6ab3b66031be0accd65aa2a3178b95b6e560ff1,POST_IB_PRE_OB,Point,96.0,0.7802972793579102,0.9009086489677429,5.0,12.0,5.2829176113695455,SUPPORTED
sha256:f5c0b79dbb03b4f80460aedd04e4964147706ae7bb7fded4cd2f8e1dcddcc7b1,sha256:016acdbd0fa8e0397755a48e4d0b00869b4f73eaecca5bb496b54ad473f344ee,POST_IB_PRE_OB,Point,96.0,0.7831059098243713,0.8481695652008057,5.0,12.0,5.715329477643589,SUPPORTED
sha256:f5c0b79dbb03b4f80460aedd04e4964147706ae7bb7fded4cd2f8e1dcddcc7b1,sha256:16a376aec1608ba0e16ee8276ead4dd5755f51361daf37f7438e3cbcee159f9a,POST_IB_PRE_OB,Point,96.0,0.7818394899368286,0.8012142777442932,5.0,12.0,6.282832827964708,SUPPORTED
sha256:f5c0b79dbb03b4f80460aedd04e4964147706ae7bb7fded4cd2f8e1dcddcc7b1,sha256:f66174d4169c24100648772ef8e6d36ef25f4aa9ac722ec7e455fc904ec4cbe4,POST_IB_PRE_OB,Point,96.0,0.7794120907783508,0.7551729083061218,5.0,12.0,6.200408429694445,SUPPORTED
sha256:f5c0b79dbb03b4f80460aedd04e4964147706ae7bb7fded4cd2f8e1dcddcc7b1,sha256:d55e9725b13711f4a9098d13c851eb7c28747d83fd5f3c18a4331b15faab00d0,POST_IB_PRE_OB,Point,96.0,0.7769992351531982,0.7082976698875427,5.0,12.0,5.681746689489824,SUPPORTED
sha256:f8585a199d876b2529da3743f679c3f93d57a1667dc6dd7851915b127794bd83,sha256:ff4e42a309ecd80a84fbfb3c9ad71679ccdc1f44f4996c10f9a9f3c747fb956e,PRE_IB,Point,,,,7.0,60.0,,EXCLUDED_OBSERVED_BEYOND_Q_MAX
sha256:f8585a199d876b2529da3743f679c3f93d57a1667dc6dd7851915b127794bd83,sha256:e28fab7ac7e9523eeac6cc2ad7b9a2828b8d6dc572df2c4039eac5418f8b652a,POST_IB_PRE_OB,Point,,,,7.0,60.0,,EXCLUDED_OBSERVED_BEYOND_Q_MAX
sha256:f8585a199d876b2529da3743f679c3f93d57a1667dc6dd7851915b127794bd83,sha256:37dc2136e3636fbbcc70ed0472f6f2c29c63218e403efbfd16d72543ea2906eb,POST_IB_PRE_OB,Point,,,,7.0,60.0,,EXCLUDED_OBSERVED_BEYOND_Q_MAX
sha256:f8585a199d876b2529da3743f679c3f93d57a1667dc6dd7851915b127794bd83,sha256:d5fd5d8f31413be96a9fe51d500b93ff2f7cd8e1ac981888e60501b21aa5e3b2,POST_IB_PRE_OB,Point,,,,7.0,60.0,,EXCLUDED_OBSERVED_BEYOND_Q_MAX
sha256:f8585a199d876b2529da3743f679c3f93d57a1667dc6dd7851915b127794bd83,sha256:d1bba0d31a8730a29cfd9e41f48fb6064fe84e9da5158e1da94cbc9423d212d1,POST_IB_PRE_OB,Point,,,,7.0,60.0,,EXCLUDED_OBSERVED_BEYOND_Q_MAX
sha256:f8585a199d876b2529da3743f679c3f93d57a1667dc6dd7851915b127794bd83,sha256:27e7cc362856ef30b26270fa0d40f115a7aeab54defb032a85426929a76a94c6,POST_IB_PRE_OB,Point,,,,7.0,60.0,,EXCLUDED_OBSERVED_BEYOND_Q_MAX
sha256:f8585a199d876b2529da3743f679c3f93d57a1667dc6dd7851915b127794bd83,sha256:709ef00c4f6d0eb6f6cb54ff9a8a5e46299b802a51fcc115226f0cd63097f325,POST_IB_PRE_OB,Point,,,,7.0,60.0,,EXCLUDED_OBSERVED_BEYOND_Q_MAX
sha256:fa358aaec54a8e20890dec4a8f9bd076455d0efbbdf2a884c9632d515afb96e6,sha256:b80342039d36ef088add6bbeb6c66f14c19ff6e696adb4c6dab4dc71520fc188,PRE_IB,Point,117.0,1.3278717994689941,0.5124620795249939,13.0,1.0,6.559239441146274,SUPPORTED
sha256:fa358aaec54a8e20890dec4a8f9bd076455d0efbbdf2a884c9632d515afb96e6,sha256:9360493a3a412947d197e2af149be8b4c052736073b2a6d418e5557421449e81,PRE_IB,Point,117.0,1.1525843143463135,0.4082998037338257,13.0,1.0,6.7671901906774705,SUPPORTED
sha256:fa358aaec54a8e20890dec4a8f9bd076455d0efbbdf2a884c9632d515afb96e6,sha256:19bb765bac26d5796f734d233790c6d44b178d967da1e97afc909cd89465edcf,POST_IB_PRE_OB,Point,100.0,0.9157576560974121,1.0944397449493408,13.0,1.0,9.250074866144761,SUPPORTED
sha256:fa358aaec54a8e20890dec4a8f9bd076455d0efbbdf2a884c9632d515afb96e6,sha256:fca5cfc6c79f84700e38fcc626e3a9babfc42e1a47e34ec860dd0d1d36ce7f4c,POST_IB_PRE_OB,Point,100.0,0.9320677518844604,1.090409755706787,13.0,1.0,9.401456771631533,SUPPORTED
sha256:fa358aaec54a8e20890dec4a8f9bd076455d0efbbdf2a884c9632d515afb96e6,sha256:5713c80a1518551e01dfa75c35005a7dbf6212a80928ed861491185a740fc835,POST_IB_PRE_OB,Point,100.0,0.9395989179611206,1.0849664211273193,13.0,1.0,9.503845186020735,SUPPORTED
sha256:fa358aaec54a8e20890dec4a8f9bd076455d0efbbdf2a884c9632d515afb96e6,sha256:4abe6d861ba375f80177fba35d6ed2b1bbbadd1fce86b85d1b6ebe6a6930ceaa,POST_IB_PRE_OB,Point,100.0,0.9429104328155518,1.0783404111862183,13.0,1.0,9.585794913936544,SUPPORTED
sha256:fa358aaec54a8e20890dec4a8f9bd076455d0efbbdf2a884c9632d515afb96e6,sha256:ccca80ecd33a21263046962c4236a411696b3bcd7bd9e474155176b5e2f50108,POST_IB_PRE_OB,Point,100.0,0.9442470073699951,1.0709729194641113,13.0,1.0,9.66038372567359,SUPPORTED
sha256:fe6b227984dd8a16db0b4c9a65e9dc1fc5f70084d2ccb0e5e896df39f32d6a9c,sha256:0a6eb2029256c0ee6d9e1b47a0b321a530204dd287d92fd3289ff0220c3b45a2,PRE_IB,Point,66.0,1.4233927726745605,0.7973042130470276,0.0,6.0,2.749733902083825,SUPPORTED
sha256:fe6b227984dd8a16db0b4c9a65e9dc1fc5f70084d2ccb0e5e896df39f32d6a9c,sha256:75887f72deac6129e1f4bfaaadc63d696e3f50f603d923b03b5585bf16b96093,PRE_IB,Point,66.0,1.3447167873382568,0.7566905617713928,0.0,6.0,2.831348249800943,SUPPORTED
sha256:fe6b227984dd8a16db0b4c9a65e9dc1fc5f70084d2ccb0e5e896df39f32d6a9c,sha256:d1040545f12add5562a690b57716f0fb4e25f95adff50aabdd9bfcdd5906b503,PRE_IB,Point,66.0,1.3662850856781006,0.7081217765808105,0.0,6.0,2.683755250236831,SUPPORTED
sha256:fe6b227984dd8a16db0b4c9a65e9dc1fc5f70084d2ccb0e5e896df39f32d6a9c,sha256:5617cbfdd561a676f0fa6f0a8f71bce80bb36cb465820b403bcbf63145edab6e,PRE_IB,Point,66.0,1.3858160972595215,0.66898113489151,0.0,6.0,2.569059763923395,SUPPORTED
sha256:fe6b227984dd8a16db0b4c9a65e9dc1fc5f70084d2ccb0e5e896df39f32d6a9c,sha256:757b3ba2fcee7832b27111c6cd339e7c12cf8456ed35accb0c2c8b6b16b1eee3,PRE_IB,Point,66.0,1.3970633745193481,0.6343115568161011,0.0,6.0,2.484195562974564,SUPPORTED
sha256:fe6b227984dd8a16db0b4c9a65e9dc1fc5f70084d2ccb0e5e896df39f32d6a9c,sha256:08a994146665dd22db37c3b62fd4647167e81d57aebe1a6705b9a949a64d275f,POST_IB_PRE_OB,Point,144.0,0.8051317930221558,0.7222471833229065,0.0,6.0,4.672483733075166,SUPPORTED
sha256:fe6b227984dd8a16db0b4c9a65e9dc1fc5f70084d2ccb0e5e896df39f32d6a9c,sha256:d9ec5ce1b54a0ee79cae881bf805e0a92c26d787b66c74ea2751096b1c42fea0,POST_IB_PRE_OB,Point,144.0,0.8166237473487854,0.7056342959403992,0.0,6.0,4.478890546990741,SUPPORTED
sha256:fe6b227984dd8a16db0b4c9a65e9dc1fc5f70084d2ccb0e5e896df39f32d6a9c,sha256:38760eaebed4b25c39c166bdeff3c768fcf7a28427e864aaf1ef77fd6f5ec5f8,POST_IB_PRE_OB,Point,144.0,0.8227779269218445,0.675868809223175,0.0,6.0,4.2691927320940515,SUPPORTED
sha256:fe6b227984dd8a16db0b4c9a65e9dc1fc5f70084d2ccb0e5e896df39f32d6a9c,sha256:aadebff9e703a11bad87f4dc9678518f3ae57f48549311203f959fe4a0a72440,POST_IB_PRE_OB,Point,144.0,0.8261139988899231,0.638333261013031,0.0,6.0,4.064872895071319,SUPPORTED
sha256:fe6b227984dd8a16db0b4c9a65e9dc1fc5f70084d2ccb0e5e896df39f32d6a9c,sha256:04bbeb32231416dd3972be0bc5cf0a72f347dcd36d7db5d76b3fea41ceb945f6,POST_IB_PRE_OB,Point,140.0,1.178330659866333,0.49805036187171936,0.0,6.0,2.6396457993210785,SUPPORTED
sha256:fe6b227984dd8a16db0b4c9a65e9dc1fc5f70084d2ccb0e5e896df39f32d6a9c,sha256:e9c067e6c5154375c9dc04848d6e1c6e8b02ff04e0908049a95ba1f709c98eac,POST_IB_PRE_OB,Point,144.0,0.8259730339050293,1.0860974788665771,0.0,6.0,3.7615275028604107,SUPPORTED
sha256:fe6b227984dd8a16db0b4c9a65e9dc1fc5f70084d2ccb0e5e896df39f32d6a9c,sha256:20970ea1ea1607737ec76bb888389bc54f366688cf9f1a5216b7a9641c2b7d59,POST_IB_PRE_OB,Point,144.0,0.8467655181884766,1.0779404640197754,0.0,6.0,3.875713483622423,SUPPORTED
sha256:fe6b227984dd8a16db0b4c9a65e9dc1fc5f70084d2ccb0e5e896df39f32d6a9c,sha256:67f396aac0009ec4959abb0edec6dcb9e3442b842f6f6b95904a345a8afcf399,POST_IB_PRE_OB,Point,144.0,0.8562689423561096,1.0732837915420532,0.0,6.0,3.9348324768802927,SUPPORTED
sha256:fe6b227984dd8a16db0b4c9a65e9dc1fc5f70084d2ccb0e5e896df39f32d6a9c,sha256:7bf4377d6e4eb4db0324db3d4d9719df481e3a2a0271b099d095b85550729ed2,POST_IB_PRE_OB,Point,144.0,0.8608903884887695,1.0690299272537231,0.0,6.0,3.97311181402441,SUPPORTED
sha256:fe6b227984dd8a16db0b4c9a65e9dc1fc5f70084d2ccb0e5e896df39f32d6a9c,sha256:3f24f9b9f6443de0e97493df0a95204003b5192015104978b5ace99fd0b0ca32,POST_IB_PRE_OB,Point,144.0,0.8633068799972534,1.0639944076538086,0.0,6.0,4.006034784337619,SUPPORTED
sha256:fe6b227984dd8a16db0b4c9a65e9dc1fc5f70084d2ccb0e5e896df39f32d6a9c,sha256:ef442804663d38bb8a33d95583d454469ccecd6712bec63a668d6622bf3b4e05,POST_IB_PRE_OB,Point,144.0,0.8647630214691162,1.0578571557998657,0.0,6.0,4.040361168090397,SUPPORTED
sha256:fe6b227984dd8a16db0b4c9a65e9dc1fc5f70084d2ccb0e5e896df39f32d6a9c,sha256:d0ee8615d328d6d061230b4c018fa57795a2b62ef49e476a7117818a4e6ad92d,POST_IB_PRE_OB,Point,144.0,0.8658664226531982,1.0506279468536377,0.0,6.0,4.078989318853776,SUPPORTED
sha256:fe6b227984dd8a16db0b4c9a65e9dc1fc5f70084d2ccb0e5e896df39f32d6a9c,sha256:f256097cc46a459a4cf0532607bcd9710ac978470cfff9c0eaa989fa587f457e,POST_IB_PRE_OB,Point,144.0,0.8669086694717407,1.0424182415008545,0.0,6.0,4.123137839447823,SUPPORTED
sha256:fe6b227984dd8a16db0b4c9a65e9dc1fc5f70084d2ccb0e5e896df39f32d6a9c,sha256:0d415624371226af8de5fe3b858a97c7c99e636ebc8ff258b3b1892f2ebdb04d,POST_IB_PRE_OB,Point,144.0,0.8680166602134705,1.0333513021469116,0.0,6.0,4.173342823074089,SUPPORTED
sha256:fe6b227984dd8a16db0b4c9a65e9dc1fc5f70084d2ccb0e5e896df39f32d6a9c,sha256:14ba583dc07239004e92e95bbbdfdc3fe96c5ecd7b02fdc735b434607c1dbb98,POST_IB_PRE_OB,Point,144.0,0.8692339658737183,1.0079116821289062,0.0,6.0,4.314324354067776,SUPPORTED
sha256:fe6b227984dd8a16db0b4c9a65e9dc1fc5f70084d2ccb0e5e896df39f32d6a9c,sha256:28a5ea8c1909b87bdd65133aaf6876b9163f47381e62a8db4d7a3c90b2a69482,POST_IB_PRE_OB,Point,144.0,0.870561957359314,0.9651622772216797,0.0,6.0,4.587813116340653,SUPPORTED
sha256:fe6b227984dd8a16db0b4c9a65e9dc1fc5f70084d2ccb0e5e896df39f32d6a9c,sha256:c660acb8408bfe7ec524575a90cb0fdee4ef9bae03e3e0bdd3734fa3d8934fab,POST_IB_PRE_OB,Point,140.0,1.2134313583374023,0.6458942890167236,0.0,6.0,2.8768881204640833,SUPPORTED
sha256:fe6b227984dd8a16db0b4c9a65e9dc1fc5f70084d2ccb0e5e896df39f32d6a9c,sha256:1ddde860fb915d613026867349a51b50c4f115d53cb08a35458673e70c9435e2,POST_IB_PRE_OB,Point,144.0,0.9187126755714417,1.1017863750457764,0.0,6.0,4.08694183640273,SUPPORTED
sha256:fe6b227984dd8a16db0b4c9a65e9dc1fc5f70084d2ccb0e5e896df39f32d6a9c,sha256:b7436379647d0ff7275b074039f1862d771a3fb009b9b1f2014a6d1bfa4b07a8,POST_IB_PRE_OB,Point,144.0,0.9284120202064514,1.1015689373016357,0.0,6.0,4.134587318017333,SUPPORTED
sha256:fe6b227984dd8a16db0b4c9a65e9dc1fc5f70084d2ccb0e5e896df39f32d6a9c,sha256:67420698ccd770172f88f6d2035b6b6c8c938f7ce133ce31c47eaebd2c207260,POST_OB_PRE_TO,Point,,,,,6.0,,ABSTAIN_NO_FINITE_OBSERVED_PAIR
sha256:fe6b227984dd8a16db0b4c9a65e9dc1fc5f70084d2ccb0e5e896df39f32d6a9c,sha256:9d604b2a6081fc0b00496c7b27dbad6b30fbd2bbebbfef4a28618a4f073a69af,POST_OB_PRE_TO,Point,,,,,6.0,,ABSTAIN_NO_FINITE_OBSERVED_PAIR
sha256:ff9ae344a57e16af22c274ff033a4ac81ea6e56288589378b539a539ee42ec1d,sha256:e85d9557c8e8cf0458909cc79084ecf2d67c4828decc416c9d36bd1cf1245081,POST_IB_PRE_OB,Point,124.0,1.1166869401931763,0.467140793800354,0.0,10.0,5.552307103958881,SUPPORTED
sha256:ff9ae344a57e16af22c274ff033a4ac81ea6e56288589378b539a539ee42ec1d,sha256:3ed9146ee751e20fa03795d9f673190a1dc8546677537ec0e8f8a5d781318a02,POST_IB_PRE_OB,Point,124.0,1.0571861267089844,0.3041289746761322,0.0,10.0,5.264679788793871,SUPPORTED
sha256:ff9ae344a57e16af22c274ff033a4ac81ea6e56288589378b539a539ee42ec1d,sha256:6ed24e008a69819ed4162d2cffe2c8876ffadc83bcd63d81ea3f1523f5f1399d,POST_IB_PRE_OB,Point,198.0,1.4049066305160522,0.8269488215446472,0.0,10.0,5.76980719164917,SUPPORTED
sha256:ff9ae344a57e16af22c274ff033a4ac81ea6e56288589378b539a539ee42ec1d,sha256:4ca827006c114aea00970fffc7edf370f70f7e60e7766722323afbd4bfe85772,POST_IB_PRE_OB,Point,124.0,0.9574897289276123,0.8008462190628052,0.0,10.0,7.65349741053455,SUPPORTED
sha256:ff9ae344a57e16af22c274ff033a4ac81ea6e56288589378b539a539ee42ec1d,sha256:5dd5488f557c36b5526ed4620833972cf0c6fcb4f1f8ff1fe03a2f06c8414f02,POST_IB_PRE_OB,Point,124.0,0.9052380323410034,0.6108164191246033,0.0,10.0,6.862677956027536,SUPPORTED
sha256:ff9ae344a57e16af22c274ff033a4ac81ea6e56288589378b539a539ee42ec1d,sha256:559b5287ab1825c44399b771ba305f5a16b9fddb241f466d7a9b388baed93efb,POST_IB_PRE_OB,Point,124.0,0.9117581844329834,0.48554083704948425,0.0,10.0,6.2972109420433515,SUPPORTED
sha256:ff9ae344a57e16af22c274ff033a4ac81ea6e56288589378b539a539ee42ec1d,sha256:4e42009437d4a264e1046349faf1484d48b3ece1ed96d2beb13453d08c2b59ab,POST_IB_PRE_OB,Point,124.0,0.9105241298675537,0.3900166153907776,0.0,10.0,5.957580758646584,SUPPORTED
sha256:ff9ae344a57e16af22c274ff033a4ac81ea6e56288589378b539a539ee42ec1d,sha256:3d8c8f7add4722a49cbe20d41c4d72de5585690d08b12b35b93ceb826d647819,POST_IB_PRE_OB,Point,124.0,0.9069599509239197,0.3122861981391907,0.0,10.0,5.717487052299585,SUPPORTED
sha256:ff9ae344a57e16af22c274ff033a4ac81ea6e56288589378b539a539ee42ec1d,sha256:903a94770cc99b637049c6ffe9401303f3e2d52c6e4b36a5c1964362ccbe50e3,POST_IB_PRE_OB,Point,124.0,0.9031953811645508,0.24647143483161926,0.0,10.0,5.531398800225882,SUPPORTED
sha256:ff9ae344a57e16af22c274ff033a4ac81ea6e56288589378b539a539ee42ec1d,sha256:27f2f8aa56d6e2fd5a7dbb00a0f4868a71e093a591d74dde52cd99766818cd87,POST_IB_PRE_OB,Point,198.0,1.2532587051391602,0.8400588035583496,0.0,10.0,6.347736082625781,SUPPORTED
sha256:ff9ae344a57e16af22c274ff033a4ac81ea6e56288589378b539a539ee42ec1d,sha256:fc656ec39d91f95d75fe761812b7ccfa91d63265d8155974d812b6df15e21120,POST_IB_PRE_OB,Point,198.0,1.2498112916946411,0.7932002544403076,0.0,10.0,6.1829192502657895,SUPPORTED
sha256:ff9ae344a57e16af22c274ff033a4ac81ea6e56288589378b539a539ee42ec1d,sha256:be5db9e56f31aa8494ed6f1ccf4ea48f4ff45741cd20b422393100dba2bde275,POST_IB_PRE_OB,Point,198.0,1.2468290328979492,0.7483172416687012,0.0,10.0,6.0330362679316565,SUPPORTED
sha256:ff9ae344a57e16af22c274ff033a4ac81ea6e56288589378b539a539ee42ec1d,sha256:1544663cfbf0468d2aa64f5e289a48adb308896eddf15e90a6b70765cb58f527,POST_IB_PRE_OB,Point,198.0,1.2443110942840576,0.704332172870636,0.0,10.0,5.892489614643922,SUPPORTED
sha256:ff9ae344a57e16af22c274ff033a4ac81ea6e56288589378b539a539ee42ec1d,sha256:c7d25084d0d3a28c4382642afbbe50d37a9a2dc5969e47b1e297d30b8a05ef24,POST_IB_PRE_OB,Point,198.0,1.2422341108322144,0.6605772376060486,0.0,10.0,5.758144156434946,SUPPORTED
sha256:ff9ae344a57e16af22c274ff033a4ac81ea6e56288589378b539a539ee42ec1d,sha256:5f5f31de71e273d68397f1346a86abae7b1a1a5babbdef0749290ee796ec7729,POST_IB_PRE_OB,Point,198.0,1.2405622005462646,0.6166481375694275,0.0,10.0,5.628259699525191,SUPPORTED
sha256:ff9ae344a57e16af22c274ff033a4ac81ea6e56288589378b539a539ee42ec1d,sha256:9981a6ecb9d2a71a2c9cf2a150aad6da722531b459457a03e9fdfd39a4eaf234,POST_IB_PRE_OB,Point,124.0,0.9025529623031616,1.0504205226898193,0.0,10.0,7.71585143883929,SUPPORTED
sha256:ff9ae344a57e16af22c274ff033a4ac81ea6e56288589378b539a539ee42ec1d,sha256:5d7f1f594954a5daafc921cfa83488a3aeb3b66727a8526eaef6c5ffcd90eece,POST_IB_PRE_OB,Point,124.0,0.9106652736663818,0.9966556429862976,0.0,10.0,8.23137052342248,SUPPORTED
sha256:ff9ae344a57e16af22c274ff033a4ac81ea6e56288589378b539a539ee42ec1d,sha256:1755c81553638cc2fc0b766f33b0f802a32550e434aa320b9f358899b0de5e60,POST_OB_PRE_TO,Point,,,,,10.0,,ABSTAIN_NO_FINITE_OBSERVED_PAIR
