episode_id,decision_node_id,status,n_scenarios,support_mass,Point_minus_Joint_VS,Marginal_minus_Joint_VS,Joint_VS,point_scenario_id
sha256:00b05b273658f3332865de1e9796d851ca6a2919bb7e4b04ee3e58f06dfe56c6,sha256:2f3a0c93e1e478153cf050c94cc608fae9bf5e87777dab4c5ee1c2387699b9c7,PASS,64.0,1.0,-0.9212191658123782,-0.0033551458167387915,0.9212191658123782,2.0
sha256:00b05b273658f3332865de1e9796d851ca6a2919bb7e4b04ee3e58f06dfe56c6,sha256:31d76e8fab4f9cc737babb2ffef81d18de5a12c39ba848861e71ab8e2e29aa9c,PASS,64.0,1.0,-0.8441332641393136,-0.012245317181569293,0.8441332641393136,2.0
sha256:00b05b273658f3332865de1e9796d851ca6a2919bb7e4b04ee3e58f06dfe56c6,sha256:32ba5138c33636fb68422a1873ed2ddbf76e17c0775d3bce530b0e702f6e99cf,PASS,64.0,1.0,-0.7560303183572057,-0.007512533360134022,0.7560303183572057,2.0
sha256:00b05b273658f3332865de1e9796d851ca6a2919bb7e4b04ee3e58f06dfe56c6,sha256:355d22cf477c77d3982554962a1c58b4d035d167a164e517912c65f39732a54e,PASS,64.0,1.0,-0.8467809797124299,-0.011937567384457948,0.8467809797124299,2.0
sha256:00b05b273658f3332865de1e9796d851ca6a2919bb7e4b04ee3e58f06dfe56c6,sha256:35efaaec75479df541ec4451f518ff2b20037fcd0a1177057af874e0040e5c58,PASS,64.0,1.0,-0.7505606034832859,-0.007872457356416396,0.7505606034832859,2.0
sha256:00b05b273658f3332865de1e9796d851ca6a2919bb7e4b04ee3e58f06dfe56c6,sha256:5d683adf57af938bcdbb68f0b8d1b7daf49589c1277cc60a8780993040ea228f,PASS,64.0,1.0,2.402067457859234,0.2293903958572665,2.3260452997834555,8.0
sha256:00b05b273658f3332865de1e9796d851ca6a2919bb7e4b04ee3e58f06dfe56c6,sha256:661563de4234c25c1cfed4de6165196ca46e7bd3239002ad08aab33b32102a57,PASS,64.0,1.0,-0.005699622576101874,4.336808689942018e-18,0.005699622576101874,0.0
sha256:00b05b273658f3332865de1e9796d851ca6a2919bb7e4b04ee3e58f06dfe56c6,sha256:74951b9e076ba6bc4a1cadec3ddb326671fdbf431e66e1c8fecda83d4d8ab38a,PASS,64.0,1.0,-0.8498899099122745,-0.012439303120900025,0.8498899099122745,2.0
sha256:00b05b273658f3332865de1e9796d851ca6a2919bb7e4b04ee3e58f06dfe56c6,sha256:9c611b00f9ba15a5a26533edcb4df948f1c4984dd68649116a74f0a4633a6749,PASS,64.0,1.0,-0.720091405084389,-0.005776222163801137,0.720091405084389,2.0
sha256:00b05b273658f3332865de1e9796d851ca6a2919bb7e4b04ee3e58f06dfe56c6,sha256:aab3e0cabb26fc19e1fb6ef7d63bb50e5349b45020b6adc54bc037eddcf9dbfe,PASS,64.0,1.0,-3.059672414665857,0.2866869954864484,6.567739029836189,4.0
sha256:00b05b273658f3332865de1e9796d851ca6a2919bb7e4b04ee3e58f06dfe56c6,sha256:afc044a6aeb505beaf8d4c97cbb67cf25e12e98f6e0ea7cda27ac6db203b8ea0,PASS,64.0,1.0,-0.8940793639685642,-0.005613967148484278,0.8940793639685642,2.0
sha256:00b05b273658f3332865de1e9796d851ca6a2919bb7e4b04ee3e58f06dfe56c6,sha256:b3474396aa1a8c9fc136caedd7ac4766b0391141c5834cfa992add782bcb2d30,PASS,64.0,1.0,-0.7496073423684365,-0.008398722101137346,0.7496073423684365,2.0
sha256:00e8e773cd283d939ca84156277aff75b1c9ef7a14cb2e3f5e073116f61ab1cf,sha256:088b2b62ad36c9b093bae4db9e088b31a7f3042433f31faf892bdc79a2d284a8,PASS,64.0,1.0,2.607490431796082,-0.10315287609191337,8.761807098131976,62.0
sha256:00e8e773cd283d939ca84156277aff75b1c9ef7a14cb2e3f5e073116f61ab1cf,sha256:4d1f6166cc6430f506e7e34a710a0b16ac0ba42ea51f8f19bc6ae76104cd7207,PASS,64.0,1.0,1.154806682001312,0.01435363454815164,5.815266011664164,29.0
sha256:00e8e773cd283d939ca84156277aff75b1c9ef7a14cb2e3f5e073116f61ab1cf,sha256:69dec4f1915a9f9dc128b2e024ae4780ebccb82efbca185e7cbcac5153758426,PASS,64.0,1.0,1.5819086103139028,-0.022850762218059373,11.098690390386285,31.0
sha256:00e8e773cd283d939ca84156277aff75b1c9ef7a14cb2e3f5e073116f61ab1cf,sha256:6f567eaa70c3e9706e3a8c2f40a7361578fcd17196ec707ed46268948283e73f,PASS,64.0,1.0,1.790224579195705,-0.03907129637896034,11.215810237489302,31.0
sha256:00e8e773cd283d939ca84156277aff75b1c9ef7a14cb2e3f5e073116f61ab1cf,sha256:79abe97b7275e1f2a0d2ed6f55ea0cf0110326ef0770dac054bba8f08408cc60,PASS,64.0,1.0,1.6929573385513166,-0.028804664293849314,11.171884737674029,31.0
sha256:00e8e773cd283d939ca84156277aff75b1c9ef7a14cb2e3f5e073116f61ab1cf,sha256:9380f9116dbfea7d460bf4a9caf5fc37c8cbe50d1fe6cd8ef9b79a399e3c8d88,PASS,64.0,1.0,1.2610839500246307,-0.025007609615238735,11.131033577538819,59.0
sha256:00e8e773cd283d939ca84156277aff75b1c9ef7a14cb2e3f5e073116f61ab1cf,sha256:aa7b7fb6fdf42f85434b0c8c77118a7ce1a36e0b03d844cd3bd4659985702301,PASS,64.0,1.0,8.241187930735913,0.18093059732849603,9.52442896236001,36.0
sha256:00e8e773cd283d939ca84156277aff75b1c9ef7a14cb2e3f5e073116f61ab1cf,sha256:ba4707f436216aee4501c3c202cead0e4bf0d05b0f5ba27ad6985b0b65375adf,PASS,64.0,1.0,1.6375255393109764,-0.02624614033662276,11.148862882522115,31.0
sha256:00e8e773cd283d939ca84156277aff75b1c9ef7a14cb2e3f5e073116f61ab1cf,sha256:c497c4de0ba0fd24672a44a4ac0aac7442287db25e0dd5c613f22e12e3959f73,PASS,64.0,1.0,0.5905263448637674,-0.11439752883473009,6.943278919194908,29.0
sha256:02b711e90d440bcac9e7f163616a5b76929dfbad5f6bb2c0335c5bf85959ad65,sha256:049ae02b1d9293000349212d74d6684f54bfe62418f7dc74a3a4b80d53a0dac8,PASS,64.0,1.0,-2.54578333670938,-0.3380890021576759,5.526730354379058,39.0
sha256:02b711e90d440bcac9e7f163616a5b76929dfbad5f6bb2c0335c5bf85959ad65,sha256:0b96a0536cc43cfaff77c30f99d8cbcf6c5464b7c7cb0b16e2cc2ccd4536641c,PASS,64.0,1.0,-2.47960397149687,-0.33498644629182195,5.581463779465009,39.0
sha256:02b711e90d440bcac9e7f163616a5b76929dfbad5f6bb2c0335c5bf85959ad65,sha256:217e0dc14d172ad55dee5d396f473bf2f55cc255a44dc2f66b40db6b98856d8a,PASS,64.0,1.0,-2.552571449023127,-0.33374591019657274,5.416086587649225,39.0
sha256:02b711e90d440bcac9e7f163616a5b76929dfbad5f6bb2c0335c5bf85959ad65,sha256:3d14546e8c63ba37186a68699c4bcd24fa9691bb913aa489e6ad2ee201f83406,PASS,64.0,1.0,-0.28472569960250516,-3.68594044175552e-14,2.545312438188931,39.0
sha256:02b711e90d440bcac9e7f163616a5b76929dfbad5f6bb2c0335c5bf85959ad65,sha256:452344cf9bea418a741cc6ba2d52d3cf1d594365e8daa24a288166b5e5ca17e1,PASS,64.0,1.0,-1.530243190842417,-0.32627914270040526,3.0108832599345052,30.0
sha256:02b711e90d440bcac9e7f163616a5b76929dfbad5f6bb2c0335c5bf85959ad65,sha256:56ff565854c4a0f1682957f510821dd1f35bdeabc770bcda9db32b848ccd26b5,PASS,64.0,1.0,-2.6845944562944926,-0.35102922135982695,5.439896408656553,39.0
sha256:02b711e90d440bcac9e7f163616a5b76929dfbad5f6bb2c0335c5bf85959ad65,sha256:5bd25b5927a42acb62c69bf33786500130e840c841a8af6123857d3a435e0ab3,PASS,64.0,1.0,-2.7087755693835547,-0.34683099110292837,5.402358104173594,39.0
sha256:02b711e90d440bcac9e7f163616a5b76929dfbad5f6bb2c0335c5bf85959ad65,sha256:7d878b71f5b772656ae338a6955ce8f0457832f9c294807e6150a0b241615c8f,PASS,64.0,1.0,-2.501141351873,-0.32947516809098865,5.542656225377639,39.0
sha256:02b711e90d440bcac9e7f163616a5b76929dfbad5f6bb2c0335c5bf85959ad65,sha256:8d29df62529233fa930810bd1f639221a97f10f62cee78fee5bb050145042cf6,PASS,64.0,1.0,-0.4004177791991168,-0.3834985077584889,5.178425027762383,39.0
sha256:02b711e90d440bcac9e7f163616a5b76929dfbad5f6bb2c0335c5bf85959ad65,sha256:98077434ff9dafc03eb567e4f1c8d10bab45962f915cf739d55d3a0fd49f9cd9,PASS,64.0,1.0,-2.644335040214585,-0.3434959404163118,5.397402295234727,39.0
sha256:02b711e90d440bcac9e7f163616a5b76929dfbad5f6bb2c0335c5bf85959ad65,sha256:986d43954abda35181605e5d70c5294b16f8b29fe8d6d63ab3626867630d216d,PASS,64.0,1.0,-2.762639928709279,-0.3437285954874678,5.506244827162037,43.0
sha256:02b711e90d440bcac9e7f163616a5b76929dfbad5f6bb2c0335c5bf85959ad65,sha256:a80dd91f1a27c907674f5143b3859f91b99057314ada80c7e7a54e591ae09e83,PASS,64.0,1.0,-2.6197727387536465,-0.35034607343427826,5.481520003615707,39.0
sha256:02b711e90d440bcac9e7f163616a5b76929dfbad5f6bb2c0335c5bf85959ad65,sha256:b7d3da26ddb8fbf3a5ad0b149c7f4732fbe97110cc61151e4447d7eb542e1bde,PASS,64.0,1.0,-2.4300178002408206,-0.30982194895226733,5.474054665475196,39.0
sha256:02b711e90d440bcac9e7f163616a5b76929dfbad5f6bb2c0335c5bf85959ad65,sha256:c9fb17c8281c9bb54721b683b648513eefd6501a3f38a7c865a338e3d901a1c5,PASS,64.0,1.0,-2.6555712839628858,-0.35145560650987306,5.461248459484736,39.0
sha256:02b711e90d440bcac9e7f163616a5b76929dfbad5f6bb2c0335c5bf85959ad65,sha256:d062a80237d12c152719cd9c5ea68f6f4f519f39cfc7b61ca05b485b7e70c932,PASS,64.0,1.0,-2.688039996058554,-0.34069974316290264,5.389327742487998,39.0
sha256:02b711e90d440bcac9e7f163616a5b76929dfbad5f6bb2c0335c5bf85959ad65,sha256:ff4ef11704a0bcba42281d7f61a18820bf6a07dc6422cf97bd4969ac195dfc91,PASS,64.0,1.0,-2.704013923193433,-0.3493772962178241,5.419393876577832,39.0
sha256:06175f5b45577085e11e76989574ab452a8bd8302e12d0b474181b63941dc70a,sha256:056e4b2db3b4fff7d93837296b63d344e264e853026e91ed38e21c8fb4a9a3a2,PASS,64.0,1.0,-1.881999150719642,-0.006616668207896748,1.881999150719642,1.0
sha256:06175f5b45577085e11e76989574ab452a8bd8302e12d0b474181b63941dc70a,sha256:2db79becb7f245ca2705effb3ea828e9cc9c1eb699e0ec2d3c74170d69f3eeaa,PASS,64.0,1.0,-1.8990879047604896,-0.006486717792405061,1.8990879047604896,1.0
sha256:06175f5b45577085e11e76989574ab452a8bd8302e12d0b474181b63941dc70a,sha256:452f7865acedf6b9d2a0143ab795b7998ffb3feeeb7659773b8460f788f92b10,PASS,64.0,1.0,-1.8610506997891154,-0.007122805305961544,1.8610506997891154,1.0
sha256:06175f5b45577085e11e76989574ab452a8bd8302e12d0b474181b63941dc70a,sha256:4fcfd36ca1d13450a85dc6e8384b280004c51369b0adc75a386563e7e101edb6,PASS,64.0,1.0,-1.8216475149287863,-0.00667760443914589,1.8216475149287863,1.0
sha256:06175f5b45577085e11e76989574ab452a8bd8302e12d0b474181b63941dc70a,sha256:5ff0ce647c10fed228157f0c7eb2f0b9e9cd21bd194376cceb7b1d1528c5a4b9,PASS,64.0,1.0,-1.9353846233368888,-0.00859918314445407,1.9353846233368888,1.0
sha256:06175f5b45577085e11e76989574ab452a8bd8302e12d0b474181b63941dc70a,sha256:69811a481c2bd8f232521f5319e2a6fe6be4ad1ff5b014add71d53397d80f13e,PASS,64.0,1.0,-1.7533751930926025,7.993605777301127e-15,1.7533751930926025,1.0
sha256:06175f5b45577085e11e76989574ab452a8bd8302e12d0b474181b63941dc70a,sha256:9fdf47a8bfbaf35dd52a8d78505ab6eb73ede63a115009eb99a821de1d522e72,PASS,64.0,1.0,0.0,0.0,0.0,0.0
sha256:06175f5b45577085e11e76989574ab452a8bd8302e12d0b474181b63941dc70a,sha256:ea57d1874dd5c5173b150e6f06635054a651720e93a2105c5bb2a458724356bb,PASS,64.0,1.0,-1.9256994484408458,-0.007700421640447486,1.9256994484408458,1.0
sha256:06175f5b45577085e11e76989574ab452a8bd8302e12d0b474181b63941dc70a,sha256:f06538b5db745313aeab1ee2ff7c2033e8a773bba8eff20ce77858ac23752195,PASS,64.0,1.0,-1.9134665182308077,-0.006894292612471986,1.9134665182308077,1.0
sha256:06eebf6187fae5c4b5cb17b45cf57576dc2853d3944de85276bd6fbecc169ab9,sha256:36d6710dfa07ceadf062d32773a1e520a733f28bbc4521214f96a642d5241f39,PASS,64.0,1.0,-3.253819810977562,-0.26273156912081674,6.387217390170678,13.0
sha256:06eebf6187fae5c4b5cb17b45cf57576dc2853d3944de85276bd6fbecc169ab9,sha256:4b7620222724105fc747848963e7c4a0aa5b496038ac7735ef0f129dfa9c724d,PASS,64.0,1.0,-2.5564716002422037,-0.18602813308724908,6.325189366050309,56.0
sha256:06eebf6187fae5c4b5cb17b45cf57576dc2853d3944de85276bd6fbecc169ab9,sha256:68b892d4df2729d707f03d2c7dc2169ace3b1a224fc8db20674184f2605d2133,PASS,64.0,1.0,-2.8863898684317233,-0.19713193415304708,6.579258816414511,13.0
sha256:06eebf6187fae5c4b5cb17b45cf57576dc2853d3944de85276bd6fbecc169ab9,sha256:761a469ad20e63e121842416a77a974bb580afbd128277a24402daf3136f2c3b,PASS,64.0,1.0,-3.553455454173426,-0.34249357312805184,6.931654554667811,13.0
sha256:06eebf6187fae5c4b5cb17b45cf57576dc2853d3944de85276bd6fbecc169ab9,sha256:8257d3b2747cdafdcedac2c5d9ca457255c0fd737891bb8cc51edf1b26fc6e40,PASS,64.0,1.0,-3.558829025667552,-0.29311913333115047,6.984743790071849,13.0
sha256:06eebf6187fae5c4b5cb17b45cf57576dc2853d3944de85276bd6fbecc169ab9,sha256:942dc4fcde391a500d9a08ffcfc548f9ced26db6080dae70b0d2c90c6fce54e0,PASS,64.0,1.0,-2.602511814354003,-0.17360514392332593,6.312081745384277,13.0
sha256:06eebf6187fae5c4b5cb17b45cf57576dc2853d3944de85276bd6fbecc169ab9,sha256:a50c5ae31e136ec10758ebc895f1dd98e0ecafd1054756c98fe7fc2e2cdd2fe9,PASS,64.0,1.0,-2.5308450879773767,-0.1801845564991691,6.261520308466879,56.0
sha256:06eebf6187fae5c4b5cb17b45cf57576dc2853d3944de85276bd6fbecc169ab9,sha256:a66de1eae485a6e4c0bc2780e7bbc22b973e6cd884674c097d4904fca164029e,PASS,64.0,1.0,-2.528749063865602,-0.17279817413621945,6.301726416007936,56.0
sha256:06eebf6187fae5c4b5cb17b45cf57576dc2853d3944de85276bd6fbecc169ab9,sha256:b0c323322c52b77e0ad63a6450afa7aedc8b6870a75d18131b53ad3a1b15a287,PASS,64.0,1.0,-0.27922661181627806,-2.842170943040401e-14,3.9262650715941096,56.0
sha256:06eebf6187fae5c4b5cb17b45cf57576dc2853d3944de85276bd6fbecc169ab9,sha256:d5e289d613e57fe0b1d82649c3dc04b74de0b7a03314c60258008f92b5018edc,PASS,64.0,1.0,-2.9744448328962245,-0.2297379353025928,6.728116002177231,56.0
sha256:06eebf6187fae5c4b5cb17b45cf57576dc2853d3944de85276bd6fbecc169ab9,sha256:d7a31a8ab38314c91ed2b324fde5ae110c004cfd10d97a0f6a040d1bc654e2de,PASS,64.0,1.0,-2.92450668090128,-0.21538414649534587,6.4084148573233986,56.0
sha256:06eebf6187fae5c4b5cb17b45cf57576dc2853d3944de85276bd6fbecc169ab9,sha256:e995db39bee9f846e7c32a9b106f0734df02d3b8d1a83da9e91f67ed7ef7e844,PASS,64.0,1.0,-2.6143601817794946,-0.1813245819358622,6.320555774659743,13.0
sha256:0918063938e7c4457d171896b2fc2534f6874f77bf8065cfc20b298899c89e7a,sha256:e234a33a5e528d2bce5d79752150f690260a68d48e3d17a0d56ac03fce28d740,PASS,64.0,1.0,13.873996885252595,0.3915976273914126,40.69959624355455,2.0
sha256:0918063938e7c4457d171896b2fc2534f6874f77bf8065cfc20b298899c89e7a,sha256:f872eddf11fc9d4bf5c34988e02d2288d14f789a93ab3d95df623e9fc30d99ad,PASS,64.0,1.0,12.891641818302041,0.7315453163648229,31.827690303912753,18.0
sha256:0a3614eb32c0724b572424173c306ae90f30957ba07dcbfaa924207801aa32fa,sha256:1a7727e55172ed347b388ecae44ccd5140801673561d68b15140a966afde7998,PASS,64.0,1.0,-1.6961163217727995,-0.004227597816339301,1.6961163217727995,3.0
sha256:0a3614eb32c0724b572424173c306ae90f30957ba07dcbfaa924207801aa32fa,sha256:1e59983e6603cf6e93772420c4da54510a3e26cc91d02842d24b3a7ef0d84d70,PASS,64.0,1.0,-1.7533999359265888,-0.009395742865341505,1.7533999359265888,3.0
sha256:0a3614eb32c0724b572424173c306ae90f30957ba07dcbfaa924207801aa32fa,sha256:2e3e19b467c7601cb41ba46cacdfdb0798115e257f82fccf00548d4a26c9e4b5,PASS,64.0,1.0,-1.6538891649701126,-0.002303154252518702,1.6538891649701126,3.0
sha256:0a3614eb32c0724b572424173c306ae90f30957ba07dcbfaa924207801aa32fa,sha256:33fa73cc802654914bebfb2f0e00ae05e9279f2e483c3db746e60c722e4091e2,PASS,64.0,1.0,-1.721165667019574,-0.008130516140118837,1.721165667019574,3.0
sha256:0a3614eb32c0724b572424173c306ae90f30957ba07dcbfaa924207801aa32fa,sha256:37390cf68e09d518e3523c2df38cae6d43e50c423e60e78d46e63e97b7c5a63c,PASS,64.0,1.0,-1.7393360000654707,-0.009629627714473843,1.7393360000654707,3.0
sha256:0a3614eb32c0724b572424173c306ae90f30957ba07dcbfaa924207801aa32fa,sha256:56d0ec146f1fdeb3d00c4848fb9ce51009dec57fed85a5501d64fb4b7f62e3aa,PASS,64.0,1.0,-0.0011185199255123732,-1.951563910473908e-18,0.0011185199255123732,0.0
sha256:0a3614eb32c0724b572424173c306ae90f30957ba07dcbfaa924207801aa32fa,sha256:899cbb73416c9894b134dc4ff4ae7b4b9dc06fb7d9dea34ed7bd63b97bbc2aa9,PASS,64.0,1.0,-0.0011155398096889257,-6.505213034913027e-19,0.0011155398096889257,0.0
sha256:0a3614eb32c0724b572424173c306ae90f30957ba07dcbfaa924207801aa32fa,sha256:9c73153443b44b115532cbd071a70e3859cdbe464cd909e4c4b82accbbd4dd91,PASS,64.0,1.0,-1.7639871821983997,-0.007435220103602536,1.7639871821983997,3.0
sha256:0a3614eb32c0724b572424173c306ae90f30957ba07dcbfaa924207801aa32fa,sha256:9fd66830680042a61deeb7a19f91f972c4216c5ea89e3b9e8aa4bd03e2f9eb23,PASS,64.0,1.0,-1.5824645070238952,-0.01632489409783089,1.5824645070238952,3.0
sha256:0dcfae5a2f00a7a4f20494ea14c926169491cdcb628fb59e54a304d5013dd671,sha256:41e07c9541977e15a925ad152506cec930f7956dfb7ef2c0d53e87ab95687748,PASS,64.0,1.0,-1.9459542674427148,0.10839339395285541,1.9459542674427148,2.0
sha256:0dcfae5a2f00a7a4f20494ea14c926169491cdcb628fb59e54a304d5013dd671,sha256:79e3e1a70b0196cb9622df434385c3b8ad6b44ec0d037be5ec78668d09055f37,PASS,64.0,1.0,-1.2795157306531209,0.04932073542701776,2.877622114930465,27.0
sha256:0dcfae5a2f00a7a4f20494ea14c926169491cdcb628fb59e54a304d5013dd671,sha256:815283de73bdc3b5cb4e21a0848fc815168637489988ae7f572c36162c0eb3c6,PASS,64.0,1.0,-2.056548927515009,0.03079761268610781,2.5721621853999883,27.0
sha256:0dcfae5a2f00a7a4f20494ea14c926169491cdcb628fb59e54a304d5013dd671,sha256:8267391351d8c3723a14382a5510808df7a0d8b1e4bcf9ac428fd81161c5e7fd,PASS,64.0,1.0,-1.0952936618313784,0.04968695870936646,3.010540148495197,27.0
sha256:0dcfae5a2f00a7a4f20494ea14c926169491cdcb628fb59e54a304d5013dd671,sha256:ae09d49a256bc68d6c1e0212a2e1891df2f365d69367c4fb403959f01a59d236,PASS,64.0,1.0,-1.5235972762487164,0.027074370002430737,2.6450198054692975,27.0
sha256:0dcfae5a2f00a7a4f20494ea14c926169491cdcb628fb59e54a304d5013dd671,sha256:d632209a7ff397ab42f39c91d23672eb302831cc55cc8e6d834f81f000117fbe,PASS,64.0,1.0,-2.6172569993421986,-0.034438141434865344,2.6172569993421986,2.0
sha256:0dcfae5a2f00a7a4f20494ea14c926169491cdcb628fb59e54a304d5013dd671,sha256:d785c6cd8e6fdadd439cbea8e7cdb3f13195b309cb5a48c1a646194e11a21606,PASS,64.0,1.0,-1.144352674381187,0.050362491342597515,2.947589397327354,27.0
sha256:0dcfae5a2f00a7a4f20494ea14c926169491cdcb628fb59e54a304d5013dd671,sha256:f55baf6523ad875315b9acd42cbfd3d9ec7b32169ba31986cebed07648c95f56,PASS,64.0,1.0,-0.09873866884878546,-1.6653345369377348e-14,1.4263410553233948,8.0
sha256:131687a2a4d1ce3d87839668761d426361e0f6474d5e3c22895ba7ed1fd37e43,sha256:4f34ea06ebddcee334ec549932c722d505c5ca89543ab7a40bf0a44eee543b1d,PASS,64.0,1.0,-0.07464818699760906,1.532107773982716e-14,0.5108530806485291,26.0
sha256:131687a2a4d1ce3d87839668761d426361e0f6474d5e3c22895ba7ed1fd37e43,sha256:7ec38920e465dbac072ab076ba0ed487cf294a294f522dd110ea91f8760e6fb2,PASS,64.0,1.0,-0.35137192145951757,0.03521939035678234,0.7458216999873206,40.0
sha256:131687a2a4d1ce3d87839668761d426361e0f6474d5e3c22895ba7ed1fd37e43,sha256:87b7d9f05b675ff277dff22f5e958837c3bef1519d05948083864bdb032f5ef8,PASS,64.0,1.0,-0.3485513002895411,0.030364141169101355,0.7335434298145842,40.0
sha256:131687a2a4d1ce3d87839668761d426361e0f6474d5e3c22895ba7ed1fd37e43,sha256:9d59fc75c981e2b526af24d5f43cfdee812c08270ed49c59bcb6c93a74023c3a,PASS,64.0,1.0,-0.42761252891990076,0.04026066590231914,0.8186136091146251,40.0
sha256:131687a2a4d1ce3d87839668761d426361e0f6474d5e3c22895ba7ed1fd37e43,sha256:aa394c6dc494971c1ee279ad0060f35f6d5635e8f2d5a84982b45a395e21a794,PASS,64.0,1.0,-0.41218207519366884,0.04676317540271602,0.801736284277508,40.0
sha256:131687a2a4d1ce3d87839668761d426361e0f6474d5e3c22895ba7ed1fd37e43,sha256:b27b597bdbff6a2d70d550ab3ad029c5ab4631746962906f80d250042c182f0b,PASS,64.0,1.0,-0.38345689711666064,0.044339092339370945,1.0706172556286713,40.0
sha256:131687a2a4d1ce3d87839668761d426361e0f6474d5e3c22895ba7ed1fd37e43,sha256:b2c613529299203e9b84850286ecb2310929d4bc31b5dfcf34834c7bff3b66cb,PASS,64.0,1.0,-0.34809313507678125,0.029728192698597167,0.7311724518522161,40.0
sha256:131687a2a4d1ce3d87839668761d426361e0f6474d5e3c22895ba7ed1fd37e43,sha256:cd43d56ea8672919946081442f598a7b4a0ca7c9767c4f869efd21f077f57d76,PASS,64.0,1.0,-0.35007538560802814,0.032668171120111666,0.7344361772837925,40.0
sha256:131687a2a4d1ce3d87839668761d426361e0f6474d5e3c22895ba7ed1fd37e43,sha256:d2b9c765083d4b88c9da26404fe265b22bb4832e13d9f34ac4fffb13e1586245,PASS,64.0,1.0,-0.36171056569605325,0.033012865783493384,0.7472804794653249,40.0
sha256:131687a2a4d1ce3d87839668761d426361e0f6474d5e3c22895ba7ed1fd37e43,sha256:e5faaa4ece4ede9e7d5e459f8b31e744cf8da83c3c228d51ffe7921f0c003dd6,PASS,64.0,1.0,-0.36827901089406795,0.04000422092990219,0.788736205468766,40.0
sha256:131687a2a4d1ce3d87839668761d426361e0f6474d5e3c22895ba7ed1fd37e43,sha256:f4dde46e21dbb3d06974815d2de0057856d182644d6976457fbb2fff3b4aa584,PASS,64.0,1.0,-0.3670669443197272,0.03697361954370071,0.753919115374333,40.0
sha256:131687a2a4d1ce3d87839668761d426361e0f6474d5e3c22895ba7ed1fd37e43,sha256:f8a2f9b9223c57634d6017c339d17008aa51571a18cbf828ce329c651143ba66,PASS,64.0,1.0,-0.3768007106319169,0.038903136833911556,0.764977843625268,40.0
sha256:131687a2a4d1ce3d87839668761d426361e0f6474d5e3c22895ba7ed1fd37e43,sha256:f923f4d5495782200f2d0cb8b9eda7a3efece587336ba3b356b62efa1c3f8e44,PASS,64.0,1.0,-0.34780437762632277,0.03179638252630357,0.7311758273833134,40.0
sha256:17cb9f5c5180ae688b3d4a691216cbb6e153dd26fec2a70ec212f96d4a3e19f6,sha256:1233e69a186692dd8c62d8ed22b4825d7808b91aec9865c44d10f45cc1d47ebb,PASS,64.0,1.0,0.8066409248177573,8.881784197001252e-16,3.1933590751822436,0.0
sha256:17cb9f5c5180ae688b3d4a691216cbb6e153dd26fec2a70ec212f96d4a3e19f6,sha256:1a0787a378f932f6ea71e2a754c0df1d298b852868d74e9c066d7889a448d236,PASS,64.0,1.0,1.3658482556997327,0.20201684669808606,1.0858583573831315,0.0
sha256:17cb9f5c5180ae688b3d4a691216cbb6e153dd26fec2a70ec212f96d4a3e19f6,sha256:828a8d8d8da71ce5fdec0d15332fe756f118966ee948c21ff89a1cc3bf18e81b,PASS,64.0,1.0,1.4867636831737259,-0.025372429514358252,2.513236316826275,0.0
sha256:17cb9f5c5180ae688b3d4a691216cbb6e153dd26fec2a70ec212f96d4a3e19f6,sha256:91681ec4ac3eecda48503d257da25fafe476df7621d799dcdc510a69feef3b8a,PASS,64.0,1.0,1.611186191183147,-0.039557947407428795,2.388813808816854,0.0
sha256:17cb9f5c5180ae688b3d4a691216cbb6e153dd26fec2a70ec212f96d4a3e19f6,sha256:949d315466171babe96713fba4ade61ec77f90895b546129dcd32f294c8db1bc,PASS,64.0,1.0,1.1242631274811252,0.026378223915576093,2.8757368725188757,0.0
sha256:17cb9f5c5180ae688b3d4a691216cbb6e153dd26fec2a70ec212f96d4a3e19f6,sha256:acebbbeb30e4b1b45c2eebb09993d8c446c17935e2a0b1cbb788422e75ddf1e9,PASS,64.0,1.0,1.2924350619660658,-0.017674872912233575,2.707564938033935,0.0
sha256:17cb9f5c5180ae688b3d4a691216cbb6e153dd26fec2a70ec212f96d4a3e19f6,sha256:b5b68c2bf1335711a1a783e32931da0c6294c2676adc50dd5ba11e8729d22189,PASS,64.0,1.0,1.5906744560958268,-0.03280756529740625,2.409325543904174,0.0
sha256:17cb9f5c5180ae688b3d4a691216cbb6e153dd26fec2a70ec212f96d4a3e19f6,sha256:dbfbae48efdc1a6d0795e87134681afe619d6b22757ebd168cc0caa09b2a6d31,PASS,64.0,1.0,1.3130109275858146,0.008290565670908467,2.6869890724141863,0.0
sha256:17cb9f5c5180ae688b3d4a691216cbb6e153dd26fec2a70ec212f96d4a3e19f6,sha256:e2112a101bb5f51aeca5b501b9d7f551de6c17c0713d508cc83c96dedc7289d2,PASS,64.0,1.0,1.6049554065095126,-0.0369915908008398,2.3950445934904883,0.0
sha256:181bc7c975fd4b2da221a0b667fef47f9b851c9cf9c2f60a9d2ed76de463c702,sha256:0d2e8ee1268a00eaebbaa6f16ad2597eb3bfb6b58e48c6d8f97be1e144d0815c,PASS,64.0,1.0,-0.8133222679407646,1.7763568394002505e-15,2.8133222679407646,0.0
sha256:181bc7c975fd4b2da221a0b667fef47f9b851c9cf9c2f60a9d2ed76de463c702,sha256:13bcf7725a2fc8001ddaf48f88a43596d8d0beb959f9de509f549a1711b50c97,PASS,64.0,1.0,0.0,0.0,2.0,0.0
sha256:181bc7c975fd4b2da221a0b667fef47f9b851c9cf9c2f60a9d2ed76de463c702,sha256:395e2add09b559da76a9a72f2542cb12903aabe0ecbedc7bbd8498e2de9909ee,PASS,64.0,1.0,-0.6582528141566133,1.2434497875801753e-14,2.6582528141566133,0.0
sha256:181bc7c975fd4b2da221a0b667fef47f9b851c9cf9c2f60a9d2ed76de463c702,sha256:3f89c2ec7a5251c1fb25903cbcfb5bf44d55555f432ddee274b2407243fbc333,PASS,64.0,1.0,-0.6010290325015846,5.329070518200751e-15,2.6010290325015846,0.0
sha256:181bc7c975fd4b2da221a0b667fef47f9b851c9cf9c2f60a9d2ed76de463c702,sha256:4f90548022dd7a4777233847ae6e06590c8627b994d432eb4a4d957734204fd8,PASS,64.0,1.0,-0.5680718312566704,2.1316282072803006e-14,2.5680718312566704,0.0
sha256:181bc7c975fd4b2da221a0b667fef47f9b851c9cf9c2f60a9d2ed76de463c702,sha256:66b4d83394e12346b0f2f665a4769ae544fabce8f0bf64db2230edeebd4c6307,PASS,64.0,1.0,-0.7509371968541823,-4.440892098500626e-15,2.7509371968541823,0.0
sha256:181bc7c975fd4b2da221a0b667fef47f9b851c9cf9c2f60a9d2ed76de463c702,sha256:78c825fa64ae9e41c3d9f7628921c6bf0390d8aafe16fc3e61b2a9dba9b7e5b6,PASS,64.0,1.0,-0.8286275600534614,3.108624468950438e-14,2.8286275600534614,0.0
sha256:181bc7c975fd4b2da221a0b667fef47f9b851c9cf9c2f60a9d2ed76de463c702,sha256:c38706a6655b8400895470b0371851155a0494e898a0c74eb7d7647b4d64193c,PASS,64.0,1.0,-0.8364960873526925,7.105427357601002e-15,2.8364960873526925,0.0
sha256:181bc7c975fd4b2da221a0b667fef47f9b851c9cf9c2f60a9d2ed76de463c702,sha256:f4f456f7cca28e58432e085d71f9d70c6b14c3184c17d10f082832c2fda10c8a,PASS,64.0,1.0,-0.5032485948928742,-7.105427357601002e-15,2.503248594892874,0.0
sha256:19018d30b8242c3626aa00ca5672a0a99fdfb5627522791ce4231a969b41626d,sha256:26714043a8478161cca41be6caf0d6484212e318f006f3c7dface77a8a772a6d,PASS,64.0,1.0,12.13454607565832,0.5245863247674656,20.2915228897511,7.0
sha256:19018d30b8242c3626aa00ca5672a0a99fdfb5627522791ce4231a969b41626d,sha256:3c81e83e4b2e45a4a81b60b2c0258fa56d7d401cb58ec7401659144bed2db987,PASS,64.0,1.0,11.91142258553256,0.38939006438455337,18.277892042136926,7.0
sha256:19018d30b8242c3626aa00ca5672a0a99fdfb5627522791ce4231a969b41626d,sha256:666d85328bff201ac5d8503620382a2169de34cb5b3ff023de86d4532c452175,PASS,64.0,1.0,11.89435247726324,-0.04771709579779326,21.370556522918285,7.0
sha256:19018d30b8242c3626aa00ca5672a0a99fdfb5627522791ce4231a969b41626d,sha256:8589805077b64075126c3e7c88d7a60437b1d0684f6e7289f3fb6e54aa99e2e6,PASS,64.0,1.0,9.986401048997323,7.105427357601002e-15,32.87929161432621,12.0
sha256:19018d30b8242c3626aa00ca5672a0a99fdfb5627522791ce4231a969b41626d,sha256:b97b28bc8c4c8f661e06e9dcfab1947d16085d033c0930d11ac7756e0d1b7f2d,PASS,64.0,1.0,11.878878391435975,0.39021031629777525,18.54164173224359,7.0
sha256:19018d30b8242c3626aa00ca5672a0a99fdfb5627522791ce4231a969b41626d,sha256:d7f759faaae16af56dd56e3e3b58a80b131658bc4ad2f31fc1418353894acf96,PASS,64.0,1.0,13.976726682664026,0.060126948956426673,28.241410161365888,2.0
sha256:19018d30b8242c3626aa00ca5672a0a99fdfb5627522791ce4231a969b41626d,sha256:db2fb153fb32fb758588d150ee6eb1e7841f7e1a48a9dad067a99d99255ae3e2,PASS,64.0,1.0,12.443362688321777,0.5239283210530559,26.76668295688819,7.0
sha256:19c3ba96b1702f047910bbbce7058a4000ac8b2acafd113a3c36a35147dff201,sha256:118507e2f0de41a59999fae0f4a5805cb07e5a93bc953bd1f721cdab681f1c7e,PASS,64.0,1.0,5.167474915120845,-0.366555211517813,6.832525084879155,0.0
sha256:19c3ba96b1702f047910bbbce7058a4000ac8b2acafd113a3c36a35147dff201,sha256:20066fcfc95410808791502a6ced289a56e6d411f40e694afd4a79e181189ac2,PASS,64.0,1.0,5.151132085983015,-0.3672343953833961,6.848867914016985,0.0
sha256:19c3ba96b1702f047910bbbce7058a4000ac8b2acafd113a3c36a35147dff201,sha256:755fa71153ccc71c2a6acb2fcf0823d7aedab6d59692fcfbd51b7088f61e06ec,PASS,64.0,1.0,5.133142505129283,-0.37418208602305203,6.866857494870717,0.0
sha256:19c3ba96b1702f047910bbbce7058a4000ac8b2acafd113a3c36a35147dff201,sha256:7f31733ccb8418a19574c725e001a1f49cb7872aef8441a35e5bbe8d2dc2088b,PASS,64.0,1.0,5.115848635025225,-0.38348368403190314,6.884151364974775,0.0
sha256:19c3ba96b1702f047910bbbce7058a4000ac8b2acafd113a3c36a35147dff201,sha256:a7017731f109abb26ed9aeffa1c5730f63a0d579db763e23fbb688e83bbc0f8f,PASS,64.0,1.0,5.096691528483353,-0.38441394745402135,6.903308471516647,0.0
sha256:19c3ba96b1702f047910bbbce7058a4000ac8b2acafd113a3c36a35147dff201,sha256:ac796f9f88536bb823088d84a89683467534978f45472b79a20306cf6067f124,PASS,64.0,1.0,5.191312860540951,-0.36484720473210963,6.808687139459049,0.0
sha256:19c3ba96b1702f047910bbbce7058a4000ac8b2acafd113a3c36a35147dff201,sha256:bb3aa1421654799ab46a6ac4f60efc25977c0c8e7ef6b83d57308efe55be4d7a,PASS,64.0,1.0,5.1807564472749466,-0.36763367368653377,6.8192435527250534,0.0
sha256:19c3ba96b1702f047910bbbce7058a4000ac8b2acafd113a3c36a35147dff201,sha256:c0282b44491a09beaad8c3c2b149015de1ba6d3c852cc7a709dd9690acdded1e,PASS,64.0,1.0,5.048729077031093,-0.33126118356848,6.951270922968907,0.0
sha256:19c3ba96b1702f047910bbbce7058a4000ac8b2acafd113a3c36a35147dff201,sha256:e606ea0af5bd50748cf99cfdb6fef1718700d8adfcf208ab1b9fd3dfa54415ef,PASS,64.0,1.0,5.199449113393471,-0.3627759958843386,6.800550886606529,0.0
sha256:1aaa144cdc8cf40cab4b2ce0440457e245eb58744e457753a9a5b27a7fa67cd2,sha256:0db608e27d2e457a6a7d2dc775345ef176609a7480966621835bcb3624c7489e,PASS,64.0,1.0,3.8983380011136113,0.20824670789676603,8.671662846049838,34.0
sha256:1aaa144cdc8cf40cab4b2ce0440457e245eb58744e457753a9a5b27a7fa67cd2,sha256:0de10debe30c57574f883dcc763d5bd2eeae796fbbb3644c464864dc5bb73180,PASS,64.0,1.0,9.78133801608153,-0.21889196335942884,24.2348687451984,16.0
sha256:1aaa144cdc8cf40cab4b2ce0440457e245eb58744e457753a9a5b27a7fa67cd2,sha256:0e4b2b32055fbbb1d52a9a9fe6769c953a2d9622deaafed2127f738ac41bf7a5,PASS,64.0,1.0,11.19978202699761,-0.2987942878037,6.441975716688482,34.0
sha256:1aaa144cdc8cf40cab4b2ce0440457e245eb58744e457753a9a5b27a7fa67cd2,sha256:17774356707e5608f6b6604ae4b7ec7efc340204facd2b16c64ec3e99670d80f,PASS,64.0,1.0,12.35389778188334,-0.15537371194672467,9.83023498572851,34.0
sha256:1aaa144cdc8cf40cab4b2ce0440457e245eb58744e457753a9a5b27a7fa67cd2,sha256:18d9c56327e2ed0543b3e88a341f29174f2e556412ce641a3d5ec1ee8339a386,PASS,64.0,1.0,10.286265777886342,-0.16986567003279163,23.530353204830362,16.0
sha256:1aaa144cdc8cf40cab4b2ce0440457e245eb58744e457753a9a5b27a7fa67cd2,sha256:1e13cadb05108ced9da862b3c2a74824c6907d3cc0ce52124d9b77db6f73b78d,PASS,64.0,1.0,11.23130316838487,0.007565228623636955,22.42944534922008,16.0
sha256:1aaa144cdc8cf40cab4b2ce0440457e245eb58744e457753a9a5b27a7fa67cd2,sha256:234c5704ea561e245db51eaa795f849d82e8b5285346ec5255381f290e5b9dce,PASS,64.0,1.0,8.906762938051308,-0.2434403390336115,24.820135693717425,34.0
sha256:1aaa144cdc8cf40cab4b2ce0440457e245eb58744e457753a9a5b27a7fa67cd2,sha256:2d91b7fc4890593789fab1249881a4e7a127f3cc1f8c6181bffd69d576770627,PASS,64.0,1.0,4.89381057611681,0.03322689954465918,4.937355508844554,35.0
sha256:1aaa144cdc8cf40cab4b2ce0440457e245eb58744e457753a9a5b27a7fa67cd2,sha256:2fd42dd5d9eaa9950107d8aee5c9d04cf4675387036336ddbb5e5ba120a1cc58,PASS,64.0,1.0,9.250797996542637,-0.21136408687551622,24.37971511929353,34.0
sha256:1aaa144cdc8cf40cab4b2ce0440457e245eb58744e457753a9a5b27a7fa67cd2,sha256:328bcd85a515f0fe1a288374c030bfeec84d73d6fcabc98acb85f7555d092ed8,PASS,64.0,1.0,9.82098817434819,-0.23470853230351807,24.15321764000515,16.0
sha256:1aaa144cdc8cf40cab4b2ce0440457e245eb58744e457753a9a5b27a7fa67cd2,sha256:3358c4513cfcf757717873f65daa8fcdda16c8c1283cc7e01933df2eda140261,PASS,64.0,1.0,8.93205043388864,-0.2378192157851089,24.736476173493344,34.0
sha256:1aaa144cdc8cf40cab4b2ce0440457e245eb58744e457753a9a5b27a7fa67cd2,sha256:33bf2352cb729997eb1e224c987ffb44963d1c00d3a2b8d1c143f04815858c82,PASS,64.0,1.0,9.700106690939766,-0.24002371372184683,24.826954685415703,16.0
sha256:1aaa144cdc8cf40cab4b2ce0440457e245eb58744e457753a9a5b27a7fa67cd2,sha256:39d3e0f8b77a501fa6c5bd6a1e1047bbf49cf2d6cd3857653299fcb6fa14f50e,PASS,64.0,1.0,9.42405542870538,-0.24758994815499946,24.06108538161645,34.0
sha256:1aaa144cdc8cf40cab4b2ce0440457e245eb58744e457753a9a5b27a7fa67cd2,sha256:3e0563fd190217460677168774e530e5fb8865968399a9e7734a7980b088d26d,PASS,64.0,1.0,11.305999356949993,0.0232801591321099,22.337001159695273,16.0
sha256:1aaa144cdc8cf40cab4b2ce0440457e245eb58744e457753a9a5b27a7fa67cd2,sha256:42c94579d7aa48ab8a7b786ca8401b9566a16ba5b3babb50f7ffa2732548a3c2,PASS,64.0,1.0,9.029230088568962,-0.21499630646831136,24.616311559635268,34.0
sha256:1aaa144cdc8cf40cab4b2ce0440457e245eb58744e457753a9a5b27a7fa67cd2,sha256:4694b09f1511a1ea826a4f25fe2e43afd67e7d1b574ad876657ee683b1658b33,PASS,64.0,1.0,7.070357287150239,-0.2782528550109591,6.279641575185176,34.0
sha256:1aaa144cdc8cf40cab4b2ce0440457e245eb58744e457753a9a5b27a7fa67cd2,sha256:4aa3bb4d913b34bb11f76d09392251844d745f232db8aae9445df1d1ed45ab09,PASS,64.0,1.0,9.339287875440139,-0.22631380534528134,24.18801084455897,34.0
sha256:1aaa144cdc8cf40cab4b2ce0440457e245eb58744e457753a9a5b27a7fa67cd2,sha256:4acea7cf2d31c458964ec4bccd21fc2beecb47c2678316a2ee9fb3839a692967,PASS,64.0,1.0,11.044392016252043,-0.010745861799001943,22.634061287037444,16.0
sha256:1aaa144cdc8cf40cab4b2ce0440457e245eb58744e457753a9a5b27a7fa67cd2,sha256:4f5ce7cb43b2128f7355bde96fc8bdbcf4af8c25346c30994c2d4478cd339506,PASS,64.0,1.0,14.82461390065644,-0.3518389249982885,13.718608700486952,35.0
sha256:1aaa144cdc8cf40cab4b2ce0440457e245eb58744e457753a9a5b27a7fa67cd2,sha256:501805af24ef419edc6b4276c0540c65a562bdc4454801a4b3166da33039ec14,PASS,64.0,1.0,10.015637197336254,-0.23307946054536188,23.89821485999471,16.0
sha256:1aaa144cdc8cf40cab4b2ce0440457e245eb58744e457753a9a5b27a7fa67cd2,sha256:5470ecdd537f6179e669cca83dff4a6393b836588e4fd6078b5c37679a9983e6,PASS,64.0,1.0,10.55803290678174,-0.12256708218119172,23.207673602218584,16.0
sha256:1aaa144cdc8cf40cab4b2ce0440457e245eb58744e457753a9a5b27a7fa67cd2,sha256:58bef631d77947e481eff5c22530b803d82d1f7ba90972cff90ca140662adcf1,PASS,64.0,1.0,9.748689597484734,-0.21261093923619967,24.327838018268707,16.0
sha256:1aaa144cdc8cf40cab4b2ce0440457e245eb58744e457753a9a5b27a7fa67cd2,sha256:5b77dfe48a01b062eac8b5fc9122f9dc073b70c5cdd7db9f4855a6ac22f6d620,PASS,64.0,1.0,21.65720772326373,-0.7249747455846105,44.25444442910385,35.0
sha256:1aaa144cdc8cf40cab4b2ce0440457e245eb58744e457753a9a5b27a7fa67cd2,sha256:61c3281d95ff19949f54e782555a8ec468cb9b120f76b45c4a653ad63e8763db,PASS,64.0,1.0,9.010131302935166,-0.02186133796985157,7.37669857073414,34.0
sha256:1aaa144cdc8cf40cab4b2ce0440457e245eb58744e457753a9a5b27a7fa67cd2,sha256:61f5d47920150ed7855a4a1b55f48c72fca23fa5611315445b626ba56f7be6b3,PASS,64.0,1.0,9.269511115789765,-0.2121617585302964,24.352153595261047,34.0
sha256:1aaa144cdc8cf40cab4b2ce0440457e245eb58744e457753a9a5b27a7fa67cd2,sha256:62b617891515525be216d9f951b5f460c58a1ad3857f252d4fb41b59c056108f,PASS,64.0,1.0,10.701615376490977,-0.0935651480519546,23.046848923840145,16.0
sha256:1aaa144cdc8cf40cab4b2ce0440457e245eb58744e457753a9a5b27a7fa67cd2,sha256:63b23ec4ed73c01abc148ce56c97b33f0a90b0870050c06aa98d59a617d3a43c,PASS,64.0,1.0,9.759811497613068,-0.21341442637027797,24.305933228205678,16.0
sha256:1aaa144cdc8cf40cab4b2ce0440457e245eb58744e457753a9a5b27a7fa67cd2,sha256:6b26127b6862c917f65737edeffd5c796f113293bf3d50657d2e268c606e4126,PASS,64.0,1.0,21.45977215871418,-0.7517214574376965,51.740049043088085,35.0
sha256:1aaa144cdc8cf40cab4b2ce0440457e245eb58744e457753a9a5b27a7fa67cd2,sha256:6cb0a1c01ba1fdec2e71dda30f58e4c5999228cbdff9fbe2ffc22434f411b240,PASS,64.0,1.0,9.778623000451592,-0.21742594934702808,24.250767435473836,16.0
sha256:1aaa144cdc8cf40cab4b2ce0440457e245eb58744e457753a9a5b27a7fa67cd2,sha256:6e72104025a720410a0217324e22ced0bfc10d7d493b6ced6264f9afb6aaed55,PASS,64.0,1.0,10.201191443625714,-0.19019904710932423,23.632096654191688,16.0
sha256:1aaa144cdc8cf40cab4b2ce0440457e245eb58744e457753a9a5b27a7fa67cd2,sha256:6f09dde09eaed6178fee280be5241f24857c6790f3b2de489ef9430571f26b01,PASS,64.0,1.0,10.886485834490774,-0.051235643662682406,22.827158960057933,16.0
sha256:1aaa144cdc8cf40cab4b2ce0440457e245eb58744e457753a9a5b27a7fa67cd2,sha256:6f80e1099012cc5a8a389452a955191665d7f3940b4446b4eecf8defa7d01db0,PASS,64.0,1.0,8.890123704082658,-0.24317001906472413,24.809949037503376,34.0
sha256:1aaa144cdc8cf40cab4b2ce0440457e245eb58744e457753a9a5b27a7fa67cd2,sha256:79a3de8afae78c667313ad12f5c282eb719f6e046e7dec34ea260ccd30818400,PASS,64.0,1.0,5.477295088363315,-0.17400222849864022,4.894333953009442,35.0
sha256:1aaa144cdc8cf40cab4b2ce0440457e245eb58744e457753a9a5b27a7fa67cd2,sha256:80e67938fa41d8d5a3d1457d4bddf35106a3a99b5be38ae7f8363b49e7cd6477,PASS,64.0,1.0,9.376715889816246,-0.23938183702311022,24.77408079976273,16.0
sha256:1aaa144cdc8cf40cab4b2ce0440457e245eb58744e457753a9a5b27a7fa67cd2,sha256:86279b9dc9c3609f59bd6fa63cf9c65818dbe5ce50961f5e28c60dbaff67dc75,PASS,64.0,1.0,10.96391657546383,0.051673339364505466,22.19985045911883,34.0
sha256:1aaa144cdc8cf40cab4b2ce0440457e245eb58744e457753a9a5b27a7fa67cd2,sha256:88086edf8afde984a8c082c434edd00f92d74f31408e76fb145228fe50617ae5,PASS,64.0,1.0,9.472005012949655,-0.22080083163752207,24.645133076932108,16.0
sha256:1aaa144cdc8cf40cab4b2ce0440457e245eb58744e457753a9a5b27a7fa67cd2,sha256:8871e4dd9e76a1978107aeee50d8cdf473e21580aabdc326503d23cfd8260117,PASS,64.0,1.0,21.390525573976177,-0.7120867060287353,36.87543433851325,35.0
sha256:1aaa144cdc8cf40cab4b2ce0440457e245eb58744e457753a9a5b27a7fa67cd2,sha256:8b2ba6b01097c5a4f0406dc473ec6082a16a7cfc2656f51d1f337a701c2ea4e4,PASS,64.0,1.0,10.500308604541008,-0.035465219908790147,22.747803302584085,34.0
sha256:1aaa144cdc8cf40cab4b2ce0440457e245eb58744e457753a9a5b27a7fa67cd2,sha256:90526685e161f8fa285c81523f8ca1c5b0b6cc445a433334f6709aa0495bb22e,PASS,64.0,1.0,9.774421237126237,-0.21590182992632379,24.267672706546588,16.0
sha256:1aaa144cdc8cf40cab4b2ce0440457e245eb58744e457753a9a5b27a7fa67cd2,sha256:923499e84e033bbcf42cd79bf282cfdf32b3d411f7576356fc138cee4d1ac479,PASS,64.0,1.0,10.48911989635884,-0.12726781219604888,23.293702573684552,16.0
sha256:1aaa144cdc8cf40cab4b2ce0440457e245eb58744e457753a9a5b27a7fa67cd2,sha256:9ddd6223985e9dfc768501b7d311ab157c1648b18b128200efb98603c0d431d9,PASS,64.0,1.0,9.393422146189156,-0.23840742411176663,24.74746212449934,16.0
sha256:1aaa144cdc8cf40cab4b2ce0440457e245eb58744e457753a9a5b27a7fa67cd2,sha256:9fee59b7cadda1d2c67c243f318ea992bfedc3da03c37f6859b24f7dc1b86702,PASS,64.0,1.0,17.023363692691074,-0.44043854877685007,18.512651146624602,35.0
sha256:1aaa144cdc8cf40cab4b2ce0440457e245eb58744e457753a9a5b27a7fa67cd2,sha256:a7946ef97c884d8f61dab9da0999c1eef71e65bdce4a60f584f1ac02891ee036,PASS,64.0,1.0,8.93684902879529,-0.23726352609735812,24.725919876737866,34.0
sha256:1aaa144cdc8cf40cab4b2ce0440457e245eb58744e457753a9a5b27a7fa67cd2,sha256:b3f5fed1296e8098e245b90ba0f3b6990396e714db76e249024052c43e33d360,PASS,64.0,1.0,19.128692154261966,-0.52650194032881,23.959860865612793,34.0
sha256:1aaa144cdc8cf40cab4b2ce0440457e245eb58744e457753a9a5b27a7fa67cd2,sha256:b62757b08146a2374cf76dbf3fa144f036e2a70c08b575d0c2f938fa1d917d65,PASS,64.0,1.0,9.30473146875918,-0.21461230790474417,24.285700990291367,34.0
sha256:1aaa144cdc8cf40cab4b2ce0440457e245eb58744e457753a9a5b27a7fa67cd2,sha256:cc9c811c03caadb7ab4dcc2f9cbebdcdb1244b3b0264e9c9161f0a0f24495f50,PASS,64.0,1.0,10.142882704806105,-0.20320770850635483,23.706896479031073,16.0
sha256:1aaa144cdc8cf40cab4b2ce0440457e245eb58744e457753a9a5b27a7fa67cd2,sha256:ccabd9148ccb00dabbb4d8369395a6e85bcbcacc09262a4919c9a91d372be645,PASS,64.0,1.0,9.438341062960262,-0.22919055816582912,24.68438429213598,16.0
sha256:1aaa144cdc8cf40cab4b2ce0440457e245eb58744e457753a9a5b27a7fa67cd2,sha256:d7a848abc9b5f673f01ddf21115270158146673ed5ae33a965368910be7c29ff,PASS,64.0,1.0,9.584502525226256,-0.22535860169706368,23.856251470251806,34.0
sha256:1aaa144cdc8cf40cab4b2ce0440457e245eb58744e457753a9a5b27a7fa67cd2,sha256:dcfbb9e3232d1c9f736e7e1a5252cf3bbddc850a0a84fb4777ecfe3989862905,PASS,64.0,1.0,10.81318589161262,-0.07032375209399788,22.917917901777678,16.0
sha256:1aaa144cdc8cf40cab4b2ce0440457e245eb58744e457753a9a5b27a7fa67cd2,sha256:e01f46edd9ab9073969584415c88b08d974647acbf7d4a04298ea86d4539c051,PASS,64.0,1.0,9.512454231968281,-0.24597683595291997,23.95811477608827,34.0
sha256:1aaa144cdc8cf40cab4b2ce0440457e245eb58744e457753a9a5b27a7fa67cd2,sha256:e1582a0b9265388cbea640618412a1a0826a6bd9f986c7afe9dd9affe74170e2,PASS,64.0,1.0,9.321151594449521,-0.22106627201873863,24.219587440042606,34.0
sha256:1aaa144cdc8cf40cab4b2ce0440457e245eb58744e457753a9a5b27a7fa67cd2,sha256:e670dba08ddb1f85d237217d327100a00f3650aa98f07d12c6800240265fafd5,PASS,64.0,1.0,20.378274394776025,-0.5705814874065567,30.095625573171343,35.0
sha256:1aaa144cdc8cf40cab4b2ce0440457e245eb58744e457753a9a5b27a7fa67cd2,sha256:e915cc7f06e504e7dbe9b0c7013f68c606d8baba75a4f0f4f99977883ce46535,PASS,64.0,1.0,10.080881021155228,-0.21735458790080742,23.785216956395622,16.0
sha256:1aaa144cdc8cf40cab4b2ce0440457e245eb58744e457753a9a5b27a7fa67cd2,sha256:e95820443fef6ed6472ea9792a25421b9f65ba57daee5b3a078fb3210e03c4f9,PASS,64.0,1.0,10.913978194864821,0.03831968413634357,22.26672586493738,34.0
sha256:1aaa144cdc8cf40cab4b2ce0440457e245eb58744e457753a9a5b27a7fa67cd2,sha256:f0658f2c39f3c9e7d880cd1fae1a176077a8f386a42a5e2cd43173e24db64ebf,PASS,64.0,1.0,9.942747207487947,-0.14217920790433425,23.404132096314257,34.0
sha256:1aaa144cdc8cf40cab4b2ce0440457e245eb58744e457753a9a5b27a7fa67cd2,sha256:f22097794d2b131be8f7b52bb70db22eee562479cd9d312d8e7fde8dff5c5918,PASS,64.0,1.0,9.37041037728552,-0.2455124426012354,24.12905474510757,34.0
sha256:1aaa144cdc8cf40cab4b2ce0440457e245eb58744e457753a9a5b27a7fa67cd2,sha256:f850d2593fd31727403851d672dfac4646e2338f4b0c71718e80bfe1f172ceb0,PASS,64.0,1.0,9.661155120979725,-0.21146438005656876,24.442557368021777,16.0
sha256:1aaa144cdc8cf40cab4b2ce0440457e245eb58744e457753a9a5b27a7fa67cd2,sha256:f8f42eaad2af778f259d86cc88a2ef324031ff4d953b5d277e4476ca103bdd21,PASS,64.0,1.0,10.063210230657294,-0.22054637570552416,23.819016234250437,16.0
sha256:1aaa144cdc8cf40cab4b2ce0440457e245eb58744e457753a9a5b27a7fa67cd2,sha256:f9ac6b6f50e4718b5651f7f1e69c8c39918bd86747ed515a0f1bc32601473b31,PASS,64.0,1.0,9.433729202781024,-0.24352620426807547,24.833029755470065,16.0
sha256:1b38dfe1dd2690b17c5845dc0d41cf26511f63a6fd9412b810642e365802adc4,sha256:02c5d6785b0160c8011b43b44d42132f7932dec5619983e1dc262657966f5d4d,PASS,64.0,1.0,1.841198969451971,-0.003023531103796273,2.15880103054803,3.0
sha256:1b38dfe1dd2690b17c5845dc0d41cf26511f63a6fd9412b810642e365802adc4,sha256:1ea9157c35f8ef45f1fb33f842b4bfc26bb3dce84b5122628944a9822c996758,PASS,64.0,1.0,1.9972659251115346,-0.0006068556885141518,2.0027340748884663,3.0
sha256:1b38dfe1dd2690b17c5845dc0d41cf26511f63a6fd9412b810642e365802adc4,sha256:3fde4a60382a70130516c2cb12c558aaf597ac936f8f9a2317f667cb770dfa4d,PASS,64.0,1.0,1.8507762020840937,-0.0032489231290684373,2.1492237979159072,3.0
sha256:1b38dfe1dd2690b17c5845dc0d41cf26511f63a6fd9412b810642e365802adc4,sha256:47de682741abfdc8911ced099d9fb9bfe8849e85888ffb0c0ef045a5352ef338,PASS,64.0,1.0,1.8185292868191385,-0.00605418416461001,2.1814707131808624,3.0
sha256:1b38dfe1dd2690b17c5845dc0d41cf26511f63a6fd9412b810642e365802adc4,sha256:6bc97d0d24d72cab4cc4a8a845d127aec76ac62ccaac91f48fdcb83a8adf3ecb,PASS,64.0,1.0,1.8313687677712527,-0.009302479452021117,2.168631232228748,3.0
sha256:1b38dfe1dd2690b17c5845dc0d41cf26511f63a6fd9412b810642e365802adc4,sha256:98903cb61f26e2dc06ad307b1d336a383d2c87fbaf006129dbcbfb222935cb99,PASS,64.0,1.0,1.832229922709541,-0.0030904644233396006,2.16777007729046,3.0
sha256:1b38dfe1dd2690b17c5845dc0d41cf26511f63a6fd9412b810642e365802adc4,sha256:98c989e6968291349025ef41cbee00bf6a016ffe65904bbfd46eb3bb90ade644,PASS,64.0,1.0,1.8196938207427924,-0.00444384193236802,2.1803061792572085,3.0
sha256:1b38dfe1dd2690b17c5845dc0d41cf26511f63a6fd9412b810642e365802adc4,sha256:a2050aad88068eeb3c82b39a762d56b32db7a87b25a74be38851c3113b87a9bf,PASS,64.0,1.0,1.8246916620805118,-0.003500118644688577,2.175308337919489,3.0
sha256:1b38dfe1dd2690b17c5845dc0d41cf26511f63a6fd9412b810642e365802adc4,sha256:a96617f0b35586ee171c0bf133ca35902cd185235c01628ce8302fb1e06f24a7,PASS,64.0,1.0,1.860481236799013,-0.0035561654410649624,2.139518763200988,3.0
sha256:1b38dfe1dd2690b17c5845dc0d41cf26511f63a6fd9412b810642e365802adc4,sha256:b1117c6f4e693956a855b8f07e4a4422fc514c9425c4165e000cbb12fc85bc1e,PASS,64.0,1.0,0.8437294211915303,0.0,3.1562705788084706,0.0
sha256:1b38dfe1dd2690b17c5845dc0d41cf26511f63a6fd9412b810642e365802adc4,sha256:b5213c9cb9481cc5628db0076a570b2c12ff6e762c3c996398051613a59d365d,PASS,64.0,1.0,1.6867429526482107,0.07477146611656016,2.31325704735179,3.0
sha256:1b38dfe1dd2690b17c5845dc0d41cf26511f63a6fd9412b810642e365802adc4,sha256:c658675dd426723e48f0c5b74cff9c9b480e440e57255c14f1a1992b5b43033f,PASS,64.0,1.0,1.9214127368738718,-0.0027077047409957977,2.078587263126129,3.0
sha256:1b38dfe1dd2690b17c5845dc0d41cf26511f63a6fd9412b810642e365802adc4,sha256:da56a03d75f6849ecc454bb55b43f71d75fad73effd9fafeb9a259d41ea70546,PASS,64.0,1.0,2.0110120373965614,0.0010556788418789598,1.9889879626034392,3.0
sha256:1b38dfe1dd2690b17c5845dc0d41cf26511f63a6fd9412b810642e365802adc4,sha256:eb6c21952c7aed0e0a8ab45e7e8d1cf314aa6cb2f89079e8001619aa86709e48,PASS,64.0,1.0,1.8226139996719888,-0.007947658254553236,2.177386000328012,3.0
sha256:1b38dfe1dd2690b17c5845dc0d41cf26511f63a6fd9412b810642e365802adc4,sha256:ecf9c7d5ce87c5b87dfb47729d0ab3deb2c602755b9a3bdc32db735dc88900fc,PASS,64.0,1.0,1.8324126947775938,-0.010272064255007152,2.167587305222407,3.0
sha256:1b38dfe1dd2690b17c5845dc0d41cf26511f63a6fd9412b810642e365802adc4,sha256:f859683ce817666f891ef911bc396d2224d2b287287c49be557ff22bb3f65a86,PASS,64.0,1.0,1.9667723537180444,-0.0013768815100472231,2.0332276462819565,3.0
sha256:22af1782183a59cb9c7ceb95e41ac6227e1069d5774b9ec5848041809a646143,sha256:0c5eb493ff77714aeae5b721aee0e1f7960444a1d56757484c0b029b7d430886,PASS,64.0,1.0,13.843679906206882,-0.15466559755421017,8.156320093793118,1.0
sha256:22af1782183a59cb9c7ceb95e41ac6227e1069d5774b9ec5848041809a646143,sha256:283418d63defe5f42ff3be56e03f2ef632f0e684fbdbd6ce50cdfb3e58032fab,PASS,64.0,1.0,14.040451269489962,-0.12369284107371126,7.959548730510038,1.0
sha256:22af1782183a59cb9c7ceb95e41ac6227e1069d5774b9ec5848041809a646143,sha256:2fca8a20486fa1b1d6a8005af2531f15f76577dfb93e4531126e9f241c3d84c6,PASS,64.0,1.0,14.036328182901869,-0.12374476749278074,7.963671817098132,1.0
sha256:22af1782183a59cb9c7ceb95e41ac6227e1069d5774b9ec5848041809a646143,sha256:3713db92c275cfca2f97ba820364f2532eeb1be2549498aebc10b86e27b376b4,PASS,64.0,1.0,13.499458225236465,-0.16078225219926523,8.500541774763535,1.0
sha256:22af1782183a59cb9c7ceb95e41ac6227e1069d5774b9ec5848041809a646143,sha256:4baee6ac95ef28c9e81de9f334475de4de13b7adf1a83a3659cd4b5c85ed6062,PASS,64.0,1.0,13.940685378987052,-0.12689447676238874,8.059314621012948,1.0
sha256:22af1782183a59cb9c7ceb95e41ac6227e1069d5774b9ec5848041809a646143,sha256:65a7f8f5ee5b3c047d2317c685817cbbdae9778cd6d5bdc6b6fa6abf1d368328,PASS,64.0,1.0,14.006345790754363,-0.12468704622102766,7.993654209245637,1.0
sha256:22af1782183a59cb9c7ceb95e41ac6227e1069d5774b9ec5848041809a646143,sha256:6c3ea5842818bd2593e39d9999fb5286e2da46c9476ce794945d9a40d11f26d6,PASS,64.0,1.0,14.031487054469032,-0.123835950570232,7.968512945530968,1.0
sha256:22af1782183a59cb9c7ceb95e41ac6227e1069d5774b9ec5848041809a646143,sha256:acdf2849d4a4eafac8bf40f0a30f5b2154d2edfb7bbcff090e8aff1cd0baa5d2,PASS,64.0,1.0,13.639831369167412,-0.156248816969768,8.360168630832588,1.0
sha256:22af1782183a59cb9c7ceb95e41ac6227e1069d5774b9ec5848041809a646143,sha256:ceb144e07e889b3846c8d7a4206bec4b61c0763172e56ff8690898737e12f8d8,PASS,64.0,1.0,14.025697939106403,-0.12398604825882131,7.9743020608935975,1.0
sha256:22af1782183a59cb9c7ceb95e41ac6227e1069d5774b9ec5848041809a646143,sha256:eb22b7a0b6d83f2a17982b6c0c3eb8534d77f69ba0e09cb682efbfb0265db4c4,PASS,64.0,1.0,14.018681905165266,-0.12422031097197905,7.981318094834734,1.0
sha256:22af1782183a59cb9c7ceb95e41ac6227e1069d5774b9ec5848041809a646143,sha256:fee307e8af591840b59c1cfee788a849b0ec0dbbf3824c78ee04c32d99341e93,PASS,64.0,1.0,13.962265577988177,-0.15147409379905064,8.037734422011823,1.0
sha256:2535ad26710c031ab1827c61c902b08a37ff80f68a6e45abb36c2bc4904a1cb6,sha256:07b40788e35bac4e873dc045ceb401c2fff99df0ea151280a1e72e9648b9ea13,PASS,64.0,1.0,4.966332959486881,2.4868995751603507e-14,17.03366704051312,0.0
sha256:2535ad26710c031ab1827c61c902b08a37ff80f68a6e45abb36c2bc4904a1cb6,sha256:0b66ccc7ba2622963561ae0077fa04bcae314284f95305780fbc89f6d614a01c,PASS,64.0,1.0,4.990504949792506,1.7763568394002505e-14,17.009495050207494,0.0
sha256:2535ad26710c031ab1827c61c902b08a37ff80f68a6e45abb36c2bc4904a1cb6,sha256:26d5e7699e0f322797da51d0b5109959fc697810aec24cbd0f54946df5682082,PASS,64.0,1.0,0.0,0.0,22.0,0.0
sha256:2535ad26710c031ab1827c61c902b08a37ff80f68a6e45abb36c2bc4904a1cb6,sha256:7f318b2e5b11a7cc85d68348b23f9e913431753102c93e26c0d93e5ce64b71ac,PASS,64.0,1.0,4.931206561789626,-2.4868995751603507e-14,17.068793438210374,0.0
sha256:2535ad26710c031ab1827c61c902b08a37ff80f68a6e45abb36c2bc4904a1cb6,sha256:8f11ab2426532c2ccf843daa515c39a468f886610f6ee64c7a19c14da0f49c92,PASS,64.0,1.0,0.0,0.0,22.0,0.0
sha256:2535ad26710c031ab1827c61c902b08a37ff80f68a6e45abb36c2bc4904a1cb6,sha256:cc3d3bf5dcedc2d566ed9be0b2aba18d572a8feaa90f516c91139aae9f978131,PASS,64.0,1.0,5.003040063437883,3.197442310920451e-14,16.996959936562117,0.0
sha256:2535ad26710c031ab1827c61c902b08a37ff80f68a6e45abb36c2bc4904a1cb6,sha256:db2914352a12c792c61e0f882cf349750dc1d2f21a6bb1ff16ae479d426088d6,PASS,64.0,1.0,5.012007417693248,-1.7763568394002505e-14,16.987992582306752,0.0
sha256:25fe599dc22a1edc79d64db38d787481a8a0e7acd4a83b83b938ee3de35f633b,sha256:04aa723f51d7f7649769c754763e8cec8fbe8cbfb13875224924fe4774266c0e,PASS,64.0,1.0,6.275056764992284,-2.3092638912203256e-14,3.7249432350077183,1.0
sha256:25fe599dc22a1edc79d64db38d787481a8a0e7acd4a83b83b938ee3de35f633b,sha256:6a6cc66dd2ea90fae56cee82008848491c61f4256329bd833c811ef21c3de0cf,PASS,64.0,1.0,6.2599967749440655,-1.9539925233402755e-14,3.7400032250559363,1.0
sha256:25fe599dc22a1edc79d64db38d787481a8a0e7acd4a83b83b938ee3de35f633b,sha256:6eb9bb44af8943f1d19ff936c7b94eb2f06b5cfd4f442cab9320ad96e3d827de,PASS,64.0,1.0,6.271043352399953,2.842170943040401e-14,3.728956647600049,1.0
sha256:25fe599dc22a1edc79d64db38d787481a8a0e7acd4a83b83b938ee3de35f633b,sha256:7d277b28e36a81c4a4e9e165b84de4c57183b8cd4411b7374aa266b282d6b0b0,PASS,64.0,1.0,6.130414459484877,-3.241851231905457e-14,3.869585540515125,1.0
sha256:25fe599dc22a1edc79d64db38d787481a8a0e7acd4a83b83b938ee3de35f633b,sha256:857efbd9fe0e4c0ba5c751dbc0ace7ce1767f6abf92831e1bae42b3e5986a1d5,PASS,64.0,1.0,6.25263728992493,-2.6645352591003757e-15,3.747362710075072,1.0
sha256:25fe599dc22a1edc79d64db38d787481a8a0e7acd4a83b83b938ee3de35f633b,sha256:9579eb318bb288e20c5921e3a36d5c10054d937d7187177d850a1a2308d8e396,PASS,64.0,1.0,6.243425536326344,-1.9539925233402755e-14,3.7565744636736587,1.0
sha256:25fe599dc22a1edc79d64db38d787481a8a0e7acd4a83b83b938ee3de35f633b,sha256:9a98230ba9bd51b73d5b64a5285b190036f6a849a9c783fa7d5232477d01acbc,PASS,64.0,1.0,11.339327193362216,-0.2533271693166981,23.228996081482798,1.0
sha256:25fe599dc22a1edc79d64db38d787481a8a0e7acd4a83b83b938ee3de35f633b,sha256:9dcafa0c6501d586b849aa42bbe95bf038ef12c99e0875d8072489d1644d24d1,PASS,64.0,1.0,6.266095647262196,2.042810365310288e-14,3.733904352737806,1.0
sha256:25fe599dc22a1edc79d64db38d787481a8a0e7acd4a83b83b938ee3de35f633b,sha256:e007818505210cb598d8cf2e737d98daaefeb51022a570a4eeb58829fee9f3af,PASS,64.0,1.0,6.230702611990367,-2.6201263381153694e-14,3.769297388009635,1.0
sha256:29a423c8c4fc9dc08eabb584988d1d942c78c6f372c39e98876f9af82ccebba4,sha256:1dcce6229d2009f29ec7dc5cbfaee57742329d737814e4a9c5650eb88fae5f6a,PASS,64.0,1.0,0.6958246472474019,0.005264199010291293,1.304175352752598,1.0
sha256:29a423c8c4fc9dc08eabb584988d1d942c78c6f372c39e98876f9af82ccebba4,sha256:262660f21dad9d629176ca91cb8bf6812cd6dc99fe4371f96631bf23e6681251,PASS,64.0,1.0,0.7205621636105113,0.005115327454022767,1.2794378363894887,1.0
sha256:29a423c8c4fc9dc08eabb584988d1d942c78c6f372c39e98876f9af82ccebba4,sha256:3da13c5b9a0217543efce29defdd2fee9af745996141bf361d4ab219cf6580ae,PASS,64.0,1.0,0.702375852533069,0.005289415664993857,1.297624147466931,1.0
sha256:29a423c8c4fc9dc08eabb584988d1d942c78c6f372c39e98876f9af82ccebba4,sha256:415d06e71dbb6c1d5fc8bd3633eea4cf7ecc690f5b041bb4f2df9a71aff12fd4,PASS,64.0,1.0,0.6845282946534277,0.003696626278004933,1.3154717053465723,1.0
sha256:29a423c8c4fc9dc08eabb584988d1d942c78c6f372c39e98876f9af82ccebba4,sha256:4a7fbacb8269861d8b09e1d1580ec6df72047558b5173490ed50631adb522c53,PASS,64.0,1.0,0.6877949045085923,0.00420749040267121,1.3122050954914077,1.0
sha256:29a423c8c4fc9dc08eabb584988d1d942c78c6f372c39e98876f9af82ccebba4,sha256:7566ab9ee4bcf23d3a993a6fbc604032144ce77f3c8a4814b259ac60914f0d48,PASS,64.0,1.0,0.7273575522385689,0.010387073979424066,1.272642447761431,1.0
sha256:29a423c8c4fc9dc08eabb584988d1d942c78c6f372c39e98876f9af82ccebba4,sha256:79f2cc65eff4d18f52df185eb8cabec3410fba60b72edb86f25dd81a5f06fba6,PASS,64.0,1.0,0.7112068547626829,0.004903742962601987,1.2887931452373171,1.0
sha256:29a423c8c4fc9dc08eabb584988d1d942c78c6f372c39e98876f9af82ccebba4,sha256:b709a31ed7e6c4c846f83841109901b24c41f2c1899dbb40c2417c45684bca08,PASS,64.0,1.0,0.44872300286320344,-1.1102230246251565e-15,1.5512769971367966,1.0
sha256:29a423c8c4fc9dc08eabb584988d1d942c78c6f372c39e98876f9af82ccebba4,sha256:ba9b2ba9106af1b7a1a629931820a0004b58e57bf5ef046225219a0df62e5744,PASS,64.0,1.0,0.685493341119096,0.0036782571568954037,1.314506658880904,1.0
sha256:29a423c8c4fc9dc08eabb584988d1d942c78c6f372c39e98876f9af82ccebba4,sha256:dafdc1cdb946322b5cfdfbb5d53d3801bb66376c3e6e3d0cada02d5ce9394751,PASS,64.0,1.0,0.6889103362138043,0.004969392755007185,1.3110896637861957,1.0
sha256:29a423c8c4fc9dc08eabb584988d1d942c78c6f372c39e98876f9af82ccebba4,sha256:f8d8995f0b83bfcb6d44f9924df1bd97d95771e2c8f92acd1b5bc2530e7bfcb5,PASS,64.0,1.0,0.6856646367319601,0.004473271729531714,1.31433536326804,1.0
sha256:2b04686f26ff3a5ef1f854cfa1f27a54eb3ad1fc242885b0aa9f8ed70f856335,sha256:0aa31a90f921c1c3c11cf3823184a4e2aa9c109dbd04cfcc8ccca870f5e390e1,PASS,64.0,1.0,1.3259628983978105,0.0656710265266578,1.047414222869206,50.0
sha256:2b04686f26ff3a5ef1f854cfa1f27a54eb3ad1fc242885b0aa9f8ed70f856335,sha256:0f7396b7dee206d34005c8e304036b344538fd0f4564b33d73d53b0bfbd69bb1,PASS,64.0,1.0,1.355037084211409,0.06484811047344619,1.0442585952818881,4.0
sha256:2b04686f26ff3a5ef1f854cfa1f27a54eb3ad1fc242885b0aa9f8ed70f856335,sha256:0fc7f2051616fdd479ee399d934b0e1b77ebb3b8e5676edb6ff6511b7a079325,PASS,64.0,1.0,1.302690461872104,0.06959548395002058,1.051267467762793,50.0
sha256:2b04686f26ff3a5ef1f854cfa1f27a54eb3ad1fc242885b0aa9f8ed70f856335,sha256:1af59ae66d7643f09388a3289ba413350d16ee30758e4e9cbbd652c33aff8b5b,PASS,64.0,1.0,-1.8914401294125112,0.011324328369455294,7.460823804126471,50.0
sha256:2b04686f26ff3a5ef1f854cfa1f27a54eb3ad1fc242885b0aa9f8ed70f856335,sha256:272b3e6251b929f9e92a716be04fb41728b4563a6044acccc30ab519576a60fc,PASS,64.0,1.0,1.3688616099715853,0.06105852997345251,1.0491074221634895,4.0
sha256:2b04686f26ff3a5ef1f854cfa1f27a54eb3ad1fc242885b0aa9f8ed70f856335,sha256:42838f30cdf3425df3f894136ec0757b7e44707348fde3e5b8af508ebe8d3f91,PASS,64.0,1.0,1.2067818183170378,0.06725804642740929,1.0472727045966448,58.0
sha256:2b04686f26ff3a5ef1f854cfa1f27a54eb3ad1fc242885b0aa9f8ed70f856335,sha256:5c3ed72cdb89981cbe42e42b901f02388a247d2d620ff5ad5259a43ebd585ba1,PASS,64.0,1.0,1.3743314752289655,0.060932011707955036,0.9964719396049857,4.0
sha256:2b04686f26ff3a5ef1f854cfa1f27a54eb3ad1fc242885b0aa9f8ed70f856335,sha256:6f51c393d1c4d364011ac87d95aaefeb816263530ea560dcca48d38af133e74b,PASS,64.0,1.0,1.3553123912755927,0.06300726357400488,1.0330029511244436,4.0
sha256:2b04686f26ff3a5ef1f854cfa1f27a54eb3ad1fc242885b0aa9f8ed70f856335,sha256:8a65ad71049ba2895446d18ba6f324032ed33133e075e576c3861ae44ab04d5b,PASS,64.0,1.0,-2.3344089907299495,-0.07523864072029163,12.153536932412841,50.0
sha256:2b04686f26ff3a5ef1f854cfa1f27a54eb3ad1fc242885b0aa9f8ed70f856335,sha256:90f8dc289fd076205d2ab3531430cf20543dbb57ff3d5b5171a984a99b32cdf3,PASS,64.0,1.0,1.3543911636288584,0.06149433336472376,1.011086609209088,50.0
sha256:2b04686f26ff3a5ef1f854cfa1f27a54eb3ad1fc242885b0aa9f8ed70f856335,sha256:9db1b1a447b3de7b4dcfb86f165b01b73d86633dd6f302e24ca03c4270920082,PASS,64.0,1.0,-1.2370210139345432,0.03423431361753004,1.6599567848068428,50.0
sha256:2b04686f26ff3a5ef1f854cfa1f27a54eb3ad1fc242885b0aa9f8ed70f856335,sha256:aff23a0968466ff3f30f7b2fdef49d083e2b0ac0d4ff0d42cdfc1c0564317140,PASS,64.0,1.0,-2.7505647481131383,-0.1238357761017923,17.495070417837074,59.0
sha256:2b04686f26ff3a5ef1f854cfa1f27a54eb3ad1fc242885b0aa9f8ed70f856335,sha256:b6fcf74051dff12e707bf16d1517834676fde618e1ab3b2b4078aa6c25f0ab71,PASS,64.0,1.0,1.3544694607298635,0.05753091391971843,1.017443803595449,50.0
sha256:2b04686f26ff3a5ef1f854cfa1f27a54eb3ad1fc242885b0aa9f8ed70f856335,sha256:b8a0df04a2482d4236b7b34f6fe6c3ffe7c406c3d6ce2ce14f9749245b2ed57b,PASS,64.0,1.0,1.3316798239266319,0.06927678346538957,1.0261154130119772,50.0
sha256:2b04686f26ff3a5ef1f854cfa1f27a54eb3ad1fc242885b0aa9f8ed70f856335,sha256:b9edd7aed6155117b7d1d4dbe51f93faf9d4ad596c70640c7cb9f4b25558ad7b,PASS,64.0,1.0,1.3546367308143583,0.02603083475767365,1.0104452869708982,50.0
sha256:2b04686f26ff3a5ef1f854cfa1f27a54eb3ad1fc242885b0aa9f8ed70f856335,sha256:c0bc92863525a3bf609552e6c7fde2ea9c4591eb9d61acf0bf24ad19c8a12ed8,PASS,64.0,1.0,1.299317405721256,0.06390318040780318,1.061719783610846,50.0
sha256:2b04686f26ff3a5ef1f854cfa1f27a54eb3ad1fc242885b0aa9f8ed70f856335,sha256:c93e1d8e3bd5673b59db0beaae817367769fc8a668b9cc7a4636aade9186f638,PASS,64.0,1.0,-1.2587053111405426,0.07218694002033077,3.5609587398196876,50.0
sha256:2b04686f26ff3a5ef1f854cfa1f27a54eb3ad1fc242885b0aa9f8ed70f856335,sha256:c9e820c3e10837f8e033400984fa390b7fb588b856ff2529cf0a5c841e79ea97,PASS,64.0,1.0,1.3603159093196633,0.05933762769611994,1.0365672148218545,4.0
sha256:2b04686f26ff3a5ef1f854cfa1f27a54eb3ad1fc242885b0aa9f8ed70f856335,sha256:d7612b828d01caa2586174a53a53e0a89085d1fe89cf9e28825a39e6576153c3,PASS,64.0,1.0,1.2080982534984643,0.06510490434413163,1.0470845803326527,58.0
sha256:2b04686f26ff3a5ef1f854cfa1f27a54eb3ad1fc242885b0aa9f8ed70f856335,sha256:dd82fc4d530aa1f427d8d5d94d8701c5d690076e47b116f28b97cff92762a231,PASS,64.0,1.0,1.2196652849912892,0.06988451355880798,1.0340959260434448,58.0
sha256:2b04686f26ff3a5ef1f854cfa1f27a54eb3ad1fc242885b0aa9f8ed70f856335,sha256:e57955909b662133ad1da322e1b971e3a0e33f0f5a4c7958f3ffb24088b4b885,PASS,64.0,1.0,1.28157096427002,0.06086727753447274,1.078506354647111,50.0
sha256:2b04686f26ff3a5ef1f854cfa1f27a54eb3ad1fc242885b0aa9f8ed70f856335,sha256:ea43ae4783ccf1d0192915c12eb043edf1d7da6fe5ad61d1e9e2d2325e5331da,PASS,64.0,1.0,1.3527746037948774,0.06870892077863422,1.0231926721592974,4.0
sha256:2b04686f26ff3a5ef1f854cfa1f27a54eb3ad1fc242885b0aa9f8ed70f856335,sha256:f33b2baebed20c1ce3fd06b016963ed97868672866906edfe44a0c50069e0b48,PASS,64.0,1.0,1.2972310431935852,0.0707988840056839,1.059265308687328,50.0
sha256:2b04686f26ff3a5ef1f854cfa1f27a54eb3ad1fc242885b0aa9f8ed70f856335,sha256:f49bdfa5b99e1623ebc0731e1b898eb92f3acfc05a76ba498ef8aca379700c6e,PASS,64.0,1.0,-1.6122374104402106,0.059029949084226985,3.819057857747768,50.0
sha256:2b04686f26ff3a5ef1f854cfa1f27a54eb3ad1fc242885b0aa9f8ed70f856335,sha256:fae20304388f6481331f1028c2b50affa4455d1eeebeff88c140e99324d1e1bb,PASS,64.0,1.0,1.1994606024095607,0.0666719154488229,1.0548747600407888,58.0
sha256:2f88de8e2dfd4dd93b29ae1d50513fed3ef3d03131015ee83f0b2c5a4f8b85f1,sha256:0096f781a9a14aef0a4a814b63205df55cc082f28bd99a851c38be8abb619496,PASS,64.0,1.0,-0.571795770176365,0.0014774586115267052,0.571795770176365,0.0
sha256:2f88de8e2dfd4dd93b29ae1d50513fed3ef3d03131015ee83f0b2c5a4f8b85f1,sha256:0973a2858f880188b808c4e2e4779c3e1ba3c1ee01b8ad660d0f736b5604865b,PASS,64.0,1.0,-1.370853784017041,0.00048593100999072547,1.370853784017041,0.0
sha256:2f88de8e2dfd4dd93b29ae1d50513fed3ef3d03131015ee83f0b2c5a4f8b85f1,sha256:0bae40cfecad500a832aad9152a8ed330e78395010a9ad57f571abe78c764f6a,PASS,64.0,1.0,-0.6389279488176796,0.027355616620043266,0.6389279488176796,0.0
sha256:2f88de8e2dfd4dd93b29ae1d50513fed3ef3d03131015ee83f0b2c5a4f8b85f1,sha256:0f64e37ca753f41a4e05a17065c117088ac0495fa5a88eed03b50925315ce31c,PASS,64.0,1.0,-0.7472826214836057,0.001012907670170371,0.7472826214836057,0.0
sha256:2f88de8e2dfd4dd93b29ae1d50513fed3ef3d03131015ee83f0b2c5a4f8b85f1,sha256:123a999644514df30801fbbabeb89cd45fdbcd787aeb7f57eda9dc4b9a519d8d,PASS,64.0,1.0,-1.6920406246964494,6.439293542825908e-15,1.6920406246964494,0.0
sha256:2f88de8e2dfd4dd93b29ae1d50513fed3ef3d03131015ee83f0b2c5a4f8b85f1,sha256:277da4b5c45313e32b4c775193c1aac77e09d0cc61911791038f5bc5d2f0517f,PASS,64.0,1.0,-1.478614678562971,0.021289374333388622,1.478614678562971,0.0
sha256:2f88de8e2dfd4dd93b29ae1d50513fed3ef3d03131015ee83f0b2c5a4f8b85f1,sha256:2790e3ccd5b6e206c28437a4331435153b9a414bee2f57bc7ea21c970ab61cb7,PASS,64.0,1.0,-1.3250736239432626,-1.4654943925052066e-14,1.3250736239432626,0.0
sha256:2f88de8e2dfd4dd93b29ae1d50513fed3ef3d03131015ee83f0b2c5a4f8b85f1,sha256:2af99e72fc1e181cd22d038ec38def67b60e06dd3ec10d12a35ff457efe011a8,PASS,64.0,1.0,-0.5538455072157865,-0.01053610101136826,0.5538455072157865,0.0
sha256:2f88de8e2dfd4dd93b29ae1d50513fed3ef3d03131015ee83f0b2c5a4f8b85f1,sha256:2b0bcf3796d13e689870213c2a4d10b70378b433f4605a5d358ef20d0b1a9abe,PASS,64.0,1.0,3.7869799632254235,-0.3942202220831206,11.548700904376114,4.0
sha256:2f88de8e2dfd4dd93b29ae1d50513fed3ef3d03131015ee83f0b2c5a4f8b85f1,sha256:2f13a1cb9a28f057ebd01fa5d4e56f4d088cc2dc0b12242eb09fafb13bf8898c,PASS,64.0,1.0,-0.5139424595297905,-0.007295659561528334,0.5139424595297905,0.0
sha256:2f88de8e2dfd4dd93b29ae1d50513fed3ef3d03131015ee83f0b2c5a4f8b85f1,sha256:317bcd3ff1b7856f604eb4ecce28b19fab9aa6bb9d71a28fd2fab607552e0456,PASS,64.0,1.0,-1.4615170106828907,0.015613141133268726,1.4615170106828907,0.0
sha256:2f88de8e2dfd4dd93b29ae1d50513fed3ef3d03131015ee83f0b2c5a4f8b85f1,sha256:351cb6e624df7f82a9e66dcff5548de68483a5111096114be02bf3ada3ee14e2,PASS,64.0,1.0,-0.508288639204838,0.0033745720244648947,0.508288639204838,0.0
sha256:2f88de8e2dfd4dd93b29ae1d50513fed3ef3d03131015ee83f0b2c5a4f8b85f1,sha256:3964ad85806ba13594f49f24fc680d062e097555a86297e95f62c9d7744e950b,PASS,64.0,1.0,-1.5145735942616656,-2.398081733190338e-14,1.5145735942616656,0.0
sha256:2f88de8e2dfd4dd93b29ae1d50513fed3ef3d03131015ee83f0b2c5a4f8b85f1,sha256:3a132dc34f327c2c4eb969950f0f3fe93427782683abc9fbed45506904d23a73,PASS,64.0,1.0,-0.4873456869471937,0.005383884049667387,0.4873456869471937,0.0
sha256:2f88de8e2dfd4dd93b29ae1d50513fed3ef3d03131015ee83f0b2c5a4f8b85f1,sha256:3ac029585685d7cfbe9c58d355fe708a87df879580fd29e659c685e3e0a32b52,PASS,64.0,1.0,-0.8134432506708255,0.05056873024324482,0.8134432506708255,0.0
sha256:2f88de8e2dfd4dd93b29ae1d50513fed3ef3d03131015ee83f0b2c5a4f8b85f1,sha256:3ac304c34b9bd0c985c24836e72fc4a3aac9703a16be1d1cfd081473f98bd4fd,PASS,64.0,1.0,-0.7598366916391435,0.020284040620368593,0.7598366916391435,0.0
sha256:2f88de8e2dfd4dd93b29ae1d50513fed3ef3d03131015ee83f0b2c5a4f8b85f1,sha256:4062457572cc09892704ac4ccc397a5d4af5487bf012b4a7402564ddf9dbf972,PASS,64.0,1.0,-1.0274217940193902,0.0397684601038093,1.0274217940193902,0.0
sha256:2f88de8e2dfd4dd93b29ae1d50513fed3ef3d03131015ee83f0b2c5a4f8b85f1,sha256:410e4655094e6e02fdc5bcbc033b98a3ab5370657856ad2a8bb50860944ca910,PASS,64.0,1.0,-0.46737059360408056,-0.0017897445054399497,0.46737059360408056,0.0
sha256:2f88de8e2dfd4dd93b29ae1d50513fed3ef3d03131015ee83f0b2c5a4f8b85f1,sha256:44677b827c584bc54fcae8f00b531ffd605b244461f3a8a9d826dc0317f47e69,PASS,64.0,1.0,-0.7230944536983488,0.015335836244361412,0.7230944536983488,0.0
sha256:2f88de8e2dfd4dd93b29ae1d50513fed3ef3d03131015ee83f0b2c5a4f8b85f1,sha256:44e5ce53664ddec0dc499ae568c70cffec2bdd54132d610c0da34f69071129ec,PASS,64.0,1.0,-0.9810478008090971,2.7755575615628914e-15,0.9810478008090971,0.0
sha256:2f88de8e2dfd4dd93b29ae1d50513fed3ef3d03131015ee83f0b2c5a4f8b85f1,sha256:48a7661da39df8f829c32b3fd83fe39b4c0709d6d6761e9a3e3c692d37649a2f,PASS,64.0,1.0,-1.107966491702566,1.5987211554602254e-14,1.107966491702566,0.0
sha256:2f88de8e2dfd4dd93b29ae1d50513fed3ef3d03131015ee83f0b2c5a4f8b85f1,sha256:49b7f46a0a1687cbef0e13b713d6d2ec1cf20239c83f2a8187db0bf36a7e9629,PASS,64.0,1.0,-0.7261503424560023,0.01951774389963623,0.7261503424560023,0.0
sha256:2f88de8e2dfd4dd93b29ae1d50513fed3ef3d03131015ee83f0b2c5a4f8b85f1,sha256:4adbe96450f8dda1c13d0297e821aeb24e0c1a234bd3abbe954c927f13404649,PASS,64.0,1.0,-0.49966575514790657,0.011122021806562854,0.49966575514790657,0.0
sha256:2f88de8e2dfd4dd93b29ae1d50513fed3ef3d03131015ee83f0b2c5a4f8b85f1,sha256:513e277bd730cf6ec483574200bd00eedd45e82d3a6947f59e1bcf4462336f92,PASS,64.0,1.0,-1.4055097878498568,0.002509575515332152,1.4055097878498568,0.0
sha256:2f88de8e2dfd4dd93b29ae1d50513fed3ef3d03131015ee83f0b2c5a4f8b85f1,sha256:58eced24ced63208b2c89840d8a1603de140d3e545a386a97a080e03d0dceb23,PASS,64.0,1.0,-0.610370814757899,0.019735159806655966,0.610370814757899,0.0
sha256:2f88de8e2dfd4dd93b29ae1d50513fed3ef3d03131015ee83f0b2c5a4f8b85f1,sha256:5e17e5ba71798726db737c5e7214fca6f7b242d1b00026b9c1501d61316124ad,PASS,64.0,1.0,-0.6803884951828513,0.01617047852161735,0.6803884951828513,0.0
sha256:2f88de8e2dfd4dd93b29ae1d50513fed3ef3d03131015ee83f0b2c5a4f8b85f1,sha256:648daf0cc826e7365ea10f8414fab0c98ac61e949b76b68833837b154a9561a1,PASS,64.0,1.0,-0.7967612179981027,0.015339303459206532,0.7967612179981027,0.0
sha256:2f88de8e2dfd4dd93b29ae1d50513fed3ef3d03131015ee83f0b2c5a4f8b85f1,sha256:652afe99bf8cb8f8008c7edfab3feca939bb9f2bf57fdb7b28161facf6ccd8c8,PASS,64.0,1.0,-0.5018806679073198,0.008070243661441712,0.5018806679073198,0.0
sha256:2f88de8e2dfd4dd93b29ae1d50513fed3ef3d03131015ee83f0b2c5a4f8b85f1,sha256:744d257d8bf3b799dfbcac9e24cbcd14be00165c47e08608dbdaa0522beabac2,PASS,64.0,1.0,-1.3054898668272708,-0.003812579512146863,1.3054898668272708,0.0
sha256:2f88de8e2dfd4dd93b29ae1d50513fed3ef3d03131015ee83f0b2c5a4f8b85f1,sha256:75a8c43236c5be136fd176ae1eff2ee45ab625ccefec47c4e93d3f7ed805e749,PASS,64.0,1.0,-0.8031231997622456,0.05328178229306968,0.8031231997622456,0.0
sha256:2f88de8e2dfd4dd93b29ae1d50513fed3ef3d03131015ee83f0b2c5a4f8b85f1,sha256:7b08ed8d7c9a37e3356a1e8cc392e64899fb2fdb4a4676d89c7025ef41100a09,PASS,64.0,1.0,-0.5391250992625559,-0.010303313785974377,0.5391250992625559,0.0
sha256:2f88de8e2dfd4dd93b29ae1d50513fed3ef3d03131015ee83f0b2c5a4f8b85f1,sha256:811cdc94b4cd2011cd9ff407e795d505bd6771cd954d61f2d48859aa3365ef1c,PASS,64.0,1.0,-1.1803945944159633,-6.661338147750939e-15,1.1803945944159633,0.0
sha256:2f88de8e2dfd4dd93b29ae1d50513fed3ef3d03131015ee83f0b2c5a4f8b85f1,sha256:82392c91af1578bf6afee8af8b813e23092209c95ec8121884c5878a0fa1258c,PASS,64.0,1.0,-0.8267293050492528,0.05773893856092216,0.8267293050492528,0.0
sha256:2f88de8e2dfd4dd93b29ae1d50513fed3ef3d03131015ee83f0b2c5a4f8b85f1,sha256:8263330d61c9fbb6cb49edb63e3fbb130bf77391b5d2e12a01116e0df548b8b9,PASS,64.0,1.0,-0.600235260299892,0.01791006296696651,0.600235260299892,0.0
sha256:2f88de8e2dfd4dd93b29ae1d50513fed3ef3d03131015ee83f0b2c5a4f8b85f1,sha256:8307c5f396352c8ccb31a3491f5912efd1ce467a206fd3d76abfed3ccc1ab53d,PASS,64.0,1.0,-0.014318152892001595,-4.163336342344337e-17,0.014318152892001595,0.0
sha256:2f88de8e2dfd4dd93b29ae1d50513fed3ef3d03131015ee83f0b2c5a4f8b85f1,sha256:86a35555be922e59eb79e1806e4276d07102bed1666578e5cb10b4dcbe1195dc,PASS,64.0,1.0,-0.5774823157350426,0.012278783378996239,0.5774823157350426,0.0
sha256:2f88de8e2dfd4dd93b29ae1d50513fed3ef3d03131015ee83f0b2c5a4f8b85f1,sha256:876fc95ad45129af6283bd5b31f237fd01aa03e58f6d60684a69e61988bb7ba3,PASS,64.0,1.0,-0.47257126551010625,0.000253153899161751,0.47257126551010625,0.0
sha256:2f88de8e2dfd4dd93b29ae1d50513fed3ef3d03131015ee83f0b2c5a4f8b85f1,sha256:88eaacc11528dae01e43e5730de20aa2e7303c76545266a9f23864d0ffd656af,PASS,64.0,1.0,-1.5776717494206614,-1.2212453270876722e-14,1.5776717494206614,0.0
sha256:2f88de8e2dfd4dd93b29ae1d50513fed3ef3d03131015ee83f0b2c5a4f8b85f1,sha256:8ae3d9bd3ad16336a952b481391da14ac4911ab45d903e548030294eea7949db,PASS,64.0,1.0,-1.0858982549798881,0.04274279306916129,1.0858982549798881,0.0
sha256:2f88de8e2dfd4dd93b29ae1d50513fed3ef3d03131015ee83f0b2c5a4f8b85f1,sha256:8b11feb131d489eb70e7c3c7474842d77bd32425e84a2129d3c867ef812d6c95,PASS,64.0,1.0,-0.7117502729631984,0.015242420828837533,0.7117502729631984,0.0
sha256:2f88de8e2dfd4dd93b29ae1d50513fed3ef3d03131015ee83f0b2c5a4f8b85f1,sha256:90f39a26d920fe66d44ff38a80df0a5c8564d4f5d5a629010f07c6f9323ceddf,PASS,64.0,1.0,-0.9628226592727538,0.04640572810237176,0.9628226592727538,0.0
sha256:2f88de8e2dfd4dd93b29ae1d50513fed3ef3d03131015ee83f0b2c5a4f8b85f1,sha256:91963c0ee775f9ac87545fb86b689311974c18f11eae4cd3568aff049cb6694d,PASS,64.0,1.0,-0.44987504856081345,0.006034894991000794,0.44987504856081345,0.0
sha256:2f88de8e2dfd4dd93b29ae1d50513fed3ef3d03131015ee83f0b2c5a4f8b85f1,sha256:92547bf5f1ab4c9de1584de82a64a43e0da2360433f74ba8cf1b410122d86405,PASS,64.0,1.0,-0.6182471989368208,-0.0043342836521848005,0.6182471989368208,0.0
sha256:2f88de8e2dfd4dd93b29ae1d50513fed3ef3d03131015ee83f0b2c5a4f8b85f1,sha256:926e93b6aca27c5cf2440f16f75b02988726ae6a36a6535243b2de7ce5a14194,PASS,64.0,1.0,-1.1584779638575053,0.013316997680183684,1.1584779638575053,0.0
sha256:2f88de8e2dfd4dd93b29ae1d50513fed3ef3d03131015ee83f0b2c5a4f8b85f1,sha256:982b49c29cee3170783905f0bb4f8f61b065866fde5a98abc7be16bc8297216f,PASS,64.0,1.0,-0.5162754723596542,0.00846822873013231,0.5162754723596542,0.0
sha256:2f88de8e2dfd4dd93b29ae1d50513fed3ef3d03131015ee83f0b2c5a4f8b85f1,sha256:98d4fd7342f61ef873020040ea02a84a3c6a6aad5702d3a6bf3ae2ea8e330598,PASS,64.0,1.0,-0.9829793873028814,0.03274114497264491,0.9829793873028814,0.0
sha256:2f88de8e2dfd4dd93b29ae1d50513fed3ef3d03131015ee83f0b2c5a4f8b85f1,sha256:a307a86aa599431214b10740484aa0857c6d8f7a0e4f5b3f34e377a4cfd5590d,PASS,64.0,1.0,-0.4345275961592888,-0.007477378007048174,0.4345275961592888,0.0
sha256:2f88de8e2dfd4dd93b29ae1d50513fed3ef3d03131015ee83f0b2c5a4f8b85f1,sha256:a93da2d5330b7d891e971225f7309e729c3bffce863c9e748df4bfb8b90b7c8e,PASS,64.0,1.0,-0.6117103564096323,0.025851540963476416,0.6117103564096323,0.0
sha256:2f88de8e2dfd4dd93b29ae1d50513fed3ef3d03131015ee83f0b2c5a4f8b85f1,sha256:a9487e3a44abafffa144bb5802a64ca08df1521e6714fc48b8c82aaa8bf02ed2,PASS,64.0,1.0,-0.8757149495954428,0.05659518406588293,0.8757149495954428,0.0
sha256:2f88de8e2dfd4dd93b29ae1d50513fed3ef3d03131015ee83f0b2c5a4f8b85f1,sha256:aab04ad06648563843f7fe017bfb86cc79f7c2439f1e1f976930f31d0411664e,PASS,64.0,1.0,-0.5300440250518338,0.0032205774140029453,0.5300440250518338,0.0
sha256:2f88de8e2dfd4dd93b29ae1d50513fed3ef3d03131015ee83f0b2c5a4f8b85f1,sha256:acb690353212ebbf2d4c6fdff87693e4583a1cdb429dd18332ef4b5d7fde3eb2,PASS,64.0,1.0,-1.7406835310506827,-2.4868995751603507e-14,1.7406835310506827,0.0
sha256:2f88de8e2dfd4dd93b29ae1d50513fed3ef3d03131015ee83f0b2c5a4f8b85f1,sha256:aee3b848db805180992f9181de46b6dbd1fd90abe6ac65a41ef325c0223dae54,PASS,64.0,1.0,-0.714472555373783,0.015141739453430114,0.714472555373783,0.0
sha256:2f88de8e2dfd4dd93b29ae1d50513fed3ef3d03131015ee83f0b2c5a4f8b85f1,sha256:b3765719fc656ca8ac407384e77a47ba0b3cdc42e8b217551accf147b4a07fb2,PASS,64.0,1.0,-0.8865357099680867,-1.354472090042691e-14,0.8865357099680867,0.0
sha256:2f88de8e2dfd4dd93b29ae1d50513fed3ef3d03131015ee83f0b2c5a4f8b85f1,sha256:b4f192fe09fcd71199549dfda19a87f7812b72fff8899f7d9e02f62b488e2ec4,PASS,64.0,1.0,-0.9215001614663438,0.05252044723599569,0.9215001614663438,0.0
sha256:2f88de8e2dfd4dd93b29ae1d50513fed3ef3d03131015ee83f0b2c5a4f8b85f1,sha256:b75d0a1712b240d6d778e08db3da702d9248d8c0960d8869a8ca4c2a3d523088,PASS,64.0,1.0,-0.6159943017789771,0.0016307561062660625,0.6159943017789771,0.0
sha256:2f88de8e2dfd4dd93b29ae1d50513fed3ef3d03131015ee83f0b2c5a4f8b85f1,sha256:b9ce33b17c8772ccb76938ca926642424933842967fd9873a8b958a20655e54c,PASS,64.0,1.0,-0.41327593297774995,-0.004565891546762402,0.41327593297774995,0.0
sha256:2f88de8e2dfd4dd93b29ae1d50513fed3ef3d03131015ee83f0b2c5a4f8b85f1,sha256:c0ba7b3b36f9b242fa5ad502879e46e8d9088484414c1ca1310a5a4f273b3a57,PASS,64.0,1.0,-1.228440273543242,-2.7755575615628914e-14,1.228440273543242,0.0
sha256:2f88de8e2dfd4dd93b29ae1d50513fed3ef3d03131015ee83f0b2c5a4f8b85f1,sha256:c4388c578cb544ddf20df6e970468144fa4f0519ca711e4ff8d1ff53c62d85bc,PASS,64.0,1.0,-0.4733768916957648,-0.004665479305645592,0.4733768916957648,0.0
sha256:2f88de8e2dfd4dd93b29ae1d50513fed3ef3d03131015ee83f0b2c5a4f8b85f1,sha256:c9ee41a88dcc495b1d5f227996b994bff0380b9b4645c6a792ebe74242ac9ff8,PASS,64.0,1.0,-1.6407739130367716,5.551115123125783e-15,1.6407739130367716,0.0
sha256:2f88de8e2dfd4dd93b29ae1d50513fed3ef3d03131015ee83f0b2c5a4f8b85f1,sha256:ccc5c71cf72b6703c95d66405a74cbc8a00a31725c1e43ac16a8f4e6778323dc,PASS,64.0,1.0,-0.8067052504694496,0.01933867698430869,0.8067052504694496,0.0
sha256:2f88de8e2dfd4dd93b29ae1d50513fed3ef3d03131015ee83f0b2c5a4f8b85f1,sha256:cd162733104e6037286132ca267f3ffdabfe89a52ed2bba3048f702c71d8586f,PASS,64.0,1.0,-0.5485821644826114,0.0024380170189266526,0.5485821644826114,0.0
sha256:2f88de8e2dfd4dd93b29ae1d50513fed3ef3d03131015ee83f0b2c5a4f8b85f1,sha256:d21594abc7f13b59ff9694117a8e00cab397b08a001d22c11c48692bf98a62a9,PASS,64.0,1.0,-0.5914175609118564,0.022193338572164434,0.5914175609118564,0.0
sha256:2f88de8e2dfd4dd93b29ae1d50513fed3ef3d03131015ee83f0b2c5a4f8b85f1,sha256:dc5ac86ec7e9119a0d71eb4fe0fd76b8a0564ecfd068a929365fd9890d7dd980,PASS,64.0,1.0,-0.5954216783396908,0.0037884146600439816,0.5954216783396908,0.0
sha256:2f88de8e2dfd4dd93b29ae1d50513fed3ef3d03131015ee83f0b2c5a4f8b85f1,sha256:e291bf7d9f4ab0b33d898b7ec8abb2d29da04bb7c394e7f4ad5b18d9fca49e09,PASS,64.0,1.0,-0.46564502632203075,0.0006502327097762661,0.46564502632203075,0.0
sha256:2f88de8e2dfd4dd93b29ae1d50513fed3ef3d03131015ee83f0b2c5a4f8b85f1,sha256:e3bd5b516b8dbed6058d3fff50b9a8f9e7a3bc6b9a43d19a2768e926bba71c2c,PASS,64.0,1.0,-1.8117318762662002,-3.774758283725532e-15,1.8117318762662002,0.0
sha256:2f88de8e2dfd4dd93b29ae1d50513fed3ef3d03131015ee83f0b2c5a4f8b85f1,sha256:ed4d39164b349c97423150c5279be3831b837c07164cefec09c4e09f43e3ac88,PASS,64.0,1.0,-1.439126211368869,0.008332544088704541,1.439126211368869,0.0
sha256:2f88de8e2dfd4dd93b29ae1d50513fed3ef3d03131015ee83f0b2c5a4f8b85f1,sha256:eeec524c1c82a90717543db6fdf7ebfda848f5048ea74060256bbcdaf51c572b,PASS,64.0,1.0,-0.8140862833729664,0.019375406831162123,0.8140862833729664,0.0
sha256:2f88de8e2dfd4dd93b29ae1d50513fed3ef3d03131015ee83f0b2c5a4f8b85f1,sha256:f1340c1c4b36e7128ab83a0ff7f2297724b273bdec0a50f7fdf99d37921ed028,PASS,64.0,1.0,-1.0608025325212658,0.020107273045712803,1.0608025325212658,0.0
sha256:2f88de8e2dfd4dd93b29ae1d50513fed3ef3d03131015ee83f0b2c5a4f8b85f1,sha256:f394ea30a9b85cf186bb9e9b28d9efe4b4304fb6a181469305b6b71cb8a9ee1f,PASS,64.0,1.0,-0.8514667909336426,0.018127584773728334,0.8514667909336426,0.0
sha256:2f88de8e2dfd4dd93b29ae1d50513fed3ef3d03131015ee83f0b2c5a4f8b85f1,sha256:f8868800cb17c249469dab0125f3708a558a306987bc8e654a46f6fa7f188718,PASS,64.0,1.0,-1.2246506897677687,0.006148795851382616,1.2246506897677687,0.0
sha256:303410c378ce9366901a9312d7eca17462f978c69efe6a4716458489c2a91129,sha256:0f5425fbc03e9e12d108566e17e2501f2b717deebf38ae36700333cad794437d,PASS,64.0,1.0,-1.0193116972008829,-0.06207899240394077,1.0193116972008829,0.0
sha256:303410c378ce9366901a9312d7eca17462f978c69efe6a4716458489c2a91129,sha256:1148fd3a16c4ab3fe31484ff05161d9f630a156d0223705bff0ddfeed0544ca1,PASS,64.0,1.0,-1.0803047951545575,-0.06825557874982446,1.0803047951545575,0.0
sha256:303410c378ce9366901a9312d7eca17462f978c69efe6a4716458489c2a91129,sha256:716f847c68a4a168db6a7a42048986611851f3f96d6a5eb1b476c6d18656e4f6,PASS,64.0,1.0,-0.7940613222025774,-0.02959094943327467,0.7940613222025774,0.0
sha256:303410c378ce9366901a9312d7eca17462f978c69efe6a4716458489c2a91129,sha256:8eee538904592443942b7346bc5cc47e8a7ebf6b15f88c6f7acca24352f9ded1,PASS,64.0,1.0,-0.9572829052262574,-0.04356758554966811,0.9572829052262574,0.0
sha256:303410c378ce9366901a9312d7eca17462f978c69efe6a4716458489c2a91129,sha256:96b8aada1a1ced86733d8bdd6ab524d68b24946126347c5b71fcd71cef33db9e,PASS,64.0,1.0,-0.8178402567297862,-0.032272042146601176,0.8178402567297862,0.0
sha256:303410c378ce9366901a9312d7eca17462f978c69efe6a4716458489c2a91129,sha256:ae3d9c6be3dcb2299c210c126a34e55d64fe3cbd1c00cbab2d601ffbac96d50f,PASS,64.0,1.0,-1.0564626877008583,-0.06481801821273736,1.0564626877008583,0.0
sha256:303410c378ce9366901a9312d7eca17462f978c69efe6a4716458489c2a91129,sha256:c3ad2ab9c6eb554d3e1453a9c4f5488196674fec64819585ebb54115c66c2bde,PASS,64.0,1.0,-0.9660732296226078,-0.0049584959792146055,0.9660732296226078,0.0
sha256:303410c378ce9366901a9312d7eca17462f978c69efe6a4716458489c2a91129,sha256:cfe20c111931ae31840954c15256450ddcd2b96da77fba5ca1b1044ddc8e5dc1,PASS,64.0,1.0,-0.10219169593042839,-3.191891195797325e-16,0.10219169593042839,0.0
sha256:303410c378ce9366901a9312d7eca17462f978c69efe6a4716458489c2a91129,sha256:f2aad97efb66842200c5eab3079873e48673eeb3c8611f297d69647b95b94ae6,PASS,64.0,1.0,-0.9199437173500162,-0.05435299138313954,0.9199437173500162,0.0
sha256:31440bc3e5679e7db44d799df4cda40a6b4b5036b4248d2c215dd559ca7ab204,sha256:00cf6d477d1d7ca4d6558e0108d54a90e5f21cf7c9b3cd99b97aa04e293cde87,PASS,64.0,1.0,2.8927673823803914,0.07985032237967093,3.518116714654817,1.0
sha256:31440bc3e5679e7db44d799df4cda40a6b4b5036b4248d2c215dd559ca7ab204,sha256:4a0806a62708a5e8e0145a0eacb8acb23fa8aaf7468146e9cf1a691cf1fa1e3b,PASS,64.0,1.0,5.837300549869484,-0.3091188894663248,3.068284641002504,46.0
sha256:31440bc3e5679e7db44d799df4cda40a6b4b5036b4248d2c215dd559ca7ab204,sha256:6ddacf6b7876ecca6e9cd879581833f24a5dcb49a92af2d44def82613ee26015,PASS,64.0,1.0,4.197994625996081,-0.4760576716393796,6.975732777356919,60.0
sha256:31440bc3e5679e7db44d799df4cda40a6b4b5036b4248d2c215dd559ca7ab204,sha256:70dd4a4d0fbec6bc8505f873d3c8b84acab41001de20bf1d4e4cb0245de27589,PASS,64.0,1.0,2.935790281274656,0.08479309864043216,3.5516562566384975,1.0
sha256:31440bc3e5679e7db44d799df4cda40a6b4b5036b4248d2c215dd559ca7ab204,sha256:9c52637bc57de4cd34809051b5741e3fb85f0e10a50a272b63136dbd378e30a7,PASS,64.0,1.0,5.686091365337961,-0.39378269384057063,7.140259700129293,49.0
sha256:31440bc3e5679e7db44d799df4cda40a6b4b5036b4248d2c215dd559ca7ab204,sha256:a56fc531746ddfef2eda603d5abe266ade1ec88eaf8e5c9f62d19659b4c5c163,PASS,64.0,1.0,2.9676509880420037,0.08490022190224522,3.577658813155062,1.0
sha256:31440bc3e5679e7db44d799df4cda40a6b4b5036b4248d2c215dd559ca7ab204,sha256:a905f145d6cdafcc45eb0f08f1a7bbf32b16aff74a1d38979bc4f6ac439c3625,PASS,64.0,1.0,3.025181159999911,0.08158924837892068,3.62490317492441,1.0
sha256:31440bc3e5679e7db44d799df4cda40a6b4b5036b4248d2c215dd559ca7ab204,sha256:b067154dbc5a50284678897961479bac54783f4ac77b4ba3ee0db53e5b995485,PASS,64.0,1.0,2.858923209676398,0.07801933785480575,3.5017934931623103,1.0
sha256:31440bc3e5679e7db44d799df4cda40a6b4b5036b4248d2c215dd559ca7ab204,sha256:c4d94bdf08334e199276a65124181876186356554568c7e1d2b2a1ddb00dbd0f,PASS,64.0,1.0,2.913736138959698,0.08139688052653904,3.5312238889537726,1.0
sha256:31440bc3e5679e7db44d799df4cda40a6b4b5036b4248d2c215dd559ca7ab204,sha256:dda055fe4cc11848e0d8ac37bf74fd2c600793a69b97c766740e76b83225fb6c,PASS,64.0,1.0,3.7559031912398924,-0.020341215432833515,3.834524159507299,36.0
sha256:31440bc3e5679e7db44d799df4cda40a6b4b5036b4248d2c215dd559ca7ab204,sha256:f8adfb45cdeeda895dc5c9a6c117f238d14da23faa1d8ca7357ac16be3ffa2dc,PASS,64.0,1.0,2.874529951846795,0.0788062592738239,3.508673231024858,1.0
sha256:330272da4115b59e0fc45effab0c00959f23f483620a509aa53295aee8a5c81d,sha256:00c85f8bd3ff9b141aa3bec9dd0c3d42ed1f648c0554fd49ac4a5b629d4cc346,PASS,64.0,1.0,4.602338655135393,1.4210854715202004e-14,15.397661344864611,1.0
sha256:330272da4115b59e0fc45effab0c00959f23f483620a509aa53295aee8a5c81d,sha256:040b2e13ad08b95ab726172ae1b714de2a9fd3fd0e7cce0c0bd3adf2e179421c,PASS,64.0,1.0,4.804501100542032,8.881784197001252e-15,15.195498899457972,1.0
sha256:330272da4115b59e0fc45effab0c00959f23f483620a509aa53295aee8a5c81d,sha256:0a1361920f08d73b55fdee528eaf67e4bc1802bef20ab8f20f7fc9dacfaec1c9,PASS,64.0,1.0,4.856594187279123,1.2434497875801753e-14,15.14340581272088,1.0
sha256:330272da4115b59e0fc45effab0c00959f23f483620a509aa53295aee8a5c81d,sha256:0cfa184e62965d4adef63d5e6b1bc11df08840a280bebdfd1027cb67b41702d5,PASS,64.0,1.0,4.885664458931236,-8.881784197001252e-15,15.114335541068767,1.0
sha256:330272da4115b59e0fc45effab0c00959f23f483620a509aa53295aee8a5c81d,sha256:782c2436f9cd42b0f943e255d7fb74cd0b66c9af679b9754449e21bade120dda,PASS,64.0,1.0,4.826642839963814,-1.0658141036401503e-14,15.17335716003619,1.0
sha256:330272da4115b59e0fc45effab0c00959f23f483620a509aa53295aee8a5c81d,sha256:8b2ac4bb9a3d724e7adc8ae1e7008cc5468eef9fe43488a496ac02ed4c1e2a41,PASS,64.0,1.0,4.730185047106048,1.7763568394002505e-14,15.269814952893956,1.0
sha256:330272da4115b59e0fc45effab0c00959f23f483620a509aa53295aee8a5c81d,sha256:937bbf353d720d660e515bf7684cc6e3f5ee041c418f66d865d05a59495e983a,PASS,64.0,1.0,4.774935680154725,-1.7763568394002505e-14,15.225064319845279,1.0
sha256:330272da4115b59e0fc45effab0c00959f23f483620a509aa53295aee8a5c81d,sha256:94dabf3ccabb64f62393112311f1686c54d4ee02a013c4abefd7017dec954b14,PASS,64.0,1.0,4.880589162816019,-1.4210854715202004e-14,15.119410837183985,1.0
sha256:330272da4115b59e0fc45effab0c00959f23f483620a509aa53295aee8a5c81d,sha256:aa2f8ef9560346b5b19a950cebee23f67a8724948f9223bdb86f4cdff2de6652,PASS,64.0,1.0,4.874392067556627,-2.6645352591003757e-14,15.125607932443376,1.0
sha256:330272da4115b59e0fc45effab0c00959f23f483620a509aa53295aee8a5c81d,sha256:b0f7765984b5b096e5ce8c8e36e97c6de648893e2b9777c365d28fd8310d4f56,PASS,64.0,1.0,4.866590365374476,7.105427357601002e-15,15.133409634625528,1.0
sha256:330272da4115b59e0fc45effab0c00959f23f483620a509aa53295aee8a5c81d,sha256:d3a28bffe19127b791408390a21300777fc5a15c4df71cacc364dd7cdb5c39b8,PASS,64.0,1.0,4.843619685273731,5.329070518200751e-15,15.156380314726272,1.0
sha256:330272da4115b59e0fc45effab0c00959f23f483620a509aa53295aee8a5c81d,sha256:ec5d1a14ac60912a22f8f6f95caf310d786b2227d7ae496c54e2489d10dd82a3,PASS,64.0,1.0,4.668759673225097,2.3092638912203256e-14,15.331240326774907,1.0
sha256:34e1640dddb2189641d8114c383322b89b44b2f9f203668e9b4dd9f3c59b2385,sha256:06e2015b198a98bc79648f9de741956071476eb27295319b7efc4e50138a4940,PASS,64.0,1.0,-0.7349381339509982,0.18527149552925892,0.7349381339509982,0.0
sha256:34e1640dddb2189641d8114c383322b89b44b2f9f203668e9b4dd9f3c59b2385,sha256:088738f078717301c3992fe0384f938f8ea8b2c495281282acb97b49dd13744c,PASS,64.0,1.0,0.5007990198881287,0.16437856421201968,0.35706535638092085,1.0
sha256:34e1640dddb2189641d8114c383322b89b44b2f9f203668e9b4dd9f3c59b2385,sha256:67f963c255cf098cb394b6368c11ad0044b2bb1097245c33cfec66e9d76af050,PASS,64.0,1.0,-0.716250257648659,0.18345622454256516,0.716250257648659,0.0
sha256:34e1640dddb2189641d8114c383322b89b44b2f9f203668e9b4dd9f3c59b2385,sha256:6c52717974b1f011c27f8965d1486ddfcf593f0f3b3c143b282f480cb935b21e,PASS,64.0,1.0,3.21804502162436,0.37097856574456234,1.7819549783756408,1.0
sha256:34e1640dddb2189641d8114c383322b89b44b2f9f203668e9b4dd9f3c59b2385,sha256:72007c3cd39997c833d696d9522f3aa2bc64647e1b3a813a359253b71265d37e,PASS,64.0,1.0,-0.0019112491281703115,-2.168404344971009e-18,0.0019112491281703115,0.0
sha256:34e1640dddb2189641d8114c383322b89b44b2f9f203668e9b4dd9f3c59b2385,sha256:89461896ddfaeac09248065ae97ba325b26b9b7fd072430190e0187be72735ec,PASS,64.0,1.0,-0.7317224900616737,0.18481566260642524,0.7317224900616737,0.0
sha256:34e1640dddb2189641d8114c383322b89b44b2f9f203668e9b4dd9f3c59b2385,sha256:aae253155ed5d749ff8e57cdb91c1fd102ec1da4121ba324f03b0993ca269954,PASS,64.0,1.0,-0.7482661101583529,0.1871534491779513,0.7482661101583529,0.0
sha256:34e1640dddb2189641d8114c383322b89b44b2f9f203668e9b4dd9f3c59b2385,sha256:bbd12745202f08c54500682cbd1f140d7d2dd558ab3c9ce6a5377926abbe72ce,PASS,64.0,1.0,-0.7276814884681975,0.18434909251187692,0.7276814884681975,0.0
sha256:34e1640dddb2189641d8114c383322b89b44b2f9f203668e9b4dd9f3c59b2385,sha256:bda60ed1eea049bd39a633987b219049ded00dcb1d089db72586b3318b42f04d,PASS,64.0,1.0,-0.7226227248696006,0.18389448355809024,0.7226227248696006,0.0
sha256:34e1640dddb2189641d8114c383322b89b44b2f9f203668e9b4dd9f3c59b2385,sha256:d4014631c36d3095a4e4b7f72c760dfdc09ade6728fdaba722d9575064ff52ba,PASS,64.0,1.0,-0.7404916082042596,0.18600143235083189,0.7404916082042596,0.0
sha256:34e1640dddb2189641d8114c383322b89b44b2f9f203668e9b4dd9f3c59b2385,sha256:def92e46733eb779a182e6cf6c8f4f7b052f511a040d2ecda99e1c38177346c6,PASS,64.0,1.0,-0.693149152650588,0.18485710649478682,0.693149152650588,0.0
sha256:34e1640dddb2189641d8114c383322b89b44b2f9f203668e9b4dd9f3c59b2385,sha256:ef5be61401d3c53b77ad6a5592b61f28002b7ef6011c091f5c79ca6b4b325a03,PASS,64.0,1.0,-0.7073519712992906,0.18294969089719815,0.7073519712992906,0.0
sha256:34e1640dddb2189641d8114c383322b89b44b2f9f203668e9b4dd9f3c59b2385,sha256:fd971632639d68d22a26f562db107419d80f9cb2f820737a736c592f5eee708d,PASS,64.0,1.0,-0.7451613801109592,0.1866554820581564,0.7451613801109592,0.0
sha256:351755fd8a70eb14bc9a8058768a60fcb02b32acbcda041a7566b4fdcb7634d0,sha256:0ec31df6a669c3f630c3464eee10f460a1c662f526c575a2d60490f512321247,PASS,64.0,1.0,10.935793134268643,0.5738444374217835,30.28109315992399,53.0
sha256:351755fd8a70eb14bc9a8058768a60fcb02b32acbcda041a7566b4fdcb7634d0,sha256:178dd8c7aa7eddeab7cab6eec6cbb7fbf897567485c0fe08c14f48f0e181c1cc,PASS,64.0,1.0,17.069874287210453,0.08186813924771741,17.194588517172136,0.0
sha256:351755fd8a70eb14bc9a8058768a60fcb02b32acbcda041a7566b4fdcb7634d0,sha256:19afe43e79c3659e78ad145d99c6871a847e830931eaa013dfc74bdc62144a96,PASS,64.0,1.0,12.416522524194086,0.44051675942347046,30.65359299387533,53.0
sha256:351755fd8a70eb14bc9a8058768a60fcb02b32acbcda041a7566b4fdcb7634d0,sha256:2873373136b0f8c3a947e863fd10f7563afdaddf829510cae992d10dcca089b9,PASS,64.0,1.0,19.539012942109768,0.6458758264712934,29.965869846351584,17.0
sha256:351755fd8a70eb14bc9a8058768a60fcb02b32acbcda041a7566b4fdcb7634d0,sha256:36204df76ed348c2933641c2cb5b35ed65bcb2b33e1c588294cbb908677f6131,PASS,64.0,1.0,11.113978936176988,0.5099810323634877,30.3991943393395,53.0
sha256:351755fd8a70eb14bc9a8058768a60fcb02b32acbcda041a7566b4fdcb7634d0,sha256:3cd534d8e606a13b92c08570cb6a488ff18f3d45425f5f8c7a5a0aa5232968a7,PASS,64.0,1.0,10.564699807748749,0.12562792778913945,20.871018930888198,22.0
sha256:351755fd8a70eb14bc9a8058768a60fcb02b32acbcda041a7566b4fdcb7634d0,sha256:44c3cdddb5cb32cf4e67b97a022bc8761f65bf9dbed5c568c63ae16233a329d1,PASS,64.0,1.0,18.139590659044146,0.6786026045515712,29.80534556478142,17.0
sha256:351755fd8a70eb14bc9a8058768a60fcb02b32acbcda041a7566b4fdcb7634d0,sha256:5cd706b4d978c58de7d4d853045aa7979cd11c95e849699a881b84f6955d4ebf,PASS,64.0,1.0,13.28955344967845,0.4814594040532967,30.639866156104524,53.0
sha256:351755fd8a70eb14bc9a8058768a60fcb02b32acbcda041a7566b4fdcb7634d0,sha256:5fb9ae31cfbb755aad9dcfee663ba3b35ec09d634c26ff2e9fe19f02f2af0a01,PASS,64.0,1.0,11.008269626476164,0.5429203514587115,30.336982713447448,53.0
sha256:351755fd8a70eb14bc9a8058768a60fcb02b32acbcda041a7566b4fdcb7634d0,sha256:7fee614faf56a829dfa11b8be46d68e3951189004c0d4a8956417a4704c2be8f,PASS,64.0,1.0,16.14778382993316,0.5628567849319666,30.572420090062565,38.0
sha256:351755fd8a70eb14bc9a8058768a60fcb02b32acbcda041a7566b4fdcb7634d0,sha256:955fce84722b4d0635bf002eaa6d7f797100ddda0a640d310d9fed143a41a0e6,PASS,64.0,1.0,10.927222423816563,0.6109966336736186,30.106034381497036,53.0
sha256:351755fd8a70eb14bc9a8058768a60fcb02b32acbcda041a7566b4fdcb7634d0,sha256:980f200eb198bb0ac53158ebc8943755300492e8b85cc313bc9209e377dc9b7a,PASS,64.0,1.0,10.841972922085944,0.635445017567335,30.006747857850094,53.0
sha256:351755fd8a70eb14bc9a8058768a60fcb02b32acbcda041a7566b4fdcb7634d0,sha256:9f45ba21e7188936d5a07dc73b5e521a669a7110a05fb0f974dc5feefdcb3cc5,PASS,64.0,1.0,11.491262727014181,0.4530571039712683,30.55488549787124,53.0
sha256:351755fd8a70eb14bc9a8058768a60fcb02b32acbcda041a7566b4fdcb7634d0,sha256:a0253fd2b1acd454c34ac347f84ba9fba06f55127a5e42a540c85b25af4da2c2,PASS,64.0,1.0,10.862472437052219,0.6258963464793155,30.040610714869032,53.0
sha256:351755fd8a70eb14bc9a8058768a60fcb02b32acbcda041a7566b4fdcb7634d0,sha256:adbf8f1619953a14e69738509925a67cc86697c2382c79957f2febc662317e33,PASS,64.0,1.0,10.892488069171065,0.6226755248226539,30.071199496900107,53.0
sha256:351755fd8a70eb14bc9a8058768a60fcb02b32acbcda041a7566b4fdcb7634d0,sha256:aeace85ebad4a6428166967309fdce1f5fcf894363f84851804116cefbe989ed,PASS,64.0,1.0,10.911399223749271,0.5968756376669475,30.204332691825165,53.0
sha256:351755fd8a70eb14bc9a8058768a60fcb02b32acbcda041a7566b4fdcb7634d0,sha256:b62bfe10ce4cd2586c480bb6a74bc03527e806e12b11bd67d4d00216b4afb1fc,PASS,64.0,1.0,17.75434191997024,0.7014887212561973,29.66712923378451,17.0
sha256:351755fd8a70eb14bc9a8058768a60fcb02b32acbcda041a7566b4fdcb7634d0,sha256:cc583323cbc40af17bbecba6c886efbcf7fa3ac791325784c2a0c4d7c441fb92,PASS,64.0,1.0,18.211080047226137,0.26513880831858216,16.900817636628073,0.0
sha256:351755fd8a70eb14bc9a8058768a60fcb02b32acbcda041a7566b4fdcb7634d0,sha256:cec24c23207658a6581fd512fa219f6fdd0cc49010ac569f99ffb98cc0f53583,PASS,64.0,1.0,21.380000427558443,0.5493603200618438,30.61999957244155,0.0
sha256:351755fd8a70eb14bc9a8058768a60fcb02b32acbcda041a7566b4fdcb7634d0,sha256:e4ec23bc6d60e9de69e79043a64ccfe874adb167f917bd0d7495f369eb65e008,PASS,64.0,1.0,18.67502447684608,0.6574603175051372,29.925339947029837,17.0
sha256:351755fd8a70eb14bc9a8058768a60fcb02b32acbcda041a7566b4fdcb7634d0,sha256:e8dd0c82fa69896df248f6a842efa50318d9e5d80046af70dce31567d59899b1,PASS,64.0,1.0,11.250467704248706,0.46545408050034354,30.487895122239166,53.0
sha256:351755fd8a70eb14bc9a8058768a60fcb02b32acbcda041a7566b4fdcb7634d0,sha256:f63b4ea3e5b1d6024a1ce818ceaf7a270fa2e35388b0b4c56505d798a42a680d,PASS,64.0,1.0,11.864411839684436,0.4436877530890726,30.6080700863601,53.0
sha256:39638a61edea8c9430fb7c6a9a25400c086b685169f8504a1919ca2d69d06558,sha256:0024addd9aee392cebadcb62eda10450ddb8d9eae4fc0fd7306f9d3e5fc4317d,PASS,64.0,1.0,-0.5558582032042576,0.26386449032641845,5.781791193015244,27.0
sha256:39638a61edea8c9430fb7c6a9a25400c086b685169f8504a1919ca2d69d06558,sha256:0d1768b78522c78c9679c8b2066d1930801e8898e2541e48ceca8af8dd07148e,PASS,64.0,1.0,-1.0044514935275002,0.19915256885009835,5.734785353115549,14.0
sha256:39638a61edea8c9430fb7c6a9a25400c086b685169f8504a1919ca2d69d06558,sha256:1b23351d1fc75c8a4bbbae156199c2bc7e55e46e66d5a7e0e8c7f87dc2110128,PASS,64.0,1.0,-1.028403350342999,0.19893306944300626,5.778399493964908,14.0
sha256:39638a61edea8c9430fb7c6a9a25400c086b685169f8504a1919ca2d69d06558,sha256:1ce8f55a851c122f06bbe678146b6f42105f4ebb887fd39228063328c75efb5c,PASS,64.0,1.0,-1.3398186466118567,0.19544013875990718,6.323794978559473,14.0
sha256:39638a61edea8c9430fb7c6a9a25400c086b685169f8504a1919ca2d69d06558,sha256:3674e4d5617ebde1a0f027265b9644eba149dd4e5cbf7393475a93986c41ab44,PASS,64.0,1.0,-1.1817005752793222,0.19155033520699138,6.121673088953058,14.0
sha256:39638a61edea8c9430fb7c6a9a25400c086b685169f8504a1919ca2d69d06558,sha256:3f250efd17551a198379fdc66a913a10bd12f4d5f496d6c227b0e777a67d2730,PASS,64.0,1.0,-1.0512747352384642,0.19704958390144078,5.7668386267517775,14.0
sha256:39638a61edea8c9430fb7c6a9a25400c086b685169f8504a1919ca2d69d06558,sha256:45aef6e8e30602b4ee4b9b12117e341b00f4d143bf01443372a492a8a1d23643,PASS,64.0,1.0,-1.1920480032677663,0.18463099840036534,6.057451771895044,14.0
sha256:39638a61edea8c9430fb7c6a9a25400c086b685169f8504a1919ca2d69d06558,sha256:5fb3052a3a4815acd59934d83d7a2746f75ab0bf8e67ddccbe18d47c5be2f577,PASS,64.0,1.0,-1.0428916761942117,0.09431204481840982,7.828641476957793,14.0
sha256:39638a61edea8c9430fb7c6a9a25400c086b685169f8504a1919ca2d69d06558,sha256:64e6f9d1c261b2fbfe6cd7730c62649e717789b83297c6d14ca105054704cca8,PASS,64.0,1.0,-0.9751428486763611,0.19211945845788936,5.671437740052411,14.0
sha256:39638a61edea8c9430fb7c6a9a25400c086b685169f8504a1919ca2d69d06558,sha256:6a08511313c7eaa3bb9db2af503f2d76540a8beeff5d9a3ecb3fb367bf4afdee,PASS,64.0,1.0,-1.0331747597603078,0.20064188213629297,5.7183529307210055,14.0
sha256:39638a61edea8c9430fb7c6a9a25400c086b685169f8504a1919ca2d69d06558,sha256:947ccf6007df53466877f70ad78f6acc3fd521e39a819c3c0cea402d71c2409b,PASS,64.0,1.0,-0.9772933963688724,0.19025656575083616,5.6894095036506265,14.0
sha256:39638a61edea8c9430fb7c6a9a25400c086b685169f8504a1919ca2d69d06558,sha256:955f7f559513e2a419aaa7248df4004e81ae3eef99bcb2502cdc5d3647b44b45,PASS,64.0,1.0,-1.2145185020559177,0.19340253904866334,6.163215506334479,14.0
sha256:39638a61edea8c9430fb7c6a9a25400c086b685169f8504a1919ca2d69d06558,sha256:9b38f9303e5f176a86da20e6c8a92ec01a264c2525c1c897215f39014a2d71ab,PASS,64.0,1.0,-1.4376887805755532,5.861977570020827e-14,6.286552454404459,14.0
sha256:39638a61edea8c9430fb7c6a9a25400c086b685169f8504a1919ca2d69d06558,sha256:bd55d8690f54058722c7047c714fe8e475046ffb1f4918f066cac3f1f556a071,PASS,64.0,1.0,-1.0514256002314948,0.1943081333058192,5.821907460854016,14.0
sha256:39638a61edea8c9430fb7c6a9a25400c086b685169f8504a1919ca2d69d06558,sha256:cc71e8109913397297f0c13611bdf3c5f8efa76b80a32dd1710a2fde6284deb3,PASS,64.0,1.0,-1.169320591860096,0.19224413400423046,6.111780821020668,14.0
sha256:39638a61edea8c9430fb7c6a9a25400c086b685169f8504a1919ca2d69d06558,sha256:e5fbd3766367d8f0921defe25468fd98600d2cb8cee4008f1e4b32d13b771c67,PASS,64.0,1.0,-1.0006619385870108,0.2019810750865787,5.685066839408464,14.0
sha256:3c0efef12c89add8481f7b74abc06ace2acfc7c9ae2c8911f59a6f4d11affca8,sha256:001a6288bf42212d8784066efe975232dffcd303c26bedb7a10b2fcd157825e0,PASS,64.0,1.0,-2.5010003514407977,-0.07105981674587003,7.781676239502322,12.0
sha256:3c0efef12c89add8481f7b74abc06ace2acfc7c9ae2c8911f59a6f4d11affca8,sha256:048f77ff9bed48efa7f446e98549cc439d9d7473ad8a0447272a5aef2d94dc17,PASS,64.0,1.0,-2.4879952183178693,-0.13984941294044795,8.11892325786865,39.0
sha256:3c0efef12c89add8481f7b74abc06ace2acfc7c9ae2c8911f59a6f4d11affca8,sha256:11101628cc151120259a1979ed61882bcc10bc86b3baab095a002e9f43fc0bf7,PASS,64.0,1.0,-2.4171100921125444,-0.12888479884071558,8.117697364756587,12.0
sha256:3c0efef12c89add8481f7b74abc06ace2acfc7c9ae2c8911f59a6f4d11affca8,sha256:1c84eecb3432c35304101b244c99bc3892a09b8307dae6598fc7985896871fcf,PASS,64.0,1.0,-2.286964092251398,-0.050844092425808896,7.256449375149348,12.0
sha256:3c0efef12c89add8481f7b74abc06ace2acfc7c9ae2c8911f59a6f4d11affca8,sha256:233295ed5ba79d9795b80f82a0fbe067640e6f4315dc45f8545c22c98b54336f,PASS,64.0,1.0,-2.6112616221121776,-0.07429674587626423,8.131100908916377,12.0
sha256:3c0efef12c89add8481f7b74abc06ace2acfc7c9ae2c8911f59a6f4d11affca8,sha256:2fb8369f88a7136a08301b199ad701acabb22ea3199964a9e01026bd34f11378,PASS,64.0,1.0,-2.4113250508372452,-0.1456239255866585,8.07651145601913,12.0
sha256:3c0efef12c89add8481f7b74abc06ace2acfc7c9ae2c8911f59a6f4d11affca8,sha256:32c67319bbd23949e0d3c965b1910433c40b69f3fa1fc753a59fb6e189ce1b52,PASS,64.0,1.0,-2.3697659358049803,-0.04928325280705881,7.586458383467334,54.0
sha256:3c0efef12c89add8481f7b74abc06ace2acfc7c9ae2c8911f59a6f4d11affca8,sha256:35dcf317832a2303c0101dfa0622bd1e6d59522c53db9712775172b9a691536c,PASS,64.0,1.0,-2.6076211465093415,-0.06758553239291132,8.090424968073062,12.0
sha256:3c0efef12c89add8481f7b74abc06ace2acfc7c9ae2c8911f59a6f4d11affca8,sha256:385d49d71f6baaef2618c273fe1f7927c6326c0cff51c9ad2603c277ae6fc7b8,PASS,64.0,1.0,-2.552491158219504,-0.07791558592105474,8.178427189561058,54.0
sha256:3c0efef12c89add8481f7b74abc06ace2acfc7c9ae2c8911f59a6f4d11affca8,sha256:44baca8b8df6e3c79655df1b346757371454ecf80d7557b51b65c68534f4a4a0,PASS,64.0,1.0,-2.605127382128904,-0.07660017536016905,7.855815458148191,12.0
sha256:3c0efef12c89add8481f7b74abc06ace2acfc7c9ae2c8911f59a6f4d11affca8,sha256:462de32ee388e13f90c0eafd9be0e8cd4c4614db9153389560f73d6882cd166e,PASS,64.0,1.0,0.8817005745382565,-1.687538997430238e-14,4.362923086503003,54.0
sha256:3c0efef12c89add8481f7b74abc06ace2acfc7c9ae2c8911f59a6f4d11affca8,sha256:4983c1f4e29d648465eac8673031a694a9ba02bcaf3c363c70fc2c5a6962f271,PASS,64.0,1.0,0.947258680804115,4.3520742565306136e-14,4.235121041791101,54.0
sha256:3c0efef12c89add8481f7b74abc06ace2acfc7c9ae2c8911f59a6f4d11affca8,sha256:613fa1e0b0993c492b2bf74c94b0d33733fb3783c0e7eb0a17766fd79ddd869b,PASS,64.0,1.0,-2.6469773818132527,-0.09590662235035996,7.86637540351125,12.0
sha256:3c0efef12c89add8481f7b74abc06ace2acfc7c9ae2c8911f59a6f4d11affca8,sha256:6afd663f5562436e3aec5da9b794ae5478e39d7976a21726d01356a20dc51cb8,PASS,64.0,1.0,-2.538175133977389,-0.07197933362553677,7.858115224156833,12.0
sha256:3c0efef12c89add8481f7b74abc06ace2acfc7c9ae2c8911f59a6f4d11affca8,sha256:74320010a6adc9c56e0a3796f136d10d973524d6eecd49009c93572525a16f6e,PASS,64.0,1.0,-2.460858012373829,-0.14676650981049022,8.100796843703176,12.0
sha256:3c0efef12c89add8481f7b74abc06ace2acfc7c9ae2c8911f59a6f4d11affca8,sha256:74f88ffd31857453f4a235beb502e359bbd00251cc7a43d142e8fe84a3248c6e,PASS,64.0,1.0,-2.6285744822054964,-0.07556225202896627,8.075948826077568,12.0
sha256:3c0efef12c89add8481f7b74abc06ace2acfc7c9ae2c8911f59a6f4d11affca8,sha256:7ea800bccbb86f451beb2f5e13c6230912f1734b61e98a96b3487dba92313a1c,PASS,64.0,1.0,-1.9458347455969545,0.08584217225653745,6.282815565299103,12.0
sha256:3c0efef12c89add8481f7b74abc06ace2acfc7c9ae2c8911f59a6f4d11affca8,sha256:80fc65ed4fda47ec29a41e4dfa9212b060c8a788029ef3ab72864e52151e53cd,PASS,64.0,1.0,-2.1701717915265535,-0.11907134066024216,7.352663094016788,12.0
sha256:3c0efef12c89add8481f7b74abc06ace2acfc7c9ae2c8911f59a6f4d11affca8,sha256:902c0411dd53c4ba03d77c916b1180420b8814e2472ec7ec46ba9ad5815eba4a,PASS,64.0,1.0,-2.566540917131139,-0.07116679219043043,7.8888275229661,12.0
sha256:3c0efef12c89add8481f7b74abc06ace2acfc7c9ae2c8911f59a6f4d11affca8,sha256:97b1de6051f77ba50400731c8a751285f664d976c4ea856d96c6999aff44e984,PASS,64.0,1.0,-3.1904437610543033,0.46769765704902166,3.1904437610543033,0.0
sha256:3c0efef12c89add8481f7b74abc06ace2acfc7c9ae2c8911f59a6f4d11affca8,sha256:9bf873b903ec6389280b534153cd41207634b0139b755d29d400d015a89b5d04,PASS,64.0,1.0,-2.5646203201185296,-0.077331233468235,7.871609513081176,54.0
sha256:3c0efef12c89add8481f7b74abc06ace2acfc7c9ae2c8911f59a6f4d11affca8,sha256:c529db7deb5e218545de4e5723befa7bbd2e674712b27f1c3cbf0c8eea6b3d54,PASS,64.0,1.0,-2.581079258111414,-0.07710893819139564,8.16633058944076,54.0
sha256:3c0efef12c89add8481f7b74abc06ace2acfc7c9ae2c8911f59a6f4d11affca8,sha256:d1edbf517bc292de9cfb9320ebf56199219cca929b90361a6a5ddf47a3fb0653,PASS,64.0,1.0,-2.5519900888213645,-0.06711769778999255,7.881685790420486,12.0
sha256:3c0efef12c89add8481f7b74abc06ace2acfc7c9ae2c8911f59a6f4d11affca8,sha256:ee3af8ac9f5500dbab7380e6a481dee5e400a555a04eae739b177566f4cf39de,PASS,64.0,1.0,-2.551807689515801,-0.07643317990999421,7.883822727052422,54.0
sha256:3cbe1d3c28fefc5e05634bd16bac697f6f3b6c8ec24dc0269b5f2a12417ef2a2,sha256:0d2486510c9a817ed8e88c0f9d8321e4fe983e22e754b648b970a6b4c944d5cd,PASS,64.0,1.0,-0.7841748549008585,-6.217248937900877e-15,0.7841748549008585,0.0
sha256:3cbe1d3c28fefc5e05634bd16bac697f6f3b6c8ec24dc0269b5f2a12417ef2a2,sha256:640e56d1b7238e94b60934f0cffd9f4b25dee44ff8f956ca4eb229dcb4efb108,PASS,64.0,1.0,-0.5478786750599668,-1.2212453270876722e-15,0.5478786750599668,0.0
sha256:3cbe1d3c28fefc5e05634bd16bac697f6f3b6c8ec24dc0269b5f2a12417ef2a2,sha256:7914948e274bba93b795265eac3899e6bba2580a996fb2b49005ec2c07d89614,PASS,64.0,1.0,-0.7578885951688527,-7.216449660063518e-15,0.7578885951688527,0.0
sha256:3cbe1d3c28fefc5e05634bd16bac697f6f3b6c8ec24dc0269b5f2a12417ef2a2,sha256:9626aec5bc4eb768e552b128ec44897e4a313cb385daac372c825a9c02a24a60,PASS,64.0,1.0,-0.7619507575128027,-8.326672684688674e-15,0.7619507575128027,0.0
sha256:3cbe1d3c28fefc5e05634bd16bac697f6f3b6c8ec24dc0269b5f2a12417ef2a2,sha256:c2b046f58f47372c5e9717494ff4f8740a3a753b494d5d45658f44e07dd29e3b,PASS,64.0,1.0,-0.5230091786180043,1.1102230246251565e-16,0.5230091786180043,0.0
sha256:3cbe1d3c28fefc5e05634bd16bac697f6f3b6c8ec24dc0269b5f2a12417ef2a2,sha256:c7961f743a5ee887b281d02b5d47b302cf3c28bd401d597a57af8f9c9c1ceaa2,PASS,64.0,1.0,-0.7607997580094416,2.9976021664879227e-15,0.7607997580094416,0.0
sha256:3cbe1d3c28fefc5e05634bd16bac697f6f3b6c8ec24dc0269b5f2a12417ef2a2,sha256:e5afb8b75e9c1db284ef9b45905250d4c0fc4d864e8a2b6fc07ddeb3b953e0c3,PASS,64.0,1.0,-0.7581410316459866,9.325873406851315e-15,0.7581410316459866,0.0
sha256:3cbe1d3c28fefc5e05634bd16bac697f6f3b6c8ec24dc0269b5f2a12417ef2a2,sha256:f7d3ac647978b2b5ab50b0562bbd0cf66fe420f5b751e2dbbe6ff29f8a040b08,PASS,64.0,1.0,0.0,0.0,0.0,0.0
sha256:402e50f1ff2b6883ca83dfccca0fc7f64b884554559ee570d3f1a5fbfb592f77,sha256:37984f71674c0442f0ddc49756bac13a4467902754b12b23ecd6274b995035d7,PASS,64.0,1.0,8.670092817288882,-0.15699204791138754,32.14194728890965,1.0
sha256:402e50f1ff2b6883ca83dfccca0fc7f64b884554559ee570d3f1a5fbfb592f77,sha256:3eb4089d687684273b8fcf318c8c9a75d37a87ba14767f4733e5d6d62a9fec79,PASS,64.0,1.0,8.049445895798659,-0.06651314073976167,28.48319341671478,1.0
sha256:402e50f1ff2b6883ca83dfccca0fc7f64b884554559ee570d3f1a5fbfb592f77,sha256:528974dff853a51509258bf04b758f60014bee7595b341705045566de398cae3,PASS,64.0,1.0,7.824319430852913,0.008701158888786864,31.420151452166724,1.0
sha256:402e50f1ff2b6883ca83dfccca0fc7f64b884554559ee570d3f1a5fbfb592f77,sha256:79231fef6e506c57198aa6785f72087f14452dca20307877ab16e9d1ccab8334,PASS,64.0,1.0,17.928323777024964,1.2079226507921703e-13,54.071676222975036,1.0
sha256:402e50f1ff2b6883ca83dfccca0fc7f64b884554559ee570d3f1a5fbfb592f77,sha256:8a1c7b8894b7a56ba59495df8c7720b9f93b8493b54b8d6191b3346dbb65b351,PASS,64.0,1.0,8.09810310169716,-0.004023840656039113,28.908227277131164,1.0
sha256:402e50f1ff2b6883ca83dfccca0fc7f64b884554559ee570d3f1a5fbfb592f77,sha256:8af2e1ef3c6c3f376a868cd1367341a78adbc1def1937da558e8f75d5f7f4534,PASS,64.0,1.0,6.841887852898189,-0.002962597608842543,37.518814726096586,1.0
sha256:402e50f1ff2b6883ca83dfccca0fc7f64b884554559ee570d3f1a5fbfb592f77,sha256:b9974de2d0f9008be8a8f066751ef46790db7b34b10f866124cc18cabf6b0b16,PASS,64.0,1.0,17.862412271948244,8.526512829121202e-14,54.137587728051756,1.0
sha256:402e50f1ff2b6883ca83dfccca0fc7f64b884554559ee570d3f1a5fbfb592f77,sha256:bd949d711d76197cc69ab45fa407b2951c2e93ef627d288c1e00510773a59105,PASS,64.0,1.0,8.20304642076644,-0.14545812819174841,29.457799974434593,1.0
sha256:42a14675030dafcd004783399878efe6902b6b8df0bc9a976dd8eec7f557edc3,sha256:0242673faf7bb5b89fe574b3c7fc11c0b3edf7549de6a168ca1ba6ea62253024,PASS,64.0,1.0,-0.7944420131626494,-0.0016268418748479618,0.9272159093969118,28.0
sha256:42a14675030dafcd004783399878efe6902b6b8df0bc9a976dd8eec7f557edc3,sha256:05fb8d6f11bc92838474c1c036a6503ccd3ad260d3b4f464cf5b21bdb04a99ab,PASS,64.0,1.0,-0.9101721006114022,-0.0050387196815127044,1.0398168986612506,28.0
sha256:42a14675030dafcd004783399878efe6902b6b8df0bc9a976dd8eec7f557edc3,sha256:08d789e8d95a2e5b2213cb33e1360c07319dad6826a64587e3e73da0e86b8091,PASS,64.0,1.0,-0.7469375686854831,-0.00011126496463864655,0.8464915751516592,28.0
sha256:42a14675030dafcd004783399878efe6902b6b8df0bc9a976dd8eec7f557edc3,sha256:14a8e0bd24afa64985fcd31eb5b74f700eb995a88b389d28ee86b040c1cdc407,PASS,64.0,1.0,-0.7786215762094519,0.00021326980718749944,0.8795555023140745,28.0
sha256:42a14675030dafcd004783399878efe6902b6b8df0bc9a976dd8eec7f557edc3,sha256:16be05f3ccde12ca1c727c3d96d09ac546e9088050a63f6149b190a055eb552f,PASS,64.0,1.0,-0.03459265260567748,-1.7486012637846216e-15,0.16172590361249914,8.0
sha256:42a14675030dafcd004783399878efe6902b6b8df0bc9a976dd8eec7f557edc3,sha256:21c6bb64b9541ced8de382a76f738afacd246addf9ba826ad9606b06398dfd6a,PASS,64.0,1.0,-0.7408069896904526,-0.00035256295304175733,0.8412280927131135,28.0
sha256:42a14675030dafcd004783399878efe6902b6b8df0bc9a976dd8eec7f557edc3,sha256:2d83268d572fe79d3335428bb4cb213a096479e27aed862356662afe4092c098,PASS,64.0,1.0,-0.7668934079356058,-0.021799975929959192,1.2749128273532584,28.0
sha256:42a14675030dafcd004783399878efe6902b6b8df0bc9a976dd8eec7f557edc3,sha256:435d24766e75d18cc55c280c7604f706ceb9d0618c46a3ab405d6409f029edd1,PASS,64.0,1.0,-0.7576191955420938,-0.00014088138514367632,0.861549451291977,28.0
sha256:42a14675030dafcd004783399878efe6902b6b8df0bc9a976dd8eec7f557edc3,sha256:4bd73cf2b8e356ea92705cbb71ec325e618b3c72480bfe2da13c7daaa18025b3,PASS,64.0,1.0,-0.834675356444869,-0.0016299575226135232,0.946511372858445,28.0
sha256:42a14675030dafcd004783399878efe6902b6b8df0bc9a976dd8eec7f557edc3,sha256:59c9d84919ed9c72058b9710ce64c58b59541bb3acf8d3967cd22909cfc360ff,PASS,64.0,1.0,-0.8044778651938549,-0.0011986467319813343,0.9143023135601415,28.0
sha256:42a14675030dafcd004783399878efe6902b6b8df0bc9a976dd8eec7f557edc3,sha256:5bbd0e91964e3116afc0b277462097526f109dba5bc5900e3ccceea428746802,PASS,64.0,1.0,-0.7464677215731599,-0.00020576409408312735,0.8485410531778844,28.0
sha256:42a14675030dafcd004783399878efe6902b6b8df0bc9a976dd8eec7f557edc3,sha256:696cb4add82f5c5c20022337643005a472eea7ed8dbe54620182575d2e488b80,PASS,64.0,1.0,-0.8249587266868819,-0.0015942383493972034,0.9487480126771525,28.0
sha256:42a14675030dafcd004783399878efe6902b6b8df0bc9a976dd8eec7f557edc3,sha256:99c90151a35fc617765740bcad40474a9b7b22c13871c3bead610bced487c8ce,PASS,64.0,1.0,-0.7712853367900339,-0.00038350216070526244,0.8771465170519245,28.0
sha256:42a14675030dafcd004783399878efe6902b6b8df0bc9a976dd8eec7f557edc3,sha256:9e3d8e8ecc9cc66c48bd10ff60af35c4b6123780fdd4221f248e223b2f87eb68,PASS,64.0,1.0,-0.7852551931461562,-0.0009194569221870896,0.893085390130899,28.0
sha256:42a14675030dafcd004783399878efe6902b6b8df0bc9a976dd8eec7f557edc3,sha256:aeaf5ae93b3de8b81297f8fe8e6c6994956ec330ede9000291ce2f6e1e1e4ee6,PASS,64.0,1.0,-0.7826366355447383,-0.0013619166800684646,0.9071532181357652,28.0
sha256:42a14675030dafcd004783399878efe6902b6b8df0bc9a976dd8eec7f557edc3,sha256:c4277afd703a286988a1553189c59167c1859f068abf6f8d90a866ed7665383b,PASS,64.0,1.0,-0.87783374792052,-0.004076824194839457,1.0053343298591821,28.0
sha256:42a14675030dafcd004783399878efe6902b6b8df0bc9a976dd8eec7f557edc3,sha256:c666b280b600a1ef67db1416bf35479429e7463d4ec425449818f2e70df23257,PASS,64.0,1.0,-0.8009357636077199,-0.0010009350730014743,0.9233706299429043,28.0
sha256:42a14675030dafcd004783399878efe6902b6b8df0bc9a976dd8eec7f557edc3,sha256:d3461f742b2383c0c60dd44ebb48827e8a8a963d42d7a354197ce2e1e23fd8db,PASS,64.0,1.0,-0.03025611952491139,1.4988010832439613e-14,0.1391173931251028,28.0
sha256:42a14675030dafcd004783399878efe6902b6b8df0bc9a976dd8eec7f557edc3,sha256:e0adae504a8234f9bf9337b459bc13873f3ffd4b13dc1dfef870b261714e4458,PASS,64.0,1.0,-0.848464062757596,-0.004017538246880004,0.9739857727458807,28.0
sha256:42a14675030dafcd004783399878efe6902b6b8df0bc9a976dd8eec7f557edc3,sha256:e3dc26e099b4be536616140abc3e0a8e103ebb4d0791a92e494488ff282b491a,PASS,64.0,1.0,-0.8949271739601359,-0.004519613386160026,1.0108159885776147,28.0
sha256:42a14675030dafcd004783399878efe6902b6b8df0bc9a976dd8eec7f557edc3,sha256:f21bbda066bdac2bac685bf1d6bb49966d9b0b3fb659ce1cfd97eb310e930f56,PASS,64.0,1.0,-0.7817403454669071,-0.0014394779574047334,0.9037613563443928,28.0
sha256:42a14675030dafcd004783399878efe6902b6b8df0bc9a976dd8eec7f557edc3,sha256:f4c7dada3ea305eb2d8fac53cde674f152cc4aa67553983d31d9ce282607ee7b,PASS,64.0,1.0,-0.8649809154025033,-0.0043822059380352885,0.9788399204437617,28.0
sha256:42a14675030dafcd004783399878efe6902b6b8df0bc9a976dd8eec7f557edc3,sha256:f6046857090822fcbbe53e77c7943c5680a2ebfa61d2f37a66ae5510ba4c580a,PASS,64.0,1.0,-0.7851518987052405,-0.0009681146034138388,0.906843157797284,28.0
sha256:436b80c2e54bc585729f4ed9aba0e7507351da1428093c88f7198ece74393838,sha256:197b294416ce36666e3b0cc411c164bb3992f85e0fcf9bd813536ed975e3ff3a,PASS,64.0,1.0,-1.7375574125370834,0.2998730763223798,1.7375574125370834,0.0
sha256:436b80c2e54bc585729f4ed9aba0e7507351da1428093c88f7198ece74393838,sha256:40eb23744f7712f4ecb0ebac43ca193ab37c1d8002893d0461be14500e32835c,PASS,64.0,1.0,-1.949525057101186,0.32458473439060187,1.949525057101186,0.0
sha256:436b80c2e54bc585729f4ed9aba0e7507351da1428093c88f7198ece74393838,sha256:4205e537be3353f538cf3e05afb075c5b0ba46feb44021a82d534efbb4a79d7c,PASS,64.0,1.0,-2.2386889188495847,0.3321342627294621,2.2554168301579924,10.0
sha256:436b80c2e54bc585729f4ed9aba0e7507351da1428093c88f7198ece74393838,sha256:4cbd22c259bff998615c9bfeb83bd1f39131681f4970c8aa78107ded2ffbbaa6,PASS,64.0,1.0,-1.972338614596913,0.33511038323167464,1.972338614596913,0.0
sha256:436b80c2e54bc585729f4ed9aba0e7507351da1428093c88f7198ece74393838,sha256:52b5165b92e4de485d40e9bb1f682c3c6b9aa40077a18b7628e9b8d7fbbfc0c6,PASS,64.0,1.0,-2.0597928659681295,0.32291021738590775,2.0597928659681295,0.0
sha256:436b80c2e54bc585729f4ed9aba0e7507351da1428093c88f7198ece74393838,sha256:577073848bdf879aa83668c37f4b49bfc322086f86f32c1c078b86b4a717f0a1,PASS,64.0,1.0,-1.0085508336067304,-2.4424906541753444e-15,1.0085508336067304,0.0
sha256:436b80c2e54bc585729f4ed9aba0e7507351da1428093c88f7198ece74393838,sha256:90b2f9b2644fe9a402c7e514e75b6c248fa32a5176e557acbb910682c442a4e3,PASS,64.0,1.0,-2.1346343210722782,0.31829305180971623,2.1346343210722782,0.0
sha256:436b80c2e54bc585729f4ed9aba0e7507351da1428093c88f7198ece74393838,sha256:927007624d2e44f7f434f923a50df71e67e3080c3a67f0e5b3d67fff5ac6609f,PASS,64.0,1.0,-2.201009161469538,0.3263434591850318,2.201009161469538,0.0
sha256:436b80c2e54bc585729f4ed9aba0e7507351da1428093c88f7198ece74393838,sha256:9a76d5924875c377e6cd197e93754308fba94f3ea9dc2ba5c3b8dd48c0eea942,PASS,64.0,1.0,-1.0106351852366453,1.354472090042691e-14,1.0106351852366453,0.0
sha256:436b80c2e54bc585729f4ed9aba0e7507351da1428093c88f7198ece74393838,sha256:aa2c64ecc9c5f5e4189d0769c704f83628df8f79d9628fd9e05dea0d5ad13365,PASS,64.0,1.0,-2.2305648521039734,0.3300716958174985,2.2305648521039734,0.0
sha256:44b9fd5f6319da8e1d5b28b4fa9bc1200fc154b9ef0c157dae4a8b817ba24bc7,sha256:256e77d44e1cb3074e59d6bd6e5935ada4de9c8e32a53aa5f45b6501e19cff5a,EXCLUDE_COMMON_SUPPORT_BELOW_090,,0.0,,,,
sha256:44b9fd5f6319da8e1d5b28b4fa9bc1200fc154b9ef0c157dae4a8b817ba24bc7,sha256:7f71790c39a0bcafdf40aec240004c6858c823c880b9aadee91b5d212f116881,EXCLUDE_COMMON_SUPPORT_BELOW_090,,0.0,,,,
sha256:44b9fd5f6319da8e1d5b28b4fa9bc1200fc154b9ef0c157dae4a8b817ba24bc7,sha256:ac76719fd66784aab2023a9161ccd8e4e616aa146c4e51811456665dea5522d0,EXCLUDE_COMMON_SUPPORT_BELOW_090,,0.0,,,,
sha256:44b9fd5f6319da8e1d5b28b4fa9bc1200fc154b9ef0c157dae4a8b817ba24bc7,sha256:f5a0af957b8530774d13bd241e283da6f37a861d6c979278838a366d19d88376,EXCLUDE_COMMON_SUPPORT_BELOW_090,,0.0,,,,
sha256:44f1aa2681ebb944368caf826e3a034a76e9d2e60a172fec117d6fceea3c2138,sha256:01ff39fee779109974cb32ca52062d0ba4c290a82304f37a45467bb09569b176,PASS,64.0,1.0,0.6765138819805552,0.4819740048275625,7.480809364274584,49.0
sha256:44f1aa2681ebb944368caf826e3a034a76e9d2e60a172fec117d6fceea3c2138,sha256:02b00e0d8c7ab749c8949dbd9d4833209f4f4b1b10b7b7ad3b633d5acbf47598,PASS,64.0,1.0,4.445554697581505,0.470721384748936,7.554646508646833,35.0
sha256:44f1aa2681ebb944368caf826e3a034a76e9d2e60a172fec117d6fceea3c2138,sha256:28eb27ecc79d298e302fc83ec5c947faaaa26111c65a78493097efca67ce3bff,PASS,64.0,1.0,4.384207460265651,0.4850266099923104,7.615844518897701,35.0
sha256:44f1aa2681ebb944368caf826e3a034a76e9d2e60a172fec117d6fceea3c2138,sha256:3263e16ec1d253fd234f297aac3f01f61dc4ad5e4f65557f020d7a8b0dd49bcc,PASS,64.0,1.0,-2.2331481017090766,0.2905287727576864,2.2786969516057543,2.0
sha256:44f1aa2681ebb944368caf826e3a034a76e9d2e60a172fec117d6fceea3c2138,sha256:35e8386ffcb321cb6343d23ce92b5eb9f1bc460c991d38b04bb86656ffed6129,PASS,64.0,1.0,3.811393373775095,0.2719640907358798,8.191188561416753,61.0
sha256:44f1aa2681ebb944368caf826e3a034a76e9d2e60a172fec117d6fceea3c2138,sha256:5546381abd07c2867336f001809048199dfa6476444c55e4bf3e218e537f7f78,PASS,64.0,1.0,3.874873454810091,0.3868820867742464,8.218985607810547,61.0
sha256:44f1aa2681ebb944368caf826e3a034a76e9d2e60a172fec117d6fceea3c2138,sha256:9f995532615350e48900cdc06dae6578842eb30a594dd5487cdae111e2ba79dd,PASS,64.0,1.0,3.8781230107508176,0.31717944744887916,8.138883072462258,61.0
sha256:44f1aa2681ebb944368caf826e3a034a76e9d2e60a172fec117d6fceea3c2138,sha256:bba5ea9dc213a4e7acd98813c19790ae6f5dce5c6e851a35defd8513db0ef3fd,PASS,64.0,1.0,4.28649788597611,0.505310114589121,7.714232964560574,35.0
sha256:44f1aa2681ebb944368caf826e3a034a76e9d2e60a172fec117d6fceea3c2138,sha256:c6ffd8c5b23e835e0e47fb2412cbd69edc8914229119e7672b7fc0fa74731c52,PASS,64.0,1.0,3.8513810984523307,0.29938312899070674,8.153805855485151,61.0
sha256:4b1e28733ab8e4bebdbee6cb187098efe69ce2863b5785c0b4f5c113f3bc665c,sha256:0c67c3a0647b9b2d924b56455782da6e1c1f08f2464efe0996bc96bd3f421cb5,PASS,64.0,1.0,6.776193376123018,1.2847869993185839,175.02364720568687,32.0
sha256:4b1e28733ab8e4bebdbee6cb187098efe69ce2863b5785c0b4f5c113f3bc665c,sha256:32bdb1a71d539ef9a9fc7eabab6cb57266327ed3e51f95bf8dd1fd79fdf9c98b,PASS,64.0,1.0,6.280745146396242,0.45078893872417325,165.9256457336739,63.0
sha256:4b1e28733ab8e4bebdbee6cb187098efe69ce2863b5785c0b4f5c113f3bc665c,sha256:32f78d544b1cfbd321052e774e98b0a90fbbe7e432e7b919a2ca8345fe881d71,PASS,64.0,1.0,6.845080563972573,-0.3696020956457744,168.10618689704293,63.0
sha256:4b1e28733ab8e4bebdbee6cb187098efe69ce2863b5785c0b4f5c113f3bc665c,sha256:93ec900bb7893070064893474c1488fd5e6779f4162a1a207a0c69f527f22e71,PASS,64.0,1.0,4.534560612371877,0.4605289657907008,173.1582260646427,32.0
sha256:4b1e28733ab8e4bebdbee6cb187098efe69ce2863b5785c0b4f5c113f3bc665c,sha256:9619c60f0b29e4c2871f750740026466a5fd8fb4e2a0a336b30c87371252767e,PASS,64.0,1.0,15.407278407542265,-2.073478127269965,186.97054408569625,2.0
sha256:4b1e28733ab8e4bebdbee6cb187098efe69ce2863b5785c0b4f5c113f3bc665c,sha256:b535be9ea1c01ae5fe038e9a482b0f8bc247cbb7cf89b5dbccbebc6ef95640a1,PASS,64.0,1.0,-1.1453937960063172,0.9900570595299882,186.21018549479118,63.0
sha256:4b1e28733ab8e4bebdbee6cb187098efe69ce2863b5785c0b4f5c113f3bc665c,sha256:b97f404fb15560b48454ed006301819b6868559f0a571a8e50778a3e84825fa1,PASS,64.0,1.0,-3.873397049739424,0.5068902123360317,182.3506162032342,11.0
sha256:4b1e28733ab8e4bebdbee6cb187098efe69ce2863b5785c0b4f5c113f3bc665c,sha256:cd3e4c0a91218c21927809d6308bf1d9d57428945f8391aa0e5197a48528ab11,PASS,64.0,1.0,4.638106430165635,-0.20446812887277588,167.75296162764548,32.0
sha256:4b1e28733ab8e4bebdbee6cb187098efe69ce2863b5785c0b4f5c113f3bc665c,sha256:d6c5e9fa820cc360933853720a0128890bda0b2fea8a89db5ec89b85536fb7ec,PASS,64.0,1.0,28.403434432031872,0.0727928482018001,178.95080995189548,44.0
sha256:4b1e28733ab8e4bebdbee6cb187098efe69ce2863b5785c0b4f5c113f3bc665c,sha256:f609fb20ecef57a7407239b4575618fef062dec8504c68d6a25561c4132f4a00,PASS,64.0,1.0,6.682467855628886,0.49415254656267393,166.75246643297464,63.0
sha256:4b57944dca417714024c2cb73b578abc8e9c84656e9c472735690e42f962b4a7,sha256:4218e14b659aadb938383ae4f31243721aa2fa5b21d69c90e657c27b4c5f8531,PASS,64.0,1.0,-5.499498532400638,-0.09660351894206176,6.310659752474338,56.0
sha256:4b57944dca417714024c2cb73b578abc8e9c84656e9c472735690e42f962b4a7,sha256:5ab1ae9a0b9ffb6346648c9fd90587cf3712c5bc4a5ba7747cd30c868d11e92b,PASS,64.0,1.0,-0.6795463745487373,-1.7763568394002505e-15,0.6795463745487373,0.0
sha256:4b57944dca417714024c2cb73b578abc8e9c84656e9c472735690e42f962b4a7,sha256:6f34704b66e8969eb53e380de507f5f08dea5371c33719067948cdad8a7169ee,PASS,64.0,1.0,-5.1440426721235575,-0.10633398737523603,6.543238700832969,56.0
sha256:4b57944dca417714024c2cb73b578abc8e9c84656e9c472735690e42f962b4a7,sha256:70511a7a35611a0781a04996bc1af50aa55c78b5b94f065e8b637974e57ffb95,PASS,64.0,1.0,-5.504441194968493,-0.08360715925137185,6.2308456234505485,4.0
sha256:4b57944dca417714024c2cb73b578abc8e9c84656e9c472735690e42f962b4a7,sha256:7889ed98ac5b7813b0703194a3eab8f32e0e6233b64347bc159b6e81ffff6f68,PASS,64.0,1.0,-5.14747660333763,-0.12149714971105308,6.448114325353011,4.0
sha256:4b57944dca417714024c2cb73b578abc8e9c84656e9c472735690e42f962b4a7,sha256:87d5c6468b553214e301e3cf3317195f8583187b1039f07b5bc22ddd71527c4b,PASS,64.0,1.0,-0.6759731990575771,-3.1086244689504383e-15,0.6759731990575771,0.0
sha256:4b57944dca417714024c2cb73b578abc8e9c84656e9c472735690e42f962b4a7,sha256:922279f7371632ffa920869d22b1cd82e3ab8df96f61f211d6189215988f422a,PASS,64.0,1.0,-5.152000365225126,-0.11136391118934341,6.522065339056303,56.0
sha256:4b57944dca417714024c2cb73b578abc8e9c84656e9c472735690e42f962b4a7,sha256:96a47a2174387f1eb221cae7d9e4cb987bcc85fc0290a76d69ec1e0661995bad,PASS,64.0,1.0,-5.692663752126606,-0.09230203250319313,6.028193288135441,56.0
sha256:4b57944dca417714024c2cb73b578abc8e9c84656e9c472735690e42f962b4a7,sha256:a60fbe4791c658a610f693c11e41ebaebbf49de89b6fb93687a6bf9c1b643d07,PASS,64.0,1.0,-5.112994578743189,-0.1207309712766449,6.474024442100733,4.0
sha256:4b57944dca417714024c2cb73b578abc8e9c84656e9c472735690e42f962b4a7,sha256:c1f1b1464ec4992f89efbb020e775f7d6fc0aa82529f7b9e9a6f9faeab765d35,PASS,64.0,1.0,-5.335174413120021,-0.11563125108358197,6.3885469154469865,56.0
sha256:4b57944dca417714024c2cb73b578abc8e9c84656e9c472735690e42f962b4a7,sha256:cd5b45bffeae16fade06694d109da0a75e171542b943bc5fcb9eb48408fbda53,PASS,64.0,1.0,-5.27147713656313,-0.12025738635023053,6.419426712940998,56.0
sha256:4b57944dca417714024c2cb73b578abc8e9c84656e9c472735690e42f962b4a7,sha256:dc5c1b9cdaf1e16c552f8b77b18f3021f4078f79f083942c5e6053d25f7cb201,PASS,64.0,1.0,-5.413325509391575,-0.10854546028219758,6.354291459880619,56.0
sha256:4b57944dca417714024c2cb73b578abc8e9c84656e9c472735690e42f962b4a7,sha256:f193f1b65101eebedf779094a14be4dc7747406c7d4448131ae0a1c25932739f,PASS,64.0,1.0,-5.090985200554442,-0.11596060919250206,6.499259851128173,4.0
sha256:4cc5721218e3c92a3972961c724182e47afaa7e72e67d7fcf5b0b181c236c862,sha256:0062356dfc7fddb9ad427a3929b315886c6e248b33dccb6d49123bfa2a7ebec8,PASS,64.0,1.0,7.043513553090788,-0.06811036529126291,10.956486446909212,0.0
sha256:4cc5721218e3c92a3972961c724182e47afaa7e72e67d7fcf5b0b181c236c862,sha256:312ccd750113438bfd2089db0b145a9925bb4fc27cc7b18f1b63918b45ba0a0e,PASS,64.0,1.0,6.813912194226116,-0.057198542656349716,11.186087805773884,0.0
sha256:4cc5721218e3c92a3972961c724182e47afaa7e72e67d7fcf5b0b181c236c862,sha256:5cf0b2ec60281fd778290a9f1d0a49e8e3ecdf983360c01fb80d28326298d843,PASS,64.0,1.0,7.120938347076683,-0.07932525269971968,10.879061652923317,0.0
sha256:4cc5721218e3c92a3972961c724182e47afaa7e72e67d7fcf5b0b181c236c862,sha256:62bd17808db4fb764967741062feeccd639b17f111452d95390e6e8b92e3ff9e,PASS,64.0,1.0,7.012009317946093,-0.06370755106095416,10.987990682053907,0.0
sha256:4cc5721218e3c92a3972961c724182e47afaa7e72e67d7fcf5b0b181c236c862,sha256:6eebf1ef72ac8b0a947dbb3dc47d7c79538277e09c86875e1b03b506c341c317,PASS,64.0,1.0,6.926251235039995,-0.056602904548947564,11.073748764960005,0.0
sha256:4cc5721218e3c92a3972961c724182e47afaa7e72e67d7fcf5b0b181c236c862,sha256:739115c0c682ed38550785cb3452f245d966f3b7025ab0d781de82b926121ef2,PASS,64.0,1.0,6.882857977573574,-0.057574168870866416,11.117142022426426,0.0
sha256:4cc5721218e3c92a3972961c724182e47afaa7e72e67d7fcf5b0b181c236c862,sha256:8161442057f448296368c3b8148599b72c4561b6a04a4601daf3ed4ddc673881,PASS,64.0,1.0,6.9575811699870584,-0.05564100822619089,11.042418830012942,0.0
sha256:4cc5721218e3c92a3972961c724182e47afaa7e72e67d7fcf5b0b181c236c862,sha256:a62b66fcb1b9ee7d64a1280092374c10cd89d6ec8f62a766981f7d0a1e394505,PASS,64.0,1.0,7.029529359846784,-0.06635588221081257,10.970470640153216,0.0
sha256:4cc5721218e3c92a3972961c724182e47afaa7e72e67d7fcf5b0b181c236c862,sha256:bdbf90d53529a45382c8414ca4033306a99837effc1148206bd49140b2e78898,PASS,64.0,1.0,7.09447107652208,-0.07264143466426631,10.90552892347792,0.0
sha256:4cc5721218e3c92a3972961c724182e47afaa7e72e67d7fcf5b0b181c236c862,sha256:f612fd9569f5922bae0144e21b66b978e8032ed68ccac152235a6f587828e618,PASS,64.0,1.0,6.98815074811241,-0.058441334333272366,11.01184925188759,0.0
sha256:4ceded2e20c37c4bd58c23dacbce7a3e6c6f344645cf12d5b9d53daaba772059,sha256:0142d55a119f838b0fd337dd830ec771f17aae3bfb4f8df9734be3e337240a1c,PASS,64.0,1.0,-3.2220557544537898,0.20581515757396573,6.584208092481743,63.0
sha256:4ceded2e20c37c4bd58c23dacbce7a3e6c6f344645cf12d5b9d53daaba772059,sha256:1f72c3aaf1e05d3d18b22b15fb6c0efcb256ad0b500c741fcfae398dbe0f3104,PASS,64.0,1.0,-3.600238432270038,0.2553595046901034,7.198826898914325,63.0
sha256:4ceded2e20c37c4bd58c23dacbce7a3e6c6f344645cf12d5b9d53daaba772059,sha256:25701a6998f3beae858e27a5203c17f16192a6f44d7c8b73b94d6b7c90dc1504,PASS,64.0,1.0,-3.7346761202214043,0.23800726609711287,7.407607791363983,63.0
sha256:4ceded2e20c37c4bd58c23dacbce7a3e6c6f344645cf12d5b9d53daaba772059,sha256:293c63eac8154279353e28ac4ead7a995d16c41eaf1c2df5835f330f33aff232,PASS,64.0,1.0,-0.2808408307200838,2.3314683517128287e-15,0.2808408307200838,0.0
sha256:4ceded2e20c37c4bd58c23dacbce7a3e6c6f344645cf12d5b9d53daaba772059,sha256:82d32cf8073dfdba398d3f4a3b21ef4212adce7e5f736bc9ac385069e8947dee,PASS,64.0,1.0,-3.729631867361912,0.24851546246600797,7.368274655295261,63.0
sha256:4ceded2e20c37c4bd58c23dacbce7a3e6c6f344645cf12d5b9d53daaba772059,sha256:8590639846e427c305c2cd4dc3993df0f827e7c559a418b8f24df5a98bb48201,PASS,64.0,1.0,-3.7335048226088747,0.2373093957874426,7.437098315116809,63.0
sha256:4ceded2e20c37c4bd58c23dacbce7a3e6c6f344645cf12d5b9d53daaba772059,sha256:9617ad02a3612c5e8eaf3983f270874db2a2bc2ae9f41e25e146d677e5479b29,PASS,64.0,1.0,-3.7098513985565167,0.2635467636674269,7.4629577542236305,63.0
sha256:4ceded2e20c37c4bd58c23dacbce7a3e6c6f344645cf12d5b9d53daaba772059,sha256:96f3b63b89767ee512f7aecacff2b35f7515f562676a1be6b7e461297988ae72,PASS,64.0,1.0,-3.3281533274369006,0.2541792993467773,6.86419363352821,63.0
sha256:4ceded2e20c37c4bd58c23dacbce7a3e6c6f344645cf12d5b9d53daaba772059,sha256:eddb459b905b2ecca1c48e423024ae18505985b95434d4b0292cda5d83111b9c,PASS,64.0,1.0,-3.728281688922694,0.24488557978308556,7.458623600238612,63.0
sha256:4dd77563fd50d7c805fc789c9974ff08e00177b1376203e49df9b84fdfaa9f47,sha256:0cd708d4d6ab95b1882e1a58e817e26f497e189e85f70d64f7448c5e0301b244,PASS,64.0,1.0,0.8045536314082327,0.33741488321201274,11.70147314279253,8.0
sha256:4dd77563fd50d7c805fc789c9974ff08e00177b1376203e49df9b84fdfaa9f47,sha256:110e2f5c0e0f05c08507248c9f6ca11cff45da15cabab47f4b85b704be761c6c,PASS,64.0,1.0,1.1685025474334658,0.2909200092497315,10.85078622473419,8.0
sha256:4dd77563fd50d7c805fc789c9974ff08e00177b1376203e49df9b84fdfaa9f47,sha256:16483e8c2c5b72de6621beeb33b25c02a8dc72b672df8eae20b92b6d8ba72588,PASS,64.0,1.0,2.3099432502617,0.34293453006807084,14.819030717668586,8.0
sha256:4dd77563fd50d7c805fc789c9974ff08e00177b1376203e49df9b84fdfaa9f47,sha256:18eaefcd7480e35ff5fcf143c535ac097923ce525cd61e164335fb991cba8c6c,PASS,64.0,1.0,1.1630472993253775,0.29098090163586043,10.823886752790179,8.0
sha256:4dd77563fd50d7c805fc789c9974ff08e00177b1376203e49df9b84fdfaa9f47,sha256:1bc267b4c724f3f4d2a17de154204d041ce4e3692192b4ad4c8470c8a708f022,PASS,64.0,1.0,1.2609527489956207,0.3700206305976028,13.975681590668358,8.0
sha256:4dd77563fd50d7c805fc789c9974ff08e00177b1376203e49df9b84fdfaa9f47,sha256:33769e0c2ff597e10f2e068330f3c127007d0a6b28a8e0f6dd46d62ff24a77de,PASS,64.0,1.0,1.1653037537700257,0.39104154892256027,13.609570654126635,8.0
sha256:4dd77563fd50d7c805fc789c9974ff08e00177b1376203e49df9b84fdfaa9f47,sha256:49dd4344795b38a5e4a608d44e90fe8a2d910a0ae518005a585d99ae8d128c70,PASS,64.0,1.0,0.7373568167750655,-2.042810365310288e-13,11.577495006231542,8.0
sha256:4dd77563fd50d7c805fc789c9974ff08e00177b1376203e49df9b84fdfaa9f47,sha256:a6610640919ffc5329442518245f8100bf430d0d706fe1cb84dfc9c0d8e4cf47,PASS,64.0,1.0,1.154129523880421,0.2950600146888114,10.826900503469979,8.0
sha256:4dd77563fd50d7c805fc789c9974ff08e00177b1376203e49df9b84fdfaa9f47,sha256:e2c931c5fa4a36d345eec9e60a736677918023e3808a460ebf2ab28ff0d196c8,PASS,64.0,1.0,8.588420113240652,0.10368844740270333,23.41157988675935,0.0
sha256:4dd77563fd50d7c805fc789c9974ff08e00177b1376203e49df9b84fdfaa9f47,sha256:e7e49072db7271a0b7014de3c06eb2dcc9d828f6701bfb03cae4752a8d575461,PASS,64.0,1.0,1.1238695829609213,0.2980979631550582,10.997676025075329,8.0
sha256:4dd77563fd50d7c805fc789c9974ff08e00177b1376203e49df9b84fdfaa9f47,sha256:e9237bc14f4f5bc8f985ee92fe4df6fdcd8109e366bab6f8b6e8f193c00fa9e4,PASS,64.0,1.0,1.8262513883248737,0.3969521807756937,14.546871062971992,8.0
sha256:510abd23e23e320ff38ddd1f3853911be839643757730779fe7933a210573ab7,sha256:037ffa82f21e8fefd4cb4229ddce67d048ad65e9f458aed4fd808a088716bfd0,PASS,64.0,1.0,10.456971021986334,0.8937878462259334,111.69566466929368,9.0
sha256:510abd23e23e320ff38ddd1f3853911be839643757730779fe7933a210573ab7,sha256:048bfcd2b8f9f159f30a55a5be6f793aa4c94b544e8338805d1ef1f24f709858,PASS,64.0,1.0,15.1335821829324,0.45892374447814177,180.8664178170676,0.0
sha256:510abd23e23e320ff38ddd1f3853911be839643757730779fe7933a210573ab7,sha256:0557659516fba5c4a15c001ffdb5d2c99b0cee56a05d28c2fe8334f91ab3d829,PASS,64.0,1.0,14.92013408761079,1.1654558015128487,111.48519773730627,14.0
sha256:510abd23e23e320ff38ddd1f3853911be839643757730779fe7933a210573ab7,sha256:1e15a18f6a1a6af946dcda65ff44d2a5dbe2aa38b1f1ee57709efa8889920364,PASS,64.0,1.0,15.526772265469504,0.48195423839828777,180.4732277345305,0.0
sha256:510abd23e23e320ff38ddd1f3853911be839643757730779fe7933a210573ab7,sha256:4bf4b3c97a43c699a481446dc3388ecca3517f2efe5c392ae0028d722181eb44,PASS,64.0,1.0,15.362693302165695,0.4570061508142942,180.6373066978343,0.0
sha256:510abd23e23e320ff38ddd1f3853911be839643757730779fe7933a210573ab7,sha256:686b6962f888cb5f3c7d1540b296b8ca7f7de44da454c87976216e70e226174d,PASS,64.0,1.0,15.19088988615016,0.450369642135513,180.80911011384984,0.0
sha256:510abd23e23e320ff38ddd1f3853911be839643757730779fe7933a210573ab7,sha256:77b94286af597008ad9a61326d389d66d0679e330eda6eab4262ad8844d6c1fa,PASS,64.0,1.0,15.417421851182041,0.46445415991993855,180.58257814881796,0.0
sha256:510abd23e23e320ff38ddd1f3853911be839643757730779fe7933a210573ab7,sha256:827854394551d7dd32ddddee2d62b96e883f2cd0b067322a6ea97d6b002351fe,PASS,64.0,1.0,15.468279227155392,0.4715015632783093,180.5317207728446,0.0
sha256:510abd23e23e320ff38ddd1f3853911be839643757730779fe7933a210573ab7,sha256:b509327aae81608da60272b3fe97e6ba48d8e00b2814b0f35ebf76ffa56082d7,PASS,64.0,1.0,16.98385917823893,1.2181727735099201,116.40756491287866,1.0
sha256:510abd23e23e320ff38ddd1f3853911be839643757730779fe7933a210573ab7,sha256:d18ebde0415dce02cc413e91595a08a19402f6c810fd7ca3076dd02073e8e525,PASS,64.0,1.0,15.310433997182201,0.5394008644740609,180.6895660028178,0.0
sha256:510abd23e23e320ff38ddd1f3853911be839643757730779fe7933a210573ab7,sha256:df302d2a937c3537243e912512fe2f751bff807e566a00618cce950a1031b2a4,PASS,64.0,1.0,15.303869784832301,0.4512586050238667,180.6961302151677,0.0
sha256:510abd23e23e320ff38ddd1f3853911be839643757730779fe7933a210573ab7,sha256:fd6d8509bca5804c58411ca7aaa25c9968cc11ea1005a221ec7833f63a4870e8,PASS,64.0,1.0,15.245352264606566,0.44831556232125536,180.75464773539343,0.0
sha256:5127cac22e525d592ee8cb981de5e070b24764e1585466b612ef1afa149955fb,sha256:28aa0f76ac9fcbe66fe1de52c385cd1a87d03d779eb7d7648ac8b8c31c318f07,PASS,64.0,1.0,1.4998598395206733,-6.217248937900877e-15,4.500140160479326,2.0
sha256:5127cac22e525d592ee8cb981de5e070b24764e1585466b612ef1afa149955fb,sha256:5291dc912bb008d265f86635cc14c2d56287830677e99e06208cacdeaf64db93,PASS,64.0,1.0,0.0,0.0,5.999999999999999,0.0
sha256:5127cac22e525d592ee8cb981de5e070b24764e1585466b612ef1afa149955fb,sha256:817258bb6a4920ea68b6d5f7e67ab5d8025c521fe3539b61963f82dfbc789f85,PASS,64.0,1.0,1.498852309041065,5.329070518200751e-15,4.501147690958934,2.0
sha256:5127cac22e525d592ee8cb981de5e070b24764e1585466b612ef1afa149955fb,sha256:859ec10c861fde7195b4a5fee6962077c7457863eae3052bfc70385def9e7514,PASS,64.0,1.0,1.4999731040140034,2.042810365310288e-14,4.500026895985996,2.0
sha256:5127cac22e525d592ee8cb981de5e070b24764e1585466b612ef1afa149955fb,sha256:8ad27f850b21e8313204e6b7bec30c408a7bc00f6a6a8256c2fbe47f66b0fe43,PASS,64.0,1.0,0.0,0.0,5.999999999999999,0.0
sha256:5127cac22e525d592ee8cb981de5e070b24764e1585466b612ef1afa149955fb,sha256:a87a8b7e7738663da2700720d67f75df0bfef30e763782137f78c129740bf83c,PASS,64.0,1.0,1.499968726605002,6.217248937900877e-15,4.500031273394997,2.0
sha256:56fd853a34b14f4f2c93241dfde7c8a8978cb393bc464515c91e4837bd3cf201,sha256:01628ea1004794dadd7bac5442f119359b93ac282b8a7aebbc8072b80e0aa3b8,PASS,64.0,1.0,0.1541399793027174,-0.11031003122178529,3.1412429972292655,39.0
sha256:56fd853a34b14f4f2c93241dfde7c8a8978cb393bc464515c91e4837bd3cf201,sha256:44e94dea47c2a24139f75eb359b11fefd2c8dece9eae55198be07583dc6580b3,PASS,64.0,1.0,-1.4656374307368534,-0.08960810190609125,2.071437761375739,39.0
sha256:56fd853a34b14f4f2c93241dfde7c8a8978cb393bc464515c91e4837bd3cf201,sha256:78bc1f6ed384065c83473b407d596358f724b72c7b2b2cbc85be5bf1c85195b5,PASS,64.0,1.0,-1.4056414797815595,-0.07158062470243953,1.9977297618898664,39.0
sha256:56fd853a34b14f4f2c93241dfde7c8a8978cb393bc464515c91e4837bd3cf201,sha256:7be27441cb7b0648bd94a97f8703b28e6c5140e9d9be508a736854dde2025835,PASS,64.0,1.0,-1.435629184068242,-0.10223534428708447,1.435629184068242,0.0
sha256:56fd853a34b14f4f2c93241dfde7c8a8978cb393bc464515c91e4837bd3cf201,sha256:81962e08d43234869b2d3eb22863d60c79d1204167cfaa2cc2410abb1a0b9135,PASS,64.0,1.0,0.7790641594230681,-3.1530333899354446e-14,2.185986537903592,31.0
sha256:56fd853a34b14f4f2c93241dfde7c8a8978cb393bc464515c91e4837bd3cf201,sha256:9af29404496a41c4924971c9d42f76a621800a80e964667eaf94be73144960a9,PASS,64.0,1.0,-0.860856353907556,-0.0547870115349407,2.1463752385663692,39.0
sha256:56fd853a34b14f4f2c93241dfde7c8a8978cb393bc464515c91e4837bd3cf201,sha256:b9be6bb1c04609ad13a657fcd74212e19a572c16c405b6fb5ccf51256584a468,PASS,64.0,1.0,-1.5132640140976066,-0.08480580283776962,2.0107618707145805,39.0
sha256:56fd853a34b14f4f2c93241dfde7c8a8978cb393bc464515c91e4837bd3cf201,sha256:cbe277b5a621f94c4eb66a0805c5466e2c05719ecf33be35ccc3fb49c3377f40,PASS,64.0,1.0,-0.04253116984006633,-0.110970766705218,2.8094374312841577,39.0
sha256:56fd853a34b14f4f2c93241dfde7c8a8978cb393bc464515c91e4837bd3cf201,sha256:d06a83bfb73ced8580afef80c4410f30454c53f77f0e471f7f283d358b439d9e,PASS,64.0,1.0,-1.578924524320919,-0.09247693991461525,1.578924524320919,0.0
sha256:5beb1a6d99bbbd17fd51c7fbc4ef4e63ed2d7101e5ceda1492c756db1f2122c7,sha256:1059caa46c28e0d961b049d73d0eabe22067fa670393784b8e8d033f68c11133,PASS,64.0,1.0,5.025294276009889,-0.0346946618021815,0.9747057239901102,0.0
sha256:5beb1a6d99bbbd17fd51c7fbc4ef4e63ed2d7101e5ceda1492c756db1f2122c7,sha256:2bc59cdfca80507b8d2624a17069ff136762b5c6bfa96ea6a69f908ef298b1fb,PASS,64.0,1.0,5.021528928460501,-0.034819520545054106,0.9784710715394982,0.0
sha256:5beb1a6d99bbbd17fd51c7fbc4ef4e63ed2d7101e5ceda1492c756db1f2122c7,sha256:2d91271c8db4e0ac1f37141f851c441d866f01c3ce01cf925550d50d86426ab8,PASS,64.0,1.0,4.991291482152258,-0.0361265048553745,1.008708517847741,0.0
sha256:5beb1a6d99bbbd17fd51c7fbc4ef4e63ed2d7101e5ceda1492c756db1f2122c7,sha256:3504b1aae2af989e6a9f3ca0e7b1f03febfdf93356c45bb3d1425cd55f547654,PASS,64.0,1.0,4.997861663758627,-0.03581966604950393,1.002138336241372,0.0
sha256:5beb1a6d99bbbd17fd51c7fbc4ef4e63ed2d7101e5ceda1492c756db1f2122c7,sha256:3bef19ad051211a8e9d6b8b28d553621f7cf5938da6159c72a1b751033eba11b,PASS,64.0,1.0,4.886858848659585,-0.05946719187348459,1.1131411513404132,0.0
sha256:5beb1a6d99bbbd17fd51c7fbc4ef4e63ed2d7101e5ceda1492c756db1f2122c7,sha256:63dc699042adae6b3894051be3335e21e09815a1ed404a2127564841479ef0cc,PASS,64.0,1.0,5.0119732015104965,-0.035165640258224995,0.988026798489503,0.0
sha256:5beb1a6d99bbbd17fd51c7fbc4ef4e63ed2d7101e5ceda1492c756db1f2122c7,sha256:8c257d822ffa1c2dbd29aca7ccd6c79b2d0d3eb33871fe14c30c40a8109d63e8,PASS,64.0,1.0,4.955472646100888,-0.036868819684066745,1.0445273538991113,0.0
sha256:5beb1a6d99bbbd17fd51c7fbc4ef4e63ed2d7101e5ceda1492c756db1f2122c7,sha256:d420054e303e3162a2bf54c35b182b5fd0bb2d0b129fa3eb59ea069ee9e16ded,PASS,64.0,1.0,5.014556682018066,-0.03508007570091132,0.9854433179819335,0.0
sha256:5beb1a6d99bbbd17fd51c7fbc4ef4e63ed2d7101e5ceda1492c756db1f2122c7,sha256:d5b0250185967761c8dad8bdbba6d3f4f727f0fcc13081b0b22ad2b86abcb76a,PASS,64.0,1.0,4.693126506106806,-0.06645376274624581,1.306873493893193,0.0
sha256:5beb1a6d99bbbd17fd51c7fbc4ef4e63ed2d7101e5ceda1492c756db1f2122c7,sha256:d68a0ce4eb5d842dad35c704f04c58aef6ab6eac75d5f075c81f55a32c10eb8f,PASS,64.0,1.0,5.004706589057209,-0.03545342349739622,0.9952934109427898,0.0
sha256:5beb1a6d99bbbd17fd51c7fbc4ef4e63ed2d7101e5ceda1492c756db1f2122c7,sha256:ed862a8601f28417889cc528d949ee7c37ef6a6d5507efac2940f92a925360a5,PASS,64.0,1.0,5.028050258719049,-0.03461483869446824,0.9719497412809496,0.0
sha256:5beb1a6d99bbbd17fd51c7fbc4ef4e63ed2d7101e5ceda1492c756db1f2122c7,sha256:fde463ec56879616b621ed22056c5f32deae51c09b733044539ee4d0d94b8c59,PASS,64.0,1.0,5.008755162023798,-0.035286450991400264,0.9912448379762009,0.0
sha256:5beb1a6d99bbbd17fd51c7fbc4ef4e63ed2d7101e5ceda1492c756db1f2122c7,sha256:ff20c55b4ce7c97089e7a98b53ec620ca944e418d55baaa8a573a7042f34a1b5,PASS,64.0,1.0,4.8103174283569,-0.04017389952239503,1.1896825716430994,0.0
sha256:61faf60db885a5f7432518ff29e228ecf3f8d4aa0f4e90860233da996e7d6fc7,sha256:0b7717309e1f822759f1592ba381939b7490798a7bb6364a1076de2605ad9a58,PASS,64.0,1.0,7.6689748062100485,0.0693296299962114,20.33102519378995,0.0
sha256:61faf60db885a5f7432518ff29e228ecf3f8d4aa0f4e90860233da996e7d6fc7,sha256:2bef12509ce9e880b1e1bc29b9e780f62b2cfc66991abacf788c70515675ac05,PASS,64.0,1.0,7.560401863152837,0.0621234407095379,20.439598136847163,0.0
sha256:61faf60db885a5f7432518ff29e228ecf3f8d4aa0f4e90860233da996e7d6fc7,sha256:34a30bde4fe2e36ab0be3d177e1d2d3fdc883988416469982924b39c1d8edd7f,PASS,64.0,1.0,7.618630226134098,0.06630558888978655,20.381369773865902,0.0
sha256:61faf60db885a5f7432518ff29e228ecf3f8d4aa0f4e90860233da996e7d6fc7,sha256:353ce0fce85797a766a5be325e047315a3127451dc6ec3c5a52ba0d61a6b7ec1,PASS,64.0,1.0,7.701100948969557,0.07326061171290732,20.298899051030443,0.0
sha256:61faf60db885a5f7432518ff29e228ecf3f8d4aa0f4e90860233da996e7d6fc7,sha256:3bceade963875259145a3e7fe99eeb62509bf8d214574df2b1ad4732f36c57f8,PASS,64.0,1.0,7.648104409698945,0.06693957995424427,20.351895590301055,0.0
sha256:61faf60db885a5f7432518ff29e228ecf3f8d4aa0f4e90860233da996e7d6fc7,sha256:5173c22d81d4b81faffda798546abfb384d8bcb11910c528afae83a04f48be51,PASS,64.0,1.0,1.9089855342913538,0.0,26.091014465708646,0.0
sha256:61faf60db885a5f7432518ff29e228ecf3f8d4aa0f4e90860233da996e7d6fc7,sha256:a5c4ac93a1ef5994b4440661f91929324a5c343577c12ee720e437916940820c,PASS,64.0,1.0,7.192741871186858,0.04169826265692578,20.807258128813142,0.0
sha256:61faf60db885a5f7432518ff29e228ecf3f8d4aa0f4e90860233da996e7d6fc7,sha256:c93649da5d0a6720a60fba17e5b62c4223a4f196f1d6699c10e888dce5ee809f,PASS,64.0,1.0,7.63208802385401,0.06634118323734128,20.36791197614599,0.0
sha256:61faf60db885a5f7432518ff29e228ecf3f8d4aa0f4e90860233da996e7d6fc7,sha256:e3c856a03b5f166f48ada0b5e1f0253419203ff05be805a34bada42c6ae0b656,PASS,64.0,1.0,7.739982189993473,0.07714147205212285,20.260017810006527,0.0
sha256:62af01a047ac10066296e766243f1e1f3f03b4b107a166319407db7df23f4dc4,sha256:476b50d09e09e66e75319d984232741b2f4d4b27c3fb052fa7e1bb1aa7b82ec0,PASS,64.0,1.0,7.486359696938184,-0.017152489581256702,8.51364030306182,0.0
sha256:62af01a047ac10066296e766243f1e1f3f03b4b107a166319407db7df23f4dc4,sha256:89c8f6f409439bdb41428283008ec3738b707d209a9a8d1d08efbe9dc43166d4,PASS,64.0,1.0,7.4488298332392056,-0.022745295929830434,8.551170166760798,0.0
sha256:62af01a047ac10066296e766243f1e1f3f03b4b107a166319407db7df23f4dc4,sha256:91b8a504fcfaeb8d0ba801be4f2f3134536caa10af2704707f8aee1196de3732,PASS,64.0,1.0,7.678775390825676,-0.009653645549201784,8.321224609174328,0.0
sha256:62af01a047ac10066296e766243f1e1f3f03b4b107a166319407db7df23f4dc4,sha256:a2369573f9d87e7c1eafa99adf2fad90e7ea11f4a86f87ba0b60b0f9aeea53cc,PASS,64.0,1.0,7.617931813784857,-0.010902760805294065,8.382068186215147,0.0
sha256:62af01a047ac10066296e766243f1e1f3f03b4b107a166319407db7df23f4dc4,sha256:a6a75e40c903d58313cdb67bad8b2d2970788a6e963b914f1d31cca3e6c3e2d9,PASS,64.0,1.0,7.553455956216387,-0.06563141493555413,8.446544043783616,0.0
sha256:62af01a047ac10066296e766243f1e1f3f03b4b107a166319407db7df23f4dc4,sha256:ab89d61551046ddc8c34b4d25b778ffdacf47c6eb3f2ffbb4485af3399fb8079,PASS,64.0,1.0,7.469466016979812,-0.017429903947672187,8.530533983020192,0.0
sha256:62af01a047ac10066296e766243f1e1f3f03b4b107a166319407db7df23f4dc4,sha256:b3702100dd6aa2e3bd4e8d6017fe47816a092e0e8d2955aa12d0b920dd5557d2,PASS,64.0,1.0,7.409477790465775,-0.03321650170202517,8.590522209534228,0.0
sha256:62af01a047ac10066296e766243f1e1f3f03b4b107a166319407db7df23f4dc4,sha256:c338d9f2095a5874135c8b90d1eafa985c324c02e422cf5b7f144c410b69210d,PASS,64.0,1.0,7.516263474493272,-0.02130252616289141,8.483736525506732,0.0
sha256:62af01a047ac10066296e766243f1e1f3f03b4b107a166319407db7df23f4dc4,sha256:d0293429cb292a4668e9189c973720f70a8125e31a90e8d76f4a0a9b089647ea,PASS,64.0,1.0,9.042959496249459,-0.04162139386126462,6.957040503750544,0.0
sha256:62af01a047ac10066296e766243f1e1f3f03b4b107a166319407db7df23f4dc4,sha256:fb050f50dc1a0af6bdf2783409e0d5d1c16a90041f50a877a70d1bfcde30d620,PASS,64.0,1.0,7.424963683126414,-0.06281250708368802,8.57503631687359,0.0
sha256:62af01a047ac10066296e766243f1e1f3f03b4b107a166319407db7df23f4dc4,sha256:fc62773c2029f90e7ac44b8cad3cba564b9adaeb51fdd96916d3b59d8262b384,PASS,64.0,1.0,7.349019933858774,-0.05208340925453214,8.65098006614123,0.0
sha256:63332b181b4f85d57c3f1f8aa629d80c9386423705d6bac0512a19938277ed18,sha256:11a9b2be9399bb3993976e0baa83b06d0a8ed7b469b70edc6650c89748b501bb,PASS,64.0,1.0,0.40732577697779804,-0.005402642029651128,1.2259760110359037,59.0
sha256:63332b181b4f85d57c3f1f8aa629d80c9386423705d6bac0512a19938277ed18,sha256:2e6a3709d472059a99720b8067acd048fe77e187a62a9321866fd51f35ceb04a,PASS,64.0,1.0,0.02401005158479641,-0.010369468180183694,0.9790940104055054,59.0
sha256:63332b181b4f85d57c3f1f8aa629d80c9386423705d6bac0512a19938277ed18,sha256:46d5c10fb6418bd069f04bd29fad310d17c4f54c97296c8448debc49f33f019b,PASS,64.0,1.0,2.3924066890678946,-0.18085025110899622,3.6075933109321046,0.0
sha256:63332b181b4f85d57c3f1f8aa629d80c9386423705d6bac0512a19938277ed18,sha256:4cf1ff9b6d5cb9982fd413b8b8265297b0822c90b1142a8081673491059bd8e8,PASS,64.0,1.0,-0.12116606565423882,-0.002286524026247738,1.0080674313479185,59.0
sha256:63332b181b4f85d57c3f1f8aa629d80c9386423705d6bac0512a19938277ed18,sha256:51ac00c375acea169d485173e1230b40b3d3fdf81eb6b1e7e9d0a48817fb271a,PASS,64.0,1.0,1.4243357196686546,-0.022600277834663896,1.559521932380973,59.0
sha256:63332b181b4f85d57c3f1f8aa629d80c9386423705d6bac0512a19938277ed18,sha256:7ad72f109cdb3c1e7b936d7b64c6e6997315e341b3d43723559971be483e70de,PASS,64.0,1.0,-0.1238552131512024,-0.005220916101819406,0.9869736433164227,59.0
sha256:63332b181b4f85d57c3f1f8aa629d80c9386423705d6bac0512a19938277ed18,sha256:82949a49b0506636fb0aeb81c436195f1911bee58c798bc74d4cfefd8b8b9227,PASS,64.0,1.0,-0.2687532973697605,-0.00965423034207058,0.8651908350672767,59.0
sha256:63332b181b4f85d57c3f1f8aa629d80c9386423705d6bac0512a19938277ed18,sha256:a01a09229b7ffcab94740fb14028318f859c0bac20d048c7c74ff02d1286b0e1,PASS,64.0,1.0,0.12432311962264975,-0.006343401752175071,1.0685047220504527,59.0
sha256:63332b181b4f85d57c3f1f8aa629d80c9386423705d6bac0512a19938277ed18,sha256:a7d1d7cfdf742b8a09aff5ba0191ad2fcac8e93213639b893a3e8dc85810e629,PASS,64.0,1.0,-0.09459434665297217,-0.009262223132841307,0.956247788595498,59.0
sha256:63332b181b4f85d57c3f1f8aa629d80c9386423705d6bac0512a19938277ed18,sha256:d52b5d98d90ca4940cf06c589279b71b97444bc02e9a03603042b5ac26d75bfd,PASS,64.0,1.0,-0.16900885171379482,5.662137425588298e-15,0.4852891299296729,19.0
sha256:63332b181b4f85d57c3f1f8aa629d80c9386423705d6bac0512a19938277ed18,sha256:e74990878ad4785cbf739fae2c93fdf9fd1183d7cbde0cd73d4c5c47c8a68631,PASS,64.0,1.0,-0.049956694352347064,-0.01042072126989313,0.9585045445012756,59.0
sha256:63332b181b4f85d57c3f1f8aa629d80c9386423705d6bac0512a19938277ed18,sha256:fd4d49eb11ae49aacaed9e17487d65c427fc904c6a3f5a653e0ea0b40761ce35,PASS,64.0,1.0,-0.11398063054030738,-0.008222222961285608,0.9656215310123809,59.0
sha256:63a73f9efff44891959717f3e7a601c46a19896544d7816d7d7608b43d12d6ba,sha256:011aa66b3188b26547c3de85b797ba688328d7d95836b7603c5e54960ba438db,PASS,64.0,1.0,14.939636578487779,-0.21777683432263473,80.03974212747129,6.0
sha256:63a73f9efff44891959717f3e7a601c46a19896544d7816d7d7608b43d12d6ba,sha256:2cdda93530e6f65f4d5cc8ecf9b6989ca7272012e76b34dbf3a7fefe814973ce,PASS,64.0,1.0,14.730190867538667,-0.7098002144883679,92.37111601761367,6.0
sha256:63a73f9efff44891959717f3e7a601c46a19896544d7816d7d7608b43d12d6ba,sha256:57f3c936705fd8ed4cd912b0651afefd1ff29e30a40cde7ef2655f8140bf44c3,PASS,64.0,1.0,13.559234994811277,-0.4192213212101876,77.07553728608312,6.0
sha256:63a73f9efff44891959717f3e7a601c46a19896544d7816d7d7608b43d12d6ba,sha256:7ad6cbfb99d81b15e6ca86e321509c2fc768eb4d17cda5885bb1c021c5e172fe,PASS,64.0,1.0,13.604396240511733,-0.3199058564542554,78.79743005602529,6.0
sha256:63a73f9efff44891959717f3e7a601c46a19896544d7816d7d7608b43d12d6ba,sha256:9454fa59d8901f96a70c083e9780ba5c02a7db1b1bc63eb82293ea7609fe467a,PASS,64.0,1.0,15.239669441746514,-0.07979970790026414,90.76916948463987,6.0
sha256:63a73f9efff44891959717f3e7a601c46a19896544d7816d7d7608b43d12d6ba,sha256:a5f682d2cb3235db0b1d84d72c65255b5dcf107e599a6b17e4a547a12cf89c78,PASS,64.0,1.0,10.342807037261068,0.2652652092763077,90.87623411599343,16.0
sha256:63a73f9efff44891959717f3e7a601c46a19896544d7816d7d7608b43d12d6ba,sha256:fb6f755c063068aa4db7af8d6889e94d3fdd3243195b59c64fef0a32bef38ec0,PASS,64.0,1.0,15.63537142099932,-0.06914929537681758,83.30741988095826,6.0
sha256:651d1c25c6869ad0047b73cebaf29447014385404c2a6300ab266c3af01b5b5b,sha256:1d1c395d7cf45ac6e687a8cc9a9bb9b7189a9ed049595804591615c273dd9c7e,PASS,64.0,1.0,-1.3156433560616279,0.04003835790710042,1.6665327153881104,3.0
sha256:651d1c25c6869ad0047b73cebaf29447014385404c2a6300ab266c3af01b5b5b,sha256:3530b0a7a043d61571d1252b6c70a6c94f317ebebd5049c9fe1ac564a9b3930f,PASS,64.0,1.0,-1.349748285352839,0.011625378490184968,3.5334295349713694,47.0
sha256:651d1c25c6869ad0047b73cebaf29447014385404c2a6300ab266c3af01b5b5b,sha256:36a78f05550e6ff0b26aedbbad912325ead6d13de6e90152953373dca5574d4f,PASS,64.0,1.0,-1.6566494135899439,0.03154371826015678,3.4814582495732203,47.0
sha256:651d1c25c6869ad0047b73cebaf29447014385404c2a6300ab266c3af01b5b5b,sha256:53ed458fad7b6ebcc0c8aa05ad435517b68afeebfdba9283bda69f03cdf573d2,PASS,64.0,1.0,-1.4688373114591737,0.019129939822299047,3.5127518679624696,47.0
sha256:651d1c25c6869ad0047b73cebaf29447014385404c2a6300ab266c3af01b5b5b,sha256:5c49873c03bde6ae77e4375bc02cde5e587d28b5bb43367667d8d5d676bda9b1,PASS,64.0,1.0,-1.633089747688003,0.03285974932474023,3.5000871088711696,47.0
sha256:651d1c25c6869ad0047b73cebaf29447014385404c2a6300ab266c3af01b5b5b,sha256:6368940a7a5476a2d5980ab78e9e92ae2c314e2c27d719fe25f434bf888d34f0,PASS,64.0,1.0,-3.0251574552021956,-0.038797036553275266,3.6272414958439803,42.0
sha256:651d1c25c6869ad0047b73cebaf29447014385404c2a6300ab266c3af01b5b5b,sha256:65d4da01b66188c1dc000c58b2239462db2d59f761e619cee3a12f946d34650c,PASS,64.0,1.0,-3.2396176675930537,-0.0371941616888356,3.5443807164803065,42.0
sha256:651d1c25c6869ad0047b73cebaf29447014385404c2a6300ab266c3af01b5b5b,sha256:7a8732bc71036a3755f4152dd0f8d1cc6fcdc0feb187772ad609ef282a1f2ac3,PASS,64.0,1.0,-1.6606911772416892,0.029391596811089826,3.470988189570791,47.0
sha256:651d1c25c6869ad0047b73cebaf29447014385404c2a6300ab266c3af01b5b5b,sha256:8eae7f1661f91fd3f3293642d31f4402709e34267fb3a254000b3834f43295e7,PASS,64.0,1.0,-0.9718882921873101,-3.1086244689504383e-15,0.9718882921873101,3.0
sha256:651d1c25c6869ad0047b73cebaf29447014385404c2a6300ab266c3af01b5b5b,sha256:d43858cffcb5ef7ffaa2d43818ec08e143d70c343cc0f3929d166d340a97bdce,PASS,64.0,1.0,-1.5740171946668498,0.021956678084402714,3.4898580588483683,47.0
sha256:651d1c25c6869ad0047b73cebaf29447014385404c2a6300ab266c3af01b5b5b,sha256:da1e01ec613be99485f5e5a15cab89b5bc7df86f918ebd28babaf7eec63c3d5c,PASS,64.0,1.0,-3.0915323133389476,-0.035475015258402465,3.592704855910969,42.0
sha256:651d1c25c6869ad0047b73cebaf29447014385404c2a6300ab266c3af01b5b5b,sha256:e4a0646982de44f702b4cd7ff66d7b842cfd4770a7aa30535d1d0d442aa35936,PASS,64.0,1.0,-1.6369372362856778,0.026377656338783417,3.4738155359988125,47.0
sha256:651d1c25c6869ad0047b73cebaf29447014385404c2a6300ab266c3af01b5b5b,sha256:eafee163cfd360fdb4e805652943f7989b81c55950a3486c71a047e86c24977e,PASS,64.0,1.0,-3.303911754950776,-0.03971790012387455,3.5189281796066902,42.0
sha256:651d1c25c6869ad0047b73cebaf29447014385404c2a6300ab266c3af01b5b5b,sha256:f4f7cd22363e70889d00a80cd1253e3452ef5ff1aac91c14311dad6070e1069e,PASS,64.0,1.0,-3.1676855233404577,-0.035991227748135124,3.5690487173292578,42.0
sha256:6710bf2d94fd133a2e3198a219550df6575c6c9ad17177fc29515fa62236c8a5,sha256:153f39bc8061ae4826833e64a84c9c09d13301f24b2819d19577d35c41867dcc,PASS,64.0,1.0,0.5971918433530137,-0.010235070572849114,3.474277266437894,0.0
sha256:6710bf2d94fd133a2e3198a219550df6575c6c9ad17177fc29515fa62236c8a5,sha256:297daf302cfa47d2ad55b9b201f371bf4e6313c6bb4573c4992681450456246c,PASS,64.0,1.0,-1.8768179685201998,-4.418687638008123e-14,1.8768179685201998,0.0
sha256:6710bf2d94fd133a2e3198a219550df6575c6c9ad17177fc29515fa62236c8a5,sha256:53fbd61fe43ea4988a3ba1b5672ed14b5b31113fc93fb0acfc292305bf995be0,PASS,64.0,1.0,-1.7874838061136262,2.0650148258027912e-14,1.7874838061136262,0.0
sha256:6710bf2d94fd133a2e3198a219550df6575c6c9ad17177fc29515fa62236c8a5,sha256:688e8b924951c703867c94aa620e43da424c66e925afb5306a79ccb7fe8f799a,PASS,64.0,1.0,5.482210578988251,0.05990085573852966,30.541612457608714,14.0
sha256:6710bf2d94fd133a2e3198a219550df6575c6c9ad17177fc29515fa62236c8a5,sha256:78f4927b19c338da617756dd010116c5d1c8b2c252fa0cea6214f485ea78dad4,PASS,64.0,1.0,0.0,0.0,0.0,0.0
sha256:6710bf2d94fd133a2e3198a219550df6575c6c9ad17177fc29515fa62236c8a5,sha256:8ea70034c31a4f4a37953be1e1ea483bf5488e26ac351c362ef0cf45a06987f7,PASS,64.0,1.0,-0.05203874210610948,0.1259196180402551,10.576238587617109,0.0
sha256:6710bf2d94fd133a2e3198a219550df6575c6c9ad17177fc29515fa62236c8a5,sha256:9abad98b09199973eea591dcd258da2ad131108116ca8581499135e92181de68,PASS,64.0,1.0,-1.939110554922791,-3.774758283725532e-15,1.939110554922791,0.0
sha256:6710bf2d94fd133a2e3198a219550df6575c6c9ad17177fc29515fa62236c8a5,sha256:dd236f196c87444cbf43f6482668f020a40ac6e9317cea6ece3dada58bc10e0d,PASS,64.0,1.0,-1.6239863037120768,0.020286359042073432,1.6239863037120768,0.0
sha256:6710bf2d94fd133a2e3198a219550df6575c6c9ad17177fc29515fa62236c8a5,sha256:e0b99558dd27713aa565c4507a4b1594eab634cee1242325089a656292fba577,PASS,64.0,1.0,-1.6862485451417952,2.3092638912203256e-14,1.6862485451417952,0.0
sha256:6c8e828f71a05c5c7ac186aeccf4963d88fd55d5ddd5ffa500dece610782031d,sha256:0adff78796b95a40688602e886773e64ded3124c6e02cfb5b932bba394868159,PASS,64.0,1.0,-2.235283532310774,-0.047742615326487936,7.495045352095236,53.0
sha256:6c8e828f71a05c5c7ac186aeccf4963d88fd55d5ddd5ffa500dece610782031d,sha256:0e73e26bb8a978f003d202cfe5678e175fb63025a260386dd969b96627528103,PASS,64.0,1.0,-4.884822921316224,-0.11909085384553553,6.766390757124024,49.0
sha256:6c8e828f71a05c5c7ac186aeccf4963d88fd55d5ddd5ffa500dece610782031d,sha256:24631a8ec8f71fce9d81ab0a9d9d332c8b8aceedf60eb5a2db6baae966f6aa0e,PASS,64.0,1.0,-2.3933350176836665,0.0201322205510559,4.736938313877559,53.0
sha256:6c8e828f71a05c5c7ac186aeccf4963d88fd55d5ddd5ffa500dece610782031d,sha256:59bcea391b5543e1d5e56b7daaabf8dd377733b34589066c5cd6b5ea20a0fe2d,PASS,64.0,1.0,-4.739525180980644,-0.08495381293341175,6.835657697841606,49.0
sha256:6c8e828f71a05c5c7ac186aeccf4963d88fd55d5ddd5ffa500dece610782031d,sha256:72a6f966b4c3828d7c4886d6917d65072cf8a50920da5903bae664223c0b3c3c,PASS,64.0,1.0,-4.706160616179996,-0.08106182734381928,6.906313251754336,49.0
sha256:6c8e828f71a05c5c7ac186aeccf4963d88fd55d5ddd5ffa500dece610782031d,sha256:86fd02374d5d810be36043e888766e7d8e3a7e28767b4a0640532ca94273c1f5,PASS,64.0,1.0,-4.717183373165769,-0.08722585595552701,6.885223648739499,49.0
sha256:6c8e828f71a05c5c7ac186aeccf4963d88fd55d5ddd5ffa500dece610782031d,sha256:87926b6ea0e9892fff5c5d26a2286c747ffac63ca66dad2fa0a89061664bf50c,PASS,64.0,1.0,-4.754445034223378,-0.08486666569016865,6.850374895292105,49.0
sha256:6c8e828f71a05c5c7ac186aeccf4963d88fd55d5ddd5ffa500dece610782031d,sha256:9a7dde76b43b56364ca10d8ea127e51a9bdd89a0b5d001876b988dafc0bcb631,PASS,64.0,1.0,8.628874060611917,-0.5028633186019764,10.706331991005431,3.0
sha256:6c8e828f71a05c5c7ac186aeccf4963d88fd55d5ddd5ffa500dece610782031d,sha256:b3f2ae4cf4b0dcfe2f1edc28f601935f4058025da6215dac4df0df2cd1d7b60a,PASS,64.0,1.0,-3.5168035144883056,0.11424333914501439,4.571978236238949,53.0
sha256:6c8e828f71a05c5c7ac186aeccf4963d88fd55d5ddd5ffa500dece610782031d,sha256:dc71279efc414d1b5c8d003d15053573aa3af3f19fa7acc5d50716915ea2c144,PASS,64.0,1.0,-4.9154622895460545,-0.09982843554208287,6.654531274531406,49.0
sha256:6c8e828f71a05c5c7ac186aeccf4963d88fd55d5ddd5ffa500dece610782031d,sha256:e6ea1f6591bebf250841cc61aea692721b88d3b40d52eac9ebc3c38fbeea0afe,PASS,64.0,1.0,-4.820434054239285,-0.10564366143026138,6.819418391092312,49.0
sha256:6c8e828f71a05c5c7ac186aeccf4963d88fd55d5ddd5ffa500dece610782031d,sha256:e72c0521a5a22df9a0eb8fc6e3beb3e8019a6619e345f01c9778503cbf0d4c77,PASS,64.0,1.0,-4.57457646094014,0.05524174653453784,8.082643076110472,0.0
sha256:6c8e828f71a05c5c7ac186aeccf4963d88fd55d5ddd5ffa500dece610782031d,sha256:fa24ad4a071032944a046e6bb683314c360d3b50fb2ad7c0d0582feb0098aed7,PASS,64.0,1.0,-1.0291176336378443,4.440892098500626e-15,1.934715499219357,49.0
sha256:6c8e828f71a05c5c7ac186aeccf4963d88fd55d5ddd5ffa500dece610782031d,sha256:ff0bcac6f93030e7e614700ca5f483b662c729b30a454619f799c7f9ee5ab4c8,PASS,64.0,1.0,-4.704170737954193,-0.08545425033481813,6.921664033623749,49.0
sha256:6d39926190538294f7153287c797b64afa70e4405610e6997c682a34d71f1f39,sha256:0d6c639d142ae10bdf16d4f1877370268f5cbcb29ef0f3da90d0e46bcb68fc47,PASS,64.0,1.0,2.734207280388201,-2.3092638912203256e-14,11.2657927196118,1.0
sha256:6d39926190538294f7153287c797b64afa70e4405610e6997c682a34d71f1f39,sha256:24b70c9e0b4eb3f25903e4e11c0ce4a21f2808ee298b5aa10afe1aaf667d183f,PASS,64.0,1.0,4.510669016360874,0.1418330354994648,10.541999061618576,1.0
sha256:6d39926190538294f7153287c797b64afa70e4405610e6997c682a34d71f1f39,sha256:31f0dcd1a428f72483779f5fffbd03c85a7ece1a5cca0245c4c6e6339cc1175d,PASS,64.0,1.0,2.815964126477935,1.0658141036401503e-14,11.184035873522067,1.0
sha256:6d39926190538294f7153287c797b64afa70e4405610e6997c682a34d71f1f39,sha256:435de24936f58f313bbb39f25055f4ba212ad86d1d85689e1067127c36f44476,PASS,64.0,1.0,8.44301969966174,0.11203192641665183,19.583314339327984,1.0
sha256:6d39926190538294f7153287c797b64afa70e4405610e6997c682a34d71f1f39,sha256:5f36688596f00e02e76f6519bea19827f15f87e6c55b119bd8ecc49ce0d0343d,PASS,64.0,1.0,2.785794321516482,2.3092638912203256e-14,11.21420567848352,1.0
sha256:6d39926190538294f7153287c797b64afa70e4405610e6997c682a34d71f1f39,sha256:9f17d78cb1fb4973d09b7527521ede537fadfa250bca516eeb335fde38712e37,PASS,64.0,1.0,2.8083041267790545,-1.4210854715202004e-14,11.191695873220947,1.0
sha256:6d39926190538294f7153287c797b64afa70e4405610e6997c682a34d71f1f39,sha256:f5e6d255c456bc6941e1d85f1d85659d1ebd7b2b048d4cc2ef30d59fd29e092c,PASS,64.0,1.0,2.6406968327462863,-7.105427357601002e-15,11.359303167253715,1.0
sha256:6d39926190538294f7153287c797b64afa70e4405610e6997c682a34d71f1f39,sha256:ffe5f3c67b1b4a8447a2d677b49e2dc311e355a2eb383c0e27dbe99bfb016e7c,PASS,64.0,1.0,5.757231805914425,-0.02077534869593034,4.766968039596574,1.0
sha256:6d5af9abdb6bc0b322b30d9cad06d7471821fff96df8c14ffca52fe4ac05164c,sha256:643f77e9f02bf9c184088f457433b65d9055b7741ecd33dfc550bd5dbb381bff,PASS,64.0,1.0,2.979083390846739,-0.11293895807892085,3.020916609153261,1.0
sha256:6d5af9abdb6bc0b322b30d9cad06d7471821fff96df8c14ffca52fe4ac05164c,sha256:6bc1e4a38f05e8c006f0416d9b1b3cc3936dd3bdcecc92c96fb7382da78f4727,PASS,64.0,1.0,2.9899901498132935,-0.1116379260808178,3.0100098501867065,1.0
sha256:6d5af9abdb6bc0b322b30d9cad06d7471821fff96df8c14ffca52fe4ac05164c,sha256:86668f8d06f257b37bbbb1abce19b422e13adec0082b9d0e894ff68a8cc677ba,PASS,64.0,1.0,3.006464096125094,-0.10633374364859094,2.993535903874906,1.0
sha256:6d5af9abdb6bc0b322b30d9cad06d7471821fff96df8c14ffca52fe4ac05164c,sha256:947d7537e80ce1fb70dc86e4c03f3208c58d5fd36f61546350d955d5409df729,PASS,64.0,1.0,2.532196315959977,-0.08237000819768836,3.467803684040023,1.0
sha256:6d5af9abdb6bc0b322b30d9cad06d7471821fff96df8c14ffca52fe4ac05164c,sha256:a3ca99e88d53406cef2e993f969f71c3893d4918fd7cf8925f45726bb3c1f519,PASS,64.0,1.0,2.998365380792412,-0.10943680703627834,3.001634619207588,1.0
sha256:6d5af9abdb6bc0b322b30d9cad06d7471821fff96df8c14ffca52fe4ac05164c,sha256:b4d3a68f082f2a137b0e77421877eb55ed3139304484d811fe61fdb47baa0e59,PASS,64.0,1.0,2.8917816131572707,-0.10771519584677325,3.1082183868427293,1.0
sha256:6d5af9abdb6bc0b322b30d9cad06d7471821fff96df8c14ffca52fe4ac05164c,sha256:bea1c5629106ce23e491739c44dc5b4fedf28723b742c144ae8f288488b02040,PASS,64.0,1.0,2.953672367666486,-0.11416722250815337,3.046327632333514,1.0
sha256:6d5af9abdb6bc0b322b30d9cad06d7471821fff96df8c14ffca52fe4ac05164c,sha256:e05c21822c2f70dbeb77e5f3c4ae1623fce45f4038637fc9ec82cb1e8fdc1569,PASS,64.0,1.0,2.572866135395634,-0.09327165615719224,3.427133864604366,1.0
sha256:6eda9cdf75c1e5fb3b598b18b05d588ec3b00281457bdea1a2ea3e120aef1c48,sha256:00e7e9f8a27dd1e6aadf97a48d77e91e13baa269d1a811439de86294fd1ec422,PASS,64.0,1.0,3.411535951737349,-0.07152210812260051,22.65469964888904,13.0
sha256:6eda9cdf75c1e5fb3b598b18b05d588ec3b00281457bdea1a2ea3e120aef1c48,sha256:1784c2602a3dc74a10e873492ea2ba0b40feefbdcbc1f7af2c3c3db8165f963a,PASS,64.0,1.0,3.6159187539342845,-0.05699806568572541,22.248581756768914,13.0
sha256:6eda9cdf75c1e5fb3b598b18b05d588ec3b00281457bdea1a2ea3e120aef1c48,sha256:210abf7390b23d7e00e848f69daf77e2dc72981019d213d2516888c635016a54,PASS,64.0,1.0,3.9558395522494187,-0.047160881862730264,21.827703580722986,13.0
sha256:6eda9cdf75c1e5fb3b598b18b05d588ec3b00281457bdea1a2ea3e120aef1c48,sha256:272b7d5b520effc7a017113989dfa8672e65933ba9f08b3a69afbe642a0d38cb,PASS,64.0,1.0,3.5797623676799297,-0.07482153896901877,22.643709325609063,13.0
sha256:6eda9cdf75c1e5fb3b598b18b05d588ec3b00281457bdea1a2ea3e120aef1c48,sha256:33583c154f4ba0c0ff0ae1935c6f121bdc058d5be3c98d69eb819a315b5a822e,PASS,64.0,1.0,3.377810598635808,-0.0694419290083701,22.62860322638293,13.0
sha256:6eda9cdf75c1e5fb3b598b18b05d588ec3b00281457bdea1a2ea3e120aef1c48,sha256:3d342d78f478ad05bced8ae3c08ee2f31f19f5c0016ed40a85276a86e32f7d4f,PASS,64.0,1.0,3.9845620106341144,-0.046336336326472605,21.790278543511526,13.0
sha256:6eda9cdf75c1e5fb3b598b18b05d588ec3b00281457bdea1a2ea3e120aef1c48,sha256:3eedcae699f59b58487a5173d8c03aabd2aa4113753cbe39bd9c832adedfc262,PASS,64.0,1.0,4.058370641388418,-0.053985442621659274,21.74502165691575,13.0
sha256:6eda9cdf75c1e5fb3b598b18b05d588ec3b00281457bdea1a2ea3e120aef1c48,sha256:4e5277253805b8021e31473ef0fad5c80caef3da5f0f5d6cbdebc3c8f542a013,PASS,64.0,1.0,3.987980666448845,-0.059113855210117805,21.840780571829153,13.0
sha256:6eda9cdf75c1e5fb3b598b18b05d588ec3b00281457bdea1a2ea3e120aef1c48,sha256:4e6f8f8348f5f99aba0fa735dbe0be53a67f7e6079dbd89927095045fb59b4f8,PASS,64.0,1.0,3.4605835564839786,-0.06436900717144667,22.497334546841117,13.0
sha256:6eda9cdf75c1e5fb3b598b18b05d588ec3b00281457bdea1a2ea3e120aef1c48,sha256:7b1b47d57d28540015b2762b5e59ca0a56e6c3fc1dc2fc77e8622fba975e5fa9,PASS,64.0,1.0,3.669122387763206,-0.07647709380725942,22.673261556733397,13.0
sha256:6eda9cdf75c1e5fb3b598b18b05d588ec3b00281457bdea1a2ea3e120aef1c48,sha256:894399548201a039a6e7485ceee3ae2bb8929d7399e490fc42433f04c63553b0,PASS,64.0,1.0,4.026318287109373,-0.056243612769364404,21.788835666881997,13.0
sha256:6eda9cdf75c1e5fb3b598b18b05d588ec3b00281457bdea1a2ea3e120aef1c48,sha256:b573edafba00afd906d6f8e54e3422fcca642c2ec923bb37cf11b51703c7d557,PASS,64.0,1.0,4.010905288564157,-0.04578614779037338,21.755774545333626,13.0
sha256:6eda9cdf75c1e5fb3b598b18b05d588ec3b00281457bdea1a2ea3e120aef1c48,sha256:d6c78b4ab3f074d32cec879f8b044f5b0a15972761e3fdfc9802c9ce002d0396,PASS,64.0,1.0,4.089207362843823,-0.05185157111231575,21.703767202199405,13.0
sha256:6eda9cdf75c1e5fb3b598b18b05d588ec3b00281457bdea1a2ea3e120aef1c48,sha256:dd804c6b0bacc710bb22a93fb26cd6796b1c03a18e47752d8eaf6d8bda619411,PASS,64.0,1.0,3.504539905809782,-0.06183251485138541,22.414785316217724,13.0
sha256:6eda9cdf75c1e5fb3b598b18b05d588ec3b00281457bdea1a2ea3e120aef1c48,sha256:eaa6fbd5e3d6bbe39ab966d472d95eadc9b61d57928e49d2a74e9818c14a1400,PASS,64.0,1.0,3.5681385273462105,-0.05872099647385909,22.320654367959527,13.0
sha256:6eda9cdf75c1e5fb3b598b18b05d588ec3b00281457bdea1a2ea3e120aef1c48,sha256:f101c8c7a0597aaa2fc26c83a7325fbf8225aa04c92bee50bccfbc1a536d1eaa,PASS,64.0,1.0,3.4816330677122167,-0.07403297140199783,22.656334711594425,13.0
sha256:6eda9cdf75c1e5fb3b598b18b05d588ec3b00281457bdea1a2ea3e120aef1c48,sha256:f4d64c56c6a6c2171be6964ad931ab14c1060d406adf96f38126aa4333bcd39c,PASS,64.0,1.0,3.767791364202072,-0.05610031147634942,22.077107242555627,13.0
sha256:6eda9cdf75c1e5fb3b598b18b05d588ec3b00281457bdea1a2ea3e120aef1c48,sha256:fb4c931c31cbcf33b0e79f896411671e360cd272f3cc64d2b72ba517be6089a5,PASS,64.0,1.0,3.7786139677201476,-0.07719388331906885,22.84241757205991,13.0
sha256:73d86411ce4c378261aab5edc53d9b472631a7670b7866e1d4ba5422d05430c5,sha256:0c918eb9904c39821cb5909a2fd72bad45b6d7a8c894b5a5b57f150664c84647,PASS,64.0,1.0,6.663074963700993,-0.20242536714625103,23.33692503629901,1.0
sha256:73d86411ce4c378261aab5edc53d9b472631a7670b7866e1d4ba5422d05430c5,sha256:20b7d0e340397c595ddb8af4f60362aa07004b613a8c34a8e46bad67000b4605,PASS,64.0,1.0,6.6766013843603105,-0.20954702797017077,23.323398615639693,1.0
sha256:73d86411ce4c378261aab5edc53d9b472631a7670b7866e1d4ba5422d05430c5,sha256:3913392e55111df625fe499b6b8821853c58bf0e18f83ef33ba60f5cc108ce7d,PASS,64.0,1.0,0.4887507576780088,0.0,29.511249242321995,0.0
sha256:73d86411ce4c378261aab5edc53d9b472631a7670b7866e1d4ba5422d05430c5,sha256:82f5d9a71e7b57436cf7b36cf2b50345516354152ec44db10ce35b1fb7e3674a,PASS,64.0,1.0,6.620149811295498,-0.21200186782782993,23.379850188704506,1.0
sha256:73d86411ce4c378261aab5edc53d9b472631a7670b7866e1d4ba5422d05430c5,sha256:9409aefa8c8aae0ad7fdbb70663e3973ca495e9ecc1c0dc58b241a3af41b3890,PASS,64.0,1.0,6.645118595696175,-0.20220294001881456,23.35488140430383,1.0
sha256:73d86411ce4c378261aab5edc53d9b472631a7670b7866e1d4ba5422d05430c5,sha256:a59d6c239c81f6686704753363f4cb6582b62d5be920599a33dd0bd67ddf71a5,PASS,64.0,1.0,6.477315474154064,-0.11845479267655534,23.52268452584594,1.0
sha256:73d86411ce4c378261aab5edc53d9b472631a7670b7866e1d4ba5422d05430c5,sha256:bc3af0a1ea583dede99cfadae9e99ecfebd9237033d7e59946339f08bd8300eb,PASS,64.0,1.0,6.6426055676675695,-0.21279118692849508,23.357394432332434,1.0
sha256:73d86411ce4c378261aab5edc53d9b472631a7670b7866e1d4ba5422d05430c5,sha256:c4bff7c1886e22cf88a45156a342f9e71a82b8632d57a2551c3b4afaa839e491,PASS,64.0,1.0,0.48817217044804906,0.0,29.511827829551954,0.0
sha256:73d86411ce4c378261aab5edc53d9b472631a7670b7866e1d4ba5422d05430c5,sha256:e788a7bb4f833be9bc4c05465d22e155532fb833b4ae0f78c3d070faa66f7d20,PASS,64.0,1.0,6.649443578001094,-0.1964349090683939,23.35055642199891,1.0
sha256:75a2e2b6ef83fe44f16611fe8c79c7e51553b21c5262571ea1ed1dad3a7fdc73,sha256:0535588ed02380716c42f3bc21e693dc7115a98ceba796f7e0828fe66d72d219,PASS,64.0,1.0,1.0213345385827495,0.0,36.97866546141726,0.0
sha256:75a2e2b6ef83fe44f16611fe8c79c7e51553b21c5262571ea1ed1dad3a7fdc73,sha256:0e32fac6f217985eb6daaa6b773918e966ba1084352b26dd7e681ecf8e824425,PASS,64.0,1.0,5.758786398732241,-0.5839441369170935,28.442348753815295,50.0
sha256:75a2e2b6ef83fe44f16611fe8c79c7e51553b21c5262571ea1ed1dad3a7fdc73,sha256:16eac5a79075dac538e6b03075c5e007e90c2f63ee53c9cf258f5aabd48f963d,PASS,64.0,1.0,5.17179677867896,-0.5528476785840759,28.34203016950171,50.0
sha256:75a2e2b6ef83fe44f16611fe8c79c7e51553b21c5262571ea1ed1dad3a7fdc73,sha256:18ce75d7c6870994a9b20d99c1b862127ebbddc3d311bb0cf3a46e105817da8f,PASS,64.0,1.0,1.0129202049357175,0.0,36.98707979506429,0.0
sha256:75a2e2b6ef83fe44f16611fe8c79c7e51553b21c5262571ea1ed1dad3a7fdc73,sha256:41ac03b685b4fbf1f0ca74ec49b9b328fae825b3b8c2ca4c9e76921af8148407,PASS,64.0,1.0,7.115979919155649,-0.5563449233573508,28.38039685477925,46.0
sha256:75a2e2b6ef83fe44f16611fe8c79c7e51553b21c5262571ea1ed1dad3a7fdc73,sha256:71314b3eec035e5e9f00614319608f6588ec1aa39451314314af58108f93c8f7,PASS,64.0,1.0,6.146467805147552,-0.6274185589112307,28.188260930905912,46.0
sha256:75a2e2b6ef83fe44f16611fe8c79c7e51553b21c5262571ea1ed1dad3a7fdc73,sha256:a6d61f6f07f1fad04ad9a5fa87f1e7fe9aa730da646d6620e5a38e0ba9c8f1e1,PASS,64.0,1.0,5.077978671371849,-0.5563204044740893,28.309625258700198,50.0
sha256:75a2e2b6ef83fe44f16611fe8c79c7e51553b21c5262571ea1ed1dad3a7fdc73,sha256:ab86cb246a99bd69ecab4be484c745968e1e7759c7251b9641a45d0b0ec4042d,PASS,64.0,1.0,4.966088467805726,-0.5735211760467323,28.256612499153327,50.0
sha256:75a2e2b6ef83fe44f16611fe8c79c7e51553b21c5262571ea1ed1dad3a7fdc73,sha256:d1338636aadacdb97a68d11c433ddfc1b86d5afe09b4515f3b053a21226af8db,PASS,64.0,1.0,9.53489345346346,-0.6040179543529263,28.465106546536546,0.0
sha256:75a2e2b6ef83fe44f16611fe8c79c7e51553b21c5262571ea1ed1dad3a7fdc73,sha256:d13f4f66c490e1877cbfefd4f43e6c92c5db096ade0407f66ec4e4a604817ee5,PASS,64.0,1.0,4.905940454050615,-0.6023313689926297,28.22107943882324,50.0
sha256:75a2e2b6ef83fe44f16611fe8c79c7e51553b21c5262571ea1ed1dad3a7fdc73,sha256:e42a5e354ea5aa6b1a31d99f1e827d335aef901dcb2d5f1f5fa4f9ec98a8d5d2,PASS,64.0,1.0,6.165303123959234,-0.6246386283075296,28.213868681014823,46.0
sha256:75a2e2b6ef83fe44f16611fe8c79c7e51553b21c5262571ea1ed1dad3a7fdc73,sha256:e7eff6c8c9f5d2f8fa2ec89e1cc088904f62bc9146f9f7a0e5dbb0c66fbd5784,PASS,64.0,1.0,9.494259028627773,-0.6170144445915895,28.505740971372234,0.0
sha256:75a2e2b6ef83fe44f16611fe8c79c7e51553b21c5262571ea1ed1dad3a7fdc73,sha256:ea34ef707145eecd2f485f9d35d9f1e7a0e5f90cb411267a7564bf49b94654b3,PASS,64.0,1.0,6.2693774162682345,-0.5864192543228341,28.23638377935614,46.0
sha256:75a2e2b6ef83fe44f16611fe8c79c7e51553b21c5262571ea1ed1dad3a7fdc73,sha256:ea62688bb2115b7513334de835c79445f5cc8bbc4a8c113b346c08b8d8d98df7,PASS,64.0,1.0,6.166436154464215,-0.6394631638874522,28.131785334252164,46.0
sha256:75a2e2b6ef83fe44f16611fe8c79c7e51553b21c5262571ea1ed1dad3a7fdc73,sha256:f03cd9831b3a3e2f6da6be2d8839197892b68764be7d466fcdd0901bd8ee33fe,PASS,64.0,1.0,9.344040520179782,-0.5885544242791099,28.655959479820226,0.0
sha256:75a2e2b6ef83fe44f16611fe8c79c7e51553b21c5262571ea1ed1dad3a7fdc73,sha256:f55fcbd02c7fcca20d2f477384677bdf34db3331cbdc45a6826ac527451e84d2,PASS,64.0,1.0,7.638567258946061,-0.5658816242383189,28.41095916223312,46.0
sha256:75a2e2b6ef83fe44f16611fe8c79c7e51553b21c5262571ea1ed1dad3a7fdc73,sha256:fe4558d299ace090c03e90e93f297e6581d329c44f9f125eb506971c2d63e008,PASS,64.0,1.0,6.443497762997225,-0.5636055494561276,28.281074953465236,46.0
sha256:79c2db204a92c4ebb042a7ed764220250a8e99df9315de602a17f5d70a620f5a,sha256:073236989401986ef27cfa18ecbf42dcc1b7dff77043a2e5dbd693ee444d5cfc,PASS,64.0,1.0,4.495411061917782,-0.06829939221763137,5.092188649826426,50.0
sha256:79c2db204a92c4ebb042a7ed764220250a8e99df9315de602a17f5d70a620f5a,sha256:0a6e3bb1c01bac9c3f0f05cba1ebe7eac7ca7073d57140e78e5e569d30202907,PASS,64.0,1.0,4.84931406586812,-0.12386901089260238,5.150685934131881,3.0
sha256:79c2db204a92c4ebb042a7ed764220250a8e99df9315de602a17f5d70a620f5a,sha256:44fb860517678a9e5e99d473873951e05fdfbeb86e6ad3aaa8d225842e582cee,PASS,64.0,1.0,3.043348155538701,-0.134705978685008,4.989222114127327,12.0
sha256:79c2db204a92c4ebb042a7ed764220250a8e99df9315de602a17f5d70a620f5a,sha256:8437ab39557becd027a47d51143bdf82a3112843408249d39bcc18bd5238d38b,PASS,64.0,1.0,4.966620673841821,-0.12424167183114498,5.0333793261581805,3.0
sha256:79c2db204a92c4ebb042a7ed764220250a8e99df9315de602a17f5d70a620f5a,sha256:94c07246b93c573c3528de8af487db3a7efc7c783cb54387f5a2290f4ef5372e,PASS,64.0,1.0,3.028599441436544,6.217248937900877e-15,6.971400558563458,1.0
sha256:79c2db204a92c4ebb042a7ed764220250a8e99df9315de602a17f5d70a620f5a,sha256:c3495563fb97a12abb76cbfa128183e0a4b787c441823cd149889935fb4101c6,PASS,64.0,1.0,4.97111471121643,-0.11716728419854405,5.028885288783572,3.0
sha256:79c2db204a92c4ebb042a7ed764220250a8e99df9315de602a17f5d70a620f5a,sha256:cfc0a225f8e6454e220ee1facf1c718a8c51dec10e4147bf3b0768dd88434c59,PASS,64.0,1.0,4.881619261213885,-0.06041615407039291,5.118380738786117,3.0
sha256:79c2db204a92c4ebb042a7ed764220250a8e99df9315de602a17f5d70a620f5a,sha256:f6e5556463bd28891bb8bf5af83b63f015faa42553fadc3836d62e53229f6a04,PASS,64.0,1.0,3.980913958502259,-0.0750702663159526,5.059940148477511,50.0
sha256:7a303a13be87a210af44b6e4f8b454f5b3a9106f8f1e1e05d1542b20c7734aff,sha256:12fda78204a6dd59eca9283f3ca29d4bbadc29a1619995c36bf06f06b56028b5,PASS,64.0,1.0,-1.5100198987236646,-2.6201263381153694e-14,3.5100198987236646,0.0
sha256:7a303a13be87a210af44b6e4f8b454f5b3a9106f8f1e1e05d1542b20c7734aff,sha256:40db20a3da3c2d7870887608bf41e753a9b99baa5ce755b69b0aa334e8fac495,PASS,64.0,1.0,0.0,0.0,2.0,0.0
sha256:7a303a13be87a210af44b6e4f8b454f5b3a9106f8f1e1e05d1542b20c7734aff,sha256:798b72d59026f9b5f72810ef7f488af7ee9846116812420a8e370eae4afba1de,PASS,64.0,1.0,-7.338996650235275,-0.9169314257331749,11.106196977315303,9.0
sha256:7a303a13be87a210af44b6e4f8b454f5b3a9106f8f1e1e05d1542b20c7734aff,sha256:ce597ebaf0fdf07a36839a8c3db4fe33d864e0900886f0d97b1ae6160e65c99d,PASS,64.0,1.0,-1.5270563775430803,5.3290705182007514e-14,3.5270563775430803,0.0
sha256:7a303a13be87a210af44b6e4f8b454f5b3a9106f8f1e1e05d1542b20c7734aff,sha256:f30a5c74de46aa922bbf94fea70a95faace344d57b8e35de1b6f9769a78fe3e6,PASS,64.0,1.0,-1.4308701414082643,2.6645352591003757e-15,3.4308701414082643,0.0
sha256:7a303a13be87a210af44b6e4f8b454f5b3a9106f8f1e1e05d1542b20c7734aff,sha256:f36dce11b26becaef4fae21eb1df398acbc8759baa10207e9241d488d8f430bf,PASS,64.0,1.0,-1.4847084062988354,4.6629367034256575e-14,3.4847084062988354,0.0
sha256:7ad35ec0017d1bb984fe4321d99f45a61e9ab7c6f2e5020ac21656dd8bbb7c0e,sha256:4d65a9e40ee46942837cf78899c581af380c060c06f4334d24acd051302f7be9,PASS,64.0,1.0,-0.00037205827538855374,9.215718466126788e-19,0.00037205827538855374,0.0
sha256:7ad35ec0017d1bb984fe4321d99f45a61e9ab7c6f2e5020ac21656dd8bbb7c0e,sha256:4ef25ed77686e127a99caf6ef4642e256d27af2fe6cb952d753e8e6c5b763f26,PASS,64.0,1.0,-0.8293935241415806,-0.006956730245443965,0.8293935241415806,0.0
sha256:7ad35ec0017d1bb984fe4321d99f45a61e9ab7c6f2e5020ac21656dd8bbb7c0e,sha256:7c4a2a721e60c15f06870d92fd61419ae41def2e7b7de9c9cc4984f8e441512e,PASS,64.0,1.0,-0.8189343810337164,-1.3322676295501878e-15,0.8189343810337164,0.0
sha256:7ad35ec0017d1bb984fe4321d99f45a61e9ab7c6f2e5020ac21656dd8bbb7c0e,sha256:be4226ce23be191711290cf4a3f6fb6bf6b678bc7a9c8b9a884605c50c2cd4db,PASS,64.0,1.0,-0.8848890168577352,-3.219646771412954e-15,0.8848890168577352,0.0
sha256:7ad35ec0017d1bb984fe4321d99f45a61e9ab7c6f2e5020ac21656dd8bbb7c0e,sha256:db2abe3e45c3e357f4a672d6be6643625c56bd357b25f1b7a7228a747eedbd1c,PASS,64.0,1.0,-0.8235121918402648,-0.0017372502241757015,0.8235121918402648,0.0
sha256:7ad35ec0017d1bb984fe4321d99f45a61e9ab7c6f2e5020ac21656dd8bbb7c0e,sha256:ec1d1bdcdc68309ad2595456ba4c7f2ac4f498b85d76bf344960759be34734a9,PASS,64.0,1.0,-0.000304840796161443,5.421010862427522e-19,0.000304840796161443,0.0
sha256:7f2fe4ffae7d8e36f9e0c4fab024049858b34c10d7520981d2555d0a310e913c,sha256:223b43b117b01e90ae721a418d1aa59eee3acc56caa3c922b09535501f2c1a08,PASS,64.0,1.0,-0.008290517224831059,4.683753385137379e-17,0.008290517224831059,0.0
sha256:7f2fe4ffae7d8e36f9e0c4fab024049858b34c10d7520981d2555d0a310e913c,sha256:6824215b7d538e04cb792b31b41a0e7da31d1a1ddcfb041bd8f188c03ecc5aee,PASS,64.0,1.0,-0.006757563875824967,-3.5561831257524545e-17,0.006757563875824967,0.0
sha256:7f2fe4ffae7d8e36f9e0c4fab024049858b34c10d7520981d2555d0a310e913c,sha256:824c33fdba534f427702877b2da9de414b4ede3d0c5f19653b1927a00850952f,PASS,64.0,1.0,-0.008831542307191173,-2.6020852139652106e-17,0.008831542307191173,0.0
sha256:7f2fe4ffae7d8e36f9e0c4fab024049858b34c10d7520981d2555d0a310e913c,sha256:8a3ea109d71963e78ac381955d591490cc85ba1739538079a12d5d75523d97cc,PASS,64.0,1.0,-4.294487375457553,0.27480695927587995,4.294487375457553,0.0
sha256:7f2fe4ffae7d8e36f9e0c4fab024049858b34c10d7520981d2555d0a310e913c,sha256:9397e61e339bdd96ad50600651c25e3b3727d6a7275e0a57c629c2e2862aef27,PASS,64.0,1.0,-5.177309466609154,0.33096308874118563,5.177309466609154,0.0
sha256:7f2fe4ffae7d8e36f9e0c4fab024049858b34c10d7520981d2555d0a310e913c,sha256:958257a933c520093e1645d4d1be357f59da142e446831578063a0ca9f28cdf9,PASS,64.0,1.0,-4.939465210199412,0.3221175582405369,4.939465210199412,0.0
sha256:7f2fe4ffae7d8e36f9e0c4fab024049858b34c10d7520981d2555d0a310e913c,sha256:a6475f26b43f25fcf572769ed26219601880a371725f31665c91098586548f75,PASS,64.0,1.0,-5.136471993358395,0.33053998648285976,5.136471993358395,0.0
sha256:7f2fe4ffae7d8e36f9e0c4fab024049858b34c10d7520981d2555d0a310e913c,sha256:f9b5aa2ee380b5720ec23c9df76ec0676e0152cebce405dc7b55882bb91a6c80,PASS,64.0,1.0,-5.087983986550231,0.33132060831611554,5.087983986550231,0.0
sha256:7fd23dce052089e82cfff87c56e5fbd55cba17e65e209fd6ef24c883d7a29f0d,sha256:0496a63f687b6458e69dbf7a9bc8b2fee46c57f66f7d076b8b6c86e88a03eccd,PASS,64.0,1.0,0.7549346528554219,0.0005742226865514954,1.245065347144578,2.0
sha256:7fd23dce052089e82cfff87c56e5fbd55cba17e65e209fd6ef24c883d7a29f0d,sha256:09a3a993f3b09348d45033ab0a6503f1c6d6a2366bcf335ef2959847b5af2783,PASS,64.0,1.0,0.46005416971315727,0.006386745335346777,1.5399458302868427,2.0
sha256:7fd23dce052089e82cfff87c56e5fbd55cba17e65e209fd6ef24c883d7a29f0d,sha256:154c09d0207c2c2de26fbc6ceaec79f3514dcb3072d624a66ab519bfd87d06e4,PASS,64.0,1.0,0.7128038474454577,0.0012971489301190076,1.2871961525545423,2.0
sha256:7fd23dce052089e82cfff87c56e5fbd55cba17e65e209fd6ef24c883d7a29f0d,sha256:294ca967f895260ca8f5af1ab7019f4583d697452db87d1ccf62777879951d89,PASS,64.0,1.0,0.6355268410008472,1.7763568394002505e-15,1.3644731589991528,1.0
sha256:7fd23dce052089e82cfff87c56e5fbd55cba17e65e209fd6ef24c883d7a29f0d,sha256:524e0bc7b586735d0a2f1b60f2f1d78c5a0175e8c720c600d3474d641f5d0894,PASS,64.0,1.0,0.6770213005598604,0.001637097560293288,1.3229786994401396,2.0
sha256:7fd23dce052089e82cfff87c56e5fbd55cba17e65e209fd6ef24c883d7a29f0d,sha256:61a7db70007d5c86d9c808bbd37e481dee383e24bfac5a5c7541125cb93b8b89,PASS,64.0,1.0,0.7718438932245153,-2.886579864025407e-15,1.2281561067754847,1.0
sha256:7fd23dce052089e82cfff87c56e5fbd55cba17e65e209fd6ef24c883d7a29f0d,sha256:63cb7f9f94fd514422218879b8639f168b9d242f6a1d1d93d8d08f6ab132b18b,PASS,64.0,1.0,0.693798068389565,0.001990528723898377,1.306201931610435,2.0
sha256:7fd23dce052089e82cfff87c56e5fbd55cba17e65e209fd6ef24c883d7a29f0d,sha256:8b11030c84d1dbf93cf9de3375d5d7e4db6d26081d003bb06643ba5d0b970f23,PASS,64.0,1.0,0.7550879720493919,0.0007169188914006863,1.244912027950608,2.0
sha256:7fd23dce052089e82cfff87c56e5fbd55cba17e65e209fd6ef24c883d7a29f0d,sha256:8de12e0a927a9d8d1b03de6f0f324757d445a40238b2c6387e256c755d0aab82,PASS,64.0,1.0,0.7125257407681562,0.0021983386035437924,1.2874742592318438,2.0
sha256:802eadf18c516c6866ee9487911e4f6527c31b7675f3138d74361f5b3e1b4da0,sha256:0a8398d554c01b9e2267fc55d336852f17172e8655424732bee0669a0d882184,PASS,64.0,1.0,0.0,0.0,10.000000000000002,0.0
sha256:802eadf18c516c6866ee9487911e4f6527c31b7675f3138d74361f5b3e1b4da0,sha256:1cc9c61f51c96da9d9c04fda5fe156956d2cd0fecb61269d0363476282084c63,PASS,64.0,1.0,2.401714729091041,-0.05603815713396898,7.598285270908961,0.0
sha256:802eadf18c516c6866ee9487911e4f6527c31b7675f3138d74361f5b3e1b4da0,sha256:1ed664a6d397a7507486537520707e304b4c78b3859ed1b8098f7f4818ab4167,PASS,64.0,1.0,2.5204565002789785,-0.12509726594467985,7.479543499721023,0.0
sha256:802eadf18c516c6866ee9487911e4f6527c31b7675f3138d74361f5b3e1b4da0,sha256:4586ea339e844d0887b0a790f39889fa072d9193ef9d1af989f834061df7fe0a,PASS,64.0,1.0,2.5396534063721496,-0.13387794622830462,7.460346593627852,0.0
sha256:802eadf18c516c6866ee9487911e4f6527c31b7675f3138d74361f5b3e1b4da0,sha256:8be9720a40e0b9617fe28b822438fa08c36ec89ab70b4caf8e057dcf52a81c46,PASS,64.0,1.0,0.0,0.0,10.000000000000002,0.0
sha256:802eadf18c516c6866ee9487911e4f6527c31b7675f3138d74361f5b3e1b4da0,sha256:8f83fa1cbeb5db0ae9d7f0aff4e699ae30f0cc161425aea9423093b9652d847c,PASS,64.0,1.0,2.3591550486747472,-2.842170943040401e-14,7.6408449513252545,0.0
sha256:802eadf18c516c6866ee9487911e4f6527c31b7675f3138d74361f5b3e1b4da0,sha256:b2642abf84f703ca7e2a3472b29af1c7a295864123a8779ff95938ebb024090d,PASS,64.0,1.0,2.5564603386653335,-0.13687038646871663,7.443539661334668,0.0
sha256:802eadf18c516c6866ee9487911e4f6527c31b7675f3138d74361f5b3e1b4da0,sha256:b4a97a0e26b9dceb8f575e2d1aa051bfca904af75752ae02642cdf04b054c654,PASS,64.0,1.0,2.4860986169832726,-0.10398853722201906,7.513901383016729,0.0
sha256:802eadf18c516c6866ee9487911e4f6527c31b7675f3138d74361f5b3e1b4da0,sha256:cbf30767cef8edd974207f909d46561962a087bdd0db206fd2f8d0adce0f927e,PASS,64.0,1.0,2.394513579010548,-0.037090258475134696,7.605486420989454,0.0
sha256:8103566065b9d055f455fcf60e91908f8e0796d2647d54a1fbc0781654c688fa,sha256:0915f00697206fbe83ff396c1c23989159258e86f2e5a21ae6af70043a6079bb,PASS,64.0,1.0,-2.529135257520969,0.022047709081537636,2.6235553478386953,20.0
sha256:8103566065b9d055f455fcf60e91908f8e0796d2647d54a1fbc0781654c688fa,sha256:37763cab1debf0e37c65ffdc2ef326974716bb031ae07d5ee7127e99f74e46f5,PASS,64.0,1.0,-2.5367387890573294,0.02188415755719486,2.7287634074445517,4.0
sha256:8103566065b9d055f455fcf60e91908f8e0796d2647d54a1fbc0781654c688fa,sha256:67082d404429792369e1a54cfc5f27eee9b622f381dfe01df146b6df4b809076,PASS,64.0,1.0,-2.3154906484862114,0.021902121930923446,2.681668266989782,20.0
sha256:8103566065b9d055f455fcf60e91908f8e0796d2647d54a1fbc0781654c688fa,sha256:6d543f212f09a6a402fd9af40c4acf73159565c04adf45f35812b0d024b3a508,PASS,64.0,1.0,-2.658390001716123,0.02217813264513957,2.658390001716123,1.0
sha256:8103566065b9d055f455fcf60e91908f8e0796d2647d54a1fbc0781654c688fa,sha256:94ee35b22f7e0c596265ef0790efa6a0d5e2294d0256a638d8edac881b69b432,PASS,64.0,1.0,-2.605574102891428,0.02176082930435541,2.7109638618359395,4.0
sha256:8103566065b9d055f455fcf60e91908f8e0796d2647d54a1fbc0781654c688fa,sha256:b263c0ed93952f4ba84f884b1533caa51734a21ab02c5be348b93f99327a9c1f,PASS,64.0,1.0,-2.4792186181833555,0.022194430421311306,2.742064551620703,4.0
sha256:8103566065b9d055f455fcf60e91908f8e0796d2647d54a1fbc0781654c688fa,sha256:b44bbaf93c1ee3f2172ee5711870466518facc157a311921b551fc1509b6b1ac,PASS,64.0,1.0,-2.5500797330946554,0.01910716369684229,2.5500797330946554,1.0
sha256:8103566065b9d055f455fcf60e91908f8e0796d2647d54a1fbc0781654c688fa,sha256:c2e6350cc3e35dc4d06f3a1d26c3400009593fd08b2e46a06f4823260bf043be,PASS,64.0,1.0,0.0,0.0,0.0,0.0
sha256:821d9c064ce0d35c20d67925cf60d653dcff4e42018cc8d874ae780dcd8f4648,sha256:0d3680b6db461d4e5f5c438a8b9519f0d88cca1d834f1367e5ae5ef5133fc5a0,PASS,64.0,1.0,2.6985482770655906,-8.881784197001252e-15,11.301451722934411,4.0
sha256:821d9c064ce0d35c20d67925cf60d653dcff4e42018cc8d874ae780dcd8f4648,sha256:18998d1fd801ab50d8459d3907eec835526a30ca82951da4674de546a5e5b067,PASS,64.0,1.0,2.716077710736039,5.329070518200751e-15,11.283922289263963,4.0
sha256:821d9c064ce0d35c20d67925cf60d653dcff4e42018cc8d874ae780dcd8f4648,sha256:18e79b7e1a53f25b478e2d545d73945cb53dbb903ddc4735b2ef6aa5339109cf,PASS,64.0,1.0,2.5907740850429377,3.019806626980426e-14,11.409225914957064,4.0
sha256:821d9c064ce0d35c20d67925cf60d653dcff4e42018cc8d874ae780dcd8f4648,sha256:2776c768e7939034c41548a1f77fe8ee66f863adf47862f4ab691247079ee6cd,PASS,64.0,1.0,0.0,0.0,14.000000000000002,0.0
sha256:821d9c064ce0d35c20d67925cf60d653dcff4e42018cc8d874ae780dcd8f4648,sha256:3d1533c32a274d6b88f37b2094b3b328db455a3416a77f791142a6da1b1ec769,PASS,64.0,1.0,2.517618526900714,-1.9539925233402755e-14,11.482381473099288,4.0
sha256:821d9c064ce0d35c20d67925cf60d653dcff4e42018cc8d874ae780dcd8f4648,sha256:56ac39976fdcb9aeb47027722e7fe4728eea5f901f0a8a89d4f03e2b71275eac,PASS,64.0,1.0,2.501282428458614,1.5987211554602254e-14,11.498717571541388,4.0
sha256:821d9c064ce0d35c20d67925cf60d653dcff4e42018cc8d874ae780dcd8f4648,sha256:7d5d14bff14fe323ef8d4260b340893b1cf14d772cabf4a037c87c695a8bf94c,PASS,64.0,1.0,2.5390500299036827,2.842170943040401e-14,11.460949970096319,4.0
sha256:821d9c064ce0d35c20d67925cf60d653dcff4e42018cc8d874ae780dcd8f4648,sha256:9cd0bf7ae39670e370a568ade1b68d490a1bb29432a4815b3dac50eb764bad7a,PASS,64.0,1.0,2.465059678299175,1.5987211554602254e-14,11.534940321700827,4.0
sha256:821d9c064ce0d35c20d67925cf60d653dcff4e42018cc8d874ae780dcd8f4648,sha256:b082f29c993d55a12ad8e6a086b7fff2dbab42900cd296c9ac1c5186e9f86b37,PASS,64.0,1.0,2.5732629393507214,-1.0658141036401503e-14,11.42673706064928,4.0
sha256:821d9c064ce0d35c20d67925cf60d653dcff4e42018cc8d874ae780dcd8f4648,sha256:b7dd3723fc3fa860c89907632a0c3929848b45edb27a8c97cb09f14f74c51144,PASS,64.0,1.0,2.7704343263105216,-0.049625002915218985,11.22956567368948,4.0
sha256:821d9c064ce0d35c20d67925cf60d653dcff4e42018cc8d874ae780dcd8f4648,sha256:ba81b3a526027573a1eae3cb44276c815270b963d253d7b9f309f6eccca9b725,PASS,64.0,1.0,2.7393040282311443,2.1316282072803006e-14,11.260695971768858,4.0
sha256:821d9c064ce0d35c20d67925cf60d653dcff4e42018cc8d874ae780dcd8f4648,sha256:d3004e9017f94271f7821dcefa527e19a07c6205ae6b12494f72d9173e98adbf,PASS,64.0,1.0,2.5595238727031617,-2.6645352591003757e-14,11.44047612729684,4.0
sha256:821d9c064ce0d35c20d67925cf60d653dcff4e42018cc8d874ae780dcd8f4648,sha256:dd21987150ebe82b01322c855ed5c5324a414d38b813ae8ee2058c853b6e39fd,PASS,64.0,1.0,0.0,0.0,14.000000000000002,0.0
sha256:821d9c064ce0d35c20d67925cf60d653dcff4e42018cc8d874ae780dcd8f4648,sha256:de3cdd20070711e88e856016bb31de3096f3b1a4c2695d362999cc274c9f67e6,PASS,64.0,1.0,2.7291698113642564,1.4210854715202004e-14,11.270830188635745,4.0
sha256:821d9c064ce0d35c20d67925cf60d653dcff4e42018cc8d874ae780dcd8f4648,sha256:df30ec3b839e8435f1d220b24d84f8145a7fda2aa9c45a944ebf59b2303fbbfa,PASS,64.0,1.0,2.6371583181556204,-6.217248937900877e-14,11.362841681844381,4.0
sha256:8529a23662e22b9ffd26a82dc98e03c1415a54bea3ae930cf84f0fe06b37872e,sha256:0d460709e3388c7dcba25595cbbaa45f75bd06e4b2a0c37eed337a8adb5ce205,PASS,64.0,1.0,-0.8750511618324346,-0.0039744067748777034,0.8750511618324346,0.0
sha256:8529a23662e22b9ffd26a82dc98e03c1415a54bea3ae930cf84f0fe06b37872e,sha256:127d4b675f1a786bdb2ff46f62b1b5aa9a29cd38912777cfc1981dea3b22c971,PASS,64.0,1.0,-0.918190713629504,0.0053102799587188,0.918190713629504,0.0
sha256:8529a23662e22b9ffd26a82dc98e03c1415a54bea3ae930cf84f0fe06b37872e,sha256:204631df46bb53cf98e13ef452c8790455ce9900509f786c1a07a1e078d9e5ab,PASS,64.0,1.0,-0.021583778094109413,4.163336342344337e-17,0.021583778094109413,0.0
sha256:8529a23662e22b9ffd26a82dc98e03c1415a54bea3ae930cf84f0fe06b37872e,sha256:229b4a2e782ab7596c2377e297c33a8a8c676c4f909eaaf10090dcab08d70009,PASS,64.0,1.0,-0.8688457252178197,-0.0021787290603509923,0.8688457252178197,0.0
sha256:8529a23662e22b9ffd26a82dc98e03c1415a54bea3ae930cf84f0fe06b37872e,sha256:2ee8956a097d55428b02153f503b85b7b3267db5892c44e13a9ed18d9e979fc9,PASS,64.0,1.0,-0.9047457389622616,-0.0058320382434886575,0.9047457389622616,0.0
sha256:8529a23662e22b9ffd26a82dc98e03c1415a54bea3ae930cf84f0fe06b37872e,sha256:3f53c8749fdabf7837b60d7e48c741185de10ba3039ff293ba682a249d407324,PASS,64.0,1.0,-0.8859001933887634,-0.007551280768316682,0.8859001933887634,0.0
sha256:8529a23662e22b9ffd26a82dc98e03c1415a54bea3ae930cf84f0fe06b37872e,sha256:49c8f3329cc398b17f801e90a00cabb047e1ad2730d2c7bf34539cba6c2c6d0e,PASS,64.0,1.0,-0.900666411348489,-0.006147011274168168,0.900666411348489,0.0
sha256:8529a23662e22b9ffd26a82dc98e03c1415a54bea3ae930cf84f0fe06b37872e,sha256:4b1f545a6a65218fc9ee66ddff2c0bf8124c287a8b0b3d8918d7c682a7fc942a,PASS,64.0,1.0,-0.8425256579999632,0.0014694526232714722,0.8425256579999632,0.0
sha256:8529a23662e22b9ffd26a82dc98e03c1415a54bea3ae930cf84f0fe06b37872e,sha256:64426ad16830e33d2d347516bce5d81a70c65f0163e387ab7ca0967bac6f9fb0,PASS,64.0,1.0,-0.8397020361932084,-0.0013120288312997719,0.8397020361932084,0.0
sha256:8529a23662e22b9ffd26a82dc98e03c1415a54bea3ae930cf84f0fe06b37872e,sha256:6a620812b9afb097eccbc402c736b72143916887dae78ed36d3e3c4176644a60,PASS,64.0,1.0,-0.8620051806303333,-0.00031069112699189105,0.8620051806303333,0.0
sha256:8529a23662e22b9ffd26a82dc98e03c1415a54bea3ae930cf84f0fe06b37872e,sha256:732ee260252935929e3fab11fd9bcd9c95a13d7b66658caa14761bbabae3c24c,PASS,64.0,1.0,-0.8961832680313948,-0.006677101791184414,0.8961832680313948,0.0
sha256:8529a23662e22b9ffd26a82dc98e03c1415a54bea3ae930cf84f0fe06b37872e,sha256:77b706d6525e1fa414f177ea70635ce90e6cc075b57d94ef4c0006c7012f0bfe,PASS,64.0,1.0,-0.909167312315571,-0.001362624470294449,0.909167312315571,0.0
sha256:8529a23662e22b9ffd26a82dc98e03c1415a54bea3ae930cf84f0fe06b37872e,sha256:849129f5b822690c302ee728358052e9fe47fcc56ed98ed387ec268eb4e296bc,PASS,64.0,1.0,-0.8907249221551028,-0.009100373394266503,0.8907249221551028,0.0
sha256:8529a23662e22b9ffd26a82dc98e03c1415a54bea3ae930cf84f0fe06b37872e,sha256:96ed85bf5eeb4c9eb513a710af74ba4f83c98d581efc5a433f41ce2fc6442fc1,PASS,64.0,1.0,0.11434174147493048,-0.0864242388526173,0.7435226347941191,0.0
sha256:8529a23662e22b9ffd26a82dc98e03c1415a54bea3ae930cf84f0fe06b37872e,sha256:9d085c15150c8a4d7f761f2ec5f5e6980881d16ae1cd47b51a1c02ec6a2eaaaf,PASS,64.0,1.0,-0.8471431028205305,0.0023472145471976624,0.8471431028205305,0.0
sha256:8529a23662e22b9ffd26a82dc98e03c1415a54bea3ae930cf84f0fe06b37872e,sha256:aa55e25d3d7d8464b26a69eb294c6166bb0a88536013f43e2bd89c27d0b5eccd,PASS,64.0,1.0,-0.8807086104057578,-0.0058850849713905085,0.8807086104057578,0.0
sha256:8529a23662e22b9ffd26a82dc98e03c1415a54bea3ae930cf84f0fe06b37872e,sha256:b556799a4cd13c6569be8566f24bb0483071d0be9a475481c4661a4f28d41953,PASS,64.0,1.0,3.033500093817115,-0.039445126354717974,1.9664999061828858,0.0
sha256:8529a23662e22b9ffd26a82dc98e03c1415a54bea3ae930cf84f0fe06b37872e,sha256:d1159dcfd30ad6bdf6e9c5a42d5b2e1f2cfde45ee565de64055e08db84f1bbd5,PASS,64.0,1.0,-0.8353197642811154,-0.005511012328788478,0.8353197642811154,0.0
sha256:8529a23662e22b9ffd26a82dc98e03c1415a54bea3ae930cf84f0fe06b37872e,sha256:d247010fc823f34af2e5071aa2270c0fb4f76ce531515ce600d7a4f8db6e9e50,PASS,64.0,1.0,-0.9208146232023943,0.007249183232500456,0.9208146232023943,0.0
sha256:8529a23662e22b9ffd26a82dc98e03c1415a54bea3ae930cf84f0fe06b37872e,sha256:e7229d6b44ee11291954579ed3527d7471a297e9d7632ade083d6435b57c0086,PASS,64.0,1.0,-0.828139011259017,-0.00649885031904629,0.828139011259017,0.0
sha256:8529a23662e22b9ffd26a82dc98e03c1415a54bea3ae930cf84f0fe06b37872e,sha256:eafb5a47f9d89dc498ec4eaa74d60d2ef43b34023ca9de9335ad1424ab9d0fec,PASS,64.0,1.0,-0.85454043837431,0.0013517993156606511,0.85454043837431,0.0
sha256:8529a23662e22b9ffd26a82dc98e03c1415a54bea3ae930cf84f0fe06b37872e,sha256:ee47a1b53f30ffd150de506acc6bb23f61b65992ffa9e22076774dbb5581e6f0,PASS,64.0,1.0,4.280460149116696,-0.04803700946545231,6.224642423051522,0.0
sha256:8529a23662e22b9ffd26a82dc98e03c1415a54bea3ae930cf84f0fe06b37872e,sha256:f021952731d43c4e5cdad2fa99b52fda5a7a178ec4aab14b54fffb1dfdddb5db,PASS,64.0,1.0,-0.9126101194755103,0.0012263083686707699,0.9126101194755103,0.0
sha256:8529a23662e22b9ffd26a82dc98e03c1415a54bea3ae930cf84f0fe06b37872e,sha256:f08688dd8ad1b7895b42e287f16c466eaaf182060b841d0bde289bbbe61d17a9,PASS,64.0,1.0,-0.9155470538089536,0.0033002648062054885,0.9155470538089536,0.0
sha256:8b1cd58281a9dfd745efda44159737fd261f3e5a0394d8bf26bd0858569c4989,sha256:0483d8c38474f6f000c911a5adc1179ef1865c087bc833a4830ca99544419807,PASS,64.0,1.0,3.550380142378031,0.015231860297892807,0.7282918439383408,5.0
sha256:8b1cd58281a9dfd745efda44159737fd261f3e5a0394d8bf26bd0858569c4989,sha256:0aea908d40a351c0f3782862600ebd01b542ff7179e3e43dc32d4fc10bc4af77,PASS,64.0,1.0,3.4543236480909205,0.015577296783591543,0.8142824563256358,50.0
sha256:8b1cd58281a9dfd745efda44159737fd261f3e5a0394d8bf26bd0858569c4989,sha256:1c7ce0fcc6631f45e6755828f0dc31b2a03d9456e844b95e03be273fb39fd07b,PASS,64.0,1.0,3.4883881215332586,0.008999890395275156,0.8125722076930703,5.0
sha256:8b1cd58281a9dfd745efda44159737fd261f3e5a0394d8bf26bd0858569c4989,sha256:2938d3a28020e38713cdc0d9334c99b09eeb3ee19115f6fcf68926b48ce29103,PASS,64.0,1.0,-1.5159961993468958,-0.5213858841718491,13.029163218841758,52.0
sha256:8b1cd58281a9dfd745efda44159737fd261f3e5a0394d8bf26bd0858569c4989,sha256:53601a7dec0cec147623a8fa99ed6a0ea135210c8e754cfc4b03d335a9c9b9b1,PASS,64.0,1.0,3.46150514223243,0.013937245719312763,0.8218337003311402,5.0
sha256:8b1cd58281a9dfd745efda44159737fd261f3e5a0394d8bf26bd0858569c4989,sha256:a18fef371ee1295ae72b132a09241baa0d2c866a63fbf07107c3f39742d5032e,PASS,64.0,1.0,3.4789562345814757,0.01624395039971105,0.7893658399398612,50.0
sha256:8b1cd58281a9dfd745efda44159737fd261f3e5a0394d8bf26bd0858569c4989,sha256:a8d3639727753c4e44ff93764e30995687488bc957ac60cd3d4aad398074be6c,PASS,64.0,1.0,3.567867156394198,0.014014479814099756,0.7018304481413805,50.0
sha256:8b1cd58281a9dfd745efda44159737fd261f3e5a0394d8bf26bd0858569c4989,sha256:b520520311cc00b0907b906bf86635b9b145777b2eb8c299aa4a00ffe657062c,PASS,64.0,1.0,3.6058905529004432,0.012136155284361294,0.6796394077857258,5.0
sha256:8b1cd58281a9dfd745efda44159737fd261f3e5a0394d8bf26bd0858569c4989,sha256:c0fbd75d80def0b6cdc2488e4501d806fd3abfaf5b11623d96b5461a3f1df0a1,PASS,64.0,1.0,3.5430303888127073,-0.007125968311000208,0.7873313048846124,50.0
sha256:8b1cd58281a9dfd745efda44159737fd261f3e5a0394d8bf26bd0858569c4989,sha256:df53f74078e2dfc8eaf811fbba4be2763dcc4b9291699c465544b032eb2a0f09,PASS,64.0,1.0,3.5039426236545475,0.01588822582552951,0.764470546297853,50.0
sha256:8b1cd58281a9dfd745efda44159737fd261f3e5a0394d8bf26bd0858569c4989,sha256:e4a517b9ae4441ca6788c8a9c4c721354bdab45c20525e990c8165c5191416b9,PASS,64.0,1.0,3.6215178953597396,0.009753566001688863,0.6520606181557141,50.0
sha256:8dede4f142335c2392da8ba546a888102138b6e530d2f14911ac6147a417c717,sha256:02c30387a1b2f04ae2930e0fad465d2db03b62b339473caaa8d0ae1b04e2cd3a,PASS,64.0,1.0,2.073455866189427,-0.6439046778386412,48.71102031812009,45.0
sha256:8dede4f142335c2392da8ba546a888102138b6e530d2f14911ac6147a417c717,sha256:0e34203a1aa90c5796a15944b22d4c1501d6fae2274fb50bee0fc3f53bb9c9f1,PASS,64.0,1.0,18.65240329423567,-0.25853819719287685,73.71727030783204,10.0
sha256:8dede4f142335c2392da8ba546a888102138b6e530d2f14911ac6147a417c717,sha256:56f3c66d5c979df56ab3e5b79bce52f660f03dcf7510a54df7e8bc1e51980dca,PASS,64.0,1.0,2.1653023895791463,-0.3265171663023878,42.811373124927265,45.0
sha256:8dede4f142335c2392da8ba546a888102138b6e530d2f14911ac6147a417c717,sha256:7434d882d813831d90d0baa2cd80d558b91cd272b9fa144bb0f7789d944b620d,PASS,64.0,1.0,26.18182687710179,0.03692149651723042,40.7503819465665,20.0
sha256:8dede4f142335c2392da8ba546a888102138b6e530d2f14911ac6147a417c717,sha256:914666f2552d1f684ae1bbfd1bfab20636f47995a07f4ffaed38a82c9f8274f5,PASS,64.0,1.0,2.4718929244878893,-0.13184978719110063,39.80346244542327,45.0
sha256:8dede4f142335c2392da8ba546a888102138b6e530d2f14911ac6147a417c717,sha256:9b2115f5822cee3de1eb73542c87e3a3f3d18fccc1c44ea4d18e97e98769c714,PASS,64.0,1.0,3.376875333039081,-0.05160872541223682,37.46449938108287,45.0
sha256:8dede4f142335c2392da8ba546a888102138b6e530d2f14911ac6147a417c717,sha256:a7f71f99ce916616ec3aa4f4d682d3f085587f87f74d9446ee5bd124f6a90158,PASS,64.0,1.0,2.96792855662747,-0.11164010846095351,37.59764188513545,45.0
sha256:8dede4f142335c2392da8ba546a888102138b6e530d2f14911ac6147a417c717,sha256:be7eb987ad2c968b5420bd4fb8dca8f21297468b8738cb3d7770729713be8ea3,PASS,64.0,1.0,2.1653178042410985,-0.7770806285812313,47.64718004582868,45.0
sha256:8dede4f142335c2392da8ba546a888102138b6e530d2f14911ac6147a417c717,sha256:d72638ad052d40b9697294f1d093689091d4b59e14ea852f049805515a29578e,PASS,64.0,1.0,17.03318538456992,-0.2662992911414648,75.23349229329331,10.0
sha256:8dede4f142335c2392da8ba546a888102138b6e530d2f14911ac6147a417c717,sha256:dcc103108ac1f223d96dd2cf28b9751f2ae2ce559a742760e18d7bbb348de018,PASS,64.0,1.0,2.689162489714434,-0.1741600404022421,38.31539607436154,45.0
sha256:8e0c43eee94d184b24df43d48bccb8f3c04c0c57fab498bfe6bea28485fe30b8,sha256:034aa8bbf4211df6a2127ba71965c3ddd67cae5cb9887983dc5684dbc5dd3d10,PASS,64.0,1.0,-1.3203431900725442,-0.31553836286544534,4.4210857685790135,32.0
sha256:8e0c43eee94d184b24df43d48bccb8f3c04c0c57fab498bfe6bea28485fe30b8,sha256:1217ccd78e0aef2ef59ff10a48f824bfd3807b8c79905215f9c1032e83dcf784,PASS,64.0,1.0,-0.8523391005438912,-0.3751987563956227,4.964928459827339,32.0
sha256:8e0c43eee94d184b24df43d48bccb8f3c04c0c57fab498bfe6bea28485fe30b8,sha256:163a2ca063ab640459306be1899e0c53aa9adc29a67d628bafdbe40365878d27,PASS,64.0,1.0,-1.1572494780718863,-0.32283383758791206,4.392096546858507,32.0
sha256:8e0c43eee94d184b24df43d48bccb8f3c04c0c57fab498bfe6bea28485fe30b8,sha256:17394866b84df667bd335af58dbfbf99d8ef05137f681fbf77d98079f07e6531,PASS,64.0,1.0,-1.4136844255099388,-0.3401696257231528,4.7059445954928485,32.0
sha256:8e0c43eee94d184b24df43d48bccb8f3c04c0c57fab498bfe6bea28485fe30b8,sha256:2e6fcbf03d1c5e4718771ce32dfff8e1d5c823054983799fdf2b5499816ad2c6,PASS,64.0,1.0,-2.6327544636643774,-0.1824397761631067,2.6327544636643774,0.0
sha256:8e0c43eee94d184b24df43d48bccb8f3c04c0c57fab498bfe6bea28485fe30b8,sha256:36fd53600dd2aa1c39edea8a04d6a7a004491b6863aedda43e1b4fa8ac7db230,PASS,64.0,1.0,-2.098927275955784,-0.37364815520186756,4.978271024048436,27.0
sha256:8e0c43eee94d184b24df43d48bccb8f3c04c0c57fab498bfe6bea28485fe30b8,sha256:46c95d06c18e3b4f5527cfce3fa18b56947f47148400c1d92bd2a9ffca21035d,PASS,64.0,1.0,-0.9565230340259214,-0.3742973091149846,4.989830586363567,32.0
sha256:8e0c43eee94d184b24df43d48bccb8f3c04c0c57fab498bfe6bea28485fe30b8,sha256:5db4a7be3e0828787be9f4e4dd040953139976c72836e013f4b096d85cb3d255,PASS,64.0,1.0,-1.578210232051243,-0.3803591690974262,5.152675745280614,32.0
sha256:8e0c43eee94d184b24df43d48bccb8f3c04c0c57fab498bfe6bea28485fe30b8,sha256:812cf8cab0b859d363d40c53724d70e22512b6939f14275677658eb0843f14a7,PASS,64.0,1.0,-0.6210788672853287,-0.3438544159231949,4.786700624792653,32.0
sha256:8e0c43eee94d184b24df43d48bccb8f3c04c0c57fab498bfe6bea28485fe30b8,sha256:88f68c9d97c2e845251881911045fb07804fa2fa83d022d1833d259cc7a3ccbb,PASS,64.0,1.0,-1.0562832795427282,-0.3760247779115513,4.920508190278812,32.0
sha256:8e0c43eee94d184b24df43d48bccb8f3c04c0c57fab498bfe6bea28485fe30b8,sha256:8d24a25f5a5d1e58012a3b2ed95b982a124b53509a9218e16d1eede3e901dd13,PASS,64.0,1.0,-1.5728278646813876,-0.3745969100413813,5.104324866329337,32.0
sha256:8e0c43eee94d184b24df43d48bccb8f3c04c0c57fab498bfe6bea28485fe30b8,sha256:8fcbdd9181bcd93775a091ed38e63a0e0a853bd72cfd0ee02b86891c893c6b24,PASS,64.0,1.0,-0.9874401900904055,-0.3702226382330185,4.946231446041334,32.0
sha256:8e0c43eee94d184b24df43d48bccb8f3c04c0c57fab498bfe6bea28485fe30b8,sha256:b45462fa91fe0754b1df0a3f45e067bd9a1df057821479e2ed0dc6179927f8c5,PASS,64.0,1.0,-0.6287786393577424,-0.3508484863193475,4.806560698073563,32.0
sha256:8ec4cb7b2667f829df62a3748d8aa2fe9fd16c72b8541f202ec4b5fa27c25c2f,sha256:0237e0482dd1c1abbec6ca5a147c25bbafcc2568735a9589200df800c9fde79d,PASS,64.0,1.0,-0.3751879462813039,-0.03787127768908638,3.3642030486677785,33.0
sha256:8ec4cb7b2667f829df62a3748d8aa2fe9fd16c72b8541f202ec4b5fa27c25c2f,sha256:0b5885a7acb74ae583ed301b98c59349e98d9984f6437458527386d18672b261,PASS,64.0,1.0,-0.24437102559640245,0.04034124625913149,3.662748425040982,33.0
sha256:8ec4cb7b2667f829df62a3748d8aa2fe9fd16c72b8541f202ec4b5fa27c25c2f,sha256:0dae85f9817976d15e1eeb022afe5b4eb6c990726bcfd3c3bf449441a4bd00b2,PASS,64.0,1.0,0.22241580384985404,3.197442310920451e-14,3.7999292622207026,33.0
sha256:8ec4cb7b2667f829df62a3748d8aa2fe9fd16c72b8541f202ec4b5fa27c25c2f,sha256:1529472c52f46278c85c7f39aa563afb47391ae800f209f9b039b6371362a115,PASS,64.0,1.0,-0.11718720919314052,0.018532437690049974,4.2418868017834725,33.0
sha256:8ec4cb7b2667f829df62a3748d8aa2fe9fd16c72b8541f202ec4b5fa27c25c2f,sha256:18c04d54f91c3cf7cc799287439b5bc3b8f7a35c36840716f07962e537ac039c,PASS,64.0,1.0,-0.26663739683477505,0.03200660571155911,3.3229361295923434,33.0
sha256:8ec4cb7b2667f829df62a3748d8aa2fe9fd16c72b8541f202ec4b5fa27c25c2f,sha256:1aac3d30274c6b78adb09cce9e62a8a588bf98f826bf2519ff7a644efd2572cf,PASS,64.0,1.0,-0.29566254247419543,0.031603151220734205,3.395427843224928,33.0
sha256:8ec4cb7b2667f829df62a3748d8aa2fe9fd16c72b8541f202ec4b5fa27c25c2f,sha256:1da1bdc75ce5f3e82034e2e16daf1125e46941b521cb5f258502bd52fa68fbc0,PASS,64.0,1.0,-0.07345295858385015,0.045177607194631264,4.254638680934924,33.0
sha256:8ec4cb7b2667f829df62a3748d8aa2fe9fd16c72b8541f202ec4b5fa27c25c2f,sha256:2a2ecb99617cd50f206008d430880806fd1863138097148d6ed60a24c2adee82,PASS,64.0,1.0,-0.12198799857755338,0.04594262162803453,4.012645423504312,33.0
sha256:8ec4cb7b2667f829df62a3748d8aa2fe9fd16c72b8541f202ec4b5fa27c25c2f,sha256:353b59e4cc13dbb8e70ab92d2879156628dafaae24c09f7a73f509fcc42d8c03,PASS,64.0,1.0,-0.35577128040813033,0.023609249940344412,3.571128107190357,33.0
sha256:8ec4cb7b2667f829df62a3748d8aa2fe9fd16c72b8541f202ec4b5fa27c25c2f,sha256:3db97db6572f89addada654eedb2e9a0383d44f57ac635b4112b4c97b7bb353b,PASS,64.0,1.0,-0.3728456889872249,0.00864300928889472,3.5994687473063167,33.0
sha256:8ec4cb7b2667f829df62a3748d8aa2fe9fd16c72b8541f202ec4b5fa27c25c2f,sha256:42222644b4d57a752c0a8247f1294ee26c99b5f584123ba93a4d29312dbb8c6a,PASS,64.0,1.0,-0.08810909585579019,0.031207595063969862,4.21269520120247,33.0
sha256:8ec4cb7b2667f829df62a3748d8aa2fe9fd16c72b8541f202ec4b5fa27c25c2f,sha256:42ab7897085735e32ec90f17adafd6578482c4f8e5fa677f83d1c1c0f4c97654,PASS,64.0,1.0,-0.23434376549468539,0.03769697373478831,3.702118871924739,33.0
sha256:8ec4cb7b2667f829df62a3748d8aa2fe9fd16c72b8541f202ec4b5fa27c25c2f,sha256:4896977899e10be35908d96df10178b7e24a5da5c6f19a88740ffb18119fc463,PASS,64.0,1.0,-0.04418785851219598,0.017183099207577435,3.314786746909413,33.0
sha256:8ec4cb7b2667f829df62a3748d8aa2fe9fd16c72b8541f202ec4b5fa27c25c2f,sha256:4dbfce4bfdf26924e4bbd9ea75259d728f49536f15adfd6ba03463c91471b3bc,PASS,64.0,1.0,0.024974605453790932,0.0222076683700978,3.0741650849453785,33.0
sha256:8ec4cb7b2667f829df62a3748d8aa2fe9fd16c72b8541f202ec4b5fa27c25c2f,sha256:5728e223cd8d5d483fd4f079e90a2d23a76b0fb82b40f6d7a4d4bdbf69c47b4f,PASS,64.0,1.0,-0.23581755623677703,-0.005328990526839661,2.7989374445424406,33.0
sha256:8ec4cb7b2667f829df62a3748d8aa2fe9fd16c72b8541f202ec4b5fa27c25c2f,sha256:5f86935ff580957c611457dc25ba29090c5894471a6e23364952273fe1bd4fd3,PASS,64.0,1.0,-0.6090475528438453,-0.027621469296680967,2.6850329845149874,33.0
sha256:8ec4cb7b2667f829df62a3748d8aa2fe9fd16c72b8541f202ec4b5fa27c25c2f,sha256:6a15d7904446cc57d74f04c24170a892ee84c787fc1e3a2f999af8b1705be495,PASS,64.0,1.0,-0.08494952388264831,0.03396952838401823,4.257886440233966,33.0
sha256:8ec4cb7b2667f829df62a3748d8aa2fe9fd16c72b8541f202ec4b5fa27c25c2f,sha256:70436ad3d386f2346fd4752bf5e1db8cd87fe9318332924f5fcee9f91c661498,PASS,64.0,1.0,-0.3568813517322096,0.02128406261271376,3.557998867296175,33.0
sha256:8ec4cb7b2667f829df62a3748d8aa2fe9fd16c72b8541f202ec4b5fa27c25c2f,sha256:76d932db5d6ecd179351c54ce549064a928ecea2ca66d1c9566f9f40ab2b505c,PASS,64.0,1.0,-0.07889002607933016,0.04504423754177367,4.244671524034652,33.0
sha256:8ec4cb7b2667f829df62a3748d8aa2fe9fd16c72b8541f202ec4b5fa27c25c2f,sha256:79bc9d8a19d9654931d8f72c3f973a9825e27e9b02cf5264c9c975db384a3b6d,PASS,64.0,1.0,-0.05892357673819948,0.016708325994907458,3.4055169567125643,33.0
sha256:8ec4cb7b2667f829df62a3748d8aa2fe9fd16c72b8541f202ec4b5fa27c25c2f,sha256:831818e5da8a63f4aad1ea1f2bf33bd1314e8d442535a0362d5fa8aa67493c08,PASS,64.0,1.0,-0.23164859381245595,0.04332157717066076,3.6870895918898485,33.0
sha256:8ec4cb7b2667f829df62a3748d8aa2fe9fd16c72b8541f202ec4b5fa27c25c2f,sha256:923f19433ce25a309b355603efa0fe82beae810486f00f83076d44a48ae1daaa,PASS,64.0,1.0,-0.33729280646476534,0.028540880242155175,3.498510495978925,33.0
sha256:8ec4cb7b2667f829df62a3748d8aa2fe9fd16c72b8541f202ec4b5fa27c25c2f,sha256:934daed10c6c211ed6c2bf112fcbe0d8ea8ab0e291b4f04399958160e6a68338,PASS,64.0,1.0,-0.3338214856357169,0.014738931824179069,3.117677877542455,33.0
sha256:8ec4cb7b2667f829df62a3748d8aa2fe9fd16c72b8541f202ec4b5fa27c25c2f,sha256:96ce56853045b9577d1f1e6436846e4a5052964d316a6ac9e470a09063c358bb,PASS,64.0,1.0,-0.23220316408525932,0.04365032829391424,3.7214900636519097,33.0
sha256:8ec4cb7b2667f829df62a3748d8aa2fe9fd16c72b8541f202ec4b5fa27c25c2f,sha256:97474242220f0bcf3a1493d979c5e400a7c90ca93f2f65c13265797735d699ba,PASS,64.0,1.0,-0.3508236996082603,0.023513374347374327,3.534130632057601,33.0
sha256:8ec4cb7b2667f829df62a3748d8aa2fe9fd16c72b8541f202ec4b5fa27c25c2f,sha256:99f15c35a22b1f089f0087551ced0617fb596e3759313a073dd5b57247e96600,PASS,64.0,1.0,-0.26179391214324443,0.03323332890761188,3.260653556079402,33.0
sha256:8ec4cb7b2667f829df62a3748d8aa2fe9fd16c72b8541f202ec4b5fa27c25c2f,sha256:9e9bbe513fa143735d77ed96d99700d739709722d19ed66a3edbba9901f64027,PASS,64.0,1.0,-0.23540896854023075,0.04173916299530367,3.674815601917306,33.0
sha256:8ec4cb7b2667f829df62a3748d8aa2fe9fd16c72b8541f202ec4b5fa27c25c2f,sha256:a221299a0222ce7aede1a75722766d45de35f27a25f62ecb7617858c654ae999,PASS,64.0,1.0,-0.3620617787550864,-0.03476939850675986,3.382592956275839,33.0
sha256:8ec4cb7b2667f829df62a3748d8aa2fe9fd16c72b8541f202ec4b5fa27c25c2f,sha256:a46176cb07547e79b5a272fa05ce2c31735b66ba95df3ae8204bba3d79928df1,PASS,64.0,1.0,-0.2743117501060879,0.027256191628938442,3.1925909210960786,33.0
sha256:8ec4cb7b2667f829df62a3748d8aa2fe9fd16c72b8541f202ec4b5fa27c25c2f,sha256:a4becdd1d65f19d3860bc072273937e0f0b016a980122bfc30c5b90728ceb1c7,PASS,64.0,1.0,-0.3166062281915214,0.033298670101928884,3.450482790310052,33.0
sha256:8ec4cb7b2667f829df62a3748d8aa2fe9fd16c72b8541f202ec4b5fa27c25c2f,sha256:b8b18caea2bb72caedf85758433dbae5920bbf4112078e9d51788dd5a8c9bee3,PASS,64.0,1.0,-0.11059554461312127,0.009360354821021488,2.8827012384302604,33.0
sha256:8ec4cb7b2667f829df62a3748d8aa2fe9fd16c72b8541f202ec4b5fa27c25c2f,sha256:c93e064fcd29b11734d0940dc3e74372c14ea8be2b9760ff9efbc0eb8d9cd451,PASS,64.0,1.0,-0.09366691852256803,0.03409236692572737,4.2464975192610925,33.0
sha256:8ec4cb7b2667f829df62a3748d8aa2fe9fd16c72b8541f202ec4b5fa27c25c2f,sha256:cd0ba6a221bb3aca16b4d62d33c8179a178ad43ebfa67d7c25a9d8347c9f57e9,PASS,64.0,1.0,0.24112630037197258,2.0872192862952943e-14,3.7741067394839845,33.0
sha256:8ec4cb7b2667f829df62a3748d8aa2fe9fd16c72b8541f202ec4b5fa27c25c2f,sha256:d23b9d36dec50a70e8e03c1841ac389ae0b93b4ac75f6f233524d148e7cecedf,PASS,64.0,1.0,-1.290165260580345,-0.12720772303105088,2.924180462533583,33.0
sha256:8ec4cb7b2667f829df62a3748d8aa2fe9fd16c72b8541f202ec4b5fa27c25c2f,sha256:d577409b8ab798c912fe25d0791be9de47eb78854b31708005f6d8ede338ab49,PASS,64.0,1.0,-0.38532064427906976,-0.039845053917689555,3.3397211836772627,33.0
sha256:8ec4cb7b2667f829df62a3748d8aa2fe9fd16c72b8541f202ec4b5fa27c25c2f,sha256:de0472f6962b0da5e66ecb2b7005ee6032591adade2fafebd230dca08e61bd62,PASS,64.0,1.0,-0.17810859745963104,0.019161867063274052,3.567763710679846,33.0
sha256:8ec4cb7b2667f829df62a3748d8aa2fe9fd16c72b8541f202ec4b5fa27c25c2f,sha256:e50a7bd89e4cbb8e91191ff10466502ebf8478120447e048fc1c670b7209e8f5,PASS,64.0,1.0,-0.41048968317506995,-0.039745213634205356,3.3297220516443082,33.0
sha256:8ec4cb7b2667f829df62a3748d8aa2fe9fd16c72b8541f202ec4b5fa27c25c2f,sha256:e923ca44260b39f46a39775711d1f7099293cb206be243857b1eb019a5d85491,PASS,64.0,1.0,-0.01782743034837453,-0.05250782862513392,1.525894045518706,2.0
sha256:8ec4cb7b2667f829df62a3748d8aa2fe9fd16c72b8541f202ec4b5fa27c25c2f,sha256:e966c6d023b2e288e65117a92312284e62a95f798b74455aebf3705cdf2ff138,PASS,64.0,1.0,-0.23271504523936715,0.03939850724619909,3.716902648236193,33.0
sha256:8ec4cb7b2667f829df62a3748d8aa2fe9fd16c72b8541f202ec4b5fa27c25c2f,sha256:ea1aaea2f61aac71920cad5a3012ee3ca1b8c543be33c5b799b03bfd50a0e333,PASS,64.0,1.0,-0.23465149601409863,0.03573662195586369,3.711823632320861,33.0
sha256:8ec4cb7b2667f829df62a3748d8aa2fe9fd16c72b8541f202ec4b5fa27c25c2f,sha256:ef7edd4d69ec151511412026af2cebc0b4d96575a3bb1bde7ded3248c0a55982,PASS,64.0,1.0,-0.07631249892385483,0.0439575975172124,4.252545790549831,33.0
sha256:8ec4cb7b2667f829df62a3748d8aa2fe9fd16c72b8541f202ec4b5fa27c25c2f,sha256:f2fb89a1d4b057084d746b1be1e7c217ec912b02d382ef664280d2b7bb96c2e7,PASS,64.0,1.0,-0.09575582199848398,0.035081269551473504,4.234609848792918,33.0
sha256:8f79d882dda34aceda0cc2aedb1ec15fd6de01695e208dfeae83ed7ae3d57bd9,sha256:29d0b31a0c1b33df7dd803eada5e3c33e0f9d91532c2c3c5951d47241b2def32,PASS,64.0,1.0,3.9529033137546516,-0.1642235904750482,15.404277602109032,1.0
sha256:8f79d882dda34aceda0cc2aedb1ec15fd6de01695e208dfeae83ed7ae3d57bd9,sha256:79fdc3274f26ec79c5bec35837bcb5ef8a5e522f72409610880b6b1608c2a8f0,PASS,64.0,1.0,3.0881559979554964,-0.18402984414989376,25.245201881311218,1.0
sha256:8f79d882dda34aceda0cc2aedb1ec15fd6de01695e208dfeae83ed7ae3d57bd9,sha256:7a53c8ebe1a2f25c4f8fd3d6a5613bcd8c5f8d89b5dd4fd2d2f1882d7fdc6492,PASS,64.0,1.0,4.478856276603558,-0.10259217862280323,9.673630098752607,1.0
sha256:8f79d882dda34aceda0cc2aedb1ec15fd6de01695e208dfeae83ed7ae3d57bd9,sha256:7b1dc27ceb2f45064b0411b53ef2319148f7cbff4d351ab66c318b1cace1b733,PASS,64.0,1.0,2.6081724367929837,-0.2663264407689283,29.118684819653325,1.0
sha256:8f79d882dda34aceda0cc2aedb1ec15fd6de01695e208dfeae83ed7ae3d57bd9,sha256:8e572bb3e4c7073ee915196554de16ae3d603569732eeae98e794d656428dd96,PASS,64.0,1.0,2.872673018467296,-0.24659466105475047,30.174973054726642,1.0
sha256:8f79d882dda34aceda0cc2aedb1ec15fd6de01695e208dfeae83ed7ae3d57bd9,sha256:bafe5dd6d9336116d5bf43b113124605fd2d104391c975ba6431e6b3f2c48b7b,PASS,64.0,1.0,10.68917815825346,1.0835776720341528e-13,9.310821841746543,0.0
sha256:8f79d882dda34aceda0cc2aedb1ec15fd6de01695e208dfeae83ed7ae3d57bd9,sha256:e904f33111498a7a705fdbe666eec435e8a2338be99fc959cf4d54143dd99615,PASS,64.0,1.0,10.649825707685336,9.059419880941277e-14,9.350174292314668,0.0
sha256:909c65b08b7c18af875df2b8f11d5cdb914ceb2e71f3833937300b002ef4b5c5,sha256:18170c7c3327f6276af6b9675fecc50d0014ab6632b78690877a5280ca9a66dc,PASS,64.0,1.0,0.43492076795121903,-0.33295880080912355,10.704941051157647,15.0
sha256:909c65b08b7c18af875df2b8f11d5cdb914ceb2e71f3833937300b002ef4b5c5,sha256:542bd18c4e69a599d8666e671c8ac7c61374aca1961fb2aacbae381532640bd4,PASS,64.0,1.0,7.172740073259055,-0.4490206416532967,14.827259926740945,4.0
sha256:909c65b08b7c18af875df2b8f11d5cdb914ceb2e71f3833937300b002ef4b5c5,sha256:682b65622735d42401ea9d45bf65d18d483ae46ed8e3c76c199b7f20f367e001,PASS,64.0,1.0,8.890835225720252,-0.351458757115779,13.109164774279748,4.0
sha256:909c65b08b7c18af875df2b8f11d5cdb914ceb2e71f3833937300b002ef4b5c5,sha256:7225200adb43d86d621770f75c5848d266c59bd24397cc2da90c6d0fe57908dd,PASS,64.0,1.0,6.774396666812564,-0.41335501587730583,15.225603333187436,4.0
sha256:909c65b08b7c18af875df2b8f11d5cdb914ceb2e71f3833937300b002ef4b5c5,sha256:742b3d76992115abd0a083ce6b65e2b372e7efb2a59a2fbce5b79909a34c557a,PASS,64.0,1.0,-0.28492840736786995,-0.2646638766238567,9.394084648998914,54.0
sha256:909c65b08b7c18af875df2b8f11d5cdb914ceb2e71f3833937300b002ef4b5c5,sha256:747ea592326faeb6893cee353781382df8f2831417f75171b66da2d0b0227f91,PASS,64.0,1.0,4.969122788422059,-0.26559387399099776,17.03087721157794,4.0
sha256:909c65b08b7c18af875df2b8f11d5cdb914ceb2e71f3833937300b002ef4b5c5,sha256:a912c7c13d5ee4d57a331eb5bc4ce3c2073bcb1e34f9d33d372fc5e31b36ab9e,PASS,64.0,1.0,-0.8269552257101349,1.0658141036401503e-14,10.08267099382471,15.0
sha256:909c65b08b7c18af875df2b8f11d5cdb914ceb2e71f3833937300b002ef4b5c5,sha256:d7e93486995130725c3d3c8ee79737735966cf3adb59e06b9c2668a384924f9c,PASS,64.0,1.0,-0.5790824402903745,-0.22450803649597617,8.971571317258508,15.0
sha256:909c65b08b7c18af875df2b8f11d5cdb914ceb2e71f3833937300b002ef4b5c5,sha256:d828f56398be341b4d68d463da088724cad29eb9bcd75c076f9e2f6826f3e5e4,PASS,64.0,1.0,-0.7618939382080061,3.552713678800501e-14,10.12621793258658,54.0
sha256:9136d802eeeb2edae0bad6b4688d8f82f096a435c4768b05ff3b2ae4e83fc470,sha256:006a2ebb6a14d2df2792b413822c04bbf4d37495c009d32c2bf21a50131cc075,PASS,64.0,1.0,9.834161524689065,-0.2307849265147155,18.579204698783528,36.0
sha256:9136d802eeeb2edae0bad6b4688d8f82f096a435c4768b05ff3b2ae4e83fc470,sha256:00e5ef718949d2c4f8ec9bf22c845e538eef576976a21ee77e76ff40b1a24813,PASS,64.0,1.0,10.115592423403594,-0.21703295811279588,21.897129466453148,36.0
sha256:9136d802eeeb2edae0bad6b4688d8f82f096a435c4768b05ff3b2ae4e83fc470,sha256:1c11c8cb8afd090ac1f23cae95600557c20476d7364fd48f147f177bb98f7ec6,PASS,64.0,1.0,12.691108821514899,0.024936201959640414,18.56381453030604,36.0
sha256:9136d802eeeb2edae0bad6b4688d8f82f096a435c4768b05ff3b2ae4e83fc470,sha256:23eace4ef1ae100a5ec0d7f130e672123a04f35f86c949467e1928b626527419,PASS,64.0,1.0,12.118742997768386,-0.07084884866204,14.226949059988371,36.0
sha256:9136d802eeeb2edae0bad6b4688d8f82f096a435c4768b05ff3b2ae4e83fc470,sha256:2b7c3c20530a2641a5faab1161b525fcc005ee9f7f2b1d5d9f64dee5c254bcd6,PASS,64.0,1.0,24.79386953211771,-0.08627220877727382,50.653267515485496,0.0
sha256:9136d802eeeb2edae0bad6b4688d8f82f096a435c4768b05ff3b2ae4e83fc470,sha256:2dcd6d152b0491fdced77abd43abf6ccc621f53c48c749469b7c0fbb1eaf01b8,PASS,64.0,1.0,22.052667406783243,-0.042029856641718766,25.01921548210315,0.0
sha256:9136d802eeeb2edae0bad6b4688d8f82f096a435c4768b05ff3b2ae4e83fc470,sha256:58d820bd0964f5f9aa541540f82dc8384a674b5280d5e7526822862b82f76a4a,PASS,64.0,1.0,25.461112702549016,-0.06489312978891348,35.25887973373244,0.0
sha256:9136d802eeeb2edae0bad6b4688d8f82f096a435c4768b05ff3b2ae4e83fc470,sha256:728ee5c669cc0a5579a1f7ecb721efa8c790a3536ea1760873bc90d82379aed9,PASS,64.0,1.0,25.063922754903473,-0.556300980097383,42.92122093866911,0.0
sha256:9136d802eeeb2edae0bad6b4688d8f82f096a435c4768b05ff3b2ae4e83fc470,sha256:7d15d21d2407ab05a3ce1efddeb9915b4fb6b4efd6be13352f050177e1e0d989,PASS,64.0,1.0,9.631680279382717,-0.18532040613143863,21.693872940664562,36.0
sha256:9136d802eeeb2edae0bad6b4688d8f82f096a435c4768b05ff3b2ae4e83fc470,sha256:a2632b5bf9f989b80fc5c7ad238e649af48247b38918addf654396944791fe52,PASS,64.0,1.0,11.534445348432268,0.02692039912009392,13.551234868851278,36.0
sha256:9136d802eeeb2edae0bad6b4688d8f82f096a435c4768b05ff3b2ae4e83fc470,sha256:c615191ccf0300136492f261191f1af8019978300fccfd981fbf79923a71c7fd,PASS,64.0,1.0,24.2369529722402,-0.29355246891204345,29.47618548603791,0.0
sha256:9136d802eeeb2edae0bad6b4688d8f82f096a435c4768b05ff3b2ae4e83fc470,sha256:d77fbbfffb9ce38db86ad3ae485831edec7e72a4e779b94ceda85d2a675d2760,PASS,64.0,1.0,10.679590384079098,-0.2466025074086442,14.919573930884585,36.0
sha256:9136d802eeeb2edae0bad6b4688d8f82f096a435c4768b05ff3b2ae4e83fc470,sha256:dcc52a42835b26d4acc726c8e7f046aa37ce04794b2306b939f2e03fc9de885c,PASS,64.0,1.0,17.541738764085643,-0.029824261588757395,27.019536966090612,4.0
sha256:9136d802eeeb2edae0bad6b4688d8f82f096a435c4768b05ff3b2ae4e83fc470,sha256:e6b365b8cfa5050a04b613f703a82fa89055d2ddf3e571a8fb01d2bb14e78215,PASS,64.0,1.0,16.859733559283683,-0.03734282214715279,27.026617370854744,4.0
sha256:92954cdff5a86c68328d0a8f09ca47398b691ff8412d2cd90e1ef55b72178388,sha256:071428edd2bdb8777ba74a98768310615eda2cef629aa25cd90fac0ffe2eb2aa,PASS,64.0,1.0,2.7992407847464342,-1.5543122344752192e-15,1.2007592152535658,0.0
sha256:92954cdff5a86c68328d0a8f09ca47398b691ff8412d2cd90e1ef55b72178388,sha256:071b4933e74ccdfb954ddb865547356d4a9fa25f84b46fb80db52c098be77512,PASS,64.0,1.0,3.5099004929744595,-0.5059415249408232,34.0032665265204,6.0
sha256:92954cdff5a86c68328d0a8f09ca47398b691ff8412d2cd90e1ef55b72178388,sha256:61b5127b6e557247b947cab83978e30535b3da754b3e743977c21347651db85f,PASS,64.0,1.0,2.7922271962722895,-5.773159728050814e-15,1.2077728037277107,0.0
sha256:92954cdff5a86c68328d0a8f09ca47398b691ff8412d2cd90e1ef55b72178388,sha256:b79b099fcb41a019135b5b46a8a85ec434070c4027de106eec09c8b9d65b94d3,PASS,64.0,1.0,2.7777828148762493,-3.774758283725532e-15,1.2222171851237509,0.0
sha256:92954cdff5a86c68328d0a8f09ca47398b691ff8412d2cd90e1ef55b72178388,sha256:e1ed6fa8f70f79a2623d745c669ae0ab5e25a41ab7c0dd6ff56183646aba0ef1,PASS,64.0,1.0,2.810130804923366,-1.1102230246251565e-14,1.1898691950766338,0.0
sha256:92954cdff5a86c68328d0a8f09ca47398b691ff8412d2cd90e1ef55b72178388,sha256:f24be53ce0f767d30304c24289e5eb436f64c782f05a32670b60946b26ef04a9,PASS,64.0,1.0,2.803910636460514,1.5543122344752192e-15,1.1960893635394858,0.0
sha256:92a29f18646e5814d1fc271bcc58a58302762a6cf73fe4ba740c45e4a0adc937,sha256:2b448892d068cf298ad5e0cf017bbddc07e24e1465a000a33db360409025dbd3,PASS,64.0,1.0,3.0825432697710085,-0.23029873275048374,14.917456730228992,0.0
sha256:92a29f18646e5814d1fc271bcc58a58302762a6cf73fe4ba740c45e4a0adc937,sha256:5d29457e2d878772eafdf854c3bbe3651fcc7f3c3e20d67d0200947d1b4a5aae,PASS,64.0,1.0,3.2633284166510172,-0.22692522626091893,14.736671583348983,0.0
sha256:92a29f18646e5814d1fc271bcc58a58302762a6cf73fe4ba740c45e4a0adc937,sha256:6a5544d63d24bc886a4dc82dec75823c4195ad5d0cc86bc985cb89af2e1a34bf,PASS,64.0,1.0,3.2240521521236225,-0.22821602833569798,14.775947847876377,0.0
sha256:92a29f18646e5814d1fc271bcc58a58302762a6cf73fe4ba740c45e4a0adc937,sha256:71a0e701c4a40e012b98e8548dbfede33534087affd9db3f95241a8ee2bd4136,PASS,64.0,1.0,3.24068272619426,-0.22777238454419368,14.75931727380574,0.0
sha256:92a29f18646e5814d1fc271bcc58a58302762a6cf73fe4ba740c45e4a0adc937,sha256:96f5673a8039a23215064102f03dd35838270b66bbcf19f1d6277ef3b60d3550,PASS,64.0,1.0,0.32801852729199865,0.0,17.671981472708,0.0
sha256:92a29f18646e5814d1fc271bcc58a58302762a6cf73fe4ba740c45e4a0adc937,sha256:9c0c81403e7cd622aeb191e12b550cd93321429b9f5da5abe2fcfe7aa5a33b47,PASS,64.0,1.0,3.2014293469850053,-0.2285768135284556,14.798570653014995,0.0
sha256:92a29f18646e5814d1fc271bcc58a58302762a6cf73fe4ba740c45e4a0adc937,sha256:a6b4f4186c4543a64d7e377ccfc640ecbe16c10ebe6f8198855f30c5a869cb61,PASS,64.0,1.0,3.1572551306557592,-0.22767532518092892,14.84274486934424,0.0
sha256:92a29f18646e5814d1fc271bcc58a58302762a6cf73fe4ba740c45e4a0adc937,sha256:b1dca6c58017f59d51d6b0ca73380ee7a08f91c55bc230fb925555390f051f93,PASS,64.0,1.0,3.253488438977211,-0.2272806601150812,14.746511561022789,0.0
sha256:92a29f18646e5814d1fc271bcc58a58302762a6cf73fe4ba740c45e4a0adc937,sha256:b706d126b2582fe23d1640baf69640497d9a81376ad042a6d8af1d175cf0a5fa,PASS,64.0,1.0,0.3275010034650485,0.0,17.67249899653495,0.0
sha256:92a29f18646e5814d1fc271bcc58a58302762a6cf73fe4ba740c45e4a0adc937,sha256:fd73638a529a8bf57dbc072adb8d5afa5b378bb5a53aaa75b37913e946b928c6,PASS,64.0,1.0,3.1848723153219165,-0.22805210266245268,14.815127684678083,0.0
sha256:92dfb300eff61238f0ae402e6956257e202a4ed932f4a45abb7631f7a5ae10ff,sha256:4e0b75947b56721ae9cb52ebbef4298a22b994ee1cd6a165a4e3f81308a52810,PASS,64.0,1.0,-2.1541327354799256,0.01745811896613292,2.1541327354799256,1.0
sha256:92dfb300eff61238f0ae402e6956257e202a4ed932f4a45abb7631f7a5ae10ff,sha256:4e38bcc36c6e1c64478b01f39b3b5393b899503282443ebb3c7301e011290058,PASS,64.0,1.0,-0.017103208147269733,9.71445146547012e-17,0.017103208147269733,0.0
sha256:92dfb300eff61238f0ae402e6956257e202a4ed932f4a45abb7631f7a5ae10ff,sha256:4fca94e028643cae3b2489af7fa2f863278f6ac20e96f4a4d7bccfcd002cb106,PASS,64.0,1.0,-2.144994968556805,0.017130636389242948,2.144994968556805,1.0
sha256:92dfb300eff61238f0ae402e6956257e202a4ed932f4a45abb7631f7a5ae10ff,sha256:61bb25ad00f55d71316fca1caffdffacc51a6bcef546ba16b790cf85c17caa68,PASS,64.0,1.0,-1.4037318406430725,0.047301212665491255,1.4037318406430725,1.0
sha256:92dfb300eff61238f0ae402e6956257e202a4ed932f4a45abb7631f7a5ae10ff,sha256:8eb5564074e4bc9878f0852b4ad91df28751e77efe530774ec45f4d5dc2e2005,PASS,64.0,1.0,-1.0974008354336533,-0.0033033977713212703,1.0974008354336533,1.0
sha256:92dfb300eff61238f0ae402e6956257e202a4ed932f4a45abb7631f7a5ae10ff,sha256:b505b31f5180aaefe832aaacbac54a203419c2a45fa56ca20221c01b7831060a,PASS,64.0,1.0,-1.1910291148236063,-0.009414792710268793,1.1910291148236063,1.0
sha256:92dfb300eff61238f0ae402e6956257e202a4ed932f4a45abb7631f7a5ae10ff,sha256:b96b2695096540f480730fcd9cc0d06056f20b1c9447fb3c1b6a29a0f4985d31,PASS,64.0,1.0,-1.2174307795294235,-0.017086155715868134,1.2174307795294235,1.0
sha256:92dfb300eff61238f0ae402e6956257e202a4ed932f4a45abb7631f7a5ae10ff,sha256:e95a332ffa521446a38e8c0a4a53261351ce1765bbe2b86b6c8b1c242d067c33,PASS,64.0,1.0,-1.8821618161491367,-0.006513066923063304,1.8821618161491367,1.0
sha256:92dfb300eff61238f0ae402e6956257e202a4ed932f4a45abb7631f7a5ae10ff,sha256:ef68a6320c51b548aa4603d212395c000778a1c7eac290259fa6acf9d8bdda1c,PASS,64.0,1.0,-0.0151602293386609,3.9898639947466563e-17,0.0151602293386609,0.0
sha256:9bc1c4d7908588a21802e6c224ab7595655c93af346cc39b44488108ea0c17e4,sha256:09ac9f159ddebefe587ee501ec0b3a67b016d1d66705918a40d36e0854acc5ec,PASS,64.0,1.0,-1.473249960587842,0.03448119972260222,1.473249960587842,1.0
sha256:9bc1c4d7908588a21802e6c224ab7595655c93af346cc39b44488108ea0c17e4,sha256:3392d6cffc624c92a8272fa346c07b3cb569945eb391c6ac6f6941f0c8579a13,PASS,64.0,1.0,-1.3911859953226116,-0.010633824616257836,1.3911859953226116,1.0
sha256:9bc1c4d7908588a21802e6c224ab7595655c93af346cc39b44488108ea0c17e4,sha256:3897d3e88a8c965c838b0ff55910256aa6c4e702e0adcfe91fbfb281d8febb68,PASS,64.0,1.0,-1.2150786756972578,0.013292956167220593,1.2150786756972578,1.0
sha256:9bc1c4d7908588a21802e6c224ab7595655c93af346cc39b44488108ea0c17e4,sha256:7e09c8af08bf2212817b898242b5611a3f609bf5de0e7e561c960ab2daccd313,PASS,64.0,1.0,-1.5162743961870393,0.03685375542739178,1.5162743961870393,1.0
sha256:9bc1c4d7908588a21802e6c224ab7595655c93af346cc39b44488108ea0c17e4,sha256:953524fd4a1e07ce9f957f6ed4d2be96d123c1bbb41022d1ad7ab9af8ad1c3ea,PASS,64.0,1.0,-1.3759510510682427,-0.036788860237703336,1.3759510510682427,1.0
sha256:9bc1c4d7908588a21802e6c224ab7595655c93af346cc39b44488108ea0c17e4,sha256:a38e5101089a333c029d7868d42de83903dba1e026db37136a4061f08c67634d,PASS,64.0,1.0,-0.05227696528151883,7.632783294297951e-17,0.05227696528151883,0.0
sha256:9bc1c4d7908588a21802e6c224ab7595655c93af346cc39b44488108ea0c17e4,sha256:bd02a0f347ccb02b79820cf2e42b50800cb558f4e0614c0a6e21f7e4d7137dfb,PASS,64.0,1.0,-1.5772215370356877,0.03412859572136373,1.5772215370356877,1.0
sha256:9bc1c4d7908588a21802e6c224ab7595655c93af346cc39b44488108ea0c17e4,sha256:be607dd814eb9db3dc09f7bbeda952e023bfa5d80d69ecb7090e3b2674beedba,PASS,64.0,1.0,-1.439800546304994,0.020592269768660465,1.439800546304994,1.0
sha256:9bc1c4d7908588a21802e6c224ab7595655c93af346cc39b44488108ea0c17e4,sha256:d057e615b34ca5b0b967742f6075ffb9af4d770d8f8eedcf1f20cf8e3231ced9,PASS,64.0,1.0,-1.4193971740913427,0.002793105854855593,1.4193971740913427,1.0
sha256:9bc1c4d7908588a21802e6c224ab7595655c93af346cc39b44488108ea0c17e4,sha256:d8ae11bee22fc7261ee07e25bebd39a5d1682e9691ca37532796c7bd67378fd4,PASS,64.0,1.0,-0.07548404494374575,-5.551115123125783e-17,0.07548404494374575,0.0
sha256:9bc1c4d7908588a21802e6c224ab7595655c93af346cc39b44488108ea0c17e4,sha256:ec469be66b69ee71bc7323a61038571bbbe54e01f20e9312ddcf85c47a1dec20,PASS,64.0,1.0,-1.3381333129617778,-0.05837576010320533,1.3381333129617778,1.0
sha256:9ce5cffb874040a620d68f9d91f95b0a279c0687adcb861dbe822ba059a9b3fe,sha256:0879812415cd634c2b9d3b85468dc104744627266126b003fd78d55d4f755776,PASS,64.0,1.0,0.0,0.0,0.0,0.0
sha256:9ce5cffb874040a620d68f9d91f95b0a279c0687adcb861dbe822ba059a9b3fe,sha256:143fd88c732727079077e889866c5f2317ce1819bcac27fb6f93380c63af03bf,PASS,64.0,1.0,-0.694952678120489,0.021021163599463155,0.694952678120489,3.0
sha256:9ce5cffb874040a620d68f9d91f95b0a279c0687adcb861dbe822ba059a9b3fe,sha256:30fb17d21cb1d446f8e5fe67e695f81d7f72827290c9196f119d64950cc48b9c,PASS,64.0,1.0,-0.7127174221769454,0.021347273265218458,0.7127174221769454,3.0
sha256:9ce5cffb874040a620d68f9d91f95b0a279c0687adcb861dbe822ba059a9b3fe,sha256:449dd01e09542b4cea3a13cca6541ba6a79939a1e335cbe4ec891b6e720009fc,PASS,64.0,1.0,-0.7082100840870729,0.021221437710085334,0.7082100840870729,3.0
sha256:9ce5cffb874040a620d68f9d91f95b0a279c0687adcb861dbe822ba059a9b3fe,sha256:627d88c4a485fa4054f4d94e7f6f1d51a19428bbae340f91a3c640b0ec53e61e,PASS,64.0,1.0,-0.5906772331742414,0.019829024220578084,0.5906772331742414,3.0
sha256:9ce5cffb874040a620d68f9d91f95b0a279c0687adcb861dbe822ba059a9b3fe,sha256:961a7634ac4ca3a293d56581ff61b42c06e4ee42485979711fcffd06c817d887,PASS,64.0,1.0,-0.6732028640102425,0.020939465392330714,0.6732028640102425,3.0
sha256:9ce5cffb874040a620d68f9d91f95b0a279c0687adcb861dbe822ba059a9b3fe,sha256:a5703279d5a660c5f3fbe912ffe7a362f6643b39fdf8aac218e584aa9d06731a,PASS,64.0,1.0,-0.7190717853202777,0.021615522120191688,0.7190717853202777,3.0
sha256:9ce5cffb874040a620d68f9d91f95b0a279c0687adcb861dbe822ba059a9b3fe,sha256:a8a841c619ceaa218c463f24f82876943cf1e3b000dc4127674f7e63927c03cb,PASS,64.0,1.0,-0.7024153978732087,0.02110951984564824,0.7024153978732087,3.0
sha256:9ce5cffb874040a620d68f9d91f95b0a279c0687adcb861dbe822ba059a9b3fe,sha256:abe5241cc30d6e1edb7c772fe9dc48b5f4c3764ea80bfdc43e007eadeaf94ca2,PASS,64.0,1.0,-0.6571205764635042,0.020895501561286167,0.6571205764635042,3.0
sha256:9ce5cffb874040a620d68f9d91f95b0a279c0687adcb861dbe822ba059a9b3fe,sha256:aedfe95259f656c228bdebdae295808556a1f930840d2116b5e50fdccc2738c1,PASS,64.0,1.0,-0.7162545196100578,0.021480071023238123,0.7162545196100578,3.0
sha256:9ce5cffb874040a620d68f9d91f95b0a279c0687adcb861dbe822ba059a9b3fe,sha256:cd544ef3e84f2126b5a3f7f46fa3aebacb86f3fff2fd91f86a48b10fb9107826,PASS,64.0,1.0,-0.6319332725198428,0.020659265985290665,0.6319332725198428,3.0
sha256:9ce5cffb874040a620d68f9d91f95b0a279c0687adcb861dbe822ba059a9b3fe,sha256:f0f49cf3c4c5f8f3c050d39e8715e1c294a92902eccf3591b2adbe7fc862eb9d,PASS,64.0,1.0,-0.6853916189275833,0.020965527011962193,0.6853916189275833,3.0
sha256:9ce5cffb874040a620d68f9d91f95b0a279c0687adcb861dbe822ba059a9b3fe,sha256:fb2499bea0066ec35555b5d8009f8334da0bcf7cae4ccd15b55282a4814df1f2,PASS,64.0,1.0,-0.7213593866994994,0.02175111361800819,0.7213593866994994,3.0
sha256:9db48b846fa1564a70ddc8d2cd2dae62e8e2b76c470614b4ede20d0f1ebcd0c9,sha256:1d4645d48983d2e48466c59af54fd56eee6bd0a24ef04388e939d75302b8d2ad,PASS,64.0,1.0,13.133605389317331,0.014905279597414278,37.35489957650173,28.0
sha256:9db48b846fa1564a70ddc8d2cd2dae62e8e2b76c470614b4ede20d0f1ebcd0c9,sha256:29dc424d208b458f822720497577845c4ac6db5149c1fea7b5e7a262c5a77ea2,PASS,64.0,1.0,14.042461472074592,-0.048138237746186974,37.24249975261218,28.0
sha256:9db48b846fa1564a70ddc8d2cd2dae62e8e2b76c470614b4ede20d0f1ebcd0c9,sha256:37799684af65a2dbd29680eab2e143b17fdf8e8576c66e4ae387b710c13c9a6f,PASS,64.0,1.0,15.979180697564146,-0.03549553255838589,37.23186371271595,28.0
sha256:9db48b846fa1564a70ddc8d2cd2dae62e8e2b76c470614b4ede20d0f1ebcd0c9,sha256:3f555f90820c6c8c04d498f16c1269958dc0f1226f4ea71be27492b6160f05e2,PASS,64.0,1.0,6.6499514304335925,0.07789968460634578,3.7537690749464456,3.0
sha256:9db48b846fa1564a70ddc8d2cd2dae62e8e2b76c470614b4ede20d0f1ebcd0c9,sha256:5144b2dcf7d1f2504d156310ad3f8dc2efc589516d8c9e176c8650959beeda8c,PASS,64.0,1.0,15.151665044293743,0.0028299848864676846,36.59363746539115,55.0
sha256:9db48b846fa1564a70ddc8d2cd2dae62e8e2b76c470614b4ede20d0f1ebcd0c9,sha256:598695e2d2a302963b7639ba5fb241a25250a9dfe5e06fc8da25021fc594d5d7,PASS,64.0,1.0,5.473582965031623,-0.041715954735446203,5.889183843273502,7.0
sha256:9db48b846fa1564a70ddc8d2cd2dae62e8e2b76c470614b4ede20d0f1ebcd0c9,sha256:81c108eb6b76a5f021c65fd4abc3d1964aaa61095f9b5da7b7bc99edaaea684c,PASS,64.0,1.0,15.226909628096458,0.021017137992799917,37.197002240933614,55.0
sha256:9db48b846fa1564a70ddc8d2cd2dae62e8e2b76c470614b4ede20d0f1ebcd0c9,sha256:9899fde655224aa2ea2790fce5238d84afeda97b6ebcb43f9bfaebd291e035fb,PASS,64.0,1.0,18.916171144100595,-0.03024191686851907,37.08382885589941,1.0
sha256:9db48b846fa1564a70ddc8d2cd2dae62e8e2b76c470614b4ede20d0f1ebcd0c9,sha256:b565832ff4eb4f796dc213f3145242873af94d138f889316ba288ed524e39b6f,PASS,64.0,1.0,5.944148097342632,-0.045369020729739695,3.6260949221825522,3.0
sha256:9db48b846fa1564a70ddc8d2cd2dae62e8e2b76c470614b4ede20d0f1ebcd0c9,sha256:bf3b411328320e25dad8a4279b6935015d16ef4b9069ede2626d1259ed511d07,PASS,64.0,1.0,15.054793317046027,0.027113609674074723,37.06883755172061,55.0
sha256:9db48b846fa1564a70ddc8d2cd2dae62e8e2b76c470614b4ede20d0f1ebcd0c9,sha256:d00bebc9957f72300a5f7e5b6f4246475558f338cd07917a3236ae1315d5914a,PASS,64.0,1.0,13.218815183784436,0.011578661013786018,36.53923485061613,28.0
sha256:9db48b846fa1564a70ddc8d2cd2dae62e8e2b76c470614b4ede20d0f1ebcd0c9,sha256:d25297b96da9fcdebc0e230ee402e06977f40b8026098713396847d5882ceac3,PASS,64.0,1.0,15.178047768048934,0.0023258968624375598,36.72929677029561,55.0
sha256:9db48b846fa1564a70ddc8d2cd2dae62e8e2b76c470614b4ede20d0f1ebcd0c9,sha256:d342fa31b70083611575ad336057f89aeeecd012e5a67f83e5a0e69d8a79d1c7,PASS,64.0,1.0,13.661202949884128,-0.044087987196817835,37.15701297105703,28.0
sha256:9db48b846fa1564a70ddc8d2cd2dae62e8e2b76c470614b4ede20d0f1ebcd0c9,sha256:d70348c0556c9c8efe753af080c6804002fffdd185b46d4d849f378ee7e0638c,PASS,64.0,1.0,13.295870843597733,0.018680999120910258,36.39587803007821,28.0
sha256:9db48b846fa1564a70ddc8d2cd2dae62e8e2b76c470614b4ede20d0f1ebcd0c9,sha256:ec0b8534c6033557b45854087f8dd738fbb89547b42b6f3896674d4104c0299a,PASS,64.0,1.0,14.725371816024975,-0.04504262370595313,37.255158062001826,28.0
sha256:a18676c27b5e9bf753b73e24f65c06fba864c7c06c32851b9a4c5af13418f1ac,sha256:12ad0c396d0e503f4453b900adcfeacf00ded1ea930f7cbc1dce36382b414b64,PASS,64.0,1.0,7.214834256124455,-0.2810979608100226,56.08260320493135,7.0
sha256:a18676c27b5e9bf753b73e24f65c06fba864c7c06c32851b9a4c5af13418f1ac,sha256:8dcbe2c217ae6e52c19eb2d079e0dbc17b9394b71189ecb2a5d1f95fe31d7aa3,PASS,64.0,1.0,8.238357982101142,-0.5551310547005528,58.93740328936416,4.0
sha256:a18676c27b5e9bf753b73e24f65c06fba864c7c06c32851b9a4c5af13418f1ac,sha256:9178ece808cc1e86fc823024527a6567e54f7640fd9608d16cb088eee678550c,PASS,64.0,1.0,7.403641576634179,-0.5463280219782618,47.487751998661366,4.0
sha256:a18676c27b5e9bf753b73e24f65c06fba864c7c06c32851b9a4c5af13418f1ac,sha256:a692b29e11282ceb004669271010a9c759dcdd4ce3885863ed7b59425afb3ce3,PASS,64.0,1.0,7.561863401212065,-0.5325646204179151,43.85278657843476,4.0
sha256:a18676c27b5e9bf753b73e24f65c06fba864c7c06c32851b9a4c5af13418f1ac,sha256:d101d0aa1c6fe497687d84c19f8467b9c8adf886a14d018162d7d27f251a0505,PASS,64.0,1.0,8.686730604345698,-0.37600486385352383,58.16789243876582,4.0
sha256:a18676c27b5e9bf753b73e24f65c06fba864c7c06c32851b9a4c5af13418f1ac,sha256:f09cb8189d3b6833275e3dd38746339baf5cce259f87d790cd19624df3ccb86b,PASS,64.0,1.0,7.367580370270453,-0.5613838005887217,51.60408794349819,4.0
sha256:a18676c27b5e9bf753b73e24f65c06fba864c7c06c32851b9a4c5af13418f1ac,sha256:fcfb735ebd38a6823b21ad31aefcb2f4191716fd2e21950e98516b75d1159374,PASS,64.0,1.0,7.509815225822329,-0.5386613187413829,45.057703599204466,4.0
sha256:a41457ba655f56cd7192d6646e8ea413e88168eb808e399c0ccd008e8b3bbd74,sha256:1ca45e122a61d91c15847ec29511776ff5e340f2bbe869f21772d71a75c066dd,PASS,64.0,1.0,-0.22231590964878656,0.08228749132551538,4.895606162334334,63.0
sha256:a41457ba655f56cd7192d6646e8ea413e88168eb808e399c0ccd008e8b3bbd74,sha256:1fab7d03715ad51d161f2c0c59ec86661a5714bb1f44ca970199ce6f0e11096e,PASS,64.0,1.0,-0.478906356246394,0.0619343710304765,4.132897340209407,63.0
sha256:a41457ba655f56cd7192d6646e8ea413e88168eb808e399c0ccd008e8b3bbd74,sha256:2dbd069a3d62a4b078768fead6bde98ff3b0ceb810c4d38f54b9d4560c12f021,PASS,64.0,1.0,-0.2633318897789243,0.0767970272854166,4.324553966194939,63.0
sha256:a41457ba655f56cd7192d6646e8ea413e88168eb808e399c0ccd008e8b3bbd74,sha256:2f53f68f6f894adf97e4ecc114977a748cc3872cb46eb7abe29b9f1d16d22cb3,PASS,64.0,1.0,-2.1494061208865416,0.19680989454858455,2.1494061208865416,0.0
sha256:a41457ba655f56cd7192d6646e8ea413e88168eb808e399c0ccd008e8b3bbd74,sha256:7e0937456863f6b589978fdfd06582dee0dbc91328b89eb9b63d68f15ad8a29a,PASS,64.0,1.0,-0.17311303674828338,0.07986299364018734,4.782100368138664,63.0
sha256:a41457ba655f56cd7192d6646e8ea413e88168eb808e399c0ccd008e8b3bbd74,sha256:a99f9713fdfb79070ae65bc4fd81e3b7e264d23bab8073efa8c36df421cf4900,PASS,64.0,1.0,-0.20151777238643032,0.08920987721834628,4.884977054307816,63.0
sha256:a41457ba655f56cd7192d6646e8ea413e88168eb808e399c0ccd008e8b3bbd74,sha256:c5bf6d4e3f69578526ffd334ce71cad1db5d927ba3ae5724cbc9886cbd8a2e53,PASS,64.0,1.0,-0.16640979737014394,0.08090497426412657,4.6475299069282485,63.0
sha256:a41457ba655f56cd7192d6646e8ea413e88168eb808e399c0ccd008e8b3bbd74,sha256:dcd27c143a6c6abbf6e46b866fc1bbb1d78a5586a96f9a6f314afd545e5837c5,PASS,64.0,1.0,-0.2747346554061627,0.07396272932898551,4.494596162821935,63.0
sha256:a41457ba655f56cd7192d6646e8ea413e88168eb808e399c0ccd008e8b3bbd74,sha256:e0a5732286bb14b0909e2593378e93db24628bc2d83acafea5c0fc7d5c6372a6,PASS,64.0,1.0,-0.18591845969109588,0.0904292330683143,4.852881083287286,63.0
sha256:a4272b2dbb59d804c80972be0345e6c68eefe5e5b15435f4eb7524b1083972fb,sha256:045ea2bb27975a30ed71ea1ce2dea564419cd83215b75b061a4fe8eb5f02ea5c,PASS,64.0,1.0,-1.491115504409953,-0.00103855460469493,1.491115504409953,0.0
sha256:a4272b2dbb59d804c80972be0345e6c68eefe5e5b15435f4eb7524b1083972fb,sha256:0946c214f19e4f2808e5e14c72564cf551510656c048fdfd76e3b0e7084a8e30,PASS,64.0,1.0,-1.6256503146914443,0.02668610898930579,1.6256503146914443,0.0
sha256:a4272b2dbb59d804c80972be0345e6c68eefe5e5b15435f4eb7524b1083972fb,sha256:0c0473aef4d58c90d2cc4da9c9852723242d6aaa05c0c24cdf0a8e6f2bae08ba,PASS,64.0,1.0,-1.585644078250398,-0.014383595657882609,1.585644078250398,0.0
sha256:a4272b2dbb59d804c80972be0345e6c68eefe5e5b15435f4eb7524b1083972fb,sha256:1278797a86519fb2269664e2320809170b94b69677e54d1b4e62c8e3e4dce744,PASS,64.0,1.0,-1.7796507380874005,-0.023230422382819915,1.7796507380874005,0.0
sha256:a4272b2dbb59d804c80972be0345e6c68eefe5e5b15435f4eb7524b1083972fb,sha256:158a9d92516d2a0cc65ff0b45612acf9afa6fbdae8b38888732489a05576f3ae,PASS,64.0,1.0,-2.099579808570652,0.01091031065759962,2.099579808570652,0.0
sha256:a4272b2dbb59d804c80972be0345e6c68eefe5e5b15435f4eb7524b1083972fb,sha256:22e0642d73ce53499757bb8bb2972dc42bd1dcc428a6006e70adc939da4d5abb,PASS,64.0,1.0,-1.6502239442272786,0.020548658807288067,1.6502239442272786,0.0
sha256:a4272b2dbb59d804c80972be0345e6c68eefe5e5b15435f4eb7524b1083972fb,sha256:3dce6b2bc8606902ac8859a4ed34cf678be7d774bfc1f17b622b276308322d1d,PASS,64.0,1.0,-0.06957527533058327,-1.249000902703301e-16,0.06957527533058327,0.0
sha256:a4272b2dbb59d804c80972be0345e6c68eefe5e5b15435f4eb7524b1083972fb,sha256:4f77b8ab40dd3f670d05525292986a0d529ffb83a6a78c8298f72721bbc25fdf,PASS,64.0,1.0,-1.612797675456916,0.027305307458698636,1.612797675456916,0.0
sha256:a4272b2dbb59d804c80972be0345e6c68eefe5e5b15435f4eb7524b1083972fb,sha256:58fbe8e880f04bd4636dac7bddecab796021abc29f97679c13d773ef5c46bdab,PASS,64.0,1.0,-1.751770858831705,-0.03704551849233839,1.751770858831705,0.0
sha256:a4272b2dbb59d804c80972be0345e6c68eefe5e5b15435f4eb7524b1083972fb,sha256:7e9855809df51f5f23a48690bb0f3cecb0122c9ecd677e495d2a7652eeeb4c39,PASS,64.0,1.0,-1.6805955247382545,0.01583624462071964,1.6805955247382545,0.0
sha256:a4272b2dbb59d804c80972be0345e6c68eefe5e5b15435f4eb7524b1083972fb,sha256:896af51639ec7381a952e02d9a9b841598d4e8f83a0ca76a2294e65cbe9023fb,PASS,64.0,1.0,-1.4082502071784613,-0.0035100574209478985,1.4082502071784613,0.0
sha256:a4272b2dbb59d804c80972be0345e6c68eefe5e5b15435f4eb7524b1083972fb,sha256:96412db1d984daed18c344e2527180e28e98b26dd135304f6b6672633bf85296,PASS,64.0,1.0,-1.3695802131611448,0.0036548179409328085,1.3695802131611448,0.0
sha256:a4272b2dbb59d804c80972be0345e6c68eefe5e5b15435f4eb7524b1083972fb,sha256:b20425f968cc56aa980ed3d1ea78a6939342db4d0187419005f06d1acb3dac19,PASS,64.0,1.0,-1.6325636222925386,0.02429187621556439,1.6325636222925386,0.0
sha256:a4272b2dbb59d804c80972be0345e6c68eefe5e5b15435f4eb7524b1083972fb,sha256:b48f30292bc08adeb36b0361ccc1cfc5f6f33601e5abba99bb242f20d9f75a84,PASS,64.0,1.0,-1.5476113030398948,0.021473818314077686,1.5476113030398948,0.0
sha256:a4272b2dbb59d804c80972be0345e6c68eefe5e5b15435f4eb7524b1083972fb,sha256:b8a946b048b06662dcd4d5fa72c4a32f091db23baa4b4a632dd9da41816883d8,PASS,64.0,1.0,-1.591873639507424,0.02632030017422382,1.591873639507424,0.0
sha256:a4272b2dbb59d804c80972be0345e6c68eefe5e5b15435f4eb7524b1083972fb,sha256:cb0092a1520137f7629b2764f60238eb7b2b0a8b28803a5c0243336142594795,PASS,64.0,1.0,-0.9932841189551977,-0.0110473449605748,0.9932841189551977,0.0
sha256:a4272b2dbb59d804c80972be0345e6c68eefe5e5b15435f4eb7524b1083972fb,sha256:dc1dfe6835965a1fef34bf75cb957221cb701ff655ae05d2d0a35fbf5ca437a0,PASS,64.0,1.0,-1.0182696235947688,-0.00033795470668795957,1.0182696235947688,0.0
sha256:a4272b2dbb59d804c80972be0345e6c68eefe5e5b15435f4eb7524b1083972fb,sha256:dc4417be33c4fcd43845bf2daa10a9be7be10f150f8048eba8bcf93d16bfa0d0,PASS,64.0,1.0,-1.6307407019509101,0.025685037495357443,1.6307407019509101,0.0
sha256:a4272b2dbb59d804c80972be0345e6c68eefe5e5b15435f4eb7524b1083972fb,sha256:f42d3b2537dbd432297873d9e8be85f8183461f950f7f9b03d5822c5b81db02d,PASS,64.0,1.0,-1.4260788481479951,-0.030568017859923247,1.4260788481479951,0.0
sha256:ae88e6a57a9d1596e3f49145f73633957dd15ca16e2a0869ff9b84d580a4b124,sha256:09d67547473785b41461150093b3b60d47c9709709aaf78d9e8a19629462ad1f,PASS,64.0,1.0,7.123157032766513,0.043536198313710806,6.876842967233489,5.0
sha256:ae88e6a57a9d1596e3f49145f73633957dd15ca16e2a0869ff9b84d580a4b124,sha256:1821a07f34bcf62d7d020974a05a145231a2cba1169a4600aa3216d2f491b1f8,PASS,64.0,1.0,7.159769350126078,0.09006720935493995,6.840230649873924,5.0
sha256:ae88e6a57a9d1596e3f49145f73633957dd15ca16e2a0869ff9b84d580a4b124,sha256:1a504aa534faba9d40566663762499de6ea6b15fb9d3f6f59b7dadea3871f281,PASS,64.0,1.0,7.093730563870251,0.09336033859697235,6.906269436129751,3.0
sha256:ae88e6a57a9d1596e3f49145f73633957dd15ca16e2a0869ff9b84d580a4b124,sha256:4430d825ff5e0d262ae4672391a756ff5db2aed23d7d9b63c8fc36978f48a8aa,PASS,64.0,1.0,8.27535463960206,0.04026731705994191,5.724645360397941,5.0
sha256:ae88e6a57a9d1596e3f49145f73633957dd15ca16e2a0869ff9b84d580a4b124,sha256:e3a92650ed07b6c91bf33177b5f96af2192f79f3509d1085e36bac780fbafeae,PASS,64.0,1.0,9.921875842774046,-0.33207874939109416,7.853546880355005,60.0
sha256:ae88e6a57a9d1596e3f49145f73633957dd15ca16e2a0869ff9b84d580a4b124,sha256:e62f13499df42928ea3cd676ff651b7acb5a63d42e2be17a9c6f2d53d175073a,PASS,64.0,1.0,7.115522801491618,0.08380543789031769,6.8844771985083835,3.0
sha256:ae88e6a57a9d1596e3f49145f73633957dd15ca16e2a0869ff9b84d580a4b124,sha256:e8f74b232c888ada2a17168f0536c396c6671226b20f01e4573205413cc2ba14,PASS,64.0,1.0,7.091176606334557,0.08981874208686769,6.908823393665445,3.0
sha256:aedab96ddd9ea7a740af09f38e3b5ac1a054a44295e3fe2aeb3124eb2b2fab56,sha256:0113be83c9a668fa0f5187969d58e358ae66dbed7b396664b73d01f054d4a938,PASS,64.0,1.0,3.139695968671714,-0.16654993815358932,4.860304031328286,4.0
sha256:aedab96ddd9ea7a740af09f38e3b5ac1a054a44295e3fe2aeb3124eb2b2fab56,sha256:0793198f75f4a4c5c5e14358261338f3c666a067e007df7ae7ac0bc60b024e50,PASS,64.0,1.0,8.963856685522767,-0.26371423333994226,5.5959842530805535,4.0
sha256:aedab96ddd9ea7a740af09f38e3b5ac1a054a44295e3fe2aeb3124eb2b2fab56,sha256:088924c126def0fa52bcb3036cbdd8ebc2225ff698fe85a32a95ddbf464d68e1,PASS,64.0,1.0,10.122444865719316,-0.20518416647714588,10.628750295090615,4.0
sha256:aedab96ddd9ea7a740af09f38e3b5ac1a054a44295e3fe2aeb3124eb2b2fab56,sha256:1805c8eb43ed8d783c16f1e899a4145326c481067b6b1afd84ac6bc4190c934f,PASS,64.0,1.0,2.9198568964939238,-0.16237962458127786,5.080143103506076,4.0
sha256:aedab96ddd9ea7a740af09f38e3b5ac1a054a44295e3fe2aeb3124eb2b2fab56,sha256:26858a02f5a3d46b806b7bfa610ff942cd33ad003896d8c4db7d9cc4f7983011,PASS,64.0,1.0,2.7031013546054066,-0.12718947347206022,5.296898645394593,4.0
sha256:aedab96ddd9ea7a740af09f38e3b5ac1a054a44295e3fe2aeb3124eb2b2fab56,sha256:39c379a86f7299bdbbd9d5c97956049e49ed73693df5e263c486707fcc0b4511,PASS,64.0,1.0,2.9002731505209898,-0.151576001653428,5.09972684947901,4.0
sha256:aedab96ddd9ea7a740af09f38e3b5ac1a054a44295e3fe2aeb3124eb2b2fab56,sha256:3a8bde8877e178cc770c5d141566ca98b8d2b1b160173d7435d09f3f280a559e,PASS,64.0,1.0,2.7225902182799064,-0.12991331234812709,5.277409781720094,4.0
sha256:aedab96ddd9ea7a740af09f38e3b5ac1a054a44295e3fe2aeb3124eb2b2fab56,sha256:4e3b7fac9bc182a2e2190a30cdd8f46b5accbc38732b6e8424ebae70b037ad8b,PASS,64.0,1.0,2.6851420228241096,-0.12489167638896159,5.31485797717589,4.0
sha256:aedab96ddd9ea7a740af09f38e3b5ac1a054a44295e3fe2aeb3124eb2b2fab56,sha256:70dbae48614538927dcc4660edd9dd6d9905d8ade932ab611870d116a4d3a46a,PASS,64.0,1.0,-0.4606339589616377,0.03734807415997654,4.5163620489624785,6.0
sha256:aedab96ddd9ea7a740af09f38e3b5ac1a054a44295e3fe2aeb3124eb2b2fab56,sha256:7410da3472e889db4823a914af37887c1b3a157d6fac6da50206af82b74c00b2,PASS,64.0,1.0,2.7084637588203835,-0.12693888958546484,5.2915362411796165,4.0
sha256:aedab96ddd9ea7a740af09f38e3b5ac1a054a44295e3fe2aeb3124eb2b2fab56,sha256:87f27a6f713f491e830163129736551ce9a0a4ef86f5586d73a3f3013416c9d1,PASS,64.0,1.0,2.762247520306345,-0.1372723690723161,5.237752479693655,4.0
sha256:aedab96ddd9ea7a740af09f38e3b5ac1a054a44295e3fe2aeb3124eb2b2fab56,sha256:8a664de88898e132addb8e633b493068bccafd7046b411bcb83758fd643e60fe,PASS,64.0,1.0,2.9785878387001814,-0.15895149941983977,5.021412161299819,4.0
sha256:aedab96ddd9ea7a740af09f38e3b5ac1a054a44295e3fe2aeb3124eb2b2fab56,sha256:92c981eae8f5d693f7b3f0255b17a90ff85698cc4a8865f04c705160bd84666a,PASS,64.0,1.0,2.736495097505279,-0.13423807343061345,5.263504902494721,4.0
sha256:aedab96ddd9ea7a740af09f38e3b5ac1a054a44295e3fe2aeb3124eb2b2fab56,sha256:941af099ea6f45e853495f307858187c9a030cb1954482cfaf339f0ec22e7b39,PASS,64.0,1.0,2.797813758848454,-0.13623999858932834,5.202186241151546,4.0
sha256:aedab96ddd9ea7a740af09f38e3b5ac1a054a44295e3fe2aeb3124eb2b2fab56,sha256:99c08dca53a60b13d2c64761f38d246cdfa7150b903c7484ca08816e8c5e99ae,PASS,64.0,1.0,3.1728196644464406,-0.16892831317000745,4.827180335553559,4.0
sha256:aedab96ddd9ea7a740af09f38e3b5ac1a054a44295e3fe2aeb3124eb2b2fab56,sha256:a5124fe7728741dad7724f9178f059eda2fce8b51473ef2bb9a222656f9ce9d0,PASS,64.0,1.0,2.949973648088619,-0.16118649816811548,5.050026351911381,4.0
sha256:aedab96ddd9ea7a740af09f38e3b5ac1a054a44295e3fe2aeb3124eb2b2fab56,sha256:a9ec5bd0c9e09d70dd662dd6c70f8c08f01947fb694e6c2b36e2aeb1a13ce8e7,PASS,64.0,1.0,2.684579813000469,-0.1249694924267013,5.315420186999531,4.0
sha256:aedab96ddd9ea7a740af09f38e3b5ac1a054a44295e3fe2aeb3124eb2b2fab56,sha256:b38a78c772ed7c7fb40fcf98bb1f6fa8a711186bc0e955b42eafc8f018c6e21f,PASS,64.0,1.0,1.2784845425866243,-1.7763568394002505e-15,6.721515457413376,0.0
sha256:aedab96ddd9ea7a740af09f38e3b5ac1a054a44295e3fe2aeb3124eb2b2fab56,sha256:ba256681183de9e154953a92bdb09423b77e69c6e79e0a312cc87eab38a93821,PASS,64.0,1.0,3.210827293060829,-0.17519485775175703,4.789172706939171,4.0
sha256:aedab96ddd9ea7a740af09f38e3b5ac1a054a44295e3fe2aeb3124eb2b2fab56,sha256:bcea29d0f24889d8764bfe071796495bed02b4845e5a4c2ceb9ddd42deb20d15,PASS,64.0,1.0,2.6954153026203436,-0.12564404250210792,5.304584697379656,4.0
sha256:aedab96ddd9ea7a740af09f38e3b5ac1a054a44295e3fe2aeb3124eb2b2fab56,sha256:c06390238cd2d7835191ad4c3ae22e97c46ce510491c8f945599f61010e70789,PASS,64.0,1.0,2.770109035130205,-0.134467798843799,5.229890964869795,4.0
sha256:aedab96ddd9ea7a740af09f38e3b5ac1a054a44295e3fe2aeb3124eb2b2fab56,sha256:cda6d55565136ef6f1b9d7f12ccc008b28f9d02fbf6636895ad04eafc5b0eff9,PASS,64.0,1.0,3.099327016843664,-0.16403467698728047,4.900672983156336,4.0
sha256:aedab96ddd9ea7a740af09f38e3b5ac1a054a44295e3fe2aeb3124eb2b2fab56,sha256:d343d20f8e070fe7d2f2e25c2cc77e898fd87bb94cd400d8a85d7ed25003d675,PASS,64.0,1.0,2.6803919298872723,-0.12469203325921985,5.319608070112728,4.0
sha256:aedab96ddd9ea7a740af09f38e3b5ac1a054a44295e3fe2aeb3124eb2b2fab56,sha256:d9909dac4765d13ca923c841d645076961d7a0e6978d2377795d6ef2a3ed82c5,PASS,64.0,1.0,3.044114677722664,-0.16011951307887173,4.955885322277336,4.0
sha256:aedab96ddd9ea7a740af09f38e3b5ac1a054a44295e3fe2aeb3124eb2b2fab56,sha256:e97e24b4792a8f367dc4b2b057f33019f4f496f9f2f051393a5c7b15e891acd4,PASS,64.0,1.0,3.040672248761574,-0.15136008781752475,2.1155019108460094,6.0
sha256:aedab96ddd9ea7a740af09f38e3b5ac1a054a44295e3fe2aeb3124eb2b2fab56,sha256:fd474be0bfbf4a638af5105735c94112903d6b3c7ae1b2c23482851cc0109c1d,PASS,64.0,1.0,6.654054111713354,-0.3105328226150528,2.447222828184165,6.0
sha256:aedab96ddd9ea7a740af09f38e3b5ac1a054a44295e3fe2aeb3124eb2b2fab56,sha256:ffb2c1e429f83b9ce33824dfa1d795b93a3b776df08161b88f5312f7ed1b2b96,PASS,64.0,1.0,2.8368821439113567,-0.1425912369160951,5.163117856088643,4.0
sha256:af73cf46cc7e39445099a80730dce5c7af45a971852a5baf6896d89214397d38,sha256:096e1e1daea4e2d27c0183424afaf6e3d8a89d13ea3117c802b31f2dd5255d19,PASS,64.0,1.0,-2.460661520232483,-0.1943385005918401,4.194879283179565,25.0
sha256:af73cf46cc7e39445099a80730dce5c7af45a971852a5baf6896d89214397d38,sha256:135569cf1abc1f550b245c6067bd225aa0b0b4e0f62ecb41d1cd6a7457878924,PASS,64.0,1.0,-1.3512524494212297,-0.11135657831064627,6.085314644245448,25.0
sha256:af73cf46cc7e39445099a80730dce5c7af45a971852a5baf6896d89214397d38,sha256:25f7451c821dbd474f9a98f35df377b2468842ed9f58880ac3faf74fea86fbb5,PASS,64.0,1.0,-1.316111274446401,-0.07995923894086054,6.132556625093374,25.0
sha256:af73cf46cc7e39445099a80730dce5c7af45a971852a5baf6896d89214397d38,sha256:3bd5d5f34197b50aa4461d270d082153db16ad2a687f48957cf5b07eaa9a175b,PASS,64.0,1.0,-1.3153511807811347,-0.07759836775391804,6.113447360743293,25.0
sha256:af73cf46cc7e39445099a80730dce5c7af45a971852a5baf6896d89214397d38,sha256:54677ddfccb01bba30c4ca636891d33f1fa08aac46d734ef28089a296fb820b8,PASS,64.0,1.0,-2.219538171753574,0.012321264904174178,2.219538171753574,0.0
sha256:af73cf46cc7e39445099a80730dce5c7af45a971852a5baf6896d89214397d38,sha256:55c65cf7df8674b984a858a7bf999d031ff3a90634b1ddf7b3f73f7072e924da,PASS,64.0,1.0,1.0166340042516024,-2.220446049250313e-15,3.390032751424667,25.0
sha256:af73cf46cc7e39445099a80730dce5c7af45a971852a5baf6896d89214397d38,sha256:563c309bb5239f5463b028feb9646a530e377218fc0ad40011fcbb5f25b521c9,PASS,64.0,1.0,-1.3308353546021783,-0.094971516543362,6.0999937179444625,25.0
sha256:af73cf46cc7e39445099a80730dce5c7af45a971852a5baf6896d89214397d38,sha256:5692ad348b8ea5bd412121914859aa36b5e032f3f4e52b0000464d1074de4bb5,PASS,64.0,1.0,-1.3033687885780774,-0.07993718667507288,6.07776854596333,25.0
sha256:af73cf46cc7e39445099a80730dce5c7af45a971852a5baf6896d89214397d38,sha256:6ad79e3c97a16233edbc249542e7092231fe5d319918324cbb0afc708d24e213,PASS,64.0,1.0,-1.303417515046501,-0.06530255813340702,5.928393196351433,25.0
sha256:af73cf46cc7e39445099a80730dce5c7af45a971852a5baf6896d89214397d38,sha256:7c47290c23822d4149771da9f7e063817ecb142c2798a25e8dd84d6696459ed8,PASS,64.0,1.0,-1.310576435579688,-0.07820381380070796,6.126172062410743,25.0
sha256:af73cf46cc7e39445099a80730dce5c7af45a971852a5baf6896d89214397d38,sha256:bb158b8d1c15818f66bae2ec06e99d9c6ac87ed51cfb41585c1e5d7e05357b1a,PASS,64.0,1.0,-1.3723727704248256,-0.11599922064203394,5.4188457967004595,25.0
sha256:b00572d512ad12902cbeb806e1232808ca3d76ad6adcbc6a6247ef685a371753,sha256:1b49692d6283a2950e3f453906116aa280a5d6d986e2b66131b70d30d77e8bc4,PASS,64.0,1.0,8.216849425339568,0.08725857227316425,55.96954543007677,4.0
sha256:b00572d512ad12902cbeb806e1232808ca3d76ad6adcbc6a6247ef685a371753,sha256:3428ef7814173832c363abac70f9cc8cce99d9d8346d99fe8df7a1bd5dca83fb,PASS,64.0,1.0,8.455417240459923,0.13901401804593405,58.79615913845956,4.0
sha256:b00572d512ad12902cbeb806e1232808ca3d76ad6adcbc6a6247ef685a371753,sha256:66596190f0fd87778668267d34ecd68c5f4c0127bf2b3ca1af541b9c8afa62a4,PASS,64.0,1.0,9.43361758901375,0.3197633475606665,72.1734491923036,4.0
sha256:b00572d512ad12902cbeb806e1232808ca3d76ad6adcbc6a6247ef685a371753,sha256:cddaf48e6268fe083c000b397f773c116097358e494cc03f5ad789bfd4e70623,PASS,64.0,1.0,8.81776618531741,0.2662190481918998,72.1116238364855,4.0
sha256:b00572d512ad12902cbeb806e1232808ca3d76ad6adcbc6a6247ef685a371753,sha256:e2263b2e5e685866c3baf118f9e251675abd5821b185a8a40d5fa86b889c5e09,PASS,64.0,1.0,8.754735065708473,0.21050750291558273,63.424995611277524,4.0
sha256:b00572d512ad12902cbeb806e1232808ca3d76ad6adcbc6a6247ef685a371753,sha256:e3f000f93d74c148beceb87bfcc79136e9d53a0cdf5a13a2c5b04ebf959c331e,PASS,64.0,1.0,8.436649077067187,0.17070085603228335,68.92698197355315,2.0
sha256:b00572d512ad12902cbeb806e1232808ca3d76ad6adcbc6a6247ef685a371753,sha256:fd49695541aca2342eaabcafd00edbd5aef4912b52ec57e21288bc61c34a2dd6,PASS,64.0,1.0,8.302180294908844,0.07033868326883663,54.006232624844515,4.0
sha256:b1b5c499dfcd0d8c24a69167194439317710dc6a47a7c2d3000b45392cae7551,sha256:1c8ef4853c3f68c2c9e503b585d911a7dd52aee6b3247136f437bef3e0163429,PASS,64.0,1.0,-3.409110261898459,-0.020594586005946436,3.664588822822989,1.0
sha256:b1b5c499dfcd0d8c24a69167194439317710dc6a47a7c2d3000b45392cae7551,sha256:34565af7a4ba69432f62aacbc8075d6fe11e34157c35a3817725c46c88891b5a,PASS,64.0,1.0,-3.2616882126617295,-0.030783855811521654,3.6469162802982193,1.0
sha256:b1b5c499dfcd0d8c24a69167194439317710dc6a47a7c2d3000b45392cae7551,sha256:382462cf9d9d4d6185301adad69eda172abc377713dc7ad48f4072811cd44564,PASS,64.0,1.0,-3.438970238065452,-0.007967206690667084,3.70875746021244,1.0
sha256:b1b5c499dfcd0d8c24a69167194439317710dc6a47a7c2d3000b45392cae7551,sha256:3aa57618cf35ec043dee40488e82ab90094da3bd6a76b256200750773d97fe3e,PASS,64.0,1.0,-3.4724524412704585,-0.014015653013380813,3.6605608556820033,1.0
sha256:b1b5c499dfcd0d8c24a69167194439317710dc6a47a7c2d3000b45392cae7551,sha256:4542469f2ccb92bdfc5c56a7c0a9b5cee072c0bc5c9e11f9d1160a2376ddf1cc,PASS,64.0,1.0,-1.2243442266568059,1.5543122344752192e-15,1.2243442266568059,1.0
sha256:b1b5c499dfcd0d8c24a69167194439317710dc6a47a7c2d3000b45392cae7551,sha256:65bc89a1d9a2690dc7f3c15f40fc0f073ee673c1fe6c4fac2c9f303f70dbe63e,PASS,64.0,1.0,-3.220862116353273,-0.03321363476307848,4.065395619408846,1.0
sha256:b1b5c499dfcd0d8c24a69167194439317710dc6a47a7c2d3000b45392cae7551,sha256:70978a3a2d8694e3ebbe84013f7ede49b892d2108c7f3230263c1168e049eb1a,PASS,64.0,1.0,-3.4055324664425886,-0.05086905239879691,3.948371039898399,1.0
sha256:b1b5c499dfcd0d8c24a69167194439317710dc6a47a7c2d3000b45392cae7551,sha256:83de47c32f39d69837fd1abd2765277b020ba1fc22e194d19e930b19f0fe7b06,PASS,64.0,1.0,-3.667728972721779,-0.009955555956208784,3.667728972721779,2.0
sha256:b1b5c499dfcd0d8c24a69167194439317710dc6a47a7c2d3000b45392cae7551,sha256:89713eeb3a3bee6310525b772a90eed7dd35ccbd651ba3c71ec2d97df6a463cb,PASS,64.0,1.0,-3.15757057849766,-0.023628438459900813,4.0972391146838785,1.0
sha256:b1b5c499dfcd0d8c24a69167194439317710dc6a47a7c2d3000b45392cae7551,sha256:c7fdc3809c30406f56356fde1c8807c78ce5b671321ed4a59b63add07ee02193,PASS,64.0,1.0,-3.4018283902603037,-0.03655698531118068,3.8462892888980753,1.0
sha256:b1b5c499dfcd0d8c24a69167194439317710dc6a47a7c2d3000b45392cae7551,sha256:dac5c1229226037f450376ca43c7acc68eba051f77d5d20d8643908033f74fc8,PASS,64.0,1.0,-3.1043009632859713,-0.01671266089429313,3.374306725863028,13.0
sha256:b1b5c499dfcd0d8c24a69167194439317710dc6a47a7c2d3000b45392cae7551,sha256:e6cab9131c82a175e47490e6f77012aa35db1c39e22a3bd929b2114dbe2613e7,PASS,64.0,1.0,-3.3140286323627253,-0.027479575361007313,3.6703544077476282,1.0
sha256:b1b5c499dfcd0d8c24a69167194439317710dc6a47a7c2d3000b45392cae7551,sha256:ebd92c64bbaf823e7b624ee4dae2951808f134041facfedfba65afa57c5daeb6,PASS,64.0,1.0,-3.4784984707126596,-0.008210408799888214,3.685262483287809,1.0
sha256:b1b5c499dfcd0d8c24a69167194439317710dc6a47a7c2d3000b45392cae7551,sha256:f61391b1c924804a7a44e2f9e5f76678b157ea49cc58df91b28e884a04836ea4,PASS,64.0,1.0,-3.7351600590101692,-0.008828873906084223,3.7351600590101692,2.0
sha256:b1b5c499dfcd0d8c24a69167194439317710dc6a47a7c2d3000b45392cae7551,sha256:f7ed02527e3a2d938d172fb7825df1b6dc896d324b677f20304785f405693a80,PASS,64.0,1.0,-3.2826833234875457,-0.04560415992739841,4.028439949616696,1.0
sha256:b1b5c499dfcd0d8c24a69167194439317710dc6a47a7c2d3000b45392cae7551,sha256:faeef3791df922779112d980b991dba894598c18c02be747a3cc5c3358ef5f8b,PASS,64.0,1.0,-3.350936823074872,-0.049903932223962943,3.994805209820325,1.0
sha256:b5233980f2c1df7d34acc3f0721fb7ac2a66808c1a837329f9fd3f49926f24dc,sha256:0009904991fd1d6c1f232b49ee5011d545aba05b63a661152e98c2cb3f9b98dc,PASS,64.0,1.0,-1.6801806140414408,-1.7319479184152442e-14,1.6801806140414408,1.0
sha256:b5233980f2c1df7d34acc3f0721fb7ac2a66808c1a837329f9fd3f49926f24dc,sha256:11382bc31f9c4d7d8b55186885123e7a847d24c13d8a3e76c0d9545fed8cda2b,PASS,64.0,1.0,-1.6605214129283812,3.4861002973229915e-14,1.6605214129283812,1.0
sha256:b5233980f2c1df7d34acc3f0721fb7ac2a66808c1a837329f9fd3f49926f24dc,sha256:1a0131bd3b740a289a1ba098eecbc5ad49182356275dcd3acb43e253a3066188,PASS,64.0,1.0,-1.7238114125204023,4.884981308350689e-15,1.7238114125204023,1.0
sha256:b5233980f2c1df7d34acc3f0721fb7ac2a66808c1a837329f9fd3f49926f24dc,sha256:29c53f6266a61e9054bab7cc636e25786aeea89eb8a53dfee4fa88dc2a989751,PASS,64.0,1.0,-1.7185810929644978,-6.217248937900877e-15,1.7185810929644978,1.0
sha256:b5233980f2c1df7d34acc3f0721fb7ac2a66808c1a837329f9fd3f49926f24dc,sha256:6a5204d637b8a796576b039a145bb2c7a3e689ecf6d71476bc2e47d9c805e2a4,PASS,64.0,1.0,-1.7309380640329886,-1.554312234475219e-14,1.7309380640329886,1.0
sha256:b5233980f2c1df7d34acc3f0721fb7ac2a66808c1a837329f9fd3f49926f24dc,sha256:6e2792e700cee97f057abac98ff83bc668b5b16b48d07195e75b21f0868a9cf6,PASS,64.0,1.0,-1.6933751324951207,2.0872192862952943e-14,1.6933751324951207,1.0
sha256:b5233980f2c1df7d34acc3f0721fb7ac2a66808c1a837329f9fd3f49926f24dc,sha256:9779c9563cc011a11b07bfef50f30bd8813b2cd51969637505d26d80c16267fd,PASS,64.0,1.0,0.0,0.0,0.0,0.0
sha256:b5233980f2c1df7d34acc3f0721fb7ac2a66808c1a837329f9fd3f49926f24dc,sha256:9bb29b3a1caf0eef85c51261242a4dce68710f21272fce195df1f4822a14a228,PASS,64.0,1.0,0.0,0.0,0.0,0.0
sha256:b5233980f2c1df7d34acc3f0721fb7ac2a66808c1a837329f9fd3f49926f24dc,sha256:b7ea5ff7b63f5c26bc2ee37ffd7c6f2e96a67449997589eb9755c3016132932e,PASS,64.0,1.0,-1.6164396227029028,-1.6653345369377348e-14,1.6164396227029028,1.0
sha256:b5233980f2c1df7d34acc3f0721fb7ac2a66808c1a837329f9fd3f49926f24dc,sha256:cb16bb1b052e8098ae623cb9f356501bc519bc0b6ff2fe5a59765589458be653,PASS,64.0,1.0,-1.7119788084573133,3.1086244689504383e-15,1.7119788084573133,1.0
sha256:b5233980f2c1df7d34acc3f0721fb7ac2a66808c1a837329f9fd3f49926f24dc,sha256:d8ef5c5ef5b305f827f3d9cf623099d0959c2b922db9ddd74ff5067eb47c1f96,PASS,64.0,1.0,-1.7278672500445713,-7.771561172376096e-15,1.7278672500445713,1.0
sha256:b5233980f2c1df7d34acc3f0721fb7ac2a66808c1a837329f9fd3f49926f24dc,sha256:e80a9ee4a026339f34ab1423dcf9806a8f8af3f70d0db5daedad41a7eb1c7439,PASS,64.0,1.0,-1.70369663524928,1.0658141036401503e-14,1.70369663524928,1.0
sha256:b9a4fa94dafc0e3ad02143e811d8a97e414acf62bbd5363768564cff85896f70,sha256:298aa324a71a1cbbcebf23b2b469e0497dd10dc67c44a8702e619d1ad41ecbc7,PASS,64.0,1.0,3.2027794526312823,0.4226181206168631,6.7972205473687195,0.0
sha256:b9a4fa94dafc0e3ad02143e811d8a97e414acf62bbd5363768564cff85896f70,sha256:370313db5640af1ca9d29aca086543c42c4108df8d4a39d1af1641b221d78c9c,PASS,64.0,1.0,3.12302406857933,0.3686089462428459,6.876975931420672,0.0
sha256:b9a4fa94dafc0e3ad02143e811d8a97e414acf62bbd5363768564cff85896f70,sha256:5f9e8554a8646b9c5b13bb7011fed0330f72b393273cd3a116333ec6343fe581,PASS,64.0,1.0,3.1371986617874867,0.3837458878927311,6.862801338212515,0.0
sha256:b9a4fa94dafc0e3ad02143e811d8a97e414acf62bbd5363768564cff85896f70,sha256:6d59eff5738229b572138d06eb1f3099618a0eba7bf463bd8b50ddebe5b921a5,PASS,64.0,1.0,3.1585468806633017,0.37768547633235805,6.8414531193367,0.0
sha256:b9a4fa94dafc0e3ad02143e811d8a97e414acf62bbd5363768564cff85896f70,sha256:71e10e22cbfa7973ccd8e47330054f868645f647d91c6a4c12dcb54429734d45,PASS,64.0,1.0,3.1623219916527203,0.4015554858076973,6.8376780083472815,0.0
sha256:b9a4fa94dafc0e3ad02143e811d8a97e414acf62bbd5363768564cff85896f70,sha256:9132ff7bd1d86fc60e031de30aef87103011c1ce7a9a7a00af5233ea9128d2d8,PASS,64.0,1.0,3.12238522929037,0.3711635202916286,6.877614770709632,0.0
sha256:b9a4fa94dafc0e3ad02143e811d8a97e414acf62bbd5363768564cff85896f70,sha256:9887fa8dadd0e510fc862fdf0256ffcbec19a9aaa1e3c1715e9d794de1b669c1,PASS,64.0,1.0,3.145873114332595,0.3501688752881993,6.854126885667407,0.0
sha256:b9a4fa94dafc0e3ad02143e811d8a97e414acf62bbd5363768564cff85896f70,sha256:99cbf7857cefb4789ab31e568b8386553018016de70f58b0914e612674bbbea7,PASS,64.0,1.0,3.1898321299671775,0.390432242624569,6.810167870032824,0.0
sha256:b9a4fa94dafc0e3ad02143e811d8a97e414acf62bbd5363768564cff85896f70,sha256:9b913a7ff38f8d3765f677546ad5cdacc788fc039a80e93f275e12c59cf120d8,PASS,64.0,1.0,3.133540830350869,0.37011363456880986,6.866459169649133,0.0
sha256:b9a4fa94dafc0e3ad02143e811d8a97e414acf62bbd5363768564cff85896f70,sha256:9f9af69033503bb11afd2b90c3e0613810db20d477203038e2767f064f6361e0,PASS,64.0,1.0,3.1775292746826294,0.4123468058384434,6.822470725317372,0.0
sha256:b9a4fa94dafc0e3ad02143e811d8a97e414acf62bbd5363768564cff85896f70,sha256:a168ba8b8995045d6a8262857816aab3a3c094e748c34839812812121fdab1af,PASS,64.0,1.0,3.127977156832518,0.3764711742889846,6.872022843167484,0.0
sha256:b9a4fa94dafc0e3ad02143e811d8a97e414acf62bbd5363768564cff85896f70,sha256:a8b98e52feac1e214d386f6b6ab45e23d41f620aa35b12ae4309e38ee839c515,PASS,64.0,1.0,3.1488695822330666,0.39199573869867343,6.851130417766935,0.0
sha256:b9a4fa94dafc0e3ad02143e811d8a97e414acf62bbd5363768564cff85896f70,sha256:b54b08640d8fd108b832c1eed17dc325f9ff4b76d32b2a683fb50d7138d528cc,PASS,64.0,1.0,3.2029704635418774,0.3920609858990147,6.797029536458124,0.0
sha256:b9a4fa94dafc0e3ad02143e811d8a97e414acf62bbd5363768564cff85896f70,sha256:bd912bda0ac39574c80a48c11c0399118fe973ad80b7259c9cbf8297ab148a94,PASS,64.0,1.0,3.20467276006823,0.4136583074960223,6.795327239931772,0.0
sha256:baac9bacdfb1e7985e9641fc25996dc5d24e9b89b2b3a6b50fe0aae193d75dc4,sha256:35a543d9e54af6135436ecbfde7ac5ffc9eee784b9cea9e2a1cda93c8f61f812,PASS,64.0,1.0,-5.954795485395431,-0.31493829851208943,9.320488577741623,1.0
sha256:baac9bacdfb1e7985e9641fc25996dc5d24e9b89b2b3a6b50fe0aae193d75dc4,sha256:5a8cc20cc9a41048daadc843380688b644ee0dc4dca1b904b00a66d130148da2,PASS,64.0,1.0,-5.885673406565722,-0.3007897138720672,9.056561115229663,1.0
sha256:baac9bacdfb1e7985e9641fc25996dc5d24e9b89b2b3a6b50fe0aae193d75dc4,sha256:622464cbca5ab55c94648dfaf8fee700ab2781c0173fafce6e221d037f674586,PASS,64.0,1.0,0.5955563323908164,4.529709940470639e-14,3.9813031417913125,1.0
sha256:baac9bacdfb1e7985e9641fc25996dc5d24e9b89b2b3a6b50fe0aae193d75dc4,sha256:78e2dca3e29db13c07fa5ca6086470dee492f3ac60ef02c9c4ff75737247ebd7,PASS,64.0,1.0,-5.979172722230775,-0.32462942605349276,9.367018238435609,1.0
sha256:baac9bacdfb1e7985e9641fc25996dc5d24e9b89b2b3a6b50fe0aae193d75dc4,sha256:865ee76dedb106507b156e43b9fbe71484051e8a6be1bc62b625dcb7ee4785ae,PASS,64.0,1.0,-6.7575976412502055,-0.11789924961440512,6.7575976412502055,0.0
sha256:baac9bacdfb1e7985e9641fc25996dc5d24e9b89b2b3a6b50fe0aae193d75dc4,sha256:a4148a91c2e4556c56b6dbe96fa65776bc5be0defa8aa72b811b034bc7f8ced2,PASS,64.0,1.0,-6.277463719658744,-0.3424725028575111,8.794839188866508,1.0
sha256:baac9bacdfb1e7985e9641fc25996dc5d24e9b89b2b3a6b50fe0aae193d75dc4,sha256:a6ba6149ad9c9768a760b96ae8bb50af3f851971496ddd5f88d3ce96d5233d64,PASS,64.0,1.0,0.8994693390817918,-3.241851231905457e-14,3.9584646590261183,18.0
sha256:baac9bacdfb1e7985e9641fc25996dc5d24e9b89b2b3a6b50fe0aae193d75dc4,sha256:aab0ab1066068a3bfbd4c80db66e87c75afff02385d2334281cf486e2f2ecb68,PASS,64.0,1.0,-5.934846881092824,-0.306575409044342,9.238716128529347,1.0
sha256:baac9bacdfb1e7985e9641fc25996dc5d24e9b89b2b3a6b50fe0aae193d75dc4,sha256:af1b7b71bd33b90a27bd66b8c7aba3dd7938d1618d983de2b807fe7558dd0aef,PASS,64.0,1.0,-4.856823323530617,-0.40341563873766084,9.393150208754006,30.0
sha256:baac9bacdfb1e7985e9641fc25996dc5d24e9b89b2b3a6b50fe0aae193d75dc4,sha256:b329cc60df11771254a85e3e445f49ab723778e25897aaf1ecc5c87311794461,PASS,64.0,1.0,-6.010450323357434,-0.3092335161476054,8.927405555977673,1.0
sha256:baac9bacdfb1e7985e9641fc25996dc5d24e9b89b2b3a6b50fe0aae193d75dc4,sha256:d7dc2b41808985678505979a3290e0c172bf572bf910948174ee012a00564349,PASS,64.0,1.0,-4.834642175201381,-0.3560876883444344,8.771695378784145,30.0
sha256:bb6a3a1dfac623ada2d14aca8d6f5478d2d136818469561e8bfa82604cd6829a,sha256:017caa18b190f204c416c2102c466625f734d96fffc282f416256bc355997973,PASS,64.0,1.0,-1.155494961601102,2.4424906541753444e-15,1.155494961601102,0.0
sha256:bb6a3a1dfac623ada2d14aca8d6f5478d2d136818469561e8bfa82604cd6829a,sha256:032916a407d99354f6033e8c3bbebe073afcdd0e1ee4f6fc8b2c3934a11d150b,PASS,64.0,1.0,19.72670164064595,-0.8920598348913753,12.05966463603602,0.0
sha256:bb6a3a1dfac623ada2d14aca8d6f5478d2d136818469561e8bfa82604cd6829a,sha256:0d63162907df62380638c0cf7a719081bc81036d4b41d569a716bc6b045bfd36,PASS,64.0,1.0,-1.1597743407418784,2.1094237467877974e-14,1.1597743407418784,0.0
sha256:bb6a3a1dfac623ada2d14aca8d6f5478d2d136818469561e8bfa82604cd6829a,sha256:0ec4010d00abd5e1da08dd89a97bcbc888476c8afc85e8c5ae98cade102388ba,PASS,64.0,1.0,-1.116644888493629,2.375877272697835e-14,1.116644888493629,0.0
sha256:bb6a3a1dfac623ada2d14aca8d6f5478d2d136818469561e8bfa82604cd6829a,sha256:0f21f3183f599080f7e68e2020bad37a83fa26ba7fd65f14c52a0d8d5087e4e9,PASS,64.0,1.0,-1.157636377756037,-1.709743457922741e-14,1.157636377756037,0.0
sha256:bb6a3a1dfac623ada2d14aca8d6f5478d2d136818469561e8bfa82604cd6829a,sha256:0f927f53060c6c9fc6824d4728f8cf593320a3894f1056d6e07148b5a54ca210,PASS,64.0,1.0,-1.1237057020664936,-7.993605777301127e-15,1.1237057020664936,0.0
sha256:bb6a3a1dfac623ada2d14aca8d6f5478d2d136818469561e8bfa82604cd6829a,sha256:0faac0fcbe9ea42486a06374f5267f9ef81a152170e969f7514f35677908db14,PASS,64.0,1.0,-1.1268126841926287,-1.6431300764452317e-14,1.1268126841926287,0.0
sha256:bb6a3a1dfac623ada2d14aca8d6f5478d2d136818469561e8bfa82604cd6829a,sha256:1799fdeb95bda2cfc566fd71bf881d1d271cc179c59688740116e160a9c5dec7,PASS,64.0,1.0,-1.1640327828138324,-1.2212453270876722e-14,1.1640327828138324,0.0
sha256:bb6a3a1dfac623ada2d14aca8d6f5478d2d136818469561e8bfa82604cd6829a,sha256:1ae66147269b1abe7380281d3ec363c7ad6a8bae81995e206244fee07cc4412a,PASS,64.0,1.0,-1.1186234031018516,-5.995204332975845e-15,1.1186234031018516,0.0
sha256:bb6a3a1dfac623ada2d14aca8d6f5478d2d136818469561e8bfa82604cd6829a,sha256:1caad25e2a5a672997017cf4492d916ceabd2316e7d7978e9f0c0081dea2dcd3,PASS,64.0,1.0,-1.1288992021733435,2.6645352591003757e-15,1.1288992021733435,0.0
sha256:bb6a3a1dfac623ada2d14aca8d6f5478d2d136818469561e8bfa82604cd6829a,sha256:1f8a5c82e18247097e55a11ee970ba1a6a0302654af012a140a13f4f77c2a2c3,PASS,64.0,1.0,-1.1100795132214092,-2.3092638912203256e-14,1.1100795132214092,0.0
sha256:bb6a3a1dfac623ada2d14aca8d6f5478d2d136818469561e8bfa82604cd6829a,sha256:2064dc8927061a385c091cb4f08dd8909a71a831a97dc1f81dc6f736701b9e45,PASS,64.0,1.0,-1.114712410403037,-2.1094237467877974e-14,1.114712410403037,0.0
sha256:bb6a3a1dfac623ada2d14aca8d6f5478d2d136818469561e8bfa82604cd6829a,sha256:21ff44b66926d0a3bafd4a4f4bcd5421fa0755ed464ec1dcfa92362c0e7c5278,PASS,64.0,1.0,-1.134154656408994,9.325873406851315e-15,1.134154656408994,0.0
sha256:bb6a3a1dfac623ada2d14aca8d6f5478d2d136818469561e8bfa82604cd6829a,sha256:223baf39dc216273b942919356d3ccffd00d24431831f42bc64c6b2919a4a73a,PASS,64.0,1.0,-1.1137661473952962,-1.3988810110276972e-14,1.1137661473952962,0.0
sha256:bb6a3a1dfac623ada2d14aca8d6f5478d2d136818469561e8bfa82604cd6829a,sha256:24310b7021b83e15b0823aec62ab0e680bfa44cd2fe713344425ef10b86feae7,PASS,64.0,1.0,-1.1373293259947985,1.2212453270876722e-14,1.1373293259947985,0.0
sha256:bb6a3a1dfac623ada2d14aca8d6f5478d2d136818469561e8bfa82604cd6829a,sha256:287fa0471c1f98c3d7b29bbf42b952fa16f79808cb736a55a9129e4fcbb96e7f,PASS,64.0,1.0,-1.1091392179339727,5.551115123125783e-15,1.1091392179339727,0.0
sha256:bb6a3a1dfac623ada2d14aca8d6f5478d2d136818469561e8bfa82604cd6829a,sha256:2c970caf58b12f541a5bf0ed3e2062858fc9463476d07f63d2c1adc1befec070,PASS,64.0,1.0,-1.1701621138115519,-1.3988810110276972e-14,1.1701621138115519,0.0
sha256:bb6a3a1dfac623ada2d14aca8d6f5478d2d136818469561e8bfa82604cd6829a,sha256:3533ff548cda7367c91e62043082028927c4560833635dc2c4dec48256a66494,PASS,64.0,1.0,-1.1362695907149603,2.7755575615628914e-14,1.1362695907149603,0.0
sha256:bb6a3a1dfac623ada2d14aca8d6f5478d2d136818469561e8bfa82604cd6829a,sha256:35dc9aadddae44de632247b69d3a6f8115af5d18c58859b5e65ca9af65afc765,PASS,64.0,1.0,35.06272542808186,-1.8082281213725935,91.6048620559247,0.0
sha256:bb6a3a1dfac623ada2d14aca8d6f5478d2d136818469561e8bfa82604cd6829a,sha256:3a030cc53ee2d5ca6bd768b0b2727b2cc8225c8bbb9b299426bae7074d3c3663,PASS,64.0,1.0,-1.1040517239419971,-6.217248937900877e-15,1.1040517239419971,0.0
sha256:bb6a3a1dfac623ada2d14aca8d6f5478d2d136818469561e8bfa82604cd6829a,sha256:3a3b336463ddc2ec62c70bb9939d12a990afd9f15842928e27ebea318a7551c0,PASS,64.0,1.0,-1.1309954785453071,1.5765166949677223e-14,1.1309954785453071,0.0
sha256:bb6a3a1dfac623ada2d14aca8d6f5478d2d136818469561e8bfa82604cd6829a,sha256:3c48ca1672d98c81f1307299bd69ac0e82d3c16ef6ccc8783046f71a9d7ca1af,PASS,64.0,1.0,-11.001646753535258,0.8419506780718784,11.6770914331985,0.0
sha256:bb6a3a1dfac623ada2d14aca8d6f5478d2d136818469561e8bfa82604cd6829a,sha256:3ddc9ec5da052d27ab654ef405f2f0ac753da5a187ecdd57347c84bb8eb94104,PASS,64.0,1.0,0.0,0.0,0.0,0.0
sha256:bb6a3a1dfac623ada2d14aca8d6f5478d2d136818469561e8bfa82604cd6829a,sha256:3ed22036bbf6bc19726470961e9087bee080e5c298f8feae1d57655933d712a4,PASS,64.0,1.0,-1.1081462595685414,1.0658141036401503e-14,1.1081462595685414,0.0
sha256:bb6a3a1dfac623ada2d14aca8d6f5478d2d136818469561e8bfa82604cd6829a,sha256:3fbfbdea737f85970e39232b0408c4fd49c5e94dc86b11c76660725858c20d48,PASS,64.0,1.0,37.37234878782219,0.08603946480407387,80.97613801771709,0.0
sha256:bb6a3a1dfac623ada2d14aca8d6f5478d2d136818469561e8bfa82604cd6829a,sha256:41858924b41ff19c4455071373b4e9e4e25679a4e8e90e74768379777c90b83a,PASS,64.0,1.0,-1.1216548694957287,1.1546319456101628e-14,1.1216548694957287,0.0
sha256:bb6a3a1dfac623ada2d14aca8d6f5478d2d136818469561e8bfa82604cd6829a,sha256:419d52085dd7de7ad02c5b626db541adcc001f4e8264530fb4c440d724aee11f,PASS,64.0,1.0,-1.1011533032745269,9.769962616701378e-15,1.1011533032745269,0.0
sha256:bb6a3a1dfac623ada2d14aca8d6f5478d2d136818469561e8bfa82604cd6829a,sha256:4303927f657c9b1ae3e77889d0f51f9ff40793826af7a7311f5c54d9f43b983a,PASS,64.0,1.0,-1.143715303356411,4.6629367034256575e-15,1.143715303356411,0.0
sha256:bb6a3a1dfac623ada2d14aca8d6f5478d2d136818469561e8bfa82604cd6829a,sha256:44c2a9589b9fd2554cda4da695033664d469e36ca2ef7e6651846408b07e1f6d,PASS,64.0,1.0,26.311329464795023,-1.356617566862088,27.79344935615054,0.0
sha256:bb6a3a1dfac623ada2d14aca8d6f5478d2d136818469561e8bfa82604cd6829a,sha256:45b713ef92a5b328e6aca44e8d45db7f97ce8bb08cd7568b926a83617e4f85f2,PASS,64.0,1.0,-1.1458525687006385,1.0436096431476471e-14,1.1458525687006385,0.0
sha256:bb6a3a1dfac623ada2d14aca8d6f5478d2d136818469561e8bfa82604cd6829a,sha256:48ae0fdda23f6440e25498969ed006346b227c0fa65f85ed52bd51b7f9f1ebd2,PASS,64.0,1.0,31.74935624110349,-1.751312277617295,45.854287617982614,0.0
sha256:bb6a3a1dfac623ada2d14aca8d6f5478d2d136818469561e8bfa82604cd6829a,sha256:4a3b36ffc1c443f85443379dfb3cc7ddf1814258a17d8d8b429f2876cb02bdda,PASS,64.0,1.0,-1.138390408706492,5.995204332975845e-15,1.138390408706492,0.0
sha256:bb6a3a1dfac623ada2d14aca8d6f5478d2d136818469561e8bfa82604cd6829a,sha256:4b6fb84ccd50465c7c0ac5b18bd0eaea358ed87baf4594dd5b168701a2b13165,PASS,64.0,1.0,-1.1650924515147405,-4.884981308350689e-15,1.1650924515147405,0.0
sha256:bb6a3a1dfac623ada2d14aca8d6f5478d2d136818469561e8bfa82604cd6829a,sha256:4d121212a3885d552d17365c7962f00cedafa1e68192be92dd10baa057710dcb,PASS,64.0,1.0,-1.1206375847305023,3.774758283725532e-15,1.1206375847305023,0.0
sha256:bb6a3a1dfac623ada2d14aca8d6f5478d2d136818469561e8bfa82604cd6829a,sha256:4da524502bd627b7f20af9117615f4d0c4367c251b0d3a8679797564f03786c4,PASS,64.0,1.0,-1.1501357227226752,1.1546319456101628e-14,1.1501357227226752,0.0
sha256:bb6a3a1dfac623ada2d14aca8d6f5478d2d136818469561e8bfa82604cd6829a,sha256:50b92121ac3066ee691c6575e54e668be735831f34966c3bccd88425dd68f18f,PASS,64.0,1.0,-1.1119122033215134,1.2212453270876722e-14,1.1119122033215134,0.0
sha256:bb6a3a1dfac623ada2d14aca8d6f5478d2d136818469561e8bfa82604cd6829a,sha256:50dcc24b1186e4c3c0c13ecedb0f7cf7a332e48c1d9d4d6ec3b5bab871b2cd2e,PASS,64.0,1.0,-1.127854696237984,-9.547918011776346e-15,1.127854696237984,0.0
sha256:bb6a3a1dfac623ada2d14aca8d6f5478d2d136818469561e8bfa82604cd6829a,sha256:534aced896fe0a3c2834c23080cdefe3fd2dbc2f9475cca6dcaff0a5722cbbc5,PASS,64.0,1.0,-1.1756461248246313,1.554312234475219e-14,1.1756461248246313,0.0
sha256:bb6a3a1dfac623ada2d14aca8d6f5478d2d136818469561e8bfa82604cd6829a,sha256:53f6397176e63e8d9a25b7fb95dd57b6aba1abada1cd18730e9d71ab4a34a7ae,PASS,64.0,1.0,36.23407941403792,-2.175849222922139,73.84492270293124,0.0
sha256:bb6a3a1dfac623ada2d14aca8d6f5478d2d136818469561e8bfa82604cd6829a,sha256:569349190b57b2aeeb0904fa61979e85c4bfeb32f1bf12073497d23021a0e5e0,PASS,64.0,1.0,28.28691873604837,-1.498481016140623,33.54672210140677,0.0
sha256:bb6a3a1dfac623ada2d14aca8d6f5478d2d136818469561e8bfa82604cd6829a,sha256:585aef3f1d936ca0dd7c8fe7de3ba24e68027d3e527dfb47d6627df4a05aa555,PASS,64.0,1.0,-1.156565867282742,1.687538997430238e-14,1.156565867282742,0.0
sha256:bb6a3a1dfac623ada2d14aca8d6f5478d2d136818469561e8bfa82604cd6829a,sha256:5c22d4162eec053805848d8754cdddabf6c7d9923590a24759e9c60d8066c4f0,PASS,64.0,1.0,-1.1426480998903747,-2.4202861936828413e-14,1.1426480998903747,0.0
sha256:bb6a3a1dfac623ada2d14aca8d6f5478d2d136818469561e8bfa82604cd6829a,sha256:5e2450699d1cede4ac037557e72adda0e40ab72ca829c70cc1b67b339be0e9c6,PASS,64.0,1.0,-1.112833447786122,5.551115123125783e-15,1.112833447786122,0.0
sha256:bb6a3a1dfac623ada2d14aca8d6f5478d2d136818469561e8bfa82604cd6829a,sha256:604bcb66a1e2d660fb74910f470f923e278efa1c987f820a34aa3aa4199d119a,PASS,64.0,1.0,-1.1619070487058119,2.864375403532904e-14,1.1619070487058119,0.0
sha256:bb6a3a1dfac623ada2d14aca8d6f5478d2d136818469561e8bfa82604cd6829a,sha256:621b019b111a21d347d2b6b6bcc1a8ed603c85704a5cde4e38ef544b72f673a8,PASS,64.0,1.0,-1.160841410452102,1.7319479184152442e-14,1.160841410452102,0.0
sha256:bb6a3a1dfac623ada2d14aca8d6f5478d2d136818469561e8bfa82604cd6829a,sha256:69cea94109f15be217ebe16988f92bed12002490f0a6fb5433871af3027f98fb,PASS,64.0,1.0,16.891107437345763,-0.7020847221390749,7.859861569460029,0.0
sha256:bb6a3a1dfac623ada2d14aca8d6f5478d2d136818469561e8bfa82604cd6829a,sha256:6a54f07610b6335944a044e6ead2e97b40a773034347c557dc42af78d96d53c2,PASS,64.0,1.0,-1.1787546685971875,1.3988810110276972e-14,1.1787546685971875,0.0
sha256:bb6a3a1dfac623ada2d14aca8d6f5478d2d136818469561e8bfa82604cd6829a,sha256:6cbcf79ff367177e1e94edb5216f44a6bbb9d7c0655db8d4ea8209cadf224736,PASS,64.0,1.0,-1.144783598917514,-1.2656542480726785e-14,1.144783598917514,0.0
sha256:bb6a3a1dfac623ada2d14aca8d6f5478d2d136818469561e8bfa82604cd6829a,sha256:6f0facc8eab1d87de07900f58b010e4b8ee3d7b49cd5cad259d13066ba69276b,PASS,64.0,1.0,-1.1394530592637888,7.549516567451064e-15,1.1394530592637888,0.0
sha256:bb6a3a1dfac623ada2d14aca8d6f5478d2d136818469561e8bfa82604cd6829a,sha256:756bf59ca6f5a4adcf24da6f41edfc7cdc019ca65934c40d251dee297edf33a5,PASS,64.0,1.0,35.122304422246174,-2.143808889087609,66.74150056939295,0.0
sha256:bb6a3a1dfac623ada2d14aca8d6f5478d2d136818469561e8bfa82604cd6829a,sha256:7f1565681424d749f8c275a67249b1660275f3234c8874bbfe04a26f038e2adf,PASS,64.0,1.0,-1.1490641521572984,1.8207657603852567e-14,1.1490641521572984,0.0
sha256:bb6a3a1dfac623ada2d14aca8d6f5478d2d136818469561e8bfa82604cd6829a,sha256:8003f3bb98ef055c4a0c94d80b2f16e72888f193870d5a9a25238b85976e06f0,PASS,64.0,1.0,-0.6997992098748198,0.30560008645075865,2.2078658250451513,0.0
sha256:bb6a3a1dfac623ada2d14aca8d6f5478d2d136818469561e8bfa82604cd6829a,sha256:804b05d22d3886eb9769f02ef2a02e101561dd41a2261be5f077266ec302c1b7,PASS,64.0,1.0,-1.0936428470073045,2.2870594307278225e-14,1.0936428470073045,0.0
sha256:bb6a3a1dfac623ada2d14aca8d6f5478d2d136818469561e8bfa82604cd6829a,sha256:8490a9b35739e4603d3c88c7f722fe471027b1e7d5828b00cee1246e0351a3df,PASS,64.0,1.0,34.18604307655129,-2.018890144193122,59.52230654555179,0.0
sha256:bb6a3a1dfac623ada2d14aca8d6f5478d2d136818469561e8bfa82604cd6829a,sha256:8e62fd39a79554c69402c309add08f06c69da17e5ca2e143b25d81878f931627,PASS,64.0,1.0,-1.1226778998471616,-4.440892098500626e-15,1.1226778998471616,0.0
sha256:bb6a3a1dfac623ada2d14aca8d6f5478d2d136818469561e8bfa82604cd6829a,sha256:8e7b3f67de3c2a2839b5cdb2cf388bd04cedf702828086cde03a31cc35090d0b,PASS,64.0,1.0,13.692021288214908,-0.5140425399990236,4.325225219406208,0.0
sha256:bb6a3a1dfac623ada2d14aca8d6f5478d2d136818469561e8bfa82604cd6829a,sha256:8f12e00f8607e8a6ccf553fb6e2011243e9bf4de41bf9a836a81bf61f1bca892,PASS,64.0,1.0,-1.1533514342485707,-1.865174681370263e-14,1.1533514342485707,0.0
sha256:bb6a3a1dfac623ada2d14aca8d6f5478d2d136818469561e8bfa82604cd6829a,sha256:8f687ca6d90de5d8438fe3fdf139cf16482b2766c4dbe330d0a38bf5634a45f3,PASS,64.0,1.0,5.360793151171634,-0.024101990184049682,0.663029885425335,0.0
sha256:bb6a3a1dfac623ada2d14aca8d6f5478d2d136818469561e8bfa82604cd6829a,sha256:9249d42fa63c667015c0427bc24544df5e00be37802bd3d7918dcd5609ca97d1,PASS,64.0,1.0,-1.15227934290369,2.1316282072803006e-14,1.15227934290369,0.0
sha256:bb6a3a1dfac623ada2d14aca8d6f5478d2d136818469561e8bfa82604cd6829a,sha256:9644934b61b5e4993b9078b058bbf9f9c7c88d1dbebf8d6a2fc07a6efebef551,PASS,64.0,1.0,-1.154423379588005,2.886579864025407e-15,1.154423379588005,0.0
sha256:bb6a3a1dfac623ada2d14aca8d6f5478d2d136818469561e8bfa82604cd6829a,sha256:982af2cd42a081599bcb20490eb4b2b5771a308b866c992e916f1546e171a6cd,PASS,64.0,1.0,-1.173986107990581,-3.352873534367973e-14,1.173986107990581,0.0
sha256:bb6a3a1dfac623ada2d14aca8d6f5478d2d136818469561e8bfa82604cd6829a,sha256:982c8471388f403d01f2f375c9619a2a83b0d27bbc961010df75279f49f19714,PASS,64.0,1.0,-1.1196266290379469,1.887379141862766e-14,1.1196266290379469,0.0
sha256:bb6a3a1dfac623ada2d14aca8d6f5478d2d136818469561e8bfa82604cd6829a,sha256:a3f110a20da2c33204b25f5b50ff308e6cb6989823176a33900ceca357509c0a,PASS,64.0,1.0,22.500345227272458,-1.0508646280897942,16.552322850706982,0.0
sha256:bb6a3a1dfac623ada2d14aca8d6f5478d2d136818469561e8bfa82604cd6829a,sha256:a507485e0ce3151dce23f3d1c9e68b071845631b8979877952c67521cb8e60fc,PASS,64.0,1.0,24.570565887983026,-1.2117008219014274,21.932520649383793,0.0
sha256:bb6a3a1dfac623ada2d14aca8d6f5478d2d136818469561e8bfa82604cd6829a,sha256:a8f67497a14f094f054e460a1dacf87202e57a84b86042f62eaa6cebb2fe0398,PASS,64.0,1.0,-1.17722846234176,-1.865174681370263e-14,1.17722846234176,0.0
sha256:bb6a3a1dfac623ada2d14aca8d6f5478d2d136818469561e8bfa82604cd6829a,sha256:ad007af9246294c125b6d369855e834d0729fb99dd83307e319818c1e7f12e8e,PASS,64.0,1.0,-1.1352113700881363,1.0880185641326534e-14,1.1352113700881363,0.0
sha256:bb6a3a1dfac623ada2d14aca8d6f5478d2d136818469561e8bfa82604cd6829a,sha256:ad39a6a425018768996f3702d2996fff7b1d9cd1822b3c268e290ca7f12ee657,PASS,64.0,1.0,-1.1405167742369953,1.1546319456101628e-14,1.1405167742369953,0.0
sha256:bb6a3a1dfac623ada2d14aca8d6f5478d2d136818469561e8bfa82604cd6829a,sha256:b0da17a04127b6286ea20f2689489180cf430fad4cd5e42be571615bbc883d90,PASS,64.0,1.0,-1.147993084680945,-1.1546319456101628e-14,1.147993084680945,0.0
sha256:bb6a3a1dfac623ada2d14aca8d6f5478d2d136818469561e8bfa82604cd6829a,sha256:b566d7079380605e814e39a147b70db71af78c26ecd1aafb797caf8a484a0d2e,PASS,64.0,1.0,-1.1057598433507365,-1.354472090042691e-14,1.1057598433507365,0.0
sha256:bb6a3a1dfac623ada2d14aca8d6f5478d2d136818469561e8bfa82604cd6829a,sha256:bd361e1d2d703bbb256f64f7a8fa17645b5b8c3773083a5cd31ac8a0d0094d9f,PASS,64.0,1.0,-1.1247379883236475,-2.708944180085382e-14,1.1247379883236475,0.0
sha256:bb6a3a1dfac623ada2d14aca8d6f5478d2d136818469561e8bfa82604cd6829a,sha256:bed10ad2a8eeaafe62049f69a15160aa067bd979af626178dec48d6d5fc73e41,PASS,64.0,1.0,-1.133099925376106,-7.993605777301127e-15,1.133099925376106,0.0
sha256:bb6a3a1dfac623ada2d14aca8d6f5478d2d136818469561e8bfa82604cd6829a,sha256:c0e24b19c943c8ce7fa9ea09bf87b62721ac82791fbeefb589b09954913a228b,PASS,64.0,1.0,35.708311536175586,-2.6428905401473344,99.32395492450573,0.0
sha256:bb6a3a1dfac623ada2d14aca8d6f5478d2d136818469561e8bfa82604cd6829a,sha256:c24a4ee4e1a7080112e393b1173ec0569a085e38c6c59fef2934fcefe6cb8518,PASS,64.0,1.0,-1.1299463496179427,-1.6209256159527285e-14,1.1299463496179427,0.0
sha256:bb6a3a1dfac623ada2d14aca8d6f5478d2d136818469561e8bfa82604cd6829a,sha256:c352daad078fe65e21f36503e9b65afe052c139455f6fc410ae1e0c4b2acb874,PASS,64.0,1.0,-1.1176290553608659,-1.176836406102666e-14,1.1176290553608659,0.0
sha256:bb6a3a1dfac623ada2d14aca8d6f5478d2d136818469561e8bfa82604cd6829a,sha256:c3bf442d95f49289517eae9402ba216cd7f10ad4372737073434f25a32290254,PASS,64.0,1.0,-1.1109976590669841,-8.43769498715119e-15,1.1109976590669841,0.0
sha256:bb6a3a1dfac623ada2d14aca8d6f5478d2d136818469561e8bfa82604cd6829a,sha256:cfb2388a5e0f1bad016e87e2a62ec401dda5a9b8e1bd57e31d3edf4108a4db03,PASS,64.0,1.0,-1.1722025869937214,1.3988810110276972e-14,1.1722025869937214,0.0
sha256:bb6a3a1dfac623ada2d14aca8d6f5478d2d136818469561e8bfa82604cd6829a,sha256:cff58275e1ffd468424b7249e4647d7512469e91eaac3ba23ffc752cf9a773ae,PASS,64.0,1.0,-1.1257737924377524,2.2648549702353193e-14,1.1257737924377524,0.0
sha256:bb6a3a1dfac623ada2d14aca8d6f5478d2d136818469561e8bfa82604cd6829a,sha256:d2fd56b713ca8160529c268f8fdcb3222e7826c367980ceeb81fc3ba82db5468,PASS,64.0,1.0,-1.1156722524135154,1.709743457922741e-14,1.1156722524135154,0.0
sha256:bb6a3a1dfac623ada2d14aca8d6f5478d2d136818469561e8bfa82604cd6829a,sha256:d670894806343fba44bb2a6623281bec9d10b7f0990746254e0917f03bf4ff7d,PASS,64.0,1.0,9.92242602951468,-0.2869467421554228,1.7793526891382818,0.0
sha256:bb6a3a1dfac623ada2d14aca8d6f5478d2d136818469561e8bfa82604cd6829a,sha256:db455fda06adb740bbaf6746740acb0c99d3b3cdbf87ada3fbaa7e055aab6f73,PASS,64.0,1.0,-1.1587058792361893,2.220446049250313e-16,1.1587058792361893,0.0
sha256:bb6a3a1dfac623ada2d14aca8d6f5478d2d136818469561e8bfa82604cd6829a,sha256:de0106fb2bcbc531aad587ee299f298b1c320a1c8c58bfabd97662f2a1993d96,PASS,64.0,1.0,-1.1661495842712428,7.993605777301127e-15,1.1661495842712428,0.0
sha256:bb6a3a1dfac623ada2d14aca8d6f5478d2d136818469561e8bfa82604cd6829a,sha256:df050369fbd40effef2c434501b3b97dbd7592b782b961767440782ff097bfa7,PASS,64.0,1.0,-1.1415819838719488,-8.215650382226158e-15,1.1415819838719488,0.0
sha256:bb6a3a1dfac623ada2d14aca8d6f5478d2d136818469561e8bfa82604cd6829a,sha256:e048e412c134330ef60b55d056420fc1dbef66974e9f2fe0a2b51a6187063e32,PASS,64.0,1.0,-1.1320466553966497,-8.659739592076221e-15,1.1320466553966497,0.0
sha256:bb6a3a1dfac623ada2d14aca8d6f5478d2d136818469561e8bfa82604cd6829a,sha256:e27caa3393c36dc9945ab06b8f65f2daf495b358b54a7111cc7920e2a3b1c4d1,PASS,64.0,1.0,-1.1629708755598056,-2.6423307986078726e-14,1.1629708755598056,0.0
sha256:bb6a3a1dfac623ada2d14aca8d6f5478d2d136818469561e8bfa82604cd6829a,sha256:e8a0ea46c909eda141bbbefd370a958ece0b2b6aa12ed23009bb28e97608c810,PASS,64.0,1.0,-1.1070506884193976,-4.884981308350689e-15,1.1070506884193976,0.0
sha256:bb6a3a1dfac623ada2d14aca8d6f5478d2d136818469561e8bfa82604cd6829a,sha256:ee5b180f10c55143268668db1941cd76fb8267208c02e20fede0f13880c5f44a,PASS,64.0,1.0,30.13932854829259,-1.624286495322508,39.532033186910475,0.0
sha256:bb6a3a1dfac623ada2d14aca8d6f5478d2d136818469561e8bfa82604cd6829a,sha256:f2dd8f7c099cffe609ba10f02df94b5e89314456f952678ce0d5c9b0439f2079,PASS,64.0,1.0,-1.1512073938898417,-1.7985612998927536e-14,1.1512073938898417,0.0
sha256:bb6a3a1dfac623ada2d14aca8d6f5478d2d136818469561e8bfa82604cd6829a,sha256:f4b7ee94a373af8fa02551876577e64899c1ea002147fa484a5e74c2cc7d3e81,PASS,64.0,1.0,33.5114787813777,-1.8562798353428605,52.107590903961786,0.0
sha256:bb6a3a1dfac623ada2d14aca8d6f5478d2d136818469561e8bfa82604cd6829a,sha256:f6ab705f664039a3c006a87950321ff28590a4c3aa7b8061547455dd586244c4,PASS,64.0,1.0,-1.146922524439392,-2.4868995751603507e-14,1.146922524439392,0.0
sha256:bb6a3a1dfac623ada2d14aca8d6f5478d2d136818469561e8bfa82604cd6829a,sha256:fd9f33b0f4cfc118beb9b1608f38ad5a710734183a5af7936dc33ad16ffd79cd,PASS,64.0,1.0,-1.167203552151323,-2.2648549702353193e-14,1.167203552151323,0.0
sha256:be3400a5a79081b7ee340d6a04016a28d151eb141eacdd8f262be7b298d1d1aa,sha256:03c1f65d41ba85e50d6d04d2a9dff7a809f06fe1116d15075158843f9caef400,PASS,64.0,1.0,20.665781945968376,-0.015283758547070647,143.33421805403162,1.0
sha256:be3400a5a79081b7ee340d6a04016a28d151eb141eacdd8f262be7b298d1d1aa,sha256:28f3d94435cd2926cdb430109c821072efafd8ce63bc564e3c324b3948e103ae,PASS,64.0,1.0,23.563893442137044,-0.13119879584434102,140.43610655786296,1.0
sha256:be3400a5a79081b7ee340d6a04016a28d151eb141eacdd8f262be7b298d1d1aa,sha256:59431b4fbec78ed69002206e55ca3b0b0ea20cbed1463910c4c567150ac472f6,PASS,64.0,1.0,19.32527656268607,2.842170943040401e-14,144.67472343731393,1.0
sha256:be3400a5a79081b7ee340d6a04016a28d151eb141eacdd8f262be7b298d1d1aa,sha256:7f10ace26ee7fc55d9957324e6fb9f6eb9658396055f597eea85cb3b6eb7727e,PASS,64.0,1.0,23.204145803719825,-0.1103744241212894,140.79585419628017,1.0
sha256:be3400a5a79081b7ee340d6a04016a28d151eb141eacdd8f262be7b298d1d1aa,sha256:89bd259f43c17cc3d292b1379fdfc90df69089d18f2da0e9612e555f240ac37b,PASS,64.0,1.0,21.51955220878517,-0.1658902208232007,142.48044779121483,1.0
sha256:be3400a5a79081b7ee340d6a04016a28d151eb141eacdd8f262be7b298d1d1aa,sha256:982d473c7cf3ed504f83f8859eabbd0d3b852d35725af63105faf6f5585e315a,PASS,64.0,1.0,22.12864484167136,-0.16464721189620946,141.87135515832864,1.0
sha256:be3400a5a79081b7ee340d6a04016a28d151eb141eacdd8f262be7b298d1d1aa,sha256:a559bbd896788e29544bc5c5277630eee02a8018b1c2fab5ac71437b02490c33,PASS,64.0,1.0,19.661499054852072,-0.033277504100283295,144.33850094514793,1.0
sha256:be3400a5a79081b7ee340d6a04016a28d151eb141eacdd8f262be7b298d1d1aa,sha256:b820bd9768348edef09ea0d30e83e71bf21091d6a2b8ca68a57149b16a5f207e,PASS,64.0,1.0,20.278579777703357,0.024204442949013583,143.72142022229664,1.0
sha256:be3400a5a79081b7ee340d6a04016a28d151eb141eacdd8f262be7b298d1d1aa,sha256:c721e1d5a2c3f85b92349f0e7bf043a1f21060fb81f1e19104c534ca85f8f52e,PASS,64.0,1.0,19.818443982596676,-0.16171904800123116,144.18155601740332,1.0
sha256:be3400a5a79081b7ee340d6a04016a28d151eb141eacdd8f262be7b298d1d1aa,sha256:d6541caa19f87d1e4fd50c2d3619434185aa4c19d45faf69cc339817c93242c9,PASS,64.0,1.0,22.67482862523127,-0.12964498198135743,141.32517137476873,1.0
sha256:be3400a5a79081b7ee340d6a04016a28d151eb141eacdd8f262be7b298d1d1aa,sha256:f9e0bf0af56acbc49c1ee44227bbe9b553ced8ff6ca9e7e3e73496b385e24076,PASS,64.0,1.0,19.936853584149162,0.0011491367095572969,144.06314641585084,1.0
sha256:be79535a3e87c18fe317c3dfd5d7bef438d28fa95d5f89d38b906107bb734d32,sha256:14190430d881849a3e52728cfc2b9369fc67919ebd4d14d32bf87548f534ab87,PASS,64.0,1.0,12.086284427351835,-0.20021473408843882,9.913715572648165,0.0
sha256:be79535a3e87c18fe317c3dfd5d7bef438d28fa95d5f89d38b906107bb734d32,sha256:3215c3cb5bb4644d2fc408ab36d4cf48a4ed5c94bae62d572fa9fd44491ee0a4,PASS,64.0,1.0,12.162391564805873,-0.2005677691920198,9.837608435194127,0.0
sha256:be79535a3e87c18fe317c3dfd5d7bef438d28fa95d5f89d38b906107bb734d32,sha256:344d92a675de3f9c047717a286048661d16d31aae7c209f1c110d73a8e285399,PASS,64.0,1.0,12.22847526610713,-0.1964799294552737,9.77152473389287,0.0
sha256:be79535a3e87c18fe317c3dfd5d7bef438d28fa95d5f89d38b906107bb734d32,sha256:51486ef18342257da08e75398fe94335e38dde47347f9a0ee8e349f57deea9d1,PASS,64.0,1.0,12.301726931329585,-0.1961785403800551,9.698273068670415,0.0
sha256:be79535a3e87c18fe317c3dfd5d7bef438d28fa95d5f89d38b906107bb734d32,sha256:5409b6929637a836f763e8036c809a4d1b7abf41b7b27686cf593c847325f7af,PASS,64.0,1.0,11.876942912211929,-0.18512832981410732,10.123057087788071,0.0
sha256:be79535a3e87c18fe317c3dfd5d7bef438d28fa95d5f89d38b906107bb734d32,sha256:b47f04feef479baefab27cf7f3eb5f13c1a591013ba0b4c08da152353e588241,PASS,64.0,1.0,12.340247042677655,-0.20229643122035057,9.659752957322345,0.0
sha256:be79535a3e87c18fe317c3dfd5d7bef438d28fa95d5f89d38b906107bb734d32,sha256:deffaf3f2432dca15c839297980f9c849c88a4a4e311359336c7ab719fe083ae,PASS,64.0,1.0,12.271036546802522,-0.19538383204023724,9.728963453197478,0.0
sha256:be79535a3e87c18fe317c3dfd5d7bef438d28fa95d5f89d38b906107bb734d32,sha256:fb2bd09fd26dc4d52ea6af635491c5beebeb1664313b9deab3a393c36e8083b8,PASS,64.0,1.0,12.324051691114535,-0.1985039119608416,9.675948308885465,0.0
sha256:bef367e1c36ad90a02cc50df1ff122b9afde7e33e57dd98de21cdfaea8e8664e,sha256:2cafd23fd6e08e332ffdc408c08bdd0932fb169c0a8cbb40924a6cba3e68c0ec,PASS,64.0,1.0,10.10549635907634,-0.2899681618413581,11.918501811349024,14.0
sha256:bef367e1c36ad90a02cc50df1ff122b9afde7e33e57dd98de21cdfaea8e8664e,sha256:3269b2496336b008038b451c68c9e7cd074ba57662aa0990f94f9d4c81b1f4a6,PASS,64.0,1.0,10.503358817966276,-0.2860002170385805,12.057670581573731,14.0
sha256:bef367e1c36ad90a02cc50df1ff122b9afde7e33e57dd98de21cdfaea8e8664e,sha256:34135dc9722495f795ae5c04ea5c28d10bd0d2800418dd644eb9ce253823dc9e,PASS,64.0,1.0,13.134826452209907,-0.30930971737413415,12.865173547790093,0.0
sha256:bef367e1c36ad90a02cc50df1ff122b9afde7e33e57dd98de21cdfaea8e8664e,sha256:3b4ed7a721ed59b57907b9c5f5c4220377c7b95927724d37c2e7f9e0e416e366,PASS,64.0,1.0,13.777271145571895,-0.29834319660269415,12.222728854428105,0.0
sha256:bef367e1c36ad90a02cc50df1ff122b9afde7e33e57dd98de21cdfaea8e8664e,sha256:40c110e5a4967a5a9021b336315bd8c56cc66eaa12c4279d66458d46dd9f68ca,PASS,64.0,1.0,12.275211112865582,-0.30118456992993003,13.724788887134418,0.0
sha256:bef367e1c36ad90a02cc50df1ff122b9afde7e33e57dd98de21cdfaea8e8664e,sha256:46dcae90a6101759556144445dab19c4b8ea04e2f4e27eecfbce0b929769c49c,PASS,64.0,1.0,8.505198832635017,-0.28389737265543147,12.100342433718854,20.0
sha256:bef367e1c36ad90a02cc50df1ff122b9afde7e33e57dd98de21cdfaea8e8664e,sha256:531d8738243c66de5a0b7fb53be6586a4dde09e7b6e722508abf76cee1560914,PASS,64.0,1.0,13.317381441462647,-0.30153128883656066,12.682618558537353,0.0
sha256:bef367e1c36ad90a02cc50df1ff122b9afde7e33e57dd98de21cdfaea8e8664e,sha256:5905c3ad756181e5d3ee2b415f122c4da38f3f3e4bd463c51787bd59e5a89b98,PASS,64.0,1.0,13.75653422956668,-0.2916883572014015,12.185022257761267,14.0
sha256:bef367e1c36ad90a02cc50df1ff122b9afde7e33e57dd98de21cdfaea8e8664e,sha256:ba0c6005af48f85e0935498fded073bb97dd672e1a86cd72db991d77c10e445f,PASS,64.0,1.0,10.28314220509617,-0.28741437934946923,11.966087091163597,14.0
sha256:bef367e1c36ad90a02cc50df1ff122b9afde7e33e57dd98de21cdfaea8e8664e,sha256:d10adf3cc16d814b5e8c74d65c6b489c95e7ea198cc683574145146cbfd0ddcc,PASS,64.0,1.0,13.54013823297417,-0.2872298625007179,12.45986176702583,0.0
sha256:bef367e1c36ad90a02cc50df1ff122b9afde7e33e57dd98de21cdfaea8e8664e,sha256:eec5237fd59107771a911fd5cda9f4c53f3252257c73f685d228f671500c7c57,PASS,64.0,1.0,11.61151555067953,-0.28612083591635695,12.133750707713945,14.0
sha256:c11cc4ac45fa99bf7a0262c199c31bfbadf6372c3a4722db663df8564fcd8c1b,sha256:0146b661d27a1ac366e53c1a3d8726655629cb8e99f2d04e791323618dc543c4,PASS,64.0,1.0,10.08597166374517,-0.15023585641944948,17.91402833625483,1.0
sha256:c11cc4ac45fa99bf7a0262c199c31bfbadf6372c3a4722db663df8564fcd8c1b,sha256:25d663aca42d4caf271a3510c3a344498eba9147f906137d41c1394b4b89be0f,PASS,64.0,1.0,5.276646501528429,0.19841640548884243,11.220538099742722,6.0
sha256:c11cc4ac45fa99bf7a0262c199c31bfbadf6372c3a4722db663df8564fcd8c1b,sha256:2c2ad75a5309f8ed7a5fe8f6ffdc4b8a155a7484db8348217c9c2b52a22fe85b,PASS,64.0,1.0,9.657096929084673,-0.16310904131404413,18.342903070915327,0.0
sha256:c11cc4ac45fa99bf7a0262c199c31bfbadf6372c3a4722db663df8564fcd8c1b,sha256:3a1c606eafa1006944af9170b1490cd673539bc1dbb808c697dc76050a0580f5,PASS,64.0,1.0,9.041887215462523,-0.16672135030622215,18.958112784537477,0.0
sha256:c11cc4ac45fa99bf7a0262c199c31bfbadf6372c3a4722db663df8564fcd8c1b,sha256:56d6fefa687777d84974f4422adb5c9925375a1539c30021bd15f021722410df,PASS,64.0,1.0,7.173855158784091,-0.017017466031953532,8.927714493585674,4.0
sha256:c11cc4ac45fa99bf7a0262c199c31bfbadf6372c3a4722db663df8564fcd8c1b,sha256:713cc5114d665f0e736d7974d9bb041283597bf38b9f1b8dbda018994b861366,PASS,64.0,1.0,9.815868362390628,-0.15865691394338555,18.184131637609372,0.0
sha256:c11cc4ac45fa99bf7a0262c199c31bfbadf6372c3a4722db663df8564fcd8c1b,sha256:a1f0c4766e5e84fffa582435f58b73be73f04021fdc38c2d23fc5bf61a672596,PASS,64.0,1.0,7.849372010102918,0.177000432380634,16.380324232517026,45.0
sha256:c11cc4ac45fa99bf7a0262c199c31bfbadf6372c3a4722db663df8564fcd8c1b,sha256:aa9fdcfdfad1d7252aec985312283f17b5024b30d22b1b931d173b47c94ee0f6,PASS,64.0,1.0,6.896042027746283,0.12147998679964722,9.16067329488115,6.0
sha256:c11cc4ac45fa99bf7a0262c199c31bfbadf6372c3a4722db663df8564fcd8c1b,sha256:bcc01d228ab2afe8e8db9fe461c9cea40361128ba53c58e8d797269ec05b17fa,PASS,64.0,1.0,8.860038496054734,-0.1676866353095363,19.139961503945266,0.0
sha256:c11cc4ac45fa99bf7a0262c199c31bfbadf6372c3a4722db663df8564fcd8c1b,sha256:eaf847d945652d6626a05d9fa019cb2e1961f7e39a6752d6124b5bbc23b539d8,PASS,64.0,1.0,5.929114301507985,0.20377805261214377,10.046293962053692,6.0
sha256:c12488e0ec2b62e3f067d190c62f470d81b9308828d5c97a9dbb692d4ddd0fe5,sha256:09810bec379223b7e39ef1b0a5bc388c27f3a16c8d6cc0069c2d473938ea1730,PASS,64.0,1.0,5.76543770357177,-0.18979908671798107,8.234562296428232,2.0
sha256:c12488e0ec2b62e3f067d190c62f470d81b9308828d5c97a9dbb692d4ddd0fe5,sha256:3341f7bf2188d44edc960f2db3c76a92a5aa769f5b5815a2339165a885bcbeb4,PASS,64.0,1.0,5.711716595632057,-0.19043098754514354,8.288283404367945,2.0
sha256:c12488e0ec2b62e3f067d190c62f470d81b9308828d5c97a9dbb692d4ddd0fe5,sha256:339d49cbeed962810f8146f2d9432f0077b0202ba208a8d5f96045fd8c61ac02,PASS,64.0,1.0,5.4680426091673215,-0.2048673570405164,8.53195739083268,2.0
sha256:c12488e0ec2b62e3f067d190c62f470d81b9308828d5c97a9dbb692d4ddd0fe5,sha256:3d141a164886fa6eb072333ef3647c70a5312d8a666acdcda806a0799b04d93d,PASS,64.0,1.0,5.496694976966028,-0.20234039955445482,8.503305023033974,2.0
sha256:c12488e0ec2b62e3f067d190c62f470d81b9308828d5c97a9dbb692d4ddd0fe5,sha256:47439307af90bbfdb557b9b512f3d677f9a3023b6a593df25408b574d00d76da,PASS,64.0,1.0,6.130704921496678,-0.17798696947760462,7.869295078503324,2.0
sha256:c12488e0ec2b62e3f067d190c62f470d81b9308828d5c97a9dbb692d4ddd0fe5,sha256:57cb08992d51b90b517a4532e286894a9ce936f54fe5cfea02bf562d1d89a5a8,PASS,64.0,1.0,5.78606921148336,-0.19142134358881435,8.213930788516642,2.0
sha256:c12488e0ec2b62e3f067d190c62f470d81b9308828d5c97a9dbb692d4ddd0fe5,sha256:595e183d2d118db7c3c094ce36ebe05daf1bf424b974727e0c2b2217417f313d,PASS,64.0,1.0,5.672464353667605,-0.19141455667748275,8.327535646332397,2.0
sha256:c12488e0ec2b62e3f067d190c62f470d81b9308828d5c97a9dbb692d4ddd0fe5,sha256:5a9af6b6daa3ff0375c357f4c1c8018569350ade12d5fd785169942e4a4a1312,PASS,64.0,1.0,5.693256438405209,-0.19070230137296384,8.306743561594793,2.0
sha256:c12488e0ec2b62e3f067d190c62f470d81b9308828d5c97a9dbb692d4ddd0fe5,sha256:699486fafe996274b409a41fafecc39d4b22cad4ad5eb855f7f02c5cf4914455,PASS,64.0,1.0,6.159027595225817,-0.18294613428088358,7.840972404774185,2.0
sha256:c12488e0ec2b62e3f067d190c62f470d81b9308828d5c97a9dbb692d4ddd0fe5,sha256:6f22d25a9a2d7d140b99f3ea0fbb16a4f763100f73258b928b1dfa113c80af68,PASS,64.0,1.0,5.471844171273249,-0.20599831477139574,8.528155828726753,2.0
sha256:c12488e0ec2b62e3f067d190c62f470d81b9308828d5c97a9dbb692d4ddd0fe5,sha256:757bef4cf8cb9980e06420388311a45251cce87438d1a50e6a71ca49bc1dff67,PASS,64.0,1.0,5.469897614491034,-0.2042415124839181,8.530102385508968,2.0
sha256:c12488e0ec2b62e3f067d190c62f470d81b9308828d5c97a9dbb692d4ddd0fe5,sha256:931474f120439fd234df1a845755a86d0e952c98727e8b3f968cea7834b3aeb3,PASS,64.0,1.0,5.9496890533046844,-0.17188037757285102,8.050310946695317,2.0
sha256:c12488e0ec2b62e3f067d190c62f470d81b9308828d5c97a9dbb692d4ddd0fe5,sha256:958f920e02f9ca2dc346375865372858c630b4e53609830dab4008703ed8866e,PASS,64.0,1.0,5.890289629314848,-0.1796707516979943,8.109710370685153,2.0
sha256:c12488e0ec2b62e3f067d190c62f470d81b9308828d5c97a9dbb692d4ddd0fe5,sha256:a85c039ffd1757617c673e2a0505f7cce3fb1db4074f849d9233463fa0348d78,PASS,64.0,1.0,5.863367893459348,-0.1827127676330189,8.136632106540654,2.0
sha256:c12488e0ec2b62e3f067d190c62f470d81b9308828d5c97a9dbb692d4ddd0fe5,sha256:b108d9015401028718a9efc3a20f3f54f1df800f91cf7b9e8be41a81b46699ee,PASS,64.0,1.0,5.829361385366887,-0.18722906651877036,8.170638614633114,2.0
sha256:c12488e0ec2b62e3f067d190c62f470d81b9308828d5c97a9dbb692d4ddd0fe5,sha256:b53f5ca44c0fdc0ded542d36b74c9e2bef27314d3695a1b4bb69bea5950da5c2,PASS,64.0,1.0,5.728505522447978,-0.19046820058610336,8.271494477552023,2.0
sha256:c12488e0ec2b62e3f067d190c62f470d81b9308828d5c97a9dbb692d4ddd0fe5,sha256:b6b1a4a24c730eafdb295878f00225f7d9982587c0ea98d00f75a26ae293ac72,PASS,64.0,1.0,5.669515722712486,-0.1980765447897852,8.330484277287516,2.0
sha256:c12488e0ec2b62e3f067d190c62f470d81b9308828d5c97a9dbb692d4ddd0fe5,sha256:c694ddae6e00fa0cbe50f039116c32970eebc2bebb0e75f1aa7c6828453dc344,PASS,64.0,1.0,5.4760387005853115,-0.2041539833525512,8.52396129941469,2.0
sha256:c12488e0ec2b62e3f067d190c62f470d81b9308828d5c97a9dbb692d4ddd0fe5,sha256:cadaa3106db736177d7975d54ad424bf1c3c4637ea0c22d86bab5983ef6d42d7,PASS,64.0,1.0,5.554298454837987,-0.2010804617405597,8.445701545162015,2.0
sha256:c12488e0ec2b62e3f067d190c62f470d81b9308828d5c97a9dbb692d4ddd0fe5,sha256:d60a26294f90481c7b16ca22623a6802e398a37e89e6e0eea68cccf0b5068d9a,PASS,64.0,1.0,6.199948255935471,-0.17457883756232562,7.800051744064531,2.0
sha256:c12488e0ec2b62e3f067d190c62f470d81b9308828d5c97a9dbb692d4ddd0fe5,sha256:de0825691a8f2e64c3002df70bd9aceac47c9adb6fcaea4f5ced6ae38af1724b,PASS,64.0,1.0,5.661486694676208,-0.19623519961623792,8.338513305323794,2.0
sha256:c12488e0ec2b62e3f067d190c62f470d81b9308828d5c97a9dbb692d4ddd0fe5,sha256:e9f43e51721348dc4184a651eff82fe2aa0368f9d836bebb437354ab01fe87eb,PASS,64.0,1.0,5.465886942941429,-0.2133652352548836,8.534113057058573,2.0
sha256:c12488e0ec2b62e3f067d190c62f470d81b9308828d5c97a9dbb692d4ddd0fe5,sha256:eef0a8fa82dea676742bfe4e0dfc7de5dc840e6003cba5ee1698e8463b77ec24,PASS,64.0,1.0,5.989746793646541,-0.17392316012089104,8.010253206353461,2.0
sha256:c12488e0ec2b62e3f067d190c62f470d81b9308828d5c97a9dbb692d4ddd0fe5,sha256:ffffb2bdd58aa13dcb6b88f07b4880bb3f9e94e5cd6128f9a4230b5a3e715504,PASS,64.0,1.0,5.603598035320838,-0.1955368676404703,8.396401964679164,2.0
sha256:c47612951f046a604739c6a61b0c750156217227310a6fa1b301fc1b55f37a73,sha256:000f4578fe1bdef819406010167344be0b410d679453ad2bbf086999421588f1,PASS,64.0,1.0,-0.6755318756191775,7.993605777301127e-15,4.675531875619178,0.0
sha256:c47612951f046a604739c6a61b0c750156217227310a6fa1b301fc1b55f37a73,sha256:1f65f1c9b4b1d6b950c4cfbdc57980fc873956d9b03de643dca5ffb6fe4faace,PASS,64.0,1.0,-0.780159523298166,2.398081733190338e-14,4.780159523298167,0.0
sha256:c47612951f046a604739c6a61b0c750156217227310a6fa1b301fc1b55f37a73,sha256:2c58c23c397f1f6f54fa50b304af484472e3a1d926da9ad7c834f6b0df37583e,PASS,64.0,1.0,-0.7481093979882534,1.5987211554602254e-14,4.748109397988254,0.0
sha256:c47612951f046a604739c6a61b0c750156217227310a6fa1b301fc1b55f37a73,sha256:56feec9555d88386ea2db73a348db86e5e6afda692308bad68878dcd54acc8bc,PASS,64.0,1.0,0.0,0.0,4.000000000000001,0.0
sha256:c47612951f046a604739c6a61b0c750156217227310a6fa1b301fc1b55f37a73,sha256:5ebf9598ff2a01f91109c00e8e200cf285b8ebb9ed1d622e74b9453de13b444e,PASS,64.0,1.0,-0.7720449105836353,-5.1514348342607263e-14,4.772044910583636,0.0
sha256:c47612951f046a604739c6a61b0c750156217227310a6fa1b301fc1b55f37a73,sha256:9e710004572849fcb5528c5b08351e8a7f508309610668dad81cf2c49ddd4fd7,PASS,64.0,1.0,-0.761775964497021,-1.5987211554602254e-14,4.761775964497022,0.0
sha256:c47612951f046a604739c6a61b0c750156217227310a6fa1b301fc1b55f37a73,sha256:d017654463af21711d161045d1c4f19ab885d0dce28caebeaaacc6b41b98ecd9,PASS,64.0,1.0,-0.7867727276313037,-7.460698725481052e-14,4.786772727631305,0.0
sha256:c47612951f046a604739c6a61b0c750156217227310a6fa1b301fc1b55f37a73,sha256:d0d654b2110e037eb1cc5bd9de83bf6413c3d2fe3dd1162a4a81f828b9fdca8e,PASS,64.0,1.0,-0.726852074484909,-8.881784197001252e-16,4.72685207448491,0.0
sha256:c5c14d18234ec838169a0ae30e3a0bf979f7c2462ba4d819586b1aebae8dc798,sha256:2177fe2e9eea4914dd9991594338e41ed85b9eb8a36205e2d9594d537d1d3b20,PASS,64.0,1.0,8.457934588501166,-0.13062703542990306,11.542065411498838,2.0
sha256:c5c14d18234ec838169a0ae30e3a0bf979f7c2462ba4d819586b1aebae8dc798,sha256:3ea72f32d56ecfafea6174c7573a5d503abcf115ccf9fe614c129ae85e5cfcd5,PASS,64.0,1.0,8.393139193585482,-0.13322635273783767,11.606860806414522,2.0
sha256:c5c14d18234ec838169a0ae30e3a0bf979f7c2462ba4d819586b1aebae8dc798,sha256:3fbe2d267998ca51249b0853c5388c6b1ccff72c55ca90ed35aa559500b18646,PASS,64.0,1.0,8.145667883050935,-0.14525001652639524,11.854332116949069,0.0
sha256:c5c14d18234ec838169a0ae30e3a0bf979f7c2462ba4d819586b1aebae8dc798,sha256:577b82caf6ec4247fc354c514f4756ba099b18e199d08cb908f37183b54b1228,PASS,64.0,1.0,8.228642512536327,-0.13990254581571193,11.771357487463677,2.0
sha256:c5c14d18234ec838169a0ae30e3a0bf979f7c2462ba4d819586b1aebae8dc798,sha256:774ac63ba9aa44aeb4d196e149931626da40834eea0576e263dde43b478f0c21,PASS,64.0,1.0,8.514099520273046,-0.12890266315194765,11.485900479726958,2.0
sha256:c5c14d18234ec838169a0ae30e3a0bf979f7c2462ba4d819586b1aebae8dc798,sha256:a931c30c1207dfe7513d96ad2c79812a76d019302d5898e8e4e31b076881b8ba,PASS,64.0,1.0,8.119847007721166,-0.14711011758656412,11.880152992278838,2.0
sha256:c5c14d18234ec838169a0ae30e3a0bf979f7c2462ba4d819586b1aebae8dc798,sha256:b8796cbc00cc9c18e515ffc58eb2e704bd1e69708007726f7bd96dd2e40869c0,PASS,64.0,1.0,8.176838958297765,-0.14374205363877834,11.823161041702239,0.0
sha256:c5c14d18234ec838169a0ae30e3a0bf979f7c2462ba4d819586b1aebae8dc798,sha256:c5367765d1c093768471d94c4567a1ed35810a1536db631249b20a268569a83c,PASS,64.0,1.0,8.121476301503595,-0.14682809097735827,11.878523698496409,0.0
sha256:c5c14d18234ec838169a0ae30e3a0bf979f7c2462ba4d819586b1aebae8dc798,sha256:c5c742e2f20648bbe8493d5cbb5f0b9767def6ddf3eaedb4021b9ef09be0d005,PASS,64.0,1.0,8.089386781777751,-0.14818662519914483,11.910613218222252,2.0
sha256:c5c14d18234ec838169a0ae30e3a0bf979f7c2462ba4d819586b1aebae8dc798,sha256:c7231c282a618bbf1da5bd4225135063d305ce2c2229ce8b4e1e16e4ddbf1b63,PASS,64.0,1.0,8.30353616797041,-0.1369952023699259,11.696463832029593,2.0
sha256:c5c14d18234ec838169a0ae30e3a0bf979f7c2462ba4d819586b1aebae8dc798,sha256:c828e9b05a214a4298fe7f32a9cf3a07541b12fd9a6f2cf156892003890e5a53,PASS,64.0,1.0,7.8611149692808056,-0.15675206993232038,12.138885030719198,0.0
sha256:c5c14d18234ec838169a0ae30e3a0bf979f7c2462ba4d819586b1aebae8dc798,sha256:fcee0d27c01d109fab7b9d2cf76afc22250ce1f7397155334b602a152ec80506,PASS,64.0,1.0,8.10430303816914,-0.1487428144730618,11.895696961830863,0.0
sha256:c667775745918d82640a962c0a0af11d2a072a97d7ad14915a963dd62cfba789,sha256:0cf8f7acf41c6ae63b432f19d09ab770c4bde96e3cd421f30261ca3851bb9a70,PASS,64.0,1.0,10.53443895340038,-0.04399715356917655,3.4655610465996216,2.0
sha256:c667775745918d82640a962c0a0af11d2a072a97d7ad14915a963dd62cfba789,sha256:165622b77233c4759e6667d7565fdc34c867447ac61db5def20c4c8d2861005a,PASS,64.0,1.0,6.188688428198239,-0.02563754781578309,3.40750936997231,7.0
sha256:c667775745918d82640a962c0a0af11d2a072a97d7ad14915a963dd62cfba789,sha256:179dc4519b31f549d4ebeeeab1f753f340b3c2e8a2843d6641d7c6cf92782453,PASS,64.0,1.0,10.447954632579268,-0.051214030621338225,3.5520453674207326,2.0
sha256:c667775745918d82640a962c0a0af11d2a072a97d7ad14915a963dd62cfba789,sha256:309dbbdceae5bebf416748b32164e024f4c5d4549181b8c77517264631aa1cad,PASS,64.0,1.0,10.508941907552197,-0.04738888684712661,3.4910580924478043,2.0
sha256:c667775745918d82640a962c0a0af11d2a072a97d7ad14915a963dd62cfba789,sha256:3816db6baa2db974c006e51a3b8964dc1e7b3ee00a03e59fc09134fe886e599b,PASS,64.0,1.0,10.495603140733337,-0.04841879638622526,3.5043968592666657,2.0
sha256:c667775745918d82640a962c0a0af11d2a072a97d7ad14915a963dd62cfba789,sha256:847f920823cbf3f0d4a5abd64ee91de066292cccfbe810b447448099e079cb42,PASS,64.0,1.0,7.956468810468715,-0.08117429219490724,11.012611791792066,3.0
sha256:c667775745918d82640a962c0a0af11d2a072a97d7ad14915a963dd62cfba789,sha256:a734eec5fbdacd5e1d8a8e865db91b04c84898f76d54815532c2c29c177b7888,PASS,64.0,1.0,10.474697224534399,-0.05298340676767843,3.525302775465602,2.0
sha256:c667775745918d82640a962c0a0af11d2a072a97d7ad14915a963dd62cfba789,sha256:c27f0b9b80a570304bd6a39b354ac08f03398b8048fbfae7840b2fb9d669c60b,PASS,64.0,1.0,6.874655075230664,0.08348506640661757,3.465237134853429,3.0
sha256:c667775745918d82640a962c0a0af11d2a072a97d7ad14915a963dd62cfba789,sha256:d1d7908313ddcaeedb99b75221f5a5d21ecc1cf3406d0f041ecac88216b617af,PASS,64.0,1.0,7.856611562632793,-0.1476775063071436,9.918811160496258,3.0
sha256:c667775745918d82640a962c0a0af11d2a072a97d7ad14915a963dd62cfba789,sha256:f016a2fe8bb4b2daea7680cf0aa1183207c3000e3115ef11ac12c53aa61074aa,PASS,64.0,1.0,10.521210440041195,-0.04584044466512038,3.4787895599588072,2.0
sha256:c667775745918d82640a962c0a0af11d2a072a97d7ad14915a963dd62cfba789,sha256:fb4c83758ca57549288cb7c4e7bd24f2c8cdbf44aabe5e4d859db6450639a288,PASS,64.0,1.0,10.54516754632324,-0.04737691856874848,3.454832453676762,2.0
sha256:c93b7957ac3b84b4db39d22952d2dcc28ed430f32c54f168c33d1e0be55abdb3,sha256:2821ae0181fc4f64bc9ade2da348134a7c0298c5cc8e4e83dfe23c068b5761c2,PASS,64.0,1.0,7.011596157437873,-0.01306394198549743,2.9884038425621267,0.0
sha256:c93b7957ac3b84b4db39d22952d2dcc28ed430f32c54f168c33d1e0be55abdb3,sha256:28926b99b910ec894e9d2dec42586bfc6329c754d0c6f1175fc8d24aa4e151c3,PASS,64.0,1.0,5.79779397363299,-0.020519763798827917,4.20220602636701,0.0
sha256:c93b7957ac3b84b4db39d22952d2dcc28ed430f32c54f168c33d1e0be55abdb3,sha256:35b870e933186c08a3f0b622c6446f757de4905f18216ede9da664fc2183cbc9,PASS,64.0,1.0,6.0113042663690734,-0.0189654770451666,3.9886957336309266,0.0
sha256:c93b7957ac3b84b4db39d22952d2dcc28ed430f32c54f168c33d1e0be55abdb3,sha256:381fe7f5f83c2702d553daadc20bc4e1a9c0ee6e3782723ca6eb31855b53ce07,PASS,64.0,1.0,7.328922799927813,-0.035141107861403675,2.6710772000721867,0.0
sha256:c93b7957ac3b84b4db39d22952d2dcc28ed430f32c54f168c33d1e0be55abdb3,sha256:678730afd5f016856783c143fcf61c8cf2c9ccaf6b8b4dcbefb18aa1bf8ec497,PASS,64.0,1.0,6.326178451649941,-0.017325899610159734,3.6738215483500585,0.0
sha256:c93b7957ac3b84b4db39d22952d2dcc28ed430f32c54f168c33d1e0be55abdb3,sha256:7596c3cf8b284a4956e049da0b1e7813ccaa59918b3d2b0c46070cbae26c917b,PASS,64.0,1.0,3.89631873332776,-0.2065023769061871,1.8376742126532624,43.0
sha256:c93b7957ac3b84b4db39d22952d2dcc28ed430f32c54f168c33d1e0be55abdb3,sha256:83de55998fb7d8214d438eff3dcaf58f52473b85166ce0bb1ab1aa41d3a118df,PASS,64.0,1.0,6.7066212062900155,-0.014575922137137098,3.2933787937099845,0.0
sha256:c93b7957ac3b84b4db39d22952d2dcc28ed430f32c54f168c33d1e0be55abdb3,sha256:8da8966b103c34252d192be952c8c55503ebd95413e304775183531e2ae3de3e,PASS,64.0,1.0,0.5422245849397536,-0.2958974970763588,7.493716859503448,2.0
sha256:c93b7957ac3b84b4db39d22952d2dcc28ed430f32c54f168c33d1e0be55abdb3,sha256:986f8cd4f644e7cc708a80a99030087a029fc4937816b463b51b006e67a9b54f,PASS,64.0,1.0,5.9433141980840904,-0.019787977320107508,4.0566858019159096,0.0
sha256:c93b7957ac3b84b4db39d22952d2dcc28ed430f32c54f168c33d1e0be55abdb3,sha256:a9cc3e9c8eeceb8c6c5e6143c6d1f235b68fa5a99f6255d1fe8982657dae9bce,PASS,64.0,1.0,5.540760727058463,-0.021713938055115456,4.459239272941537,0.0
sha256:c93b7957ac3b84b4db39d22952d2dcc28ed430f32c54f168c33d1e0be55abdb3,sha256:db6d6bc3f3c2e4d631467825af3973925fa9e1ab2dca6692f1e220599abe7e20,PASS,64.0,1.0,6.51901208403626,-0.01612338704777505,3.4809879159637402,0.0
sha256:c93b7957ac3b84b4db39d22952d2dcc28ed430f32c54f168c33d1e0be55abdb3,sha256:e2ee932a7dc41b168c90fe771aad0e0341f39444d10539742e6a2fd0f7dea521,PASS,64.0,1.0,1.5180400033577688,-0.15735130495891614,3.0355754617092416,2.0
sha256:ca0cf314c6f083b712d1ef57fb973dbd4bf180ce9be0631e86a5324a9552eb1a,sha256:010d1496dcdaf0a05c27c2fcc7984b536153b35a692dbbd009072507148ce275,PASS,64.0,1.0,-2.3494316786607503,-0.01664490017934339,2.3494316786607503,0.0
sha256:ca0cf314c6f083b712d1ef57fb973dbd4bf180ce9be0631e86a5324a9552eb1a,sha256:175cf9750008fd630e740c4fc0a131999e036b437df2a3b069f1c2a1f207a2d5,PASS,64.0,1.0,-0.0005798604688607156,-2.168404344971009e-19,0.0005798604688607156,0.0
sha256:ca0cf314c6f083b712d1ef57fb973dbd4bf180ce9be0631e86a5324a9552eb1a,sha256:27e3e3af969ad485828c8dcdce316c6e82ed7eb5a265dbc2c8c3dd101e060d87,PASS,64.0,1.0,-0.0005778061458840965,-6.505213034913027e-19,0.0005778061458840965,0.0
sha256:ca0cf314c6f083b712d1ef57fb973dbd4bf180ce9be0631e86a5324a9552eb1a,sha256:3fc60b947ab4cd209124fdce89ce960719dfb6168b3c1850fd5b1a50c107963b,PASS,64.0,1.0,-2.1534266920820198,-0.012893059040083976,2.1534266920820198,0.0
sha256:ca0cf314c6f083b712d1ef57fb973dbd4bf180ce9be0631e86a5324a9552eb1a,sha256:511e690d26172d83afec45609f8302aed22591875342733b4adcb87567c53f73,PASS,64.0,1.0,-2.24708642545436,-0.014752007343952656,2.24708642545436,0.0
sha256:ca0cf314c6f083b712d1ef57fb973dbd4bf180ce9be0631e86a5324a9552eb1a,sha256:645301e6cad48e234e3b9c631c6e12e67b2311ad2f62ccff443e6f2eef59b1a7,PASS,64.0,1.0,-2.3020246762958525,-0.01602603921562018,2.318542030471301,51.0
sha256:ca0cf314c6f083b712d1ef57fb973dbd4bf180ce9be0631e86a5324a9552eb1a,sha256:7cec2a526da2a1add263989b9006fb68d09a33ae3cdf9e755906ee68ab6ca59c,PASS,64.0,1.0,-2.284482561433407,-0.015409588806328145,2.284482561433407,0.0
sha256:ca0cf314c6f083b712d1ef57fb973dbd4bf180ce9be0631e86a5324a9552eb1a,sha256:a96bd627993967f393ab3b814272e1cfae0da839bbb16d40fb4d67adfb2939f5,PASS,64.0,1.0,-2.2074134706331323,-0.013901224205450369,2.2074134706331323,0.0
sha256:ca0cf314c6f083b712d1ef57fb973dbd4bf180ce9be0631e86a5324a9552eb1a,sha256:f70b9b254b9fb0a6a62208e17ab336abea0d541dacbdd04922f9ba4b0f79287c,PASS,64.0,1.0,-2.0494626499227895,-0.010509585319795622,2.0494626499227895,0.0
sha256:cbf806907eb00fdf63d3cd8602bc31292b09856da2ebd594f2bcac5055906433,sha256:08287a08f507ca92c6d54321f95045cc8c3bc70e25001a5e0423b17e1d0000ac,PASS,64.0,1.0,7.857895323687261,0.02493453090211606,4.142104676312737,0.0
sha256:cbf806907eb00fdf63d3cd8602bc31292b09856da2ebd594f2bcac5055906433,sha256:0d1476cc166b871cfb88ee49bc6d013109540f6d637555fb9fca0eaf0528a4c2,PASS,64.0,1.0,7.541791854368677,-0.09821911022443786,4.458208145631321,0.0
sha256:cbf806907eb00fdf63d3cd8602bc31292b09856da2ebd594f2bcac5055906433,sha256:11d73e5f7edaf441505ae22e5627b38bdfa8e786fb112253e2f9173584548481,PASS,64.0,1.0,7.5772220355426185,-0.0006989271347972448,4.42277796445738,0.0
sha256:cbf806907eb00fdf63d3cd8602bc31292b09856da2ebd594f2bcac5055906433,sha256:1b71180502a777bb91b6b9e7db0d14fa83f144ce98b2ee3f4d5e2682afb4f76c,PASS,64.0,1.0,7.289468915987199,0.006228606026514427,4.710531084012799,0.0
sha256:cbf806907eb00fdf63d3cd8602bc31292b09856da2ebd594f2bcac5055906433,sha256:1d3a84318ff86a3d6ae52be1cadffcabfff72e86894b1d1ae45f44e397323d62,PASS,64.0,1.0,7.247938342112056,-0.12026731802593815,4.752061657887943,0.0
sha256:cbf806907eb00fdf63d3cd8602bc31292b09856da2ebd594f2bcac5055906433,sha256:1d9a8ba47cae02ac3bf980a2177c24d7c330de7ed4419a8741ffcbe668b02ee8,PASS,64.0,1.0,7.3597772449093375,-0.009988818900046326,4.640222755090661,0.0
sha256:cbf806907eb00fdf63d3cd8602bc31292b09856da2ebd594f2bcac5055906433,sha256:39ef73a5fda1ff85e1e23a572eaee5c4b302ceefd5df3fc1e4cf8fa6370e6caa,PASS,64.0,1.0,7.280527207236854,-0.015262887507753398,4.719472792763145,0.0
sha256:cbf806907eb00fdf63d3cd8602bc31292b09856da2ebd594f2bcac5055906433,sha256:3c7c83761866d7350433dcefe0254bd4d8055e796dc51df72361700f65774ab6,PASS,64.0,1.0,7.3470862259382645,-0.007831027552450465,4.652913774061734,0.0
sha256:cbf806907eb00fdf63d3cd8602bc31292b09856da2ebd594f2bcac5055906433,sha256:48aea4f84c28f9ac1db0e9dfcfcd78db896e2cea3b34bda0fa9d7c2de3ab9d61,PASS,64.0,1.0,7.3393975349705,0.0028801575451353756,4.660602465029498,0.0
sha256:cbf806907eb00fdf63d3cd8602bc31292b09856da2ebd594f2bcac5055906433,sha256:61e4c494cabb3549f4b4a516eaf22b5027d019c68a8bdce321f5dfda1c185bd4,PASS,64.0,1.0,7.864545306501563,0.031090833305189136,4.135454693498435,0.0
sha256:cbf806907eb00fdf63d3cd8602bc31292b09856da2ebd594f2bcac5055906433,sha256:8c19c4dc490a712021578b6d7c3a00f910752a47d323ae01ed69d73784e3a8c7,PASS,64.0,1.0,6.9807017679097125,-0.07390650562294887,5.019298232090286,0.0
sha256:cbf806907eb00fdf63d3cd8602bc31292b09856da2ebd594f2bcac5055906433,sha256:cbb4369bc0215348dde807ad8419fcf39ac46351e6eb0dada815a1f5f4d0209d,PASS,64.0,1.0,7.475973901376388,-0.07879372469294132,4.52402609862361,0.0
sha256:cbf806907eb00fdf63d3cd8602bc31292b09856da2ebd594f2bcac5055906433,sha256:e660ddb8b5d69b72bb692a619fbbec8834efc74e64a29a78764f113fc25a37cd,PASS,64.0,1.0,7.811064883619873,0.016139629523861387,4.188935116380125,0.0
sha256:cbf806907eb00fdf63d3cd8602bc31292b09856da2ebd594f2bcac5055906433,sha256:ebce6b1aa2642f3918e6ede7ca43b327a176d5e5f27729787d65e7e555270a0d,PASS,64.0,1.0,7.2430420316379385,0.020774331713918848,4.75695796836206,0.0
sha256:cfdbdcb2ac2450fc35b3eae40cadb5b179c7168cd636fe95cfbce2a932596707,sha256:07dfd6dfc354d42740f8190996ed5ba18829e3b9f47d86fd87fef97b6e58ae2c,PASS,64.0,1.0,20.32506897275246,-1.9932759557990352,82.35628110923017,25.0
sha256:cfdbdcb2ac2450fc35b3eae40cadb5b179c7168cd636fe95cfbce2a932596707,sha256:0cc1a206023016a2be73d26b53958aa179d298de11fbf199f75298392db68fc6,PASS,64.0,1.0,27.196663716189562,-1.8509947385286694,75.12181516234489,4.0
sha256:cfdbdcb2ac2450fc35b3eae40cadb5b179c7168cd636fe95cfbce2a932596707,sha256:0e1d8818419d2dddd1f3d8e66178e47f3fecf15d021a65df9d0774bdb7af1af4,PASS,64.0,1.0,26.47831082410758,-1.946447542279202,76.87024129875314,4.0
sha256:cfdbdcb2ac2450fc35b3eae40cadb5b179c7168cd636fe95cfbce2a932596707,sha256:373ad7aa76941e50ee3669d901a3e5118fa6574c6c39a5486d408f767d51d7af,PASS,64.0,1.0,23.846994235517215,-1.2152968107669864,78.75384747707135,62.0
sha256:cfdbdcb2ac2450fc35b3eae40cadb5b179c7168cd636fe95cfbce2a932596707,sha256:43f79fbef94aea10ae88a892213d2f6e7d7ca2558e20810c1fb82297ad2c7cad,PASS,64.0,1.0,18.734795607274748,-1.72239737534899,85.18307897038234,46.0
sha256:cfdbdcb2ac2450fc35b3eae40cadb5b179c7168cd636fe95cfbce2a932596707,sha256:4f138adad6717f4b67f16661d67955175ef2e99c875cab8e21fc0534fee0ff43,PASS,64.0,1.0,27.766675497208738,-1.7752823596627962,74.70422591753619,4.0
sha256:cfdbdcb2ac2450fc35b3eae40cadb5b179c7168cd636fe95cfbce2a932596707,sha256:6dea677bac98a66d2d338695f337bd12610e9b8b67fc1c7a63a2ea55762254b7,PASS,64.0,1.0,25.073475817577958,-1.8473944387536676,77.0939446760147,62.0
sha256:cfdbdcb2ac2450fc35b3eae40cadb5b179c7168cd636fe95cfbce2a932596707,sha256:999ff6a61b0cca6f5ff126e1a876ec1d5e998fb3dcdbe206bebd91b9cb7f11a3,PASS,64.0,1.0,26.968051802287704,-2.1633222879703595,75.36949906036497,4.0
sha256:cfdbdcb2ac2450fc35b3eae40cadb5b179c7168cd636fe95cfbce2a932596707,sha256:a69b9c9e1a852689ee979faa0f3a36cea7d5ebae13c4bad979aca6974684454b,PASS,64.0,1.0,22.07315106671612,-0.731422447873797,79.51842178739784,25.0
sha256:cfdbdcb2ac2450fc35b3eae40cadb5b179c7168cd636fe95cfbce2a932596707,sha256:cc02eedf054c320b64f3a5550ee9d7288efcf62565a3a69d7a053396cdb9e576,PASS,64.0,1.0,26.97821719877672,-1.9248314371368593,75.56171538134589,62.0
sha256:cfdbdcb2ac2450fc35b3eae40cadb5b179c7168cd636fe95cfbce2a932596707,sha256:f0e498814b3ac047c0c1f22e75bee35b85135bb4373b38fe58203eb114f764f2,PASS,64.0,1.0,24.652224649922047,-1.2451014314883508,77.66775009699221,62.0
sha256:d0d25f0423a24b24d9c09095a4379dd9dbc4e350b658a4ac88b734ea6c1cd547,sha256:0253421c8be73e39d01b261af0694012450b41ea145782c78cc40a059fc4c82f,PASS,64.0,1.0,-0.572641614362065,0.02011548417500464,0.572641614362065,0.0
sha256:d0d25f0423a24b24d9c09095a4379dd9dbc4e350b658a4ac88b734ea6c1cd547,sha256:115842ed639b90989525431fa1b0a2aba05175a15ece550e43fffcf8d54090f3,PASS,64.0,1.0,-0.5973656843075335,0.0231812458734888,0.5973656843075335,0.0
sha256:d0d25f0423a24b24d9c09095a4379dd9dbc4e350b658a4ac88b734ea6c1cd547,sha256:3484fb043bd9f5746d5f31ac8d3cf110a22e1e662d1866cdff18c1fd2b5ecff2,PASS,64.0,1.0,-0.5876677792262046,0.023762150026945927,0.5876677792262046,0.0
sha256:d0d25f0423a24b24d9c09095a4379dd9dbc4e350b658a4ac88b734ea6c1cd547,sha256:3b888c672f954186eda76c051276eb82925ceab91aecb723b1c641f4ef25e7eb,PASS,64.0,1.0,-0.5624735536170042,0.028368698282125404,0.5624735536170042,0.0
sha256:d0d25f0423a24b24d9c09095a4379dd9dbc4e350b658a4ac88b734ea6c1cd547,sha256:694bd1e36fdc60f100b309de3b25a67c98dc134f830f56c65e1ac418c6ce7204,PASS,64.0,1.0,-1.1713222460432475,0.015178307795305157,1.1713222460432475,0.0
sha256:d0d25f0423a24b24d9c09095a4379dd9dbc4e350b658a4ac88b734ea6c1cd547,sha256:788de906587b4d369d4b8b38f775a0114c24e36de7b2ad418117b161b26d647c,PASS,64.0,1.0,0.0,0.0,0.0,0.0
sha256:d0d25f0423a24b24d9c09095a4379dd9dbc4e350b658a4ac88b734ea6c1cd547,sha256:8f2622efdfb24caae5d8ff59c58f0756a92094046695dce26313c22fb3aae5c3,PASS,64.0,1.0,-1.1634215139468989,0.01449342635729689,1.1634215139468989,0.0
sha256:d0d25f0423a24b24d9c09095a4379dd9dbc4e350b658a4ac88b734ea6c1cd547,sha256:c1014a186c66cee132b99ba1a8843a17de16b09044873ad5efd93f9964f69722,PASS,64.0,1.0,0.0,0.0,0.0,0.0
sha256:d0d25f0423a24b24d9c09095a4379dd9dbc4e350b658a4ac88b734ea6c1cd547,sha256:d66a755146607debdac6664a17ef099d51c331908134135c19944786109b0c2d,PASS,64.0,1.0,-1.152980133790633,1.176836406102666e-14,1.152980133790633,0.0
sha256:d0d25f0423a24b24d9c09095a4379dd9dbc4e350b658a4ac88b734ea6c1cd547,sha256:f87fde39e80d577e6f463e62bcc83c2412091de12c75bfe7c68555677497d340,PASS,64.0,1.0,-0.7455300454494636,0.014507569388401809,0.7455300454494636,0.0
sha256:d0d25f0423a24b24d9c09095a4379dd9dbc4e350b658a4ac88b734ea6c1cd547,sha256:fde3a3bb83a807153efcb870d6c9fb2a4452769b2d5298bc16e3cce61cfbbc8b,PASS,64.0,1.0,-0.5703132254955046,0.02730281958921088,0.5703132254955046,0.0
sha256:d2b8703b5ac8902546d685f92f25bdaf8f41d8cd650c90427539d0046d82e377,sha256:005ab109ee113335424d6a4f93861e51ad6ce65d8038c473cd3f5d3e7a253f99,PASS,64.0,1.0,3.5782230442262413,1.2156942119645464e-14,0.4217769557737598,0.0
sha256:d2b8703b5ac8902546d685f92f25bdaf8f41d8cd650c90427539d0046d82e377,sha256:14818edd0ab2a151c5a4c654fbce19766afd35fad5588c07514f9dad7f13cc14,PASS,64.0,1.0,3.650187014727723,-3.885780586188048e-15,0.3498129852722781,0.0
sha256:d2b8703b5ac8902546d685f92f25bdaf8f41d8cd650c90427539d0046d82e377,sha256:234d80a7ead0f64c057a0be9f92dcccbd8b2cbdc389deba10417e61223b2e22d,PASS,64.0,1.0,3.6511933118359536,-2.275957200481571e-15,0.3488066881640473,0.0
sha256:d2b8703b5ac8902546d685f92f25bdaf8f41d8cd650c90427539d0046d82e377,sha256:255a0fd106244161012c39edfe334729df4164b8a53bdfb98fa6b6e81f6fc67f,PASS,64.0,1.0,3.6337507795628063,-6.661338147750939e-16,0.3662492204371943,0.0
sha256:d2b8703b5ac8902546d685f92f25bdaf8f41d8cd650c90427539d0046d82e377,sha256:37ba1bd520813497b21c992e294295f72a3fe8cef5d4062a1762f5af740ffcd3,PASS,64.0,1.0,3.65308324407031,1.2378986724570495e-14,0.346916755929691,0.0
sha256:d2b8703b5ac8902546d685f92f25bdaf8f41d8cd650c90427539d0046d82e377,sha256:4a2c503677f061c33d132cf70926825245b09ed7384911bb7bc9da5a92cf5c19,PASS,64.0,1.0,3.639798358085294,-1.837419105754634e-14,0.36020164191470666,0.0
sha256:d2b8703b5ac8902546d685f92f25bdaf8f41d8cd650c90427539d0046d82e377,sha256:4e8a6f78872c6e423ced451b471d1b358a8b6344062b93d6f493c1956dfef44a,PASS,64.0,1.0,3.6063553686041336,1.6653345369377348e-15,0.39364463139586714,0.0
sha256:d2b8703b5ac8902546d685f92f25bdaf8f41d8cd650c90427539d0046d82e377,sha256:59e44d00261202f48dc47f23ba4ac25579f3db663d68e30c67f17320999d35df,PASS,64.0,1.0,3.61620750469824,5.495603971894525e-15,0.3837924953017609,0.0
sha256:d2b8703b5ac8902546d685f92f25bdaf8f41d8cd650c90427539d0046d82e377,sha256:5b8810a2eb946f9d26a73f0c1c6dbabdfd919714d36927924f8afba3b3395311,PASS,64.0,1.0,3.645365463791191,6.994405055138486e-15,0.35463453620880947,0.0
sha256:d2b8703b5ac8902546d685f92f25bdaf8f41d8cd650c90427539d0046d82e377,sha256:63249a20aeb77bbf6949ca418d5e9893b088957658c91e7bf0f8bbc59e6e5694,PASS,64.0,1.0,3.6467431763906033,-1.4377388168895777e-14,0.35325682360939764,0.0
sha256:d2b8703b5ac8902546d685f92f25bdaf8f41d8cd650c90427539d0046d82e377,sha256:6b654ee3ed0ddf9f9056056f59276661a9c7c7e8c02f6f8c19535c5a84103e89,PASS,64.0,1.0,3.6521555788316378,1.1102230246251565e-14,0.3478444211683631,0.0
sha256:d2b8703b5ac8902546d685f92f25bdaf8f41d8cd650c90427539d0046d82e377,sha256:6e18e360f53ec97154bc982533366413a5f31ca502412daef13dcb873c7d7719,PASS,64.0,1.0,3.4922763453751444,1.7319479184152442e-14,0.5077236546248565,0.0
sha256:d2b8703b5ac8902546d685f92f25bdaf8f41d8cd650c90427539d0046d82e377,sha256:736e22e8fc88fca01c7a032487f37d82a7fe7a6533c8ffaefb1a75db033cf347,PASS,64.0,1.0,3.6479835817058976,3.83026943495679e-15,0.3520164182941031,0.0
sha256:d2b8703b5ac8902546d685f92f25bdaf8f41d8cd650c90427539d0046d82e377,sha256:75e8e22ec14a1eba13b473b47caffe393f1b366c76bdf856ac066938ecd5a193,PASS,64.0,1.0,3.5469036811628496,-7.382983113757291e-15,0.45309631883715135,0.0
sha256:d2b8703b5ac8902546d685f92f25bdaf8f41d8cd650c90427539d0046d82e377,sha256:7f939ed9e6625d54a98c735adfa0cc0d7afa20fa3bb77bd6905b166ac7cbf1fa,PASS,64.0,1.0,3.5937518557968695,-1.504352198367087e-14,0.4062481442031312,0.0
sha256:d2b8703b5ac8902546d685f92f25bdaf8f41d8cd650c90427539d0046d82e377,sha256:8ef26e331c2d36b3d34c3ecb5cb31712d501dc7cbe68591ca9911f53ce3fa3cd,PASS,64.0,1.0,3.641978370444149,-1.1601830607332886e-14,0.35802162955585176,0.0
sha256:d2b8703b5ac8902546d685f92f25bdaf8f41d8cd650c90427539d0046d82e377,sha256:a0736b3f190681f4ad1def8a359b2cf9821889dd34a1460f2d511a6c74fe82b0,PASS,64.0,1.0,3.629421930964938,-4.440892098500626e-16,0.3705780690350632,0.0
sha256:d2b8703b5ac8902546d685f92f25bdaf8f41d8cd650c90427539d0046d82e377,sha256:a8e5de34a474aae3e65f4a6376c479f753afdc13f0fb7df58310752f91e126f4,PASS,64.0,1.0,3.623758128776089,-8.493206138382448e-15,0.37624187122391173,0.0
sha256:d2b8703b5ac8902546d685f92f25bdaf8f41d8cd650c90427539d0046d82e377,sha256:ae04b1632bd956d267dd36d768b7047ae984ab08aba83797f18bd7491462bc99,PASS,64.0,1.0,3.6371210186012615,1.6486811915683575e-14,0.36287898139873925,0.0
sha256:d2b8703b5ac8902546d685f92f25bdaf8f41d8cd650c90427539d0046d82e377,sha256:b08cea2f4853d19e0de4bac29f37b085cd1a41baf0f0e7753783da88f437b3b6,PASS,64.0,1.0,3.643801030192298,-3.83026943495679e-15,0.3561989698077031,0.0
sha256:d2b8703b5ac8902546d685f92f25bdaf8f41d8cd650c90427539d0046d82e377,sha256:e6462b545a6dcc99f9db7b0b9f6843e1adf5b8d104313abf7a53a4c46a529cfc,PASS,64.0,1.0,3.6491232863765966,-5.662137425588298e-15,0.3508767136234041,0.0
sha256:d2b8703b5ac8902546d685f92f25bdaf8f41d8cd650c90427539d0046d82e377,sha256:fb45a7967b8aa55f7c2750112348f014904f8f520c34baedd8d8ee18b8200f18,PASS,64.0,1.0,3.374532544823934,2.220446049250313e-15,0.6254674551760668,0.0
sha256:d3ed059578f7fd0714346decd46b964c5ea3991a64939cd76ea5330b65a76826,sha256:08a8a20de7ce6b0b6a372a10990fc4b5f4ae01de5529f462a892c17cd3248725,PASS,64.0,1.0,13.679097305202625,-0.1959586340238353,20.31100213161112,59.0
sha256:d3ed059578f7fd0714346decd46b964c5ea3991a64939cd76ea5330b65a76826,sha256:2c907ff21cdebe4f36d44bfd7705902660076a8024c9ef68216818ccb9ab2eb4,PASS,64.0,1.0,19.312630024908863,-0.21980582113953773,20.687369975091144,11.0
sha256:d3ed059578f7fd0714346decd46b964c5ea3991a64939cd76ea5330b65a76826,sha256:308ab66b783f9c5206e61a0ca89e7f369d8c952f59458515173f92cb5d0290d0,PASS,64.0,1.0,13.610289618715598,-0.19216057726745817,20.260042793932506,59.0
sha256:d3ed059578f7fd0714346decd46b964c5ea3991a64939cd76ea5330b65a76826,sha256:39f91ae6a7ac99cf2178a5d89443927159356bb8c0b004e55597c44687ba729e,PASS,64.0,1.0,19.353005617297455,-0.21729254747421223,20.64699438270255,11.0
sha256:d3ed059578f7fd0714346decd46b964c5ea3991a64939cd76ea5330b65a76826,sha256:3f9141ca630d37e3e96bd38d76a68fc0f54f7ce1f0fa0b4ccf4f271c5a62d097,PASS,64.0,1.0,13.525977630027327,-0.16734288796846286,20.03400667083354,59.0
sha256:d3ed059578f7fd0714346decd46b964c5ea3991a64939cd76ea5330b65a76826,sha256:441965541704e520d20d91b744ce5e3d589f01d7bd40ae9915e99329b558a67e,PASS,64.0,1.0,13.923498433709266,-0.2051618525924681,20.42195835636665,59.0
sha256:d3ed059578f7fd0714346decd46b964c5ea3991a64939cd76ea5330b65a76826,sha256:54f33d3e447c3cbabd97848d0e38d422da27a0fd9afe12ae3bc57464b44143a3,PASS,64.0,1.0,13.513592800479202,-0.16671214131713086,19.990019927573236,59.0
sha256:d3ed059578f7fd0714346decd46b964c5ea3991a64939cd76ea5330b65a76826,sha256:5f015aa486aa6eed930fb5daecbd43605a1cace30047983a15a01a2f6b37302a,PASS,64.0,1.0,9.550669953136302,-0.19204705614324524,7.724655757896143,1.0
sha256:d3ed059578f7fd0714346decd46b964c5ea3991a64939cd76ea5330b65a76826,sha256:60a703f66d8e21741b449b5f1436fbf185104d5127aeebbf3fd8e8c32cfb2f3b,PASS,64.0,1.0,13.778062274791928,-0.20059474545519151,20.36511088487829,59.0
sha256:d3ed059578f7fd0714346decd46b964c5ea3991a64939cd76ea5330b65a76826,sha256:6481de654407a35bbe0cff34d543cbb7e00d967dd4c5eb292314e90b43e16700,PASS,64.0,1.0,13.571930327803933,-0.18585089842467895,20.201395955350897,59.0
sha256:d3ed059578f7fd0714346decd46b964c5ea3991a64939cd76ea5330b65a76826,sha256:686c4af70f0d7621a45a5e6bc65f248b64e4edf046858d8f6d2146593f6f37e3,PASS,64.0,1.0,13.556867522278953,-0.17636478642321762,20.135290392864338,59.0
sha256:d3ed059578f7fd0714346decd46b964c5ea3991a64939cd76ea5330b65a76826,sha256:764510a5b7011ddcc09b274353a75da48a9ed32a858267de473729a626a59bca,PASS,64.0,1.0,17.77570615877082,-0.2194151840319165,20.690928190941168,59.0
sha256:d3ed059578f7fd0714346decd46b964c5ea3991a64939cd76ea5330b65a76826,sha256:949deabfc5d31cd6aaff0572cdc83fc4667d2c1c107ba0ad9d9282624b3f3fdf,PASS,64.0,1.0,13.503135881980501,-0.1670586127865441,19.948315377625175,59.0
sha256:d3ed059578f7fd0714346decd46b964c5ea3991a64939cd76ea5330b65a76826,sha256:b74acb08437f11defd6d1a90170a5d8a6676bab58f881b24d05ea6d909485a53,PASS,64.0,1.0,14.985821519418678,-0.21742141226826206,20.606872156494155,59.0
sha256:d3ed059578f7fd0714346decd46b964c5ea3991a64939cd76ea5330b65a76826,sha256:b7fd53110bec415fa8b66f11f40acf9561f8c20b9c196eb0c3d9edf8d999c6bf,PASS,64.0,1.0,13.494281296644537,-0.16889267901845173,19.908205278730293,59.0
sha256:d3ed059578f7fd0714346decd46b964c5ea3991a64939cd76ea5330b65a76826,sha256:b9a10847c5290774d59846e819153f130e2e1a005fee8837d5abdf21036ca3ab,PASS,64.0,1.0,14.139909745332034,-0.21006723514403802,20.482082825847797,59.0
sha256:d3ed059578f7fd0714346decd46b964c5ea3991a64939cd76ea5330b65a76826,sha256:c905ad1139ba74c64fb7f633da94f0ba182c588c1e1e652f8bd045c232876847,PASS,64.0,1.0,13.53993786959498,-0.17077036885924457,20.082152146504967,59.0
sha256:d3ed059578f7fd0714346decd46b964c5ea3991a64939cd76ea5330b65a76826,sha256:cd75aaf0e1a1126bb2910b717252faf21bee4ad75be6c91014d7f2f458835471,PASS,64.0,1.0,19.339153268107005,-0.21749580856788953,20.660846731893002,11.0
sha256:d3ed059578f7fd0714346decd46b964c5ea3991a64939cd76ea5330b65a76826,sha256:e4c389d58b6eead11c1f256b1835147eed0790cd5a8dd8c91a2906472f05f90f,PASS,64.0,1.0,19.410727078462926,-0.22226371965744818,20.58927292153708,11.0
sha256:d3ed059578f7fd0714346decd46b964c5ea3991a64939cd76ea5330b65a76826,sha256:e945fd56f31446e5bab8f6c05fa0fa58d1c5d5b5a37f3d12ba78a757da7a18ac,PASS,64.0,1.0,14.469307528730695,-0.21488364520773828,20.54425196792581,59.0
sha256:d3ed059578f7fd0714346decd46b964c5ea3991a64939cd76ea5330b65a76826,sha256:ff7323b0a59f80e8588c634e03c6b9e1e0b842d38521d5ad84e598a803ee61c9,PASS,64.0,1.0,8.189865909330038,-0.2438319958942703,6.3379981356703805,1.0
sha256:d3f910983062abcf15c05c333d3d298cdc3649d11fe49167054cc6d6d1624224,sha256:16d2ed68ae4e89ba8e370287937a01c3825b8b7dffaf27ca33b0b1d420174b1a,PASS,64.0,1.0,0.0,0.0,0.0,0.0
sha256:d3f910983062abcf15c05c333d3d298cdc3649d11fe49167054cc6d6d1624224,sha256:1ad801f10459d0a95a46e0ce2910b9c5f389038b7d44e2af9418bc8795559d7e,PASS,64.0,1.0,0.0,0.0,0.0,0.0
sha256:d3f910983062abcf15c05c333d3d298cdc3649d11fe49167054cc6d6d1624224,sha256:23d4338a9f046fa5499989f0bc121cbcdbe6105c040f0097556360d7aea733fa,PASS,64.0,1.0,-1.9870531652092043,-1.3766765505351941e-14,1.9870531652092043,3.0
sha256:d3f910983062abcf15c05c333d3d298cdc3649d11fe49167054cc6d6d1624224,sha256:b6c0300c2f6015d6eb7c5586f7dd91e13867175c1b2d98979712ea380dfcd3d5,PASS,64.0,1.0,-2.0278552108820866,-2.842170943040401e-14,2.0278552108820866,3.0
sha256:d3f910983062abcf15c05c333d3d298cdc3649d11fe49167054cc6d6d1624224,sha256:d460aace6e57ea8efd920b15b0dfaa557333f116ba5ad027778e27918585225b,PASS,64.0,1.0,-2.0520092038405524,1.7319479184152442e-14,2.0520092038405524,3.0
sha256:d3f910983062abcf15c05c333d3d298cdc3649d11fe49167054cc6d6d1624224,sha256:ea540a52e7e1481ebe1fedfb66da4cd0993ddd83720ecd3ed49d6c6ab10767fe,PASS,64.0,1.0,-1.9077538174262971,1.8207657603852567e-14,1.9077538174262971,3.0
sha256:d53009afcb9cf96770c109906a7244da385246736bc78ca2884cea98769494c2,sha256:0eed9ed85927d0ab113de1b43bed514375945cd890d9e18339ea7343f77fde8b,PASS,64.0,1.0,-0.7523485803316989,0.005851736175703781,0.8228368067361089,12.0
sha256:d53009afcb9cf96770c109906a7244da385246736bc78ca2884cea98769494c2,sha256:0f9a75b904e2c7fc4ea46594b34bb6db48870b03aae8a02ad1bf98f11fafef24,PASS,64.0,1.0,-0.708832997547032,0.003715874743565606,0.7661305326658361,12.0
sha256:d53009afcb9cf96770c109906a7244da385246736bc78ca2884cea98769494c2,sha256:2dff44c8de996bdd5d4015b7c75d2e5d97a707c0fd87d3e1e170cf66fa317b25,PASS,64.0,1.0,-0.7209118389340738,0.003579255318775454,0.7790039577668615,12.0
sha256:d53009afcb9cf96770c109906a7244da385246736bc78ca2884cea98769494c2,sha256:33afe813bd8d488852cace495c3a4556b7c756693b024941bdec7a7f7a27a618,PASS,64.0,1.0,-0.734863642488619,0.006370252964562617,0.7990151887892307,12.0
sha256:d53009afcb9cf96770c109906a7244da385246736bc78ca2884cea98769494c2,sha256:33bf95a7480605510bebb07b11f9a56b5d7f5cf3e5477d2c17e917d5f44b8d18,PASS,64.0,1.0,-0.6962121788146031,0.0037157062404630237,0.7528792626644286,12.0
sha256:d53009afcb9cf96770c109906a7244da385246736bc78ca2884cea98769494c2,sha256:3737738e669d1ead58d4d583d3f0d50eadc2696a668d06836d467e4fa65f961d,PASS,64.0,1.0,-0.7393789820875869,0.006446172482642454,0.8059020893897241,12.0
sha256:d53009afcb9cf96770c109906a7244da385246736bc78ca2884cea98769494c2,sha256:42c074adf5a953904e2dec7e1476089f8aa95a601de41cc879dcbba860bbea73,PASS,64.0,1.0,-0.7786393092708682,0.008440335756641937,0.8609471060508203,12.0
sha256:d53009afcb9cf96770c109906a7244da385246736bc78ca2884cea98769494c2,sha256:5cdc4be9014ed0ea54d08b4574bdb2d524fdc7050c2f998290421c3aa0773a23,PASS,64.0,1.0,-0.7448602708643018,0.003989794534099644,0.8047965905617499,12.0
sha256:d53009afcb9cf96770c109906a7244da385246736bc78ca2884cea98769494c2,sha256:612847c0040838855a4dd4b7be493113c81cdc4df80853d76648ac67fc86915c,PASS,64.0,1.0,-0.7558028818562001,0.0038372502350291215,0.8167520969348809,12.0
sha256:d53009afcb9cf96770c109906a7244da385246736bc78ca2884cea98769494c2,sha256:68f24f033babd6b3623ee778cb199ff023fde338bd517f91f1f4714798ec8e59,PASS,64.0,1.0,-0.6859942710030751,0.0055425256063074135,0.7612500775671079,12.0
sha256:d53009afcb9cf96770c109906a7244da385246736bc78ca2884cea98769494c2,sha256:71ad22eeb26180a45468d9baffeae7bf959630467b6347d4514e46b09497fc5c,PASS,64.0,1.0,-0.7585719533424239,0.005838341045842355,0.8186549400342791,12.0
sha256:d53009afcb9cf96770c109906a7244da385246736bc78ca2884cea98769494c2,sha256:755f26e51176bce145941a0c4178cad782d3af703222fbfc417d1663de040c79,PASS,64.0,1.0,-0.7657018385786504,0.005121943235998794,0.8277212000965937,12.0
sha256:d53009afcb9cf96770c109906a7244da385246736bc78ca2884cea98769494c2,sha256:7cea490b2e23894b1b0d954fb5f7e05f12bd6dc832a33b01cf1c440eb46d4cc6,PASS,64.0,1.0,-0.6717587283866676,0.0036300435732553593,0.7284625701735202,12.0
sha256:d53009afcb9cf96770c109906a7244da385246736bc78ca2884cea98769494c2,sha256:a62da7d5f19a799c8f54a4e0d1c7bbebce2aa6ea1c41bc903e14ea27096826d9,PASS,64.0,1.0,-0.7399285048853063,0.0059162809277876205,0.8012955538901313,12.0
sha256:d53009afcb9cf96770c109906a7244da385246736bc78ca2884cea98769494c2,sha256:a96588e49877ac5fddba5f9ff4a088e4f82e591c0be5373f28601ef09529aa2b,PASS,64.0,1.0,-0.6623636042461177,0.004001430016677077,0.7208070605487542,12.0
sha256:d53009afcb9cf96770c109906a7244da385246736bc78ca2884cea98769494c2,sha256:c75614f3f60e4d67cc08676483c19ff6fc25fa152fb849fb398f221041af23d1,PASS,64.0,1.0,-0.7483798388019564,0.005939719756890227,0.8089771430948738,12.0
sha256:d53009afcb9cf96770c109906a7244da385246736bc78ca2884cea98769494c2,sha256:caae4d428e3ccd7da506a116558ad139c2e0fa2f85298602626ae793e49dfa3c,PASS,64.0,1.0,1.3085918150192493,-0.05347629763848882,2.275889791467279,55.0
sha256:d53009afcb9cf96770c109906a7244da385246736bc78ca2884cea98769494c2,sha256:dd24f8752a5fd7642f10a3d28cb0a3d37bfbe73afd2ff583ab5644efd81ae275,PASS,64.0,1.0,-0.7347364748458493,0.005965010136273263,0.7972423199644203,12.0
sha256:d53009afcb9cf96770c109906a7244da385246736bc78ca2884cea98769494c2,sha256:f622a3d45fcd18133806a905592ce3eae5c26c927ba7b0490a40dae9a0c87c61,PASS,64.0,1.0,-0.6738644556234146,0.004720426561407365,0.7372797728316316,12.0
sha256:d53009afcb9cf96770c109906a7244da385246736bc78ca2884cea98769494c2,sha256:f793ee31b67a8c8b7ca0ed7ebf146b17c4c56f696a37527e6abd5602121c1353,PASS,64.0,1.0,-0.6840041654604603,0.003646486239563429,0.7403608748433423,12.0
sha256:d53009afcb9cf96770c109906a7244da385246736bc78ca2884cea98769494c2,sha256:fd2984da50a9c19f20688ac8b355ed35e9ce515edc1f7c2110c6f5ff496ce95f,PASS,64.0,1.0,-0.7335439473692911,0.003399058833024049,0.7925250635143956,12.0
sha256:d819a0c974552effd49673acbec18d5eda40ee393222fdb1acd448f5092451c9,sha256:01288f38cf8ab583a89848072a3be300e0e10661d6b6d52f930027e881ca490c,PASS,64.0,1.0,6.552220539375972,-0.168408502632734,7.447779460624032,0.0
sha256:d819a0c974552effd49673acbec18d5eda40ee393222fdb1acd448f5092451c9,sha256:2d9181b64ac46be2c58a74ef9339235a48708b07024e6f3b2dc3bc578d17d8c5,PASS,64.0,1.0,6.589272249564039,-0.1600265298586434,7.4107277504359645,0.0
sha256:d819a0c974552effd49673acbec18d5eda40ee393222fdb1acd448f5092451c9,sha256:3309cbd95855596ab46020b3a3794d7b64f1fb5f8b5d56663101658ba8f71b57,PASS,64.0,1.0,6.561422422566418,-0.16397078988059022,7.438577577433586,0.0
sha256:d819a0c974552effd49673acbec18d5eda40ee393222fdb1acd448f5092451c9,sha256:3f331ad97caf697bd6638f307e0c95b15be519e614d555460c625326fd86f36c,PASS,64.0,1.0,6.581489542486917,-0.1612501562069113,7.4185104575130865,0.0
sha256:d819a0c974552effd49673acbec18d5eda40ee393222fdb1acd448f5092451c9,sha256:5bca2835fa223f01bf63b1ac47f7bbf439e6f4da1f392699a11c7d5ccfe7eb83,PASS,64.0,1.0,6.596305318588497,-0.158727556768941,7.4036946814115066,0.0
sha256:d819a0c974552effd49673acbec18d5eda40ee393222fdb1acd448f5092451c9,sha256:7b57ead9d77eb2553753f4a8d168d8cd7db9a6ef9f1b36351aa4f511e3baa5ef,PASS,64.0,1.0,1.8535238263270912,0.02232202328698385,10.899027459757018,9.0
sha256:d819a0c974552effd49673acbec18d5eda40ee393222fdb1acd448f5092451c9,sha256:816d042919d817a080f84cce2d805f54640be2bb01a25e9e7de8b9bf0b6bd228,PASS,64.0,1.0,6.548952455119753,-0.16490533838448584,7.45104754488025,0.0
sha256:d819a0c974552effd49673acbec18d5eda40ee393222fdb1acd448f5092451c9,sha256:8714da375ed7406003e5d0ba127b4ea87f369157f80b283c82d63381f169f922,PASS,64.0,1.0,0.2811614326414187,0.6008304958942237,12.471389853442691,6.0
sha256:d819a0c974552effd49673acbec18d5eda40ee393222fdb1acd448f5092451c9,sha256:945ccbacf7cb368a41a5d0cc7317afb0d5d6b0e6bcb417fc945a969c00fe9b63,PASS,64.0,1.0,6.5531217926922345,-0.16494420194506976,7.446878207307769,0.0
sha256:d819a0c974552effd49673acbec18d5eda40ee393222fdb1acd448f5092451c9,sha256:a1e9aa08519d56cec090c7a1cb59af1ed809cc3244c1c130dc53303dbacaca55,PASS,64.0,1.0,3.761305913467527,-0.15524309847850182,1.6707372969278107,2.0
sha256:d819a0c974552effd49673acbec18d5eda40ee393222fdb1acd448f5092451c9,sha256:d02e7b3e8c0a26d2c2a3b80640909c748e5ceb22ae54889ee95e3fae8dec50d9,PASS,64.0,1.0,6.6063530512851205,-0.15884991582369157,7.393646948714883,0.0
sha256:d819a0c974552effd49673acbec18d5eda40ee393222fdb1acd448f5092451c9,sha256:de9d4850aebb4378f9edd8efca201609529dbc29fa032bc66f88813629737e76,PASS,64.0,1.0,6.57273337039754,-0.16250406943316165,7.427266629602464,0.0
sha256:d970fe6d87b762fec500982351e53ea3a94f15ab03b216349f484718eb171043,sha256:0143e82e9feccf1d8d9c95f7b7397fbf3c89c5b435e425b745cd429393d9e715,PASS,64.0,1.0,4.524257576154959,0.030091335127039542,10.586922319503167,10.0
sha256:d970fe6d87b762fec500982351e53ea3a94f15ab03b216349f484718eb171043,sha256:051659cf11a35f184685e18389037c4307464c9ae8c4fdd009717eb7a800d40a,PASS,64.0,1.0,4.011247482134031,0.015332966199004261,11.082195912436287,10.0
sha256:d970fe6d87b762fec500982351e53ea3a94f15ab03b216349f484718eb171043,sha256:11300b282cee7982af10e1d68518bb3e82e67950da9d539865500607b9454fdb,PASS,64.0,1.0,4.438961597917354,0.0008434321791686017,10.671362854040007,10.0
sha256:d970fe6d87b762fec500982351e53ea3a94f15ab03b216349f484718eb171043,sha256:12b95e38250d6759c6aff976e12be626fc4d079d0bbc5952c01743d18d52d001,PASS,64.0,1.0,4.033059493287899,0.016965486669658247,11.048563977784612,10.0
sha256:d970fe6d87b762fec500982351e53ea3a94f15ab03b216349f484718eb171043,sha256:135d50c11d6eae9fe152b12c8c245073d91a3224bc45dc278283d7925f438dd9,PASS,64.0,1.0,4.631372962132083,0.04317968135654304,10.55784038685512,10.0
sha256:d970fe6d87b762fec500982351e53ea3a94f15ab03b216349f484718eb171043,sha256:32dbd93be92ac007880a1407c9060c18b55bc4d5c0163e47db65d02084068c01,PASS,64.0,1.0,4.198491756175319,-0.01900972621486119,10.915147750490066,10.0
sha256:d970fe6d87b762fec500982351e53ea3a94f15ab03b216349f484718eb171043,sha256:347ec2bf389058c69abd69448292305d0c7e41e400ab6449896cde01bb51daa0,PASS,64.0,1.0,4.194958253016685,-0.019340154431256806,10.887615383747008,55.0
sha256:d970fe6d87b762fec500982351e53ea3a94f15ab03b216349f484718eb171043,sha256:3d1859c27c84a1691ed29e453133060b2d3a3b5c328ff9cb842212b9f18a8997,PASS,64.0,1.0,4.191920654074439,-0.018392029137702437,10.919508849944023,10.0
sha256:d970fe6d87b762fec500982351e53ea3a94f15ab03b216349f484718eb171043,sha256:64f4118291d8d16e32989174acffe764fd53ac6dc667a3722358ad51db6627f7,PASS,64.0,1.0,4.278475435990655,-0.03312974124657053,10.831268186055892,10.0
sha256:d970fe6d87b762fec500982351e53ea3a94f15ab03b216349f484718eb171043,sha256:ae76e970d659138c64bac455864761de6ea5ec01a25f4fafbd1877921101c552,PASS,64.0,1.0,4.254753844680643,-0.03495091579495302,10.862645018719645,10.0
sha256:d970fe6d87b762fec500982351e53ea3a94f15ab03b216349f484718eb171043,sha256:b5f5745105d83a9aa7cf440b5efc00a54fcf8ef9031be7994d8badaa7f64a49b,PASS,64.0,1.0,4.023010221204483,0.014865048309440354,11.073633742429653,10.0
sha256:d970fe6d87b762fec500982351e53ea3a94f15ab03b216349f484718eb171043,sha256:c1d572337b253d5a1f656742b5cc0678bdb8d7cf5691cbbf5a943ec9987886bf,PASS,64.0,1.0,4.075383429736373,0.014241553190512235,11.02420349441549,10.0
sha256:d970fe6d87b762fec500982351e53ea3a94f15ab03b216349f484718eb171043,sha256:e2d4754653a554d08a5253dcf7be2645638e8a258927f15a464ac6ad4e8f6157,PASS,64.0,1.0,4.3626491543016925,-0.01578894347322901,10.747167958240972,10.0
sha256:dc83e29f18c777de0af89dd66b485befe48f223e42a059015f3f8bd2bb005464,sha256:080bba2da19f9c89b17f8ad9959509de12d23ea7e7191cea2e77a3b347e3cc57,PASS,64.0,1.0,-1.280187163870506,-1.176836406102666e-14,1.280187163870506,0.0
sha256:dc83e29f18c777de0af89dd66b485befe48f223e42a059015f3f8bd2bb005464,sha256:26cee1024fc943815208a8ffc8f5fcf0e2c7f7c81020017c126b1d1cad869373,PASS,64.0,1.0,-1.3039465162098576,2.6645352591003757e-15,1.3039465162098576,0.0
sha256:dc83e29f18c777de0af89dd66b485befe48f223e42a059015f3f8bd2bb005464,sha256:47d0b37a2a3f2c25978e8b560142ea8de5a4f32df786f9b3553514faef8a461a,PASS,64.0,1.0,-1.268080123212052,0.005730159490761277,1.268080123212052,0.0
sha256:dc83e29f18c777de0af89dd66b485befe48f223e42a059015f3f8bd2bb005464,sha256:5664da4b819a2fc82b10d93994ab56c204390bd236ca2d60c6ffdb17228b3a1a,PASS,64.0,1.0,-1.2801936170491908,5.773159728050814e-15,1.2801936170491908,0.0
sha256:dc83e29f18c777de0af89dd66b485befe48f223e42a059015f3f8bd2bb005464,sha256:682ac938728c26f7045ecf351c4b5c1e1e343c8eb2d2174b915565fc57aa9d60,PASS,64.0,1.0,-1.4990375870320995,-8.881784197001252e-16,1.4990375870320995,0.0
sha256:dc83e29f18c777de0af89dd66b485befe48f223e42a059015f3f8bd2bb005464,sha256:8c2d30a4df4f4c767c4d86fdb9aa535be10e8e29b0b737835bc57fded56478cb,PASS,64.0,1.0,-1.349689453765809,-1.354472090042691e-14,1.349689453765809,0.0
sha256:dc83e29f18c777de0af89dd66b485befe48f223e42a059015f3f8bd2bb005464,sha256:f3b8394c777a11c40742fb4164db93a4e17e75a942b10532b937e6d0acc2d034,PASS,64.0,1.0,0.0,0.0,0.0,0.0
sha256:dc99925fe37b8a67137b8b43e1bc607abb03732380e63034ec46fd6eabe4d37a,sha256:028f3444e44ca0aee74045df35b10daba9cbdf6a87809db674584e5e985996b9,PASS,64.0,1.0,1.1202403164640193,5.072331443756184e-15,0.027462760387956572,54.0
sha256:dc99925fe37b8a67137b8b43e1bc607abb03732380e63034ec46fd6eabe4d37a,sha256:0596f83389dce15f16105b58bfdacbd85c93bd52257ae5ee199cee91f0caa1ed,PASS,64.0,1.0,1.9660727268447609,1.304512053934559e-15,0.03392727315523911,0.0
sha256:dc99925fe37b8a67137b8b43e1bc607abb03732380e63034ec46fd6eabe4d37a,sha256:1f9bb2275a83ecd583d1cdbfefb3003aaf204dbc01f966655a216145fb4852dd,PASS,64.0,1.0,0.6711691834066155,1.7069679003611782e-15,0.024112076402929995,5.0
sha256:dc99925fe37b8a67137b8b43e1bc607abb03732380e63034ec46fd6eabe4d37a,sha256:776aba13cb84c7bdf35e4f54688af0b252b62b6652c5f56b9974cd82d41c99fa,PASS,64.0,1.0,0.05571882801033823,0.222830226215744,5.4800157268851155,0.0
sha256:dc99925fe37b8a67137b8b43e1bc607abb03732380e63034ec46fd6eabe4d37a,sha256:7ceaf0fa9dd249dff563b499e686e1935599e566bf85bba3695a409c737d36bb,PASS,64.0,1.0,4.595564874472636,0.4595931146797838,41.91634664382585,0.0
sha256:dc99925fe37b8a67137b8b43e1bc607abb03732380e63034ec46fd6eabe4d37a,sha256:ed03b6983c1adf0d631b936cbdc85757e2083bb4ec10ad81c45d54fbf82189cc,PASS,64.0,1.0,0.5860275375318578,-9.08995101411847e-16,0.022057932899165102,5.0
sha256:dc99925fe37b8a67137b8b43e1bc607abb03732380e63034ec46fd6eabe4d37a,sha256:f9e5d69e8f9f2041ec9b729335245559b664e2c2e186e0c187851331fbfe292f,PASS,64.0,1.0,3.134513936927034,0.24919488751555718,14.722942106625561,0.0
sha256:ddc691538db897df846acfa4ba1dfe3332c4c04f9270cde23794be1eafeaf344,sha256:441ddd76b356ab67bd382ce53103d1f4082f6188a8bd5275259d60baf925b2f2,PASS,64.0,1.0,8.921433866158146,-0.02075112698781112,35.13661840004964,0.0
sha256:ddc691538db897df846acfa4ba1dfe3332c4c04f9270cde23794be1eafeaf344,sha256:54822a63bbfd2755ae2b4e2820426d0548410b9c1a7c955bda122f9b4c20febd,PASS,64.0,1.0,8.579610895069187,-0.016410768330388237,36.25360212489035,0.0
sha256:ddc691538db897df846acfa4ba1dfe3332c4c04f9270cde23794be1eafeaf344,sha256:590249f3525d8a5f0ad0dfc26adf85413e898503108bb55e824bcd029e457aa3,PASS,64.0,1.0,9.071316832378479,-0.0036535192545343875,37.43097679386666,0.0
sha256:ddc691538db897df846acfa4ba1dfe3332c4c04f9270cde23794be1eafeaf344,sha256:5c298b36c6fcf58451105c4ae2e1d6a070fe3fb7024ce0d09e137fcdc5b86333,PASS,64.0,1.0,8.707126306885527,-0.0200838697052248,34.36921415761231,0.0
sha256:ddc691538db897df846acfa4ba1dfe3332c4c04f9270cde23794be1eafeaf344,sha256:6b840a933e7915279921b6a96b3eb91dca99f025ec751f8efae9fd9e55bedf08,PASS,64.0,1.0,9.706684494549599,0.18992385712088833,41.599346001000185,3.0
sha256:ddc691538db897df846acfa4ba1dfe3332c4c04f9270cde23794be1eafeaf344,sha256:86ea598f2613afeb9df74cefc0a9efd0182591e535abbcf83545dbb3cff456f2,PASS,64.0,1.0,12.292659303771941,-0.0984001368309606,56.498016636244884,3.0
sha256:ddc691538db897df846acfa4ba1dfe3332c4c04f9270cde23794be1eafeaf344,sha256:ceb5f35b000ce7ebd08c2f97edad7bed2c6798ef65d10a234934b8fb1fa92567,PASS,64.0,1.0,8.459683854044115,-0.01666524442417483,39.582639614349276,0.0
sha256:ddc691538db897df846acfa4ba1dfe3332c4c04f9270cde23794be1eafeaf344,sha256:f7de44b3a9a9b4eefdcdc347a26babb0deea22b41ce78fca3e0e91f967ced39a,PASS,64.0,1.0,8.754225869659756,-0.012524932131569244,34.562385632818334,0.0
sha256:de39b3297f3c6e67b64e6da9ddc05f04cd17be61d1d7f83c465c05fb7165f30d,sha256:049b85132d450c03ead945b7de6eee52ddf98f75a182db2562c27108baf220f9,PASS,64.0,1.0,32.44754061554387,-0.20043376367232213,53.552459384456114,0.0
sha256:de39b3297f3c6e67b64e6da9ddc05f04cd17be61d1d7f83c465c05fb7165f30d,sha256:4fb37c38816636e0c8560a2237419925f242ff3a1a9eabeef70fc501b89c79dd,PASS,64.0,1.0,32.05208216812938,-0.20346160206064923,53.947917831870605,0.0
sha256:de39b3297f3c6e67b64e6da9ddc05f04cd17be61d1d7f83c465c05fb7165f30d,sha256:7f6f5c7611d8c852a289387fcf290c1bbc8d114a3eee25f177856b3bb7cf1348,PASS,64.0,1.0,32.87710902662297,-0.1942789373692264,53.12289097337702,0.0
sha256:de39b3297f3c6e67b64e6da9ddc05f04cd17be61d1d7f83c465c05fb7165f30d,sha256:89fafead9a32c82cc802d5c1e1e174547eaef5c6b2117fec2234af51f6a02638,PASS,64.0,1.0,31.43617194714914,-0.2689285987968759,54.563828052850845,0.0
sha256:de39b3297f3c6e67b64e6da9ddc05f04cd17be61d1d7f83c465c05fb7165f30d,sha256:9783991583b03b305e31a2dffec4b2fd57cfedec78f728df7f2ee34b80145023,PASS,64.0,1.0,32.81354621457902,-0.19499924760778953,53.186453785420966,0.0
sha256:de39b3297f3c6e67b64e6da9ddc05f04cd17be61d1d7f83c465c05fb7165f30d,sha256:9af5449824a5af5475e133aabaa935e227747ec94e6b37d27a3471976fd36d52,PASS,64.0,1.0,32.71454692820057,-0.19640412199306212,53.28545307179942,0.0
sha256:de39b3297f3c6e67b64e6da9ddc05f04cd17be61d1d7f83c465c05fb7165f30d,sha256:a901b6154813d3e1b5f92b0a30e9a2798ad58062689a2edfdbef18c2871f2e3c,PASS,64.0,1.0,30.133538281070372,-0.3798362619647335,55.866461718929614,0.0
sha256:de39b3297f3c6e67b64e6da9ddc05f04cd17be61d1d7f83c465c05fb7165f30d,sha256:aa753fa23934e202e28d310f20c4eb42503883f3dc76ab9089801e12627fd34e,PASS,64.0,1.0,32.6452318553105,-0.19737282232222242,53.35476814468949,0.0
sha256:de39b3297f3c6e67b64e6da9ddc05f04cd17be61d1d7f83c465c05fb7165f30d,sha256:d6c9275b1cd939c3be97d87226c45837e67cff06c6606d3b2920be4fa6e6a1ae,PASS,64.0,1.0,32.55778599229886,-0.19874420284169503,53.442214007701125,0.0
sha256:e2d08005665217f11de04ba8bce2b7afe2c6423bc45506bc537b35a3155c843a,sha256:0458730fe108280ca03f7489c75f458e93c4ae811834cd68af1f340f2482850d,PASS,64.0,1.0,0.012379442308615651,-0.017504550793610463,3.06628538797014,34.0
sha256:e2d08005665217f11de04ba8bce2b7afe2c6423bc45506bc537b35a3155c843a,sha256:0de7acb90e120b1d48921b93ca0ae259c5de7ace5dc9d864a0003e1635c4aee9,PASS,64.0,1.0,0.9647759937849214,-0.013413915615474004,3.0352240062150795,3.0
sha256:e2d08005665217f11de04ba8bce2b7afe2c6423bc45506bc537b35a3155c843a,sha256:11b9a7f0b91673fa91e3e8063f80a8838a581f0cd50b50e13377b93850491653,PASS,64.0,1.0,0.9314686126935547,-0.016661140028633614,3.068531387306446,3.0
sha256:e2d08005665217f11de04ba8bce2b7afe2c6423bc45506bc537b35a3155c843a,sha256:1ee6e37164dddd0445983afb421724666a632ea64aa776fcef85a09ccd1c729f,PASS,64.0,1.0,0.022435864371510572,-0.011483076721717556,3.096882390419281,34.0
sha256:e2d08005665217f11de04ba8bce2b7afe2c6423bc45506bc537b35a3155c843a,sha256:203e2fe368e2dd3faba7f3b290b884ac1150fbe9845859f55ee352ba1f981044,PASS,64.0,1.0,0.9304058053702322,-0.01633085980182747,3.0695941946297687,3.0
sha256:e2d08005665217f11de04ba8bce2b7afe2c6423bc45506bc537b35a3155c843a,sha256:2082a73d66b0d4163cc6e16a66a01416e7a5c23f9d491ded21dfc751a8fe2073,PASS,64.0,1.0,0.9045900777215459,-0.010289109896788773,3.095409922278455,3.0
sha256:e2d08005665217f11de04ba8bce2b7afe2c6423bc45506bc537b35a3155c843a,sha256:20df548413f127b4f3182948bd1da577e4bc812282ef796f35e890aa55fb60a4,PASS,64.0,1.0,0.023065665572406413,-0.0156763703325149,3.050386955550064,34.0
sha256:e2d08005665217f11de04ba8bce2b7afe2c6423bc45506bc537b35a3155c843a,sha256:240a399f659704514cc973a285f0eb4aef637abd91c41985d09670daa71df7d7,PASS,64.0,1.0,0.9127764205725808,-0.01338932372013879,3.08722357942742,3.0
sha256:e2d08005665217f11de04ba8bce2b7afe2c6423bc45506bc537b35a3155c843a,sha256:25c03d9f99822e62363de9c6f9b3334473a18bb972e196b330c68c47eb0c37cb,PASS,64.0,1.0,0.8566213545238592,9.769962616701378e-15,3.1433786454761417,3.0
sha256:e2d08005665217f11de04ba8bce2b7afe2c6423bc45506bc537b35a3155c843a,sha256:25e90964b5196517435e63c14b75c5e33fde38ef0af9ce51f5d858b9960d5f80,PASS,64.0,1.0,0.9287427138963658,-0.015906177121065568,3.071257286103635,3.0
sha256:e2d08005665217f11de04ba8bce2b7afe2c6423bc45506bc537b35a3155c843a,sha256:274569ca11ce06c8dff9c31026afab7038574b0754fc5bd6fd1c3717c0312970,PASS,64.0,1.0,0.02329249344289419,-0.01694042968050269,3.06767451515828,34.0
sha256:e2d08005665217f11de04ba8bce2b7afe2c6423bc45506bc537b35a3155c843a,sha256:27f9a59e7e3b657503b7bc0a3dc892ff92d5467dae51d088762e941ae9cf65a9,PASS,64.0,1.0,0.031025031182660534,-0.010984194826301863,3.0960533380825477,34.0
sha256:e2d08005665217f11de04ba8bce2b7afe2c6423bc45506bc537b35a3155c843a,sha256:2809ff0c6762e6c1cb4aa02d454cea4613e5f2c370bcf96700d40f84274a9366,PASS,64.0,1.0,0.9319206789291448,-0.01680643018218886,3.068079321070856,3.0
sha256:e2d08005665217f11de04ba8bce2b7afe2c6423bc45506bc537b35a3155c843a,sha256:2cd01cf7a9159b6e39b56944bbeb0626328bbd81ab7b93674c8ce63f42d1b7d8,PASS,64.0,1.0,0.9206213558434517,-0.014544140560867724,3.079378644156549,3.0
sha256:e2d08005665217f11de04ba8bce2b7afe2c6423bc45506bc537b35a3155c843a,sha256:2f9ff803cba59101668a5260373dc23e31b92241ac8644b2aa6424d2b17d6c00,PASS,64.0,1.0,0.034481045403797594,-0.01077123725493756,3.095811271214135,34.0
sha256:e2d08005665217f11de04ba8bce2b7afe2c6423bc45506bc537b35a3155c843a,sha256:39b7a161f2852deedcd98e70822822b204bdb2b3abb340e419bdc0bfc3d54c25,PASS,64.0,1.0,0.9059734557114796,-0.009558680435513445,3.0940265442885213,3.0
sha256:e2d08005665217f11de04ba8bce2b7afe2c6423bc45506bc537b35a3155c843a,sha256:39c8e2f184d14f0cda53fee4ff6de5878e6264772dabe1712c5de6c3d9df64b2,PASS,64.0,1.0,0.9173665284342207,-0.01407358045510243,3.08263347156578,3.0
sha256:e2d08005665217f11de04ba8bce2b7afe2c6423bc45506bc537b35a3155c843a,sha256:3b5ef40552e60d51ddf8c7a2fcdbe085c6013f2dabbefc350f7b762a8c7bb427,PASS,64.0,1.0,0.9309650672159178,-0.016503291282911725,3.069034932784083,3.0
sha256:e2d08005665217f11de04ba8bce2b7afe2c6423bc45506bc537b35a3155c843a,sha256:3e029c1f89814866c376a7e93a418bd39dc0b179a5ea08c9a248416579fca763,PASS,64.0,1.0,0.904843327849012,-0.010035531333431713,3.095156672150989,3.0
sha256:e2d08005665217f11de04ba8bce2b7afe2c6423bc45506bc537b35a3155c843a,sha256:413b91e69df42d23b95abc492d8c7f45753f1dc025ba18b4ade68fc6e097951b,PASS,64.0,1.0,0.9333529681980028,-0.017322898244376717,3.066647031801998,3.0
sha256:e2d08005665217f11de04ba8bce2b7afe2c6423bc45506bc537b35a3155c843a,sha256:43df6c57939c7738586d0b32c8cb8bcc6af31538c6f7225b445f44394a8eeb93,PASS,64.0,1.0,0.9372751867436464,3.1086244689504383e-15,3.0627248132563545,3.0
sha256:e2d08005665217f11de04ba8bce2b7afe2c6423bc45506bc537b35a3155c843a,sha256:59b4084e1565478d281be9a69c00d7b98d5c889d6b508345ed49ebc95ec0ec13,PASS,64.0,1.0,0.04515350747305824,-0.010161629927627924,3.0953001828976547,34.0
sha256:e2d08005665217f11de04ba8bce2b7afe2c6423bc45506bc537b35a3155c843a,sha256:615920563aa3308aca2cfe590237e6161f0d7ceb57821b0773e0c66c065bf11b,PASS,64.0,1.0,0.9033081868040549,-0.011388565318524613,3.096691813195946,3.0
sha256:e2d08005665217f11de04ba8bce2b7afe2c6423bc45506bc537b35a3155c843a,sha256:62575dc556a087a6d036446c8e86d39d848295944a8fee5cd27adc3a8f7eeb2f,PASS,64.0,1.0,0.04023622178991726,-0.010402284480465429,3.0955033329978443,34.0
sha256:e2d08005665217f11de04ba8bce2b7afe2c6423bc45506bc537b35a3155c843a,sha256:6428c360387ecf8439c0a1af5d760c3c9274180f3c5cebfbd058b866fe2b0cbc,PASS,64.0,1.0,0.8828325385846467,1.7763568394002505e-15,3.117167461415354,3.0
sha256:e2d08005665217f11de04ba8bce2b7afe2c6423bc45506bc537b35a3155c843a,sha256:66c7f8afa6f049b1a5433655d6666984b69789d8a129960bbabf8e8c1268e787,PASS,64.0,1.0,0.9331757041418252,-0.01724857704095184,3.0668242958581757,3.0
sha256:e2d08005665217f11de04ba8bce2b7afe2c6423bc45506bc537b35a3155c843a,sha256:746fba3e1e2832a7a5a87cee303b5efbe117298033df92990cd11a587551ff17,PASS,64.0,1.0,0.03628139964992183,-0.01065016126212015,3.0957049433664166,34.0
sha256:e2d08005665217f11de04ba8bce2b7afe2c6423bc45506bc537b35a3155c843a,sha256:7c732bb8ac64f16777b4a0deeb17633c8a7d66f7d3194346d81e2c601946d397,PASS,64.0,1.0,0.9036548055273643,-0.0111745496823068,3.0963451944726366,3.0
sha256:e2d08005665217f11de04ba8bce2b7afe2c6423bc45506bc537b35a3155c843a,sha256:7fb764760b5102b34563053e4d2145d7287310e19d61ad032fb3f729670c9aac,PASS,64.0,1.0,0.029322789257767656,-0.011074656888010015,3.0961927280876913,34.0
sha256:e2d08005665217f11de04ba8bce2b7afe2c6423bc45506bc537b35a3155c843a,sha256:825bd2ffef18448b90e406aa8110b5ab9e09091f48c5f8bc92281c6ac1b328d1,PASS,64.0,1.0,0.14769241239329078,1.509903313490213e-14,3.1325254949478394,34.0
sha256:e2d08005665217f11de04ba8bce2b7afe2c6423bc45506bc537b35a3155c843a,sha256:83f3d5c346ad6946c63c48a61ebc8ed120ea1dd9c247c473a75921f03e21d478,PASS,64.0,1.0,0.9040732693779936,-0.010882364182579263,3.0959267306220073,3.0
sha256:e2d08005665217f11de04ba8bce2b7afe2c6423bc45506bc537b35a3155c843a,sha256:85ade92396b38d5967ef4536f1bbfd1be42f0e1b450fc32c5e0f4ae1304b1f72,PASS,64.0,1.0,0.020667636025714753,-0.01157165002239502,3.097084647600456,34.0
sha256:e2d08005665217f11de04ba8bce2b7afe2c6423bc45506bc537b35a3155c843a,sha256:8b95f537d3b1467bc6def11e2b28113bcf9e7e474c9f1ae58c1462c492355134,PASS,64.0,1.0,0.0,0.0,4.000000000000001,0.0
sha256:e2d08005665217f11de04ba8bce2b7afe2c6423bc45506bc537b35a3155c843a,sha256:8c29d306ee6af9fd3b460250f7e9d1d59a1c557cd55a322f5bc36c2b890322c8,PASS,64.0,1.0,0.9336205089083225,-0.017439060933587047,3.0663794910916784,3.0
sha256:e2d08005665217f11de04ba8bce2b7afe2c6423bc45506bc537b35a3155c843a,sha256:9cec579258ad2c1bced56bc4a5004362863034cda5e895249df981928886679b,PASS,64.0,1.0,0.9271601608030808,-0.015587248595777314,3.07283983919692,3.0
sha256:e2d08005665217f11de04ba8bce2b7afe2c6423bc45506bc537b35a3155c843a,sha256:9d4d482469acadfe676f196d6af055a48530ae972b907e8730c11a49aa89bf1a,PASS,64.0,1.0,0.9394806596117302,2.6645352591003757e-15,3.0605193403882707,3.0
sha256:e2d08005665217f11de04ba8bce2b7afe2c6423bc45506bc537b35a3155c843a,sha256:9db2d44649554af1172a3299db8e1407d4d0637d2d035ddbe311bb65207cd47f,PASS,64.0,1.0,0.06433290728598795,-0.009670514200753821,3.0945148587608644,34.0
sha256:e2d08005665217f11de04ba8bce2b7afe2c6423bc45506bc537b35a3155c843a,sha256:9e0fca78dd4f04e20b18cb82e180a78352aa951a75196f502a594104d9fd2537,PASS,64.0,1.0,0.9338318388746827,-0.017695868427950234,3.066168161125318,3.0
sha256:e2d08005665217f11de04ba8bce2b7afe2c6423bc45506bc537b35a3155c843a,sha256:a0a1d02a514f3dd01d61ddeb966fddf04aded83fb50b344878cb503346b38440,PASS,64.0,1.0,0.902229659509298,-0.01180711683865665,3.097770340490703,3.0
sha256:e2d08005665217f11de04ba8bce2b7afe2c6423bc45506bc537b35a3155c843a,sha256:a59c20fd943f859ff1ee82a2eb57eeaefed9b60e84818d44c4c221be05374bd8,PASS,64.0,1.0,0.0259093587437893,-0.011286964505438757,3.0965115876200895,34.0
sha256:e2d08005665217f11de04ba8bce2b7afe2c6423bc45506bc537b35a3155c843a,sha256:a881951aaa31f3926297719b8a2579428df963de2b253936b4ccd53c85099449,PASS,64.0,1.0,0.0,0.0,4.000000000000001,0.0
sha256:e2d08005665217f11de04ba8bce2b7afe2c6423bc45506bc537b35a3155c843a,sha256:b2c003ea58c16e7fd4b6bb91c720bc6367378a1444c24e72df6e4b3950d884d7,PASS,64.0,1.0,0.9050453791801223,-0.009936346566415732,3.0949546208198786,3.0
sha256:e2d08005665217f11de04ba8bce2b7afe2c6423bc45506bc537b35a3155c843a,sha256:b3a10ad1abb348d2c921d144c4b68c3058b1529796e101ab59d7c65855877b10,PASS,64.0,1.0,0.05745422149863977,-0.0097921903358551,3.094763019137408,34.0
sha256:e2d08005665217f11de04ba8bce2b7afe2c6423bc45506bc537b35a3155c843a,sha256:b3ec3030ba0c83c1121d9ef2f5cb764e9acc612b8c08dbedec7183a4adca2286,PASS,64.0,1.0,0.9320159886672843,4.440892098500626e-15,3.0679840113327166,3.0
sha256:e2d08005665217f11de04ba8bce2b7afe2c6423bc45506bc537b35a3155c843a,sha256:b4dc3588ffe34fd307dd9b3628b95ebd37c0cb47f44b024b5f43ebe617c51616,PASS,64.0,1.0,0.9238801659546385,-8.43769498715119e-15,3.0761198340453624,3.0
sha256:e2d08005665217f11de04ba8bce2b7afe2c6423bc45506bc537b35a3155c843a,sha256:b6c8f9ca4383fd22751237f046b943ade89305799599e941560f6db31d62d335,PASS,64.0,1.0,0.9026998366111454,-0.01165488963576733,3.0973001633888555,3.0
sha256:e2d08005665217f11de04ba8bce2b7afe2c6423bc45506bc537b35a3155c843a,sha256:bafe59f7db722e95dc4bca0c918f6006f7a765d0a11c3111e13e65a2f370c945,PASS,64.0,1.0,0.030284367704072057,-0.014381540067434084,3.0414503941738835,34.0
sha256:e2d08005665217f11de04ba8bce2b7afe2c6423bc45506bc537b35a3155c843a,sha256:cc9b59039536d9976ca527ced42393c57c733aca6061d74675685e974fdd7581,PASS,64.0,1.0,0.9326865671539237,-0.017064009208435316,3.067313432846077,3.0
sha256:e2d08005665217f11de04ba8bce2b7afe2c6423bc45506bc537b35a3155c843a,sha256:d23d79b8cd8b2a0cd9e01c4280d64e2b04a4e42a69c9f762c5077310a2b4c0a8,PASS,64.0,1.0,0.9253358314449445,-0.015268970158619943,3.0746641685550564,3.0
sha256:e2d08005665217f11de04ba8bce2b7afe2c6423bc45506bc537b35a3155c843a,sha256:d86bc65416b94ceb61aa737ed7583cd436b4a77a01efbd6bd81476987845e797,PASS,64.0,1.0,0.02041841854757731,-0.01716583950835826,3.0670334453036805,34.0
sha256:e2d08005665217f11de04ba8bce2b7afe2c6423bc45506bc537b35a3155c843a,sha256:d8f2ff1185eaae58db9500c5b0a3a918155373e18a4a0f7b985969529abef8f4,PASS,64.0,1.0,0.10921581852885387,-0.009412017156316566,3.091788372380385,34.0
sha256:e2d08005665217f11de04ba8bce2b7afe2c6423bc45506bc537b35a3155c843a,sha256:dbb520413bdb76cb5a07a53eb6448e04985b6d3755e9ced2e1faf17f884a7189,PASS,64.0,1.0,0.015672617535408495,-0.017387809511039798,3.0664994871640356,34.0
sha256:e2d08005665217f11de04ba8bce2b7afe2c6423bc45506bc537b35a3155c843a,sha256:dc1d34b052027d133740e96128f9e9af3902b2a05578ccaf49276302affacd1b,PASS,64.0,1.0,0.010704145195673753,-0.017608385356959744,3.0662154333436877,34.0
sha256:e2d08005665217f11de04ba8bce2b7afe2c6423bc45506bc537b35a3155c843a,sha256:dd1c4088a24b41ce8e8681ce6f58565eeb8778b7c43587d70041af5159616754,PASS,64.0,1.0,0.9300262924059135,6.661338147750939e-15,3.0699737075940874,3.0
sha256:e2d08005665217f11de04ba8bce2b7afe2c6423bc45506bc537b35a3155c843a,sha256:ddb6c07d095f6c365c96bd150299d51c5a12cadf22e06f966e9b94a22ecd1d17,PASS,64.0,1.0,0.03820792581257093,-0.012603133242065745,3.0301314212695964,34.0
sha256:e2d08005665217f11de04ba8bce2b7afe2c6423bc45506bc537b35a3155c843a,sha256:de26a4a1cc6d8512b1365681f7274fadb5d670013f29288f7ee3c67f98cff99e,PASS,64.0,1.0,0.9054009570206119,-6.661338147750939e-15,3.094599042979389,3.0
sha256:e2d08005665217f11de04ba8bce2b7afe2c6423bc45506bc537b35a3155c843a,sha256:e2cf0876732ea5ef5406a7b0840b04adbe6191eb2db99127a9e245c2ad8e2490,PASS,64.0,1.0,0.9043960148116934,-0.010514223196787853,3.0956039851883075,3.0
sha256:e2d08005665217f11de04ba8bce2b7afe2c6423bc45506bc537b35a3155c843a,sha256:e8706a470704f1973ebd1a79680ad6a4a464aa801b8589e436458f33b3c744e1,PASS,64.0,1.0,0.9068244158621162,-0.009465536611265257,3.0931755841378847,3.0
sha256:e2d08005665217f11de04ba8bce2b7afe2c6423bc45506bc537b35a3155c843a,sha256:eb8d2bbc0bc7f86049cf83978291e6fd7a4f6fd1ddcf41389cf91236bc62cd5e,PASS,64.0,1.0,0.9231970596727339,-0.014941663134102168,3.076802940327267,3.0
sha256:e2d08005665217f11de04ba8bce2b7afe2c6423bc45506bc537b35a3155c843a,sha256:ee5839433371a42b57ffba04d1a8096652b6629c9042d0168b9d1f61586188b1,PASS,64.0,1.0,0.029438864091389405,-0.016138902457631943,3.070214868554396,34.0
sha256:e2d08005665217f11de04ba8bce2b7afe2c6423bc45506bc537b35a3155c843a,sha256:fadcb6ff1f54ce240741faee3a0d277d928b0c2f0e5b239a2914d55069cfc81d,PASS,64.0,1.0,0.017056626271808373,-0.011733253573367186,3.097528930826965,34.0
sha256:e5b7846a306946ce9de43e3415dea0a8448f3cf5042a30d7809f57d766e5aed6,sha256:0420150946d0e3ca9b973f97e35b98854224fdf74125d04b7263d54eff4695af,PASS,64.0,1.0,1.1067700948148862,-0.039905957403187475,2.8932299051851147,0.0
sha256:e5b7846a306946ce9de43e3415dea0a8448f3cf5042a30d7809f57d766e5aed6,sha256:0fcd7c096a4f6978a34081d95e834076e45e009921180857c74b0eb0f0020e63,PASS,64.0,1.0,1.0144449256615555,-0.014813008552500229,2.9855550743384454,0.0
sha256:e5b7846a306946ce9de43e3415dea0a8448f3cf5042a30d7809f57d766e5aed6,sha256:46a324efc28c523ebc0bbe536d10f9f412cca812cece2fe41455026107abd83a,PASS,64.0,1.0,1.1002006500671766,-0.03814057889551625,2.8997993499328243,0.0
sha256:e5b7846a306946ce9de43e3415dea0a8448f3cf5042a30d7809f57d766e5aed6,sha256:4be90a54a468ef0bd98bbf2de8ab7d96da3e8531ab8112be78ff7b37427444ce,PASS,64.0,1.0,1.0991188917431245,-0.03785763731903247,2.9008811082568764,0.0
sha256:e5b7846a306946ce9de43e3415dea0a8448f3cf5042a30d7809f57d766e5aed6,sha256:57203da16252711d37eb0551750639106c6b69dde976e6cbca7452e1d1bc8760,PASS,64.0,1.0,1.0988490696772266,-0.03774953432569994,2.9011509303227743,0.0
sha256:e5b7846a306946ce9de43e3415dea0a8448f3cf5042a30d7809f57d766e5aed6,sha256:675011136044b215fdaf956bf60a6d47532f765db95e0126f550d46fea18dd06,PASS,64.0,1.0,0.0,0.0,4.000000000000001,0.0
sha256:e5b7846a306946ce9de43e3415dea0a8448f3cf5042a30d7809f57d766e5aed6,sha256:d508ee20ac936d57aa3f85cf9daad38df686690b44f28af79cdbc6cb4dc8e25f,PASS,64.0,1.0,0.0,0.0,4.000000000000001,0.0
sha256:e5b7846a306946ce9de43e3415dea0a8448f3cf5042a30d7809f57d766e5aed6,sha256:f4b39c3376ac86c27e35c715da46a5477b1a9cb0d867ef8f38c659d21ea97f83,PASS,64.0,1.0,1.0944197640951305,-0.03644720345223895,2.9055802359048704,0.0
sha256:e67e103529436039a88420e71c2856b5da77723b71c1d0abeb04fc85b1aac31a,sha256:30709dd44d157357ab065a8bf697ae761a068822d5b9d7328d7248f61472cca8,PASS,64.0,1.0,3.004444937421084,-1.2316968476548595,138.04933701225949,35.0
sha256:e67e103529436039a88420e71c2856b5da77723b71c1d0abeb04fc85b1aac31a,sha256:4f345dcf7456807577aeb554f9b2ae7ce74fd6ee2fa897861ff23b32e9deef0c,PASS,64.0,1.0,2.6418488653398526,-1.0372141820430727,138.75792620888626,35.0
sha256:e67e103529436039a88420e71c2856b5da77723b71c1d0abeb04fc85b1aac31a,sha256:50906fb5e8b818f7b319e40b11717cf1371ba696149d4c3694b7ba87558b001b,PASS,64.0,1.0,2.21353498416255,0.0,153.78646501583748,0.0
sha256:e67e103529436039a88420e71c2856b5da77723b71c1d0abeb04fc85b1aac31a,sha256:5de53206e485bbd8c9fbeab138e463e88217c121cb21660c5d85ef1f94bffb27,PASS,64.0,1.0,3.1819078154918543,-1.1743554984888078,140.16785238812088,35.0
sha256:e67e103529436039a88420e71c2856b5da77723b71c1d0abeb04fc85b1aac31a,sha256:71c14f02c859bb4f2c78dc4b16ad1a5cbf9124a5aba0e4664537df0a485e3921,PASS,64.0,1.0,2.50151391953068,-1.1970552172916484,137.87972859074384,39.0
sha256:e67e103529436039a88420e71c2856b5da77723b71c1d0abeb04fc85b1aac31a,sha256:8c4bd6e6b44610e6443884b91258997913ad6b61ca4119cf22b70447816fe57f,PASS,64.0,1.0,2.042923428392129,-1.0077259762149424,139.43879525866254,39.0
sha256:e67e103529436039a88420e71c2856b5da77723b71c1d0abeb04fc85b1aac31a,sha256:9386b12b1dc67c73b6a34b12f045cb431a228440545993610d65407567e7929e,PASS,64.0,1.0,3.1136364427104866,-1.2327841321631752,138.09456947139736,35.0
sha256:e67e103529436039a88420e71c2856b5da77723b71c1d0abeb04fc85b1aac31a,sha256:ad5c6365149f1682b4849ba9103583086a42f17732fc23db6a99ce6d3f8f5cd5,PASS,64.0,1.0,2.925584789207562,-1.2860116726436672,138.71924737619037,35.0
sha256:e67e103529436039a88420e71c2856b5da77723b71c1d0abeb04fc85b1aac31a,sha256:f97eeb61107db5e94c211d050c055afb20ace6b6f3ad673488d952a36ea47c9d,PASS,64.0,1.0,2.9315066847948117,-1.2250013801136674,137.9988216067788,35.0
sha256:e82e14159c7b665cb9f7e1446d9dc4dd49ad798dae53d327190b820357ed8de3,sha256:0a56be20ecca7793a22203aef0bba6d216c0eab01b747e82b282febb4718b21a,PASS,64.0,1.0,-0.9918150888914342,-2.1094237467877974e-15,0.9918150888914342,0.0
sha256:e82e14159c7b665cb9f7e1446d9dc4dd49ad798dae53d327190b820357ed8de3,sha256:1dd794055da1cf1494bcb978644e5dd192af8dcf567c1438c3f4ddf6d5fa79c1,PASS,64.0,1.0,-1.1500148711932543,-1.509903313490213e-14,1.1500148711932543,0.0
sha256:e82e14159c7b665cb9f7e1446d9dc4dd49ad798dae53d327190b820357ed8de3,sha256:27bc3da302726ea854cb29b4aa04cbad2a039ae6cf4c1d901c27ae3d62b788b1,PASS,64.0,1.0,-0.875526932403563,0.00815997563178228,0.875526932403563,0.0
sha256:e82e14159c7b665cb9f7e1446d9dc4dd49ad798dae53d327190b820357ed8de3,sha256:354be5f8c6246cda53a17651503b7a74965607be02e62204ead7c6f9d6e6b1ba,PASS,64.0,1.0,-0.8673596314464908,0.007343617053073737,0.8673596314464908,0.0
sha256:e82e14159c7b665cb9f7e1446d9dc4dd49ad798dae53d327190b820357ed8de3,sha256:3df7bdd46187ef0a7866ef4ba5212843aa8533e9370935c1b3552b7f8a6a0449,PASS,64.0,1.0,-0.9227037238806116,-5.551115123125783e-16,0.9227037238806116,0.0
sha256:e82e14159c7b665cb9f7e1446d9dc4dd49ad798dae53d327190b820357ed8de3,sha256:4888f27ff3ceda5ebef5c66fc64810e8b025ff3059461629d73493ab73616ea6,PASS,64.0,1.0,-0.8718708146521993,0.004899032363835709,0.8718708146521993,0.0
sha256:e82e14159c7b665cb9f7e1446d9dc4dd49ad798dae53d327190b820357ed8de3,sha256:6df46b21f17aad303b337cf53426e0bb797aeb91a98fc77019412ed411651c04,PASS,64.0,1.0,-1.0616951013513893,3.1086244689504383e-15,1.0616951013513893,0.0
sha256:e82e14159c7b665cb9f7e1446d9dc4dd49ad798dae53d327190b820357ed8de3,sha256:7e3621837a8013dcc39361e81ea9c95d3682981324ae3bb3e55d22bde531352a,PASS,64.0,1.0,-0.923136497092135,1.099120794378905e-14,0.923136497092135,0.0
sha256:e82e14159c7b665cb9f7e1446d9dc4dd49ad798dae53d327190b820357ed8de3,sha256:8ebe1a4791f30c17b6a85ca60aaaa493eeebc877f0c2ae5591a8084b23128034,PASS,64.0,1.0,-1.2264407486969513,-2.1760371282653068e-14,1.2264407486969513,0.0
sha256:ea0f484dd70b52dfcfda0107ee55b8489cfe8e127e4d6befbfba25cc0d78b703,sha256:04b6c1b40bd2bcae722b3b205102a9c6d78b99bfa25fdc24b77cd957df3086d5,PASS,64.0,1.0,4.440249239603799,-0.08816201356899134,1.5597507603962004,1.0
sha256:ea0f484dd70b52dfcfda0107ee55b8489cfe8e127e4d6befbfba25cc0d78b703,sha256:118ad929cfcd0cf2c7076cc6494d6fb84a415c9a8f9dbb33c689d5eb8e39a58b,PASS,64.0,1.0,4.481450751375176,-0.08878052841052564,1.5185492486248227,1.0
sha256:ea0f484dd70b52dfcfda0107ee55b8489cfe8e127e4d6befbfba25cc0d78b703,sha256:2365750c5c60114cc183dca3606b79f4041bb5a37438421836f414fedb873a8e,PASS,64.0,1.0,4.348013184387174,-0.0937804727378797,1.6519868156128252,1.0
sha256:ea0f484dd70b52dfcfda0107ee55b8489cfe8e127e4d6befbfba25cc0d78b703,sha256:2af0c8d0962b28555d27cf2dae85018d6842d33fb081cfa2c2e447d90cb423ad,PASS,64.0,1.0,4.459405573293558,-0.09171854618348263,1.5405944267064413,1.0
sha256:ea0f484dd70b52dfcfda0107ee55b8489cfe8e127e4d6befbfba25cc0d78b703,sha256:3315c42c03fffdd98e727609bd4332c4c4ca03cf7f0647a0743168acbc079950,PASS,64.0,1.0,4.486394929934918,-0.08788409187513913,1.513605070065081,1.0
sha256:ea0f484dd70b52dfcfda0107ee55b8489cfe8e127e4d6befbfba25cc0d78b703,sha256:37dd0a8d0e4a1bf7007b60b62021ef5e14ae8dd136869ec0a12c030d5dd5f394,PASS,64.0,1.0,4.473852672615141,-0.08998636650550096,1.5261473273848576,1.0
sha256:ea0f484dd70b52dfcfda0107ee55b8489cfe8e127e4d6befbfba25cc0d78b703,sha256:3b889377749b44674fbfcbbfe2fb74926516324d9e1e3297bdf552afef8b96a8,PASS,64.0,1.0,4.500795180727032,-0.07967953716107146,1.4992048192729672,1.0
sha256:ea0f484dd70b52dfcfda0107ee55b8489cfe8e127e4d6befbfba25cc0d78b703,sha256:4541e3c251f7227c102bd9021aa5a1dfcb7fa09829173421c8a0e64e5b6d929d,PASS,64.0,1.0,4.49265587074343,-0.08742035499571821,1.5073441292565684,1.0
sha256:ea0f484dd70b52dfcfda0107ee55b8489cfe8e127e4d6befbfba25cc0d78b703,sha256:6814a1f681ae2180632663c2b646744f1dd0e5fd9e09251c3dbc41077b5a3b62,PASS,64.0,1.0,4.425748915400842,-0.08486056416760768,1.5742510845991575,1.0
sha256:ea0f484dd70b52dfcfda0107ee55b8489cfe8e127e4d6befbfba25cc0d78b703,sha256:7b33ed1f3fdfc845855110820cb6da655a1689d2290a40a24511200c63b5eb6f,PASS,64.0,1.0,4.451185338740457,-0.0910813774290038,1.5488146612595428,1.0
sha256:ea0f484dd70b52dfcfda0107ee55b8489cfe8e127e4d6befbfba25cc0d78b703,sha256:7f58e610243d1f6dee01f1c3dbc96a5a918502818cb5521077a48c4525b9814e,PASS,64.0,1.0,4.507152927234308,-0.07126816144741377,1.4928470727656917,1.0
sha256:ea0f484dd70b52dfcfda0107ee55b8489cfe8e127e4d6befbfba25cc0d78b703,sha256:8efb7eae2bc44004128b29880115aaa643785768681abfef2c49ba5f85d3237f,PASS,64.0,1.0,4.410698151528269,-0.08497953911221434,1.5893018484717305,1.0
sha256:ea0f484dd70b52dfcfda0107ee55b8489cfe8e127e4d6befbfba25cc0d78b703,sha256:9a3e105fb01cecb034bd161d35a596b2d1f3fde627fcde4b1664a320e33a6073,PASS,64.0,1.0,4.49704640185411,-0.08345765327898635,1.5029535981458895,1.0
sha256:ea0f484dd70b52dfcfda0107ee55b8489cfe8e127e4d6befbfba25cc0d78b703,sha256:b4a3edc8207dd793da5c60d20d987d3ff791a43d854cb0ea87109f3670738dfc,PASS,64.0,1.0,4.491730166955452,-0.08784246965690468,1.5082698330445472,1.0
sha256:ea0f484dd70b52dfcfda0107ee55b8489cfe8e127e4d6befbfba25cc0d78b703,sha256:b641e61b9597705ceb656b2f24bdc8e11b2af0ddcf7b3e0b4550139f09fbf735,PASS,64.0,1.0,4.387595496260229,-0.08905956209372756,1.6124045037397705,1.0
sha256:ea0f484dd70b52dfcfda0107ee55b8489cfe8e127e4d6befbfba25cc0d78b703,sha256:c9f9b1964d490d351a3b92ce9250720fd58a2f644ae160f0a82d9a406c6a9514,PASS,64.0,1.0,4.504286601533835,-0.07532644166334168,1.4957133984661646,1.0
sha256:ea0f484dd70b52dfcfda0107ee55b8489cfe8e127e4d6befbfba25cc0d78b703,sha256:d07c51315fe59692368ba8bf3c744fd98852c6e515aeb2e7d3ce6e62e16aa50a,PASS,64.0,1.0,4.489567807011777,-0.08723910888107156,1.5104321929882225,1.0
sha256:ea0f484dd70b52dfcfda0107ee55b8489cfe8e127e4d6befbfba25cc0d78b703,sha256:e7cb69ca6e9ab06abf19802d5791ca600fd0dfaf1ded6cff0f970b6db71252ab,PASS,64.0,1.0,4.491353731142945,-0.0872694946731778,1.5086462688570548,1.0
sha256:ebbe8eeed2c67c7f9ecdb3544158411484af65485e571f7451464e71269b492a,sha256:0562e4dfa7e49d6fd76e2e13976e2de873410601a981faeca0003d07f7f929a7,PASS,64.0,1.0,2.4461412652915575,9.769962616701378e-15,7.553858734708444,0.0
sha256:ebbe8eeed2c67c7f9ecdb3544158411484af65485e571f7451464e71269b492a,sha256:084a1f43ded6e63f7e1f071019ce37df7cef44ebebdcf26df801f1dd408b8420,PASS,64.0,1.0,2.481345012161192,-0.0063435703772221075,7.51865498783881,0.0
sha256:ebbe8eeed2c67c7f9ecdb3544158411484af65485e571f7451464e71269b492a,sha256:0c86c8e2202bceec485acb2b313ea975616a3324173a2a6c1e1efdc6a1e30644,PASS,64.0,1.0,2.6165591489328364,0.024007660194459213,7.383440851067165,0.0
sha256:ebbe8eeed2c67c7f9ecdb3544158411484af65485e571f7451464e71269b492a,sha256:112990ebe96e50b1b1ffddf81f80c39747fcdf4aa7fc4c75370534d682dc4a0e,PASS,64.0,1.0,2.4547437522411473,-0.0019002649250889903,7.5452562477588545,0.0
sha256:ebbe8eeed2c67c7f9ecdb3544158411484af65485e571f7451464e71269b492a,sha256:14e380c7cb6b147e3896f903df84b177603f39825622d210e494aeff2c6c836f,PASS,64.0,1.0,2.3493955497167587,-1.7763568394002505e-15,7.650604450283243,0.0
sha256:ebbe8eeed2c67c7f9ecdb3544158411484af65485e571f7451464e71269b492a,sha256:1ba4d85680d582d28abe95c724413b36fa287eab74b576c741a109206957e8ce,PASS,64.0,1.0,2.547735876316459,-0.0052044436282843165,7.452264123683543,0.0
sha256:ebbe8eeed2c67c7f9ecdb3544158411484af65485e571f7451464e71269b492a,sha256:1d0b0620f5e91e6e9f6ce5353234ad2be9c625677450ba92ab8ff60fa046cb84,PASS,64.0,1.0,2.6015271950764562,-0.003947783639846492,7.3984728049235455,0.0
sha256:ebbe8eeed2c67c7f9ecdb3544158411484af65485e571f7451464e71269b492a,sha256:1fce16ced020739912e32e55979130bcff2a5e3139b77261fef374e88b9b66c1,PASS,64.0,1.0,2.616579974101132,0.02425437721492507,7.38342002589887,0.0
sha256:ebbe8eeed2c67c7f9ecdb3544158411484af65485e571f7451464e71269b492a,sha256:28ea0fc0c72e689d19bf1f0476ed4043a7b87d55ef351e23adef99b950abcd82,PASS,64.0,1.0,2.4430628627920425,3.197442310920451e-14,7.556937137207959,0.0
sha256:ebbe8eeed2c67c7f9ecdb3544158411484af65485e571f7451464e71269b492a,sha256:2b129f7c16dcb1b175ac59c0aa8650d8de5d57fdd6368b0a644f4e57d2cabf3a,PASS,64.0,1.0,2.443420934694954,-3.552713678800501e-15,7.556579065305048,0.0
sha256:ebbe8eeed2c67c7f9ecdb3544158411484af65485e571f7451464e71269b492a,sha256:334e769be23f066f21933053362eaf704cd15a089be5b02b1038d3adde730576,PASS,64.0,1.0,2.457572040608234,-0.005580902088562212,7.542427959391768,0.0
sha256:ebbe8eeed2c67c7f9ecdb3544158411484af65485e571f7451464e71269b492a,sha256:38e41d55d86a85725b056bc9fb165b9bd1f775adc03990f75d0d5d3afacb06d1,PASS,64.0,1.0,2.465691309822523,0.0069691529030118105,7.534308690177479,0.0
sha256:ebbe8eeed2c67c7f9ecdb3544158411484af65485e571f7451464e71269b492a,sha256:3935bbfd28f8a7bc608d605a4a58b74ce4a5f9bbb49da2974c4ee4b9843263f4,PASS,64.0,1.0,2.403609680576211,-6.217248937900877e-15,7.596390319423791,0.0
sha256:ebbe8eeed2c67c7f9ecdb3544158411484af65485e571f7451464e71269b492a,sha256:39b65fc9abe9f72626476cc624475eb97f26aa5feada05ceef66665676be9123,PASS,64.0,1.0,2.401297349556476,-7.993605777301127e-15,7.598702650443526,0.0
sha256:ebbe8eeed2c67c7f9ecdb3544158411484af65485e571f7451464e71269b492a,sha256:3f7d75707676a6ead7afb4a753fd7722d0c32c52b33f302e81421cbbffb751ad,PASS,64.0,1.0,2.3585730728206755,-2.930988785010413e-14,7.641426927179326,0.0
sha256:ebbe8eeed2c67c7f9ecdb3544158411484af65485e571f7451464e71269b492a,sha256:457c6e1564355af18706f53e3468f068de8993dcfeafd470e202a01a290b6ba1,PASS,64.0,1.0,2.59422093620784,0.023360332729776445,7.405779063792162,0.0
sha256:ebbe8eeed2c67c7f9ecdb3544158411484af65485e571f7451464e71269b492a,sha256:5d1f6f936e35735fadfb601e144a924da95a4e8d44a7e821817dc0d9003feba2,PASS,64.0,1.0,2.428003231063755,3.019806626980426e-14,7.571996768936247,0.0
sha256:ebbe8eeed2c67c7f9ecdb3544158411484af65485e571f7451464e71269b492a,sha256:62a61e9c086c62a426359c7f9b544c369c705cf69a9d5d42eacd188180ed27cb,PASS,64.0,1.0,2.602744458524886,-0.005020345193784692,7.397255541475116,0.0
sha256:ebbe8eeed2c67c7f9ecdb3544158411484af65485e571f7451464e71269b492a,sha256:66aac185e3189e6f2e62cf7b974b9adcfef19b42f04ffd60f9cc4294cf8a2fce,PASS,64.0,1.0,2.369025206921749,-2.220446049250313e-14,7.630974793078253,0.0
sha256:ebbe8eeed2c67c7f9ecdb3544158411484af65485e571f7451464e71269b492a,sha256:6f36b199eadb0592b7e37c93a1dc2f57e94992ec24e2f3d5e04321bd4e748d1f,PASS,64.0,1.0,2.64211182832811,-0.019930175056688704,7.357888171671892,0.0
sha256:ebbe8eeed2c67c7f9ecdb3544158411484af65485e571f7451464e71269b492a,sha256:6f58cc1163a12ceee487a17e8b513dc669d250fab31c6c6d8fbef00978bfe2ae,PASS,64.0,1.0,2.61567375923366,0.024546943384865294,7.384326240766342,0.0
sha256:ebbe8eeed2c67c7f9ecdb3544158411484af65485e571f7451464e71269b492a,sha256:6fc17cc58a16289924429986b60c287a0d0a5397b3d8f413e404ce89ce39ae49,PASS,64.0,1.0,2.3575871677076474,-9.769962616701378e-15,7.642412832292354,0.0
sha256:ebbe8eeed2c67c7f9ecdb3544158411484af65485e571f7451464e71269b492a,sha256:720579227d97c8dbbb94343a59b769e01b7e3019d33c0f15914c4cb57c433e93,PASS,64.0,1.0,2.596148005761658,-0.0063875246905356065,7.403851994238344,0.0
sha256:ebbe8eeed2c67c7f9ecdb3544158411484af65485e571f7451464e71269b492a,sha256:721ccb1795961693ffbef5a38cb356dddcd79ee324278de1e0d2108088d6ee0e,PASS,64.0,1.0,2.46571869528029,-0.003585335765911246,7.534281304719712,0.0
sha256:ebbe8eeed2c67c7f9ecdb3544158411484af65485e571f7451464e71269b492a,sha256:73fcadc47c49839148278afabc49ba4d139b170573a672624dde866b4762ee77,PASS,64.0,1.0,2.440207595995858,-1.687538997430238e-14,7.559792404004144,0.0
sha256:ebbe8eeed2c67c7f9ecdb3544158411484af65485e571f7451464e71269b492a,sha256:76166c4b6677347f53912b7f2cfb47b7c216f0970318cefd6eeeb1204fec24c8,PASS,64.0,1.0,2.5980861147052137,-0.006748714475586226,7.401913885294788,0.0
sha256:ebbe8eeed2c67c7f9ecdb3544158411484af65485e571f7451464e71269b492a,sha256:793106e22a0386c1eebb6d66caebd67066d23c8373068f49ddf126dc513cb90e,PASS,64.0,1.0,2.607050901572002,-0.006880835047082812,7.392949098428,0.0
sha256:ebbe8eeed2c67c7f9ecdb3544158411484af65485e571f7451464e71269b492a,sha256:857d6495cf928a5e516b624529d789b2baa25e169128edbbcf2602bff085b8b8,PASS,64.0,1.0,2.593561808381306,-0.0048538236569886095,7.406438191618696,0.0
sha256:ebbe8eeed2c67c7f9ecdb3544158411484af65485e571f7451464e71269b492a,sha256:8d0016696ec09529dabd00d2a7330ba1754c9b08166244a94f7f47f3adda2fc7,PASS,64.0,1.0,2.4664729404142225,-0.005180526151195686,7.533527059585779,0.0
sha256:ebbe8eeed2c67c7f9ecdb3544158411484af65485e571f7451464e71269b492a,sha256:a746450891bfc32416d17fbd70907a3c52d53e60007957c522d6bce86afb250a,PASS,64.0,1.0,2.512500987668158,-0.0041288837659188005,7.487499012331844,0.0
sha256:ebbe8eeed2c67c7f9ecdb3544158411484af65485e571f7451464e71269b492a,sha256:a7e31efd65505388bae67db18872d7e634ae2e28ec43fbdbf0808ef60093b652,PASS,64.0,1.0,2.5897460180093326,-0.006216859743299885,7.410253981990669,0.0
sha256:ebbe8eeed2c67c7f9ecdb3544158411484af65485e571f7451464e71269b492a,sha256:a957ff17abf1cd11b878216acae0a1a1648d00952d5b5bc3fb1527895972d2b9,PASS,64.0,1.0,2.6011077541615277,-0.005179938630294423,7.398892245838474,0.0
sha256:ebbe8eeed2c67c7f9ecdb3544158411484af65485e571f7451464e71269b492a,sha256:a9e943ed81d77af4eaa882b709a74c5b2217d3835e928c8f174ff93e5c320347,PASS,64.0,1.0,2.4361472493337377,3.552713678800501e-14,7.563852750666264,0.0
sha256:ebbe8eeed2c67c7f9ecdb3544158411484af65485e571f7451464e71269b492a,sha256:acb8ad935be828d88f83a7925731823bf4b1e22742f8ad66c06a370b92f3e974,PASS,64.0,1.0,2.6128112329548516,0.024863468766668895,7.38718876704515,0.0
sha256:ebbe8eeed2c67c7f9ecdb3544158411484af65485e571f7451464e71269b492a,sha256:ad9fc46cbeca092f2bf607156169da4c0702c7754a62406140bf5a3063abbfa4,PASS,64.0,1.0,2.423753858963508,-0.0029507468495362232,7.576246141036494,0.0
sha256:ebbe8eeed2c67c7f9ecdb3544158411484af65485e571f7451464e71269b492a,sha256:be13f00c64bf169a09ee1eb7b942a8222fbb5fe16fa52785c764f0aab365f027,PASS,64.0,1.0,2.595147520795816,0.022276334869677505,7.404852479204186,0.0
sha256:ebbe8eeed2c67c7f9ecdb3544158411484af65485e571f7451464e71269b492a,sha256:c7394babfaec05dee490f77121e873952cf458dae332026ebe1bec40e65fcc43,PASS,64.0,1.0,2.4674885411915843,0.0043483472266787615,7.532511458808417,0.0
sha256:ebbe8eeed2c67c7f9ecdb3544158411484af65485e571f7451464e71269b492a,sha256:c8ef7b32d89763ca7e465d3d471601327e24b4417f95f4a491d43a509dffb326,PASS,64.0,1.0,2.343643966400794,1.5987211554602254e-14,7.656356033599208,0.0
sha256:ebbe8eeed2c67c7f9ecdb3544158411484af65485e571f7451464e71269b492a,sha256:cf7896b09e02fc14330c9a36486045afac6faa46bae7885a6894e93ec797ce6b,PASS,64.0,1.0,2.590324428088949,0.025828020961331966,7.409675571911053,0.0
sha256:ebbe8eeed2c67c7f9ecdb3544158411484af65485e571f7451464e71269b492a,sha256:d0eaf486b5213a4aaa94f127c3a0d52c09170ccccdf3f07e30cd563c6b5f6613,PASS,64.0,1.0,2.6133128601262197,-0.004141335177779482,7.386687139873782,0.0
sha256:ebbe8eeed2c67c7f9ecdb3544158411484af65485e571f7451464e71269b492a,sha256:d1213de6e5a846d30d864a36cd0b04edf52089f29f7d3f069b7da44d0dcba0bf,PASS,64.0,1.0,2.5775516025415595,-0.00469814899788723,7.422448397458442,0.0
sha256:ebbe8eeed2c67c7f9ecdb3544158411484af65485e571f7451464e71269b492a,sha256:d71356d91bd62af6ce6e1e8ef8e2748f570fe7e232c859a2df69baadedcdd2a3,PASS,64.0,1.0,2.4402007366412573,9.769962616701378e-15,7.5597992633587445,0.0
sha256:ebbe8eeed2c67c7f9ecdb3544158411484af65485e571f7451464e71269b492a,sha256:dd3de078d65b17d1f6d408dab466a1c4357b0f27b994c2ebef889b12536a150c,PASS,64.0,1.0,2.3342921238195053,-5.329070518200751e-15,7.665707876180496,0.0
sha256:ebbe8eeed2c67c7f9ecdb3544158411484af65485e571f7451464e71269b492a,sha256:e029faf31bd9ca49246aecc1c673d59511c8d94f7f5b8aa60df8b32484238914,PASS,64.0,1.0,2.4314340830569847,-3.552713678800501e-15,7.568565916943017,0.0
sha256:ebbe8eeed2c67c7f9ecdb3544158411484af65485e571f7451464e71269b492a,sha256:e39f8de11b031643ef4da6d9d87a62fc344349db2671ac7e4542ecdd6ae1f347,PASS,64.0,1.0,2.609236805208658,-0.00467575373044582,7.390763194791344,0.0
sha256:ebbe8eeed2c67c7f9ecdb3544158411484af65485e571f7451464e71269b492a,sha256:eb6a7e0a9e85df02f69e4ada448e265beecec0318e0436518d78f86b6df11da8,PASS,64.0,1.0,2.5803868287768026,0.02027826295955215,7.419613171223199,0.0
sha256:ebbe8eeed2c67c7f9ecdb3544158411484af65485e571f7451464e71269b492a,sha256:ee6f10852b569bd467f93d101e8711a1e9485c5541d79c13e65201f2cec49488,PASS,64.0,1.0,2.436855243083107,6.217248937900877e-15,7.563144756916895,0.0
sha256:ebbe8eeed2c67c7f9ecdb3544158411484af65485e571f7451464e71269b492a,sha256:fbedf6bbf60dd105d1b003521538e0bf32aac1b1b04a913f18ebe0ba2c902d84,PASS,64.0,1.0,2.41234359147282,2.220446049250313e-14,7.587656408527182,0.0
sha256:ebbe8eeed2c67c7f9ecdb3544158411484af65485e571f7451464e71269b492a,sha256:fc1574b2a5f2479092227baab753b069527c13f7d2172f613709e39b1f141992,PASS,64.0,1.0,2.5890574855734165,0.021378991712980522,7.410942514426585,0.0
sha256:ebbe8eeed2c67c7f9ecdb3544158411484af65485e571f7451464e71269b492a,sha256:fc5b799a1f5b3856f5cfc839247080e778b41192c039a5aa7974464a2b43aa0b,PASS,64.0,1.0,2.5734489583228477,0.018391998037216695,7.426551041677154,0.0
sha256:ec102d3fc8dae3f12f4136cea3e99d18b0d847205350682987e0c5ea002d385d,sha256:04ae3b07980124a0a570bc93518c052f5b3102484479d4bdd5a62fd789361c80,PASS,64.0,1.0,0.0,0.0,11.999999999999998,0.0
sha256:ec102d3fc8dae3f12f4136cea3e99d18b0d847205350682987e0c5ea002d385d,sha256:3319bd3094c298e95947fcb3899d1056c13d457b5afd3417769d87608a807363,PASS,64.0,1.0,2.8773933807913252,1.2434497875801753e-14,9.122606619208673,2.0
sha256:ec102d3fc8dae3f12f4136cea3e99d18b0d847205350682987e0c5ea002d385d,sha256:75b0b9d20ebc90c5f6b0ecc3c7af499cfdaceecad8d0d73915588adf52840da7,PASS,64.0,1.0,2.873293266163273,-3.730349362740526e-14,9.126706733836725,2.0
sha256:ec102d3fc8dae3f12f4136cea3e99d18b0d847205350682987e0c5ea002d385d,sha256:77eadd16a977cd6ce31946058a664f03a5b42230296dbab42328b58db94f6415,PASS,64.0,1.0,2.841602468976758,-1.5987211554602254e-14,9.15839753102324,2.0
sha256:ec102d3fc8dae3f12f4136cea3e99d18b0d847205350682987e0c5ea002d385d,sha256:9981e5047ee6274c57541df95f374eb07eb7fb0e08b30d720aee9b0b56cda217,PASS,64.0,1.0,0.0,0.0,11.999999999999998,0.0
sha256:ec102d3fc8dae3f12f4136cea3e99d18b0d847205350682987e0c5ea002d385d,sha256:c047308489ab33f4e15c288198f896e2e0ed83dfa3426879e83fd96c2ad7b286,PASS,64.0,1.0,2.8674217472492796,3.197442310920451e-14,9.132578252750719,2.0
sha256:ec102d3fc8dae3f12f4136cea3e99d18b0d847205350682987e0c5ea002d385d,sha256:ef037221ecedfb3008c4f9a15d71f6c0e2a3ea502b91c430530edb4ab51d0fd3,PASS,64.0,1.0,2.85771532162906,5.329070518200751e-15,9.142284678370938,2.0
sha256:eca53de8bef95a075b99b1ec91d585d0bb644d1bd60fcda1ab7be7de3e98c7ab,sha256:2253c52540b3e0f1e7ebf35450736bfc45bfe0bf426bb37b7e7364efb8a798e7,PASS,64.0,1.0,-4.2625111666623905,-7.283063041541027e-14,4.2625111666623905,0.0
sha256:eca53de8bef95a075b99b1ec91d585d0bb644d1bd60fcda1ab7be7de3e98c7ab,sha256:2911068e0291171e0467fe00337a535044383d1c8c92755392f5f3a848754eeb,PASS,64.0,1.0,-4.287698145114466,-8.881784197001252e-15,4.287698145114466,0.0
sha256:eca53de8bef95a075b99b1ec91d585d0bb644d1bd60fcda1ab7be7de3e98c7ab,sha256:54a836a37c4e87ef821e6165104b958efaf15eedbaec045cdc1447866f9cb424,PASS,64.0,1.0,-4.3035136945823895,-2.930988785010413e-14,4.3035136945823895,0.0
sha256:eca53de8bef95a075b99b1ec91d585d0bb644d1bd60fcda1ab7be7de3e98c7ab,sha256:652e5f1ee10f0d3c519d8dea21974778944bc6ae9104b5f7df491bdb2befac69,PASS,64.0,1.0,-4.198176099993672,2.4868995751603507e-14,4.198176099993672,0.0
sha256:eca53de8bef95a075b99b1ec91d585d0bb644d1bd60fcda1ab7be7de3e98c7ab,sha256:8bc23293cc7b3511831f72fc0b6425bdc45ab033bca351c72eda86dcc8088932,PASS,64.0,1.0,0.0,0.0,0.0,0.0
sha256:eca53de8bef95a075b99b1ec91d585d0bb644d1bd60fcda1ab7be7de3e98c7ab,sha256:e01e98136d3787b6c5b4670447b1b7d9ed7ba75ec285b24f8dbc2eeec7775940,PASS,64.0,1.0,0.0,0.0,0.0,0.0
sha256:f002e1ea1efd57bc6aacf2fd697e8792978edcc68e8782b31b5f756d30e6b480,sha256:045b2c40927e7d8af545a6fda36e102d6d014d8284414af5f54c921cb37e65a9,PASS,64.0,1.0,7.98853282226149,0.12166090017022668,20.126985412259884,0.0
sha256:f002e1ea1efd57bc6aacf2fd697e8792978edcc68e8782b31b5f756d30e6b480,sha256:117d420dc23ac67f87e345b8291ac031e723b1ff5a32e221aad92ab695289c4c,PASS,64.0,1.0,6.1598500752103575,-0.23407792618764844,15.578668977775948,1.0
sha256:f002e1ea1efd57bc6aacf2fd697e8792978edcc68e8782b31b5f756d30e6b480,sha256:129edbc9340b31c358e2232fe2b3920be95bbb3151c6cc46931b578c619c627e,PASS,64.0,1.0,7.591516436345621,-0.14065366385860756,22.240792831272458,11.0
sha256:f002e1ea1efd57bc6aacf2fd697e8792978edcc68e8782b31b5f756d30e6b480,sha256:14d714c47fc31e9a706fdf4b40b7dc3036c40afdca3113de24c40f5fb46f7870,PASS,64.0,1.0,8.399006790929926,-0.11997934609965988,14.65401698212114,0.0
sha256:f002e1ea1efd57bc6aacf2fd697e8792978edcc68e8782b31b5f756d30e6b480,sha256:31354884c9b7cd5d459c35ca45b5412f5de7237694b60170637ca0fd7fdefac8,PASS,64.0,1.0,11.108326336105257,-0.3714794926347338,21.08645044894846,0.0
sha256:f002e1ea1efd57bc6aacf2fd697e8792978edcc68e8782b31b5f756d30e6b480,sha256:7df6070f766146c396fb89ec07e7c4ea5d2f635ba5e092d8929594f48b9b4b36,PASS,64.0,1.0,14.157562051977294,-0.1277778880486835,41.842437948022706,0.0
sha256:f002e1ea1efd57bc6aacf2fd697e8792978edcc68e8782b31b5f756d30e6b480,sha256:96df6d78ccc7698f45c63d082c8ea98fecb2069cf800871756f5e769416b4544,PASS,64.0,1.0,8.325872026914263,-0.19478539791581007,15.681569791754127,0.0
sha256:f002e1ea1efd57bc6aacf2fd697e8792978edcc68e8782b31b5f756d30e6b480,sha256:a5e0db5ee2241a486e1600d1a2d7bb794c8ae83cf677b1e1a40bfb05cef7ea3b,PASS,64.0,1.0,13.498882231576587,6.394884621840902e-14,42.50111776842341,0.0
sha256:f002e1ea1efd57bc6aacf2fd697e8792978edcc68e8782b31b5f756d30e6b480,sha256:a8fc584a5c59af50054907a07032a8534b40cb6b5119adf40c620c3679f04c38,PASS,64.0,1.0,14.018292910581017,-0.1295355261990565,41.98170708941898,0.0
sha256:f002e1ea1efd57bc6aacf2fd697e8792978edcc68e8782b31b5f756d30e6b480,sha256:b9d7bf88a5c2c4fa74db62f2ffdc04af0ff52d365b64573de831baf25445263f,PASS,64.0,1.0,8.174138606702012,-0.4144574497819562,20.422157901258682,0.0
sha256:f1355c1d155b917be4c9a2f84da92e66e195ec31454243c60217db7926b00927,sha256:617bf0da8818cc57ca1689af36c0120b908c8f640c187ac42aca372239371430,PASS,64.0,1.0,21.481934935412838,-1.2789769243681803e-13,78.51806506458716,0.0
sha256:f1355c1d155b917be4c9a2f84da92e66e195ec31454243c60217db7926b00927,sha256:6f8d878861483e371ee77c0cbf24dee0046a8bb2aaa4b8635e072a283d85dfcd,PASS,64.0,1.0,3.5805793169313347,2.842170943040401e-14,76.82649672607604,4.0
sha256:f1355c1d155b917be4c9a2f84da92e66e195ec31454243c60217db7926b00927,sha256:74cd4d2ea2a1717d804ff1662bf5ceb8bc0f0ee25e416b269a44b4adfc1a3271,PASS,64.0,1.0,7.1514842522948925,0.0,77.7029074024278,4.0
sha256:f1355c1d155b917be4c9a2f84da92e66e195ec31454243c60217db7926b00927,sha256:e1e7f83bfbdfd83e35f9676662bd1338a3a5603bb4e8d06c80eff6ebb929f52e,PASS,64.0,1.0,10.884202165559657,-8.526512829121202e-14,77.17838822537485,11.0
sha256:f1355c1d155b917be4c9a2f84da92e66e195ec31454243c60217db7926b00927,sha256:e64b5fe3fca9fbf0c6baf486291d6d2f63475aa92b1ce42edb9590133466bf55,PASS,64.0,1.0,12.662598381411527,1.5631940186722204e-13,77.37028353461173,11.0
sha256:f1355c1d155b917be4c9a2f84da92e66e195ec31454243c60217db7926b00927,sha256:ecf3e6e2b3d7813fd513dad538e016c8c9e1983a4b220571982ce504d8381408,PASS,64.0,1.0,4.138210752322678,-1.4210854715202004e-14,76.97893790891543,4.0
sha256:f1355c1d155b917be4c9a2f84da92e66e195ec31454243c60217db7926b00927,sha256:f68b023c6f2ff5e48446716b7b2a6d37015160ad08f0d771035201e7aeafcad6,PASS,64.0,1.0,8.034001458185926,1.4210854715202004e-14,76.71536838191022,11.0
sha256:f1a2b1b8f516c06be50e9c6d4fdccc61707d3927ff3273b1bc7135d02fa615d0,sha256:0e3c2de9351d1c089bdd54bf1b82e774b3e4021e067040c7e6252dccde12a6d6,PASS,64.0,1.0,-0.21191165378553478,0.042570289502421144,3.0717072241590695,6.0
sha256:f1a2b1b8f516c06be50e9c6d4fdccc61707d3927ff3273b1bc7135d02fa615d0,sha256:10512ce1b9ef6663e2fed5af522733c248cdad278af2466a692be49a5603cf36,PASS,64.0,1.0,-0.30915452829235646,0.0350956567473002,2.9503469645106186,6.0
sha256:f1a2b1b8f516c06be50e9c6d4fdccc61707d3927ff3273b1bc7135d02fa615d0,sha256:155cf3880fdc45bb779b9fa3ed1f09ad5bcf427ec4a802bbbacb8e0746a51021,PASS,64.0,1.0,-0.3570260132189538,0.03460191009881175,3.07326117404659,38.0
sha256:f1a2b1b8f516c06be50e9c6d4fdccc61707d3927ff3273b1bc7135d02fa615d0,sha256:2ef52984cf2255fa06dd667003b67617e68f7bf61eb6634de2a313c34adbf90f,PASS,64.0,1.0,-0.2241225415388075,0.03128912804512973,3.0908157998243295,6.0
sha256:f1a2b1b8f516c06be50e9c6d4fdccc61707d3927ff3273b1bc7135d02fa615d0,sha256:32cd6d3beeb35e3e7b7db1a13bd331a1dbc0c10a285bedb3d6c7d82000b3d282,PASS,64.0,1.0,0.11760744681443436,5.773159728050814e-14,2.3441304243556096,6.0
sha256:f1a2b1b8f516c06be50e9c6d4fdccc61707d3927ff3273b1bc7135d02fa615d0,sha256:77332b3b755387869a413c67cd8d19c4f2c44b3c18201e5837a9ffe7e204ed78,PASS,64.0,1.0,-0.2248408572463454,0.03066814221217351,3.097603775718635,6.0
sha256:f1a2b1b8f516c06be50e9c6d4fdccc61707d3927ff3273b1bc7135d02fa615d0,sha256:78e5b2c93d50c5e69e5a0f5d266e06517c2be4f3dc69d50f67a091a0e7c869cc,PASS,64.0,1.0,-0.3677491822709853,0.031573010138515656,3.072898356007558,38.0
sha256:f1a2b1b8f516c06be50e9c6d4fdccc61707d3927ff3273b1bc7135d02fa615d0,sha256:7acbb9814aa297bfcea188a21c3d16c568dbacf2d621a55f06e8a903fde96492,PASS,64.0,1.0,-0.4042403144986393,0.031218022761632103,3.049607936874128,38.0
sha256:f1a2b1b8f516c06be50e9c6d4fdccc61707d3927ff3273b1bc7135d02fa615d0,sha256:a3f8de2da0ce758e7b1c22e5ab8bc758e0b7868a19ae0eef2eb081d9efdf3921,PASS,64.0,1.0,-1.985957562921115,-0.03596908323880643,1.985957562921115,1.0
sha256:f1a2b1b8f516c06be50e9c6d4fdccc61707d3927ff3273b1bc7135d02fa615d0,sha256:a6fd58a935d6cdbe8387152b7a282da337249c3a1b8894a08c4d9eb33b727288,PASS,64.0,1.0,-0.37855806238711587,0.02966175630159462,3.0694304931885075,38.0
sha256:f1a2b1b8f516c06be50e9c6d4fdccc61707d3927ff3273b1bc7135d02fa615d0,sha256:a743bf39104ec8681717e89492d2facb26bd79dc83aef93db01c4ba847cea1ac,PASS,64.0,1.0,-0.2811064409412358,0.032845922258441185,3.0229522871173833,6.0
sha256:f1a2b1b8f516c06be50e9c6d4fdccc61707d3927ff3273b1bc7135d02fa615d0,sha256:aa6d4e98d52d33ebfd73cb200855bc735fc5d0a69d78dac39007009689d24e45,PASS,64.0,1.0,-0.39085412528498154,0.029733881774341775,3.0628294995067833,38.0
sha256:f1a2b1b8f516c06be50e9c6d4fdccc61707d3927ff3273b1bc7135d02fa615d0,sha256:aa9b710e077be6053f35ad39f7b4e498aedb98541bf68e6624a318fcc92461c5,PASS,64.0,1.0,-0.473398180620042,0.04417070579687099,2.696230860368577,38.0
sha256:f1a2b1b8f516c06be50e9c6d4fdccc61707d3927ff3273b1bc7135d02fa615d0,sha256:ac054b21e8d00375c6e962f87d8aa122f09b1eeae96cf95fa04e80f45e895186,PASS,64.0,1.0,0.10678205483292191,2.6645352591003757e-15,1.831080222198023,6.0
sha256:f1a2b1b8f516c06be50e9c6d4fdccc61707d3927ff3273b1bc7135d02fa615d0,sha256:b3dcdc211f0bd0e0512bca6504e2da603b9de57c9b8c5ddaf1d2c60f94b69e3f,PASS,64.0,1.0,-0.5433039301191211,0.021239752636362574,2.028967820957744,6.0
sha256:f5c0b79dbb03b4f80460aedd04e4964147706ae7bb7fded4cd2f8e1dcddcc7b1,sha256:086b63b43e3d06a3a548ba04fd68806612ae58a5e56a1a8e6514033500c74c3e,PASS,64.0,1.0,6.334522651746347,-0.5898858281655102,17.665477348253653,1.0
sha256:f5c0b79dbb03b4f80460aedd04e4964147706ae7bb7fded4cd2f8e1dcddcc7b1,sha256:15c7170751083a7be6f5dbd68a00cf43238079781d624c20564c08a749dbccad,PASS,64.0,1.0,5.861702858020394,-0.6154878127498229,18.138297141979606,1.0
sha256:f5c0b79dbb03b4f80460aedd04e4964147706ae7bb7fded4cd2f8e1dcddcc7b1,sha256:3f51a28b2cb68a0fc14827546c4ab5472d67207c0314e5f2dd7148cf4ee2fc56,PASS,64.0,1.0,5.667706601775116,-0.5450335999896012,18.332293398224884,1.0
sha256:f5c0b79dbb03b4f80460aedd04e4964147706ae7bb7fded4cd2f8e1dcddcc7b1,sha256:412c0e7de6013e7308daa0057ddefce9974b4a929673385e26343b0de97f2f79,PASS,64.0,1.0,6.2612961934071905,-0.6044947153497375,17.73870380659281,1.0
sha256:f5c0b79dbb03b4f80460aedd04e4964147706ae7bb7fded4cd2f8e1dcddcc7b1,sha256:686e10dfafe4460e7602a27649a573e6b353183faceae707928e9399905e19a7,PASS,64.0,1.0,6.745603150058319,-0.29788533692133967,17.25439684994168,1.0
sha256:f5c0b79dbb03b4f80460aedd04e4964147706ae7bb7fded4cd2f8e1dcddcc7b1,sha256:b36afc0f1e98227dcd6ea90b3dbc20331c93478ac244029ac7bb74802107cc9a,PASS,64.0,1.0,6.388066165700977,-0.5874206510861164,17.611933834299023,1.0
sha256:f5c0b79dbb03b4f80460aedd04e4964147706ae7bb7fded4cd2f8e1dcddcc7b1,sha256:b7752150fe39e731d40fa795a71bb5051d246d1c5e9552b9c784e628e397a4e4,PASS,64.0,1.0,6.7731984938502485,-0.552620241026748,17.22680150614975,1.0
sha256:f5c0b79dbb03b4f80460aedd04e4964147706ae7bb7fded4cd2f8e1dcddcc7b1,sha256:ea2c73e3437d1e3d09f94852ef4ee2e9832ee558686d8ffff435c8aae8b816a3,PASS,64.0,1.0,6.7819712107429595,-0.5501312374397962,17.21802878925704,1.0
sha256:f5c0b79dbb03b4f80460aedd04e4964147706ae7bb7fded4cd2f8e1dcddcc7b1,sha256:f6d80ec8529fa7d915de24818436fca10b4aa0357be9e5e042121aeba4080574,PASS,64.0,1.0,5.6157557128799205,-0.5535791206591476,18.38424428712008,1.0
sha256:f5c0b79dbb03b4f80460aedd04e4964147706ae7bb7fded4cd2f8e1dcddcc7b1,sha256:f7786010b94eb8e6c5a8720582935406da59af505d052cd02092228f6d2baab6,PASS,64.0,1.0,6.101181065135201,-0.5201784127233289,17.8988189348648,1.0
sha256:f8585a199d876b2529da3743f679c3f93d57a1667dc6dd7851915b127794bd83,sha256:2700ded24ad7c998676b9d07421e87bfdeeeb965855813f1f8950f13b881ffb7,PASS,64.0,1.0,11.020552623770953,0.4500639399805735,56.51667646787885,3.0
sha256:f8585a199d876b2529da3743f679c3f93d57a1667dc6dd7851915b127794bd83,sha256:28ab2d1069e4f9bba2f83ec8490cddf76ba96b757d40fe643b8aca5407205fd4,PASS,64.0,1.0,16.746695945495148,-5.684341886080802e-14,103.25330405450487,1.0
sha256:f8585a199d876b2529da3743f679c3f93d57a1667dc6dd7851915b127794bd83,sha256:2b5e5599cb8a7342a303d86f01bae51cb310a7552f685deff426a29ffe1c437b,PASS,64.0,1.0,17.107149229927003,-5.684341886080802e-14,102.89285077007301,2.0
sha256:f8585a199d876b2529da3743f679c3f93d57a1667dc6dd7851915b127794bd83,sha256:65aa46c57819217fc59e53fc5722a3fb5ee12697ccfaf5fc0bb7580ffa07c310,PASS,64.0,1.0,17.171999269701104,-8.526512829121202e-14,102.82800073029891,2.0
sha256:f8585a199d876b2529da3743f679c3f93d57a1667dc6dd7851915b127794bd83,sha256:67d5affa71def4ceb7b9eae1acab1ce2bb844f7392c1898809350d64547ff4b1,PASS,64.0,1.0,16.891067719793952,-1.4210854715202004e-14,103.10893228020606,2.0
sha256:f8585a199d876b2529da3743f679c3f93d57a1667dc6dd7851915b127794bd83,sha256:995b10a5ce1f1deb9ccf5e0fbbe6a04bcc2933ec9d49ad8fbf241090face35a2,PASS,64.0,1.0,17.020636895740594,-2.5579538487363607e-13,102.97936310425942,2.0
sha256:f8585a199d876b2529da3743f679c3f93d57a1667dc6dd7851915b127794bd83,sha256:e53e1126b2895596ac1632050d5753cd0d8cadd3c760a2b24dd78adc4db9e541,PASS,64.0,1.0,16.51956579197754,1.8474111129762605e-13,103.48043420802247,1.0
sha256:fa358aaec54a8e20890dec4a8f9bd076455d0efbbdf2a884c9632d515afb96e6,sha256:1c85ebfb05a22f554920ae3e59eccfc3d8f67d07fd167d456670cdf376645058,PASS,64.0,1.0,13.707207043301203,-0.00436149103718364,12.292792956698793,0.0
sha256:fa358aaec54a8e20890dec4a8f9bd076455d0efbbdf2a884c9632d515afb96e6,sha256:1f68d74ef7241afa207df7f15bedeea139dff523cf758827c1895dbaf2e0d924,PASS,64.0,1.0,13.881069227007906,-0.004459366606308635,12.11893077299209,0.0
sha256:fa358aaec54a8e20890dec4a8f9bd076455d0efbbdf2a884c9632d515afb96e6,sha256:280a7112b39e3e732362e249a1e1ff9638deb98de50ff9eb7726c739b745fe6c,PASS,64.0,1.0,13.551857893431121,-0.005995295971844783,12.448142106568875,0.0
sha256:fa358aaec54a8e20890dec4a8f9bd076455d0efbbdf2a884c9632d515afb96e6,sha256:6834e91ee846144653553377a319542af0c69ca93bf52cd171676966c47bc7e0,PASS,64.0,1.0,10.066875101103573,-0.34265218241952766,8.088894343848064,18.0
sha256:fa358aaec54a8e20890dec4a8f9bd076455d0efbbdf2a884c9632d515afb96e6,sha256:6fe6e402e93fcdb6c72323cdb446256da47ef17fe4b99bfe8026e42b4f2960d9,PASS,64.0,1.0,13.572341572551554,-0.005468191749862683,12.427658427448442,0.0
sha256:fa358aaec54a8e20890dec4a8f9bd076455d0efbbdf2a884c9632d515afb96e6,sha256:714cbe31c21681e1809c56e17a9182db5aa3e75fe15bc1ba9f33d357552432d6,PASS,64.0,1.0,5.917583450815471,-0.7613439627715195,14.108750588174253,1.0
sha256:fa358aaec54a8e20890dec4a8f9bd076455d0efbbdf2a884c9632d515afb96e6,sha256:ce7d00c875fc2a41692929c6b11c3182e83adc87f3219359d99c9c45f13edc9c,PASS,64.0,1.0,13.657928043223471,-0.04245320901920202,12.342071956776525,0.0
sha256:fe6b227984dd8a16db0b4c9a65e9dc1fc5f70084d2ccb0e5e896df39f32d6a9c,sha256:11a3bf3c6cc518a7ce41a5e9b7512996edcead069de60abea4626e1a3b08c2e1,PASS,64.0,1.0,0.4868290514189302,-5.5067062021407764e-14,2.4473069299065555,59.0
sha256:fe6b227984dd8a16db0b4c9a65e9dc1fc5f70084d2ccb0e5e896df39f32d6a9c,sha256:22c16dea17896ef43ed35321b4b28ea9e9a116b5e422b40f750569b8e06752d2,PASS,64.0,1.0,0.2829569546655315,-0.13819258848461224,3.42419785576543,59.0
sha256:fe6b227984dd8a16db0b4c9a65e9dc1fc5f70084d2ccb0e5e896df39f32d6a9c,sha256:2d0958b4f7f13e3be1ba99b036490a901fed11847842007c62588f2b28a57dd9,PASS,64.0,1.0,1.8362252174412415,-0.27897121565353267,1.6910228568591255,62.0
sha256:fe6b227984dd8a16db0b4c9a65e9dc1fc5f70084d2ccb0e5e896df39f32d6a9c,sha256:343871b7b4a333fe95c99bc6820986831c6fbeca7d5cc16cd22e10256cedb665,PASS,64.0,1.0,0.516138278330275,-0.2441384003137177,4.2494840874771755,59.0
sha256:fe6b227984dd8a16db0b4c9a65e9dc1fc5f70084d2ccb0e5e896df39f32d6a9c,sha256:3df36c662e3145445423e414adc761236945daca264e2723213c5fd27438016a,PASS,64.0,1.0,4.643674942106051,-0.17719186868738568,6.756957600357046,2.0
sha256:fe6b227984dd8a16db0b4c9a65e9dc1fc5f70084d2ccb0e5e896df39f32d6a9c,sha256:3fd2fdb3afe0482936fb1b545766055165f6cb0ccc4f1d68d3796580204c4888,PASS,64.0,1.0,-0.035511483632889806,-0.045155263454271566,2.6349304389447368,53.0
sha256:fe6b227984dd8a16db0b4c9a65e9dc1fc5f70084d2ccb0e5e896df39f32d6a9c,sha256:5137ff411b0ffdf09051dbe16dcffe92e0b57f1336527d934bdd00e3a3a821f9,PASS,64.0,1.0,0.14814233262947907,-0.1750513918563823,3.5275215933264974,59.0
sha256:fe6b227984dd8a16db0b4c9a65e9dc1fc5f70084d2ccb0e5e896df39f32d6a9c,sha256:6905211395c59db8e35723ad904dd2243bc34eecfaa5c0f1b02fab71c3f8711a,PASS,64.0,1.0,5.265496165888502,-0.23310484215694327,2.013265959529459,4.0
sha256:fe6b227984dd8a16db0b4c9a65e9dc1fc5f70084d2ccb0e5e896df39f32d6a9c,sha256:6bbb3630747cbd7bb08509d7d4f0c5b30ea12f5d41ee6e5960ff686862384969,PASS,64.0,1.0,0.3812742669730982,-0.11727526102290886,3.4681937007716392,34.0
sha256:fe6b227984dd8a16db0b4c9a65e9dc1fc5f70084d2ccb0e5e896df39f32d6a9c,sha256:741efcbdd2b972f9f710f9717913f35418cb4cb141d8836b1f537f40da1cc09a,PASS,64.0,1.0,-0.4180417411429498,-0.17523162913044965,3.4987792088815874,5.0
sha256:fe6b227984dd8a16db0b4c9a65e9dc1fc5f70084d2ccb0e5e896df39f32d6a9c,sha256:8371fb1975f139b576a2e5e2ce022caa9857e8c36e444149cbf8b2bd06cf0507,PASS,64.0,1.0,0.26827569681329155,-0.12345600590539485,3.521307413144488,53.0
sha256:fe6b227984dd8a16db0b4c9a65e9dc1fc5f70084d2ccb0e5e896df39f32d6a9c,sha256:83ef0a5de1b42ef30374fe189cc7fbf9cf323a3128c24d21cc1d6a701261ad49,PASS,64.0,1.0,-0.02352381147130922,4.574118861455645e-14,2.6101625044457974,5.0
sha256:fe6b227984dd8a16db0b4c9a65e9dc1fc5f70084d2ccb0e5e896df39f32d6a9c,sha256:86eda07b1f7f055703d8c911a6966ceb80f7294883b75d8b3ffe3b221e1dc087,PASS,64.0,1.0,0.5400057799343418,-0.25703103165117147,4.225863207165283,59.0
sha256:fe6b227984dd8a16db0b4c9a65e9dc1fc5f70084d2ccb0e5e896df39f32d6a9c,sha256:8c20a3209692e83fa96748ea6db680556f780b48192fd577a1b969940dc17ef7,PASS,64.0,1.0,0.29627394228841153,-0.142617032194992,3.4032660091822415,59.0
sha256:fe6b227984dd8a16db0b4c9a65e9dc1fc5f70084d2ccb0e5e896df39f32d6a9c,sha256:9a2c07354197d08b47e066e925741735524cd6f0f4e7442aa1fd39dde22aab1a,PASS,64.0,1.0,0.3663904155114608,-0.17613764377767804,4.058990985838389,53.0
sha256:fe6b227984dd8a16db0b4c9a65e9dc1fc5f70084d2ccb0e5e896df39f32d6a9c,sha256:a8de4d3a4f7b1dc3ac6d29ca03790dae0cd08d84b76fcbc9c9e07d9759c66809,PASS,64.0,1.0,0.9724570045532204,-0.1998130832659335,1.7576729778816196,62.0
sha256:fe6b227984dd8a16db0b4c9a65e9dc1fc5f70084d2ccb0e5e896df39f32d6a9c,sha256:b4bd7a966a30969e13fcfd305e883cbe524d83f31ad05447f19bfbb6a14cd999,PASS,64.0,1.0,-0.1938520764104963,-0.22583191303432582,4.222361208633652,5.0
sha256:fe6b227984dd8a16db0b4c9a65e9dc1fc5f70084d2ccb0e5e896df39f32d6a9c,sha256:b5077b9246cb6733311f8dc96b562021244fc17ca0338bc657d4775bb4e8a4cc,PASS,64.0,1.0,0.3739922259680091,-0.21467884010555283,4.202626546049923,59.0
sha256:fe6b227984dd8a16db0b4c9a65e9dc1fc5f70084d2ccb0e5e896df39f32d6a9c,sha256:c498436f7c1e6b2cae5be24a5f81904367af462fec443c4ccc3fb9e540f6928a,PASS,64.0,1.0,-0.3657385028129614,-0.1741430528856358,3.458633735469901,5.0
sha256:fe6b227984dd8a16db0b4c9a65e9dc1fc5f70084d2ccb0e5e896df39f32d6a9c,sha256:c9567d4086375141fbeb637ffe69144ce6160df23d76df3f0c625594334eaa74,PASS,64.0,1.0,0.21649693527943015,-0.13673749372286048,3.7269479073062732,53.0
sha256:fe6b227984dd8a16db0b4c9a65e9dc1fc5f70084d2ccb0e5e896df39f32d6a9c,sha256:d710206f51d60947b2a40652315f6524da0956f6d2c7a51cc55067a8ffe1a1c7,PASS,64.0,1.0,1.0853006373584968,-0.21154819404959735,4.0807877632813,34.0
sha256:fe6b227984dd8a16db0b4c9a65e9dc1fc5f70084d2ccb0e5e896df39f32d6a9c,sha256:da94709b958023a181abfdecd8820a8cc9a9ef9a289d79c00c9a9dcd7b417e99,PASS,64.0,1.0,0.8798424738410358,-0.217911703965453,4.443358612763268,53.0
sha256:fe6b227984dd8a16db0b4c9a65e9dc1fc5f70084d2ccb0e5e896df39f32d6a9c,sha256:e110c560378b6a85a26ab3e8451c66b3aaaba4f87e02c657eb87f26543103fda,PASS,64.0,1.0,2.2578127389083944,-0.3218719242186143,5.180984123877572,34.0
sha256:fe6b227984dd8a16db0b4c9a65e9dc1fc5f70084d2ccb0e5e896df39f32d6a9c,sha256:e29e5048ed81dea84af87df914dbfc7be54fb361037a483008376a16b11bf687,PASS,64.0,1.0,0.2885658986806243,-0.14052120023983594,3.4123819240049684,59.0
sha256:fe6b227984dd8a16db0b4c9a65e9dc1fc5f70084d2ccb0e5e896df39f32d6a9c,sha256:e2a3658046eb4a5cf79dc16c548e14cf91999244ca5ba0643817654ed39891b8,PASS,64.0,1.0,0.12974841174202734,-0.05547926594717856,2.7533854839129224,34.0
sha256:fe6b227984dd8a16db0b4c9a65e9dc1fc5f70084d2ccb0e5e896df39f32d6a9c,sha256:fee239acad1c57bfaef7c2260a1cf3e05facd8fc88641325e6813b706b9bf8ea,PASS,64.0,1.0,0.2534415575660045,-0.14062485716475814,3.4578549658318076,59.0
sha256:ff9ae344a57e16af22c274ff033a4ac81ea6e56288589378b539a539ee42ec1d,sha256:02c8d7ffd3bb67fad41dc4aba4b4580a5ad2974e45af77e27f76d446348cf396,PASS,64.0,1.0,0.4195535702159763,0.0030575548501783345,8.258045154186256,59.0
sha256:ff9ae344a57e16af22c274ff033a4ac81ea6e56288589378b539a539ee42ec1d,sha256:3f388acb6f5dcf2c4c4830ef0bee8260e0297864f7236abea369276a451b3f12,PASS,64.0,1.0,0.13431244564503686,0.03254348320671241,8.03859582187222,38.0
sha256:ff9ae344a57e16af22c274ff033a4ac81ea6e56288589378b539a539ee42ec1d,sha256:49bc970f28c3b40193bd74d8e5402f1c80e9b8d76b4c4e1dd31ac6d01e5e0b30,PASS,64.0,1.0,1.7842599037263138,-0.3499534932722508,10.608594589932984,38.0
sha256:ff9ae344a57e16af22c274ff033a4ac81ea6e56288589378b539a539ee42ec1d,sha256:50880385679ed9474ff8e501bce29f0be17899b4b5f1d0abc9aef3cc4f7694bf,PASS,64.0,1.0,0.3787501889651619,0.02966310958065499,7.924569322058737,59.0
sha256:ff9ae344a57e16af22c274ff033a4ac81ea6e56288589378b539a539ee42ec1d,sha256:560244f140a554b1dc7e04520da978f7fb533d80c4d8bdaf7a0e7594a6e11ffc,PASS,64.0,1.0,0.5094855024690652,-0.07964377883964957,8.88911271529112,59.0
sha256:ff9ae344a57e16af22c274ff033a4ac81ea6e56288589378b539a539ee42ec1d,sha256:5715c7913c3aeac3e9b1cb25fafc5e9adadf5a56739828bab109810efc316ee0,PASS,64.0,1.0,0.05271571084809423,0.04772129934545255,8.489262955668064,38.0
sha256:ff9ae344a57e16af22c274ff033a4ac81ea6e56288589378b539a539ee42ec1d,sha256:5ddb374d7bb5b4f1cd41f15cc142d08d9d4b16acabb44097828aa940f32d6fdd,PASS,64.0,1.0,0.1291721666054011,0.03539198949372402,7.990794194920999,38.0
sha256:ff9ae344a57e16af22c274ff033a4ac81ea6e56288589378b539a539ee42ec1d,sha256:624b1c12a8c2d7772357c8e3ba81b272667fc9da07074afd562cf5dcfa2db3b4,PASS,64.0,1.0,0.05077783588993068,0.02329641817573691,7.918846797347856,38.0
sha256:ff9ae344a57e16af22c274ff033a4ac81ea6e56288589378b539a539ee42ec1d,sha256:749ee3437b357b17876fc0bc7a82fecfd1ccf3591ecf2ee5eaaec7c86d3a7231,PASS,64.0,1.0,0.09682755263876519,0.0332535895150734,7.936519388414889,38.0
sha256:ff9ae344a57e16af22c274ff033a4ac81ea6e56288589378b539a539ee42ec1d,sha256:7ec93962a22515b3156d275032e4db6f0274d2bd32ee15e7f38674d01d8a8ae9,PASS,64.0,1.0,-0.21600423551812753,-0.09816536685507593,8.027125543617501,38.0
sha256:ff9ae344a57e16af22c274ff033a4ac81ea6e56288589378b539a539ee42ec1d,sha256:8458e57c3ec2e810553edaf0a5ff5c2675f46256db85604d3ae6ea500a3f3868,PASS,64.0,1.0,-0.24787181969015037,-0.0897936541253932,7.920282876753306,38.0
sha256:ff9ae344a57e16af22c274ff033a4ac81ea6e56288589378b539a539ee42ec1d,sha256:9906487c5169e66ca153517b56104ed131edffa503a2062b99d73696e52923ba,PASS,64.0,1.0,0.1188888249238893,0.025262571678938528,8.116953649793404,38.0
sha256:ff9ae344a57e16af22c274ff033a4ac81ea6e56288589378b539a539ee42ec1d,sha256:ba076ba745025f4c6fb8e274c25beb99a7b2ce0af0024b012631f5b1fc48f7c9,PASS,64.0,1.0,0.04105026296763192,0.023924208518288026,7.884039253362321,38.0
sha256:ff9ae344a57e16af22c274ff033a4ac81ea6e56288589378b539a539ee42ec1d,sha256:cd56617740eca3c6c35096c77a9994452dcb3a9a3ac34150204be85103d42d94,PASS,64.0,1.0,0.09207116564578932,0.04330928910822607,8.24015122770375,38.0
sha256:ff9ae344a57e16af22c274ff033a4ac81ea6e56288589378b539a539ee42ec1d,sha256:d5e4195490b569d2ae2fba9fa703cb239eb4ae411f9bfe9f1bd26a83cc8540df,PASS,64.0,1.0,0.3190674651383638,0.015956860942990758,7.923620638919923,59.0
sha256:ff9ae344a57e16af22c274ff033a4ac81ea6e56288589378b539a539ee42ec1d,sha256:e0dd036e1bfa0a308f215fb3ec40987c425dbe14588d38d2189ab7c2f6b81ba6,PASS,64.0,1.0,0.42979348031571707,0.03551533143414254,7.957334029649648,59.0
sha256:ff9ae344a57e16af22c274ff033a4ac81ea6e56288589378b539a539ee42ec1d,sha256:ed279a7c0621952172ad5bdcb2f68f805f9bb46c41d01a80c7a6410e92c40d87,PASS,64.0,1.0,0.1148555332482859,-0.02861666771952187,7.793668356108453,38.0
sha256:ff9ae344a57e16af22c274ff033a4ac81ea6e56288589378b539a539ee42ec1d,sha256:f11b5dedc4722402021ee29bd1aa10dbf7a15583a0d5b162a7534ad9b7a59d93,PASS,64.0,1.0,-0.9545218276656513,1.1546319456101628e-13,10.003627627440482,38.0
