target,replicate,History_MAE,Current_MAE,Delta_MAE,History_P90AE,Current_P90AE,History_R_IB_finite_support_CRPS,Current_R_IB_finite_support_CRPS,Delta_R_IB_finite_support_CRPS
R_IB,0,28.319825524238144,29.921508914458155,-1.6016833902200147,67.2406255474804,75.606546491274,24.47270392317217,27.664818664315323,-3.192114741143156
R_IB,1,23.04197269337948,23.939252960518985,-0.8972802671395017,58.00340831734651,61.65981001712883,19.66371239199291,21.92093145787148,-2.257219065878569
R_IB,2,20.056271694384726,21.810347210075662,-1.754075515690939,48.317287671857265,55.74246552529621,16.550886295592107,19.705033032979394,-3.1541467373872827
R_IB,3,22.382822405866833,22.426143095856208,-0.043320689989376764,58.100228281023846,63.595358501699586,18.645425353906063,20.50549152862908,-1.8600661747230154
R_IB,4,22.029720061274233,23.282302569103578,-1.2525825078293389,54.08079673197578,58.59067129632694,18.303637986898075,21.168399755849755,-2.864761768951679
R_IB,5,25.13935508621951,27.43048997458149,-2.291134888361981,58.38621664681636,61.65981001712883,21.592012494437267,25.223135939187127,-3.6311234447498686
R_IB,6,23.808422814874653,24.14540780533893,-0.3369849904642749,56.85498332893691,60.85118999237988,20.693663788403505,22.12163607668977,-1.4279722882862689
R_IB,7,16.350277988216753,17.67523733082739,-1.324959342610634,39.21957614979944,50.840001879547316,12.848605290368099,15.856543415460674,-3.00793812509258
R_IB,8,19.095633089826674,22.23209696018967,-3.136463870362991,46.332801295315406,56.65741269005211,15.657097825623755,20.17278856154737,-4.51569073592362
R_IB,9,18.647431876783475,20.689743864352085,-2.0423119875686084,45.745111697758546,55.74246552529621,15.25761318197328,18.675101481187152,-3.4174882992138693
R_IB,10,16.09910825697979,16.77411792144123,-0.6750096644614384,37.90842172960242,50.240249868654296,12.902190737920483,14.872589871667122,-1.9703991337466418
R_IB,11,13.3242201582122,14.791249564425312,-1.467029406213114,29.592133007103428,39.833110101912375,10.316845092237708,12.928670092334444,-2.6118250000967342
R_IB,12,21.131679264668342,23.587707836356227,-2.4560285716878867,54.96759964763348,61.33799574889455,17.96017619531537,21.47822054642996,-3.5180443511145882
R_IB,13,31.238628211445807,32.15257630061265,-0.9139480891668416,93.58244788476753,94.13620254662614,27.964819526138697,29.96142958564134,-1.9966100595026484
R_IB,14,14.746889431410073,15.485475385937624,-0.7385859545275533,35.06387091854351,43.88283337615476,11.825888264921648,13.774418519138557,-1.9485302542169107
R_IB,15,23.783240363067254,24.308611558923666,-0.5253711958564107,58.19481248208143,61.61958323359954,20.14251434404485,22.29021747621975,-2.1477031321748963
R_IB,16,24.841019540785197,24.027395365401908,0.8136241753832874,61.377616470974374,61.091927306167584,21.80934456077712,22.03154024244135,-0.22219568166422599
R_IB,17,25.177116008408337,27.514863639267215,-2.337747630858883,68.14671739429008,77.47697778507087,21.239297242467043,25.582721792006495,-4.343424549539454
R_IB,18,23.681547851426295,24.389613271512097,-0.7080654200858046,61.99236380644823,66.5176240030982,20.50289900132274,22.480526061490306,-1.977627060167567
R_IB,19,17.595059118207445,18.27427409698021,-0.6792149787727686,40.319361484844634,53.585969928681656,13.732206194107674,16.39165368074945,-2.6594474866417777
R_IB,20,16.664883467642145,17.559679423834872,-0.8947959561927281,40.95270743260873,50.28975910873569,13.390660623446113,15.590548761743705,-2.1998881382975926
R_IB,21,19.323017678380282,20.62557215143228,-1.3025544730519973,48.524210409860466,54.2002584809558,15.904468854176988,18.64793258310561,-2.7434637289286226
R_IB,22,25.621105441917194,28.359788026047585,-2.7386825841303897,62.784700712607815,71.31527358856387,21.523206832828407,26.14010576006531,-4.616898927236902
R_IB,23,18.095836032315326,18.135842582957995,-0.04000655064266735,43.60643387911324,51.56425624741797,15.222618674802566,16.3634365365994,-1.1408178617968336
R_IB,24,19.09932196152916,19.95414496649367,-0.854823004964506,42.658221762854424,51.781938370259326,16.269088413184996,18.061777915475474,-1.792689502290483
R_IB,25,25.140031971940015,25.995548568759098,-0.8555165968190972,61.53130330484287,68.60003162723599,21.425648060301768,23.939581195103948,-2.513933134802181
R_IB,26,17.77639151524565,19.071879555737414,-1.2954880404917655,44.191068518914456,55.24016208696357,14.401271755692571,17.118369199265217,-2.717097443572652
R_IB,27,16.15223013096796,18.279678641495522,-2.127448510527563,42.315233992309544,50.28975910873569,13.185829499519695,16.401490481890892,-3.215660982371197
R_IB,28,21.56371611696766,19.713703469646607,1.8500126473210523,58.593144528911104,61.76041250147182,18.54389120129847,18.025250124237374,0.5186410770610901
R_IB,29,26.28534942297793,28.614811940826662,-2.3294625178487354,93.58244788476753,94.13620254662614,23.10440877125571,26.52999132171104,-3.4255825504553328
R_IB,30,29.734981610680457,31.238588299178566,-1.5036066884981154,73.43574392835761,82.52203181495378,25.977277403634186,29.06953658713136,-3.0922591834971747
R_IB,31,22.019165906312736,23.409348335336876,-1.3901824290241422,54.53513097837793,57.04406441130711,19.0441317550939,21.467893855281734,-2.4237621001878367
R_IB,32,22.550035254127017,24.53151529414671,-1.9814800400196992,54.45815647932824,60.69865207448684,18.948682150836202,22.444963204355084,-3.4962810535188797
R_IB,33,20.42995678188284,20.581325191696774,-0.1513684098139388,43.63204572500544,51.25864031986377,17.153812465977875,18.56509411630437,-1.4112816503264913
R_IB,34,28.59406811783494,29.039220953766748,-0.44515283593180416,93.58244788476753,94.13620254662614,25.222943650355237,27.11833879142826,-1.8953951410730252
R_IB,35,19.190334317455825,18.871521019139887,0.318813298315941,49.332296358263264,51.65503614473792,16.196446830159534,16.95906602253272,-0.762619192373188
R_IB,36,20.32196455326399,22.257086758182137,-1.9351222049181465,54.77952772865424,61.25754218183597,16.974605862792504,20.34453446012454,-3.369928597332034
R_IB,37,18.902313745027815,19.592485758580555,-0.6901720135527393,51.048872953431065,56.65741269005211,15.601785407134669,17.753903590350706,-2.1521181832160368
R_IB,38,21.681312104682025,24.071429023806658,-2.390116919124635,46.332801295315406,55.74246552529621,18.272119070615947,21.8704656873865,-3.5983466167705567
R_IB,39,21.740640877637613,21.984911871425773,-0.24427099378815711,60.091888515172144,64.94080193994681,18.4263504055818,20.139766518003228,-1.7134161124214267
R_IB,40,23.187220198461556,25.00250800704618,-1.8152878085846251,56.47217499946701,61.29776896536526,19.96274407134984,22.88017164788492,-2.917427576535083
R_IB,41,25.70632107721299,25.722336001146495,-0.01601492393350032,73.1667112203725,82.96498831130312,22.61446656461569,23.689574220411746,-1.0751076557960633
R_IB,42,20.656302161303337,21.94896843674529,-1.2926662754419544,47.704077022948,59.238350490933634,17.105661595112302,19.972663961385315,-2.8670023662730117
R_IB,43,19.540642854897364,18.99977681995718,0.5408660349401817,54.08079673197578,61.95888707779508,16.237710872258283,17.245947301341396,-1.008236429083114
R_IB,44,22.286779849152037,24.860809853374825,-2.574030004222787,54.584415205762916,61.61958323359954,18.97993860907817,22.8244995564504,-3.844560947372226
R_IB,45,17.754294118671645,18.82167226534847,-1.067378146676824,45.745111697758546,51.96234152610155,14.469546425621784,16.887579019321688,-2.418032593699902
R_IB,46,25.27462303825255,26.35034958736961,-1.0757265491170587,56.47217499946701,61.51783933938852,21.77804540849528,24.16330581329659,-2.3852604048013126
R_IB,47,23.022290878876042,23.782328801623365,-0.7600379227473221,54.45158801939996,59.54952561595747,19.79935674911557,21.760654896554666,-1.9612981474390954
R_IB,48,21.287813563443432,21.547189297342953,-0.25937573389952173,52.78496136199236,56.72231390546815,17.927140670091894,19.63794171362221,-1.7108010435303145
R_IB,49,25.99373153339573,26.27759141408497,-0.28385988068923634,67.03552862262904,76.34462325340188,22.795514247988258,24.34170369318298,-1.54618944519472
R_IB,50,18.965493065503686,19.919438006763198,-0.9539449412595151,47.704077022948,54.95036009428888,15.868308686786436,17.94754723145903,-2.0792385446725943
R_IB,51,19.457172433343896,18.69557481073784,0.7615976226060568,47.49204384126875,48.883199318676915,16.28391072105821,16.89057632545883,-0.606665604400626
R_IB,52,24.39359034288696,26.53759391264703,-2.14400356976007,59.72828156258068,67.21175987781082,20.57063680513922,24.43140383566466,-3.860767030525439
R_IB,53,30.428901654401532,31.322531795779764,-0.8936301413782292,98.36048238738105,99.16817229037788,26.929962775592656,29.327706986512748,-2.397744210920092
R_IB,54,27.32667415279812,28.47876098892838,-1.152086836130262,69.38677183976837,78.89140942450024,23.331315009983445,26.46890003227142,-3.1375850222879773
R_IB,55,15.81677845815473,16.501347871825523,-0.6845694136707903,45.18519547003528,56.22917128804735,12.655629612586285,14.77753129672555,-2.121901684139266
R_IB,56,32.30650929519889,32.92466335442553,-0.6181540592266438,101.66389059259315,102.6907532537104,29.223673724299132,30.783291217909287,-1.559617493610155
R_IB,57,23.179210356720024,23.367202967522427,-0.18799261080239824,54.970931893389164,61.31104005709532,19.86250497741602,21.367633857091434,-1.5051288796754176
R_IB,58,19.513224597515535,19.87020240367312,-0.35697780615758673,49.24343630079267,56.67560635431682,16.681808925524084,18.08950565518377,-1.4076967296596876
R_IB,59,21.98954219450255,24.234768950501877,-2.245226755999327,59.72828156258068,67.6745171276192,18.52449996708354,22.26741687474991,-3.74291690766637
R_IB,60,26.641497869096504,28.012612104588744,-1.371114235492241,68.59119290295453,77.9299195977385,23.21016954526799,25.946266303307677,-2.7360967580396847
R_IB,61,25.856111108191048,26.569858759385905,-0.7137476511948535,74.01358013320434,81.61210906803419,22.462433781443355,24.522890097248556,-2.0604563158051983
R_IB,62,24.71391529103421,26.69000718487008,-1.9760918938358751,62.784700712607815,71.31527358856387,20.994174105725303,24.58600564792373,-3.591831542198425
R_IB,63,25.65093003052831,27.802172648115242,-2.151242617586932,61.838676972579776,68.36865300233181,22.062162141944153,25.669668557776923,-3.6075064158327685
R_IB,64,22.082111909664565,21.27448401036734,0.8076278992972343,51.61752173440481,56.65741269005211,19.005780154527745,19.311432370521967,-0.3056522159942215
R_IB,65,15.338428434615023,14.515625386546311,0.822803048068717,39.73190769690521,46.098710499861674,12.223814819040067,12.752018090388102,-0.5282032713480346
R_IB,66,25.573797598110954,26.025710410381787,-0.4519128122708265,66.12478266182266,67.25492234337199,22.147647822682703,23.916062689652062,-1.768414866969356
R_IB,67,24.019633180466794,26.416086761083314,-2.396453580616517,54.45815647932824,63.41507474497258,20.383123237448892,24.20077871413755,-3.817655476688655
R_IB,68,25.951224815724306,27.625384501842223,-1.6741596861179222,68.59119290295453,79.9044593520613,22.817742596439988,25.499349768044063,-2.6816071716040746
R_IB,69,26.42964675065977,27.65203696387118,-1.2223902132114104,62.54699964075996,70.50070100016555,22.859063748967056,25.549218440561855,-2.690154691594801
R_IB,70,20.946132133027838,21.5203148767853,-0.5741827437574657,54.53513097837793,58.59067129632694,17.74862616567598,19.627696009564787,-1.8790698438888067
R_IB,71,27.73826864387715,30.59832401474657,-2.860055370869419,66.43587022875579,75.52264305967037,23.925888979874003,28.465166389294843,-4.539277409420842
R_IB,72,24.988752503160786,25.09926091172105,-0.11050840856026507,78.09639147770459,85.11534400279724,21.46383726423226,23.1381645129349,-1.6743272487026357
R_IB,73,24.947535485505515,25.431748363061573,-0.4842128775560598,62.784700712607815,71.31527358856387,21.062061619149432,23.349105565676435,-2.2870439465269974
R_IB,74,20.429351041133067,21.008308222879055,-0.5789571817459888,48.317287671857265,51.76924814770719,17.088236331751613,18.904445065421672,-1.8162087336700563
R_IB,75,15.17124787951882,14.773323235278284,0.3979246442405364,32.70702433179936,38.60285790982903,11.889368695144283,13.02083493249854,-1.1314662373542543
R_IB,76,17.07066727614861,17.873386803963122,-0.8027195278145098,46.13690476279647,53.585969928681656,13.617525146665406,16.106813802924975,-2.4892886562595717
R_IB,77,28.30470259778071,28.72227668631837,-0.4175740885376633,90.7141380167409,91.11719780613437,25.015217256625043,26.626552744646926,-1.6113354880218815
R_IB,78,24.6908691708582,29.235059755676957,-4.5441905848187565,59.72828156258068,68.60003162723599,20.551713841172567,27.003368358279218,-6.451654517106648
R_IB,79,17.560644860043272,18.75654045391874,-1.1958955938754698,47.704077022948,55.74246552529621,14.547182687726869,16.808395348149276,-2.2612126604224043
R_IB,80,20.00845989688048,20.89896419596588,-0.8905042990853983,43.572608099843706,51.705797034946485,16.810452358163573,18.895001349175146,-2.0845489910115718
R_IB,81,25.673351342739274,27.136481213504382,-1.463129870765108,78.09639147770459,85.11534400279724,22.053145241807492,25.04384910112549,-2.990703859317998
R_IB,82,23.446163181189057,23.628469892838968,-0.18230671164990955,64.36107733058505,72.91786456857689,19.84778569898182,21.682434680989743,-1.8346489820079228
R_IB,83,39.498640998612274,39.74943552035334,-0.25079452174106953,112.48750033372112,114.01574085854912,36.00734202901977,37.44821888035614,-1.4408768513363708
R_IB,84,36.892465690223794,38.163558394062264,-1.2710927038384767,110.33612019629356,109.53473216819327,33.24567169233689,35.9025602773701,-2.6568885850332085
R_IB,85,23.127286452984727,25.383961611263143,-2.256675158278411,55.15567156661266,62.333372204610505,19.21441294629731,23.318275458724443,-4.103862512427135
R_IB,86,25.535182613702734,27.43810706832423,-1.9029244546214956,59.72828156258068,61.79252093442944,21.653247647566666,25.233002412139594,-3.57975476457293
R_IB,87,24.764685371096004,26.555728720191127,-1.79104334909512,61.99236380644823,68.60003162723599,20.885408591771796,24.45285866034319,-3.5674500685713926
R_IB,88,29.30431218035287,29.821076684469638,-0.516764504116771,84.85866059700365,88.81295486746102,25.431696028525828,27.795933744861134,-2.364237716335303
R_IB,89,21.418512625156133,23.208383675679276,-1.7898710505231423,49.35190136187319,58.59067129632694,17.56210531253254,21.11573329449369,-3.5536279819611507
R_IB,90,30.885522648097883,33.43453136562545,-2.5490087175275637,88.80193143805644,89.10452797913982,27.230042660071216,31.203005964854935,-3.972963304783722
R_IB,91,24.066973377285247,24.966506799079493,-0.8995334217942448,81.63932452793074,88.11811153726403,21.09745157585699,23.15888091925136,-2.061429343394367
R_IB,92,24.9370010482867,25.024373166591715,-0.08737211830501908,63.20978350360991,71.81820855504765,22.029569474543234,23.103176218340547,-1.0736067437973136
R_IB,93,24.984850359315615,27.319609430208786,-2.3347590708931714,59.72828156258068,63.595358501699586,21.197717391310228,25.119403977312672,-3.921686586002439
R_IB,94,22.965540099222462,23.60917570876038,-0.6436356095379165,56.47217499946701,61.65981001712883,19.403201591050458,21.59174712451452,-2.18854553346406
R_IB,95,27.700281167013713,28.049771885058,-0.3494907180442847,69.25790616595111,81.43010339434377,24.32038314721665,25.9835556788549,-1.6631725316382475
R_IB,96,18.902938712447295,21.39681764915616,-2.493878936708867,50.370084316807905,60.74960194501585,15.492025350733892,19.434341782511872,-3.9423164317779835
R_IB,97,29.91938950460938,31.196074107111006,-1.2766846025016227,98.36048238738105,99.16817229037788,26.619200381224786,29.02740740089899,-2.408207019674208
R_IB,98,18.68596574144531,20.65890959299682,-1.972943851551508,44.191068518914456,52.323147837786045,15.160495929906071,18.615921700053264,-3.4554257701471895
R_IB,99,18.14051462464823,19.38834372748793,-1.2478291028396973,43.98160078443421,52.142744681943825,14.530511993762383,17.41091493843284,-2.8804029446704544
R_IB,100,15.507509724006654,16.20008710445193,-0.6925773804452725,32.79332349345282,46.776692879974206,11.730199381686225,14.407154962752546,-2.6769555810663244
R_IB,101,24.445258452229773,25.000761137627283,-0.5555026853975081,68.14671739429008,77.47697778507087,21.259144412216465,23.09718784231421,-1.83804343009775
R_IB,102,21.29359223085494,21.230221381508514,0.0633708493464295,48.88799607091028,55.24016208696357,18.274375795795503,19.281012976392685,-1.0066371805971805
R_IB,103,18.503719332563374,17.246821752564824,1.2568975799985491,43.334857599196745,50.240249868654296,15.54537996855852,15.522505462041275,0.022874506517242908
R_IB,104,22.245423880581864,24.091166279178935,-1.8457423985970731,54.591455809675054,61.25754218183597,18.976380930253917,22.067259413240375,-3.090878482986459
R_IB,105,15.000246277201375,16.495220570454237,-1.4949742932528618,36.53861971063392,44.56160060345307,11.851786256225111,14.573179946881286,-2.7213936906561735
R_IB,106,25.724820549753094,26.55171232725242,-0.82689177749933,93.58244788476753,94.13620254662614,22.61665449709214,24.613792070578512,-1.9971375734863777
R_IB,107,20.36997389719915,21.11250591631401,-0.7425320191148607,58.78883612154567,66.98038125290664,17.297204070561143,19.34133405244266,-2.0441299818815173
R_IB,108,28.945692696803135,28.92747651660568,0.01821618019746013,93.58244788476753,94.13620254662614,25.669221389717976,26.898692355043906,-1.2294709653259306
R_IB,109,27.502906514426588,28.92299513306214,-1.4200886186355535,72.85790772351088,82.3036461308318,24.248937082377562,26.779919971190125,-2.530982888812567
R_IB,110,19.467060979664534,18.408826524950538,1.0582344547139981,48.62179027777908,53.11610824559578,16.177984633232416,16.501822930663703,-0.3238382974312842
R_IB,111,25.1723317010023,26.68638880326576,-1.514057102263457,64.36107733058505,72.91786456857689,21.613359484673193,24.6833109199187,-3.0699514352455117
R_IB,112,16.03705718371689,16.567069702233013,-0.5300125185161252,40.039421721706894,50.586814549224044,12.709580351988418,14.719952344353015,-2.0103719923645955
R_IB,113,21.881626537149135,23.840911423752914,-1.959284886603782,49.52159852102897,60.29105311025475,18.188471558708763,21.74776762704152,-3.5592960683327584
R_IB,114,24.723211956196177,26.47649408520987,-1.7532821290136897,61.99236380644823,68.60003162723599,20.93876002867276,24.361283294180847,-3.4225232655080844
R_IB,115,36.31678883103635,37.05749598817359,-0.740707157137238,110.33612019629356,109.53473216819327,32.959562266978594,34.90185435057181,-1.9422920835932127
R_IB,116,23.622104907560626,24.102006478906446,-0.4799015713458194,58.65462962996924,61.65981001712883,20.140774203913704,22.0909613625758,-1.9501871586620885
R_IB,117,23.789348952522882,26.094612084051462,-2.30526313152858,62.784700712607815,71.31527358856387,20.001672519388148,24.089319460025262,-4.087646940637106
R_IB,118,24.898383624970158,28.155377124936624,-3.256993499966464,58.92304261312209,66.28624537819402,21.047712002819548,25.900727654632504,-4.853015651812954
R_IB,119,12.30082286284592,10.443831850792133,1.8569910120537858,23.722829543145423,25.330459288091074,9.501362248078022,8.768511928062063,0.7328503200159581
R_IB,120,22.796846307074176,24.988462017268812,-2.191615710194635,59.72828156258068,66.74900262800246,18.797937036286964,22.947744670202216,-4.149807633915255
R_IB,121,20.67237763423186,21.119282186986396,-0.44690455275453606,48.317287671857265,56.787215120884184,17.24869399859436,19.215321098829094,-1.9666271002347313
R_IB,122,26.82551790519939,27.021782432694867,-0.19626452749546883,88.80193143805644,89.10452797913982,23.645530729922907,24.95066532272993,-1.305134592807021
R_IB,123,21.94933521382448,22.104083138834753,-0.15474792501026954,59.72828156258068,63.595358501699586,18.73259237099288,20.225638922160286,-1.4930465511674083
R_IB,124,22.950136015675106,24.363067295157492,-1.4129312794823838,56.47217499946701,61.25754218183597,19.877994450886604,22.306498485293886,-2.4285040344072795
R_IB,125,15.39524819340188,16.199066938799636,-0.803818745397758,38.691430723966306,45.581873903161544,12.3346650447129,14.403770176436566,-2.0691051317236666
R_IB,126,14.856768074880536,15.207295131903415,-0.35052705702287923,40.530229693472975,46.776692879974206,12.066175477253681,13.44054635437131,-1.374370877117627
R_IB,127,20.39062819342324,22.82128956090336,-2.430661367480121,52.47049490586531,59.415387268026336,16.916458332783595,20.81510642136307,-3.8986480885794803
R_IB,128,20.657330462105563,21.74115167905649,-1.0838212169509227,53.892116858299545,56.65741269005211,17.198422124495156,19.755032618638413,-2.556610494143259
R_IB,129,25.713504307100937,26.342032258131848,-0.6285279510309149,88.80193143805644,89.10452797913982,22.273821939695534,24.422937681695498,-2.149115741999967
R_IB,130,23.801509405101882,25.734399350432614,-1.93288994533073,60.45549546776361,66.98038125290664,20.409364145943833,23.654879641479635,-3.2455154955358
R_IB,131,22.76098642505347,23.72529357473516,-0.9643071496816861,54.521049770553645,59.910216851046,19.01307688229986,21.575081889362828,-2.5620050070629667
R_IB,132,15.763682436086423,14.027795730735107,1.7358867053513167,41.78848273016746,43.151045085236824,12.606874651204013,12.358632102002815,0.24824254920119776
R_IB,133,28.070383956232583,29.561157886189232,-1.4907739299566587,65.03666730971808,73.6046892742967,24.630810969651257,27.44416263298289,-2.813351663331633
R_IB,134,13.873952572992483,12.58141548534724,1.29253708764524,30.737546050407804,34.833144382226855,10.862158647774258,10.926497178106892,-0.06433853033263481
R_IB,135,29.113816942814505,31.977924346204265,-2.8641074033897564,67.03552862262904,76.34462325340188,25.27551062151362,29.771345429840956,-4.4958348083273325
R_IB,136,22.276763438399517,23.36616941782607,-1.0894059794265512,54.55625279011435,60.49485259237079,18.927185477712015,21.36330075403307,-2.436115276321056
R_IB,137,20.20178509726967,21.247383469422893,-1.0455983721532303,49.52159852102897,55.24016208696357,16.65431371169693,19.202847444144542,-2.548533732447612
R_IB,138,20.60670406496102,18.968022205696315,1.6386818592647057,37.56697303509002,50.73534226946821,16.788855535751193,17.088984441530336,-0.30012890577914536
R_IB,139,23.13478801875604,24.861307389005354,-1.7265193702493067,55.71988732355022,61.79252093442944,19.459462575038657,22.85237116991809,-3.3929085948794304
R_IB,140,22.198511200379468,22.978385234886048,-0.779874034506583,54.45158801939996,56.571764409651166,19.27827298023064,20.954472434676624,-1.6761994544459848
R_IB,141,22.294446029546148,22.802486541394522,-0.508040511848372,54.17383208884141,58.397345435699464,18.84690484906983,20.802742045100537,-1.9558371960307066
R_IB,142,24.323821169162727,25.43233830128458,-1.1085171321218519,61.0867309089012,62.82113910787127,20.89043615353893,23.384263405807374,-2.4938272522684453
R_IB,143,15.579278953999001,16.78256425833679,-1.2032853043377911,36.67559991253076,46.66508109070695,12.350611840832821,14.876984120497726,-2.5263722796649057
R_IB,144,21.38614432811592,22.040503266296504,-0.6543589381805883,49.968434512170674,55.491313806129895,18.386710125366324,20.016421295475126,-1.629711170108802
R_IB,145,14.939670702788757,16.455807812023185,-1.5161371092344285,36.84712570797076,44.29009371253376,12.169228997077225,14.542073321766328,-2.372844324689101
R_IB,146,18.994759096399537,20.931682724094518,-1.9369236276949784,49.35190136187319,55.92545495824741,15.546173046409441,18.971161430822082,-3.4249883844126385
R_IB,147,27.576650942152163,28.191483384813093,-0.6148324426609364,88.80193143805644,89.10452797913982,24.355520279436753,26.161558223733483,-1.8060379442967347
R_IB,148,22.313781804498642,24.344345832227436,-2.0305640277287993,54.57737460185077,61.685525183910755,18.819972278925935,22.297766763986324,-3.477794485060389
R_IB,149,24.131473196434325,25.41692721600187,-1.2854540195675515,59.05724910469852,61.4586760994824,20.601450427963872,23.3209657390958,-2.719515311131926
R_IB,150,24.247245998754664,26.600181951183483,-2.3529359524288234,59.325662087851406,65.47897931524574,20.682448097210607,24.38614336159838,-3.7036952643877705
R_IB,151,19.39310714443421,21.99474503355865,-2.6016378891244423,45.745111697758546,55.74246552529621,15.883487391847133,19.895687961239325,-4.012200569392197
R_IB,152,18.58348373047462,18.72375067332742,-0.14026694285280278,47.002265447019255,50.806164379087754,15.51670546411483,16.963700571151215,-1.4469951070363825
R_IB,153,27.67693790478435,30.660017146062767,-2.9830792412784204,65.43643957230032,74.15267607011778,23.682131752750056,28.49197255178834,-4.809840799038284
R_IB,154,19.03306260415933,19.78202092963375,-0.7489583254744201,42.315233992309544,49.154609428672416,16.319067627513718,17.88476774426885,-1.5657001167551363
R_IB,155,15.729063216686967,14.959853831101976,0.7692093855849894,36.39114483142488,43.671697922217305,12.315364583641868,13.113343056011184,-0.7979784723693134
R_IB,156,17.19997947036002,17.475344098816212,-0.2753646284561908,45.434303061989745,51.10066877952575,13.620347111872324,15.717321196798384,-2.096974084926062
R_IB,157,27.939381208860645,29.684261740295746,-1.7448805314350988,70.5465629041238,81.1480262865834,24.234497093208766,27.584671059609704,-3.3501739664009316
R_IB,158,17.98828420085208,17.108408089773693,0.8798761110783866,42.315233992309544,43.88283337615476,15.133670020160098,15.324894567558719,-0.19122454739862194
R_IB,159,19.793361130067343,19.740644352101153,0.052716777966191446,48.317287671857265,48.883199318676915,16.71561618094515,17.838473237835398,-1.1228570568902472
R_IB,160,27.51381052555998,28.001837799967504,-0.48802727440752686,93.58244788476753,94.13620254662614,24.05879831725134,26.038184972663192,-1.9793866554118502
R_IB,161,17.933308263526655,20.913196731943415,-2.97988846841676,43.334857599196745,51.60769785662298,14.488126849251131,18.79311324873848,-4.304986399487345
R_IB,162,24.26820488737866,26.16472454483117,-1.8965196574525127,58.46383523361531,60.74960194501585,21.076608088492684,24.068802467332954,-2.9921943788402685
R_IB,163,28.123010550424105,28.975595574885304,-0.8525850244611988,97.4048754868584,98.1617783416276,25.079710966838356,26.803473828340355,-1.7237628615020004
R_IB,164,18.55857820256572,20.49201865242079,-1.9334404498550726,47.31228395791013,55.74246552529621,14.944979066287203,18.4330398010575,-3.488060734770296
R_IB,165,22.6699054250381,23.743564702770037,-1.0736592777319391,57.04638749367184,61.378222532423834,19.573034616998978,21.772299309600402,-2.199264692601423
R_IB,166,26.677216235642366,27.35216150193835,-0.6749452662959846,76.32492495259142,83.61396023556378,23.01933303756924,25.30093815295906,-2.2816051153898145
R_IB,167,24.39388176722208,25.624657372393166,-1.2307756051710916,54.15012267241627,60.74960194501585,20.62159061567463,23.446009626552776,-2.824419010878143
R_IB,168,18.60370732727038,19.56107466428607,-0.9573673370156879,37.15563170530758,49.99448508915168,15.408207846686233,17.606111258929282,-2.19790341224305
R_IB,169,16.83775712137109,17.4892314422066,-0.6514743208355069,43.334857599196745,50.240249868654296,13.643056678964138,15.644487866189973,-2.0014311872258372
R_IB,170,27.03304734406675,26.757091455817527,0.27595588824921563,98.36048238738105,99.16817229037788,23.97959059922343,24.758251568589362,-0.7786609693659301
R_IB,171,18.04361064434736,18.457570084123425,-0.4139594397760667,51.048872953431065,56.61458854985164,14.923443503156381,16.61082236123858,-1.6873788580821947
R_IB,172,19.44545790817122,19.890583958400537,-0.4451260502293135,51.048872953431065,56.65741269005211,16.262761398243445,17.950946916936896,-1.68818551869345
R_IB,173,30.949254123577507,32.44901961085965,-1.4997654872821504,69.25790616595111,81.43010339434377,27.363183778126206,30.209586912327666,-2.8464031342014575
R_IB,174,28.61103031691057,29.93783352204116,-1.3268032051305954,88.80193143805644,89.10452797913982,24.912759976940546,27.872466407206954,-2.9597064302664067
R_IB,175,23.941066608060943,24.350646367364817,-0.4095797593038753,59.325662087851406,61.752707659239256,20.48381676473836,22.31510384626955,-1.8312870815311886
R_IB,176,31.161079382640164,32.31680805711015,-1.1557286744699873,80.45834684452207,87.11718902577515,27.033485026662824,30.144529836680846,-3.111044810018021
R_IB,177,18.362015871220002,19.998347800829357,-1.6363319296093561,50.53978147596373,58.01069371444452,15.005781954890962,18.150259757722136,-3.1444778028311804
R_IB,178,16.34853195530456,16.519470876708816,-0.1709389214042512,40.530229693472975,46.65267978078837,13.448752579398498,14.650398019877896,-1.2016454404794026
R_IB,179,26.30596213716325,29.048513479987953,-2.742551342824706,74.01358013320434,82.74041749907576,22.58811824607171,26.898748787048312,-4.310630540976599
R_IB,180,27.756897355443307,28.191221066761358,-0.43432371131805286,79.27736916111324,86.11626651428612,24.42294162122485,26.119644618636578,-1.6967029974117305
R_IB,181,22.48960858974092,24.567470472919233,-2.0778618831783127,54.591455809675054,60.74960194501585,19.09932541386162,22.515164256600286,-3.4158388427386686
R_IB,182,23.202999120586227,22.198667879202663,1.0043312413835586,98.36048238738105,99.16817229037788,20.482108982868198,20.44976568788793,0.032343294980273656
R_IB,183,22.588605321611347,23.579304141486407,-0.9906988198750638,50.61669757692693,55.64200483762969,19.426885634975278,21.491734625004952,-2.0648489900296747
R_IB,184,20.23998850392566,21.89321817017039,-1.6532296662447337,49.14497862387002,58.59067129632694,16.454720302621606,19.915487600347735,-3.460767297726128
R_IB,185,12.635316214016525,11.755631722501656,0.8796844915148705,26.025738994262472,32.80478748318943,9.852465844295168,10.085548175127897,-0.23308233083273047
R_IB,186,23.4499810865099,24.0904246151004,-0.6404435285904991,56.47217499946701,60.5458024628998,20.593361919140076,22.054911441943304,-1.4615495228032287
R_IB,187,21.042758354581043,23.36160158111724,-2.3188432265361993,48.88799607091028,56.016949674722994,17.269735833872417,21.181725588106232,-3.9119897542338133
R_IB,188,25.94381908553316,27.20575406832919,-1.2619349827960307,60.76286913550056,61.65981001712883,22.490040600066923,25.16201845953162,-2.6719778594646915
R_IB,189,22.053995698397138,23.21648050361701,-1.1624848052198726,58.38621664681636,65.38750048944115,18.946384161947563,21.28041689690563,-2.3340327349580745
R_IB,190,14.258598989689089,14.346065010748353,-0.08746602105926164,33.85641003588356,41.65034450142894,11.347315764964005,12.652633716451927,-1.3053179514879214
R_IB,191,15.498188645644749,15.296322298206805,0.20186634743794263,40.671119999787315,46.23204437367059,12.17520280354087,13.601569589799348,-1.4263667862584757
R_IB,192,25.10712208938865,26.04770779301378,-0.9405857036251396,58.78883612154567,61.65981001712883,21.427812133586283,23.88530815014773,-2.457496016561446
R_IB,193,25.67259251439706,27.202231316768785,-1.5296388023717231,69.44458378524273,77.60840370825129,22.348933967053668,25.197336326053584,-2.848402358999914
R_IB,194,22.744080602243372,21.482518115458845,1.2615624867845292,58.800072411005814,62.69126582318237,19.53460194043815,19.643837699277505,-0.1092357588393569
R_IB,195,16.934041186236392,17.20195479966022,-0.2679136134238316,47.957999552917,50.10454481365657,13.836590514450458,15.271284095280818,-1.434693580830358
R_IB,196,35.47662999444322,36.92684274011556,-1.4502127456723428,110.33612019629356,109.53473216819327,31.71601624929713,34.60157334839766,-2.8855570991005237
R_IB,197,21.971857911294688,23.65610458314344,-1.684246671848749,53.95501014952495,60.800395968697856,18.317724947320137,21.55473348551716,-3.2370085381970237
R_IB,198,22.935575455379368,25.01449810914799,-2.078922653768621,58.100228281023846,61.20470598107234,19.643396885521522,23.02861801241712,-3.385221126895597
R_IB,199,26.59128309893222,27.099042837369417,-0.5077597384371946,63.235094032029906,71.77315672571048,23.20894103413405,25.014841464686533,-1.8059004305524844
R_IB,200,24.628634943715323,25.48916259600719,-0.8605276522918687,60.45549546776361,68.60003162723599,21.00973366016831,23.47994524364316,-2.4702115834748537
R_IB,201,25.32703060489702,26.54861576076956,-1.2215851558725401,59.72828156258068,63.595358501699586,21.48471558101317,24.42137011100024,-2.936654529987069
R_IB,202,17.247797220436734,18.336441736284783,-1.0886445158480487,42.92700815644186,51.014818902670164,13.988378276142063,16.33681492613824,-2.3484366499961773
R_IB,203,24.387600906841076,25.40763996638721,-1.0200390595461406,69.99557334468327,78.10886801249558,21.015262349028436,23.466760400045764,-2.4514980510173268
R_IB,204,24.08533793347186,25.669916574316318,-1.5845786408444595,62.784700712607815,71.31527358856387,20.29571487555645,23.6368113191773,-3.341096443620855
R_IB,205,16.156374643521556,17.505004066941396,-1.3486294234198426,40.741468563040854,48.732227344931665,12.684246241461025,15.660209879219474,-2.9759636377584515
R_IB,206,23.160475935445024,24.528276032272327,-1.3678000968273027,59.05724910469852,61.65981001712883,19.948147504762925,22.585010354832473,-2.6368628500695444
R_IB,207,30.64912436911385,31.893335353248176,-1.2442109841343334,89.27998308272753,89.60769543588842,27.111582986177098,29.6817595368409,-2.570176550663802
R_IB,208,21.1723113766448,22.703265495215227,-1.5309541185704205,48.317287671857265,55.24016208696357,17.452704933138296,20.55021223359043,-3.0975073004521345
R_IB,209,22.93831019820811,22.159000425115494,0.7793097730926132,88.14471963121434,89.05593246052669,19.93063411253765,20.40626060096156,-0.4756264884239058
R_IB,210,21.870964257164754,25.3059708566397,-3.4350065994749386,48.010682347402636,60.74960194501585,18.482414998467718,23.12905238771515,-4.646637389247427
R_IB,211,19.265259931991896,20.615760201548216,-1.3505002695563169,41.19092244926752,55.290392430796835,16.12120629282796,18.68514458520447,-2.563938292376511
R_IB,212,16.008926655550123,17.3344854158178,-1.3255587602676726,44.10544742694269,53.405566772839435,12.806902506516566,15.548715734018428,-2.7418132275018596
R_IB,213,27.31190357210407,28.504650678598548,-1.1927471064944801,74.01358013320434,82.74041749907576,23.831410951248433,26.443672604698207,-2.6122616534497722
R_IB,214,27.319052191779775,27.151168095072094,0.1678840967076726,93.58244788476753,94.13620254662614,23.85164810825484,25.16942897226684,-1.317780864012006
R_IB,215,23.689315180922705,25.20667438826512,-1.517359207342413,54.591455809675054,59.165296074823715,20.658991728512344,23.11226962679912,-2.453277898286773
R_IB,216,18.09449459745436,20.572697600515866,-2.4782030030615094,42.41719635299826,50.82731165699518,14.706046644014515,18.561259854296644,-3.855213210282126
R_IB,217,24.208305088183547,25.68506481203306,-1.4767597238495054,61.377616470974374,68.60003162723599,20.704802304225577,23.646050827588372,-2.9412485233627934
R_IB,218,24.401194879626264,25.27952616954347,-0.878331289917205,62.318859663639,70.77222519629832,20.692655190460634,23.286221803096385,-2.593566612635749
R_IB,219,21.767165513172586,24.486624427158084,-2.7194589139855023,54.521049770553645,61.65981001712883,18.015209664218236,22.39914300736093,-4.3839333431426954
R_IB,220,19.251069364166884,19.939408417151935,-0.6883390529850553,46.0023292951684,53.75138914450984,15.706275610427062,17.906336515894832,-2.20006090546777
R_IB,221,16.242028506071797,17.89818932145596,-1.656160815384164,36.315421976816765,50.73534226946821,12.615342700126098,15.891034287782798,-3.2756915876567025
R_IB,222,31.13716418993996,32.65313578965932,-1.5159715997193695,98.36048238738105,99.16817229037788,27.497831293853707,30.537764500124783,-3.0399332062710758
R_IB,223,22.092685893924898,23.2273438488454,-1.1346579549205038,54.269476605652,61.05436608710792,18.481906205753177,21.18280761059053,-2.700901404837351
R_IB,224,26.88759961633954,27.377210502619658,-0.48961088628011795,73.43574392835761,82.52203181495378,23.335086229466576,25.34366884433976,-2.0085826148731782
R_IB,225,28.698527917908095,28.324089139837533,0.3744387780705609,92.62634459542537,93.12986763312892,25.366006204462828,26.24128672852296,-0.8752805240601335
R_IB,226,21.8948841404613,20.802658959748637,1.0922251807126604,61.86777496759973,70.50070100016555,18.71662580462977,19.0549606423304,-0.33833483770062633
R_IB,227,21.738175265562337,24.43309174244375,-2.694916476881414,53.892116858299545,60.24010323972574,18.30580332852451,22.28290680798109,-3.9771034794565763
R_IB,228,21.814318160335187,23.726970543190856,-1.9126523828556703,58.38621664681636,61.4586760994824,18.296517647237994,21.717144953079373,-3.420627305841384
R_IB,229,23.872863476703486,26.048131743427394,-2.1752682667239087,56.47217499946701,61.29776896536526,19.88589591438831,23.842841139910057,-3.95694522552175
R_IB,230,33.79553995775245,34.83666719224323,-1.0411272344907803,103.07963696625536,104.20043080942422,30.21342037955107,32.63835538050236,-2.424935000951293
R_IB,231,19.95350467424963,20.320058586372685,-0.3665539121230623,45.94757277093123,59.67013662067139,16.63754655047309,18.530706477170273,-1.8931599266971852
R_IB,232,22.66744491785237,23.289275943293624,-0.6218310254412501,54.521049770553645,60.74960194501585,19.04106272140781,21.24267323522655,-2.2016105138187445
R_IB,233,20.610261013518024,21.23250356443245,-0.622242550914427,51.048872953431065,56.65741269005211,17.29621395183066,19.37196756865583,-2.0757536168251702
R_IB,234,19.664753309381712,20.465580766967268,-0.8008274575855514,49.332296358263264,55.491313806129895,16.34826362137066,18.463384005838556,-2.1151203844678963
R_IB,235,24.96156741775127,25.559211305892088,-0.5976438881408225,88.80193143805644,89.10452797913982,21.65115767333167,23.504543762241152,-1.8533860889094815
R_IB,236,23.3595940617133,24.556500092217437,-1.196906030504135,65.03666730971808,73.6046892742967,19.655059245991183,22.63226548084442,-2.977206234853244
R_IB,237,19.377486781811875,20.587934519854073,-1.2104477380421983,44.088268377142214,56.787215120884184,16.22903714235611,18.664813764112683,-2.4357766217565726
R_IB,238,25.798186152969006,26.095750495128343,-0.29756434215933614,93.58244788476753,94.13620254662614,22.895314724472026,24.152418740661485,-1.257104016189457
R_IB,239,22.5731098948519,23.66785269809138,-1.094742803239482,54.591455809675054,57.688943208605565,19.18473551051085,21.652222398532153,-2.467486888021306
R_IB,240,13.240184266911692,12.287812182073722,0.9523720848379706,29.592133007103428,32.80478748318943,10.366440151129849,10.577502163462373,-0.21106201233252367
R_IB,241,26.57177375395754,27.335484442123075,-0.7637106881655321,76.32492495259142,83.61396023556378,23.110274057338543,25.330137794073355,-2.2198637367348097
R_IB,242,20.065058371669313,19.48819727002715,0.5768611016421603,51.048872953431065,54.81454703322986,17.121786498866577,17.691912903662818,-0.5701264047962444
R_IB,243,19.63473763589144,20.173951410362243,-0.5392137744708019,46.92049089287221,51.73117748005076,16.500774054434824,18.18886421248173,-1.6880901580469012
R_IB,244,34.31380551563783,38.79746100625924,-4.483655490621413,82.22981336963507,88.61857279300847,30.071124918940523,36.40491891984858,-6.333794000908055
R_IB,245,20.857633050129877,20.765972289310092,0.09166076081978507,51.048872953431065,54.08222757616625,17.849085923125475,18.935774769015023,-1.0866888458895498
R_IB,246,20.82055048558273,25.045756769114845,-4.225206283532117,47.704077022948,57.147906355972765,16.902773398112572,22.780027719052807,-5.877254320940236
R_IB,247,17.6554130540321,17.231152602524663,0.4242604515074441,51.167987560443756,59.65741965053057,13.821167040113554,15.477114375832729,-1.6559473357191732
R_IB,248,19.926442022872493,22.903773549344056,-2.977331526471566,49.332296358263264,56.787215120884184,16.562856740944422,20.746393420893767,-4.183536679949346
R_IB,249,25.199388727549056,27.71756378428419,-2.51817505673514,75.16925254289796,82.61303465179905,21.722884357941197,25.626219329884844,-3.903334971943646
R_IB,250,23.471613102379234,25.79086280321272,-2.3192497008334785,59.72828156258068,68.13727437742763,19.640172054381114,23.70433106913862,-4.064159014757509
R_IB,251,15.869634698737137,16.85783304934379,-0.98819835060665,38.170602525989466,45.82067826171099,12.978297211212352,14.96978710438071,-1.9914898931683616
R_IB,252,23.396122505943527,23.719804323580856,-0.3236818176373282,58.65462962996924,61.65981001712883,20.22461708722755,21.75393673247589,-1.5293196452483386
R_IB,253,28.050036762170247,29.35857753780676,-1.3085407756365117,103.07963696625536,104.20043080942422,25.202292662296998,27.310088961238947,-2.107796298941946
R_IB,254,19.30383385454894,20.338619033398334,-1.0347851788493887,49.86099283934057,56.35764370864878,16.0571017992385,18.43493685043139,-2.377835051192891
R_IB,255,24.632149910086188,27.189639416901223,-2.557489506815042,58.38621664681636,61.79252093442944,21.1645643449111,24.92576533278751,-3.7612009878764066
R_IB,256,18.994694927662945,19.5112805950255,-0.5165856673625542,48.88799607091028,51.65503614473792,15.744517132175007,17.5548854567007,-1.8103683245256927
R_IB,257,20.293573421038225,23.258473907897105,-2.9649004868588786,47.704077022948,56.31481956844829,16.716993940705265,21.074344943473964,-4.357351002768701
R_IB,258,18.24296922014107,19.912676513433194,-1.6697072932921229,52.47049490586531,59.92410673908145,14.835034541884808,18.08876433795608,-3.2537297960712714
R_IB,259,13.677211936663044,12.932377151635466,0.7448347850275785,27.321129273196036,35.47268567780057,10.49917395797472,11.173808672821918,-0.6746347148471984
R_IB,260,22.129832639596053,22.501703531496368,-0.3718708919003176,58.38621664681636,61.29776896536526,19.299356507624452,20.645747279206176,-1.3463907715817216
R_IB,261,24.95361917449537,24.994472993881033,-0.04085381938566547,60.76286913550056,61.65981001712883,22.008375844607173,23.070290009436462,-1.06191416482929
R_IB,262,21.577475488318242,22.071227502535105,-0.4937520142168586,50.370084316807905,57.86928882614983,18.24307685529904,20.113399145186442,-1.8703222898874021
R_IB,263,22.247842506866274,22.914949579680385,-0.6671070728141144,55.71988732355022,61.091927306167584,18.800889215224494,21.000906391775537,-2.2000171765510457
R_IB,264,24.352204743864682,24.616517518987774,-0.2643127751230852,61.223929637105925,61.79252093442944,21.074157245608404,22.643362384484064,-1.5692051388756643
R_IB,265,24.436644794172192,24.885120986898485,-0.4484761927262903,60.45549546776361,66.98038125290664,20.83684812928089,22.903442358999786,-2.066594229718894
R_IB,266,21.27426965052232,21.359079897141577,-0.08481024661925753,51.048872953431065,56.67039293313532,17.321311781698263,19.36178413405379,-2.040472352355529
R_IB,267,22.26628370380588,22.12979698222854,0.13648672157733388,53.892116858299545,56.65741269005211,19.179370874980094,20.14721568384712,-0.9678448088670254
R_IB,268,13.534237289762501,13.400343651366162,0.1338936383963414,28.77448364411721,36.378213665826095,10.539447141794454,11.75247506853571,-1.2130279267412556
R_IB,269,15.845371029611192,16.089401892854664,-0.2440308632434741,40.95270743260873,50.432427226551084,12.715143538167005,14.343754325973263,-1.6286107878062621
R_IB,270,23.98785228276654,23.887330532741792,0.1005217500247489,62.784700712607815,71.31527358856387,20.810785135049247,21.90416096497148,-1.0933758299222316
R_IB,271,17.938044772046315,19.25565042274969,-1.3176056507033782,44.92854752551527,55.340622774630106,14.709601865899275,17.352783626398587,-2.6431817604993126
R_IB,272,26.461720912636572,26.914346644451573,-0.45262573181500404,62.784700712607815,71.31527358856387,23.129628607865207,24.852147500691547,-1.722518892826341
R_IB,273,19.795275643165752,20.706880830728867,-0.9116051875631178,44.8126857904521,55.74246552529621,16.484574238032764,18.818558850365857,-2.3339846123330967
R_IB,274,18.251226692905977,18.051111027650926,0.20011566525505087,50.03068999849635,52.427409658315426,15.068018418511986,16.247876524282685,-1.1798581057707012
R_IB,275,21.99031190638019,23.705884286700126,-1.7155723803199388,58.38621664681636,63.595358501699586,18.715426916215982,21.75522382361099,-3.03979690739501
R_IB,276,21.627014906030055,24.73852086015864,-3.111505954128582,58.38621664681636,63.595358501699586,17.839791872654853,22.69403526793761,-4.85424339528276
R_IB,277,22.37973297554942,22.482998379718303,-0.10326540416888383,54.591455809675054,60.24010323972574,19.171750631242226,20.56450265520859,-1.3927520239663627
R_IB,278,20.513974235616345,21.185420954857197,-0.6714467192408538,54.521049770553645,58.59067129632694,16.863607515308296,19.2750907251264,-2.4114832098181003
R_IB,279,23.031260028256554,24.67760705864541,-1.6463470303888554,58.38621664681636,61.65981001712883,20.055439682130537,22.601200640574852,-2.545760958444319
R_IB,280,29.612897421398703,29.70583903215385,-0.09294161075515017,103.07963696625536,104.20043080942422,26.085376717820594,27.696120294264734,-1.6107435764441476
R_IB,281,29.117458864075335,30.227744683200182,-1.1102858191248495,93.58244788476753,94.13620254662614,25.71926088020912,28.063776004594384,-2.3445151243852655
R_IB,282,21.85743756692787,22.26567803997334,-0.408240473045471,62.784700712607815,71.31527358856387,18.710360102196958,20.422590122988826,-1.7122300207918664
R_IB,283,14.310805791807297,13.982162567843716,0.32864322396358214,34.70163265374555,44.741215555107004,11.222972551467914,12.31759880205062,-1.0946262505827047
R_IB,284,21.717607355979908,22.183248455055082,-0.46564109907517726,54.55625279011435,58.59067129632694,17.97075864290877,20.129507240978278,-2.158748598069512
R_IB,285,25.854900330452086,27.083901607884613,-1.2290012774325219,61.99236380644823,66.28624537819402,22.61293133122427,24.92901999058345,-2.316088659359178
R_IB,286,23.222897318100767,24.755750636627212,-1.532853318526442,55.71988732355022,60.24010323972574,19.950976769069445,22.55897317507373,-2.607996406004282
R_IB,287,21.263824048298275,21.75327370597211,-0.4894496576738358,54.591455809675054,58.80702701985627,18.30048988316498,19.78355487608068,-1.4830649929156996
R_IB,288,21.3487975703238,22.174025761304392,-0.8252281909805932,48.43142935166788,57.147906355972765,17.84425831910625,20.1572825615084,-2.313024242402151
R_IB,289,20.2440792008961,21.128407893875487,-0.8843286929793878,48.374358511762566,55.290392430796835,17.102135981303505,19.18463372505441,-2.0824977437509085
R_IB,290,22.208066091097265,23.172424543547187,-0.964358452449921,54.54921218620221,60.44390272184179,18.774183937187534,21.231145561623926,-2.4569616244363908
R_IB,291,20.11237349362684,20.953972331165268,-0.8415988375384239,49.332296358263264,55.74246552529621,16.608537124814273,18.91276070045817,-2.3042235756438942
R_IB,292,23.726380187329326,25.974839107673937,-2.2484589203446133,59.87372434361728,68.60003162723599,20.04734902714519,23.899954904528744,-3.852605877383548
R_IB,293,24.40948295934804,26.314688900549363,-1.9052059412013294,63.91068401116295,72.4599814314303,20.63712786126252,24.30930171896558,-3.672173857703057
R_IB,294,19.56270470362067,19.816565165686683,-0.2538604620660129,49.11014621458678,55.73466668750546,16.058939269815962,17.866700315487503,-1.807761045671538
R_IB,295,20.375124586508,22.555028244505184,-2.1799036579971887,54.521049770553645,61.69962329231901,17.11717781652624,20.663812864196313,-3.5466350476700694
R_IB,296,22.09882141005565,23.350436644459506,-1.2516152344038587,56.284103080487824,61.77924984269938,18.56694617111901,21.38438413057506,-2.8174379594560506
R_IB,297,23.19113773341753,24.363075753693675,-1.171938020276145,56.47217499946701,61.25754218183597,19.57570939136579,22.26866152768988,-2.692952136324087
R_IB,298,18.23204312019591,22.419105223327644,-4.187062103131733,45.03061804704567,56.22917128804735,14.965270432212186,20.32972905708283,-5.3644586248706405
R_IB,299,20.18856343771014,18.4494696040468,1.7390938336633373,55.18214592888327,58.95747743594404,17.258655017601797,16.664675446646886,0.5939795709549112
R_IB,300,36.02008120951893,37.42858913430532,-1.408507924786392,110.33612019629356,109.53473216819327,32.79321296107763,35.22966111240126,-2.4364481513236282
R_IB,301,16.147656968085986,15.426279265831997,0.7213777022539932,40.530229693472975,46.65267978078837,12.82065411573601,13.673851309094736,-0.8531971933587245
R_IB,302,13.696896778334544,13.353390957458853,0.34350582087569087,28.683731513540458,38.03602030128152,10.46766373027365,11.521158842384198,-1.0534951121105458
R_IB,303,25.21717860752895,26.828408532395056,-1.611229924866111,66.18536304062485,75.33875332043434,22.016027026529567,24.74875800757418,-2.7327309810446074
R_IB,304,16.77397803077881,18.86041215127477,-2.0864341204959587,42.14331799989091,55.74246552529621,13.087899676116557,16.89319620785276,-3.805296531736206
R_IB,305,23.600492986863692,26.760296384127976,-3.1598033972642807,60.01916712465386,67.21175987781082,20.00907947008991,24.640774831469038,-4.631695361379125
R_IB,306,23.94242586353109,25.602992128097842,-1.6605662645667552,60.45549546776361,66.98038125290664,20.743573535945828,23.542085344293238,-2.7985118083474085
R_IB,307,23.734454826392138,24.78217558259138,-1.0477207561992334,56.47217499946701,60.74960194501585,20.121592530341154,22.74391895508779,-2.6223264247466336
R_IB,308,22.876652036503927,21.890152081564153,0.9864999549397722,93.58244788476753,94.13620254662614,19.985708513650373,20.12591210758425,-0.14020359393388
R_IB,309,16.158508384816912,15.599796096584086,0.5587122882328295,39.77861785036903,44.40844737134403,13.053179432235702,13.81598593019938,-0.7628064979636804
R_IB,310,21.15198407120422,22.378523632046274,-1.2265395608420557,49.23079548962267,60.74960194501585,17.83009159185874,20.340101980778062,-2.5100103889193224
R_IB,311,28.787053872007228,31.064265876446623,-2.277212004439393,76.32492495259142,83.61396023556378,25.12340165098645,28.826313235075983,-3.702911584089533
R_IB,312,15.991884981640416,16.632315108055952,-0.640430126415536,40.95270743260873,50.73534226946821,12.722885934051392,14.85869927245515,-2.1358133384037563
R_IB,313,22.210072800649414,21.275677419538304,0.9343953811111103,61.99236380644823,66.28624537819402,19.20677814114786,19.452898507069506,-0.2461203659216452
R_IB,314,21.050717271844448,22.149845935932763,-1.0991286640883187,47.888040217620784,61.06247764183993,17.54236808451073,20.171344497939934,-2.6289764134292013
R_IB,315,19.89829964037265,21.05067207731778,-1.1523724369451276,49.52159852102897,56.27199542824782,16.598264888389323,19.081180709211353,-2.4829158208220234
R_IB,316,23.81054473600639,25.605116053949324,-1.7945713179429392,60.45549546776361,68.60003162723599,19.969937404899472,23.58310933530118,-3.613171930401709
R_IB,317,25.77406782982435,26.833153072772102,-1.0590852429477569,96.44926858633562,97.15538439287715,22.55937086088011,24.81752985347708,-2.258158992596966
R_IB,318,25.12546738002468,26.221248070461744,-1.095780690437069,71.12439910897054,81.64848907846576,21.771542404394037,24.307406319920293,-2.5358639155262552
R_IB,319,18.057170606650146,19.88587083315954,-1.8287002265093908,47.50818049042906,55.74246552529621,14.648852615104625,17.965589667617902,-3.316737052513276
R_IB,320,21.8410399217246,22.544648909672865,-0.7036089879482598,54.96759964763348,60.85118999237988,18.522914742208844,20.551948833065136,-2.0290340908562974
R_IB,321,27.010547820210736,26.841374383027837,0.1691734371828991,88.80193143805644,89.10452797913982,23.627369838768793,24.81843163335032,-1.1910617945815258
R_IB,322,30.304912046599654,31.398662899536422,-1.0937508529367685,103.07963696625536,104.20043080942422,27.04080903678128,29.29505425577317,-2.2542452189918896
R_IB,323,15.08326855364244,17.247129921487424,-2.1638613678449805,36.90743894175658,50.73534226946821,12.13952596706265,15.325842319563096,-3.186316352500446
R_IB,324,18.31250366982516,19.286321293783747,-0.9738176239585873,47.116387425391196,51.20113665813814,15.19931551907954,17.231782194957685,-2.0324666758781453
R_IB,325,26.968800548400047,27.981423272648467,-1.0126227242484236,67.92447963995788,77.25050687873708,23.42568399630645,25.880463189483923,-2.454779193177474
R_IB,326,18.977314847607413,19.740407166493007,-0.7630923188855987,44.8126857904521,55.74246552529621,15.969803216388279,17.942560782518278,-1.972757566130001
R_IB,327,21.723696444504235,22.473949752695017,-0.7502533081907772,56.47217499946701,61.65981001712883,18.668625146941984,20.604279509699033,-1.9356543627570524
R_IB,328,24.034931286618413,26.305051012159662,-2.270119725541251,56.284103080487824,61.206748158153964,20.179599658802758,24.158764676130414,-3.9791650173276603
R_IB,329,26.55457820437115,26.87211551122119,-0.3175373068500424,69.64450318740293,79.45556364002107,23.278463987949255,24.824763305599294,-1.5462993176500406
R_IB,330,18.346223053956134,19.04223034015864,-0.6960072862025045,46.528697827834335,51.382696452778056,15.15072373072796,17.091843144893136,-1.9411194141651766
R_IB,331,22.629502105864763,22.63085753983958,-0.0013554339748107797,57.812004152611586,61.752707659239256,19.24353243093257,20.712921678785754,-1.4693892478531858
R_IB,332,24.647388732206917,25.051772775504478,-0.40438404329756517,62.784700712607815,71.31527358856387,21.60447250610472,23.06212959397279,-1.457657087868073
R_IB,333,18.389264409678606,20.29252585799166,-1.9032614483130534,45.234759090106486,55.98581840667178,14.89725160446817,18.256253111276724,-3.3590015068085544
R_IB,334,24.444358843805322,27.471792439969196,-3.0274335961638763,57.812004152611586,63.05450723151857,20.23879258928757,25.268684111759054,-5.02989152247148
R_IB,335,20.72100435886376,20.47833280121883,0.2426715576449304,53.132179043704596,56.09051244881669,17.412039244902843,18.601463045722486,-1.1894238008196423
R_IB,336,21.575779385674817,22.73580761275185,-1.1600282270770372,65.83621183488248,74.7006628659388,18.48622389336743,20.895321347487936,-2.4090974541205057
R_IB,337,22.396399608243083,23.909242363542962,-1.5128427552998784,51.90184612489164,56.69635341930174,18.64540875090581,21.749277103989087,-3.1038683530832762
R_IB,338,23.17844572007582,23.83511625310458,-0.6566705330287639,62.705467021991865,71.0437493924311,19.718835954932885,21.839434734770343,-2.120598779837456
R_IB,339,24.785825270319005,26.452428353632772,-1.6666030833137642,62.784700712607815,71.31527358856387,21.566333659344625,24.35715311831958,-2.7908194589749544
R_IB,340,30.176256732149593,30.845027880237346,-0.6687711480877371,93.58244788476753,94.13620254662614,26.66562406600733,28.757501746971105,-2.0918776809637767
R_IB,341,19.766797257088964,20.326458586656358,-0.5596613295673962,49.52159852102897,55.24016208696357,16.54176850668492,18.330953426472924,-1.7891849197880003
R_IB,342,24.30078254150844,25.89091999567415,-1.5901374541657192,62.784700712607815,71.31527358856387,20.66189998311312,23.840516520818234,-3.1786165377051128
R_IB,343,13.715694744467504,14.776989783784206,-1.0612950393167018,31.822731444849072,39.61795701820246,10.887827828893506,12.958264592909398,-2.0704367640158905
R_IB,344,17.291310827652175,17.631043693005637,-0.3397328653534629,41.770223368429214,50.622442749626344,13.370968101018333,15.834664384452829,-2.4636962834345
R_IB,345,27.081970239762015,28.648449721653254,-1.5664794818912429,66.03609796617357,74.97465626384928,23.446812524268562,26.484335536579977,-3.0375230123114196
R_IB,346,23.082865194523162,23.04023248445071,0.042632710072448385,56.47217499946701,59.54952561595747,20.026203055249283,21.067063284927496,-1.0408602296782068
R_IB,347,15.930778911900015,17.287578283320784,-1.356799371420768,40.18242686247126,51.014818902670164,12.576966263186085,15.413205604186999,-2.8362393410009137
R_IB,348,30.628577796808255,33.89879345426505,-3.2702156574568013,81.63932452793074,88.11811153726403,26.845287902266417,31.56843629582067,-4.723148393554258
R_IB,349,22.748045385933505,24.00149496212536,-1.2534495761918554,51.048872953431065,55.69223518146295,19.544297244644053,21.872616490371595,-2.3283192457275406
R_IB,350,27.00446473756655,26.558697302413297,0.44576743515326167,61.838676972579776,61.77924984269938,23.332962195825466,24.490558991018123,-1.1575967951926558
R_IB,351,25.323022978749368,27.36550401687723,-2.042481038127864,62.784700712607815,71.31527358856387,21.47818056408841,25.223102383931142,-3.744921819842732
R_IB,352,28.249053402157646,30.2857163798584,-2.0366629777007565,70.28883155648928,80.86594917882303,24.536019370773207,28.093314501523082,-3.557295130749874
R_IB,353,26.07546312944868,27.42155926622303,-1.3460961367743518,56.1093601445316,61.79252093442944,22.062393262975913,25.14125924439649,-3.078865981420571
R_IB,354,28.24305856499575,27.91276078114481,0.330297783850941,94.06025133502885,94.63939952100128,24.970068415118362,25.84555863763286,-0.875490222514492
R_IB,355,27.474769239737345,28.65999224991456,-1.1852230101772114,61.99236380644823,61.65981001712883,24.076318927099482,26.482239381959364,-2.405920454859881
R_IB,356,32.010320245364284,30.949615600129537,1.0607046452347548,110.33612019629356,109.53473216819327,28.898697327825023,29.055179694199165,-0.15648236637413404
R_IB,357,22.909063526215387,23.131130342396887,-0.2220668161814985,74.01358013320434,81.61210906803419,19.83530223507994,21.2935820628359,-1.4582798277559652
R_IB,358,24.140678224483935,26.714906513747266,-2.574228289263333,59.72828156258068,65.74806800289517,20.454353705115786,24.584319864341616,-4.129966159225834
R_IB,359,29.027949707721444,31.217789967734003,-2.1898402600125606,69.25790616595111,79.73764074778144,25.26608601145718,29.022200810426856,-3.7561147989696733
R_IB,360,25.015995156509693,28.175552241482258,-3.159557084972567,59.325662087851406,63.05450723151857,21.330873831299197,25.974056958249705,-4.643183126950503
R_IB,361,28.694976190687555,28.837088138814046,-0.14211194812649833,98.36048238738105,99.16817229037788,25.54060690898353,26.77842083019546,-1.2378139212119288
R_IB,362,23.424554456043147,25.34636523366471,-1.9218107776215554,54.53513097837793,60.74960194501585,19.854020258173097,23.252954250971637,-3.398933992798537
R_IB,363,22.074588403122757,22.95498706912891,-0.880398666006152,52.18617051537847,57.508597591061296,18.34509332617842,20.88959826277827,-2.5445049365998513
R_IB,364,18.307443386818363,19.323686981069336,-1.0162435942509713,48.88799607091028,54.909323655307205,15.126234696280191,17.436225006812297,-2.3099903105321054
R_IB,365,22.12629921174908,22.969104158575725,-0.8428049468266428,56.284103080487824,60.24010323972574,18.86194818688693,20.9419742758404,-2.080026088953466
R_IB,366,31.70100421776631,34.04307746574013,-2.3420732479738247,110.33612019629356,109.53473216819327,28.168483089797398,31.936220080242403,-3.767736990445004
R_IB,367,22.240734956454187,24.817106092115132,-2.5763711356609464,54.521049770553645,58.59067129632694,18.633013861922418,22.661543299733893,-4.0285294378114695
R_IB,368,18.255269189308038,19.954492827810775,-1.6992236385027377,44.191068518914456,53.585969928681656,14.711058536009656,18.000613456049656,-3.2895549200400014
R_IB,369,29.21266874305983,31.344128368755257,-2.1314596256954372,82.22981336963507,88.61857279300847,25.266332710769667,29.216743350852862,-3.950410640083198
R_IB,370,24.782022903067723,26.935295294732786,-2.153272391665057,61.0867309089012,67.6745171276192,21.19294720435614,24.79221372574675,-3.5992665213906045
R_IB,371,15.738291826189506,16.424975949116966,-0.6866841229274576,38.803289151732564,46.75189026013704,12.777154976484397,14.616686389993989,-1.8395314135095928
R_IB,372,21.02498479120576,22.418173962154,-1.3931891709482367,46.72459436035327,56.19993910767416,17.81238616910637,20.382804853365954,-2.5704186842595838
R_IB,373,31.329806841055223,31.95202589617454,-0.6222190551193112,100.2481442189308,101.18107569799645,27.939688230346828,29.763082760811407,-1.8233945304645767
R_IB,374,17.698383458741986,19.154973087205022,-1.456589628463033,43.92923385081414,48.883199318676915,14.293850383822816,17.251392173758337,-2.957541789935521
R_IB,375,26.91065958856871,29.863984951929005,-2.9533253633603,69.51563751358567,79.1734865322607,23.37965090411357,27.70935147138495,-4.329700567271376
R_IB,376,19.24931863725231,20.116243076834287,-0.8669244395819773,48.84383055766871,56.74827439163457,16.116808936139474,18.202299087117254,-2.0854901509777797
R_IB,377,18.614250796163144,19.669043555832566,-1.054792759669421,43.92923385081414,53.19978317189293,14.98098764388341,17.67025180828577,-2.68926416440236
R_IB,378,34.39585272247136,35.276642193385285,-0.8807894709139213,103.07963696625536,104.20043080942422,30.729738565324947,33.16598287250227,-2.43624430717732
R_IB,379,24.95582976623079,25.42258996566796,-0.4667601994371732,65.03666730971808,73.6046892742967,21.10029729531405,23.405513531715044,-2.3052162364009976
R_IB,380,19.45901455862543,19.651438159773868,-0.19242360114843596,49.691295680184794,54.2002584809558,16.0272490704209,17.77380594113671,-1.7465568707158072
R_IB,381,19.91266469866066,18.996455639002722,0.916209059657937,49.67561167729686,55.83980667784645,16.652781081061967,17.15299172548379,-0.5002106444218276
R_IB,382,20.51747510938483,20.335295670726545,0.18217943865828468,59.72828156258068,68.60003162723599,17.058545988663493,18.63696112433103,-1.5784151356675347
R_IB,383,31.541918440598742,33.49544011547296,-1.9535216748742097,88.80193143805644,89.10452797913982,27.676694469537054,31.368193675905847,-3.6914992063687917
R_IB,384,27.475532019425653,28.87585788848411,-1.4003258690584515,65.03666730971808,73.6046892742967,23.55208871564977,26.808850687091144,-3.25676197144137
R_IB,385,24.549855137596943,25.769499801460235,-1.2196446638632914,95.9714651360743,96.65218741850201,21.430976633108287,23.837028566353748,-2.40605193324546
R_IB,386,20.67683897118674,19.489312791393846,1.1875261797928942,60.03392347758338,68.87155582336877,17.438825214732738,17.789447375241316,-0.3506221605085748
R_IB,387,19.669370024734253,19.450655030242928,0.21871499449132242,43.23289523850803,50.10454481365657,16.449765202528976,17.548264223854066,-1.0984990213250925
R_IB,388,15.749654842338904,17.515627556622455,-1.7659727142835482,43.631581208993616,55.52681596563477,12.536589281799795,15.774279734390499,-3.237690452590705
R_IB,389,18.3932401737686,18.57181261256775,-0.17857243879914916,45.745111697758546,48.883199318676915,15.434313422401713,16.623666669704754,-1.1893532473030415
R_IB,390,27.466763138684907,29.429383883714525,-1.962620745029616,73.43574392835761,82.52203181495378,23.850576381050246,27.35926685417133,-3.508690473121082
R_IB,391,23.15178341596039,25.928441821876728,-2.776658405916334,54.591455809675054,61.79252093442944,19.540076431685733,23.839297892141033,-4.299221460455302
R_IB,392,15.667455101787738,17.425168150414706,-1.7577130486269683,37.90842172960242,46.04277141792839,12.86985476878366,15.52503306407824,-2.6551782952945806
R_IB,393,18.231849422500495,17.625000785670075,0.6068486368304241,43.92923385081414,50.73534226946821,14.873766597096624,15.695927347365567,-0.8221607502689406
R_IB,394,25.213687532455168,25.778816090900875,-0.565128558445709,64.13588067087396,72.68892300000356,21.682109134749698,23.789256864319764,-2.1071477295700642
R_IB,395,18.9538399655306,20.620912399927512,-1.6670724343969077,44.826477003984834,55.74246552529621,15.62081489868512,18.56884321527796,-2.948028316592841
R_IB,396,21.645848278785625,23.839387316227725,-2.1935390374421035,49.52159852102897,60.74960194501585,17.626822508851415,21.771725700396043,-4.144903191544627
R_IB,397,17.145896318772888,16.91915375219187,0.226742566581018,43.81035860049067,46.65267978078837,14.220535255435054,15.017364269694355,-0.7968290142593009
R_IB,398,20.844805976282977,21.782413116125348,-0.9376071398423723,49.847269336813625,56.787215120884184,17.87123170912751,19.766958475723296,-1.8957267665957882
R_IB,399,28.087912750372364,29.946859882661858,-1.858947132289499,67.03552862262904,76.34462325340188,24.64346200194803,27.767831443363608,-3.1243694414155723
R_IB,400,20.81629156277899,20.82566223646869,-0.00937067368970526,51.74330831685564,57.147906355972765,17.574818239877622,18.976698290913458,-1.4018800510358351
R_IB,401,23.503575080794157,23.2389844693116,0.2645906114825566,59.94644573413557,61.65981001712883,20.319052413773047,21.25017188234764,-0.9311194685745993
R_IB,402,18.023148513017585,18.6806972372011,-0.6575487241835165,45.745111697758546,50.240249868654296,14.705929286896808,16.776098255122207,-2.0701689682253983
R_IB,403,19.099478095440965,21.024702328107796,-1.9252242326668347,49.35190136187319,56.670392933135325,15.77740060101593,19.026722758511077,-3.249322157495148
R_IB,404,25.767626736192337,28.981276262091693,-3.2136495258993594,59.72828156258068,63.595358501699586,21.857425591305617,26.688155601977982,-4.830730010672365
R_IB,405,18.011017384675263,18.442693904823322,-0.431676520148059,40.95270743260873,50.240249868654296,15.085095045579765,16.596422489444322,-1.511327443864559
R_IB,406,25.766971376551933,26.646593038202585,-0.8796216616506553,60.45549546776361,62.24189337880588,22.51527289665627,24.576947823991144,-2.0616749273348742
R_IB,407,22.193603592529506,23.35881443051447,-1.165210837984959,62.38853225952802,69.95765260789993,18.655259546268923,21.446677001688595,-2.7914174554196727
R_IB,408,21.630915361037633,22.665166085221728,-1.0342507241840924,49.212729774584325,55.24016208696357,18.34129131283877,20.649487920669888,-2.3081966078311207
R_IB,409,18.920832597536535,19.81543906194317,-0.8946064644066406,51.90184612489164,57.23739027193458,15.664612115767644,17.937145590038362,-2.272533474270717
R_IB,410,21.3482889820131,22.079642936277146,-0.7313539542640469,54.08079673197578,55.53686484728872,18.10646592943769,20.06326922496729,-1.9568032955296004
R_IB,411,14.310259734478295,14.933921823957679,-0.6236620894793862,31.961473185589572,45.630660484934424,11.186324715498827,13.100536996141143,-1.914212280642316
R_IB,412,22.122767369544658,23.617214581911078,-1.4944472123664214,57.04638749367184,63.595358501699586,18.25100515028023,21.591531841094813,-3.3405266908145808
R_IB,413,26.64248537305959,28.51721177284208,-1.8747263997824941,62.46776595014398,70.2291768040327,23.04117665812849,26.35513481756169,-3.3139581594332
R_IB,414,32.97904979698876,34.48133600937283,-1.5022862123840806,97.4048754868584,98.1617783416276,29.150613151638385,32.32945114710198,-3.1788379954635873
R_IB,415,26.234747110607447,28.33994007890074,-2.105192968293289,64.13588067087396,72.68892300000356,22.371835125877478,26.19434845644969,-3.8225133305722085
R_IB,416,18.47414201413051,18.842620894164018,-0.3684788800335064,49.349940861512195,58.35452129549899,15.070171241302443,17.06420513436109,-1.9940338930586448
R_IB,417,24.315537862775372,25.252156176740545,-0.9366183139651759,60.38277407724532,68.36865300233181,20.690917747041922,23.229543997827285,-2.5386262507853643
R_IB,418,27.383038226717137,27.9697596032694,-0.5867213765522622,69.25790616595111,81.43010339434377,24.227474080686946,25.883721138745827,-1.6562470580588833
R_IB,419,28.246447433960505,29.984229086594194,-1.7377816526336862,64.81147065000707,73.37574770572343,24.59609648104399,27.736724460034896,-3.1406279789909037
R_IB,420,28.199430368663954,31.64164404902061,-3.4422136803566494,70.41769723030654,78.60933231673987,24.35918108545535,29.44621640810149,-5.087035322646148
R_IB,421,20.630710613383503,22.169976431877714,-1.5392658184942078,56.284103080487824,61.61958323359954,17.09610669105804,20.20360762812699,-3.107500937068947
R_IB,422,22.955215525920085,25.072981732770497,-2.1177662068504133,54.14369002320119,60.9527780397439,19.50262671893616,22.921426515213373,-3.418799796277211
R_IB,423,25.217848871166296,27.501528778731878,-2.2836799075655785,62.55178018812341,71.0437493924311,21.13578213054988,25.38799606836538,-4.252213937815495
R_IB,424,19.29222014959102,19.333919647971562,-0.04169949838053844,44.00778425124424,56.05589040397261,15.963689985192183,17.546874913422474,-1.583184928230291
R_IB,425,17.70304523216842,17.9986454252031,-0.2956001930346765,48.520289409138485,56.22917128804735,14.402347552496689,16.092671858281538,-1.6903243057848465
R_IB,426,15.997866132088523,17.059990856631504,-1.0621247245429806,47.028351420358845,54.9075706083645,12.885364316280679,15.291543500824574,-2.4061791845438933
R_IB,427,23.583608405515044,24.501165705985294,-0.9175573004702451,88.80193143805644,89.10452797913982,20.61438425697128,22.571980053700102,-1.9575957967288193
R_IB,428,22.725438215997425,24.413144686032904,-1.6877064700354805,58.100228281023846,62.627584259414206,19.232118031629632,22.40997522409411,-3.177857192464481
R_IB,429,13.346119349672358,13.21570481339034,0.13041453628201538,26.671743593630488,36.63693594811908,10.316068348603368,11.614894764768495,-1.2988264161651275
R_IB,430,26.212428920393286,27.256373452815396,-1.0439445324221068,88.80193143805644,89.10452797913982,23.057431773432643,25.352618736355243,-2.2951869629226
R_IB,431,18.571319778839207,19.30198773442634,-0.7306679555871356,48.317287671857265,53.91680836033807,15.320128108668646,17.433977559968056,-2.1138494512994166
R_IB,432,18.746399634384282,17.6901048047371,1.0562948296471861,42.62021254922038,49.20118277205033,15.985034343181773,15.933098355629882,0.051935987551891445
R_IB,433,25.27227544292548,27.415954736297223,-2.1436792933717412,58.520423138392786,63.864447189349015,21.582696148704574,25.20741001234672,-3.6247138636421448
R_IB,434,25.776041627940508,26.723265058323403,-0.9472234303828914,67.03552862262904,76.34462325340188,22.82342769556868,24.67530942257513,-1.8518817270064436
R_IB,435,18.825985349907675,21.23223583403047,-2.40625048412279,45.54097065469773,56.131830135497125,15.242304990773428,19.214362835407893,-3.972057844634462
R_IB,436,13.324074239030947,14.352059772128609,-1.0279855330976606,31.03041806303549,41.95198364429578,10.340555916996696,12.625966713546582,-2.2854107965498853
R_IB,437,21.40516061559254,22.327318880859178,-0.9221582652666439,54.54217158229007,60.39295285131278,17.675152371963694,20.365078389241297,-2.6899260172776023
R_IB,438,18.89763785006394,21.743549074025914,-2.8459112239619713,46.528697827834335,55.74246552529621,15.552007320694315,19.674244348626928,-4.122237027932611
R_IB,439,17.77701147137202,18.724863982672755,-0.9478525113007339,40.23390402763469,51.563066757210954,15.240054593307589,16.91179735520937,-1.671742761901778
R_IB,440,14.664649963190469,13.693018845873333,0.9716311173171375,35.36852605731177,36.648031082171116,11.87932439805583,11.919281235595722,-0.039956837539894326
R_IB,441,25.789511067006796,27.52756786716554,-1.7380568001587402,65.03666730971808,73.6046892742967,22.216366340621473,25.481447225147658,-3.2650808845261783
R_IB,442,25.87792621313935,28.94659341650895,-3.0686672033696,62.784700712607815,71.31527358856387,22.243085069462186,26.771068977810618,-4.527983908348431
R_IB,443,18.99956616558616,18.31903535119942,0.680530814386739,48.88799607091028,50.33633854760267,15.932043995948138,16.352483167877764,-0.42043917192963115
R_IB,444,24.483767290132434,23.00897012900893,1.4747971611234996,73.1667112203725,82.96498831130312,21.333434058194634,21.149846871685348,0.1835871865092843
R_IB,445,21.36468498260488,22.00291526980749,-0.6382302872026151,54.01790344075037,60.34200298078377,18.20922379203413,20.013224446105767,-1.8040006540716378
R_IB,446,16.352090158289922,16.112477353518138,0.2396128047717888,39.048601364281495,47.82994609932556,13.089311486123169,14.196123479170506,-1.1068119930473377
R_IB,447,23.141954497782546,23.776568860606663,-0.634614362824117,64.36107733058505,72.91786456857689,19.72172741873598,21.966052751238767,-2.2443253325027874
R_IB,448,18.6887578894224,18.7297261576739,-0.040968268251497686,45.745111697758546,51.96234152610155,15.147839636698869,16.812596173981042,-1.664756537282172
R_IB,449,29.756365681897176,30.56446257381637,-0.8080968919192054,76.32492495259142,83.61396023556378,26.042583664752545,28.458981156611205,-2.416397491858658
R_IB,450,24.103824145745754,26.215270133005983,-2.1114459872602236,56.47217499946701,61.155954134471955,20.770915353150976,24.015988588928778,-3.245073235777802
R_IB,451,17.676327012440257,18.906252694178026,-1.2299256817377708,44.167785640306235,50.875080586069195,14.554922635027932,16.95664136951639,-2.401718734488457
R_IB,452,20.988838948739843,21.919193428169653,-0.9303544794298065,52.18617051537847,61.41844931595312,17.652359977295692,19.97941832884658,-2.32705835155089
R_IB,453,27.62859920371056,28.51296341557483,-0.8843642118642725,77.50590263600024,84.6148827470528,24.337235780435698,26.522241280177322,-2.1850054997416284
R_IB,454,19.725650694431348,22.312979035909805,-2.5873283414784525,47.704077022948,56.787215120884184,16.038722698852517,20.264496139904782,-4.2257734410522625
R_IB,455,20.432873764819327,22.260571738229114,-1.827697973409782,43.92923385081414,56.19993910767416,17.11048736355843,20.21647130270811,-3.1059839391496826
R_IB,456,27.131875794426936,28.30564984075053,-1.1737740463235946,72.28007151866416,82.0852604467098,23.50525218714382,26.19732287719377,-2.6920706900499494
R_IB,457,19.370170421212134,23.40644062964275,-4.036270208430612,47.704077022948,55.83980667784645,15.958916775300743,21.154233338334123,-5.195316563033381
R_IB,458,18.554210987195013,20.01861249310276,-1.4644015059077502,45.94100823027748,53.75138914450984,15.061873651037297,18.09691056126316,-3.0350369102258643
R_IB,459,26.48023302399909,26.75849200396331,-0.27825897996421917,60.45549546776361,61.25754218183597,23.303418953367693,24.578820109456316,-1.2754011560886247
R_IB,460,20.35399905633252,21.663473871257217,-1.3094748149246962,54.521049770553645,58.59067129632694,16.79721276557162,19.748615656141673,-2.9514028905700513
R_IB,461,27.46862489528437,28.817158009069622,-1.3485331137852556,70.41769723030654,78.60933231673987,23.82841065084707,26.733463204579927,-2.9050525537328546
R_IB,462,22.957114966199626,23.99727222698929,-1.0401572607896652,56.47217499946701,60.24010323972574,19.71443640833857,22.041163915697656,-2.326727507359089
R_IB,463,16.715607663175557,17.203520442687207,-0.48791277951164796,43.334857599196745,50.240249868654296,13.468510317243878,15.296454826326205,-1.8279445090823303
R_IB,464,19.254525013793796,20.68782947154179,-1.4333044577479905,48.317287671857265,54.24764679199448,15.584700120581365,18.73188526627752,-3.1471851456961506
R_IB,465,32.492606714100994,34.1539773572116,-1.661370643110606,110.33612019629356,109.53473216819327,29.41364736452381,32.142091684973956,-2.728444320450146
R_IB,466,23.302087274133164,25.38813145803273,-2.086044183899566,58.38621664681636,64.48875560068817,20.06660216793422,23.33815098388412,-3.271548815949899
R_IB,467,23.43837634950861,24.92495798463463,-1.4865816351260193,54.591455809675054,60.24010323972574,20.110310980666263,22.846766179882835,-2.736455199216573
R_IB,468,28.02642700142789,28.777874617461237,-0.7514476160333468,82.22981336963507,88.61857279300847,24.598274066870754,26.66913253028954,-2.0708584634187903
R_IB,469,21.11594561511101,22.70497831035393,-1.5890326952429212,49.332296358263264,56.787215120884184,17.5252563504872,20.607598582131228,-3.0823422316440205
R_IB,470,17.78390700719719,19.03088296486087,-1.2469759576636807,44.40440370433045,54.247646791994434,14.45474973319121,17.103944473738668,-2.649194740547459
R_IB,471,24.9055918868644,26.21934756852353,-1.3137556816591298,66.68963598803987,75.10608218702971,21.783717315383264,24.226098210025068,-2.442380894641804
R_IB,472,15.404392719318725,15.674683126659644,-0.27029040734092097,37.90842172960242,43.57652691193667,12.29503549576227,13.920201301538338,-1.6251658057760685
R_IB,473,15.59605682372194,15.862021381232909,-0.26596455751096937,43.45373284952023,50.33926834881708,12.732094163819426,14.077681050083632,-1.3455868862642053
R_IB,474,30.41423966914868,30.376391120618567,0.0378485485301118,98.36048238738105,99.16817229037788,27.300219034840534,28.340956842879887,-1.0407378080393483
R_IB,475,22.731797280231376,24.198388045193557,-1.4665907649621814,54.591455809675054,61.25754218183597,18.933715308241062,22.107489679140055,-3.1737743708989976
R_IB,476,19.701959427960986,19.9136151895163,-0.21165576155531818,58.65462962996924,64.13353587699852,16.868545529860075,18.21171832505218,-1.3431727951921004
R_IB,477,23.067380287106946,24.72261341182749,-1.6552331247205438,47.765398087838925,56.67039293313532,19.292725087029435,22.590175413785314,-3.297450326755876
R_IB,478,23.13378201831395,25.25671277204277,-2.1229307537288173,51.048872953431065,56.967560738428446,19.65691650000711,23.101054753808153,-3.444138253801041
R_IB,479,23.963657455035868,24.38591042768056,-0.4222529726446995,60.45549546776361,61.20470598107234,21.023735341646013,22.38865700872247,-1.364921667076453
R_IB,480,22.17884478076149,22.702417061685015,-0.5235722809235225,58.520423138392786,61.49132381382232,19.08228415587007,20.755041442590688,-1.6727572867206189
R_IB,481,26.49492915113547,28.585925989801098,-2.090996838665629,61.620098090185714,68.80075948337895,22.958401738663074,26.31781126163204,-3.359409522968976
R_IB,482,21.205933038857605,22.74588056386217,-1.5399475250045624,54.521049770553645,60.24010323972574,17.537764928876065,20.727627629163234,-3.1898627002871676
R_IB,483,17.411306622306416,17.681392126722944,-0.27008550441652834,45.745111697758546,51.24652660679811,14.414087382483478,15.729601113568636,-1.315513731085157
R_IB,484,21.7888269432368,23.83690830285318,-2.0480813596163796,53.132179043704596,60.5458024628998,18.410191499077907,21.870355604522803,-3.460164105444892
R_IB,485,31.950279585719848,33.47465563443719,-1.524376048717339,103.07963696625536,104.20043080942422,28.866697758572364,31.280800306656058,-2.414102548083694
R_IB,486,24.537247707122248,27.35103570772317,-2.8137880006009164,59.72828156258068,67.21175987781082,20.840561208104422,25.182861519981216,-4.342300311876788
R_IB,487,20.863780104384784,23.163621894567594,-2.299841790182813,49.15457624332207,56.22917128804735,17.257109389965517,20.98449080436166,-3.7273814143961363
R_IB,488,21.378438184119947,22.657478054274623,-1.2790398701546772,51.048872953431065,56.787215120884184,18.42101947419049,20.6466401777755,-2.2256207035850073
R_IB,489,17.755009483378622,18.74853741610527,-0.9935279327266514,50.70555763439752,54.9249796491846,14.915791724352314,16.85732914014162,-1.9415374157893068
R_IB,490,16.070124475535497,16.05102343818954,0.01910103734595554,35.277129515681295,46.776692879974206,12.652774589687732,14.173274682459498,-1.5205000927717611
R_IB,491,17.28958626328136,19.43227466890683,-2.1426884056254702,43.92923385081414,51.781938370259326,14.050948118754315,17.423636589855764,-3.372688471101446
R_IB,492,19.150613954099445,19.075761957178813,0.07485199692063332,48.72329114641967,56.40046784884925,16.45918135907806,17.365751027682613,-0.9065696686045549
R_IB,493,28.640181105370612,28.817486433898353,-0.17730532852774,82.88702517647717,88.6671683116216,25.010529666128196,26.638463160388454,-1.6279334942602595
R_IB,494,17.62161774897519,18.873382641831693,-1.2517648928565044,45.745111697758546,55.74246552529621,14.15037611431791,17.017298204997417,-2.866922090679508
R_IB,495,25.30669965841616,26.64460551994547,-1.33790586152931,69.25790616595111,78.60933231673987,21.825618478844124,24.613571366306353,-2.787952887462226
R_IB,496,24.9332872626066,26.736380562655143,-1.8030933000485363,61.68499013871133,68.60003162723599,21.153022638326338,24.695547973504933,-3.542525335178597
R_IB,497,25.718817972012847,27.055278882619053,-1.3364609106062095,76.32492495259142,83.61396023556378,22.165370751228295,24.96929646157769,-2.803925710349397
R_IB,498,28.364346290357478,28.84381271396674,-0.4794664236092688,68.36895514862228,79.395911337967,25.063146152864796,26.647051599552736,-1.5839054466879376
R_IB,499,19.794679304383852,20.613124705224205,-0.8184454008403498,47.704077022948,56.65741269005211,16.68412072525387,18.721070386127177,-2.0369496608733084
R_IB,500,25.43049351264215,25.911207502999698,-0.4807139903575462,61.99236380644823,66.28624537819402,21.97033046941888,23.85546619309931,-1.8851357236804325
R_IB,501,29.442840790913515,31.91800505772157,-2.47516426680806,88.80193143805644,89.10452797913982,26.016225790756838,29.689159139826735,-3.6729333490698957
R_IB,502,20.756886597913446,21.32956330181843,-0.572676703904983,59.72828156258068,68.60003162723599,17.45345725168802,19.560394293420423,-2.106937041732405
R_IB,503,25.247254477543603,27.359386476593304,-2.112131999049699,64.12337625873718,72.10329198017857,21.881632456939762,25.299298587008305,-3.4176661300685467
R_IB,504,26.23711700291011,29.80246323724993,-3.565346234339814,58.520423138392786,61.97280469115645,22.48081109965887,27.490832614620256,-5.010021514961387
R_IB,505,24.61979494409498,25.506771696609995,-0.8869767525150128,57.237791658406756,61.65981001712883,21.243078720201957,23.41767705138962,-2.1745983311876667
R_IB,506,21.336900658688336,22.23757673729712,-0.9006760786087817,52.524170708288736,56.08315955922201,18.346599721337697,20.256637759277368,-1.910038037939667
R_IB,507,18.65963269738108,20.628973657193328,-1.969340959812246,47.704077022948,55.74246552529621,14.995535849712379,18.666171754893305,-3.670635905180928
R_IB,508,21.611637238563528,22.562870490776398,-0.9512332522128728,54.521049770553645,58.59067129632694,17.970264537760883,20.511413579089535,-2.5411490413286493
R_IB,509,20.752811888454534,19.908815752727072,0.8439961357274683,55.44015174300001,56.65741269005211,17.50160686037504,18.046058127906417,-0.5444512675313734
R_IB,510,16.95842865990087,18.314510115172215,-1.3560814552713472,41.49771805648906,52.50355099362827,13.303469244182574,16.452890579691285,-3.1494213355087095
R_IB,511,23.092446247684766,24.317206631269023,-1.224760383584258,89.75803472739874,90.11086289263717,20.37008777294889,22.441326329791522,-2.0712385568426317
R_IB,512,21.369113254704303,23.490685584231244,-2.1215723295269413,48.317287671857265,55.74246552529621,18.141144053612283,21.314473735022418,-3.1733296814101286
R_IB,513,24.615859650122903,26.463301988569036,-1.847442338446133,63.235094032029906,71.77315672571048,20.74545135515828,24.457779527525304,-3.7123281723670174
R_IB,514,24.300721880847924,24.484351777174897,-0.18362989632696916,62.30929856891207,69.68612841176716,20.49622648457869,22.50655515898808,-2.010328674409393
R_IB,515,27.380437254229204,29.302542224340588,-1.9221049701113866,67.03552862262904,76.34462325340188,24.024847757748162,27.153390310074748,-3.128542552326584
R_IB,516,15.043575619120391,15.799382492401785,-0.7558068732813923,42.315233992309544,47.6192954554553,12.230674792097584,14.023249446199712,-1.7925746541021288
R_IB,517,14.975754732835949,16.950903562439233,-1.9751488296032829,39.027006007265086,51.781938370259326,11.798134787275293,15.168984505951265,-3.370849718675969
R_IB,518,33.37207905465121,34.678714546148065,-1.3066354914968585,103.07963696625536,104.20043080942422,29.86859684126344,32.519970224406194,-2.651373383142753
R_IB,519,21.611661350514392,24.057981900166332,-2.446320549651943,54.269476605652,61.05436608710792,18.46987565402676,22.060873320309437,-3.5909976662826706
R_IB,520,25.87748322929178,28.440617674913753,-2.5631344456219716,62.784700712607815,71.31527358856387,21.85824807979913,26.244776098319868,-4.38652801852074
R_IB,521,21.3989598580859,23.883463684311646,-2.4845038262257515,49.332296358263264,58.59067129632694,17.544315895204274,21.66233498220123,-4.118019086996955
R_IB,522,25.734719513954325,25.704256265736717,0.030463248217612583,93.58244788476753,94.13620254662614,22.527054616685014,23.854521040082254,-1.32746642339724
R_IB,523,14.9536157920803,15.860244666906167,-0.906628874825867,37.90842172960242,46.776692879974206,12.137448654058145,14.031519281293729,-1.8940706272355843
R_IB,524,21.265973998653706,21.553204142210355,-0.2872301435566448,51.61752173440481,55.24016208696357,18.11289382980933,19.45486796931445,-1.3419741395051141
R_IB,525,23.6911223071747,25.91260329313989,-2.221480985965189,55.15567156661266,61.65981001712883,19.921455720705154,23.746894270257247,-3.8254385495520897
R_IB,526,19.022492458054074,21.78145664790696,-2.758964189852887,45.745111697758546,55.69223518146295,15.580312001355992,19.648520994403825,-4.068208993047834
R_IB,527,21.007067349376523,22.4896139949463,-1.4825466455697767,54.96759964763348,62.1530884478835,17.217287007223664,20.54500550389767,-3.327718496674007
R_IB,528,15.722931264734463,16.460758734053996,-0.7378274693195347,38.244119914593824,51.20113665813814,12.44421021277677,14.653915752931466,-2.209705540154696
R_IB,529,20.492442146998577,22.46353793310148,-1.9710957861029044,47.704077022948,56.787215120884184,17.322159929942334,20.495301125386316,-3.1731411954439857
R_IB,530,13.592859876360432,14.778520264650275,-1.185660388289845,27.965212866619662,41.66964722994398,10.408476263785078,12.986864822772315,-2.5783885589872364
R_IB,531,24.289851648134277,26.849538518672116,-2.5596868705378366,54.591455809675054,60.24010323972574,20.849209934887995,24.634924273655127,-3.7857143387671384
R_IB,532,18.60270714977849,18.72303523968107,-0.12032808990258383,48.317287671857265,51.781938370259326,15.328130902846015,16.735105419920004,-1.4069745170739918
R_IB,533,17.93266331667329,18.615147143251065,-0.6824838265777772,42.315233992309544,48.883199318676915,14.641930374342737,16.57543924755146,-1.9335088732087269
R_IB,534,23.00156908983422,22.941859809357165,0.05970928047705789,56.47217499946701,61.65981001712883,19.400939857551904,20.965968117914965,-1.5650282603630628
R_IB,535,23.025980627268922,23.300331603247336,-0.2743509759784151,53.892116858299545,61.79252093442944,19.430485001690567,21.226917104081327,-1.7964321023907566
R_IB,536,15.248633422365012,15.322451998509882,-0.07381857614486857,37.258467037753206,45.174613566782575,11.918899974041114,13.564762905474286,-1.6458629314331739
R_IB,537,23.93794332264179,23.598669285651624,0.33927403699016684,79.02991880200378,85.2673156867418,20.811193494518495,21.73336843922113,-0.9221749447026382
R_IB,538,20.784290440383135,19.80969859273202,0.974591847651116,47.94086083254047,52.473583113600235,17.79968241293761,17.870293331916578,-0.07061091897897026
R_IB,539,20.808408439726687,21.726478406665564,-0.918069966938875,48.93242609964558,55.791136101571325,17.598010290864064,19.720458570296472,-2.122448279432409
R_IB,540,22.974651939863335,23.523730836706186,-0.54907889684285,65.03666730971808,73.6046892742967,19.67171441147159,21.68753018417224,-2.0158157727006527
R_IB,541,20.256618475677136,21.81147326040625,-1.5548547847291125,48.317287671857265,55.93714783039667,17.197424008417183,19.794250474170397,-2.596826465753209
R_IB,542,22.190172547531436,22.781859105662583,-0.5916865581311475,59.72828156258068,67.21175987781082,18.732170922624498,20.949420382019756,-2.217249459395257
R_IB,543,21.645844023953067,21.668415849239807,-0.02257182528674633,52.09052599856788,55.66533726789015,18.451178154490844,19.69097092054072,-1.2397927660498775
R_IB,544,18.501129596121405,18.234862182645706,0.2662674134756976,37.56697303509002,45.72823364848017,15.329712878089591,16.417357405069712,-1.0876445269801218
R_IB,545,20.98959340099027,22.890816598830533,-1.9012231978402612,51.048872953431065,58.049634443694146,17.35738156675225,20.821975737786815,-3.464594171034565
R_IB,546,31.34287341802065,31.023607945174348,0.31926547284630385,101.19197513470561,102.18752740180565,27.912938695277496,29.03079371487474,-1.1178550195972459
R_IB,547,23.95778522266523,25.76967987756152,-1.8118946548962895,65.03666730971808,73.6046892742967,20.26661373357498,23.8059105959251,-3.5392968623501164
R_IB,548,23.82297296728432,26.45733236794035,-2.6343594006560345,60.60918230163207,68.60003162723599,20.055987171631305,24.42682335944689,-4.370836187815584
R_IB,549,27.241764317372883,28.486534394685396,-1.2447700773125168,88.80193143805644,89.10452797913982,24.20707009485138,26.360637017130355,-2.1535669222789693
R_IB,550,20.74186589685733,20.36017073363686,0.38169516322047337,48.43142935166788,56.787215120884184,17.467064415160007,18.442331174118937,-0.9752667589589309
R_IB,551,25.643005775268808,25.667583788978103,-0.024578013709288866,77.50590263600024,84.6148827470528,22.452397169938102,23.78401680233895,-1.3316196324008458
R_IB,552,22.93150825105947,23.15834328466547,-0.22683503360599735,60.45549546776361,60.24010323972574,20.233702276365563,21.264703139190694,-1.0310008628251301
R_IB,553,14.418014670603782,13.930257979475588,0.48775669112819786,35.36852605731177,39.80182066209669,11.533563530061143,12.195455830559073,-0.6618923004979295
R_IB,554,14.677748723827492,15.38854618800723,-0.7107974641797402,36.08274783540742,49.873707510155484,11.717765239530781,13.678883255753597,-1.961118016222816
R_IB,555,21.94977232182261,23.037063740457008,-1.0872914186343994,55.343743485591844,61.71289438404907,18.24784829839833,21.01152788178784,-2.763679583389509
R_IB,556,32.943166047093555,34.44283173995338,-1.4996656928598255,103.07963696625536,104.20043080942422,29.38185451170486,32.231507143564265,-2.8496526318594007
R_IB,557,17.216199346175298,17.401586935608766,-0.18538758943346506,49.33425685862426,51.65503614473792,14.442574285265417,15.623357371590439,-1.1807830863250208
R_IB,558,15.413356753394611,16.816415853568582,-1.4030591001739725,40.91045965869516,50.68583302938682,12.703856889246989,14.932626818520601,-2.2287699292736156
R_IB,559,26.045019947003386,27.391335477025958,-1.3463155300225702,67.03552862262904,76.34462325340188,22.681289962661467,25.33083226052942,-2.6495422978679555
R_IB,560,29.702777932481393,30.721001791617347,-1.018223859135951,76.32492495259142,83.61396023556378,26.374790488548996,28.69319390295349,-2.318403414404488
R_IB,561,16.933451374845717,20.675832943082735,-3.7423815682370196,38.00498292674256,54.23291860766605,13.233746490804554,18.61760705875221,-5.3838605679476546
R_IB,562,35.0830568665131,38.56213017592003,-3.4790733094069384,82.22981336963507,88.61857279300847,30.98973974633323,36.13320810103597,-5.143468354702742
R_IB,563,15.606718624646453,16.711965763490447,-1.1052471388439988,37.56697303509002,46.72708764029987,12.444695959231957,14.774198385844297,-2.3295024266123407
R_IB,564,18.89620090138966,19.54218902204644,-0.6459881206567847,49.349940861512195,58.397345435699464,15.385666137947789,17.642228819890914,-2.2565626819431257
R_IB,565,16.78227946570519,17.036417925183997,-0.254138459478803,44.088268377142214,51.6804165898422,13.429459827466255,15.151426447651064,-1.7219666201848105
R_IB,566,17.60765365161005,18.45063057473197,-0.8429769231219223,43.92923385081414,50.240249868654296,14.537396709160701,16.531147679676142,-1.99375097051544
R_IB,567,25.4302701751142,25.984601227516766,-0.5543310524025655,98.36048238738105,99.16817229037788,22.22070958489406,24.039640826244515,-1.8189312413504632
R_IB,568,21.933686453510454,23.530370770581413,-1.5966843170709626,54.206583314426595,62.69393971806451,18.3138240798654,21.57800672098041,-3.2641826411150077
R_IB,569,13.794985806036236,16.390376748555408,-2.595390942519174,36.24366995221585,46.56700103367541,10.863615994813902,14.548247484475667,-3.6846314896617662
R_IB,570,25.138830557752133,27.13051787552245,-1.9916873177703225,59.72828156258068,68.60003162723599,20.771120256266453,24.932156048878063,-4.161035792611605
R_IB,571,20.38625869875999,19.800067818905166,0.586190879854821,56.47217499946701,58.59067129632694,17.30563756026088,18.0716126976622,-0.7659751374013205
R_IB,572,21.243160115885054,21.33223250464178,-0.08907238875672413,53.323468077325884,59.931164094023146,18.10335314177314,19.35806310584434,-1.2547099640711954
R_IB,573,15.33837566027397,15.608894360906417,-0.2705187006324438,35.30759502955812,46.75189026013704,12.027942508311703,13.816834355015914,-1.7888918467042123
R_IB,574,22.66198007144818,24.707133318227058,-2.045153246778877,59.72828156258068,66.28624537819402,19.28954158739713,22.713048774276626,-3.4235071868794935
R_IB,575,17.883344651687715,18.957514174725457,-1.0741695230377473,45.64304117622814,51.76924814770719,14.38073998451262,16.97812215025539,-2.5973821657427716
R_IB,576,24.54824394071346,26.713660840447407,-2.165416899733948,62.30929856891207,69.68612841176716,21.1954439002032,24.638132819193057,-3.4426889189898597
R_IB,577,15.740864221312235,16.305378549359236,-0.5645143280470032,40.78371633695443,51.20113665813814,12.625204575684783,14.421175982018692,-1.7959714063339045
R_IB,578,15.058139267807741,14.879808086898503,0.17833118090923655,35.71955415330843,39.71285506026656,11.952816054087126,13.15110989472973,-1.1982938406426038
R_IB,579,20.329415039608076,19.527586380234894,0.8018286593731832,48.83092523100498,55.69223518146295,17.178205666782784,17.734192218237045,-0.5559865514542608
R_IB,580,15.81408623490847,16.039702928202143,-0.2256166932936708,38.0316514886126,43.88283337615476,12.607530670636422,14.259962218761764,-1.6524315481253424
R_IB,581,26.298927590016447,28.356845631651446,-2.057918041635001,62.784700712607815,71.31527358856387,22.661448069256263,26.178063316172235,-3.5166152469159746
R_IB,582,28.53165699091148,29.325187745061235,-0.7935307541497583,98.36048238738105,99.16817229037788,25.311846147251643,27.23443433743575,-1.9225881901841084
R_IB,583,16.43758785839578,16.23788644627819,0.19970141211759093,46.13690476279647,51.6804165898422,13.38242054057108,14.39528579945832,-1.0128652588872376
R_IB,584,25.470175075840796,27.89245671921124,-2.4222816433704404,64.05994908561424,72.82407848801533,22.156015822228696,25.72346636267204,-3.5674505404433425
R_IB,585,22.233353762299746,21.955280677482246,0.2780730848175004,59.72828156258068,63.595358501699586,18.522415584579637,20.078624923155562,-1.5562093385759275
R_IB,586,22.82816929939732,25.586708217332472,-2.7585389179351507,54.521049770553645,61.79252093442944,19.129535832219553,23.529332398062753,-4.3997965658432046
R_IB,587,16.70929330428144,16.0211449605471,0.6881483437343409,44.24730290347026,48.087707815934756,13.611923203530717,14.219744313266235,-0.6078211097355178
R_IB,588,21.896742785086836,22.206715691511093,-0.3099729064242557,52.09052599856788,56.65741269005211,18.69056801570361,20.288986568451374,-1.598418552747764
R_IB,589,15.987374007240833,17.33530912102231,-1.347935113781477,40.825964110868014,50.732901912672524,12.584699304363046,15.607366734206275,-3.0226674298432297
R_IB,590,21.729240479580177,22.933772903970517,-1.2045324243903388,54.269476605652,59.58033046236621,17.821875675386114,20.878268840626347,-3.056393165240236
R_IB,591,23.240558428499412,25.449507053254806,-2.208948624755393,56.47217499946701,61.79252093442944,19.46620506818144,23.350542377004544,-3.8843373088231035
R_IB,592,17.655790315816702,19.664117400479427,-2.008327084662721,43.0289705171306,51.37912798215702,14.319630004273199,17.619405369947135,-3.299775365673937
R_IB,593,21.48927608786243,23.392126223520474,-1.9028501356580414,59.72828156258068,63.595358501699586,18.201266118801385,21.53006144732464,-3.3287953285232574
R_IB,594,24.232066035163474,25.435089134306505,-1.2030230991430324,66.13864642859932,74.60561788278542,21.1767018259261,23.486993142521833,-2.310291316595736
R_IB,595,14.267843449890934,14.805523302585884,-0.5376798526949492,31.961473185589572,44.741215555107004,11.139109092487422,13.074957230977388,-1.9358481384899655
R_IB,596,25.420695090882095,28.329411403646915,-2.9087163127648163,66.43587022875573,75.5226430596703,21.665739569980595,26.177175253492226,-4.511435683511628
R_IB,597,18.94501691119476,18.82514419041053,0.11987272078423217,51.167987560443756,59.65741965053057,15.214450414128022,16.967151074690932,-1.7527006605629123
R_IB,598,24.921129121833296,27.279508717384747,-2.3583795955514466,59.94644573413557,64.40262456464795,21.319465211448236,25.065125514017115,-3.7456603025688784
R_IB,599,21.99536274861959,23.714778866889247,-1.7194161182696541,59.459868579427834,68.13727437742763,18.448854191016967,21.778598250041828,-3.3297440590248626
R_IB,600,20.514431601138305,20.99029150394523,-0.4758599028069319,51.048872953431065,56.22917128804735,17.38486844175331,19.100628110498693,-1.7157596687453902
R_IB,601,20.98288775115571,23.84200707506943,-2.8591193239137134,54.521049770553645,59.415387268026336,17.283011603415172,21.81206294130336,-4.529051337888192
R_IB,602,25.054724931469813,24.89454354819271,0.16018138327710255,62.784700712607815,71.31527358856387,21.530126401327134,22.89670488157219,-1.366578480245051
R_IB,603,26.927619054426945,28.91269983402673,-1.9850807795997836,70.5465629041238,79.1734865322607,23.02998960427183,26.80029901854545,-3.7703094142736173
R_IB,604,22.97978736058775,24.220776468859412,-1.2409891082716573,56.47217499946701,61.25754218183597,19.492737448403332,22.179862123687997,-2.687124675284667
R_IB,605,29.468297476384585,31.905789843821,-2.437492367436417,93.58244788476753,94.13620254662614,25.80514642549222,29.67889599432195,-3.8737495688297354
R_IB,606,18.079122372431375,20.286091148521756,-2.2069687760903767,48.97685612838089,56.340780054614726,14.826959691004578,18.400098262875208,-3.5731385718706297
R_IB,607,25.133133448271522,24.850498465845224,0.282634982426302,60.237331296208744,63.014693956328394,21.687885254940458,22.8014567678331,-1.1135715128926371
R_IB,608,18.52369276920547,20.390779126643398,-1.8670863574379253,43.334857599196745,52.864357305312716,14.946243198340488,18.302032304234444,-3.3557891058939577
R_IB,609,16.861013711741872,16.97509237705957,-0.11407866531769847,44.5018771546833,47.03839489886801,13.76075219281474,15.187627855303909,-1.4268756624891683
R_IB,610,21.674114051458464,23.60631761204202,-1.932203560583562,54.54921218620221,60.24010323972574,18.405886014961666,21.598430471122988,-3.1925444561613223
R_IB,611,19.46332352536082,20.204937703326756,-0.7416141779659373,49.332296358263264,52.81359641510421,16.280468202067603,18.270446711983244,-1.9899785099156369
R_IB,612,24.14867733405172,23.54810735368905,0.6005699803626706,93.58244788476753,94.13620254662614,21.316387044564557,21.723809331192484,-0.40742228662792884
R_IB,613,18.313829014814214,17.626468908464364,0.6873601063498468,44.191068518914456,53.585969928681656,14.888159579650885,15.953132921936634,-1.0649733422857468
R_IB,614,17.99161020332717,19.40202541284396,-1.4104152095167881,35.06387091854351,51.781938370259326,14.535519025077265,17.506438621408417,-2.9709195963311545
R_IB,615,22.620123745125323,22.819174297021924,-0.1990505518966001,55.71988732355022,59.58033046236621,19.249377003698378,20.781380550251455,-1.5320035465530757
R_IB,616,27.28728153330947,27.83049293793249,-0.54321140462302,69.25790616595111,81.43010339434377,23.87454754993149,25.837391983427718,-1.9628444334962287
R_IB,617,26.15676226767666,27.234931885960847,-1.0781696182841916,83.54423698331945,88.71576383023475,23.01810583827124,25.23735684462999,-2.2192510063587516
R_IB,618,14.386733559541597,14.62547876038667,-0.23874520084507328,35.94872019379775,40.24051338446387,11.34758722410961,12.807735799010718,-1.460148574901113
R_IB,619,27.255768933622196,28.078329606750444,-0.822560673128247,71.70223531381743,81.86687476258781,23.629555703506075,26.1525029464733,-2.522947242967224
R_IB,620,27.685048289961852,31.182855779106514,-3.4978074891446607,65.03666730971808,73.6046892742967,23.612282912324833,28.967288057854752,-5.3550051455299235
R_IB,621,22.425575243866092,24.314273855434926,-1.8886986115688345,54.591455809675054,60.24010323972574,19.300862561307323,22.285874878902437,-2.9850123175951184
R_IB,622,18.85234619181132,20.16291775163931,-1.3105715598279875,46.72459436035327,51.781938370259326,15.325854355058484,18.134737882871615,-2.8088835278131308
R_IB,623,22.975224083719603,23.803310820580883,-0.8280867368612851,56.284103080487824,60.07516004538587,19.73998034184115,21.793946081393607,-2.0539657395524524
R_IB,624,21.926097262020622,23.944497640804688,-2.018400378784068,48.93438660000657,56.967560738428446,18.3854800330905,21.880472260678356,-3.494992227587855
R_IB,625,16.40218755462855,16.496789934257794,-0.09460237962924244,40.95270743260873,51.69310681239434,13.089210655366434,14.639036850225907,-1.549826194859471
R_IB,626,29.398402032264322,30.33781080640997,-0.9394087741456447,74.01358013320434,81.61210906803419,25.52774010986427,28.14646619170823,-2.6187260818439655
R_IB,627,18.324813299985546,19.847525230811645,-1.5227119308260981,44.826477003984834,51.65503614473792,15.16758999431266,17.848684920711737,-2.681094926399075
R_IB,628,27.712192188863394,27.980689380103478,-0.2684971912400847,67.03552862262904,76.34462325340188,24.034569302558854,25.7673242945351,-1.7327549919762493
R_IB,629,21.934858456310742,24.26271241570369,-2.327853959392942,47.704077022948,57.508597591061296,18.22815166893185,22.080728884185195,-3.852577215253344
R_IB,630,16.921308935683374,16.728669927438755,0.1926390082446205,44.826477003984834,50.28975910873569,13.88925917615009,14.870700617012027,-0.9814414408619363
R_IB,631,22.1931110862805,22.745669955423292,-0.5525588691427987,60.78995871200818,69.60096315664815,18.519815444837196,20.862047412332966,-2.342231967495769
R_IB,632,22.997977971920605,23.777718342068457,-0.7797403701478518,53.760523976449036,61.20470598107234,19.670085203928327,21.706148384499073,-2.0360631805707423
R_IB,633,20.989688050069145,22.12332265701942,-1.133634606950271,56.47217499946701,61.25754218183597,17.71091338652009,20.06199322018449,-2.3510798336643974
R_IB,634,24.742908200790133,25.401951669711867,-0.6590434689217334,76.32492495259142,83.61396023556378,21.537120882296982,23.50074977843821,-1.9636288961412214
R_IB,635,28.859104295260014,29.994442236605924,-1.1353379413459113,82.22981336963507,88.61857279300847,24.915026634585438,27.97687113736576,-3.061844502780319
R_IB,636,18.439453245087616,17.532577300589477,0.9068759444981419,43.816908418909144,45.52283022075881,15.507761632514836,15.795754973724566,-0.2879933412097279
R_IB,637,33.09179855085124,34.66484873147517,-1.573050180623918,103.07963696625536,104.20043080942422,29.918510408918078,32.48929171601846,-2.57078130710038
R_IB,638,22.131059454629668,23.604852592790767,-1.473793138161101,54.55625279011435,61.4586760994824,18.77497191260791,21.57796940847683,-2.8029974958689197
R_IB,639,17.199412491894133,20.408388259637427,-3.2089757677432944,40.95270743260873,53.8016194883431,13.494050251661783,18.32635242548417,-4.832302173822388
R_IB,640,22.79114399546824,23.1724609272028,-0.38131693173455533,58.78883612154567,64.40262456464795,18.831937353165237,21.176966441556512,-2.3450290883912746
R_IB,641,22.789409461555163,23.48927505273497,-0.699865591179805,53.96205075343709,56.65741269005211,19.571933063421387,21.441015705061467,-1.8690826416400819
R_IB,642,17.273506361575127,18.891205076492096,-1.6176987149169673,43.86979622565241,51.60964619607795,14.02802407525295,16.99392956759948,-2.9659054923465287
R_IB,643,15.566699070490646,16.281570341648138,-0.7148712711574913,40.18242686247126,48.581255371186415,12.374024685867116,14.590624053478635,-2.2165993676115203
R_IB,644,18.245882497783985,19.881201395201916,-1.6353188974179298,43.334857599196745,48.883199318676915,15.265428089796591,17.810928978597556,-2.5455008888009663
R_IB,645,28.82127260284955,30.58579629373789,-1.7645236908883357,69.25790616595111,78.60933231673987,24.98319166050077,28.37259185712995,-3.389400196629191
R_IB,646,22.90974403446492,23.58076646316136,-0.671022428696436,57.62726447938814,61.155954134471955,19.490412000187597,21.627474613982876,-2.137062613795282
R_IB,647,21.064149425815074,21.786161625672353,-0.7220121998572743,54.56329339402649,57.86928882614983,18.089601011316255,19.924207276142834,-1.8346062648265795
R_IB,648,19.161387053596346,18.314540071092424,0.8468469825039162,45.1234944262209,54.879867286650374,16.062639616166944,16.588809937114835,-0.5261703209478882
R_IB,649,12.496062658423371,12.427366229284491,0.0686964291388807,23.10881031092996,32.99502585945518,9.2877080472224,10.866875086735885,-1.579167039513483
R_IB,650,26.149455857122376,27.22684866249027,-1.0773928053679,82.88702517647717,88.6671683116216,22.774373911282137,25.270797957913327,-2.496424046631196
R_IB,651,21.494724824276997,22.527567956404273,-1.0328431321272757,48.317287671857265,53.165227856941044,18.380206969928405,20.499253234524733,-2.1190462645963284
R_IB,652,13.825270964321955,12.38353235603831,1.441738608283645,26.025738994262472,30.703995713632693,10.691938299052158,10.682261740055194,0.009676558996965273
R_IB,653,20.753386214344555,21.107201798790523,-0.3538155844459648,52.75481929635214,56.03448898294689,17.67434854556233,19.233385417245664,-1.5590368716833298
R_IB,654,22.48193506713704,23.446240978109575,-0.9643059109725352,60.16460990569043,67.6745171276192,19.296505884923835,21.50815739337982,-2.2116515084559785
R_IB,655,19.11210510742093,19.539947007593263,-0.42784190017233037,49.34405936042922,60.19079382763234,15.855505239693318,17.780210809949985,-1.9247055702566664
R_IB,656,32.22866309760963,32.564057278973536,-0.33539418136389526,103.07963696625536,104.20043080942422,28.748784573976824,30.505992137865103,-1.7572075638882794
R_IB,657,26.853621090773025,27.41579795894539,-0.5621768681723679,95.01585823555165,95.64579346975172,23.697264466894563,25.42058998527752,-1.7233255183829588
R_IB,658,25.59228479056952,25.23059632655855,0.3616884640109656,88.80193143805644,89.10452797913982,22.25327113378219,23.318553173715866,-1.0652820399336818
R_IB,659,16.372747806260588,16.636417567170746,-0.26366976091015953,43.05439480862439,46.65267978078837,13.42660751895752,14.720803712729131,-1.2941961937716107
R_IB,660,22.087359127854704,22.84884300454298,-0.7614838766882742,53.607792467812715,60.990855093285084,18.861663319104828,20.860462837714536,-1.998799518609708
R_IB,661,19.299821115213817,20.224339782454187,-0.9245186672403684,49.50395401778003,56.787215120884184,16.04820003852394,18.230569811591113,-2.1823697730671703
R_IB,662,22.40025462709904,22.491196832481887,-0.09094220538284337,59.72828156258068,65.59722775191418,18.806515406342612,20.58635172862216,-1.7798363222795495
R_IB,663,20.61661454452016,20.355767381841307,0.26084716267885216,50.879175794275284,58.397345435699464,17.342322127848057,18.502247078322235,-1.1599249504741758
R_IB,664,19.76082045066284,19.204879162846208,0.5559412878166295,51.048872953431065,56.65741269005211,16.935048236368438,17.411628592739117,-0.4765803563706814
R_IB,665,17.62673204355811,18.198969149432003,-0.5722371058738849,44.191068518914456,48.883199318676915,14.165602607019919,16.27300132290657,-2.107398715886651
R_IB,666,22.16466581400299,22.44212855745774,-0.27746274345475264,49.02128615711618,57.82308155653669,18.96970433721588,20.40464489780601,-1.4349405605901255
R_IB,667,16.051602770134977,17.010971596004314,-0.9593688258693357,31.088805767846512,46.46215511052601,13.188796190594445,15.289997367162265,-2.1012011765678187
R_IB,668,18.04846643676239,17.711430801461443,0.3370356353009433,48.659712711289075,52.632036620464234,14.740112343099513,15.924496589372076,-1.184384246272563
R_IB,669,19.54883523720347,19.37998540550726,0.16884983169620826,49.78827840826687,55.33906300707194,16.196229486251827,17.41642734186348,-1.220197855611652
R_IB,670,15.739001572926004,17.48653228390888,-1.7475307109828715,35.06387091854351,46.04277141792839,12.44330078133787,15.489937550052305,-3.046636768714438
R_IB,671,25.47715397935629,26.289806026242648,-0.8126520468863617,88.80193143805644,89.10452797913982,22.065240887233394,24.346771693073716,-2.281530805840325
R_IB,672,16.16977726467356,16.62091363892249,-0.45113637424893155,44.457737500684445,48.732227344931665,13.22505596970275,14.817686009132846,-1.5926300394300954
R_IB,673,28.434735699385133,29.924956409129432,-1.4902207097443,82.22981336963507,88.61857279300847,24.453846646925527,27.769900373120613,-3.3160537261950824
R_IB,674,16.77421573185616,18.032961010682442,-1.2587452788262807,44.191068518914456,52.683954149470495,13.281764241159223,16.194924061227045,-2.9131598200678246
R_IB,675,20.186180760500058,22.37092851501877,-2.1847477545187135,52.47049490586531,61.003572063425906,16.456285366546858,20.384514623091405,-3.9282292565445442
R_IB,676,23.862135102454978,24.930339626145724,-1.0682045236907471,49.4099217844868,60.74960194501585,20.64869836679509,22.79534404430377,-2.146645677508683
R_IB,677,31.670139590708065,32.91397901673867,-1.243839426030612,106.70787858127446,106.86758148880875,28.44962569766437,30.75383220959388,-2.304206511929514
R_IB,678,16.57346896802324,16.02060858507808,0.5528603829451603,41.63397071245914,45.946523805769885,13.668175479465578,14.151434001705873,-0.48325852224029164
R_IB,679,28.510184087735713,28.242610526018908,0.26757356171680974,95.49366168581297,96.14899044412687,25.233429098280507,26.21407858974014,-0.9806494914596353
R_IB,680,18.111952173531517,19.71642022135247,-1.604468047820955,43.92923385081414,54.743904439479024,14.501331104866816,17.772740777706193,-3.271409672839376
R_IB,681,24.205762296207787,24.163252153467802,0.04251014273998789,88.80193143805644,89.10452797913982,21.05682927330932,22.214357309499235,-1.1575280361899194
R_IB,682,20.543765117980964,20.7495482685159,-0.20578315053493176,49.78827840826687,61.79252093442944,17.089608142221145,18.89957420716158,-1.8099660649404365
R_IB,683,36.96479693193914,35.97873949872473,0.9860574332144005,112.48750033372112,114.01574085854912,33.91273517596419,33.95365287485621,-0.04091769889202354
R_IB,684,20.07918526516865,20.773336517428977,-0.6941512522603227,55.301499862119,62.434029410957145,16.63204995336532,18.913743246115555,-2.281693292750238
R_IB,685,17.435676830621883,18.296612551568494,-0.8609357209466079,45.234759090106486,51.42808640143803,14.328384517518614,16.39009363525056,-2.061709117731947
R_IB,686,24.424654722948226,24.325130490123943,0.0995242328242879,62.784700712607815,71.31527358856387,21.033462573888734,22.37987923597172,-1.3464166620829883
R_IB,687,25.617811132412434,26.92923578603921,-1.311424653626776,64.58627399029605,73.14680613715016,22.23054925457262,24.897585372798872,-2.6670361182262514
R_IB,688,20.59119926062341,23.154231712730724,-2.56303245210732,48.19464554207542,56.131830135497125,16.99713973642259,20.983063094597608,-3.985923358175021
R_IB,689,21.921093809726933,23.272469328912106,-1.3513755191851686,61.0867309089012,67.6745171276192,18.757712487007083,21.455594691187812,-2.6978822041807367
R_IB,690,30.226063370379233,31.17330539089363,-0.9472420205143952,88.14471963121434,89.05593246052669,26.902006847154514,29.045312402316824,-2.143305555162305
R_IB,691,22.27657408081608,25.360365890535522,-3.083791809719446,54.521049770553645,61.29776896536526,18.225372364873145,23.1512492250366,-4.925876860163454
R_IB,692,20.17128745592523,22.35411889695326,-2.1828314410280267,47.704077022948,60.74960194501585,16.898874619570822,20.329482225127634,-3.430607605556807
R_IB,693,29.839589625530294,31.920697988480473,-2.0811083629501854,93.58244788476753,94.13620254662614,26.33867139045542,29.8703341746476,-3.5316627841921746
R_IB,694,22.1156936115345,21.632589497214887,0.4831041143196135,60.45549546776361,66.28624537819402,18.906355814086847,19.84300010143801,-0.9366442873511592
R_IB,695,18.420000455705253,19.434618522142856,-1.0146180664375966,48.71678355119439,53.044760461154986,15.249392098129555,17.46384736782935,-2.2144552696997954
R_IB,696,18.001930913082543,18.402645305534932,-0.4007143924523927,37.56697303509002,49.154609428672416,14.935372769854522,16.5447555650576,-1.6093827952030744
R_IB,697,20.47576192984719,21.835758549271635,-1.359996619424443,52.437743680280114,58.59067129632694,16.72141428851386,19.845423917777886,-3.124009629264028
R_IB,698,17.79272199564048,18.632335185418604,-0.8396131897781237,43.955417317624175,51.65503614473792,14.440937215153902,16.66215379296015,-2.2212165778062483
R_IB,699,14.092305041354562,14.908292870885347,-0.8159878295307824,35.36852605731177,44.19970113256008,11.243413318312152,13.07194408781327,-1.8285307695011166
R_IB,700,19.775115079504594,19.34190227131777,0.43321280818682295,45.745111697758546,50.240249868654296,16.4914385669297,17.414306587437643,-0.9228680205079477
R_IB,701,25.49010849312809,28.78053372159885,-3.2904252284707534,57.04638749367184,61.65981001712883,22.037837007170175,26.478655189024234,-4.440818181854059
R_IB,702,21.755690940369163,23.194700441958933,-1.4390095015897681,53.892116858299545,56.69635341930174,18.41244950750566,20.990390514159134,-2.5779410066534725
R_IB,703,32.82498125303695,31.465115565198683,1.3598656878382658,110.55125821003631,109.98283303722883,29.3125551929994,29.493897983417302,-0.18134279041789617
R_IB,704,17.38809869770034,17.38577612511865,0.002322572581688529,36.84712570797075,46.674723349539185,14.89749293353156,15.688171578939796,-0.790678645408235
R_IB,705,23.90410462388476,26.259806013472826,-2.3557013895880647,60.091888515172144,62.69393971806451,20.707818363629215,24.146129623497327,-3.438311259868109
R_IB,706,30.586770865890866,31.544431103154313,-0.9576602372634478,88.80193143805644,89.10452797913982,27.04101462149743,29.49887345387092,-2.457858832373492
R_IB,707,20.114220914358338,19.712038911192085,0.4021820031662509,43.92923385081414,50.240249868654296,17.238853897987322,17.84698083503826,-0.608126937050937
R_IB,708,24.547511818987285,26.39467331989254,-1.8471615009052553,59.80100295309897,66.5176240030982,20.559673267521926,24.28688698154179,-3.727213714019864
R_IB,709,20.340524198395727,22.70893756316285,-2.3684133647671217,53.892116858299545,56.22917128804735,17.20127008916726,20.627930248794794,-3.426660159627532
R_IB,710,20.423257066534134,21.485009297665027,-1.0617522311308953,49.07355818729545,59.25044407368647,17.147104754737178,19.632887133813423,-2.4857823790762437
R_IB,711,15.779935996948796,15.632756042719423,0.14717995422936817,38.170602525989466,45.240367830751396,12.478377182854809,13.712431655693571,-1.234054472838764
R_IB,712,18.975183006713497,19.524207707871582,-0.5490247011580834,43.92923385081414,56.18050071177223,15.918788503947976,17.726532958754884,-1.8077444548069042
R_IB,713,21.964172446446977,22.921442865752077,-0.9572704193050998,59.72828156258068,64.59629312680696,18.493222912266294,21.040285946777814,-2.5470630345115284
R_IB,714,23.577811148329882,22.39750789874355,1.180303249586334,89.75803472739874,90.11086289263717,20.571590702730123,20.54969472367428,0.021895979055845317
R_IB,715,30.031715648936544,32.07624068901579,-2.044525040079245,93.58244788476753,94.13620254662614,26.363010887167594,29.902176794117278,-3.5391659069496857
R_IB,716,24.018501554724384,23.654798460867458,0.36370309385692506,63.235094032029906,71.77315672571048,20.760121964883634,21.799733577866082,-1.039611612982446
R_IB,717,34.6477011515642,37.187687891219525,-2.5399867396553217,88.80193143805644,89.10452797913982,30.69075577205479,34.85989696712644,-4.169141195071647
R_IB,718,22.330255888381604,24.595911175844012,-2.2656552874624114,54.45815647932824,61.61958323359954,18.835402969421665,22.544119157211316,-3.7087161877896446
R_IB,719,27.49085376526485,30.07879816531853,-2.587944400053684,67.92447963995788,77.25050687873708,24.008731251504752,27.909561592075317,-3.900830340570562
R_IB,720,16.653255729286133,18.62736402070852,-1.9741082914223873,40.95270743260873,52.323147837786045,13.149925575638054,16.672380026211524,-3.522454450573467
R_IB,721,30.51859372389195,33.196623630747524,-2.6780299068555657,83.54423698331927,88.71576383023474,26.42636305434397,31.096756876481226,-4.670393822137262
R_IB,722,29.599567662004755,28.52129910240041,1.0782685596043455,102.13580605048055,103.19397910561501,26.200755542376857,26.634290787242914,-0.43353524486605655
R_IB,723,20.318763951803934,23.680630650399827,-3.361866698595897,48.88799607091028,55.888477254121554,16.898713696338927,21.525262868239388,-4.626549171900457
R_IB,724,21.584847168006497,22.959233001263893,-1.374385833257395,53.43809530865693,60.74960194501585,17.989929415783344,20.95357099503458,-2.9636415792512385
R_IB,725,17.34827881835989,19.356221230475953,-2.0079424121160554,53.892116858299545,61.52503155813271,14.124281433985503,17.582892762635442,-3.4586113286499423
R_IB,726,19.247460773630625,19.652417846455677,-0.4049570728250534,49.35190136187319,56.65741269005211,15.681597527502806,17.714905753693373,-2.0333082261905653
R_IB,727,17.092184823572822,18.06347087050844,-0.9712860469356187,44.67107268610043,51.10504797918976,13.971051627162586,16.126106079168,-2.1550544520054156
R_IB,728,22.270057652698924,22.902791629563616,-0.6327339768646946,54.38165412426241,56.787215120884184,19.201049647378056,20.854624601899754,-1.6535749545216945
R_IB,729,32.02305457981858,31.9110442998032,0.11201028001537086,98.36048238738105,99.16817229037788,28.819226074486348,29.67640260390545,-0.8571765294191039
R_IB,730,25.035322265537268,29.018182174657092,-3.9828599091198242,63.91068401116295,72.4599814314303,20.377525040130966,26.89301195064781,-6.515486910516843
R_IB,731,33.023767935301365,34.95573461498566,-1.9319666796842963,103.07963696625536,104.20043080942422,29.39504911114798,32.71293462225174,-3.317885511103758
R_IB,732,19.143550670251898,20.85293578403353,-1.7093851137816318,48.88799607091028,55.24016208696357,15.753353474543312,18.894072003916527,-3.1407185293732147
R_IB,733,23.451295505180447,24.91396083831291,-1.462665333132457,58.746831362779524,62.24189337880588,20.338148550375227,22.874615376084776,-2.536466825709549
R_IB,734,17.56669410841446,19.905499951594198,-2.338805843179732,42.315233992309544,51.20113665813814,14.342328692352057,17.822063950056304,-3.4797352577042475
R_IB,735,22.992675404882384,25.713187490408988,-2.7205120855266043,57.62059998787661,61.25754218183597,19.85520812602681,23.47223979756401,-3.617031671537207
R_IB,736,32.04140361027739,33.3664373135163,-1.325033703238911,100.2481442189308,101.18107569799645,28.686623232613975,31.13570724428041,-2.4490840116664376
R_IB,737,23.980544415751268,25.57517005573167,-1.594625639980402,56.284103080487824,60.69865207448684,20.754029679581873,23.433084090397085,-2.6790544108152083
R_IB,738,20.71307964857638,22.254096623025827,-1.5410169744494515,51.048872953431065,56.22917128804735,17.582703990345117,20.151211427298502,-2.568507436953385
R_IB,739,25.32897404942554,26.88003573548586,-1.551061686060322,59.94644573413557,61.69962329231901,21.525167447187776,24.754218616580626,-3.22905116939284
R_IB,740,17.64093480211284,17.74407218943723,-0.10313738732438661,42.621121074375715,50.240249868654296,14.105091965828281,15.858915499269704,-1.7538235334414238
R_IB,741,22.28870721183566,23.51112430362826,-1.2224170917925954,52.18617051537847,58.168370368420824,18.95417008816667,21.43263557813761,-2.4784654899709415
R_IB,742,20.826104540121527,20.946553972191822,-0.12044943207028944,56.47217499946701,61.65981001712883,17.646559599906855,19.107733895569478,-1.4611742956626204
R_IB,743,24.13341311599108,25.190053888187595,-1.0566407721965188,56.47217499946701,60.74882271078086,20.911686068787795,23.04735541091238,-2.135669342124583
R_IB,744,28.70539834420615,29.71336925557075,-1.007970911364604,95.49366168581297,96.14899044412687,25.26997330758988,27.670461781937966,-2.400488474348086
R_IB,745,33.06499835091671,33.86003824762336,-0.7950398967066521,94.53805478529031,95.14259649537657,29.564546382075648,31.63060126643739,-2.0660548843617454
R_IB,746,16.24862627939097,17.47126642109557,-1.2226401417045984,40.95270743260873,46.776692879974206,13.374737420552147,15.516195818917756,-2.141458398365606
R_IB,747,26.257363051545116,25.791350054373126,0.4660129971719949,93.58244788476753,94.13620254662614,23.152827478491034,23.917316056740376,-0.7644885782493387
R_IB,748,24.575828348778373,26.63181871247627,-2.0559903636979,64.42780660906415,72.60375774488462,21.08087192403756,24.542474543162584,-3.4616026191250286
R_IB,749,19.626511305396328,19.845544617782174,-0.21903331238585141,41.906476024399325,51.31943181977784,16.423884400753018,17.908010299609185,-1.4841258988561694
R_IB,750,23.056043187276213,24.74367226086322,-1.6876290735870094,58.38621664681636,61.71289438404907,19.835621341163332,22.718837590746382,-2.8832162495830547
R_IB,751,19.364783209697947,18.721612724503192,0.6431704851947591,45.022373536503764,56.284975671331026,16.172818161165647,16.934187214832036,-0.7613690536663923
R_IB,752,20.94809225248874,21.34188691298006,-0.39379466049131934,49.14497862387002,60.31781581527809,17.710148020410184,19.51977107703736,-1.8096230566271767
R_IB,753,21.08701414587318,23.254083958990904,-2.1670698131177253,49.52159852102901,60.74960194501585,17.54198124143503,21.173631420608068,-3.6316501791730373
R_IB,754,21.318428933629473,22.11007404365808,-0.7916451100286049,54.591455809675054,61.25754218183597,18.09509714885796,20.202920702889866,-2.107823554031906
R_IB,755,24.577412656949974,26.121973559545076,-1.5445609025950993,88.80193143805644,89.10452797913982,21.422923764502325,24.099482917852104,-2.6765591533497792
R_IB,756,21.973852323104342,24.1837693356095,-2.2099170125051577,53.892116858299545,60.90198401606189,18.294185286185066,22.057309915364943,-3.763124629179883
R_IB,757,25.783735429842935,26.009600136270425,-0.2258647064274939,61.99236380644823,67.09862968957516,22.41736040024371,23.970834130012143,-1.5534737297684347
R_IB,758,27.608877734297135,29.705694465578063,-2.096816731280924,76.32492495259142,83.61396023556378,23.873049792308766,27.600181643430965,-3.7271318511222007
R_IB,759,27.499929880329105,29.31155818747055,-1.8116283071414423,69.25790616595111,81.43010339434377,23.92101539828099,27.003943495610965,-3.0829280973299755
R_IB,760,30.005325119913348,31.807587135314865,-1.8022620154015163,88.80193143805644,89.10452797913982,26.5063162667138,29.58944193851075,-3.083125671796951
R_IB,761,20.237367018125067,20.289070156319227,-0.05170313819415938,49.07355818729545,54.247646791994434,16.990234803371457,18.471530173900497,-1.4812953705290444
R_IB,762,23.040148711057544,24.188293417170172,-1.1481447061126238,58.00340831734651,61.57935645007026,19.773254126247313,22.132715006564872,-2.359460880317568
R_IB,763,17.520809432203254,18.82417456868257,-1.3033651364793182,44.35106990797645,55.39085311846337,14.118781417743799,16.888413409742984,-2.7696319919991836
R_IB,764,12.32071101038741,12.035789714413857,0.2849212959735512,26.86663513048255,32.80478748318943,9.735362496015087,10.35351029476915,-0.6181477987540616
R_IB,765,33.60612930996029,34.267241495062414,-0.6611121851021331,110.33612019629356,109.53473216819327,30.16550180179996,32.1096767076117,-1.9441749058117355
R_IB,766,25.686686398735052,27.01360155071611,-1.3269151519810598,60.45549546776361,61.79252093442944,22.105881322040783,24.851607590781356,-2.7457262687405684
R_IB,767,25.016685942255354,26.72794860249131,-1.711262660235957,60.45549546776361,63.595358501699586,21.8230487282905,24.612185295029548,-2.7891365667390424
R_IB,768,18.40458574288556,20.309147401530065,-1.9045616586445056,39.734993151406194,50.73534226946821,15.23466849157049,18.384488225112776,-3.149819733542293
R_IB,769,28.740964582667825,27.79393821790776,0.9470263647600711,93.10439624009645,93.63303508987754,25.384644572354542,25.752518563301077,-0.3678739909465426
R_IB,770,24.265467956767218,24.847760937888317,-0.5822929811211031,79.86785800281757,86.61672777003056,20.767226167502294,22.900723480911132,-2.1334973134088364
R_IB,771,21.724877440140762,22.783742215347978,-1.0588647752072187,49.691295680184794,56.787215120884184,17.968044304044028,20.613330298761905,-2.6452859947178755
R_IB,772,20.94725999391096,23.223974866034357,-2.2767148721233923,49.35190136187319,58.59067129632694,17.292123685821885,21.162366439694964,-3.8702427538730766
R_IB,773,32.00158711526917,33.94945005004835,-1.9478629347791858,88.80193143805644,89.10452797913982,28.469711269947314,31.653055728130475,-3.1833444581831642
R_IB,774,32.09985913903988,33.41403540803802,-1.3141762689981376,103.07963696625536,104.20043080942422,28.73571087477247,31.281391097483468,-2.5456802227109945
R_IB,775,15.556528166786558,17.19953457830869,-1.6430064115221288,39.62829548174825,47.4241100169476,12.38068976034186,15.378045069889659,-2.997355309547797
R_IB,776,25.022076209926862,26.720818343116502,-1.6987421331896368,62.784700712607815,71.31527358856387,21.31746199051638,24.651976171502504,-3.3345141809861207
R_IB,777,20.633091351408673,23.06360076859186,-2.4305094171831882,42.72308343506443,53.165227856941044,17.273766445496946,20.91353984878641,-3.63977340328946
R_IB,778,24.69015467040387,26.827218244623605,-2.137063574219735,62.784700712607815,71.31527358856387,21.007070586035777,24.75099133768563,-3.743920751649851
R_IB,779,21.463472814678113,22.28343509870258,-0.8199622840244647,43.13093287781932,56.47780451410008,17.784669236843236,20.21063549940038,-2.425966262557149
R_IB,780,21.005657953899398,21.30595595210462,-0.3002979982052176,54.591455809675054,56.65741269005211,17.86767294266611,19.32404422703476,-1.4563712843686476
R_IB,781,21.42588751683351,22.755453288326336,-1.329565771492833,54.08079673197578,60.90198401606189,18.013938700442232,20.81643734411689,-2.8024986436746566
R_IB,782,27.519728064004408,28.406020921215262,-0.8862928572108564,85.51587240384575,88.86155038607414,23.77012641446724,26.37335028211034,-2.603223867643101
R_IB,783,20.416902222899235,22.368738664024058,-1.9518364411248263,54.53513097837793,62.046919714043014,16.8230811390689,20.422891200480727,-3.599810061411824
R_IB,784,25.186648263249918,26.356503273461513,-1.1698550102116039,62.784700712607815,71.31527358856387,21.823354705040394,24.345098930572906,-2.5217442255325135
R_IB,785,29.249195267821907,30.954611943258485,-1.7054166754365856,98.36048238738105,99.16817229037788,26.162130536119804,28.9062723838043,-2.7441418476844963
R_IB,786,16.422827558130127,16.337869724254073,0.08495783387605715,40.614725241300135,46.677482400625536,13.101681382814535,14.396592304734131,-1.2949109219195938
R_IB,787,15.48870471919617,17.767146059288738,-2.278441340092568,42.315233992309544,48.883199318676915,12.716735907404432,15.959338303410203,-3.2426023960057697
R_IB,788,20.428096571337253,21.16802454686887,-0.7399279755316159,45.20034834367526,51.743867702602905,17.185086728713966,19.150898057009503,-1.965811328295536
R_IB,789,22.34827309505053,23.56043526886183,-1.2121621738112995,56.284103080487824,60.07516004538587,18.896118112775394,21.540780446136317,-2.644662333360923
R_IB,790,22.835615078621025,24.00361642518574,-1.1680013465647128,56.284103080487824,61.79252093442944,18.983355529517123,22.05578249930734,-3.072426969790216
R_IB,791,24.13618336116812,24.76627769283789,-0.6300943316697731,93.58244788476753,94.13620254662614,21.143808328843374,22.8350810734627,-1.6912727446193236
R_IB,792,13.449383391046586,14.700262285329023,-1.2508788942824367,30.816607668643638,46.48730692959228,10.557736625183312,12.93342338834823,-2.3756867631649183
R_IB,793,17.48007957450588,17.21116372361754,0.2689158508883395,44.92854752551527,51.6804165898422,14.158097771040504,15.309114197007814,-1.1510164259673106
R_IB,794,20.43490131556034,20.718514216169797,-0.2836129006094572,54.57737460185077,59.910216851046,17.09545321741012,18.898785896645663,-1.8033326792355382
R_IB,795,25.347527782101405,26.322700582940247,-0.9751728008388416,68.81343065728673,78.15639050407229,22.184593124234915,24.27676374816259,-2.0921706239276747
R_IB,796,30.071050902068894,30.792773055132095,-0.7217221530632051,99.7762287610434,100.67784984609185,26.80024436776893,28.815908474634405,-2.015664106865479
R_IB,797,15.756210647057147,15.97409854168635,-0.21788789462920904,41.906476024399325,46.73948895021846,13.048762579187029,14.165410887299208,-1.1166483081121825
R_IB,798,24.775160245115224,29.53146188592596,-4.756301640810736,59.72828156258068,68.60003162723599,20.595470010649905,27.288138113035703,-6.692668102385798
R_IB,799,24.218167970613507,25.716873925249228,-1.4987059546357164,62.07159749706418,68.87155582336877,20.978027021148826,23.687970681907455,-2.709943660758627
R_IB,800,22.276877786139973,23.011170542045985,-0.734292755906011,52.47049490586531,56.65741269005211,18.714733331923586,20.889746570284387,-2.175013238360803
R_IB,801,32.65826469507477,32.780023062987375,-0.12175836791260844,103.07963696625536,104.20043080942422,29.119254678491114,30.808604336109457,-1.6893496576183384
R_IB,802,20.20993780097257,21.501693889594943,-1.2917560886223804,43.92923385081414,56.29143382414975,16.807091776482014,19.5423905435761,-2.7352987670940827
R_IB,803,17.6308451278864,17.32909157720205,0.3017535506843525,43.334857599196745,48.672548674806656,14.422072922846867,15.417791123066861,-0.9957182002199924
R_IB,804,25.70119512742313,27.256972286635747,-1.5557771592126188,62.318859663639,70.77222519629832,21.93867796564405,25.18584710033871,-3.24716913469466
R_IB,805,24.3715094730432,26.44798400741176,-2.076474534368552,57.62726447938814,61.79252093442944,21.183343988732055,24.262435266163017,-3.07909127743096
R_IB,806,21.74363703792669,21.11602083841057,0.6276161995161197,51.048872953431065,55.290392430796835,18.562898993210947,19.190205096385185,-0.6273061031742365
R_IB,807,18.505689917074115,18.720612197538156,-0.21492228046404432,49.35190136187319,58.59067129632694,14.978713833789708,16.91056893219622,-1.9318550984065141
R_IB,808,18.96269627425402,19.360798534969348,-0.3981022607153327,49.35190136187319,58.397345435699464,15.532552983958105,17.488476491693724,-1.9559235077356159
R_IB,809,23.555778103392566,23.91378728729761,-0.35800918390504244,57.62059998787661,61.739436567509195,20.12859254926814,21.934962366142205,-1.8063698168740663
R_IB,810,20.796185405658438,22.353290151798134,-1.5571047461396927,54.521049770553645,61.25754218183597,17.15713539615174,20.307677287038032,-3.150541890886298
R_IB,811,25.59168220847495,26.60171747432469,-1.010035265849742,65.43643957230032,74.15267607011778,22.31067260249148,24.589578887093047,-2.2789062846015673
R_IB,812,27.05581126105501,27.938958142681045,-0.8831468816260408,77.07551627479336,84.49987322826223,23.848738863428096,25.865496869244925,-2.016758005816824
R_IB,813,30.945131390477044,35.509178148208555,-4.564046757731506,82.22981336963507,88.61857279300847,26.704592489327784,33.128831798652584,-6.424239309324794
R_IB,814,30.620401237470237,31.516838163609613,-0.8964369261393785,98.36048238738105,99.16817229037788,27.061701406935796,29.36084915849937,-2.2991477515635763
R_IB,815,15.902241519386441,14.354171624217358,1.5480698951690843,44.02963204082559,47.74030884970284,12.739141192638956,12.61561892188185,0.1235222707571043
R_IB,816,18.539755690025743,19.59628805034746,-1.0565323603217183,43.334857599196745,50.240249868654296,15.076853753079511,17.53263587082292,-2.4557821177434085
R_IB,817,15.797670630257274,17.89206130251699,-2.0943906722597165,36.24366995221585,48.82281052917882,12.289319334863928,15.959461906900566,-3.670142572036637
R_IB,818,17.78592300905976,18.36879391310641,-0.5828709040466483,44.92854752551527,52.142744681943825,14.245786244721023,16.42707735960362,-2.181291114882595
R_IB,819,27.452728756579024,28.511497863351632,-1.0587691067726102,69.25790616595111,78.60933231673987,23.928271333456333,26.486216406542848,-2.557945073086516
R_IB,820,16.457479365498546,16.686247391656167,-0.2287680261576209,37.90842172960242,45.28915441252427,12.991980055504854,14.81542680998493,-1.8234467544800785
R_IB,821,13.887403751540354,13.64005394752699,0.24734980401336576,32.51753064676997,38.65905530658007,11.156537933381994,11.903182793933905,-0.7466448605519124
R_IB,822,24.898893265077167,26.94384052340089,-2.044947258323727,54.55625279011435,60.74960194501585,21.159384132697195,24.665022587582655,-3.5056384548854633
R_IB,823,15.033708526513475,16.028042251064328,-0.9943337245508497,37.56697303509002,45.581873903161544,12.214850383315882,14.175685480136012,-1.960835096820132
R_IB,824,22.5389526751685,24.377471631939812,-1.8385189567713156,58.00340831734651,61.79252093442944,19.424807709644085,22.30322988681258,-2.8784221771684906
R_IB,825,15.717585461029927,17.045760326050072,-1.3281748650201475,37.70355251289499,48.70203295018262,12.60878282315044,15.213705041017292,-2.6049222178668514
R_IB,826,19.32091864932947,19.65737650801414,-0.33645785868466643,49.33621735898525,56.68337317621853,15.996309748882384,17.77247864665917,-1.776168897776787
R_IB,827,19.827874542251077,19.84734995700478,-0.019475414753704585,52.75481929635214,57.817367853817,16.380346824217067,17.963512793395097,-1.5831659691780269
R_IB,828,19.93507008931807,21.42819376939808,-1.493123680080012,47.704077022948,56.787215120884184,16.84578487453153,19.410165000405602,-2.564380125874077
R_IB,829,24.54289645584939,25.85359561769256,-1.3106991618431671,62.60122450710225,69.60096315664822,21.063295240343155,23.79034799149978,-2.727052751156626
R_IB,830,20.378860811917708,22.94561324925229,-2.566752437334577,54.521049770553645,63.05450723151857,16.576011455358906,21.010807482882452,-4.434796027523554
R_IB,831,15.166330447204658,16.651571026829497,-1.4852405796248365,37.361302370198814,48.883199318676915,12.168894786605629,14.797694503185916,-2.628799716580285
R_IB,832,29.29419532759997,29.888646733789656,-0.5944514061896852,92.14829295075428,92.62670017638033,25.531916933217076,27.772569830013584,-2.240652896796508
R_IB,833,26.517273969180746,29.727151161701784,-3.2098771925210405,67.03552862262904,76.34462325340188,22.4868312670831,27.593346941972058,-5.106515674888959
R_IB,834,26.52037611773304,27.579894267484256,-1.0595181497512174,96.44926858633562,97.15538439287715,23.54705866064803,25.59971876647468,-2.052660105826653
R_IB,835,23.125442512393732,25.835799995179347,-2.710357482785614,56.47217499946701,61.53912966654098,19.785379488075193,23.65785350590914,-3.872474017833948
R_IB,836,27.02791169622665,29.595732022869978,-2.5678203266433313,74.59141633805123,82.1125718599167,23.28338986238401,27.51628109607804,-4.232891233694023
R_IB,837,22.522660600333488,24.36236014720342,-1.8396995468699349,60.86032268451446,67.44313850271502,19.415711593752402,22.405407742032136,-2.9896961482797355
R_IB,838,19.61240513504849,20.290720024788726,-0.6783148897402357,49.35190136187319,58.59067129632694,15.704149742661865,18.479612753830022,-2.7754630111681555
R_IB,839,10.761693885986748,9.743967894637278,1.0177259913494712,20.459346152210184,17.665987629411106,8.4053232958483,8.240459347310784,0.16486394853751385
R_IB,840,22.89268799563084,23.819862883430016,-0.9271748877991713,59.72828156258068,68.60003162723599,19.140350844091053,21.847535012374138,-2.707184168283083
R_IB,841,26.386684515231554,27.200527498429253,-0.8138429831976924,65.03666730971808,73.6046892742967,22.414729973677215,25.16170586238871,-2.7469758887114955
R_IB,842,29.205161556871033,32.28462966216121,-3.0794681052901685,82.88702517647717,88.6671683116216,25.523678143011537,30.04062657431557,-4.516948431304023
R_IB,843,24.822951266336215,26.417423709095186,-1.5944724427589667,76.32492495259142,83.61396023556378,21.646780034292266,24.470691919518078,-2.823911885225811
R_IB,844,15.750387429263165,16.66634547739452,-0.9159580481313516,39.79728657740256,50.92166002493619,12.387899026029856,14.853267769935577,-2.4653687439057235
R_IB,845,26.31381861498191,26.38430235017827,-0.07048373519636388,75.16925254289796,82.61303465179905,22.765747464969756,24.333210492734896,-1.5674630277651433
R_IB,846,17.15792728866337,17.43398452870182,-0.27605724003845,44.008751113978164,52.127760741929734,13.83006564473972,15.49711924151111,-1.6670535967713869
R_IB,847,20.75314968944336,21.20629980196694,-0.4531501125235759,56.85498332893691,61.33799574889455,17.907301495681132,19.370646118233395,-1.4633446225522697
R_IB,848,26.786311390078698,27.784662110838138,-0.9983507207594452,65.33519745862053,74.33288338746665,22.959802907584397,25.688018867739604,-2.728215960155202
R_IB,849,18.484090219911884,19.730224408104203,-1.2461341881923165,45.745111697758546,50.82348509691967,15.136477274221681,17.773524182986268,-2.637046908764588
R_IB,850,17.930700644623496,18.671724644036107,-0.7410239994126133,43.86979622565241,51.781938370259326,14.28843033769569,16.745567257076097,-2.457136919380402
R_IB,851,20.412900193523594,19.538987250633607,0.8739129428899868,52.06818865828501,61.05436608710792,17.20139902797784,17.727230407446037,-0.5258313794681979
R_IB,852,29.211689975278183,30.887633807680626,-1.675943832402437,69.25790616595111,78.60933231673987,25.814587013652144,28.677144338011573,-2.862557324359434
R_IB,853,27.087899665740487,29.211685040171385,-2.123785374430898,65.03666730971808,73.6046892742967,23.130257836364553,27.08341418918865,-3.9531563528241023
R_IB,854,19.412440259831797,20.12491363960154,-0.7124733797697423,49.15457624332207,56.03448898294689,15.828791143677229,18.15643748404413,-2.3276463403669005
R_IB,855,14.562665914153465,15.70879379842239,-1.146127884268921,32.51753064676997,43.671697922217305,11.522758023260085,13.819022684599378,-2.2962646613392947
R_IB,856,15.263393802552319,15.034490840120531,0.22890296243178707,40.530229693472975,41.65034450142894,12.608869181453153,13.273822194516555,-0.6649530130634013
R_IB,857,20.204545456723974,21.34450572523775,-1.1399602685137817,48.602641871383774,54.413066007822614,16.651009390265664,19.26524371297901,-2.6142343227133535
R_IB,858,19.885885611592542,22.867847033386,-2.981961421793458,47.704077022948,57.508597591061296,15.935422069832004,20.825967997652686,-4.890545927820682
R_IB,859,25.825669102057372,26.630495330277878,-0.8048262282205058,65.23655344100916,73.8786826722072,22.474726046871535,24.61915427450507,-2.14442822763354
R_IB,860,13.666843551849347,13.956353558925244,-0.28951000707589725,30.447374584670897,45.43551415784291,10.525001664275477,12.198594544251545,-1.6735928799760702
R_IB,861,21.396972161492542,22.62934530023323,-1.2323731387406867,51.048872953431065,56.108444391198574,18.494756546587727,20.64819316262647,-2.153436616038751
R_IB,862,28.586353212967296,31.156064335355513,-2.5697111223882203,70.5465629041238,80.3017949633022,24.643003378543956,29.007599792802882,-4.364596414258927
R_IB,863,11.153996643333489,9.834995029654635,1.3190016136788534,21.642528935656706,17.777143806005782,8.615229596617912,8.315158758935777,0.30007083768213444
R_IB,864,22.594349113360337,24.945199385535677,-2.3508502721753386,54.39526318810283,60.74960194501585,19.05469611261968,22.843828930875024,-3.7891328182553408
R_IB,865,25.903810395738507,26.527224555056154,-0.6234141593176438,96.92707203659708,97.65858136725244,22.688196663722895,24.623337044264172,-1.935140380541279
R_IB,866,21.561289703091717,24.161700070098235,-2.600410367006522,57.812004152611586,61.53912966654098,18.452337785998598,22.191122499672336,-3.7387847136737413
R_IB,867,13.417553835300895,12.647161735457251,0.7703920998436452,26.86663513048255,36.76629708926558,10.146684346573187,10.835750878903573,-0.6890665323303882
R_IB,868,32.243113340030646,34.499650080782544,-2.2565367407518964,98.36048238738105,99.16817229037788,28.619713557660965,32.31912901394415,-3.6994154562831785
R_IB,869,14.079936480502413,14.534736600583743,-0.45480012008133,34.815415307601505,40.104712290280034,11.014291535379805,12.67481106057221,-1.6605195251924059
R_IB,870,20.288298902494297,21.745955958846928,-1.4576570563526314,51.90184612489164,61.25754218183597,16.990176261298956,19.674155825623895,-2.6839795643249444
R_IB,871,28.0000348269485,30.235444893141192,-2.2354100661926988,68.81343065728673,80.41300736615545,24.323432049080253,28.01921694246157,-3.6957848933813198
R_IB,872,29.39864357522563,29.961698649959082,-0.5630550747334566,103.07963696625536,104.20043080942422,26.093554056148843,27.901155731707902,-1.807601675559056
R_IB,873,24.708186647947908,25.803216630006528,-1.0950299820586162,65.03666730971808,73.6046892742967,21.50929128591804,23.802313876915175,-2.2930225909971327
R_IB,874,26.123682179395793,26.94177901421009,-0.818096834814292,65.03666730971808,73.6046892742967,22.47287337965829,24.892023251305776,-2.4191498716474875
R_IB,875,20.29685523266274,19.09465824908692,1.2021969835758233,45.916274698651875,56.45238882118208,16.9189134169102,17.244792660522844,-0.32587924361264264
R_IB,876,24.701068672893626,25.82549194548547,-1.124423272591851,70.5465629041238,78.60933231673987,21.280348217455067,23.804781375819598,-2.5244331583645288
R_IB,877,30.114386396729977,31.312217129997396,-1.1978307332674176,93.58244788476753,94.13620254662614,26.546666505569778,29.22857547794255,-2.681908972372768
R_IB,878,23.09661594567208,24.197804054637945,-1.1011881089658666,56.47217499946701,61.41844931595312,19.963844323847763,22.146627228248388,-2.1827829044006233
R_IB,879,19.932998665547395,20.648080119887563,-0.7150814543401751,49.86881620274121,58.75561449066681,16.481212687083175,18.7722345965144,-2.291021909431228
R_IB,880,17.93446021514295,17.192445316344827,0.7420148987981211,49.332296358263264,54.52313689851848,14.840594010695353,15.327853988808721,-0.48725997811336474
R_IB,881,24.8906070514854,26.349965683340105,-1.4593586318547034,68.81343065728673,78.15639050407229,21.756594864347605,24.362997633980438,-2.606402769632831
R_IB,882,20.943264659119627,21.272557179933422,-0.3292925208137917,56.86831231195981,61.25754218183597,17.704328246907803,19.429711936998984,-1.7253836900911832
R_IB,883,13.478154383268832,14.059243674591892,-0.581089291323061,30.272396707959096,41.24630885917401,10.427939910687666,12.331996124517222,-1.904056213829558
R_IB,884,17.374867161642957,18.13533885194555,-0.7604716903025868,43.92923385081414,48.883199318676915,14.2469689671893,16.17583954479763,-1.9288705776083266
R_IB,885,15.053212247282746,16.41936988151506,-1.3661576342323156,34.3185040857175,41.77147883678014,11.82442872518537,14.421204369043247,-2.596775643857877
R_IB,886,19.473080355088417,18.92887897334699,0.5442013817414261,46.25417809538586,48.883199318676915,16.178233373897566,17.173575295838784,-0.9953419219412224
R_IB,887,26.006993470883383,27.801429738071953,-1.794436267188567,67.92447963995788,78.37881530977866,22.74542849503682,25.66125664788157,-2.915828152844751
R_IB,888,26.481800852667096,28.951979840086956,-2.4701789874198603,64.13588067087396,72.68892300000356,22.805082724057137,26.831579716955602,-4.026496992898462
R_IB,889,22.095289798498836,22.930552128491602,-0.8352623299927643,59.72828156258068,64.13353587699852,18.837677643258047,21.034686516922683,-2.197008873664636
R_IB,890,18.995122538696204,17.759650523394157,1.235472015302045,47.32080165732522,48.154633021091854,16.23223587272503,16.014726807381326,0.21750906534370337
R_IB,891,20.99123621405868,21.131106524370377,-0.1398703103117006,53.892116858299545,56.65741269005211,17.52915733366783,19.137332597318185,-1.6081752636503601
R_IB,892,24.25464482067666,25.258825545090193,-1.0041807244135317,64.05994908561424,72.82407848801533,21.15890783210559,23.2533856816124,-2.094477849506807
R_IB,893,11.60321993577809,9.546259641882946,2.056960293895148,21.642528935656706,21.685984072939878,9.013352888695822,7.906226833983684,1.1071260547121384
R_IB,894,20.386107060000167,21.543743932190694,-1.1576368721905304,51.048872953431065,57.23739027193458,16.936644927705526,19.539369827879774,-2.6027249001742505
R_IB,895,26.810957302412348,29.394765033478443,-2.5838077310660963,67.25776637696124,76.57109415973567,23.078342899560536,27.205396494681995,-4.127053595121456
R_IB,896,28.70061535080645,29.902433814236588,-1.2018184634301368,88.80193143805644,89.10452797913982,25.191950188957982,27.77712855010967,-2.585178361151686
R_IB,897,18.93449480839336,17.000429802601566,1.934065005791789,49.12929462098207,55.22356436206556,16.025018590579254,15.358557400057055,0.6664611905221973
R_IB,898,17.75076568925044,20.76695641180837,-3.0161907225579294,43.60643387911324,56.131830135497125,13.904776921495348,18.651672137484738,-4.746895215989391
R_IB,899,21.775879264078036,22.57531797434473,-0.7994387102666998,54.591455809675054,57.430716132562054,18.82174958549251,20.63589971700006,-1.8141501315075501
R_IB,900,26.42205357961599,27.678736624468378,-1.256683044852386,87.48750782437224,89.00733694191355,22.89228641510838,25.654626357026086,-2.762339941917707
R_IB,901,18.23057336567347,20.107150897171145,-1.8765775314976678,37.56697303509002,51.57261915010111,15.115752119787434,18.136235730784204,-3.020483610996767
R_IB,902,15.772814715421733,16.08015854206414,-0.3073438266424061,44.00778425124424,51.91658663930122,12.57659846739436,14.323425025379748,-1.7468265579853868
R_IB,903,20.663461931713044,21.093120160802528,-0.429658229089485,51.048872953431065,56.52894026945069,17.65703466409379,19.14210326650301,-1.4850686024092221
R_IB,904,24.021331230040772,22.44178522017803,1.5795460098627372,93.58244788476753,94.13620254662614,21.075137072355624,20.730395023533443,0.3447420488221804
R_IB,905,33.36541849721401,33.82879690921634,-0.46337841200232344,110.33612019629356,109.53473216819327,29.847760404503358,31.70964349020351,-1.8618830857001587
R_IB,906,21.82383754612305,23.332790251118894,-1.508952704995849,51.048872953431065,57.817367853817,18.55578558028502,21.315845985332178,-2.760060405047163
R_IB,907,11.36663475724184,10.570835838364545,0.7957989188772951,24.92791548854635,27.323686012258786,8.74671950846644,8.962954321157053,-0.21623481269061479
R_IB,908,25.988149723513057,26.047606127627304,-0.05945640411425351,69.25790616595111,81.43010339434377,22.85710069002297,24.0360847814738,-1.178984091450832
R_IB,909,23.360084653339886,22.78721981143601,0.5728648419038751,56.47217499946701,60.79752923265761,20.24216427212873,20.81542226887636,-0.5732579967476319
R_IB,910,15.521931457568005,15.496324357878578,0.025607099689425507,37.361302370198814,46.75189026013704,12.480584106814225,13.708544690605509,-1.227960583791286
R_IB,911,23.544251781366434,26.837919612276252,-3.29366783090982,58.38621664681636,66.28624537819402,19.94898196705917,24.644846207256393,-4.695864240197226
R_IB,912,23.586357729242568,23.71728986470294,-0.13093213546037638,61.223929637105925,68.60003162723599,19.8729342703889,21.77363030213166,-1.9006960317427604
R_IB,913,19.003982683266326,20.784699700025055,-1.7807170167587294,40.95270743260873,51.781938370259326,15.533199878514747,18.81374576023921,-3.2805458817244606
R_IB,914,28.811194657737254,28.10150952661313,0.7096851311241295,81.04883568622641,87.61765028151959,25.336835023801264,25.96644139448252,-0.6296063706812586
R_IB,915,16.164294710955673,17.283949130238145,-1.119654419282474,37.90842172960242,49.078953720426796,12.958834183486392,15.43102176528175,-2.4721875817953602
R_IB,916,16.134889587803606,16.867270567780484,-0.7323809799768822,40.530229693472975,46.65267978078837,13.226574295142298,15.032542922219662,-1.8059686270773632
R_IB,917,18.739506906210295,19.354963366867448,-0.6154564606571495,45.94100823027748,50.240249868654296,16.178462424096914,17.48755027243661,-1.3090878483396984
R_IB,918,24.318766390630234,24.468806697831745,-0.15004030720151143,87.48750782437224,89.00733694191355,20.800244530811124,22.590835312174065,-1.7905907813629438
R_IB,919,20.672572346141067,21.998563835519686,-1.3259914893786204,54.521049770553645,61.65981001712883,17.428587454623578,20.143214257873403,-2.7146268032498284
R_IB,920,18.28054730648896,21.364252564487657,-3.0837052579986994,44.67107268610043,56.77423487780098,14.640516946517439,19.360016129613243,-4.719499183095802
R_IB,921,17.073526745451254,17.823160572876102,-0.749633827424847,42.0427286803694,49.96883975865884,13.637077528844467,15.83364791492432,-2.1965703860798538
R_IB,922,25.291248164508705,27.354529432400263,-2.0632812678915555,60.45549546776361,61.79252093442944,22.032938571181802,25.24877239368383,-3.2158338225020278
R_IB,923,24.637037488030334,26.39460485655818,-1.7575673685278426,57.04638749367184,60.90198401606189,21.015225969217443,24.195586468493506,-3.180360499276063
R_IB,924,19.54781151627506,21.64662412683914,-2.0988126105640768,49.35190136187319,56.77423487780098,16.11917551045041,19.682253659288858,-3.563078148838447
R_IB,925,26.863374998023076,29.066916535021683,-2.2035415369986135,76.32492495259142,83.61396023556378,23.059281649108044,27.023391655462373,-3.9641100063543235
R_IB,926,24.9422223224082,28.18313862803994,-3.240916305631748,55.531815404571034,61.79252093442944,21.085437091412796,25.962533364093616,-4.877096272680817
R_IB,927,24.474789235595384,25.017648909886155,-0.5428596742907692,67.25776637696124,76.85317126749604,21.15685499774794,22.95203157450454,-1.795176576756601
R_IB,928,29.775771323401006,33.13930197089647,-3.363530647495467,88.80193143805644,89.10452797913982,25.817763369192914,30.886012218737534,-5.0682488495446245
R_IB,929,23.0551349454468,23.207076666878084,-0.15194172143128729,58.65462962996924,61.65981001712883,19.880033856490197,21.25019819842777,-1.370164341937575
R_IB,930,16.816387974863627,18.704921698417596,-1.8885337235539676,42.17898133633947,51.72385819904721,13.494356481952106,16.714796665115447,-3.2204401831633414
R_IB,931,19.16846070348343,18.691321118938685,0.47713958454474487,54.00413492968563,58.25562037539062,16.16701617564206,16.997546784361923,-0.8305306087198612
R_IB,932,27.394080330555386,28.48928883385142,-1.095208503296036,69.38677183976837,81.43010339434377,23.952350758256802,26.357151204780347,-2.404800446523546
R_IB,933,16.52667275461236,16.85246063355479,-0.32578787894243416,40.530229693472975,51.20113665813814,13.223787293376295,14.899031857767346,-1.6752445643910512
R_IB,934,24.06069666812659,25.952986893969907,-1.8922902258433143,58.19481248208143,61.77924984269938,20.457877702061477,23.81993158418373,-3.362053882122256
R_IB,935,25.142108466560135,27.212540502969517,-2.0704320364093824,61.07024280323747,68.60003162723599,21.442561380051263,25.08381149369409,-3.641250113642825
R_IB,936,36.08861879502349,37.428026772458416,-1.3394079774349272,110.33612019629356,109.53473216819327,32.721907159728005,35.16237983350998,-2.440472673781977
R_IB,937,14.325629814055798,15.015453629895179,-0.6898238158393798,37.874276860151184,50.68583302938682,11.422205804073865,13.272668435725873,-1.850462631652006
R_IB,938,30.225652337156127,31.568821974558073,-1.3431696374019546,88.80193143805644,89.10452797913982,26.757269149504566,29.5658703571632,-2.80860120765863
R_IB,939,23.775535243451305,25.091719803261444,-1.3161845598101385,59.19145559627495,65.20989062759624,19.71639662267722,22.965302384612716,-3.2489057619354966
R_IB,940,15.03836865296755,16.605822117419695,-1.5674534644521472,34.94312483027752,50.519933579640046,11.640866211881555,14.771288919359046,-3.1304227074774924
R_IB,941,20.982220020040995,24.343034414240872,-3.3608143941998714,52.75481929635214,61.05436608710792,17.1069899332415,22.224135999259058,-5.117146066017559
R_IB,942,17.900631245920522,18.829204685196803,-0.928573439276281,49.8059229115158,58.75561449066681,14.652189677889426,16.959643054898404,-2.3074533770089802
R_IB,943,23.22388897693682,26.146178919880978,-2.922289942944159,54.970931893389164,61.97280469115645,19.751285643286707,24.04987135029549,-4.298585707008781
R_IB,944,20.593219828061464,21.697270888170276,-1.1040510601088105,48.88799607091028,55.69223518146296,17.410685896359958,19.680442895663575,-2.2697569993036173
R_IB,945,17.561320301808504,18.45797024340246,-0.8966499415939531,40.86821188478159,51.56425624741797,14.098094630043668,16.437755789479912,-2.3396611594362398
R_IB,946,22.34739494050084,23.547665803602722,-1.2002708631018844,50.53978147596373,56.38292854062536,18.581877994869533,21.323301485498348,-2.7414234906288137
R_IB,947,20.049008484013715,19.67912916001804,0.3698793239956739,57.61318327156386,65.74806800289517,16.836223544422758,17.92878489852334,-1.0925613541005803
R_IB,948,13.928151751314676,14.569466404200538,-0.6413146528858611,36.07058224930505,44.697354048912736,11.1954116604011,12.788256180525163,-1.592844520124063
R_IB,949,22.953453783459313,23.633120986301243,-0.6796672028419356,61.53130330484287,66.28624537819402,20.07432838065191,21.721505598971614,-1.6471772183197055
R_IB,950,22.22504523299655,26.39800489785087,-4.172959664854323,48.92629288370086,60.74960194501585,18.889972175289834,24.18132743111539,-5.291355255825551
R_IB,951,17.724217236508473,16.76017971980603,0.964037516702443,32.085041510296335,40.33663848388468,14.61993241548271,14.975948613913411,-0.3560161984306995
R_IB,952,28.014881425235952,28.447260546261788,-0.43237912102583237,98.36048238738105,99.16817229037788,24.906791930430682,26.409227209142458,-1.5024352787117792
R_IB,953,25.88741471634148,28.419725669486958,-2.5323109531454766,72.28007151866416,80.1107206923871,22.38153646624318,26.32612213341367,-3.94458566717049
R_IB,954,14.41649433519515,12.731345633965162,1.6851487012299884,31.730236951022068,32.80478748318943,11.495293956855807,11.0480906420196,0.4472033148362054
R_IB,955,24.2785851593968,26.12317514223668,-1.844589982839875,67.2406255474804,75.606546491274,20.879358292735418,24.083751781643738,-3.204393488908314
R_IB,956,13.050580109873772,14.450776262914145,-1.4001961530403744,27.956834281130917,41.09282112951231,9.958959218775119,12.671540941938666,-2.71258172316355
R_IB,957,19.404045997916395,20.622143294196714,-1.2180972962803187,43.92923385081414,55.74246552529621,16.05892398250313,18.658204170245515,-2.5992801877423792
R_IB,958,16.798423590178658,16.43355079184472,0.36487279833393815,36.53861971063392,41.98581667940265,14.099668695251664,14.713502928428163,-0.6138342331764979
R_IB,959,19.13463896837846,20.472506646401946,-1.337867678023484,48.71678355119439,54.743904439479024,15.652098331118987,18.547558287427602,-2.8954599563086143
R_IB,960,20.300977149596083,21.226400278357296,-0.9254231287612168,48.83092523100498,56.77423487780098,16.412076876197176,19.20309337248431,-2.791016496287138
R_IB,961,25.229236101582792,27.97139671915504,-2.7421606175722513,59.594075071004255,63.41507474497258,21.75649196436406,25.75085384021708,-3.9943618758530213
R_IB,962,17.693076081026717,18.258767272531205,-0.5656911915044878,45.745111697758546,51.37207888952121,14.507993661270072,16.401977143625924,-1.8939834823558501
R_IB,963,29.049981437939913,30.750449481664084,-1.7004680437241722,71.70223531381743,81.86687476258781,25.23088371537373,28.57250355689194,-3.341619841518216
R_IB,964,27.138097921367066,28.762634453814513,-1.624536532447441,79.27736916111324,86.11626651428612,23.794597332980107,26.626533765544096,-2.8319364325639853
R_IB,965,15.691624824440217,15.852995944029665,-0.16137111958945027,44.35106990797645,51.69310681239434,12.438204119757257,14.13775671823004,-1.6995525984727846
R_IB,966,16.011255361362526,18.019507686818706,-2.008252325456181,40.741468563040854,49.5617245936656,12.848728282737593,16.019070996057224,-3.1703427133196325
R_IB,967,23.745497050867577,23.717905381403696,0.027591669463880152,54.77952772865424,60.24010323972574,20.458387011032166,21.76189877418374,-1.3035117631515796
R_IB,968,19.6691484963977,20.538574076382393,-0.8694255799846959,53.892116858299545,60.07516004538587,16.15455182029169,18.52323901616249,-2.3686871958708013
R_IB,969,21.56335629620236,22.99380129057624,-1.430444994373885,55.88683743079303,63.595358501699586,17.462901286078512,21.108868145801313,-3.6459668597228037
R_IB,970,20.471240689216653,24.1339575332195,-3.66271684400285,47.826719152729865,58.59067129632694,16.519407186925328,21.950960553626185,-5.431553366700858
R_IB,971,16.68508506704939,16.03878023257826,0.6463048344711295,44.9680901083365,47.61696757598739,13.615837065416354,14.30166317900153,-0.6858261135851721
R_IB,972,14.247867533007458,14.673639461476975,-0.42577192846951817,31.961473185589572,36.648031082171116,11.435114893459303,12.814057253390734,-1.37894235993143
R_IB,973,23.894631787017854,26.470250795063915,-2.5756190080460644,63.235094032029906,71.77315672571048,20.406956575155277,24.476734782745606,-4.069778207590328
R_IB,974,34.54897113040273,35.66431334708299,-1.115342216680258,110.33612019629356,109.53473216819327,30.648513452760103,33.61934100219422,-2.9708275494341216
R_IB,975,24.278699621690258,24.036583162964362,0.24211645872589252,89.27998308272753,89.60769543588842,21.357963750406878,22.170830759882044,-0.812867009475165
R_IB,976,20.290264145889253,21.052600769745222,-0.7623366238559693,40.95270743260873,51.781938370259326,16.901050464524698,19.058752228287204,-2.1577017637625078
R_IB,977,21.7305593138726,21.205582011196487,0.5249773026761124,58.38621664681636,66.28624537819402,18.40971289709033,19.35982640349075,-0.9501135064004245
R_IB,978,32.40772307767467,34.83025529909169,-2.422532221417025,82.22981336963507,88.61857279300847,28.719700333944626,32.5569415344015,-3.837241200456875
R_IB,979,29.59189774607148,30.514233935749772,-0.9223361896782918,82.22981336963507,88.61857279300847,25.859644428779767,28.460506787240774,-2.600862358461009
R_IB,980,18.145054085837216,19.844208005397185,-1.6991539195599699,43.51317047468197,50.875080586069195,14.861134070990898,17.728206821644573,-2.867072750653674
R_IB,981,32.39532433925137,34.67504097648499,-2.2797166372336264,94.06025133502885,94.63939952100128,28.654914986876747,32.37651776820238,-3.7216027813256343
R_IB,982,23.426133081461415,24.51329349349512,-1.087160412033705,54.45158801939996,61.79252093442944,19.856159727750075,22.431054658559866,-2.5748949308097884
R_IB,983,27.41089934382461,28.99755949090274,-1.5866601470781314,67.03552862262904,76.34462325340188,23.652735125936942,26.84036343185478,-3.1876283059178387
R_IB,984,28.101069070836243,30.253720996970003,-2.152651926133763,81.04883568622641,87.61765028151959,24.677836372794733,28.108617175552446,-3.43078080275771
R_IB,985,20.24271349439512,21.195665581887457,-0.9529520874923365,49.11014621458678,56.443291989049726,16.67976596211548,19.09342342837291,-2.4136574662574297
R_IB,986,16.856946655073802,17.9063251580686,-1.049378502994798,40.95270743260873,50.240249868654296,13.666563940211498,15.91690592362444,-2.2503419834129406
R_IB,987,32.42003070179451,33.46099132577756,-1.0409606239830387,103.07963696625536,104.20043080942422,28.977342844994713,31.34372850118268,-2.3663856561879695
R_IB,988,17.861276946403027,18.132909423861527,-0.2716324774585004,38.3558554406675,49.24485317017358,14.891183127316571,16.384052395285007,-1.4928692679684343
R_IB,989,19.716311004224693,18.99527980577836,0.7210311984463365,49.75234682391861,51.705797034946485,16.97496773816782,17.222381590631706,-0.2474138524638921
R_IB,990,23.069533084208587,25.442085064088957,-2.3725519798803685,54.39526318810283,60.74960194501585,19.226335662998753,23.215222837268325,-3.9888871742695775
R_IB,991,24.18326155610807,25.483275188348305,-1.3000136322402405,56.47217499946701,60.74960194501585,20.706753685598425,23.331991921598135,-2.6252382359997113
R_IB,992,18.150235039090052,19.215615801837334,-1.0653807627472776,37.56697303509002,43.88283337615476,15.0152432494082,17.23661503509819,-2.2213717856899837
R_IB,993,24.16494792873388,27.023553065685736,-2.858605136951859,56.797785655778355,61.97280469115645,20.11817440915474,24.921974582599134,-4.803800173444392
R_IB,994,27.08736322496638,28.090248041944733,-1.0028848169783549,69.25790616595111,78.60933231673987,23.871577777997402,26.020168177282816,-2.1485903992854127
R_IB,995,30.24311738922748,31.335269205450544,-1.0921518162230681,110.33612019629356,109.53473216819327,27.45274684242221,29.260925582615396,-1.8081787401931884
R_IB,996,24.231690604742326,25.72509830683812,-1.4934077020958019,65.03666730971808,73.6046892742967,20.128389520303376,23.769103617420445,-3.6407140971170713
R_IB,997,20.05710697763003,21.52288568189742,-1.4657787042673893,53.892116858299545,57.817367853817,16.765347186447027,19.48793839436559,-2.7225912079185597
R_IB,998,26.30119972075558,27.765788597690648,-1.464588876935065,64.81147065000714,73.3757477057235,22.70080100546765,25.643764787318286,-2.942963781850631
R_IB,999,21.515358616702766,22.071519991049552,-0.5561613743467867,52.9703052479496,57.73620956501777,18.133955792600993,20.120651065321127,-1.9866952727201306
R_IB,1000,27.918002247110614,31.52103619770157,-3.6030339505909525,62.705467021991886,71.04374939243118,24.08535562546619,29.20549126688722,-5.120135641421033
R_IB,1001,21.88190558589273,22.392055089621294,-0.5101495037285639,59.94644573413557,66.28624537819402,18.623148835338323,20.52132519585566,-1.8981763605173387
R_IB,1002,24.32737793849781,25.57254509985344,-1.245167161355627,62.784700712607815,71.31527358856387,21.05890035473549,23.55648454123777,-2.497584186502282
R_IB,1003,16.99631624888082,17.206114849542967,-0.20979860066214726,46.82126709591,51.65503614473792,13.937867253226221,15.406312508461042,-1.4684452552348226
R_IB,1004,30.126104239897852,32.16744154748206,-2.041337307584203,93.58244788476753,94.13620254662614,26.36110629118359,30.064111935856804,-3.703005644673208
R_IB,1005,29.8471867296184,31.28042553584252,-1.4332388062241237,76.32492495259142,83.61396023556378,25.870107698539933,29.101472061518713,-3.2313643629787743
R_IB,1006,19.225444198147155,21.174577559804952,-1.9491333616577957,49.35190136187319,57.688943208605565,15.59400069097742,19.22420663624211,-3.630205945264681
R_IB,1007,24.043156919062746,26.69316339309679,-2.6500064740340465,59.72828156258068,64.67171325229738,20.31545545937557,24.58962400248125,-4.27416854310568
R_IB,1008,16.147063720379023,16.35518471120127,-0.20812099082224747,39.21957614979944,45.39400033567367,12.848315139757688,14.523202648831822,-1.6748875090741355
R_IB,1009,15.642375540766004,17.08341119437829,-1.441035653612288,40.079262587610636,48.03988662382278,12.487955243642627,15.21165336513702,-2.723698121494392
R_IB,1010,19.07147769306435,20.27214515794285,-1.2006674648785047,46.51220880675055,56.22917128804735,15.529299697295112,18.193406363053082,-2.6641066657579695
R_IB,1011,27.292534812262705,31.34088024634466,-4.048345434081954,74.59141633805123,82.1125718599167,23.721519148473757,29.087192779111778,-5.36567363063802
R_IB,1012,23.58225065956085,26.053529543601247,-2.471278884040396,55.49661238501032,61.65981001712883,20.038176993877578,23.88488820115169,-3.8467112072741103
R_IB,1013,23.75649928829806,25.06337684248322,-1.306877554185157,65.76028024962275,74.83581835395056,20.591523481171077,23.07826681232961,-2.4867433311585314
R_IB,1014,20.337588429089177,20.918737540712083,-0.5811491116229037,48.317287671857265,50.94764300669611,17.397607580274993,19.006228320562283,-1.608620740287295
R_IB,1015,22.593662771592427,23.162657064071457,-0.5689942924790257,54.591455809675054,60.07516004538587,19.154441558876005,21.1256137709894,-1.971172212113392
R_IB,1016,22.287844653542294,21.799070307238097,0.48877434630419964,66.68963598803987,75.10608218702971,19.23365647777426,20.003347910434215,-0.7696914326599517
R_IB,1017,22.57046285637798,25.90118225864709,-3.3307194022691173,54.332369896877424,61.79252093442944,18.898898167698174,23.789723932174766,-4.8908257644765945
R_IB,1018,18.738604850758687,19.408654118162907,-0.6700492674042187,49.332296358263264,58.59067129632694,15.047684862643756,17.492166836587952,-2.444481973944199
R_IB,1019,23.739129033572006,24.27635988522948,-0.5372308516574722,88.80193143805644,89.10452797913982,20.439531424395796,22.44525573322914,-2.005724308833346
R_IB,1020,28.120283030592102,31.615078651693917,-3.494795621101819,65.03666730971808,73.6046892742967,24.13766206869805,29.33129546536502,-5.193633396666975
R_IB,1021,18.3127662420691,19.052025430676338,-0.7392591886072383,48.192542823542595,56.35764370864878,14.798554443653234,17.162446041770593,-2.3638915981173563
R_IB,1022,21.824365710283278,23.68780338731825,-1.8634376770349685,49.34013835970723,59.25044407368647,18.408663835425966,21.60870787720538,-3.2000440417794165
R_IB,1023,33.56921645186243,34.81420216971796,-1.2449857178555268,98.36048238738105,99.16817229037788,29.83235120898125,32.60296829265634,-2.770617083675097
R_IB,1024,13.030926841212493,12.57241161824662,0.45851522296587693,30.952660408814765,38.882502442625494,10.02874378658148,10.832049214590064,-0.8033054280085847
R_IB,1025,18.325874238337097,19.311696829073846,-0.9858225907367444,44.406337429798306,50.73534226946821,15.257401744996871,17.292157440454194,-2.0347556954573216
R_IB,1026,28.081709883681498,28.480145275200456,-0.3984353915189664,83.54423698331945,88.71576383023475,24.747373279150118,26.412837389500787,-1.6654641103506675
R_IB,1027,23.404919659162722,24.86114685998411,-1.4562272008213877,58.38621664681636,66.28624537819402,19.71020214504862,22.806659648150134,-3.09645750310152
R_IB,1028,14.542763580639914,15.404282188011193,-0.8615186073712788,34.82237874201153,46.037449207018064,11.269350238668197,13.645349979065646,-2.3759997403974484
R_IB,1029,21.5065462208518,21.717615984345603,-0.21106976349379988,54.52809037446578,60.34184713393676,18.196285236481135,19.72884762418494,-1.5325623877038073
R_IB,1030,18.822483190530725,18.880035912388553,-0.05755272185782703,51.048872953431065,56.65741269005211,15.396071200009313,17.00585627314781,-1.6097850731384948
R_IB,1031,22.458969743714544,23.7532107328005,-1.294240989085951,55.71988732355022,60.850566604991876,19.289501921898317,21.753032010490887,-2.4635300885925737
R_IB,1032,15.482788025552939,16.435601789573365,-0.9528137640204272,36.53861971063392,46.764291570055626,12.228000522044137,14.538582504860889,-2.3105819828167506
R_IB,1033,19.703327521790023,20.81282344573023,-1.1094959239402085,45.745111697758546,51.781938370259326,16.73285071529224,18.906321734278404,-2.1734710189861604
R_IB,1034,15.26640872099054,16.185356410896524,-0.9189476899059842,35.48553542264398,45.82067826171099,12.006394989214646,14.287219620256908,-2.2808246310422606
R_IB,1035,17.07195193819641,16.86226216197568,0.20968977622072948,39.92894021898981,48.76242173968071,13.512378558568741,14.961949159856182,-1.449570601287441
R_IB,1036,30.012738111363824,32.58924693171714,-2.576508820353322,88.80193143805644,89.10452797913982,26.278519528415625,30.400266765422536,-4.121747237006913
R_IB,1037,25.71203165677953,27.661391420916978,-1.949359764137436,66.13864642859932,74.60561788278542,22.409241405055845,25.54396214890194,-3.1347207438460964
R_IB,1038,22.31362554028679,22.72739353808318,-0.4137679977963888,56.47217499946701,61.29776896536526,19.122601715783063,20.741121593839726,-1.618519878056662
R_IB,1039,18.63627413541396,18.945237731609947,-0.3089635961959876,43.955417317624175,56.027286102399266,15.349874438705335,17.14069780850597,-1.7908233698006344
R_IB,1040,14.536564564909074,13.06960041865753,1.4669641462515477,32.23968366588283,34.69729599109918,11.81957739452808,11.343918118311924,0.4756592762161545
R_IB,1041,23.2470458918222,23.89742139607895,-0.6503755042567486,53.43613480829594,61.79252093442944,19.97970452079058,21.887639985115836,-1.907935464325258
R_IB,1042,26.40036657930641,26.303382945644746,0.09698363366166765,88.80193143805644,89.10452797913982,23.418604101114195,24.276485118007244,-0.8578810168930456
R_IB,1043,14.52868130194527,12.088256157155138,2.440425144790128,32.4166493690925,35.10484116448211,11.626488330623786,10.542808142589594,1.0836801880341922
R_IB,1044,22.20635967272525,22.524708901851167,-0.31834922912591446,57.03798671026133,64.93812804506466,18.782403365378993,20.57045109454541,-1.7880477291664214
R_IB,1045,27.587189614974722,28.583237843019628,-0.9960482280449066,68.14671739429008,78.88736332387282,24.29508229815302,26.45268705778007,-2.1576047596270502
R_IB,1046,18.48599358401813,18.918181385194437,-0.4321878011763066,48.317287671857265,55.888477254121554,14.89371937410856,16.975422567922333,-2.0817031938137753
R_IB,1047,25.85219406352119,27.692395517844695,-1.8402014543235008,67.92447963995788,77.25050687873708,22.429665766539475,25.633915635576628,-3.2042498690371515
R_IB,1048,23.160032645657868,26.077404958526962,-2.9173723128690874,58.38621664681636,63.595358501699586,19.358662515435398,23.91142032299388,-4.552757807558481
R_IB,1049,22.838886627260376,25.236368212753188,-2.397481585492817,56.284103080487824,61.25754218183597,19.315238351266462,23.060096195936637,-3.7448578446701695
R_IB,1050,18.95573035926385,19.98719892069467,-1.0314685614308197,43.334857599196745,51.46795954002201,15.835443860607901,18.094089145574017,-2.2586452849661187
R_IB,1051,24.112334683618368,24.40336116690265,-0.2910264832842788,70.5465629041238,78.60933231673987,20.88966547528075,22.579647948667965,-1.6899824733872106
R_IB,1052,21.474758445542047,22.774271712980273,-1.2995132674382326,53.43613480829594,59.8948144278416,18.507877059798943,20.830285045971124,-2.322407986172179
R_IB,1053,18.4186125825091,20.161258339305473,-1.7426457567963751,49.3479803611512,60.31781581527809,15.061866664028525,18.221523490479427,-3.159656826450905
R_IB,1054,22.589952175398555,24.269617632889386,-1.6796654574908303,54.584415205762916,63.41507474497258,19.00613739079295,22.23102375562007,-3.224886364827114
R_IB,1055,17.687938304482046,18.291858377139476,-0.6039200726574339,48.602641871383774,52.393553293409894,14.557591832681446,16.44787672472493,-1.8902848920434805
R_IB,1056,20.09204513790697,21.277296914541388,-1.1852517766344168,46.92049089287221,56.29143382414975,16.830493583010558,19.322355777127363,-2.4918621941168095
R_IB,1057,19.585657707582662,22.12155481075191,-2.535897103169253,48.43142935166788,56.340780054614726,16.27553016473017,20.02895381123082,-3.75342364650065
R_IB,1058,26.384247038818582,27.479895220229004,-1.0956481814104189,68.59119290295453,77.9299195977385,23.117443237554966,25.415484673661606,-2.298041436106643
R_IB,1059,18.352271249016,20.70686048350105,-2.3545892344850525,49.332296358263264,60.74960194501585,15.284658666146418,18.75725286861108,-3.472594202464661
R_IB,1060,19.99033175600118,20.785537660272396,-0.7952059042712154,48.88799607091028,51.65503614473792,16.753779932294904,18.7383635398615,-1.984583607566594
R_IB,1061,26.137416606471657,25.8159158869281,0.32150071954355813,89.75803472739874,90.11086289263717,22.75337188940258,23.864041956239795,-1.1106700668372138
R_IB,1062,26.1495194696912,27.20900906565072,-1.0594895959595232,66.63575636004687,75.79663645758087,22.78688194488165,25.159518003567232,-2.3726360586855857
R_IB,1063,23.195909607944156,25.98452755219096,-2.7886179442468015,58.18723383670908,63.595358501699586,19.43250025045922,23.911902423170307,-4.479402172711083
R_IB,1064,30.08904072905764,32.2395431934367,-2.1505024643790516,88.80193143805644,89.10452797913982,26.408631157671923,29.97638092887731,-3.567749771205385
R_IB,1065,18.380275679571778,20.403945239864235,-2.0236695602924586,49.332296358263264,56.77423487780098,15.154946081718508,18.415502453557455,-3.2605563718389448
R_IB,1066,23.63076677047829,24.27761206151513,-0.6468452910368436,62.784700712607815,71.31527358856387,20.073008784538054,22.213386924334504,-2.140378139796452
R_IB,1067,16.862714135048996,17.261031510451833,-0.39831737540283824,45.13268856857608,50.62460458444784,13.95020545273101,15.452157524030577,-1.5019520712995649
R_IB,1068,28.090477297508347,30.589657571841666,-2.4991802743333187,76.32492495259142,83.61396023556378,24.272118765925967,28.432990197277853,-4.16087143135188
R_IB,1069,18.523817378519556,20.564472460604627,-2.040655082085072,47.765398087838925,56.284975671331026,15.16086600947857,18.57343217814186,-3.412566168663293
R_IB,1070,16.000090707920872,16.09558569245347,-0.09549498453259583,37.285135599623295,47.31806162733789,12.864187832895212,14.297880249611564,-1.4336924167163523
R_IB,1071,19.662689439320566,18.560708630417107,1.1019808089034602,46.13690476279647,50.523207123871046,16.732949698757306,16.73924726906253,-0.006297570305222109
R_IB,1072,27.325743895859176,30.14900693850704,-2.8232630426478664,69.64450318740293,78.60933231673987,23.439273228327806,27.99068780042169,-4.551414572093879
R_IB,1073,19.980621950569812,21.438988857462398,-1.4583669068925824,43.81035860049067,55.74246552529621,16.83894551247892,19.52638279492666,-2.687437282447747
R_IB,1074,20.042244819920747,19.73103753424354,0.31120728567720557,49.332296358263264,56.22917128804735,16.532669812923768,17.69058928151049,-1.1579194685867218
R_IB,1075,33.209291096362286,35.04268995172929,-1.8333988553670109,100.72005967681821,101.68430154990105,29.419476841921405,32.810478405422465,-3.3910015635010633
R_IB,1076,20.44335179762785,20.951011165434718,-0.5076593678068664,51.048872953431065,56.08315955922201,16.76978423692089,18.949496700383524,-2.17971246346263
R_IB,1077,17.235855601297,18.6829367038469,-1.4470811025498997,43.13093287781932,50.73534226946821,13.986053367842976,16.79795437583155,-2.8119010079885753
R_IB,1078,21.852940833752992,22.92725433787536,-1.0743135041223704,53.892116858299545,60.74960194501585,18.40707623825667,20.87924825504158,-2.472172016784915
R_IB,1079,29.959300622929042,30.038739485777,-0.07943886284795715,93.58244788476753,94.13620254662614,26.402931150131664,27.986014483405715,-1.583083333274049
R_IB,1080,26.078944224216517,26.265721370627016,-0.1867771464105044,93.58244788476753,94.13620254662614,22.714797458646693,24.22758204242512,-1.512784583778428
R_IB,1081,29.906079296547016,31.804303726851984,-1.8982244303049602,90.23608637206982,90.61403034938577,26.364135597046527,29.545799788021498,-3.1816641909749706
R_IB,1082,21.21691555765932,22.719574213915998,-1.502658656256671,54.54217158229007,57.23739027193458,18.040474048858297,20.66084314628203,-2.620369097423728
R_IB,1083,31.81993241292383,34.99872795213451,-3.1787955392106824,88.80193143805644,89.10452797913982,28.008650262570313,32.77791373020601,-4.769263467635691
R_IB,1084,21.83823868894387,22.078724142961455,-0.2404854540175784,52.524170708288736,61.79252093442944,18.409903634229764,20.12174272414334,-1.7118390899135767
R_IB,1085,26.659988570963193,27.096438232360878,-0.4364496613976931,95.9714651360743,96.65218741850201,23.315146727352957,25.161225205419353,-1.8460784780663941
R_IB,1086,18.994675288824098,19.50709639983246,-0.5124211110083646,48.88799607091028,50.240249868654296,16.31325914709331,17.717470972989656,-1.4042118258963487
R_IB,1087,23.933075905026662,23.959381904023715,-0.02630599899705279,56.09603116150864,60.647702203957834,20.583256403329152,21.87170208285432,-1.288445679525167
R_IB,1088,23.482705465710136,27.0294452014045,-3.546739735694366,59.72828156258068,68.60003162723599,19.44933448040011,24.930657407967576,-5.481322927567464
R_IB,1089,20.051497283867924,21.595984197902535,-1.5444869140346098,49.35190136187319,59.88602968554027,16.3692954058266,19.647652301171867,-3.278356895345269
R_IB,1090,24.227769164543933,24.89057374528394,-0.6628045807400031,64.05994908561424,72.82407848801533,21.47448006019098,22.85612310137575,-1.3816430411847722
R_IB,1091,19.046655441584,21.387736514754838,-2.3410810731708334,41.548012716249865,55.74246552529621,16.007696896003782,19.34027880999126,-3.3325819139874797
R_IB,1092,25.856773335813873,26.78784385191169,-0.9310705160978135,61.99236380644823,65.09676043936057,22.644227064807016,24.68890802687818,-2.04468096207117
R_IB,1093,23.033828094323503,23.808902664304657,-0.7750745699811517,57.62726447938809,61.25754218183597,19.408817444951982,21.62429018240879,-2.215472737456809
R_IB,1094,16.538744543350337,17.68255814803515,-1.143813604684811,43.51317047468197,51.3753771717745,13.136722149341876,15.823960515435981,-2.6872383660941046
R_IB,1095,17.24765855922557,16.660749662231265,0.5869088969943091,44.72440648245443,50.240249868654296,14.040035282649736,14.883224055266865,-0.8431887726171241
R_IB,1096,24.588997724735382,25.684213838303823,-1.095216113568441,62.784700712607815,71.31527358856387,21.046068805521518,23.67353718577185,-2.627468380250329
R_IB,1097,19.845638713502506,20.04242474162891,-0.19678602812640453,54.01790344075037,60.44359102814781,16.6504253885318,18.260394906176415,-1.6099695176446152
R_IB,1098,18.047923776584387,19.097124579777514,-1.0492008031931268,42.44097064171144,56.2648403230902,14.904421425079452,17.30840017846079,-2.403978753381341
R_IB,1099,17.59262510703241,18.429871133216395,-0.83724602618398,42.315233992309544,48.883199318676915,14.191273333077755,16.436421422309845,-2.245148089232093
R_IB,1100,25.843837341200597,27.84753792827916,-2.0037005870785602,69.44458378524273,77.60840370825129,22.52972132516146,25.743581294908807,-3.2138599697473538
R_IB,1101,17.361676298468367,18.03097275420716,-0.6692964557387887,44.060151184864296,50.487796069061254,14.233308564247213,16.15291495887611,-1.9196063946288995
R_IB,1102,19.232393931871215,19.815998207673566,-0.5836042758023564,47.116387425391196,51.781938370259326,15.94589722395072,17.944543393733042,-1.9986461697823248
R_IB,1103,34.10889425369246,35.23629034206517,-1.1273960883727057,98.36048238738105,99.16817229037788,30.538687353143576,32.94068003096035,-2.4019926778167773
R_IB,1104,21.894577806324207,24.000832230446353,-2.1062544241221435,58.00674056310225,63.595358501699586,17.979487962706262,22.001348905911442,-4.021860943205177
R_IB,1105,21.42493176747892,20.06894958208645,1.3559821853924712,51.73972594029267,57.991284382510976,18.326141471064968,18.302605129801652,0.02353634126331901
R_IB,1106,22.396425913170745,22.859398995773446,-0.4629730826027057,54.55625279011435,61.25754218183597,18.50950974055223,20.781895015419128,-2.2723852748668962
R_IB,1107,22.96786191774922,23.983946576051757,-1.0160846583025247,54.591455809675054,58.92055768500673,19.367861134284574,21.908178499907017,-2.5403173656224483
R_IB,1108,24.056406746719375,25.347222054017678,-1.2908153072983082,62.784700712607815,71.31527358856387,20.792742077053354,23.30110333402609,-2.508361256972736
R_IB,1109,16.88590497709554,18.559211562917735,-1.673306585822195,48.317287671857265,56.22917128804735,14.002446158589905,16.674245222541337,-2.671799063951429
R_IB,1110,31.522047351063915,32.19701112580127,-0.6749637747373572,98.36048238738105,99.16817229037788,28.026734599060436,30.095853170909255,-2.0691185718488185
R_IB,1111,18.461185939999336,19.807488145749964,-1.3463022057506326,47.888040217620784,55.39085311846337,15.191619595924767,17.784434992465908,-2.5928153965411456
R_IB,1112,20.083515023139675,20.973030725582348,-0.8895157024426743,49.35190136187319,59.745273656706125,16.05376043057244,19.06043127786715,-3.00667084729471
R_IB,1113,23.917017666198515,25.765636669751242,-1.8486190035527283,60.31005268672703,66.28624537819402,20.325450377557917,23.69082586656534,-3.3653754890074232
R_IB,1114,17.60986640255599,17.515487283494142,0.0943791190618459,39.734993151406194,45.240367830751396,14.20200868534461,15.522631349972608,-1.3206226646279966
R_IB,1115,21.58006700756241,21.107381739199507,0.4726852683629,49.212729774584325,51.65503614473792,18.33453168109369,19.155303471138417,-0.8207717900447288
R_IB,1116,23.815715967595935,27.49295625582233,-3.677240288226396,56.284103080487824,63.41507474497258,19.597219731248984,25.279164194784556,-5.681944463535578
R_IB,1117,21.02566618677177,21.46651664564777,-0.44085045887599605,48.545571031478474,55.63576576739709,17.743368489725587,19.499472691180777,-1.7561042014551873
R_IB,1118,25.41180268455248,26.553685187100488,-1.141882502548007,58.38621664681636,61.65981001712883,22.054806921182852,24.372688212318835,-2.3178812911359854
R_IB,1119,20.815550509504487,22.357521108787786,-1.5419705992832984,50.53978147596373,58.049634443694146,17.17704424501094,20.168578712558624,-2.9915344675476887
R_IB,1120,22.26932364133632,24.156550802529257,-1.8872271611929394,54.01790344075037,61.68635220058895,18.887848882569944,22.10215972249193,-3.214310839921985
R_IB,1121,16.45446529250199,15.942115252223106,0.5123500402788884,43.334857599196745,46.65267978078837,13.283377595861293,14.084648788252146,-0.8012711923908541
R_IB,1122,21.27624065563632,23.594812481829404,-2.318571826193086,51.333197343917895,61.25754218183597,17.781548255703864,21.473367892964216,-3.6918196372603487
R_IB,1123,18.687087443347146,18.90887748981501,-0.2217900464678615,49.199006272057375,54.743904439479024,15.388968920394099,16.989707324515134,-1.6007384041210346
R_IB,1124,16.451829851399598,17.004826759772723,-0.5529969083731217,40.81069248404533,50.73534226946821,13.19316369974537,15.092188592332397,-1.8990248925870292
R_IB,1125,19.815626123853065,21.306286694217714,-1.490660570364647,49.52159852102897,56.65741269005211,16.46869546186063,19.29541801762802,-2.826722555767391
R_IB,1126,17.45423651720713,17.01433531245042,0.43990120475670713,48.317287671857265,55.98581840667178,14.069530292792395,15.10323620719429,-1.0337059144018943
R_IB,1127,21.469888545329848,23.44082788749083,-1.9709393421609802,54.56329339402649,61.25754218183597,17.98577803118065,21.369306125784565,-3.3835280946039115
R_IB,1128,23.668258694818622,28.135968026617356,-4.467709331798739,58.38621664681636,63.595358501699586,20.121866348123596,25.966449727479883,-5.844583379356289
R_IB,1129,17.479102541260225,19.27491018908986,-1.7958076478296305,37.56697303509002,55.74246552529621,13.302787775145557,17.316446120654202,-4.013658345508643
R_IB,1130,24.51844330886456,26.020736243698007,-1.5022929348334484,56.47217499946701,61.003572063425906,21.40976395011981,23.903644169534665,-2.493880219414855
R_IB,1131,23.0144239999496,22.118915868705603,0.8955081312439978,55.90795924252945,60.24010323972574,19.576853855562092,20.151466449915553,-0.5746125943534641
R_IB,1132,26.072079427604997,26.465569800129053,-0.3934903725240552,65.03666730971808,73.6046892742967,22.75389327309619,24.45314253888194,-1.699249265785756
R_IB,1133,18.362537734210107,19.14081887581519,-0.7782811416050788,48.43142935166788,53.91680836033807,14.740484959243437,17.32306621383357,-2.582581254590135
R_IB,1134,22.968276741145374,23.91498389152157,-0.9467071503762033,49.78827840826687,60.74960194501585,19.35715928011993,21.785942200726993,-2.4287829206070626
R_IB,1135,19.016566505212626,20.778218708938358,-1.7616522037257292,45.336829611636894,55.74246552529621,15.433307382904024,18.700964962083834,-3.267657579179808
R_IB,1136,20.003644619435942,19.010320679713217,0.993323939722721,45.26306087804621,51.37207888952121,16.924933878886506,17.127791216960198,-0.20285733807369472
R_IB,1137,24.88495539410403,25.458183161842353,-0.573227767738324,60.45549546776361,62.69393971806451,21.647021159658777,23.44938905019201,-1.8023678905332354
R_IB,1138,19.684742717551277,20.188061766441752,-0.5033190488904749,45.402123927213665,48.672548674806656,16.61100501495801,18.221328487545957,-1.6103234725879452
R_IB,1139,16.02503453363498,16.613699757286085,-0.5886652236511083,37.361302370198814,48.220342872943995,12.578056858037744,14.691452142668135,-2.1133952846303905
R_IB,1140,18.704117733791065,19.66482916296842,-0.9607114291773572,49.332296358263264,56.787215120884184,15.377048666785479,17.777259001045316,-2.4002103342598375
R_IB,1141,21.75973659604208,20.04267406760739,1.7170625284346979,62.23006487829612,67.79495384130503,18.642818953451744,18.305712761169737,0.3371061922820052
R_IB,1142,18.959518727499834,19.052508300288665,-0.09298957278883181,53.892116858299545,61.25754218183597,15.383082106326466,17.28141236068654,-1.8983302543600804
R_IB,1143,23.087585923788147,23.83069438317979,-0.743108459391647,61.838676972579776,65.83687293381759,20.295966424940154,21.87190184788036,-1.5759354229402054
R_IB,1144,22.02789509781337,22.24530405390731,-0.2174089560939346,49.166339245488025,57.86928882614983,18.566103857564812,20.24516498954122,-1.6790611319763997
R_IB,1145,26.985162979037007,27.758152644562678,-0.7729896655256736,88.80193143805644,89.10452797913982,23.355704014900958,25.544209738891777,-2.188505723990821
R_IB,1146,22.396050260041797,24.02895457057415,-1.6329043105323586,62.784700712607815,71.31527358856387,19.01184573557554,22.141722969582556,-3.12987723400701
R_IB,1147,21.015037203389344,23.78610256029618,-2.771065356906832,51.048872953431065,56.787215120884184,17.67099622264244,21.76721296748055,-4.0962167448381095
R_IB,1148,22.76232380507232,24.679561728396514,-1.917237923324193,57.812004152611586,61.25754218183597,19.156397708198043,22.490924963365952,-3.3345272551679104
R_IB,1149,23.321566532365825,22.91613638726919,0.4054301450966287,57.66717113995603,57.732219854954245,20.418737662964762,21.002398366378735,-0.5836607034139704
R_IB,1150,23.978079796608526,25.126436297312534,-1.1483565007040129,59.72828156258068,63.595358501699586,20.408057556393583,23.105549076072666,-2.6974915196790787
R_IB,1151,23.287902848040712,24.54484606919759,-1.2569432211568803,62.23006487829612,69.41460421563438,19.58483926088154,22.53609197052076,-2.9512527096392187
R_IB,1152,20.560886250867366,21.775324634447557,-1.2144383835801924,54.521049770553645,61.739436567509195,17.28770743044407,19.907749628530752,-2.6200421980866886
R_IB,1153,22.676426368516374,23.343931018802845,-0.6675046502864757,59.72828156258068,68.60003162723599,18.993008820999055,21.38453666679385,-2.391527845794792
R_IB,1154,16.165024146004143,16.884047814539116,-0.7190236685349732,42.72308343506443,48.883199318676915,12.987018464502118,15.082866393739993,-2.0958479292378733
R_IB,1155,22.66641868615284,23.880873432992406,-1.2144547468395674,56.47217499946701,61.41844931595312,19.364821955042128,21.811689664717797,-2.4468677096756677
R_IB,1156,21.91884173489952,23.662635306035206,-1.7437935711356864,48.77385439109969,59.54952561595747,18.419723823871323,21.535217822297938,-3.1154939984266132
R_IB,1157,24.3266493189351,25.446637753920815,-1.1199884349857212,74.59141633805123,82.95880318319782,21.163084154281048,23.477667559656382,-2.314583405375332
R_IB,1158,19.48678736360254,21.953350734853416,-2.466563371250869,47.94936128251171,57.508597591061296,15.954040729629659,19.931327400845475,-3.9772866712158153
R_IB,1159,24.69131289464007,25.725181241556175,-1.0338683469161054,59.00700029310056,61.79252093442944,21.220251748832574,23.595975044867348,-2.3757232960347734
R_IB,1160,23.371666115916064,23.794723503116174,-0.42305738720011116,71.12439910897054,79.10979510862222,20.162195169447195,21.92064835611672,-1.7584531866695234
R_IB,1161,22.283604349034132,22.398062837784643,-0.11445848875050758,49.50395401778003,57.234247826979335,18.81540532748444,20.332107437672903,-1.5167021101884608
R_IB,1162,15.974046937159873,18.881774964472267,-2.907728027312398,37.56697303509002,50.73534226946821,12.791395451331006,16.909318032808358,-4.117922581477357
R_IB,1163,20.508166270736382,19.45693198457475,1.0512342861616304,50.244260458270595,60.34200298078377,17.13839680208797,17.723537971500168,-0.5851411694121958
R_IB,1164,18.909347205825966,19.03625801359695,-0.12691080777098465,50.01892699633039,56.40046784884925,15.704073023199959,17.111104906444098,-1.4070318832441435
R_IB,1165,22.55737933981768,23.023268720022873,-0.46588938020519594,57.7746176247125,63.595358501699586,18.754225367657213,21.066988693204255,-2.3127633255470457
R_IB,1166,19.701304088264838,21.019030910462195,-1.3177268221973573,49.25912030368061,58.59067129632694,16.265957064008216,19.139474863664447,-2.8735177996562307
R_IB,1167,19.761693419000366,21.524555594217233,-1.7628621752168714,48.88799607091028,58.59067129632694,15.910766971150835,19.496598802645757,-3.5858318314949202
R_IB,1168,27.631971437820113,30.09714138390536,-2.465169946085249,61.99236380644823,68.60003162723599,24.153453352402604,27.808234358870795,-3.6547810064681965
R_IB,1169,20.11296707195324,21.68365546665461,-1.5706883947013703,51.048872953431065,59.67013662067139,16.39137418755305,19.709494944629387,-3.3181207570763345
R_IB,1170,18.355395772131896,20.47557117725205,-2.120175405120152,49.06571618585148,56.45238882118208,15.020226787335291,18.558434687791983,-3.5382079004566958
R_IB,1171,25.45595397099417,27.49632719050881,-2.040373219514641,61.620098090185714,69.95765260789993,21.49705557582147,25.377159638168806,-3.8801040623473377
R_IB,1172,17.933315439582774,19.26970419339943,-1.3363887538166523,44.03396771805427,51.705797034946485,14.504231081163935,17.34202142450548,-2.8377903433415463
R_IB,1173,26.899759332028978,27.445672477756574,-0.545913145727596,88.80193143805644,89.10452797913982,23.872767878774646,25.366779028593463,-1.4940111498188098
R_IB,1174,20.8133878458294,24.3247932849821,-3.511405439152704,49.34013835970723,60.74960194501585,17.22704692406618,22.158486149240495,-4.931439225174312
R_IB,1175,28.087112178333708,28.88782729429195,-0.800715115958234,93.10439624009645,93.63303508987754,24.401384870406957,26.720557936081647,-2.3191730656746925
R_IB,1176,22.06425993988751,25.101144936603887,-3.0368849967163745,49.35190136187319,58.59067129632694,18.22280514304798,22.924262641795313,-4.701457498747327
R_IB,1177,21.44200711972499,24.519597417416783,-3.0775902976917946,48.317287671857265,58.8589479921891,18.18968911167511,22.470163131836035,-4.280474020160924
R_IB,1178,31.743845266729345,33.725436485529556,-1.9815912188002094,103.07963696625536,104.20043080942422,28.01134410079703,31.585498659013663,-3.5741545582166387
R_IB,1179,20.842303466713748,23.70603023962194,-2.86372677290819,49.35190136187319,60.74960194501585,16.59119045119403,21.609845611108092,-5.01865515991406
R_IB,1180,24.089766431146554,25.367545477383114,-1.2777790462365575,60.68841599224802,68.87155582336877,20.231865002048227,23.27879233124241,-3.0469273291941805
R_IB,1181,23.190715972975056,25.72188586869176,-2.5311698957167104,58.38621664681636,66.28624537819402,19.877527188804876,23.610789077715065,-3.7332618889101914
R_IB,1182,35.0169224224868,36.109100881325496,-1.0921784588386876,110.33612019629356,109.53473216819327,31.440126638732597,33.92619929236728,-2.486072653634677
R_IB,1183,21.041452851057436,23.170718069636845,-2.1292652185794076,52.18617051537847,59.25044407368647,17.471190582006123,21.091643266901848,-3.6204526848957213
R_IB,1184,24.299389806845884,24.31070877873214,-0.011318971886252385,71.21230869316153,82.19754585282334,21.28204438104537,22.40508791215588,-1.1230435311105131
R_IB,1185,22.012234955213476,21.40437410895948,0.6078608462539957,54.591455809675054,58.92055768500673,18.674478738393628,19.504708386132506,-0.8302296477388788
R_IB,1186,23.81233323920895,24.982723249670702,-1.1703900104617542,61.99236380644823,68.60003162723599,20.29953853271061,22.92883497526378,-2.62929644255317
R_IB,1187,20.62288226953752,22.982369015070333,-2.359486745532813,53.892116858299545,60.24010323972574,17.146702763858237,20.895184372537145,-3.7484816086789077
R_IB,1188,29.10692259618167,29.94357394188929,-0.8366513457076237,93.58244788476753,94.13620254662614,25.67849625930168,27.904892971071604,-2.2263967117699197
R_IB,1189,25.489051842682702,26.745103878104462,-1.2560520354217635,69.25790616595111,81.43010339434377,22.40372366788049,24.70601228880491,-2.302288620924418
R_IB,1190,21.654581564258805,23.252051996687833,-1.5974704324290296,54.591455809675054,61.25754218183597,18.49976616523862,21.248998920923086,-2.7492327556844667
R_IB,1191,23.2388441064458,25.305725472286888,-2.066881365841085,59.459868579427834,66.28624537819402,19.22910714112839,23.238790477036442,-4.00968333590804
R_IB,1192,26.526496206394977,28.234120286662183,-1.7076240802672027,76.32492495259142,83.61396023556378,22.818547297756176,26.204153904442286,-3.385606606686108
R_IB,1193,24.861386441669534,25.190736925530757,-0.32935048386122345,80.45834684452207,87.11718902577515,21.748498768372503,23.320519442793067,-1.57202067442056
R_IB,1194,17.184627994532192,18.334547029648796,-1.149919035116603,42.9040724400036,50.73534226946821,13.669782804993288,16.451190411638436,-2.7814076066451494
R_IB,1195,24.61316863597597,25.969082994719518,-1.3559143587435512,70.5465629041238,78.60933231673987,21.28776984373175,24.04246724675402,-2.7546974030222695
R_IB,1196,15.102839497458435,14.38543550299674,0.7174039944616939,28.67922317095207,43.57652691193667,11.274101025307623,12.68581656808788,-1.411715542780255
R_IB,1197,20.52219861886735,20.582220510111192,-0.06002189124384156,48.374358511762566,56.967560738428446,17.052212955478083,18.705127286008548,-1.6529143305304637
R_IB,1198,17.107116160094836,17.69100002759321,-0.5838838674983735,43.283633907412295,51.73117748005076,13.740861920734824,15.837289665530001,-2.096427744795175
R_IB,1199,25.24032823482748,25.720674568403304,-0.48034633357582407,61.99236380644823,68.60003162723599,21.612858635409836,23.72277543005978,-2.1099167946499398
R_IB,1200,33.955869268970645,37.4107755829091,-3.454906313938455,103.80528528925915,104.73386094530109,30.232277919035504,35.05862825065201,-4.826350331616502
R_IB,1201,26.959844769585345,28.659621311464896,-1.6997765418795485,92.14829295075428,92.62670017638033,23.704556804915473,26.45707471170573,-2.7525179067902603
R_IB,1202,23.337776460825356,23.947797755466564,-0.6100212946412079,60.921336516732495,69.14308001950161,19.663817002804233,22.011716544367648,-2.347899541563411
R_IB,1203,21.314395200081034,20.633787357974878,0.6806078421061541,54.03198464857466,55.43796392718034,18.274472734138755,18.74432879210817,-0.46985605796941343
R_IB,1204,23.541267055072453,25.586884441383486,-2.045617386311031,57.237791658406756,61.71289438404907,19.53334321946553,23.416365219674997,-3.8830220002094715
R_IB,1205,22.07421470021652,23.10077460829024,-1.026559908073723,59.72828156258068,68.60003162723599,18.4974596336852,21.207568114003188,-2.710108480317984
R_IB,1206,29.449821149178756,30.18597698138554,-0.7361558322067828,85.51587240384575,88.86155038607414,26.154372331096763,28.11076815457806,-1.9563958234813021
R_IB,1207,17.841808662609704,18.174665937599315,-0.3328572749896127,48.317287671857265,53.585969928681656,14.388591169278834,16.34652516081985,-1.9579339915410212
R_IB,1208,29.52523830349033,31.975303957308935,-2.4500656538185996,93.58244788476753,94.13620254662614,25.94441589427425,29.785052566231883,-3.8406366719576392
R_IB,1209,20.200034640412294,21.271572484582272,-1.0715378441699808,48.133324477184495,56.08315955922201,17.273336991329142,19.29714869498495,-2.0238117036558108
R_IB,1210,19.527348176934325,20.54490802659628,-1.0175598496619536,49.52159852102901,55.29039243079685,16.46041743751891,18.587550046246353,-2.1271326087274423
R_IB,1211,27.331955374466713,28.306677047530552,-0.9747216730638513,98.36048238738105,99.16817229037788,24.355294011401078,26.306198325977995,-1.9509043145769236
R_IB,1212,24.944491031734277,26.014084980250278,-1.0695939485160035,70.5465629041238,78.60933231673987,21.42570362254562,24.048013078258386,-2.6223094557127684
R_IB,1213,27.42709570153787,28.137704978908996,-0.7106092773711261,84.20144879016155,88.76435934884788,23.77558872678452,25.993437982386837,-2.2178492556023235
R_IB,1214,16.080050709948814,16.03239981981618,0.047650890132632275,40.78371633695443,46.72708764029987,12.894000731393309,14.16630892367897,-1.272308192285664
R_IB,1215,19.441876104287942,19.189091232899052,0.25278487138889444,48.88799607091028,55.24016208696357,15.924336468279327,17.25253912592281,-1.3282026576434813
R_IB,1216,32.818113986655824,32.88343428362441,-0.06532029696858756,98.36048238738105,99.16817229037788,29.301453222235626,30.74685761753714,-1.4454043953015085
R_IB,1217,21.989120027084077,22.749958029651417,-0.7608380025673406,54.54217158229007,60.90198401606189,18.67314225241641,20.741574135813153,-2.068431883396739
R_IB,1218,15.472368715667132,15.751197930669903,-0.2788292150027652,40.530229693472975,50.73534226946821,12.47179221198462,13.86579091287461,-1.393998700889987
R_IB,1219,20.193489964408684,22.479270483895284,-2.2857805194865994,49.33621735898525,56.31481956844831,16.581474411544903,20.39413091853212,-3.8126565069872154
R_IB,1220,20.421791348346975,23.02190942021417,-2.600118071867186,48.545571031478474,56.787215120884184,16.559816829046365,20.939021201187607,-4.379204372141241
R_IB,1221,19.68098491059335,19.159403680026372,0.5215812305669774,48.317287671857265,50.240249868654296,16.37894893366302,17.323723201124885,-0.9447742674618703
R_IB,1222,24.870484737306818,24.557621676115513,0.31286306119130075,84.8931263836356,87.5696430621807,21.73289057193392,22.693615634226767,-0.9607250622928506
R_IB,1223,29.046174739055658,28.452408551506018,0.5937661875496454,98.36048238738105,99.16817229037788,25.824950243969177,26.41846417856979,-0.5935139346006177
R_IB,1224,20.434204662365865,22.764430603074356,-2.330225940708486,52.98015275829234,61.25754218183597,17.253290096944074,20.741670542074605,-3.4883804451305354
R_IB,1225,22.986339868288518,23.53341019969273,-0.5470703314042127,54.591455809675054,60.74882271078086,19.681629030068773,21.46618771641746,-1.7845586863486853
R_IB,1226,13.367791262354972,13.891728161141726,-0.523936898786753,28.50193385645506,39.985684305990915,10.174049991246697,12.088228882853052,-1.9141788916063538
R_IB,1227,20.854705522521865,20.194043280699148,0.6606622418227199,50.20038715765213,52.62050303670979,17.44546186167737,18.266161285693858,-0.8206994240164898
R_IB,1228,27.125378413085432,28.11652961703925,-0.9911512039538126,88.80193143805644,89.10452797913982,23.75802498521006,26.054117751400213,-2.296092766190158
R_IB,1229,25.252914773307385,25.788680113420206,-0.535765340112823,91.19218966141199,91.62036526288298,22.03886056100433,23.847008502719806,-1.8081479417154733
R_IB,1230,23.29101922590675,25.771167574461813,-2.4801483485550637,60.237331296208744,68.60003162723599,19.538967641984815,23.767890052558368,-4.228922410573554
R_IB,1231,19.3730900314792,20.547518906647987,-1.1744288751687806,49.35190136187319,56.787215120884184,15.875991259026172,18.61517170697174,-2.7391804479455715
R_IB,1232,26.49440660911667,27.907856123823986,-1.4134495147073174,67.03552862262904,76.34462325340188,23.4001541986698,25.87101187036864,-2.4708576716988397
R_IB,1233,22.615696132164707,23.886325463430797,-1.2706293312660861,56.47217499946701,60.74960194501585,19.399162809552877,21.796881648946865,-2.397718839393983
R_IB,1234,19.234374087279363,20.065695917699284,-0.8313218304199202,51.1562245582778,56.787215120884184,15.909818410356765,18.086380176057425,-2.176561765700658
R_IB,1235,18.999309565327614,19.884931936240097,-0.8856223709124893,49.52159852102897,56.787215120884184,15.648749092439076,17.971322651691597,-2.3225735592525205
R_IB,1236,14.241175668972243,13.81078634715263,0.43038932181961115,36.13049475899899,37.72577577285898,11.568261006503855,12.045673905372832,-0.477412898868977
R_IB,1237,14.208923279690321,15.315318149981927,-1.1063948702916047,33.66691635085417,43.2909881088998,11.145424151501976,13.547545396842928,-2.4021212453409495
R_IB,1238,27.437495246510508,29.81125510365961,-2.373759857149105,70.15996588267201,80.58387207106264,23.69661523169388,27.667768337127463,-3.971153105433581
R_IB,1239,23.768103015396385,24.430077740666622,-0.661974725270235,60.16460990569043,67.6745171276192,20.081316543022503,22.44217289959982,-2.36085635657732
R_IB,1240,25.331754098256923,26.39666209038238,-1.064907992125458,65.03666730971808,73.6046892742967,21.380785978867824,24.439130178915498,-3.058344200047673
R_IB,1241,15.094790489045407,15.773046928334077,-0.6782564392886727,35.06387091854351,46.65267978078837,11.664811636977298,13.999328156255796,-2.334516519278498
R_IB,1242,29.31448067236661,29.514238472791504,-0.1997578004248947,102.60772150836796,103.69720495751962,26.19775760880169,27.55305517154668,-1.355297562744991
R_IB,1243,23.78971835481939,23.347109806239605,0.44260854857977844,59.594075071004255,63.595358501699586,19.80191223073208,21.415216462277126,-1.613304231545049
R_IB,1244,21.450399797132633,22.298583623376018,-0.8481838262433922,61.86777496759973,70.50070100016555,18.021668669645816,20.507033373925385,-2.485364704279568
R_IB,1245,19.492053871220573,22.3334156745139,-2.841361803293329,51.167987560443756,60.9527780397439,15.956269833764198,20.3044596747014,-4.348189840937199
R_IB,1246,20.36459798709904,22.848501232235595,-2.48390324513656,49.02233649408817,61.79252093442944,16.82676146340149,20.882488560289616,-4.055727096888125
R_IB,1247,15.294505415824526,15.552218593453855,-0.2577131776293259,39.734993151406194,48.04059674319582,12.215382336176626,13.734344583571652,-1.5189622473950262
R_IB,1248,17.42059812760465,18.552323426064277,-1.131725298459629,43.42047869116851,48.61144976593546,14.087448519529554,16.609110901406616,-2.5216623818770634
R_IB,1249,26.31561912188371,28.1929335811175,-1.8773144592337871,59.594075071004255,61.79252093442944,22.60643296931866,25.974479354777497,-3.3680463854588347
R_IB,1250,19.61211466489353,21.41979191869838,-1.807677253804852,47.826719152729865,56.340780054614726,15.916127024561675,19.30304313067041,-3.386916106108737
R_IB,1251,24.47804705769024,25.711295064352566,-1.2332480066623253,66.83564249133796,76.07062985549138,21.085916931578943,23.709768826662696,-2.623851895083751
R_IB,1252,21.353836697516257,20.855455946318088,0.4983807511981663,62.784700712607815,71.31527358856387,18.721114805266037,19.13047267742205,-0.4093578721560082
R_IB,1253,31.69618531353985,32.818802422368954,-1.1226171088290944,103.07963696625536,104.20043080942422,28.63006357912584,30.71707264932909,-2.0870090702032598
R_IB,1254,22.316948834418387,22.636971527122952,-0.3200226927045706,51.93647556621342,55.491313806129895,18.73399429758055,20.63348113931842,-1.8994868417378687
R_IB,1255,22.77871809859946,26.004412702736218,-3.2256946041367573,54.584415205762916,61.206748158153964,19.08515439739111,23.797311540894263,-4.712157143503153
R_IB,1256,21.811645898633678,24.045210749557608,-2.2335648509239214,54.521049770553645,61.56878920991753,17.727463649988366,22.006678865615022,-4.2792152156266505
R_IB,1257,21.859542282214502,24.326474911783937,-2.4669326295694365,58.65462962996924,64.13353587699852,18.603239972508476,22.386856566293602,-3.7836165937851307
R_IB,1258,18.292722847942386,19.17867782134552,-0.8859549734031344,44.56537195612638,54.95036009428888,15.366351756161837,17.38286635979171,-2.0165146036298696
R_IB,1259,14.411313211394006,14.887305669994968,-0.4759924586009586,36.90743894175658,46.65267978078837,11.380562509201214,13.17287770637655,-1.7923151971753342
R_IB,1260,19.823250091196506,20.169394132867023,-0.34614404167051627,49.691295680184794,55.24016208696357,16.61391563329394,18.241217403081457,-1.627301769787515
R_IB,1261,34.48705547563987,35.96019489722548,-1.473139421585602,98.36048238738105,99.16817229037788,30.805467731449376,33.68339721913558,-2.8779294876861994
R_IB,1262,19.8176920003251,22.216300078731027,-2.3986080784059247,49.34013835970723,60.9527780397439,16.603266824412792,20.350934848215992,-3.7476680238032
R_IB,1263,22.44079012531226,23.660727125767632,-1.2199370004553685,88.80193143805644,89.10452797913982,19.610043867797504,21.76426358678283,-2.154219718985326
R_IB,1264,13.627789221538185,13.85314447121511,-0.22535524967692377,29.592133007103428,38.882502442625494,10.523338730406191,12.09366840346572,-1.5703296730595306
R_IB,1265,27.75074101071429,28.215110211585266,-0.4643692008709831,98.83239784526846,99.67139814228248,24.562012433415035,26.249971259680127,-1.6879588262650924
R_IB,1266,20.32760543244367,21.88291971933368,-1.5553142868900123,49.332296358263264,56.486116129250206,17.122753444574098,19.777381353355057,-2.6546279087809586
R_IB,1267,18.182715027442434,17.370012964109637,0.8127020633327953,50.19058465584716,56.22917128804735,15.131735131942,15.493790521855018,-0.36205538991302155
R_IB,1268,13.995713298947798,13.231051182750207,0.7646621161975907,30.40819861127134,42.16715431795018,10.60998491586318,11.454482760755676,-0.8444978448924974
R_IB,1269,18.210923248671456,19.891025020906753,-1.6801017722352956,46.773982087398046,55.93714783039667,14.922069799570325,17.98190054605274,-3.059830746482415
R_IB,1270,32.321847245261694,33.63242615377112,-1.3105789085094222,98.83239784526846,99.67139814228248,29.358601333207712,31.458770240418797,-2.100168907211079
R_IB,1271,18.6927705699834,19.443023583519818,-0.7502530135364177,54.33236989687742,63.05450723151855,15.18840062285102,17.588357925211028,-2.3999573023600114
R_IB,1272,20.84358995425502,19.73317321497594,1.110416739279083,53.892116858299545,58.95747743594404,17.648690476250525,17.886033059652224,-0.23734258340169698
R_IB,1273,18.428473141511983,20.169416465487704,-1.7409433239757157,43.92923385081414,51.28715859463003,14.990329634852806,18.131210062038324,-3.1408804271855173
R_IB,1274,31.819358349936003,34.161327569095185,-2.341969219159177,93.58244788476753,94.13620254662614,28.157433113286377,31.89288845080101,-3.7354553375146327
R_IB,1275,19.605769639584707,21.221595715571453,-1.615826075986747,51.048872953431065,56.65741269005211,16.560098007379203,19.214145044205868,-2.6540470368266678
R_IB,1276,30.08918110459873,29.854285343500262,0.23489576109846508,103.07963696625536,104.20043080942422,27.023923399653963,27.959146820350494,-0.9352234206965292
R_IB,1277,22.400816673213598,26.69810538264441,-4.297288709430813,51.62200911008637,61.79252093442944,18.143173926183035,24.49907234042514,-6.355898414242109
R_IB,1278,28.846189115623158,31.165920974709987,-2.319731859086839,69.25790616595111,81.1480262865834,25.420774289641415,28.97003841413535,-3.5492641244939307
R_IB,1279,23.680580480966746,25.249076447678465,-1.568495966711722,59.325662087851406,63.595358501699586,20.115032528281034,23.175536323391892,-3.060503795110861
R_IB,1280,12.870710871008775,12.13006778495391,0.7406430860548632,26.86663513048255,32.80478748318943,10.130715008804174,10.515407741412558,-0.38469273260838577
R_IB,1281,22.586333570266067,23.601612631484034,-1.0152790612179672,58.38621664681636,63.595358501699586,18.739148508370928,21.62929877178503,-2.890150263414104
R_IB,1282,17.466848277308973,20.89970375892521,-3.432855481616237,40.95270743260873,51.781938370259326,13.731257382588717,18.730654627154376,-4.999397244565658
R_IB,1283,14.223421250831404,13.330938496513065,0.8924827543183389,32.827770420065384,40.39360992969551,11.394264262431006,11.570867460193131,-0.17660319776212421
R_IB,1284,22.762543009529722,24.036206164871786,-1.2736631553420654,59.72828156258068,63.595358501699586,19.190939524428288,22.100963476615885,-2.910023952187598
R_IB,1285,18.109527178733423,17.426571287422192,0.6829558913112308,47.31655388433441,50.720693263396214,15.572376102166569,15.81192349406232,-0.23954739189575336
R_IB,1286,26.197162014345903,27.45878982987298,-1.2616278155270777,76.32492495259142,83.61396023556378,22.586264367622412,25.467703096737868,-2.8814387291154544
R_IB,1287,23.525047520000705,24.601259614403425,-1.076212094402721,56.47217499946701,58.39734543569952,20.383826693268674,22.51644474194733,-2.132618048678653
R_IB,1288,35.03112397568957,37.033382023861414,-2.002258048171833,110.33612019629356,109.53473216819327,31.644143171747846,34.76490095433712,-3.1207577825892807
R_IB,1289,19.970705365058894,21.401505199089918,-1.4307998340310273,48.77385439109969,56.474423257100945,16.72099685544733,19.53962009039926,-2.8186232349519345
R_IB,1290,17.305947904778122,18.91332797847622,-1.607380073698099,43.334857599196745,51.6804165898422,14.186007252602481,16.892052562717293,-2.7060453101148108
R_IB,1291,23.96103855838168,25.18845993421176,-1.227421375830079,93.58244788476753,94.13620254662614,20.799399970161808,23.201208185006575,-2.401808214844771
R_IB,1292,23.11636717919204,25.600068404981435,-2.4837012257893956,55.105138384965585,61.97280469115645,19.503574648834334,23.566951455740327,-4.06337680690599
R_IB,1293,26.059021655128202,27.478168020249367,-1.4191463651211647,62.46776595014398,70.2291768040327,22.748258912963802,25.38560493992278,-2.6373460269589732
R_IB,1294,20.41387557534359,20.895219408580694,-0.48134383323710594,58.92304261312209,67.21175987781082,16.722340230244754,19.114721314167966,-2.392381083923212
R_IB,1295,25.917785552464434,24.920003097659812,0.9977824548046177,67.92447963995788,78.37881530977866,22.75087926966297,22.945133860777034,-0.19425459111406623
R_IB,1296,25.112287385017336,26.960233836991844,-1.8479464519745055,56.85498332893691,61.79252093442944,21.83477620643532,24.78662986040013,-2.951853653964811
R_IB,1297,15.651110531188891,18.76671653229821,-3.115606001109321,40.23390402763469,48.672548674806656,12.496954547598044,16.780901959033045,-4.283947411434998
R_IB,1298,23.99791341451071,25.187596513825746,-1.1896830993150362,80.45834684452207,87.11718902577515,20.65807348631746,23.25706492838969,-2.598991442072231
R_IB,1299,33.65154566887535,33.89938353722681,-0.2478378683514585,103.07963696625536,104.20043080942422,29.855173856066735,31.738926369064828,-1.8837525129980954
R_IB,1300,26.83505011913803,29.06550933260347,-2.2304592134654366,88.80193143805644,89.10452797913982,23.434732050838647,26.983784569043948,-3.5490525182053023
R_IB,1301,25.28167191042189,26.27042519446292,-0.9887532840410289,62.784700712607815,71.31527358856387,21.907004854984415,24.163578543722444,-2.256573688738025
R_IB,1302,28.45521209129661,30.764689179381133,-2.3094770880845275,65.6363257035914,74.42666946802828,24.898699230714453,28.50946607917771,-3.610766848463257
R_IB,1303,28.342441083053664,30.01157990138824,-1.6691388183345774,74.59141633805123,82.95880318319782,25.044323165746885,27.858899825241952,-2.81457665949507
R_IB,1304,25.782001942358626,26.212286864796653,-0.43028492243802474,67.03552862262904,76.34462325340188,22.551675412247253,24.146804915533277,-1.5951295032860198
R_IB,1305,16.948097520002836,18.18017841804295,-1.2320808980401143,41.906476024399325,48.79261613442977,13.732639239827245,16.27585105030392,-2.54321181047668
R_IB,1306,23.473272070305555,25.35031494123852,-1.8770428709329643,59.594075071004255,66.0171566905446,19.896969594187613,23.277569109113433,-3.380599514925814
R_IB,1307,19.556432407677548,20.945278257259293,-1.388845849581743,49.06571618585148,56.22917128804735,16.180331967134407,18.918364722531308,-2.738032755396901
R_IB,1308,14.420946851823928,14.787111783820551,-0.3661649319966233,34.73050752179138,43.671697922217305,11.407429527087311,12.968281552210676,-1.560852025123365
R_IB,1309,28.73069910477303,29.688697308460213,-0.9579982036871828,93.58244788476753,94.13620254662614,25.704913943470565,27.655365467682625,-1.9504515242120626
R_IB,1310,31.46225124776735,34.959346873142,-3.4970956253746506,93.58244788476753,94.13620254662614,27.274116888418465,32.6146924777551,-5.34057558933663
R_IB,1311,12.067777804445852,11.561967638348978,0.5058101660968721,26.487136442253938,32.80478748318943,9.240592291757656,9.890798356832528,-0.6502060650748709
R_IB,1312,27.189394139303083,28.266315421839778,-1.0769212825366945,65.03666730971808,73.6046892742967,23.43633141639441,26.12170479728365,-2.6853733808892377
R_IB,1313,14.2818700817713,15.220161487642756,-0.9382914058714538,33.730417331534916,43.88283337615476,11.15015791671791,13.404204557790193,-2.2540466410722813
R_IB,1314,17.33686158508531,19.64753105589665,-2.310669470811337,41.667352482585166,51.01125043204914,14.096813616674625,17.65993313603136,-3.563119519356733
R_IB,1315,23.71542276284826,25.063575629776178,-1.3481528669279246,62.54699964075996,69.806565125453,20.617109292104082,23.029953113624636,-2.4128438215205628
R_IB,1316,17.15557355603511,18.775636103803166,-1.620062547768059,44.11251811848437,51.06139834153717,13.958067424895884,16.82804404054677,-2.8699766156508875
R_IB,1317,24.945888655737704,25.13952964678814,-0.19364099105043278,95.49366168581297,96.14899044412687,21.86499776802467,23.21614088725234,-1.3511431192276742
R_IB,1318,12.779645570735633,12.686177318467196,0.09346825226843572,22.51266034527565,30.46855981821382,9.56440604607826,11.132308906117217,-1.5679028600389568
R_IB,1319,19.95199055122266,20.86752567591523,-0.915535124692568,49.8059229115158,61.31104005709532,16.925016443071367,19.050956893993845,-2.125940450922475
R_IB,1320,20.90110438253499,21.607915828699074,-0.7068114461640815,48.88799607091028,55.24016208696357,17.879577003141925,19.557568796399384,-1.6779917932574575
R_IB,1321,20.245870767731915,22.040387290855662,-1.7945165231237488,49.52159852102897,58.75561449066681,16.59826887958948,20.08627594878168,-3.4880070691922027
R_IB,1322,15.204142315887381,17.472536412961613,-2.2683940970742302,37.56697303509002,48.04059674319582,12.101344392857742,15.575995061018492,-3.474650668160753
R_IB,1323,39.52254701340024,41.55957708894201,-2.0370300755417694,112.48750033372112,114.01574085854912,36.18882378250297,39.31332197383588,-3.1244981913329113
R_IB,1324,22.159437335279204,25.4385020786702,-3.2790647433909985,54.521049770553645,63.595358501699586,18.469587471042946,23.38548297360716,-4.915895502564222
R_IB,1325,13.499822235447292,13.252997704418322,0.24682453102896895,31.730236951022068,36.119491383533074,10.893387267311962,11.549879170891298,-0.6564919035793357
R_IB,1326,23.61333664087712,25.547624501423456,-1.9342878605463398,59.72828156258068,66.0171566905446,20.167031275418754,23.516016687827015,-3.348985412408259
R_IB,1327,23.850739276258082,24.766736115297615,-0.9159968390395283,57.04638749367184,61.378222532423834,20.586358840147035,22.687223281940494,-2.1008644417934574
R_IB,1328,25.992195709375242,27.15031810420323,-1.1581223948279877,60.916555969369014,66.98038125290664,22.489315530835036,25.022547235731324,-2.5332317048962922
R_IB,1329,20.301212974238524,22.865857487535223,-2.5646445132966993,54.521049770553645,60.74960194501585,16.527402867291105,20.93407320625232,-4.406670338961215
R_IB,1330,16.02609030711876,18.71532808148218,-2.689237774363418,38.51727887020374,50.339268348817086,12.771465681800379,16.64691922284898,-3.8754535410485995
R_IB,1331,18.764047181169392,20.318248338241393,-1.5542011570720031,48.88799607091028,54.578485223650794,15.266842349948599,18.39915385446523,-3.1323115045166277
R_IB,1332,14.295185819094318,16.925328272143688,-2.63014245304937,35.83656351864064,46.098012101403455,11.397726714050032,15.02013381773089,-3.6224071036808607
R_IB,1333,22.553537539380518,22.238191228750356,0.3153463106301627,50.7757144252737,56.565917973576525,19.326818484251422,20.28871134295532,-0.9618928587038884
R_IB,1334,28.860609608917564,29.046009585490342,-0.18539997657277707,88.80193143805644,89.10452797913982,25.07919614883788,27.012371400485378,-1.9331752516474932
R_IB,1335,35.76971555904139,37.54109912675762,-1.7713835677162413,103.07963696625536,104.20043080942422,32.35903924117377,35.23181029737687,-2.8727710562031024
R_IB,1336,20.475990430524142,21.43409960547906,-0.9581091749549191,46.94910838852127,55.24016208696357,17.303939916479443,19.46037322141174,-2.1564333049322957
R_IB,1337,19.438996955818652,20.052255439267313,-0.6132584834486621,42.17898133633947,48.883199318676915,16.341497042127635,18.08119414932506,-1.739697107197423
R_IB,1338,19.877487183268368,19.25540194057997,0.622085242688399,45.20034834367526,51.65503614473792,16.660620959449126,17.339938790884332,-0.6793178314352072
R_IB,1339,22.111739712751405,22.71479260367886,-0.6030528909274564,54.591455809675054,59.839010044557924,18.96697097987887,20.719724926691335,-1.7527539468124635
R_IB,1340,12.721004163904626,11.56576055242555,1.155243611479073,26.025738994262472,30.240895299079067,9.797510613001618,9.997812659545476,-0.20030204654385783
R_IB,1341,17.44902274329899,20.21479860325243,-2.765775859953435,40.22958495623141,55.311166405973324,13.669490505510653,18.206344407950777,-4.5368539024401215
R_IB,1342,18.410430383040342,17.726490466830064,0.6839399162102796,37.874276860151184,49.78904824663691,15.4793789168712,15.998255526425833,-0.5188766095546306
R_IB,1343,20.4388001545066,21.251470233634272,-0.8126700791276776,51.048872953431065,56.65741269005211,16.898495821105104,19.179152205746362,-2.28065638464126
R_IB,1344,17.04532012127409,17.543375539401694,-0.4980554181276009,44.191068518914456,51.66772636729006,13.657962928044102,15.804042106398676,-2.1460791783545736
R_IB,1345,20.108853001322124,20.766531504518582,-0.6576785031964606,45.745111697758546,51.65503614473792,16.872737141564368,18.80343525312931,-1.930698111564943
R_IB,1346,20.563077522298602,20.515766346639165,0.047311175659432665,51.90184612489164,56.69635341930174,17.516139123071287,18.63307140039052,-1.116932277319234
R_IB,1347,22.46705937022781,24.172408759817777,-1.7053493895899692,65.03666730971808,73.6046892742967,18.9189973554862,22.317684846902782,-3.398687491416581
R_IB,1348,25.901072668665286,25.740727477438977,0.16034519122631297,93.58244788476753,94.13620254662614,22.716026495186902,23.819692326920627,-1.1036658317337287
R_IB,1349,24.99995448455383,27.532086363592597,-2.532131879038772,63.66231575713182,72.10329198017857,21.258791408675243,25.505005708217958,-4.24621429954271
R_IB,1350,19.011257059947347,20.9538945280793,-1.9426374681319496,43.92923385081414,55.340622774630106,15.444072579213167,18.82024069552579,-3.376168116312621
R_IB,1351,18.214955190445327,19.135889202079845,-0.9209340116345145,49.33817785934624,56.937621290531254,14.936031322091104,17.232534381153318,-2.2965030590622124
R_IB,1352,13.208349128566338,12.439984478082547,0.7683646504837923,28.778370910327112,32.80478748318943,10.452177269281234,10.744313188439408,-0.2921359191581751
R_IB,1353,19.088969504573708,18.70286473023838,0.3861047743353255,43.60643387911324,48.883199318676915,15.842978135156505,16.87826875708899,-1.0352906219324856
R_IB,1354,14.57787701644549,14.572710269457898,0.00516674698759033,35.48553542264398,41.65034450142894,11.823655742147709,12.818631932816109,-0.9949761906683992
R_IB,1355,20.77591601667447,21.127754959728207,-0.35183894305373736,49.35190136187319,58.59067129632694,17.461037604274622,19.314531622287742,-1.8534940180131254
R_IB,1356,19.17192512778434,22.530059226369765,-3.358134098585427,47.704077022948,56.787215120884184,15.756534849428117,20.46357160407698,-4.7070367546488665
R_IB,1357,19.72755666300649,21.308458857318275,-1.5809021943117827,48.317287671857265,58.41032567878268,16.132383860760573,19.327601369880725,-3.1952175091201496
R_IB,1358,33.28771165211459,34.24393624260526,-0.9562245904906647,103.07963696625536,104.20043080942422,29.42414993887171,32.18335915506592,-2.7592092161942094
R_IB,1359,26.21468189205162,26.38741330210617,-0.1727314100545542,75.74708874774468,83.3955745514418,22.548412184757485,24.374750960908774,-1.8263387761512853
R_IB,1360,16.347143365752324,16.906747184758327,-0.5596038190060054,48.48850019157318,50.52851590549946,13.76237365974762,15.1438416686456,-1.3814680088979807
R_IB,1361,13.497354760908816,14.380702026563634,-0.8833472656548171,30.522431692000822,37.612779230609554,10.604616598739097,12.593422006808256,-1.9888054080691557
R_IB,1362,20.29365506630504,23.66113896091274,-3.367483894607699,47.826719152729865,56.787215120884184,16.396790779398923,21.524008761952025,-5.1272179825530975
R_IB,1363,23.98454023479061,24.351343594138864,-0.366803359348253,60.60918230163207,68.60003162723599,20.43466225932397,22.43125481780597,-1.9965925584820003
R_IB,1364,26.22120032887113,29.32343030781719,-3.1022299789460694,65.03666730971808,73.6046892742967,21.97561062230811,27.126105333787788,-5.150494711479673
R_IB,1365,19.963208477917863,21.015623718327788,-1.052415240409927,49.35190136187319,53.89311420481869,16.75598539064634,19.12977960277765,-2.373794212131312
R_IB,1366,24.0456267684434,24.540494704773703,-0.4948679363303024,59.19145559627495,60.850566604991876,20.408732350887046,22.487843773554797,-2.07911142266775
R_IB,1367,22.66358564581215,24.35248375556596,-1.688898109753807,56.47217499946701,61.65981001712883,19.165965969226395,22.28450111048761,-3.118535141261218
R_IB,1368,19.614950475945168,21.514190904755637,-1.8992404288104698,49.02128615711618,56.787215120884184,16.008328454129522,19.4293322335316,-3.4210037794020756
R_IB,1369,23.173540546280798,23.48583369592585,-0.3122931496450575,55.71988732355022,60.5458024628998,19.933718133597825,21.42333964057722,-1.4896215069793897
R_IB,1370,23.85587876304071,24.56131720662214,-0.7054384435814277,61.838676972579776,68.36865300233181,20.493533411342202,22.629129887276353,-2.1355964759341517
R_IB,1371,14.216969609467382,15.064083805309668,-0.847114195842289,32.579314809123346,40.66346271955341,11.392521021361734,13.260840572699575,-1.8683195513378406
R_IB,1372,18.932529821959424,19.817642986267018,-0.8851131643075938,49.332296358263264,58.22998006123841,15.284330863431888,17.859797488879195,-2.5754666254473064
R_IB,1373,12.70542109389942,12.188724041314165,0.5166970525852546,26.109828607884474,30.702182584711366,9.875667466335651,10.582608759690023,-0.706941293354373
R_IB,1374,20.04160215791054,21.30590175955056,-1.2642996016400259,49.02779375234148,61.63202730865141,16.761744997216947,19.41737587763879,-2.6556308804218425
R_IB,1375,15.379135568371346,16.00815457058125,-0.6290190022099007,36.53861971063392,43.88283337615476,12.234224717759512,14.078262518434535,-1.8440378006750187
R_IB,1376,30.63255315299128,32.78675854010288,-2.1542053871116034,98.36048238738105,99.16817229037788,27.051451814462215,30.60498792098124,-3.553536106519022
R_IB,1377,26.396500605837094,27.5777992159425,-1.1812986101053988,69.25790616595111,81.43010339434377,22.648981830027523,25.44565600396818,-2.7966741739406493
R_IB,1378,25.076966521919257,25.600131571183088,-0.5231650492638307,62.784700712607815,71.31527358856387,21.58895449320839,23.577102711033593,-1.9881482178252023
R_IB,1379,20.372414522156085,21.485115750306903,-1.1127012281508237,49.35190136187319,58.59067129632694,17.019540648704517,19.64372708439964,-2.624186435695123
R_IB,1380,18.067360115227725,18.918705631589756,-0.8513455163620308,46.51220880675055,55.54154414996315,14.643071717790265,17.04001192889228,-2.396940211102013
R_IB,1381,22.668508679209133,23.852181138072773,-1.1836724588636354,59.594075071004255,66.28624537819402,19.156572275698988,21.90834358467737,-2.7517713089783817
R_IB,1382,25.159345956277754,24.112230732935448,1.0471152233423078,90.23608637206982,90.61403034938577,21.978663241904194,22.19560383073666,-0.21694058883245898
R_IB,1383,32.07469038386257,33.54123839930575,-1.4665480154431798,98.36048238738105,99.16817229037788,28.246285551656115,31.429309828346117,-3.1830242766900008
R_IB,1384,22.164005897981298,22.994227409961262,-0.830221511979963,59.19145559627495,67.6745171276192,18.845574587491846,21.06464589210182,-2.2190713046099733
R_IB,1385,25.79043180722691,29.022781198720285,-3.232349391493375,70.5465629041238,78.60933231673987,22.148293824849457,26.885215286985567,-4.736921462136104
R_IB,1386,23.70267708921013,26.09030139217819,-2.3876243029680584,54.521049770553645,61.25754218183597,20.361790133118006,23.915082832130167,-3.553292699012163
R_IB,1387,17.76077739732279,19.49638468688807,-1.7356072895652779,44.826477003984834,53.75138914450984,14.427473432256622,17.52223502966511,-3.0947615974084903
R_IB,1388,23.096975486340742,25.929100900468253,-2.8321254141275056,57.44900696840115,63.595358501699586,19.58359666498675,23.863953162938813,-4.28035649795206
R_IB,1389,26.321155618026182,26.994221825061157,-0.6730662070349764,70.5465629041238,81.43010339434377,22.91115768428663,25.013000527985568,-2.1018428436989414
R_IB,1390,19.011755731018344,20.019683623153096,-1.0079278921347525,49.06571618585148,55.74246552529621,15.82857761451638,17.959256848232563,-2.1306792337161853
R_IB,1391,21.594134348383733,24.28654147270052,-2.6924071243167917,56.27706247657568,61.77924984269938,17.89280489438169,22.245163027120213,-4.352358132738526
R_IB,1392,25.099892524808865,25.547562018646413,-0.4476694938375488,60.45549546776361,66.28624537819402,21.571768379039163,23.439275128321018,-1.867506749281856
R_IB,1393,23.15052278549488,23.53007525383727,-0.3795524683423896,61.53130330484287,67.90589575252343,19.83844548807733,21.619572171851807,-1.781126683774472
R_IB,1394,25.347480084601415,25.354929966382578,-0.007449881781160116,66.61044583162695,75.8416882869181,21.933261738358794,23.318670306234583,-1.3854085678757868
R_IB,1395,22.499195822473162,22.506027769971794,-0.006831947498632004,58.92304261312209,64.67171325229738,19.187701252193975,20.57711173073219,-1.3894104785382195
R_IB,1396,14.191729843152386,13.582921565695775,0.6088082774566138,32.82777042006535,39.01830353680933,11.275440412033104,11.797264592630867,-0.5218241805977644
R_IB,1397,18.594947506173835,18.848837252996656,-0.25388974682282156,48.317287671857265,52.683954149470495,15.225631029572009,16.9384771372668,-1.7128461076947925
R_IB,1398,24.226422206136043,25.303740881245506,-1.0773186751094623,72.85790772351088,80.61118348426946,20.932151334287326,23.318569978519545,-2.3864186442322186
R_IB,1399,18.42392293533204,19.958734381822286,-1.5348114464902476,45.745111697758546,56.18050071177223,15.085017268267187,18.036077173174792,-2.9510599049076096
R_IB,1400,18.151700069581516,17.090181762985335,1.061518306596179,44.72440648245443,46.65267978078837,14.905094719995343,15.177861763676818,-0.27276704368147536
R_IB,1401,26.051938259094378,26.895657213559215,-0.8437189544648391,82.22981336963507,88.61857279300847,22.801584020679044,25.020268750926316,-2.2186847302472734
R_IB,1402,19.814997755805642,21.1898670846648,-1.374869328859156,42.14331799989091,55.74246552529621,16.426401352097102,19.266860256968425,-2.8404589048713214
R_IB,1403,26.880649680740675,27.46487810900693,-0.5842284282662547,71.21230869316153,82.19754585282334,23.750316942154015,25.417631371068367,-1.6673144289143584
R_IB,1404,22.64580945704046,22.92921610888888,-0.2834066518484177,61.53954735767475,68.60003162723599,19.013557159678655,21.05669231433364,-2.043135154654989
R_IB,1405,22.405711335220406,22.891482501608653,-0.4857711663882482,58.38621664681636,62.87422347479152,18.918843269012164,20.940815632114703,-2.0219723631025395
R_IB,1406,15.778726469373089,14.055136735323462,1.7235897340496265,40.530229693472975,43.723959214383456,12.689722860912395,12.303031369294928,0.3866914916174674
R_IB,1407,28.379328041999447,30.4445990372109,-2.0652709952114545,70.5465629041238,78.60933231673987,24.415714365149572,28.281800450407317,-3.8660860852577543
R_IB,1408,33.43455895174867,33.67229031776152,-0.23773136601284733,110.55125821003631,109.98283303722883,30.10387786084858,31.67658339240307,-1.5727055315544916
R_IB,1409,26.48247370165051,28.003920997551816,-1.5214472959013015,60.45549546776361,65.20989062759624,22.502758551990112,25.74398870639669,-3.2412301544065736
R_IB,1410,24.927678497856228,26.94417489204035,-2.016496394184115,60.45549546776361,66.28624537819402,21.395804039869237,24.76649020199875,-3.3706861621295072
R_IB,1411,18.780577625911395,17.838049471360367,0.9425281545510253,43.92923385081414,50.73534226946821,15.479331222822523,16.155104782358652,-0.6757735595361296
R_IB,1412,18.09292854646446,20.290709100327685,-2.1977805538632276,42.41719635299826,50.73534226946821,14.724159550716982,18.123544673095758,-3.3993851223787765
R_IB,1413,29.29909779250371,30.147024833684398,-0.8479270411806905,93.58244788476753,94.13620254662614,25.882958616263583,28.008786822777356,-2.125828206513775
R_IB,1414,15.70530923042047,16.180084650879426,-0.47477542045895693,35.06387091854351,46.776692879974206,12.295630225098316,14.23801270380017,-1.9423824787018513
R_IB,1415,21.88079041444323,24.140646691248033,-2.259856276804803,56.08194995368436,63.23479098824558,18.159765913896482,22.025712831599726,-3.8659469177032437
R_IB,1416,14.920266071743882,14.059320402908698,0.8609456688351835,40.530229693472975,41.65034450142894,11.86644156000947,12.33400775352341,-0.46756619351394196
R_IB,1417,17.896160184145387,18.93514944390667,-1.0389892597612824,44.40440370433045,54.247646791994434,14.310589863624093,17.001498605222775,-2.690908741598682
R_IB,1418,13.948710457761559,15.755571471357548,-1.8068610135959886,31.961473185589572,46.7022850204627,10.640322944609334,13.8763442013229,-3.2360212567135638
R_IB,1419,24.09391388254383,25.62652998588817,-1.5326161033443353,62.784700712607815,71.31527358856387,20.51116116547106,23.657861683702865,-3.146700518231804
R_IB,1420,21.136822400647134,22.271912610924154,-1.135090210277027,53.892116858299545,61.25754218183597,18.001025865580104,20.295049449279848,-2.2940235836997425
R_IB,1421,18.854901213680318,20.835010964246088,-1.9801097505657697,48.43142935166788,55.24016208696357,15.530758695612981,18.858130042479385,-3.327371346866405
R_IB,1422,21.634096414805146,22.751599481713217,-1.1175030669080692,48.317287671857265,56.69635341930174,18.093449336591135,20.750691961714423,-2.6572426251232883
R_IB,1423,25.695798307138404,26.912439222664943,-1.2166409155265363,62.0859391391546,70.50070100016555,22.084172270714703,24.856161629086,-2.7719893583713042
R_IB,1424,20.594695810924033,22.431758228375514,-1.837062417451485,54.45815647932824,63.41507474497258,17.255771611950948,20.533593910198896,-3.277822298247947
R_IB,1425,19.15465770562039,21.64628100670939,-2.4916233010889997,47.50818049042906,56.22917128804735,15.802395083841162,19.578738292527863,-3.7763432086866984
R_IB,1426,26.36959929295951,29.445901727068446,-3.0763024341089373,60.16460990569043,61.739436567509195,22.629448378394926,27.177123639047682,-4.5476752606527535
R_IB,1427,17.691302930572874,18.5109105126016,-0.8196075820287299,40.95270743260873,50.73534226946821,14.045927562115843,16.450970642756623,-2.405043080640779
R_IB,1428,33.38921694569854,32.44538703907469,0.9438299066238481,110.33612019629356,109.53473216819327,30.076981482846826,30.532995591383887,-0.45601410853706215
R_IB,1429,27.192048676892036,28.112146443502347,-0.9200977666103116,75.16925254289796,83.1771888673198,23.732941376405023,26.107889035884867,-2.374947659479845
R_IB,1430,22.752230948239585,24.02029528105764,-1.2680643328180543,56.663579164201934,61.25754218183597,19.531673025503903,21.9307793112327,-2.399106285728798
R_IB,1431,20.09647730159096,23.09374275546916,-2.997265453878207,49.33425685862426,58.75561449066681,16.422173069395082,21.048409236491988,-4.6262361670969065
R_IB,1432,27.465137998640117,28.636230578403982,-1.1710925797638645,88.80193143805644,89.10452797913982,24.212124481011056,26.583144002384923,-2.371019521373865
R_IB,1433,30.39887436223108,30.97947723944482,-0.5806028772137438,98.36048238738105,99.16817229037788,27.09910689825443,28.846665072048243,-1.7475581737938173
R_IB,1434,18.920048986789215,19.029426295933426,-0.10937730914421141,50.879175794275284,56.22917128804735,15.637903283279766,17.226857631884524,-1.588954348604755
R_IB,1435,29.02547814875104,30.395760856658804,-1.3702827079077646,68.81343065728673,78.15639050407229,25.42877940367037,28.20308756945996,-2.774308165789597
R_IB,1436,19.645972382451088,19.881231509455425,-0.2352591270043388,49.35190136187319,61.25754218183597,16.33672092417591,18.039782540507055,-1.7030616163311445
R_IB,1437,22.296066477410125,23.037490663118483,-0.7414241857083546,56.58857673140961,64.48875560068817,18.87432241799389,21.060156214695187,-2.185833796701298
R_IB,1438,23.578561016587244,24.938462859263304,-1.3599018426760625,62.784700712607815,71.31527358856387,20.218007993002537,22.95952877557936,-2.7415207825768237
R_IB,1439,16.910512127773416,18.92492654317095,-2.014414415397534,43.63204572500544,54.413066007822614,13.485959541451479,17.012535046013504,-3.5265755045620257
R_IB,1440,21.967333861366228,23.9771015463385,-2.009767684972271,47.765398087838925,56.787215120884184,18.457862115653196,21.827809323245948,-3.3699472075927472
R_IB,1441,23.879388170871277,24.334087361827557,-0.4546991909562803,60.45549546776361,63.595358501699586,20.657589786280408,22.366090002877502,-1.7085002165970928
R_IB,1442,23.210241055465566,23.693080770200325,-0.4828397147347564,53.03914368683905,56.65741269005211,20.04704774654725,21.616880350041857,-1.5698326034946035
R_IB,1443,13.036805858536507,13.257842902714035,-0.2210370441775291,25.770484523030078,34.67744566106697,10.32449029244297,11.571215820705907,-1.2467255282629377
R_IB,1444,30.092247373428464,30.54241977074016,-0.4501723973117028,76.91541379429574,84.11442149130822,26.22807938245801,28.363259076198833,-2.135179693740821
R_IB,1445,16.23986489496025,16.460254170977535,-0.2203892760172863,38.150986223960054,50.73534226946821,12.831357843801968,14.609622016306467,-1.778264172504499
R_IB,1446,21.51338613978151,23.740637334002287,-2.2272511942207824,54.521049770553645,61.79252093442944,17.659403982364278,21.708004959214357,-4.04860097685008
R_IB,1447,17.966112785629814,18.878087345494023,-0.9119745598642081,45.745111697758546,51.65503614473792,14.502604282958181,16.934235298375167,-2.431631015416985
R_IB,1448,15.294532070925367,15.728019812072727,-0.43348774114735794,34.815415307601505,43.88283337615476,11.818873210586514,13.780517166329005,-1.9616439557424927
R_IB,1449,22.395261525739333,25.197505162832563,-2.802243637093227,54.206583314426595,61.79252093442944,18.848016990012102,23.15852804484127,-4.310511054829164
R_IB,1450,26.473452893544515,29.505567237831936,-3.0321143442874225,62.784700712607815,71.31527358856387,22.31634469703564,27.275921280214213,-4.959576583178569
R_IB,1451,19.826464185877533,20.49181828402373,-0.665354098146199,48.93242609964558,55.791136101571325,16.795338818246005,18.58212096397291,-1.7867821457269004
R_IB,1452,22.158206940956614,22.94369606651045,-0.7854891255538419,58.520423138392786,63.864447189349015,18.495927213277945,21.02472596002735,-2.5287987467494024
R_IB,1453,16.26363743249089,16.796567734790248,-0.5329303022993526,39.177328375885864,46.84553733982816,13.147061892958844,14.920261794589667,-1.7731999016308233
R_IB,1454,17.215962237639083,18.52851546279544,-1.312553225156355,40.825964110868014,50.586814549224044,14.034823422585077,16.51343166782217,-2.478608245237095
R_IB,1455,25.45752325813828,27.01997231161354,-1.5624490534752629,60.45549546776361,62.69393971806451,22.07702253953891,24.896215216653445,-2.819192677114533
R_IB,1456,18.75080279053042,21.146640128306757,-2.3958373377763404,47.704077022948,55.73466668750546,15.302394972522517,19.096664310319543,-3.7942693377970276
R_IB,1457,20.26519491476057,20.63523322235499,-0.3700383075944199,49.14497862387002,60.31781581527809,17.034257798063674,18.830288942136544,-1.7960311440728662
R_IB,1458,18.0598536510009,19.619258562143393,-1.5594049111424915,45.94757277093123,53.585969928681656,14.59957229659897,17.742104797907956,-3.142532501308984
R_IB,1459,21.13657044703514,20.96126463173717,0.17530581529797332,58.38621664681636,61.25754218183597,18.10164716690952,19.151247532733283,-1.049600365823764
R_IB,1460,25.08374480434595,28.153726312870294,-3.069981508524344,64.48503187661633,73.3270134544991,21.666649177030237,25.97754550338703,-4.310896326356798
R_IB,1461,23.35594876387663,25.096226942370368,-1.7402781784937433,61.853018614670184,70.22917680403278,20.055354606604237,23.08844962217833,-3.03309501557409
R_IB,1462,23.856168458561413,24.92782245993737,-1.0716540013759537,60.091888515172144,68.60003162723599,20.193624088157037,22.864530238764594,-2.6709061506075606
R_IB,1463,26.19243519575774,29.04559232574874,-2.8531571299909997,61.99236380644823,61.79252093442944,22.770593414050204,26.818150510223038,-4.047557096172837
R_IB,1464,20.78280694929942,22.686974884789393,-1.9041679354899699,55.301499862119,61.71289438404907,17.438855617145737,20.734568245290777,-3.2957126281450417
R_IB,1465,29.3628189651762,31.018166940019395,-1.6553479748431876,90.23608637206982,90.61403034938577,25.956723396177765,28.875653180267552,-2.9189297840897863
R_IB,1466,24.206585694424277,25.971875746016845,-1.7652900515925676,64.58627399029605,73.14680613715016,20.55909112234666,24.04036290044562,-3.4812717780989537
R_IB,1467,29.258529207995757,30.593788648815686,-1.3352594408199256,93.58244788476753,94.13620254662614,26.235418473481097,28.574504143797306,-2.339085670316207
R_IB,1468,23.270680608759584,25.16638416592526,-1.895703557165679,67.03552862262904,76.34462325340188,20.24437880734102,23.226958672408287,-2.9825798650672692
R_IB,1469,30.7552230057154,31.0043847684133,-0.2491617626979029,103.07963696625536,104.20043080942422,27.59523771877576,29.021967873959323,-1.4267301551835687
R_IB,1470,10.83788348690421,10.047496234305598,0.7903872525986142,22.51266034527565,22.8570452442454,8.443038583290704,8.473866371456177,-0.030827788165473897
R_IB,1471,24.734466074628834,24.582724926374212,0.15174114825462057,61.377616470974374,61.739436567509195,21.39716216040779,22.619117619799308,-1.2219554593915185
R_IB,1472,19.522987842830762,20.091328481290464,-0.5683406384597054,53.892116858299545,58.168370368420824,16.333117326018275,18.145787833066574,-1.8126705070483025
R_IB,1473,29.069926222537088,31.408361015194753,-2.338434792657664,82.22981336963507,88.61857279300847,25.31175763298592,29.227199565241936,-3.9154419322560168
R_IB,1474,30.26805413766022,32.02947258339783,-1.7614184457376114,90.7141380167409,91.11719780613437,26.401354451579103,30.002536608370935,-3.60118215679183
R_IB,1475,25.213316076694397,25.697000796185367,-0.48368471949096903,62.705467021991865,71.0437493924311,21.72682513173042,23.653484722216405,-1.9266595904859831
R_IB,1476,18.18555870831763,17.77675471237564,0.4088039959419835,47.94936128251171,53.165227856941044,14.721886700727968,15.794478543315977,-1.0725918425880117
R_IB,1477,18.194063567154753,21.15573652786581,-2.961672960711057,43.92923385081414,55.74246552529621,14.461755756240711,19.055612002937195,-4.593856246696487
R_IB,1478,27.006376927538142,28.945912104493313,-1.9395351769551759,70.5465629041238,78.60933231673987,23.25451444484559,26.817348326907606,-3.5628338820620185
R_IB,1479,22.911967246044245,23.466206823377266,-0.5542395773330204,60.237331296208744,68.60003162723599,19.39840540675799,21.54719270984466,-2.1487873030866647
R_IB,1480,15.168229743343458,15.02952518674105,0.1387045566024087,36.81258011442764,42.1937497446551,12.403273611083035,13.193889403328903,-0.7906157922458663
R_IB,1481,22.040201737723322,22.855080257669588,-0.8148785199462608,54.54921218620221,56.40046784884925,18.430563548191515,20.763325261590026,-2.332761713398512
R_IB,1482,22.41486706097284,24.252022433018816,-1.837155372045979,55.15567156661266,61.378222532423834,19.163038693495377,22.20239022775798,-3.0393515342626034
R_IB,1483,15.482106897118406,14.150937383181956,1.3311695139364474,44.307541817477144,48.74028525728351,12.504262039225202,12.50481880634267,-0.0005567671174686378
R_IB,1484,24.355501917152285,25.667573246243265,-1.3120713290909816,60.45549546776361,61.65981001712883,21.343023969270437,23.64465109134837,-2.301627122077929
R_IB,1485,23.098926668342653,24.43938295341011,-1.3404562850674622,55.35040797710338,60.34200298078377,19.978899250869713,22.344520324795777,-2.3656210739260652
R_IB,1486,24.047045321622992,26.34520432791064,-2.2981590062876474,63.235094032029906,71.77315672571048,20.46406764850186,24.3383395284947,-3.874271879992838
R_IB,1487,21.37053043691974,23.29833599569652,-1.9278055587767786,54.52809037446578,60.74960194501585,17.60757918558315,21.30956235149285,-3.701983165909702
R_IB,1488,18.54013810898129,19.35252577449196,-0.8123876655106663,48.71678355119439,55.24016208696357,15.16800942967649,17.37018227419952,-2.2021728445230337
R_IB,1489,16.971509501786823,19.122407236420692,-2.150897734633863,44.191068518914456,56.19993910767416,13.512915834417742,17.308195445986645,-3.795279611568905
R_IB,1490,25.143878344530084,26.78652203828088,-1.6426436937507978,65.03666730971808,73.6046892742967,21.512852499749965,24.768121090042214,-3.255268590292251
R_IB,1491,23.87999028061034,26.371652449168558,-2.491662168558217,56.109360144531706,62.51365596133756,20.20893255544193,24.209284683845368,-4.000352128403445
R_IB,1492,37.040688588950125,39.62504191592927,-2.58435332697915,100.2481442189308,101.18107569799645,33.18639436299445,37.415074723841336,-4.228680360846888
R_IB,1493,33.150955258738755,34.56551873944924,-1.4145634807104905,103.07963696625536,104.20043080942422,29.427288370124746,32.45384457660129,-3.026556206476542
R_IB,1494,17.215924881322493,16.88790773565811,0.32801714566438117,43.92923385081414,50.92166002493619,13.886464674869655,15.001056778757853,-1.1145921038881983
R_IB,1495,13.303227527711003,14.869562999245044,-1.5663354715340394,31.730236951022068,41.98261429071759,10.695102801755123,13.117827170835938,-2.422724369080813
R_IB,1496,19.910386264445034,22.000508453079803,-2.0901221886347683,44.11251811848437,55.74246552529621,16.0314113608301,19.82548208786359,-3.794070727033489
R_IB,1497,27.971742883774706,27.809135648598538,0.16260723517616707,77.50590263600024,84.6148827470528,24.239087184462893,25.710064444574115,-1.4709772601112192
R_IB,1498,32.460726071678536,33.472346227925115,-1.0116201562465679,98.36048238738105,99.16817229037788,28.698554964038266,31.298567798719624,-2.600012834681358
R_IB,1499,17.527962734639967,18.278770341362428,-0.7508076067224628,45.745111697758546,52.142744681943825,14.133363696426036,16.393619808365056,-2.2602561119390203
R_IB,1500,20.293715493301594,17.73279079529249,2.5609246980091034,43.0289705171306,49.8331347036611,16.857586039048098,15.945361259723715,0.9122247793243823
R_IB,1501,21.57227855371557,20.77285735752715,0.7994211961884199,54.716162293444974,60.84062275222714,17.732945447917924,18.913556029284198,-1.1806105813662746
R_IB,1502,18.63051632651822,18.510482987250757,0.12003333926745817,48.545571031478474,50.43828682897986,15.618981736286365,16.516643109999695,-0.8976613737133304
R_IB,1503,20.200670125333698,22.19267717537178,-1.9920070500380829,48.92629288370086,60.74960194501585,16.336518650622974,20.23509475921792,-3.898576108594948
R_IB,1504,29.573908150642243,30.503143365927382,-0.9292352152851341,85.51587240384575,88.86155038607414,26.010380548706635,28.399014932716504,-2.388634384009862
R_IB,1505,25.19220782691112,25.939936516806515,-0.7477286898953932,60.76286913550056,66.28624537819402,21.882574241026,23.85561835300768,-1.9730441119816844
R_IB,1506,21.20235816871443,18.874121391741365,2.3282367769730645,53.892116858299545,56.22917128804735,17.898724540033253,17.04459440280454,0.8541301372287113
R_IB,1507,25.59842975163873,25.72985031328088,-0.13142056164215712,66.68963598803987,75.10608218702971,22.307705047437125,23.776733515857362,-1.4690284684202395
R_IB,1508,30.0251027974065,32.05249859611416,-2.0273957987076594,96.44926858633562,97.15538439287715,26.73453925130818,29.84135272051395,-3.106813469205772
R_IB,1509,25.183366348155634,24.777025905172387,0.40634044298324407,61.82984702035001,70.10142892135426,21.77118767246809,22.794820239322622,-1.0236325668545285
R_IB,1510,15.904984503225917,16.272168920309838,-0.36718441708392363,38.3558554406675,44.42584715799342,12.75021581718897,14.410828233965873,-1.6606124167769019
R_IB,1511,20.96321435009655,21.28312834377513,-0.3199139936785791,54.591455809675054,60.24010323972574,18.06701018828794,19.43187470365337,-1.3648645153654326
R_IB,1512,18.041149694112455,18.293699946810786,-0.25255025269832904,44.485854692962356,56.61980197103314,14.985813369364907,16.556408542571443,-1.5705951732065384
R_IB,1513,26.718129888088566,27.115391151146806,-0.3972612630582394,64.13588067087396,72.68892300000356,22.917754498614098,25.00493925919532,-2.087184760581223
R_IB,1514,15.164855742469642,15.188352911540935,-0.023497169071288904,38.170602525989466,45.240367830751396,12.116836887357216,13.39779935392557,-1.2809624665683563
R_IB,1515,21.63561736753242,24.9235447373712,-3.2879273698387794,48.072003412293554,55.54154414996315,17.843857973951014,22.644089127641294,-4.800231153690281
R_IB,1516,14.585931499556011,15.237291707362004,-0.6513602078059876,33.82159286383343,46.25246326422719,11.609092811377366,13.360048401961478,-1.7509555905841176
R_IB,1517,23.797819362126447,24.313285046874075,-0.5154656847476295,58.78883612154567,62.240474562500076,20.54821319187755,22.25484410194522,-1.706630910067675
R_IB,1518,22.390826555842334,23.847679924564257,-1.456853368721923,56.47217499946701,61.79252093442944,19.175409524039523,21.90151177736744,-2.726102253327913
R_IB,1519,20.544094557998015,20.595843247341744,-0.05174868934372812,48.317287671857265,53.405566772839435,17.059123627430168,18.702276547464,-1.6431529200338306
R_IB,1520,13.19221464103033,14.53274668972585,-1.3405320486955217,28.479788674424757,38.882502442625494,10.127129986069889,12.836147058417568,-2.709017072347682
R_IB,1521,23.11650586247818,23.800274106033157,-0.6837682435549787,56.47217499946701,61.4586760994824,19.933913184216067,21.802147356908616,-1.8682341726925495
R_IB,1522,19.761959003370738,20.358790909428105,-0.5968319060573666,45.94757277093123,57.688943208605565,16.221952484403783,18.596161218326266,-2.374208733922483
R_IB,1523,22.010539754150013,23.11557008675133,-1.1050303326013182,54.56329339402649,56.65741269005211,18.756062390742432,21.085395004053396,-2.3293326133109633
R_IB,1524,22.896750951619225,26.56225783704549,-3.665506885426269,58.38621664681636,63.864447189349015,19.232478593095014,24.398618922804225,-5.166140329709213
R_IB,1525,29.790182091063777,30.944294300894956,-1.1541122098311791,98.36048238738105,99.16817229037788,26.76424319162171,28.86206575942222,-2.0978225678005065
R_IB,1526,35.723975208283285,37.29794977895201,-1.5739745706687336,110.76639622377911,110.43093390626451,32.409481788586234,35.01560711065864,-2.6061253220724043
R_IB,1527,27.92248989467572,29.09578140932104,-1.1732915146453176,88.80193143805644,89.10452797913982,24.124947308259447,27.06134300424168,-2.936395695982235
R_IB,1528,18.961469295864973,20.985756735766994,-2.0242874399020203,47.94936128251171,56.65741269005211,15.38562382351232,19.005263085316674,-3.619639261804356
R_IB,1529,18.26695243031828,21.100844951924405,-2.833892521606127,48.25596660696634,58.59067129632694,14.770619927423814,19.18712219830834,-4.416502270884525
R_IB,1530,16.870358739805532,16.799865960382203,0.07049277942332757,38.82170744050435,45.70126534551826,14.135448717330641,15.133968034091861,-0.9985193167612189
R_IB,1531,25.505264473621,27.74461407820491,-2.239349604583906,60.091888515172144,66.28624537819402,21.65027992613928,25.508708778090927,-3.8584288519516465
R_IB,1532,23.98422414632801,25.1040830367556,-1.1198588904275852,63.68548735145193,72.23103986285702,20.73651645457936,23.131159315887537,-2.394642861308177
R_IB,1533,28.782181103837203,28.895076013892485,-0.11289491005528596,98.36048238738105,99.16817229037788,25.557423632473387,26.83162735926664,-1.274203726793254
R_IB,1534,18.097193287570317,18.088529864007462,0.00866342356285522,49.332296358263264,55.44108346229663,15.111186386522654,16.21885129946252,-1.107664912939864
R_IB,1535,19.427480459687374,20.892376432059656,-1.4648959723722832,45.745111697758546,53.165227856941044,15.963642453958405,18.718682263829002,-2.7550398098706004
R_IB,1536,20.096758271147323,23.053171298149763,-2.956413027002443,45.27889874410535,55.74246552529621,16.623934212677323,20.931642430897,-4.307708218219675
R_IB,1537,19.625819347736176,21.226656043157337,-1.6008366954211566,48.83092523100498,55.24016208696357,16.735755768537135,19.254388071417804,-2.51863230288067
R_IB,1538,16.71364151102715,17.505562590643827,-0.7919210796166805,41.906476024399325,48.03988662382278,13.522309933294226,15.638416471018669,-2.116106537724444
R_IB,1539,20.37347026117911,23.02260852888551,-2.6491382677063977,49.35190136187319,58.59067129632694,16.6369953321696,20.96210895764374,-4.325113625474139
R_IB,1540,21.383959821703563,21.46352511801321,-0.0795652963096438,54.91127481633635,61.33799574889455,17.65502183760284,19.52193733776652,-1.8669155001636808
R_IB,1541,23.077767315103813,23.36076921337769,-0.28300189827388306,59.72828156258068,66.98038125290664,19.10008944518271,21.383628483264047,-2.2835390380813343
R_IB,1542,27.815438729569433,27.52709326733753,0.28834546223190766,95.49366168581297,96.14899044412687,24.732176567208185,25.585219367470206,-0.8530428002620176
R_IB,1543,16.712883251651096,18.321724361801337,-1.6088411101502402,41.22521274454892,50.339268348817086,13.130335338161036,16.376808986846545,-3.246473648685507
R_IB,1544,20.883217998812437,18.79172448933616,2.091493509476278,53.607792467812715,60.81050947574082,17.54698583366121,17.029534483414313,0.5174513502468944
R_IB,1545,22.3312231195744,23.16118609283111,-0.8299629732567156,65.83621183488248,74.7006628659388,19.042598638054145,21.37023162820568,-2.3276329901515362
R_IB,1546,18.742612900512476,21.539189457951437,-2.7965765574389603,43.51317047468197,55.39085311846337,14.95345217559055,19.425852320987026,-4.472400145396474
R_IB,1547,26.57817674423252,27.279017061623158,-0.7008403173906399,73.43574392835761,81.11164627615182,23.118910069566436,25.27982538790799,-2.160915318341551
R_IB,1548,20.86184112543052,22.240727484489263,-1.378886359058744,53.892116858299545,58.59067129632694,17.1400033022882,20.265873284291594,-3.12586998200339
R_IB,1549,21.13671491494686,23.54256206452874,-2.4058471495818803,58.38621664681636,66.28624537819402,17.3912463429464,21.547324965238786,-4.156078622292392
R_IB,1550,20.838651202204392,20.780795777888667,0.05785542431572826,51.048872953431065,55.24016208696357,17.373086935095003,18.762438862321385,-1.3893519272263812
R_IB,1551,22.101379937841074,24.103827526910603,-2.002447589069526,49.07355818729545,60.74960194501585,18.558553662240936,22.02033068506378,-3.4617770228228415
R_IB,1552,16.69612326696377,16.472573639213753,0.22354962775001902,41.49771805648906,47.6192954554553,13.25971928382221,14.475713326086247,-1.2159940422640376
R_IB,1553,19.217681283462927,20.652996713627545,-1.435315430164624,49.346019860790214,61.105160110789946,16.094127058793813,18.764227133740903,-2.6701000749470882
R_IB,1554,25.178288226037882,24.543407895752217,0.6348803302856647,62.54699964075996,69.806565125453,21.922986625621384,22.536000971498375,-0.6130143458769872
R_IB,1555,16.32850022132627,15.806922344667312,0.521577876658962,39.743687304311855,43.24942701434241,13.375710975645234,13.994213723708354,-0.6185027480631158
R_IB,1556,14.144126086267352,13.757818652104469,0.38630743416288565,32.579314809123346,40.24051338446387,11.2198848815259,12.08355857789426,-0.8636736963683612
R_IB,1557,17.454944146269916,19.102451841874554,-1.647507695604639,44.35106990797645,54.08222757616625,14.222260654539921,17.21401683305353,-2.9917561785136115
R_IB,1558,25.117653400075934,25.9385837920612,-0.8209303919852627,61.99236380644823,68.60003162723599,21.357432507992183,23.87176568307334,-2.514333175081155
R_IB,1559,18.272321773386246,19.17590953345911,-0.9035877600728666,47.116387425391196,51.230600261912855,14.790991059386984,17.234681819284855,-2.4436907598978728
R_IB,1560,26.030217591182314,27.576633384299026,-1.546415793116711,65.03666730971808,73.6046892742967,21.913896501379515,25.575042895875537,-3.661146394496021
R_IB,1561,18.209351693756513,17.919380103279146,0.28997159047737275,39.34492703011978,51.28715859463003,15.07900735898822,16.13042717864982,-1.0514198196616018
R_IB,1562,33.41006830599677,35.92198147803346,-2.5119131720366905,103.07963696625536,104.20043080942422,30.19027427238609,33.750292416110106,-3.560018143724005
R_IB,1563,16.609798003847562,17.632667386640705,-1.0228693827931445,40.614725241300135,47.19799416771478,13.493443065583037,15.70430122299183,-2.210858157408797
R_IB,1564,18.948814581287593,20.467938201987085,-1.5191236206994896,53.892116858299545,61.25754218183597,15.362301386260759,18.542938051773127,-3.1806366655123663
R_IB,1565,27.676178448385933,29.697223343771576,-2.0210448953856366,65.03666730971808,73.6046892742967,24.098369659470126,27.521152936751903,-3.4227832772817837
R_IB,1566,13.262307116406777,13.304011065731727,-0.04170394932494677,26.86663513048255,35.66578521867086,10.220109902093355,11.584159593520221,-1.3640496914268667
R_IB,1567,25.934408872454107,27.233996336035702,-1.2995874635815974,65.33519745862053,74.33288338746665,22.568604747598748,25.112616043856626,-2.544011296257877
R_IB,1568,22.89005613294582,25.078144436316418,-2.188088303370601,58.65462962996924,63.595358501699586,19.380391711221563,23.09548496996221,-3.7150932587406458
R_IB,1569,19.866132647636245,21.344087701788105,-1.4779550541518551,52.18617051537847,58.59067129632694,16.322543045506137,19.41861323135916,-3.0960701858530206
R_IB,1570,24.840144256957238,26.766609122050035,-1.926464865092802,59.801002953098994,63.86444718934909,21.185260239706267,24.646673456545784,-3.461413216839514
R_IB,1571,30.158690575478133,33.31357100056658,-3.1548804250884483,71.12439910897054,81.64848907846576,26.085082594578754,30.94139603822026,-4.856313443641502
R_IB,1572,26.677862240022854,27.201738546878847,-0.5238763068559872,67.25776637696124,76.57109415973567,23.32013057889193,25.174404477199914,-1.854273898307982
R_IB,1573,24.396393687371628,24.315931453460863,0.08046223391077155,67.03552862262904,76.34462325340188,21.16326885228201,22.437930322677154,-1.2746614703951487
R_IB,1574,15.942615996223717,16.412820631603708,-0.47020463537998963,43.06556780295152,47.4241100169476,12.83556586990448,14.583095433065298,-1.7475295631608156
R_IB,1575,21.29125713614567,21.37925076306092,-0.08799362691524801,53.892116858299545,60.647702203957834,18.249452190560667,19.443526645651577,-1.1940744550909048
R_IB,1576,22.8725863845101,23.909716786477823,-1.0371304019677205,54.57737460185077,60.647702203957834,19.411859605590532,21.829420062000096,-2.4175604564095665
R_IB,1577,25.671555520248496,28.07849256628411,-2.4069370460356128,67.79161510692094,76.10701079551828,21.9319640799482,25.967703699271375,-4.035739619323174
R_IB,1578,13.55082980487068,13.87849367762366,-0.32766387275297715,26.684878205678835,36.02973119950159,10.447701976898397,12.046930006854407,-1.5992280299560069
R_IB,1579,20.374236228592853,19.74030369186298,0.633932536729868,44.20870148394701,52.473583113600185,17.221931631426543,17.875675601417967,-0.6537439699914264
R_IB,1580,24.80696438609767,25.377238589267556,-0.5702742031698887,60.86032268451446,62.627584259414206,21.47614168233339,23.320174840273697,-1.8440331579403053
R_IB,1581,22.56763100890274,23.43801130076037,-0.8703802918576313,59.23226940295762,61.72616547577913,19.715944624246536,21.46660203594137,-1.7506574116948328
R_IB,1582,22.24345127991911,24.6186821976342,-2.375230917715094,47.704077022948,56.787215120884184,18.70470405761407,22.46263471906597,-3.7579306614518972
R_IB,1583,29.514779231791675,31.50121144003687,-1.9864322082451913,70.5465629041238,81.43010339434377,25.498972650471906,29.383352344914595,-3.8843796944426825
R_IB,1584,26.28630865598576,28.19290792152446,-1.9065992655387005,68.36895514862228,77.70344869140466,22.467543897361658,26.128913085159756,-3.6613691877980985
R_IB,1585,23.73090094529792,26.537146659154125,-2.806245713856208,55.301499862119,60.9527780397439,20.0977200991735,24.28173982169043,-4.184019722516924
R_IB,1586,25.492525059573104,27.219961403760937,-1.7274363441878373,57.812004152611586,61.25754218183597,21.9051609300637,24.963464502517297,-3.0583035724535943
R_IB,1587,29.786934544826636,31.1510957684201,-1.3641612235934637,88.80193143805644,89.10452797913982,26.369237041885782,29.05930237395725,-2.6900653320714727
R_IB,1588,15.045301246913251,14.617118428328029,0.42818281858522317,35.71955415330843,41.6866848020343,12.099510713879377,12.800192179629686,-0.700681465750311
R_IB,1589,27.815505884237606,28.797245666049353,-0.9817397818117438,88.80193143805644,89.10452797913982,24.484962727043072,26.776732858615937,-2.291770131572867
R_IB,1590,15.046013404819044,15.519434053470565,-0.47342064865151995,37.863298700928304,47.172557818923586,11.656890452685088,13.691768759665722,-2.0348783069806338
R_IB,1591,23.00120080336241,22.26026673033495,0.740934073027458,58.19481248208143,61.61958323359954,19.629092274328897,20.296323294561688,-0.6672310202327862
R_IB,1592,25.792316985222023,29.62314718129201,-3.830830196069991,60.916555969369014,66.98038125290664,22.14228845975795,27.30551821996825,-5.163229760210299
R_IB,1593,20.533591045422455,20.393626257398545,0.13996478802390988,49.332296358263264,56.22917128804735,16.91167951735784,18.423251717982957,-1.5115722006251198
R_IB,1594,23.813724381881272,24.67758029219178,-0.863855910310506,56.47217499946701,61.57935645007026,20.281835440064604,22.61016878688356,-2.328333346818954
R_IB,1595,21.654157311052767,21.110942974389996,0.5432143366627697,57.237791658406756,61.41844931595312,18.419005573826226,19.18582209410982,-0.766816520283593
R_IB,1596,23.92831836619864,24.5782445800521,-0.649926213853463,61.377616470974374,61.79252093442944,20.805781348843478,22.557142522373617,-1.7513611735301404
R_IB,1597,16.50929536402071,18.148629654637173,-1.639334290616462,42.0427286803694,53.22516361699721,13.187906790877612,16.26844182495746,-3.0805350340798494
R_IB,1598,23.502591640168657,25.117758392009577,-1.6151667518409254,61.25649113759425,69.95765260789993,19.78791473907823,23.0780118587,-3.2900971196217714
R_IB,1599,24.435602894186957,27.583346627233276,-3.147743733046321,64.36107733058505,72.91786456857689,20.808171123034647,25.519794805859195,-4.711623682824551
R_IB,1600,21.902742231787812,24.82874070403306,-2.9259984722452437,47.704077022948,60.90198401606189,18.277256949863453,22.733135389168357,-4.455878439304901
R_IB,1601,22.671846062888836,23.655772023732986,-0.9839259608441469,54.591455809675054,61.688229035488085,18.98347940563186,21.668518798380497,-2.6850393927486347
R_IB,1602,20.921552032302287,21.283290304368457,-0.3617382720661737,49.86881620274121,56.967560738428446,17.58255568810246,19.31025655253217,-1.727700864429708
R_IB,1603,17.42713779024142,18.84981687038115,-1.4226790801397284,43.572608099843706,51.781938370259326,14.153889015612316,16.884279392398582,-2.730390376786266
R_IB,1604,25.828925676618002,25.210019500021907,0.6189061765960933,88.80193143805644,89.10452797913982,22.97443698445842,23.253029214257342,-0.2785922297989164
R_IB,1605,21.88919839305365,23.333096310227806,-1.4438979171741515,53.95501014952495,56.85073855067959,18.372520325874007,21.21452474539784,-2.8420044195238323
R_IB,1606,20.63086528461542,22.119807879006014,-1.4889425943905943,54.521049770553645,58.59067129632694,17.22098343927971,20.089640482139142,-2.8686570428594345
R_IB,1607,19.62333834313426,18.99284983999769,0.6304885031365731,49.169474424731746,60.81050947574082,16.48999102566775,17.139661557753236,-0.6496705320854852
R_IB,1608,24.003096686473626,25.49961931296059,-1.4965226264869675,62.30929856891207,68.29785666234199,20.946487360087744,23.4890809646558,-2.542593604568053
R_IB,1609,27.898773905655194,30.506842015798185,-2.60806811014299,82.22981336963507,88.61857279300847,24.659943428552598,28.390564458866603,-3.730621030314001
R_IB,1610,28.475460945415417,30.75940013314129,-2.283939187725876,88.80193143805644,89.10452797913982,24.645121661732418,28.639652522023013,-3.994530860290601
R_IB,1611,29.35894290556458,30.03147989975782,-0.6725369941932414,96.44926858633562,97.15538439287715,25.87036669676832,27.89044572326427,-2.020079026495958
R_IB,1612,25.177975296309466,26.70573475330536,-1.5277594569959,83.54423698331945,88.71576383023475,21.86226879165036,24.704601195449044,-2.842332403798685
R_IB,1613,19.664777030005272,22.679118457637376,-3.0143414276321017,48.296036546929145,57.688943208605565,15.929270464690413,20.589012947382084,-4.659742482691671
R_IB,1614,20.256941362323072,22.44677388815843,-2.18983252583536,48.317287671857265,55.5236122075813,16.908440326966936,20.345607212556114,-3.437166885589182
R_IB,1615,13.5038292831508,10.727936396788264,2.775892886362539,29.96727612590429,32.882153353029715,10.372592608656658,8.97574150401738,1.396851104639281
R_IB,1616,14.975277965865086,16.152791548561122,-1.1775135826960388,37.56697303509002,50.73534226946821,12.05230533846319,14.379274542669908,-2.3269692042067174
R_IB,1617,19.224404434082935,20.79354067155629,-1.5691362374733573,48.317287671857265,51.65503614473792,15.953707666966029,18.8028080400177,-2.8491003730516673
R_IB,1618,17.25893285095287,17.072360472053767,0.1865723788991002,32.89219250547579,43.88283337615476,14.143112591833345,15.262283924271905,-1.1191713324385637
R_IB,1619,16.298755943674834,16.64219676024304,-0.3434408165682026,47.40610996889866,51.72385819904721,13.268844973456318,14.793249077981342,-1.5244041045250227
R_IB,1620,20.78585496476841,22.38328219302262,-1.5974272282542081,56.1093601445316,63.595358501699586,17.285755734972028,20.41260780304735,-3.126852068075322
R_IB,1621,24.854035478540702,26.605446599417558,-1.7514111208768595,63.20978350360991,71.81820855504765,21.63324273932708,24.56802255005343,-2.93477981072635
R_IB,1622,24.960547106849365,25.739021991102092,-0.7784748842527258,60.45549546776361,61.67308110885889,21.605204054020774,23.6365333935519,-2.0313293395311263
R_IB,1623,17.450338385243786,19.300856617786206,-1.8505182325424263,49.349940861512195,56.13027036793898,14.04426471147987,17.5153586126933,-3.4710939012134316
R_IB,1624,25.314603995444905,25.690743172885053,-0.3761391774401457,86.17308421068786,88.91014590468727,21.987722857703893,23.811844641710177,-1.8241217840062798
R_IB,1625,17.55556088773174,18.3817327391945,-0.8261718514627564,45.745111697758546,51.382696452778056,14.351181247923895,16.53289033437674,-2.181709086452843
R_IB,1626,22.815047039780403,24.95087036047504,-2.135823320694638,51.048872953431065,60.53370888014697,19.234699886487103,22.802221773313995,-3.5675218868268956
R_IB,1627,16.37720619106333,17.3102865207035,-0.9330803296401687,40.95270743260873,51.781938370259326,13.074473550612336,15.548732622619777,-2.4742590720074404
R_IB,1628,14.253095886871382,14.39565676827985,-0.14256088140847198,36.53861971063392,41.31218920108528,11.395129107438088,12.639509355522527,-1.2443802480844401
R_IB,1629,25.23369108737925,26.061031206203303,-0.8273401188240582,67.7022418856257,77.8702672956845,21.967526972269674,24.08538475935465,-2.1178577870849846
R_IB,1630,14.090744380746916,12.975106342929639,1.1156380378172772,33.37117578942553,36.15464903076561,11.223209007825066,11.307395325875342,-0.084186318050277
R_IB,1631,22.709401020091864,24.76320376693301,-2.0538027468411473,57.61318327156386,65.74806800289517,19.389832301564937,22.742374843226127,-3.352542541661193
R_IB,1632,16.11235113758503,15.960507849423795,0.15184328816123785,42.315233992309544,43.88283337615476,13.280861983845028,14.115655553964897,-0.8347935701198701
R_IB,1633,25.902953672730636,27.590654171701967,-1.6877004989713318,61.99236380644823,66.98038125290664,22.61466302762745,25.436363743554107,-2.821700715926654
R_IB,1634,20.01285037357433,19.49428208281222,0.5185682907621086,48.317287671857265,51.51886629875799,16.857275856861182,17.598050212293025,-0.7407743554318389
R_IB,1635,23.84991316219152,25.943716903026335,-2.0938037408348165,59.72828156258068,61.97280469115645,20.21056276156211,23.886271016709188,-3.6757082551470814
R_IB,1636,20.36855246225276,23.137664719804828,-2.769112257552067,48.980777129102876,56.787215120884184,16.81260733185828,21.049304980251005,-4.2366976483927274
R_IB,1637,23.628545774947053,25.389428819018917,-1.7608830440718635,53.323468077325884,61.57935645007026,20.125798019236814,23.17285401435912,-3.0470559951223013
R_IB,1638,24.164495728887534,26.086776914362684,-1.9222811854751536,61.07024280323747,65.59722775191418,20.715754224613235,23.99832903068305,-3.282574806069816
R_IB,1639,24.199891531278933,26.679845572038,-2.479954040759072,56.47217499946701,60.84062275222714,20.646198203400683,24.551393286769876,-3.9051950833691906
R_IB,1640,22.67384089764664,24.064376968913884,-1.3905360712672419,56.47217499946701,61.619583233599556,19.04942232117849,22.033557358055763,-2.984135036877271
R_IB,1641,22.78049511204135,22.03836004923421,0.7421350628071448,61.99236380644823,61.65981001712883,19.900387685843036,20.189265889931715,-0.2888782040886791
R_IB,1642,24.582338853884973,26.686647437464618,-2.1043085835796416,78.09639147770459,85.11534400279724,21.18255305427008,24.668714944787116,-3.486161890517039
R_IB,1643,35.55443322456088,35.68180638687984,-0.12737316231896217,110.33612019629356,109.53473216819327,31.998929525527746,33.46890091626757,-1.469971390739825
R_IB,1644,17.878285018878085,19.44975401345819,-1.5714689945801075,44.191068518914456,55.74246552529621,14.39209760965443,17.605322297016865,-3.2132246873624326
R_IB,1645,18.986117890086167,18.407300022628885,0.5788178674572748,33.73041733153496,49.77984017414532,16.21141030337711,16.695210397712042,-0.4838000943349309
R_IB,1646,19.203736404475645,21.501898484230804,-2.2981620797551594,52.47049490586531,57.688943208605565,15.942298097297419,19.53719771760481,-3.5948996203073875
R_IB,1647,29.267717710107174,29.979473983270186,-0.7117562731630146,93.58244788476753,94.13620254662614,25.738160327240756,27.8168131893225,-2.07865286208174
R_IB,1648,23.917515173239245,25.869305470373796,-1.9517902971345518,55.531815404571034,61.4586760994824,20.257107718332303,23.78587770413346,-3.5287699858011563
R_IB,1649,24.489046663254264,24.83744211826051,-0.34839545500624186,69.99557334468327,78.10886801249558,21.363431284763937,22.920251549628198,-1.556820264864263
R_IB,1650,20.852222055349134,23.96716445534294,-3.1149423999938084,51.333197343917895,60.74960194501585,17.01374644469613,21.894061259655277,-4.880314814959143
R_IB,1651,25.418718715429076,25.153458038689035,0.26526067674004455,60.45549546776361,65.20989062759624,21.95942633742199,23.093087219937726,-1.133660882515731
R_IB,1652,21.772519214998443,22.306355382217806,-0.5338361672193624,54.591455809675054,59.910216851046,18.584502062546058,20.42199237376959,-1.837490311223534
R_IB,1653,24.590764577178845,26.39844074562098,-1.807676168442136,60.68841599224802,68.87155582336877,20.713703833612396,24.373277820407637,-3.6595739867952393
R_IB,1654,24.628073875619787,26.744629829351084,-2.1165559537312935,55.71988732355027,61.498902883011695,21.08710751521123,24.55846422933315,-3.4713567141219204
R_IB,1655,30.580265970140967,30.133541195996763,0.44672477414420825,76.32492495259142,83.61396023556378,27.043337061606362,28.10959480396375,-1.0662577423573858
R_IB,1656,28.98733044756417,31.030995421783558,-2.043664974219396,88.80193143805644,89.10452797913982,25.83800768168652,28.869866507171594,-3.0318588254850685
R_IB,1657,21.403172918825977,22.675234160766518,-1.2720612419405413,54.01790344075037,56.31481956844831,18.205882303072254,20.603435479454678,-2.3975531763824227
R_IB,1658,14.678093784651347,15.242239810474247,-0.5641460258229004,36.24790484842308,46.098012101403455,11.790520360524331,13.401207245062471,-1.6106868845381412
R_IB,1659,30.133265904622437,31.97210144411684,-1.8388355394944218,98.36048238738105,99.16817229037788,26.844997857865902,29.77706801543955,-2.932070157573648
R_IB,1660,17.21498230362075,15.802699615654532,1.4122826879662163,48.83092523100498,51.20113665813814,14.213809323628169,14.064851183343537,0.14895814028463603
R_IB,1661,15.926237422973333,15.384616577383564,0.5416208455897699,41.36146540051897,47.40864481158501,12.550800800816381,13.447413584701883,-0.8966127838855042
R_IB,1662,23.48672801980841,24.79105927828,-1.3043312584715907,72.28007151866416,80.1107206923871,20.30844902386572,22.90077603570942,-2.592327011843698
R_IB,1663,19.39259598870454,20.199621960024782,-0.8070259713202445,45.745111697758546,51.781938370259326,15.751993329538308,18.080105693540187,-2.328112364001882
R_IB,1664,17.816518796855966,20.590359411270068,-2.7738406144140955,44.72440648245443,59.022457426064754,14.38807313458394,18.590551852610776,-4.2024787180268355
R_IB,1665,20.18166194420871,20.10086362251558,0.08079832169312405,48.980777129102876,52.0412229015267,17.02728296566153,18.204688207937686,-1.1774052422761503
R_IB,1666,16.380298304492804,16.98510295737769,-0.6048046528848838,37.90842172960242,46.73948895021846,13.004374618261807,15.03354487820884,-2.029170259947032
R_IB,1667,20.796997571992886,21.679024850261357,-0.882027278268467,49.342098860068226,56.443291989049726,17.113478589552727,19.588021241594035,-2.474542652041309
R_IB,1668,15.406485781782061,15.02706343431491,0.3794223474671535,39.48150650792474,43.85281223316287,12.667781751614154,13.26983474838591,-0.6020529967717576
R_IB,1669,17.55727459637197,19.696552482804048,-2.1392778864320783,53.892116858299545,59.910216851046,14.404485702626431,17.872301377739063,-3.4678156751126354
R_IB,1670,21.687344687346947,23.24145346960286,-1.5541087822559196,51.048872953431065,56.69635341930174,18.352951624363545,21.182096751004124,-2.829145126640579
R_IB,1671,21.499914257676625,23.61758318479211,-2.1176689271154845,54.332369896877424,60.24010323972574,18.135596574246954,21.519261235691534,-3.383664661444579
R_IB,1672,21.542838114928113,22.4069160208432,-0.8640779059150903,47.31228395791013,55.74246552529621,18.08954536505202,20.31733973459808,-2.227794369546059
R_IB,1673,16.87036130965541,18.052292177533666,-1.1819308678782523,43.92923385081414,53.75138914450984,13.471011454628604,16.170373203077926,-2.6993617484493186
R_IB,1674,19.01545648902982,19.387694206389465,-0.3722377173596461,44.00778425124424,51.01125043204914,15.60704518932162,17.53981299660018,-1.9327678072785566
R_IB,1675,22.86058214825163,23.603303093534663,-0.7427209452830409,49.23079548962267,56.77423487780098,19.484621537311277,21.502696498531336,-2.0180749612200573
R_IB,1676,22.629831601022886,23.959963099337106,-1.3301314983142243,56.27706247657568,63.41507474497258,18.94847202921645,21.989227072662125,-3.040755043445679
R_IB,1677,18.19073439347054,17.393725975849456,0.7970084176210851,46.332801295315406,51.69310681239434,14.669276641661654,15.616561270450864,-0.9472846287892099
R_IB,1678,19.816680957920177,22.184266477002332,-2.367585519082163,48.317287671857265,55.54154414996315,16.246694490042167,20.149318412705796,-3.9026239226636243
R_IB,1679,25.983986526834062,26.141872625846975,-0.1578860990129135,67.03552862262904,76.34462325340188,22.54944766550834,24.091123933492216,-1.541676267983881
R_IB,1680,22.53518243962873,24.667598484181795,-2.1324160445530653,61.99236380644823,68.60003162723599,18.887067821941145,22.772013365064343,-3.884945543123198
R_IB,1681,17.492103303699096,16.903951696957098,0.5881516067420005,40.91045965869516,50.074350418907514,13.815333199867377,14.968993237283064,-1.1536600374156853
R_IB,1682,29.969425781811516,31.974558949819595,-2.0051331680080753,84.20144879016155,88.76435934884788,26.098854426385277,29.730692618006177,-3.631838191620899
R_IB,1683,24.490354506441246,25.10592436549488,-0.6155698590536375,82.88702517647717,88.6671683116216,21.21619542548511,23.216744476289303,-2.0005490508041914
R_IB,1684,26.53859667532016,28.18183194370847,-1.6432352683883142,88.80193143805644,89.10452797913982,22.94256889621024,26.128890394231238,-3.1863214980209986
R_IB,1685,21.1321553953791,23.074057459263226,-1.9419020638841282,53.892116858299545,61.25754218183597,17.895588516688754,20.992035815834605,-3.096447299145848
R_IB,1686,16.023676061153765,17.47737564721358,-1.4536995860598139,41.667352482585166,51.3753771717745,12.924498648544951,15.621423732205212,-2.696925083660261
R_IB,1687,14.673656743178146,14.904186151601566,-0.23052940842341757,31.822731444849072,41.77147883678014,11.574247932381928,13.0252612862623,-1.451013353880371
R_IB,1688,17.605947009657736,18.05390731270064,-0.4479603030429056,48.41442845172538,53.8568726002819,14.802897660900303,16.186103101922917,-1.3832054410226167
R_IB,1689,25.221122591156323,25.38317458849098,-0.16205199733465378,74.59141633805123,82.1125718599167,21.97982945723646,23.49457538354886,-1.5147459263124063
R_IB,1690,15.638719070087639,16.25348157253055,-0.6147625024429108,41.06573098312396,44.29009371253376,12.67400087123903,14.512280739418257,-1.8382798681792254
R_IB,1691,19.178281967705704,18.74271188970949,0.43557007799621655,49.24343630079267,51.56425624741797,16.35543077342562,16.962992021724823,-0.6075612482992013
R_IB,1692,24.147269883924515,26.116869146231654,-1.9695992623071314,58.38621664681636,62.24189337880588,20.565985763022724,23.93160206319712,-3.3656163001743966
R_IB,1693,14.595341740241578,15.367611872444892,-0.7722701322033149,35.15526746017399,46.68988371054412,11.562714545965243,13.553196380098873,-1.9904818341336286
R_IB,1694,19.774792556825016,19.338635543278247,0.4361570135467707,48.317287671857265,56.787215120884184,16.15429108573292,17.53557952318951,-1.38128843745659
R_IB,1695,16.630871260030887,16.829688607028398,-0.19881734699751014,40.0058681006989,46.37021739078099,13.357752043207173,14.905389960945168,-1.5476379177379966
R_IB,1696,21.968792259901722,23.05146320314095,-1.0826709432392307,58.68683520417534,67.59909700212877,18.773400486920266,21.184341354830785,-2.4109408679105133
R_IB,1697,18.167352941229915,18.994121999778752,-0.8267690585488422,44.01982633497092,49.96883975865884,15.089468814815255,17.052512077807098,-1.9630432629918393
R_IB,1698,22.954520400840394,23.145298530451903,-0.1907781296115059,58.38621664681636,61.71289438404907,19.84021268632696,21.198876709952764,-1.3586640236258039
R_IB,1699,22.52461530229809,22.58519937928542,-0.060584076987332,58.78883612154567,61.378222532423834,19.477899889468624,20.668119016588943,-1.1902191271203186
R_IB,1700,21.698912265761,20.85265770809696,0.8462545576640439,54.591455809675054,58.09048890992158,18.520812474473644,18.97654488611674,-0.4557324116430968
R_IB,1701,15.781336560800353,15.977478493047425,-0.19614193224707305,40.530229693472975,43.88283337615476,12.713848323252169,14.195888920284935,-1.4820405970327664
R_IB,1702,25.703276266758927,27.634034115565647,-1.9307578488067219,60.091888515172144,61.79252093442944,22.05470124614301,25.543419334152166,-3.4887180880091586
R_IB,1703,23.114758932137367,24.00964554581474,-0.8948866136773799,55.531815404571034,60.49485259237079,19.998861520756577,21.989421754018693,-1.9905602332621142
R_IB,1704,24.13138859232252,25.35970467253539,-1.2283160802128685,61.313139133288004,68.60003162723599,20.3115339701618,23.310893888502253,-2.9993599183404522
R_IB,1705,15.880612005710926,16.31462197792145,-0.4340099722105251,48.02972089001108,56.340780054614726,12.60475297490733,14.594805165793632,-1.9900521908863082
R_IB,1706,21.884161311418723,24.118006076611525,-2.2338447651928077,54.14369002320119,61.79252093442944,18.32579578633044,22.10556136699891,-3.779765580668468
R_IB,1707,24.31322800168161,26.841688352349557,-2.5284603506679537,58.75144959364663,63.05450723151857,20.784037320717065,24.703661552531376,-3.919624231814314
R_IB,1708,27.50114612770388,27.845518506500746,-0.34437237879686194,68.36895514862228,79.395911337967,24.50593078148248,25.796456842456355,-1.2905260609738831
R_IB,1709,20.36906689828335,22.794656198109983,-2.4255892998266337,49.332296358263264,56.787215120884184,17.104368885478006,20.673845024899435,-3.5694761394214285
R_IB,1710,11.9797405528636,11.987213751214302,-0.007473198350704565,22.51266034527565,31.08249386700416,9.038842464234328,10.254997834371077,-1.2161553701367465
R_IB,1711,20.382971036868735,23.11986961076138,-2.7368985738926437,49.33621735898525,56.68337317621853,16.921684026970222,20.97974499846535,-4.0580609714951255
R_IB,1712,25.358134085397204,25.897246722886475,-0.5391126374892672,66.43587022875579,75.52264305967037,22.143528844321008,23.93540610996017,-1.7918772656391595
R_IB,1713,24.4267578283666,24.820980627621598,-0.3942227992549952,69.25790616595111,81.43010339434377,21.42718416893141,22.819701498285873,-1.3925173293544573
R_IB,1714,17.988954879272164,20.493071417958756,-2.504116538686593,43.60643387911324,55.311166405973324,14.30788646513644,18.547068758016028,-4.239182292879587
R_IB,1715,20.793534241743053,22.168734679265004,-1.3752004375219518,54.38165412426241,56.74827439163457,17.96963707853191,20.258421734430435,-2.2887846558985188
R_IB,1716,21.51708616538,24.185073192908902,-2.667987027528904,50.244260458270595,60.85118999237988,18.342950275434777,22.095497892032622,-3.7525476165978473
R_IB,1717,23.118784045348928,24.87585296031142,-1.7570689149624894,56.08194995368436,61.79252093442944,19.78864507148488,22.867046674882,-3.078401603397115
R_IB,1718,22.58274812895555,23.248655302056726,-0.6659071731011741,54.45158801939996,59.437916849390106,19.172256559554217,21.206305676211493,-2.0340491166572767
R_IB,1719,18.721801909671928,20.17804496381558,-1.4562430541436533,49.50395401778003,56.67039293313532,15.64463957410793,18.234794554732524,-2.590154980624596
R_IB,1720,27.072888131276976,30.143566495385183,-3.07067836410821,74.01358013320434,82.74041749907576,23.606746761101192,27.95242269215141,-4.345675931050218
R_IB,1721,18.535003092843418,21.189613363067423,-2.654610270224005,44.191068518914456,56.787215120884184,14.845489653693795,19.21425180283504,-4.368762149141245
R_IB,1722,21.667461454278673,22.15636808180082,-0.4889066275221527,54.521049770553645,55.74246552529621,18.288178013125147,20.20143575762359,-1.9132577444984393
R_IB,1723,17.2489682246128,20.951849282147716,-3.702881057534917,39.98985671993691,55.491313806129895,13.513579917676662,18.861385317352443,-5.347805399675784
R_IB,1724,26.265886854724076,27.630370431969954,-1.364483577245877,60.164609905690455,65.20989062759631,22.590015563168436,25.48017280269545,-2.890157239527014
R_IB,1725,19.520325808702214,19.302086660236817,0.21823914846539733,45.94100823027748,50.38172849626265,16.58336859209784,17.456746273191204,-0.8733776810933663
R_IB,1726,23.10854242224042,24.37113930006932,-1.2625968778289007,54.17383208884141,60.74960194501585,19.516533770544374,22.30309730647026,-2.786563535925884
R_IB,1727,21.189355145332545,22.016080027710146,-0.8267248823775968,51.048872953431065,56.787215120884184,17.398413247016393,20.013196493123875,-2.614783246107482
R_IB,1728,23.567296664334908,24.285209542582283,-0.7179128782473787,54.591455809675054,60.850566604991876,20.005123413849798,22.233714570464958,-2.228591156615159
R_IB,1729,19.757190213493608,21.03324963490174,-1.2760594214081287,48.88799607091028,55.24016208696357,16.27152225940408,19.03227191791651,-2.7607496585124305
R_IB,1730,17.47675279478451,17.587538657915374,-0.11078586313086246,44.34647283679885,51.65503614473792,14.007862887124505,15.739488627223578,-1.731625740099072
R_IB,1731,26.36404684738531,26.786292114457996,-0.4222452670726855,69.64450318740293,81.43010339434377,23.22817790604888,24.81329353766821,-1.5851156316193213
R_IB,1732,27.60238609685043,28.7753669051318,-1.1729808082813724,70.5465629041238,81.43010339434377,24.271986382384583,26.800615062226186,-2.528628679841599
R_IB,1733,25.87135299225298,29.18477299649232,-3.3134200042393465,65.03666730971808,73.6046892742967,21.764959412645677,26.990974795576822,-5.226015382931139
R_IB,1734,22.17825533486413,23.438200525574803,-1.2599451907106711,48.317287671857265,59.238350490933634,18.780334681652434,21.406173654702812,-2.6258389730503753
R_IB,1735,22.38172175385953,23.571857198060567,-1.1901354442010408,53.892116858299545,60.5458024628998,19.050048419666755,21.494356953200267,-2.4443085335335146
R_IB,1736,17.804898418195076,18.440554747257003,-0.6356563290619278,45.43890013316733,48.883199318676915,14.836273834952054,16.531699766678173,-1.695425931726123
R_IB,1737,20.264463515623028,20.466666427994095,-0.2022029123710637,47.704077022948,55.74246552529621,17.295667194853422,18.51365517794555,-1.2179879830921314
R_IB,1738,23.822502788527483,26.660391932111075,-2.837889143583596,60.86032268451446,68.60003162723599,19.631504230814386,24.538506480654565,-4.907002249840183
R_IB,1739,26.75435068383008,27.824423400936627,-1.0700727171065483,61.99236380644823,67.6745171276192,22.975581883025924,25.635886995204572,-2.6603051121786483
R_IB,1740,29.270083568812815,30.962516347488418,-1.6924327786756004,75.74708874774468,83.3955745514418,25.847047088741558,28.82376958653858,-2.9767224977970206
R_IB,1741,19.03503546442133,19.156662086193304,-0.12162662177197392,49.287866329527965,54.83625954408105,16.498994497229784,17.35544630876752,-0.8564518115377354
R_IB,1742,19.33473512306462,19.761086288579534,-0.4263511655149166,44.406337429798306,56.03448898294689,16.2589546330938,17.881363680394536,-1.6224090473007333
R_IB,1743,25.123917562815702,24.616204814106535,0.5077127487091665,61.99236380644823,68.60003162723599,21.88934969252123,22.661815649506018,-0.7724659569847926
R_IB,1744,25.449489658563557,27.262276628852693,-1.8127869702891366,60.45549546776361,66.28624537819402,22.01186137780329,25.11576371966548,-3.1039023418621845
R_IB,1745,23.12354879883895,23.27145149284175,-0.14790269400279676,60.237331296208744,67.90589575252343,19.534964682959505,21.351649889122182,-1.8166852061626773
R_IB,1746,15.020764503488065,14.201165442123418,0.8195990613646508,31.185933371476963,35.31028839226699,11.884118649777209,12.42719574620923,-0.5430770964320216
R_IB,1747,20.211777492995086,18.99667081339925,1.2151066795958403,50.70555763439752,55.314344259385514,17.149847804903086,17.172279202631707,-0.022431397728622376
R_IB,1748,29.682122200548616,30.69698191900033,-1.0148597184517134,90.23608637206982,90.61403034938577,25.93902700468659,28.70660237782158,-2.7675753731349886
R_IB,1749,17.46097775733846,19.80893984434879,-2.347962087010332,40.95270743260873,48.883199318676915,14.077308862340926,17.74100621018478,-3.6636973478438484
R_IB,1750,19.23526211284551,19.464245959797015,-0.22898384695150487,48.88799607091028,51.10504797918976,16.600090849325124,17.651287087763993,-1.0511962384388653
R_IB,1751,18.209624062364675,19.39424667882406,-1.1846226164593854,44.826477003984834,53.75138914450984,14.780105457534061,17.41900736453064,-2.638901906996578
R_IB,1752,15.957651563774125,16.71784325615672,-0.7601916923825928,36.53861971063392,46.677482400625536,12.663087494002227,14.839896802039437,-2.1768093080372117
R_IB,1753,21.75460866227093,21.506145600044448,0.2484630622264863,50.70555763439752,56.131830135497125,18.387214346120686,19.533162639916043,-1.1459482937953533
R_IB,1754,31.57317441575525,32.028637723026144,-0.4554633072709031,93.58244788476753,94.13620254662614,28.172425879228204,29.81553956745454,-1.6431136882263326
R_IB,1755,24.001659485544632,26.32684451382901,-2.3251850282843813,61.223929637105925,67.44313850271502,20.409111823473282,24.21149589715352,-3.802384073680235
R_IB,1756,30.141883702123778,32.196555317474676,-2.0546716153509026,98.36048238738105,99.16817229037788,26.565499857969737,30.154129170190856,-3.5886293122211184
R_IB,1757,16.84047450046191,17.403028758681437,-0.5625542582195265,37.90842172960242,46.28290132786508,13.937033583181275,15.511535398268148,-1.5745018150868717
R_IB,1758,16.84815867061111,17.534103932721106,-0.6859452621099946,44.191068518914456,53.585969928681656,13.595495247485585,15.69869543283002,-2.103200185344434
R_IB,1759,20.43366672827394,22.8097417375792,-2.3760750093052563,47.704077022948,55.24016208696357,17.013058911212838,20.648174726445653,-3.6351158152328154
R_IB,1760,27.76446057822521,29.76753316475653,-2.003072586531316,62.784700712607815,71.31527358856387,24.32287822722677,27.558530427211114,-3.235652199984346
R_IB,1761,17.74489554632283,17.39270498325196,0.35219056307087343,48.88799607091028,54.54851734362276,14.461436637680697,15.491098857915391,-1.0296622202346952
R_IB,1762,24.523696904145044,25.49936765118626,-0.9756707470412166,58.00340831734651,61.25754218183597,21.041997349762692,23.35817822075202,-2.316180870989325
R_IB,1763,17.914801831930856,18.015877382715896,-0.10107555078503984,52.07603065972898,60.19079382763234,14.368468336662529,16.318853270134387,-1.9503849334718553
R_IB,1764,26.98504360204541,27.73237949206452,-0.7473358900191085,69.25790616595111,81.43010339434377,23.995881335143753,25.642143703963,-1.6462623688192428
R_IB,1765,20.268028560469077,22.57750582753456,-2.309477267065481,48.769604166114064,58.41032567878268,17.02133764232107,20.598860972795084,-3.5775233304740146
R_IB,1766,25.017797774807626,28.426583193494462,-3.40878541868683,57.62726447938814,63.23479098824558,21.100952897651663,26.16719800217524,-5.066245104523581
R_IB,1767,16.26011083555067,16.281495095378556,-0.021384259827888195,42.41719635299826,45.38159902575509,13.242827319491616,14.43099905822132,-1.1881717387297048
R_IB,1768,29.199849007559585,31.556623773645658,-2.3567747660860734,70.5465629041238,78.60933231673987,25.154825586297225,29.346518223845436,-4.191692637548218
R_IB,1769,21.83891794709432,23.014323580631366,-1.1754056335370393,54.00413492968563,60.07516004538587,18.41214595718967,21.008599250517054,-2.5964532933273863
R_IB,1770,21.826283407190463,21.844033080528806,-0.017749673338343458,54.96759964763348,60.44359102814781,18.26015125287371,19.89398868031994,-1.6338374274462215
R_IB,1771,23.521591572508203,24.64645991684322,-1.1248683443350163,59.72828156258068,67.09862968957516,19.8105100099999,22.59955510458236,-2.789045094582461
R_IB,1772,24.735695139919823,25.93440107585294,-1.198705935933118,58.75144959364663,61.752707659239256,21.239394253473794,23.853945024115394,-2.6145507706415994
R_IB,1773,22.998982049986786,23.55282812183735,-0.5538460718505651,63.68548735145193,72.23103986285702,19.105372442795506,21.75933823528887,-2.6539657924933606
R_IB,1774,28.44415654732349,30.75430404355585,-2.3101474962323594,80.45834684452207,87.11718902577515,24.56332413326814,28.527908639619206,-3.9645845063510627
R_IB,1775,15.51143050042964,16.06287602075648,-0.5514455203268384,39.47797311312745,49.22748144067095,12.219718638149901,14.317350549832247,-2.0976319116823468
R_IB,1776,27.551573993594566,30.257999594311,-2.7064256007164373,70.28883155648928,80.86594917882303,24.001857340754434,28.165980962522564,-4.164123621768132
R_IB,1777,31.018611915159944,32.627896540699965,-1.6092846255400266,88.80193143805644,89.10452797913982,27.089749039592075,30.50154037822252,-3.4117913386304424
R_IB,1778,25.609602838795873,27.146499112889703,-1.536896274093826,59.87372434361728,64.13353587699852,21.97155402173396,24.953987183396066,-2.9824331616621027
R_IB,1779,21.418820532419343,22.64268628748517,-1.223865755065825,48.317287671857265,58.049634443694146,17.863163158223575,20.59066392416335,-2.727500765939776
R_IB,1780,36.39662880313806,39.30112500995569,-2.9044962068176368,93.58244788476753,94.13620254662614,32.60981541406276,36.838840289373266,-4.229024875310498
R_IB,1781,18.1137276062645,19.30552474058749,-1.1917971343229914,48.88799607091028,53.585969928681656,14.717326467602364,17.438762829962133,-2.721436362359771
R_IB,1782,23.115572751455417,22.30900484189017,0.8065679095652484,53.132179043704596,56.29143382414975,19.541202639558872,20.269305870581697,-0.7281032310228309
R_IB,1783,15.577065082643802,16.124747298705266,-0.5476822160614623,37.80598712124871,49.20118277205033,12.37313742424684,14.23917575903337,-1.8660383347865341
R_IB,1784,26.852679805704582,26.387214698444847,0.46546510725973556,82.22981336963507,88.61857279300847,23.553556553692303,24.448634784572562,-0.8950782308802575
R_IB,1785,22.147371756069774,23.004515071513396,-0.8571433154436187,54.08079673197578,60.90198401606189,18.705660377060376,20.98796345393456,-2.282303076874181
R_IB,1786,20.148534016856914,21.449160947983657,-1.300626931126747,54.521049770553645,60.24010323972574,16.546650718956947,19.544405275166035,-2.9977545562090833
R_IB,1787,16.668058103777646,17.17773794164791,-0.5096798378702609,44.08633465167433,51.014818902670164,13.486133064082642,15.330555459113976,-1.8444223950313348
R_IB,1788,18.477269025660842,19.178717708529057,-0.7014486828682157,51.048872953431065,56.65741269005211,15.14832456581459,17.358954367271554,-2.2106298014569647
R_IB,1789,24.864602950129782,26.018245546339358,-1.1536425962095767,58.38621664681636,61.65981001712883,21.378431171372846,23.81486573409511,-2.436434562722264
R_IB,1790,18.506056486278634,18.77401307618954,-0.2679565899109056,45.745111697758546,50.240249868654296,15.383706537045795,16.76414597029428,-1.3804394332484815
R_IB,1791,22.602896282710983,23.722500342978663,-1.119604060267682,55.90795924252945,60.95231049920292,19.341120467554425,21.713523056245666,-2.372402588691234
R_IB,1792,16.431066234514482,14.570154946207936,1.8609112883065448,26.025738994262472,30.70699691480153,13.506061128319566,12.938772100822867,0.5672890274966984
R_IB,1793,21.934431664169992,22.230151271923237,-0.2957196077532403,54.591455809675054,60.24010323972574,18.590329411552926,20.346910258160364,-1.7565808466074355
R_IB,1794,27.089690541620786,28.81934849282356,-1.729657951202775,63.91068401116295,72.4599814314303,23.241954768934786,26.658569502246245,-3.416614733311457
R_IB,1795,14.96301187935039,15.094232013299703,-0.1312201339493127,35.19751487325874,41.22951467728108,11.742699938154939,13.280355640125743,-1.5376557019708061
R_IB,1796,17.93134470859144,19.08561369180897,-1.1542689832175304,44.67107268610043,55.69223518146295,14.420553000746919,17.192358449225015,-2.771805448478096
R_IB,1797,29.754675994988048,32.01954364773334,-2.2648676527452998,93.58244788476753,94.13620254662614,26.14858668746716,29.79302243692791,-3.6444357494607504
R_IB,1798,13.363339155122453,13.09920549075844,0.2641336643640183,30.019753795887162,37.7673334387685,10.57518191848907,11.432755963520403,-0.857574045031338
R_IB,1799,26.09584452871887,28.51237472444773,-2.41653019572886,77.50590263600024,84.6148827470528,22.616858892140794,26.354247436352974,-3.7373885442121777
R_IB,1800,14.31172050009736,14.995326854417879,-0.6836063543205179,31.753360574478815,45.83307957162957,11.015433558550313,13.23205990898078,-2.216626350430466
R_IB,1801,20.6370592428208,21.995360751924505,-1.3583015091037103,49.52159852102897,56.67039293313532,16.80290099085904,20.011826888913205,-3.2089258980541673
R_IB,1802,24.047692805033904,24.321105250823223,-0.2734124457893157,96.44926858633562,97.15538439287715,21.46037874878665,22.47478160833071,-1.0144028595440622
R_IB,1803,30.242350092100747,30.385574370267914,-0.1432242781671719,98.36048238738105,99.16817229037788,26.92675696747005,28.340097529400385,-1.4133405619303339
R_IB,1804,19.226353698411604,19.707653680750852,-0.4812999823392493,49.11014621458678,55.24016208696357,16.156419502498814,17.73803336098413,-1.5816138584853134
R_IB,1805,22.98021472654537,24.70633743139392,-1.7261227048485555,59.72828156258068,68.60003162723599,19.036364175229995,22.692044285489963,-3.6556801102599703
R_IB,1806,16.654112092194445,18.45645600388084,-1.8023439116863937,42.17898133633947,50.10454481365657,13.573874400552306,16.443989586178795,-2.870115185626489
R_IB,1807,19.496888075184373,20.75242566033523,-1.2555375851508583,54.521049770553645,61.25754218183597,16.1991987710655,18.830557103270195,-2.631358332204699
R_IB,1808,14.440358731022174,15.011663473373915,-0.5713047423517392,34.580886565479524,43.76031079046752,11.167445565312308,13.24624188435219,-2.0787963190398786
R_IB,1809,25.16452958267274,26.294213844369732,-1.1296842616969978,77.50590263600024,84.6148827470528,21.48286409049582,24.2371461370073,-2.754282046511487
R_IB,1810,18.66332337183748,18.2957738560315,0.3675495158059796,51.61752173440481,56.31481956844831,15.784381422053327,16.555164102529194,-0.7707826804758654
R_IB,1811,15.407340790113599,15.95884420434685,-0.5515034142332512,39.77861785036903,46.190456714634266,12.500861973404678,14.195798684720481,-1.6949367113158036
R_IB,1812,23.478285683997026,25.029996661789266,-1.5517109777922398,54.55625279011435,57.688943208605565,20.026612758980434,22.86555767586542,-2.8389449168849925
R_IB,1813,19.39701576855223,22.22852160768074,-2.8315058391285084,52.47049490586531,59.415387268026336,16.202623113008382,20.226650713677557,-4.0240276006691795
R_IB,1814,13.119981540251601,12.065983805783418,1.053997734468183,26.698455903238543,32.59605957990345,9.98410418939807,10.300242253256041,-0.3161380638579697
R_IB,1815,21.404870384141976,21.194240376811873,0.21063000733009188,58.700916411999614,63.595358501699586,17.92900566177497,19.3854963848781,-1.4564907231031339
R_IB,1816,21.508842067193623,22.333954627990465,-0.8251125607968455,48.317287671857265,53.089086521628204,18.107288641885027,20.266293208949833,-2.159004567064802
R_IB,1817,20.466842166165943,22.24126452842986,-1.7744223622639144,47.765398087838925,57.183453803297326,17.18680252309499,20.28706646155053,-3.1002639384555395
R_IB,1818,16.05677917957182,17.81264726077954,-1.7558680812077172,40.530229693472975,50.73534226946821,12.95910096686331,15.91228054081928,-2.9531795739559703
R_IB,1819,18.268327280721152,19.506340529713306,-1.2380132489921505,53.892116858299545,61.25754218183597,15.279359110663583,17.637448870061785,-2.3580897593982026
R_IB,1820,24.775394115592572,24.732578117536704,0.04281599805587472,66.61044583162695,75.8416882869181,21.700156477212968,22.777878709419902,-1.077722232206934
R_IB,1821,23.510173355910318,23.140994826062183,0.36917852984813515,60.45549546776361,67.21175987781082,20.115080085307504,21.215866777021578,-1.1007866917140794
R_IB,1822,23.73830562087344,25.305222786453985,-1.5669171655805445,55.15567156661266,61.69962329231901,20.18970534572558,23.222546912784413,-3.0328415670588353
R_IB,1823,21.480367794327645,22.020350001741914,-0.539982207414272,60.95084922259155,69.68612841176716,18.32931420254532,20.159955524645873,-1.8306413221005493
R_IB,1824,24.260720855820097,25.091069610187624,-0.8303487543675243,73.43574392835761,81.11164627615182,20.818913136533528,23.128539893371588,-2.3096267568380586
R_IB,1825,26.94766708801152,28.73354497648583,-1.7858778884743078,74.01358013320434,82.74041749907576,22.903164455702388,26.670048638948625,-3.7668841832462374
R_IB,1826,18.741379845033975,19.4852813803547,-0.7439015353207256,45.745111697758546,51.65503614473792,15.404586586874492,17.53832582557367,-2.133739238699177
R_IB,1827,21.373538007218322,22.454514854813063,-1.0809768475947417,54.96759964763348,60.85118999237988,18.074517579032122,20.49691842459986,-2.422400845567735
R_IB,1828,18.871103427712193,21.738991548246037,-2.8678881205338467,44.191068518914456,55.74246552529621,15.125476706988477,19.706593735684265,-4.581117028695791
R_IB,1829,18.08321554140806,19.5643632361808,-1.481147694772739,44.485854692962356,55.24016208696357,14.94278571604301,17.562457630599962,-2.619671914556955
R_IB,1830,33.57271488791304,34.04144053018056,-0.46872564226752234,103.07963696625536,104.20043080942422,29.834573059240522,31.803301428681163,-1.9687283694406352
R_IB,1831,21.066880652653786,22.247184929804003,-1.1803042771502215,52.75481929635214,61.05436608710792,17.77733360941366,20.365840544024465,-2.5885069346108036
R_IB,1832,19.847150400735817,20.50383841275676,-0.6566880120209462,58.38621664681636,66.28624537819402,16.966973934537734,18.68961725746602,-1.7226433229282834
R_IB,1833,24.887675658177812,27.16955997178709,-2.281884313609283,61.223929637105925,68.60003162723599,20.990384856496615,25.024813214070424,-4.034428357573811
R_IB,1834,25.868879964696813,26.92305045535384,-1.054170490657035,60.45549546776361,61.77924984269938,22.47480950261957,24.751694495801946,-2.276884993182373
R_IB,1835,19.125535273449913,20.048582422561342,-0.923047149111428,47.704077022948,55.24016208696357,15.392627126468598,18.03642601821368,-2.643798891745088
R_IB,1836,18.29717015623147,20.227492879403037,-1.9303227231715658,43.13093287781932,51.781938370259326,14.863905779412924,18.119772314881658,-3.2558665354687326
R_IB,1837,20.819700697482144,22.116540466123055,-1.2968397686409092,54.521049770553645,62.513655961337506,16.759464094567473,20.2050709389514,-3.445606844383927
R_IB,1838,28.116735692270087,31.217851415227074,-3.1011157229569846,74.01358013320434,82.74041749907576,24.429859728209255,28.977862663403585,-4.548002935194326
R_IB,1839,19.28445032592572,20.885275559947626,-1.6008252340219027,49.35190136187319,58.59067129632694,15.574934488106342,19.017389803346642,-3.442455315240296
R_IB,1840,18.60492642638683,19.792841314622297,-1.1879148882354673,47.00147532214133,53.585969928681656,15.480220448860129,17.933236256878867,-2.4530158080187365
R_IB,1841,24.51095439852328,26.38950348320693,-1.878549084683651,65.23655344100916,73.8786826722072,20.9386807478437,24.409225772954713,-3.4705450251110115
R_IB,1842,23.060557910448587,25.06373392043123,-2.0031760099826394,51.61752173440481,60.74960194501585,19.497191208750877,22.916456163576946,-3.4192649548260694
R_IB,1843,24.507552248352,25.404646570160487,-0.8970943218084884,58.38621664681636,61.25754218183597,21.29354133709036,23.248459822582046,-1.9549184854916866
R_IB,1844,22.275015131899917,23.230924520869934,-0.9559093889700111,55.88683743079303,63.05450723151857,18.52974220707777,21.29268092635335,-2.762938719275574
R_IB,1845,16.228969363921063,16.91286998259353,-0.6839006186724721,49.332296358263264,57.8822212938431,13.009582010106149,15.270128788219903,-2.260546778113754
R_IB,1846,19.79386296086354,23.251930076440107,-3.4580671155765685,48.19464554207542,58.59067129632694,16.074726305545525,21.13656597062515,-5.061839665079618
R_IB,1847,25.87344255312184,27.506442039021938,-1.632999485900101,65.03666730971808,73.6046892742967,22.62189586450757,25.469554521991405,-2.8476586574838336
R_IB,1848,21.930392041424994,23.79949312894897,-1.8691010875239766,47.888040217620784,56.016949674722994,18.36351665005497,21.646366379348418,-3.282849729293447
R_IB,1849,19.310740426660093,21.087318374749497,-1.7765779480893997,49.199006272057375,57.8822212938431,15.7341370738699,19.005026075546393,-3.270889001676494
R_IB,1850,19.143073535176185,19.44234197002289,-0.29926843484670984,48.317287671857265,51.69310681239434,15.653467372370462,17.426408015473832,-1.7729406431033683
R_IB,1851,18.088151612149908,20.38780355608606,-2.2996519439361527,49.332296358263264,61.155954134471955,14.672287574579132,18.46620849045221,-3.793920915873078
R_IB,1852,19.235185589929287,18.48070769958596,0.7544778903433295,50.370084316807905,55.83356760761383,15.901592629712093,16.664320957268725,-0.7627283275566343
R_IB,1853,20.055221126309092,21.924001062156762,-1.8687799358476658,42.17898133633947,54.894339715293164,16.535568985671787,19.83430114095511,-3.298732155283324
R_IB,1854,25.236777511014008,26.846606494202067,-1.6098289831880623,65.03666730971808,73.6046892742967,21.8682590157818,24.800757607799564,-2.932498592017766
R_IB,1855,35.908898207548496,39.93552721421753,-4.02662900666903,102.60772150836796,103.69720495751962,31.85741190199651,37.51239513245859,-5.65498323046208
R_IB,1856,13.901953343488792,14.826434500490183,-0.9244811570013919,31.730236951022068,42.562829799120216,10.80579072381323,12.93287469979118,-2.1270839759779494
R_IB,1857,20.93864455010802,20.47892775339373,0.4597167967142864,51.048872953431065,53.94210371639264,17.853721693855018,18.572459888858933,-0.7187381950039119
R_IB,1858,23.474275018305214,24.917170198075187,-1.4428951797699756,51.3960906351433,56.787215120884184,20.153816401869147,22.786977742166144,-2.6331613402969976
R_IB,1859,22.73963997998451,24.325799023542903,-1.586159043558392,55.69172490790165,62.87422347479152,19.113118230886702,22.313759528268164,-3.2006412973814635
R_IB,1860,22.15132166210749,24.68903126668879,-2.5377096045812997,58.38621664681636,64.40262456464795,18.42930270300288,22.69511700380733,-4.265814300804454
R_IB,1861,27.283307478924048,29.377422808344182,-2.0941153294201356,79.86785800281757,86.61672777003056,23.851115910864227,27.199722907380398,-3.348606996516167
R_IB,1862,23.702292372042606,23.249796481509215,0.4524958905333892,88.80193143805644,89.10452797913982,21.088050846651218,21.333373130103823,-0.24532228345260038
R_IB,1863,16.53729615605694,16.36740762838707,0.1698885276698699,43.334857599196745,45.240367830751396,13.64290966325661,14.576236281527436,-0.9333266182708241
R_IB,1864,18.902623439072265,18.895919475681286,0.006703963390977514,49.35190136187319,55.93246852772223,15.376147794615521,16.977713572204337,-1.6015657775888128
R_IB,1865,18.488630057494312,19.45489470381024,-0.9662646463159322,43.334857599196745,50.240249868654296,14.942470841481281,17.387660184014596,-2.4451893425333115
R_IB,1866,18.085727396356063,18.613301874189883,-0.5275744778338151,45.745111697758546,51.65503614473792,15.114296791380513,16.703697773002922,-1.5894009816224106
R_IB,1867,24.839776290448107,27.29324822915461,-2.4534719387065067,56.47217499946701,61.56878920991753,21.29996303417573,25.13789092637534,-3.837927892199614
R_IB,1868,13.091473061602596,13.305536450876458,-0.2140633892738626,28.229530766759005,35.47268567780057,10.316098359183972,11.599228450675229,-1.2831300914912604
R_IB,1869,20.499732340217083,21.481844879222436,-0.982112539005357,53.323468077325884,56.787215120884184,17.227952306048007,19.425264119494866,-2.19731181344686
R_IB,1870,24.697030067806278,26.19939183251229,-1.5023617647060126,62.60122450710225,69.60096315664822,21.058726667541187,24.19803019040667,-3.139303522865484
R_IB,1871,15.000269393273209,13.80485547478073,1.1954139184924775,37.56697303509002,45.240367830751396,11.990262847597664,12.178434669583817,-0.18817182198615737
R_IB,1872,12.793634633732013,13.710955597528688,-0.917320963796673,26.73940528311995,36.66459280550959,9.702493996653887,11.960352837006134,-2.257858840352247
R_IB,1873,20.632051703932483,20.876764757163354,-0.244713053230872,50.20038715765213,57.62404199318952,17.40011209227949,19.04760473679043,-1.6474926445109424
R_IB,1874,15.831763486618067,16.187570361757,-0.3558068751389315,35.46573584073376,43.76031079046752,12.393891178842331,14.324867558420191,-1.9309763795778592
R_IB,1875,23.149435264968503,24.899421207640763,-1.7499859426722637,54.521049770553645,63.595358501699586,19.52234864910861,22.811191290532378,-3.2888426414237664
R_IB,1876,22.311136901016166,24.006782345174333,-1.695645444158164,54.591455809675054,59.437916849390106,19.11719867706583,21.925213092415834,-2.808014415350005
R_IB,1877,23.15336336474559,24.97963277576596,-1.8262694110203725,59.72828156258068,67.44313850271502,19.189973248813708,22.921054810180298,-3.731081561366592
R_IB,1878,22.549086630080623,24.45539963840732,-1.906313008326706,54.521049770553645,63.595358501699586,18.61345644913964,22.470780184298352,-3.8573237351587104
R_IB,1879,30.487504325475047,31.3763875865078,-0.8888832610327541,96.44926858633562,97.15538439287715,27.30197441782503,29.33012413757085,-2.0281497197458203
R_IB,1880,21.09873974978729,21.405996973261207,-0.30725722347392515,54.521049770553645,60.74960194501585,17.681842562720526,19.507970185884062,-1.8261276231635335
R_IB,1881,25.859421955072158,27.371472926782765,-1.512050971710605,60.916555969369014,66.98038125290664,22.04219897383481,25.221945954552755,-3.1797469807179515
R_IB,1882,13.931702079752952,14.444297479236084,-0.5125953994831337,36.53861971063392,38.882502442625494,11.225654335539023,12.70911107063775,-1.4834567350987273
R_IB,1883,21.05405842729936,23.821691290363685,-2.7676328630643257,50.70947863511951,58.59067129632694,17.508927501900754,21.71477455717294,-4.20584705527219
R_IB,1884,19.508313580885755,21.2919380472387,-1.7836244663529464,47.50818049042906,55.69223518146295,15.939597313271234,19.26313319827664,-3.3235358850054033
R_IB,1885,15.823560716469931,15.265436573726731,0.5581241427431972,37.5339742292864,43.6990494976239,12.338947642936692,13.557262214590104,-1.2183145716534132
R_IB,1886,28.16308439641536,29.46304110903093,-1.2999567126155678,70.03110020885472,81.43010339434377,24.44441176447886,27.33849231530022,-2.8940805508213554
R_IB,1887,24.941594092703223,25.71119581638283,-0.7696017236796012,62.23006487829612,69.41460421563438,21.01998528885792,23.652816087138177,-2.6328307982802586
R_IB,1888,27.4558495950374,30.729137040746572,-3.2732874457091703,60.091888515172144,63.595358501699586,23.344194378698827,28.341601128868128,-4.997406750169297
R_IB,1889,22.935268182479614,25.41336832232026,-2.478100139840642,56.79778565577845,63.595358501699586,19.186257960856757,23.32137990595285,-4.135121945096093
R_IB,1890,18.987343846040964,19.775441115437808,-0.7880972693968404,49.52159852102897,56.27199542824782,15.765605209215526,17.916574607455374,-2.150969398239853
R_IB,1891,19.743550135143924,20.786822178943957,-1.0432720438000316,49.35190136187319,57.147906355972765,16.02533859629334,18.870822231817453,-2.845483635524115
R_IB,1892,19.246039816140584,20.16960059511225,-0.923560778971668,42.315233992309544,51.781938370259326,15.964397323720341,18.173993962378365,-2.2095966386580237
R_IB,1893,18.91770112079882,19.140974580611157,-0.22327345981233718,44.11251811848437,50.17969938423086,15.716798752289648,17.288662694546634,-1.5718639422569847
R_IB,1894,27.84100584073907,30.140021150663266,-2.299015309924198,93.58244788476753,94.13620254662614,24.502760527535788,27.985527063164472,-3.4827665356286843
R_IB,1895,17.049109711107125,18.07001788753722,-1.0209081764300953,44.11251811848437,49.74255151941396,13.898778341304205,16.193470117613657,-2.294691776309455
R_IB,1896,23.889612193265766,23.86454444193844,0.025067751327327584,67.92447963995788,78.37881530977866,20.905423529389907,21.923706516234567,-1.018282986844659
R_IB,1897,21.335210525014094,22.156423305069254,-0.8212127800551531,59.72828156258068,68.60003162723599,17.648153128670153,20.399198570047353,-2.7510454413771988
R_IB,1898,28.476429708844705,29.932258460242704,-1.45582875139799,90.7141380167409,91.11719780613437,24.650493346953994,27.89244418114365,-3.241950834189665
R_IB,1899,23.057217850531426,25.173385867896712,-2.116168017365287,50.50255589711634,60.74960194501585,19.89913251899261,23.0964728163565,-3.1973402973638922
R_IB,1900,15.133193245363396,14.725456523305477,0.40773672205792166,36.94996104041636,45.43551415784291,12.284441747700859,12.94536093397288,-0.6609191862720221
R_IB,1901,17.696677512392224,19.114839319080186,-1.418161806687967,43.334857599196745,51.781938370259326,14.44117819882465,17.0963783772667,-2.6552001784420534
R_IB,1902,20.817561710947338,22.71256615204018,-1.8950044410928442,49.35190136187319,60.74960194501585,17.43376302248722,20.79153792806531,-3.357774905578089
R_IB,1903,20.89508353401984,21.49755250660494,-0.602468972585097,58.75144959364663,63.595358501699586,17.36013013912123,19.694954181117467,-2.3348240419962365
R_IB,1904,18.897961333508782,19.28218293160035,-0.3842215980915691,43.92923385081414,51.65503614473792,16.11003882633302,17.442843522173927,-1.3328046958409094
R_IB,1905,22.33344026910756,24.548755027065983,-2.215314757958422,53.95501014952495,61.79252093442944,18.861187082165916,22.47567375515902,-3.6144866729931056
R_IB,1906,23.70458582163359,25.841414655993,-2.1368288343594064,56.47217499946701,61.29776896536526,20.20392579286666,23.675685528408284,-3.4717597355416205
R_IB,1907,21.755028198439007,22.913597301438372,-1.1585691029993617,56.1093601445316,60.9527780397439,18.697849743346936,20.967338119278626,-2.2694883759316893
R_IB,1908,25.388330050929646,27.95779716280523,-2.5694671118755883,59.19145559627495,61.65981001712883,22.029289165766127,25.709637509071772,-3.680348343305647
R_IB,1909,22.718853498578042,24.07526290315946,-1.356409404581413,54.17383208884141,60.74960194501585,18.945495701944218,22.06299174222456,-3.1174960402803427
R_IB,1910,18.316476406679698,18.746012881455258,-0.42953647477555595,48.93242609964558,56.27199542824782,14.780553643162326,16.870629530894192,-2.090075887731866
R_IB,1911,28.393711286967715,29.231391283964395,-0.8376799969966849,67.03552862262904,76.34462325340188,24.922567989032988,27.044593922440328,-2.122025933407346
R_IB,1912,18.918997100788047,18.812979715790505,0.10601738499754051,50.20038715765213,57.62404199318952,15.268363725186934,16.956647820058635,-1.6882840948717053
R_IB,1913,20.223178736745176,20.31420784600714,-0.09102910926196578,49.691295680184794,56.68337317621853,17.00723975274734,18.55490402145753,-1.5476642687101936
R_IB,1914,15.021946078552917,15.484892671866577,-0.4629465933136581,34.39285197083368,43.88283337615476,11.841493756264983,13.641135029813823,-1.7996412735488405
R_IB,1915,28.902935813809897,29.873419746895994,-0.9704839330860958,88.80193143805644,89.10452797913982,25.399127989515083,27.944326734128705,-2.545198744613628
R_IB,1916,17.367940208217224,19.67404506439394,-2.30610485617671,44.00778425124424,52.323147837786045,14.157834310495236,17.6845941311058,-3.526759820610561
R_IB,1917,23.38161512515107,25.11229179261917,-1.730676667468105,56.85498332893691,61.68635220058895,19.961333032191117,23.04562329402301,-3.084290261831893
R_IB,1918,20.59512371814619,20.97862651823624,-0.3835028000900497,55.294083145806255,64.13353587699852,17.107388308901662,19.14393488293846,-2.036546574036796
R_IB,1919,22.4096248513193,22.341861665263025,0.06776318605627739,48.317287671857265,55.24016208696357,18.79536708302058,20.331101683283315,-1.5357346002627368
R_IB,1920,21.24346447622856,22.81336877395741,-1.5699042977288484,55.301499862119,61.41844931595312,17.702766263877557,20.839064352224522,-3.136298088346962
R_IB,1921,18.45755131883472,18.818532401684873,-0.3609810828501529,43.955417317624175,49.068413613756036,15.306805467160407,17.034151714589864,-1.727346247429459
R_IB,1922,29.03290143373894,29.86168199716181,-0.8287805634228714,88.80193143805644,89.10452797913982,25.797908051568175,27.807645773662987,-2.009737722094807
R_IB,1923,19.45305161405877,20.414641709477134,-0.9615900954183669,52.18617051537847,58.59067129632694,15.973503010194449,18.52664248438887,-2.5531394741944213
R_IB,1924,19.19488274191526,20.114825110858206,-0.9199423689429439,45.234759090106486,55.24016208696357,15.716199752275472,18.128905651994522,-2.4127058997190494
R_IB,1925,19.992947782642613,22.07031716615227,-2.0773693835096596,48.072003412293554,56.787215120884184,16.261977667490434,20.010763874433263,-3.7487862069428277
R_IB,1926,24.818202595583678,24.743707016540103,0.07449557904357632,60.45549546776361,62.82113910787127,21.37427413887232,22.698296588641114,-1.324022449768797
R_IB,1927,31.089325704250882,32.47311187922282,-1.3837861749719407,103.07963696625536,104.20043080942422,27.662568669733513,30.38196529138706,-2.7193966216535395
R_IB,1928,17.580024353950524,19.58493868954295,-2.004914335592428,47.54563487962769,56.22917128804735,14.528955209704176,17.68492466880816,-3.1559694591039897
R_IB,1929,25.719589235315098,28.115475038006075,-2.3958858026909717,60.45549546776361,66.28624537819402,22.043313934912124,25.975366978953467,-3.932053044041344
R_IB,1930,17.277720243931185,17.920207316788908,-0.6424870728577202,31.961473185589572,45.72823364848017,14.239769745031246,16.015441819793487,-1.7756720747622374
R_IB,1931,38.34781471551781,37.3154079928615,1.0324067226563192,112.27236231997837,113.56763998951357,34.58334547074659,35.03120916408678,-0.44786369334019444
R_IB,1932,31.9600912474032,34.853324645148426,-2.893233397745226,76.91541379429574,84.11442149130822,28.215692899321343,32.6509214033692,-4.4352285040478625
R_IB,1933,20.20697265385869,21.672450881306656,-1.4654782274479643,57.61318327156386,65.74806800289517,16.488162088579696,19.68040417360279,-3.1922420850230955
R_IB,1934,17.458560986835778,17.3176903940283,0.14087059280747616,49.33621735898525,56.22917128804735,14.226337745779619,15.545044198676052,-1.3187064528964356
R_IB,1935,18.880931279955178,20.6147201380248,-1.7337888580696255,45.434303061989745,54.909323655307205,15.372609607852088,18.63944196895571,-3.26683236110362
R_IB,1936,21.107999137203706,23.518425927014565,-2.410426789810859,54.521049770553645,60.24010323972574,17.259234860663664,21.438989932109454,-4.179755071445784
R_IB,1937,31.091756737730435,32.08206414973767,-0.9903074120072337,82.22981336963507,88.61857279300847,27.35121394947656,29.901525454049196,-2.550311504572634
R_IB,1938,23.1993674356002,24.198844182274975,-0.9994767466747748,60.86032268451446,68.60003162723599,19.381102520869753,22.3336620629782,-2.952559542108444
R_IB,1939,19.089900552364732,19.36853666060746,-0.2786361082427271,53.892116858299545,56.65741269005211,16.08233771760767,17.468611468211368,-1.3862737506037008
R_IB,1940,30.146913928015177,32.68034323921011,-2.5334293111949364,75.74708874774468,83.3955745514418,26.08978849583067,30.349208568153685,-4.259420072323016
R_IB,1941,17.06487535954415,18.699614665990175,-1.6347393064460247,46.332801295315406,56.35764370864878,13.849301260748003,16.866099667022787,-3.016798406274784
R_IB,1942,13.956653417992571,13.486593707557525,0.470059710435046,31.730236951022068,40.24051338446387,10.907532504809634,11.70611627720599,-0.7985837723963558
R_IB,1943,22.512511581631145,24.644255290507612,-2.131743708876473,47.704077022948,56.65741269005211,18.859969263513026,22.46295336004374,-3.602984096530713
R_IB,1944,25.768554600406308,26.657159373802315,-0.8886047733960157,60.45549546776361,61.65981001712883,22.508649766926787,24.54154940459822,-2.0328996376714272
R_IB,1945,24.580680607699243,26.786894482228583,-2.2062138745293334,48.317287671857265,61.79252093442944,20.58855948609789,24.49895578977803,-3.9103963036801415
R_IB,1946,24.110979823264426,24.00240327748786,0.10857654577656974,56.47217499946701,61.65981001712883,20.74135499769034,21.928892599791045,-1.1875376021007036
R_IB,1947,18.292784475358282,19.98144958038988,-1.6886651050316037,49.35190136187319,58.59067129632694,14.883484357159366,18.174993878504015,-3.291509521344649
R_IB,1948,16.892838603943915,18.515347980963032,-1.6225093770191121,42.82504579575314,50.240249868654296,13.646257933563499,16.563584933305478,-2.9173269997419764
R_IB,1949,30.535737487649353,31.721966684178124,-1.186229196528773,93.58244788476753,94.13620254662614,27.073886900883654,29.60866936601379,-2.534782465130135
R_IB,1950,15.52630275220886,17.31857226085188,-1.7922695086430196,39.177328375885864,50.781921708335204,12.181349771409353,15.483830342617711,-3.3024805712083602
R_IB,1951,20.703342494208382,22.12845543368299,-1.4251129394746074,48.524210409860466,56.68337317621853,17.605106217535997,20.17857866512376,-2.573472447587761
R_IB,1952,18.795700377618566,18.29814857612619,0.49755180149237954,49.199006272057375,55.93246852772223,15.38745584258946,16.36658680483532,-0.9791309622458607
R_IB,1953,20.807900133920555,23.00734721010159,-2.199447076181043,51.61752173440481,57.147906355972765,17.199145764700827,20.908468052449937,-3.7093222877491137
R_IB,1954,22.463470620284408,22.78108077997896,-0.31761015969455714,51.4195607253454,60.44390272184179,18.80455473603394,20.74855921375493,-1.9440044777209915
R_IB,1955,19.271833272566436,20.345557867182038,-1.0737245946156,49.346019860790214,58.049634443694146,15.408544883968212,18.38130038378666,-2.9727554998184464
R_IB,1956,17.195766654865448,17.38546637462048,-0.18969971975502958,45.745111697758546,51.65503614473792,13.918988150946335,15.600655103141847,-1.6816669521955112
R_IB,1957,25.64215683457124,26.299617721559684,-0.6574608869884441,67.03552862262904,76.34462325340188,22.607795459357373,24.27117312711233,-1.6633776677549612
R_IB,1958,27.93481173168088,29.02720532660118,-1.092393594920298,95.49366168581297,96.14899044412687,24.85313257738788,27.054153671762634,-2.2010210943747524
R_IB,1959,19.63811081295784,19.747527539558465,-0.10941672660062975,53.892116858299545,56.35764370864878,16.293559192098957,17.832814163836865,-1.5392549717379063
R_IB,1960,31.367003942076607,31.881242581682002,-0.5142386396054042,103.07963696625536,104.20043080942422,28.001807793459747,29.70395797218043,-1.70215017872068
R_IB,1961,24.95978153072588,26.11356015856377,-1.153778627837894,67.7022418856257,77.8702672956845,21.63876103694134,24.04358456863863,-2.404823531697285
R_IB,1962,21.431863655911055,23.33913850574348,-1.9072748498324226,54.521049770553645,60.24010323972574,18.046647750101776,21.335109547959522,-3.288461797857742
R_IB,1963,27.858483111345517,29.676338988290215,-1.817855876944699,67.25776637696124,76.57109415973567,24.33849588288513,27.484528268796225,-3.1460323859110932
R_IB,1964,25.8467561829276,26.36626345164054,-0.5195072687129405,88.80193143805644,89.10452797913982,22.86060390837451,24.353789831498418,-1.4931859231239057
R_IB,1965,23.067220754530013,23.349944943275105,-0.2827241887450964,58.92304261312209,61.65981001712883,19.965285188273196,21.369808663606157,-1.4045234753329627
R_IB,1966,23.70712896724017,27.006530811031418,-3.2994018437912507,59.72828156258068,67.21175987781082,19.98199692743288,24.82070399594017,-4.838707068507286
R_IB,1967,16.80382997081158,16.738872368599683,0.06495760221189645,42.41719635299826,50.28975910873569,13.535374492529318,14.830119377846305,-1.2947448853169858
R_IB,1968,28.53305760265048,29.3965781812197,-0.8635205785692279,69.25790616595111,81.43010339434377,25.17990428884607,27.27751679917138,-2.0976125103253116
R_IB,1969,13.545315197120482,13.960853115549574,-0.41553791842909255,32.579314809123346,42.46525663557445,10.585272842715415,12.159556222421962,-1.5742833797065445
R_IB,1970,21.149865509774884,22.866326953365327,-1.7164614435904422,54.39526318810283,61.054054393413935,17.33972511880504,20.872801260852423,-3.533076142047388
R_IB,1971,27.339005253143185,27.120287320750325,0.21871793239286064,89.27998308272753,89.60769543588842,23.959876774463332,25.128227430008383,-1.1683506555450474
R_IB,1972,23.733300327896607,25.757431441852557,-2.0241311139559506,54.54921218620221,60.74960194501585,19.892281902848634,23.607172640526844,-3.7148907376782088
R_IB,1973,29.76045626492996,31.87183998405842,-2.1113837191284586,81.04883568622641,87.61765028151959,26.064803924620104,29.662375263107517,-3.597571338487415
R_IB,1974,29.082305855262305,29.186390954661153,-0.10408509939884966,93.58244788476753,94.13620254662614,25.57675468046194,27.10750803270404,-1.530753352242103
R_IB,1975,20.70578735721291,22.79965682175107,-2.0938694645381615,54.53513097837793,61.36453793235467,17.45134235831859,20.87371939606387,-3.4223770377452767
R_IB,1976,21.7477495446186,24.303898596587874,-2.556149051969273,50.370084316807905,59.58033046236621,17.944733830077737,22.175013750369537,-4.230279920291799
R_IB,1977,15.662632924423507,14.81885712723265,0.8437757971908586,35.36852605731177,42.99867218878438,12.517745597243676,13.05654187883306,-0.5387962815893869
R_IB,1978,26.27506011255173,27.70258301111767,-1.4275228985659445,60.45549546776361,63.595358501699586,22.61404962099551,25.504373579150155,-2.890323958154649
R_IB,1979,30.95939053189336,31.177118282225262,-0.2177277503319026,93.58244788476753,94.13620254662614,27.59150339336961,28.931112400124192,-1.3396090067545794
R_IB,1980,26.043588717557363,26.7859112359753,-0.7423225184179368,75.16925254289796,82.61303465179905,22.372601755703663,24.739189576227183,-2.366587820523514
R_IB,1981,37.902391370691596,40.37291374677218,-2.4705223760805777,104.53093361226313,105.26729108117812,34.211497919198486,38.111004629873946,-3.899506710675451
R_IB,1982,24.409757571643425,25.912985812229884,-1.5032282405864676,58.92304261312209,61.71289438404907,20.607411092940016,23.776880765899126,-3.1694696729591083
R_IB,1983,22.295757014372487,24.189611061340266,-1.8938540469677787,59.72828156258068,65.59722775191418,18.904482959048078,22.129772122363832,-3.2252891633157543
R_IB,1984,27.856440126520337,29.304648630938697,-1.4482085044183588,81.63932452793074,88.11811153726403,24.166794579779285,27.194255769631074,-3.027461189851788
R_IB,1985,16.605031016632378,16.76088951130255,-0.15585849467017046,42.315233992309544,44.990771938008216,13.693217421992,14.854306991932754,-1.1610895699407568
R_IB,1986,26.11406316132598,26.41950668820705,-0.30544352688106824,73.43574392835761,81.11164627615182,22.687079856732517,24.463922006698205,-1.7768421499656923
R_IB,1987,12.863050684265414,11.094559010291539,1.7684916739738763,29.5618170640631,31.092980273809545,10.224021156424635,9.487419851274314,0.7366013051503202
R_IB,1988,18.68502445343495,19.8054348426861,-1.120410389251151,48.317287671857265,53.585969928681656,15.273704229522169,17.86972350967172,-2.5960192801495507
R_IB,1989,21.235766559251214,21.693048579735457,-0.4572820204842423,56.85498332893691,61.33799574889455,18.171180366203355,19.83696319812552,-1.6657828319221686
R_IB,1990,21.23782840674804,22.68209819649575,-1.4442697897477126,49.332296358263264,56.787215120884184,17.735494948359744,20.626746013448248,-2.8912510650885026
R_IB,1991,25.108941311633274,25.889476219346523,-0.7805349077132478,68.36895514862228,79.395911337967,21.953959707138658,23.92188462678273,-1.9679249196440796
R_IB,1992,22.23465610403238,24.11766941258745,-1.8830133085550715,54.77952772865424,61.29776896536526,18.938652443955466,22.114799491110535,-3.176147047155067
R_IB,1993,26.70609090210084,27.182180173414924,-0.47608927131409023,88.80193143805644,89.10452797913982,23.369291110546804,25.180884469415826,-1.8115933588690192
R_IB,1994,23.46177436331453,25.077437242614568,-1.6156628793000403,60.31005268672703,67.59909700212877,20.12202869709071,23.039820607364707,-2.917791910273999
R_IB,1995,22.90887571597672,23.902556665887033,-0.9936809499103127,51.048872953431065,57.62404199318952,19.469151119077686,21.766315728282958,-2.297164609205268
R_IB,1996,24.049374263954075,24.720977787456608,-0.6716035235025333,70.5465629041238,78.60933231673987,20.70334770835677,22.83000658436392,-2.1266588760071574
R_IB,1997,12.592983952206882,12.973236779205704,-0.3802528269988246,30.737546050407804,35.64164777606208,10.092484684322628,11.267773109784319,-1.1752884254616904
R_IB,1998,17.789966486114103,20.936437032969724,-3.146470546855613,44.191068518914456,55.24016208696357,14.400271701907654,18.895126459875012,-4.494854757967359
R_IB,1999,16.431622278915484,14.984944562849643,1.4466777160658404,36.07058224930505,37.98871389844373,13.725786257760914,13.353620562195232,0.37216569556568135
D_OB,0,9.659802018025589,9.688440102705243,-0.02863808467965503,26.0,25.684565234184266,,,
D_OB,1,7.279547357423739,7.304735705256462,-0.0251883478327231,23.0,23.0,,,
D_OB,2,5.842351334136829,5.865624662554055,-0.02327332841722589,23.0,23.0,,,
D_OB,3,6.9468763243515514,6.981929279502156,-0.03505295515060425,23.0,23.0,,,
D_OB,4,6.1633097441480675,6.187651808130787,-0.024342063982719042,23.0,23.0,,,
D_OB,5,9.842493297587131,9.907545198064707,-0.06505190047757556,26.0,26.0,,,
D_OB,6,9.713110691160141,9.75539553831647,-0.042284847156329616,23.0,23.0,,,
D_OB,7,5.99245508096668,5.995815738843274,-0.003360657876594417,20.0,20.0,,,
D_OB,8,8.166891891891892,8.216103449866578,-0.049211557974686494,23.0,23.0,,,
D_OB,9,9.003276544217846,9.014365470894724,-0.011088926676878795,26.0,26.0,,,
D_OB,10,6.260163001883357,6.299300957201722,-0.03913795531836531,15.0,15.0,,,
D_OB,11,5.529365321882176,5.5409498850962615,-0.011584563214084943,15.0,15.0,,,
D_OB,12,8.592408214063472,8.571873406853525,0.020534807209947797,23.0,23.0,,,
D_OB,13,12.004670394401924,12.073518817185187,-0.06884842278326259,23.0,23.0,,,
D_OB,14,6.963273431991718,6.969143961152199,-0.00587052916048029,26.0,26.0,,,
D_OB,15,7.840866873065015,7.847997106044285,-0.007130232979269588,24.0,24.0,,,
D_OB,16,8.920540605908583,8.997987565730206,-0.07744695982162368,23.0,23.0,,,
D_OB,17,5.3539979447229324,5.385524126679784,-0.031526181956851716,13.0,13.0,,,
D_OB,18,8.111570247933884,8.110133858188687,0.0014363897451965982,23.0,23.0,,,
D_OB,19,6.425724495317518,6.432531248509269,-0.006806753191751303,19.0,19.0,,,
D_OB,20,5.067881779326896,5.101954523835058,-0.03407274450816161,20.0,20.0,,,
D_OB,21,7.159992124723352,7.184251586463273,-0.024259461739921783,23.0,23.0,,,
D_OB,22,6.7366810398631625,6.797117816607157,-0.06043677674399482,20.0,20.0,,,
D_OB,23,7.964171778313733,8.013580442065791,-0.04940866375205833,24.0,24.0,,,
D_OB,24,6.021353058186918,6.05195613141181,-0.0306030732248918,23.0,23.0,,,
D_OB,25,5.405982285666864,5.415190176918284,-0.009207891251420634,19.0,19.0,,,
D_OB,26,6.839853413738476,6.871419788087254,-0.031566374348777716,23.0,23.0,,,
D_OB,27,7.347358387981268,7.364713375294311,-0.017354987313043056,24.0,24.0,,,
D_OB,28,8.74499062104784,8.77057058197027,-0.02557996092242891,20.0,20.0,,,
D_OB,29,10.044747687137527,10.076474746277047,-0.03172705913951972,28.0,26.0,,,
D_OB,30,7.969120350144732,8.010332445695154,-0.041212095550420706,24.0,24.0,,,
D_OB,31,8.317393903167961,8.350228066224933,-0.03283416305697043,24.0,24.0,,,
D_OB,32,7.494187138359876,7.507103148183586,-0.012916009823710535,23.0,23.0,,,
D_OB,33,6.6723033524974324,6.7176585702259475,-0.04535521772851513,19.0,19.0,,,
D_OB,34,7.308053935691002,7.32905027686296,-0.020996341171957568,23.0,23.0,,,
D_OB,35,7.680976462601082,7.7423451865088655,-0.061368723907782835,23.0,23.0,,,
D_OB,36,7.003350098199959,7.034817103051293,-0.03146700485133415,23.0,23.0,,,
D_OB,37,7.687744444253248,7.681372747235342,0.006371697017905909,23.0,23.0,,,
D_OB,38,8.519224871882466,8.588347056586002,-0.06912218470353712,24.0,24.0,,,
D_OB,39,7.274576271186441,7.2601040229959,0.014472248190540379,23.0,23.0,,,
D_OB,40,9.67343610210605,9.724477844673181,-0.05104174256713072,26.0,25.67977347373963,,,
D_OB,41,8.990155695813947,8.97962261467004,0.010533081143906083,19.0,19.0,,,
D_OB,42,5.962725837012861,5.989125434473629,-0.026399597460768694,13.0,13.0,,,
D_OB,43,5.557035816433542,5.573247949802439,-0.016212133368896563,15.0,15.0,,,
D_OB,44,7.952976936173884,7.990099980200423,-0.037123044026539175,23.0,23.0,,,
D_OB,45,6.31941309255079,6.342550502808315,-0.023137410257524617,23.0,23.0,,,
D_OB,46,12.039251196022235,12.035514807764102,0.003736388258134043,43.0,43.0,,,
D_OB,47,7.036048515363671,7.047283242762774,-0.011234727399102572,23.0,23.0,,,
D_OB,48,6.974372444683285,6.99413102537251,-0.0197585806892249,23.0,23.0,,,
D_OB,49,9.068533969010726,9.071600952506492,-0.0030669834957645675,23.0,23.0,,,
D_OB,50,7.064170855927683,7.055989905961845,0.008180949965837854,23.0,23.0,,,
D_OB,51,7.367897707882761,7.453335332226937,-0.08543762434417607,24.0,24.0,,,
D_OB,52,6.523700395517686,6.5850925366249005,-0.061392141107214214,23.0,23.0,,,
D_OB,53,6.334998611532591,6.3725570134788105,-0.037558401946219795,19.0,19.0,,,
D_OB,54,6.5652905989832435,6.614841713596123,-0.04955111461287879,15.0,15.0,,,
D_OB,55,5.472941261446279,5.479347591068485,-0.006406329622204672,19.0,19.0,,,
D_OB,56,11.618925324097503,11.647565291920289,-0.028639967822786515,26.0,26.0,,,
D_OB,57,7.9879645290055725,8.031232440913165,-0.043267911907592556,20.0,20.0,,,
D_OB,58,6.400208494044208,6.404343583436735,-0.00413508939252721,20.0,20.0,,,
D_OB,59,6.824447932989312,6.832761951676385,-0.008314018687073732,23.0,23.0,,,
D_OB,60,9.383082465325966,9.424518623886982,-0.04143615856101631,25.199999999999818,24.495306873321457,,,
D_OB,61,7.939019572801019,7.9810719107640224,-0.042052337963003054,23.0,23.0,,,
D_OB,62,7.151184844757012,7.202344688502225,-0.05115984374521331,19.0,19.0,,,
D_OB,63,6.76773948952453,6.807096202599667,-0.03935671307513748,23.0,23.0,,,
D_OB,64,8.049567242141938,8.102953999045083,-0.0533867569031453,23.0,23.0,,,
D_OB,65,6.778422627202172,6.7943000116205345,-0.015877384418362818,23.0,23.0,,,
D_OB,66,7.837023115869778,7.853228390023431,-0.016205274153653096,24.0,24.0,,,
D_OB,67,7.561421385756484,7.592209562678441,-0.0307881769219574,24.0,24.0,,,
D_OB,68,8.910296904611497,8.946491796610404,-0.03619489199890792,23.0,23.0,,,
D_OB,69,7.592322964923891,7.590821013396974,0.001501951526917029,23.0,23.0,,,
D_OB,70,7.428412259901793,7.4558848629137575,-0.027472603011964542,23.0,23.0,,,
D_OB,71,6.259448416751788,6.266439767366045,-0.006991350614257439,23.0,23.0,,,
D_OB,72,10.164261783522882,10.253754496900555,-0.0894927133776747,28.0,28.0,,,
D_OB,73,8.207466335344904,8.247699838387282,-0.04023350304237769,26.0,26.0,,,
D_OB,74,7.24772468834013,7.294212931125078,-0.04648824278494924,24.0,24.0,,,
D_OB,75,5.449728656914266,5.467416627744958,-0.017687970830692644,15.0,15.0,,,
D_OB,76,4.728137410891596,4.740111920476375,-0.011974509584779108,15.0,15.0,,,
D_OB,77,7.524393218152085,7.556163668704799,-0.03177045055271424,15.0,15.0,,,
D_OB,78,8.03607365230177,8.05056784363006,-0.014494191328290083,28.0,26.0,,,
D_OB,79,7.928283643350675,7.960794181257361,-0.03251053790668563,28.0,28.0,,,
D_OB,80,8.617504050573164,8.64209046829202,-0.024586417718857653,26.0,26.0,,,
D_OB,81,7.577509325272931,7.605200117297947,-0.027690792025016446,24.0,24.0,,,
D_OB,82,4.999575610583782,5.0146538061186,-0.015078195534818517,20.0,20.0,,,
D_OB,83,13.433642721145343,13.443963713886202,-0.010320992740857817,24.0,24.0,,,
D_OB,84,8.083072245856862,8.08130989589809,0.0017623499587730124,23.0,23.0,,,
D_OB,85,8.013912075681692,8.049150710113857,-0.03523863443216484,23.0,23.0,,,
D_OB,86,8.30501885430398,8.357074578386118,-0.05205572408213957,28.0,25.701746606826784,,,
D_OB,87,8.859901790440542,8.853135529130991,0.006766261309549229,24.0,24.0,,,
D_OB,88,5.963226387916355,5.992241088768028,-0.029014700851673743,14.0,14.0,,,
D_OB,89,8.276075409419501,8.280497959620917,-0.004422550201416016,26.0,26.0,,,
D_OB,90,9.894341801385682,9.91022659366731,-0.015884792281628757,28.0,28.0,,,
D_OB,91,6.897642589253521,6.919534163463434,-0.02189157420991401,20.0,20.0,,,
D_OB,92,11.087403323002382,11.062897692886224,0.02450563011615887,26.0,26.0,,,
D_OB,93,9.242070395049826,9.282118959955154,-0.04004856490532789,28.0,26.0,,,
D_OB,94,6.682858395119642,6.7344935129245656,-0.051635117804923865,23.0,23.0,,,
D_OB,95,9.683510638297872,9.704467192450737,-0.02095655415286409,24.0,24.0,,,
D_OB,96,7.797327987262181,7.856943190165929,-0.05961520290374756,26.0,25.699408197402956,,,
D_OB,97,10.063553078038744,10.062338388720171,0.001214689318571674,26.0,26.0,,,
D_OB,98,6.81214440985165,6.863856674165721,-0.051712264314070305,23.0,23.0,,,
D_OB,99,4.903559127439724,4.914454752350511,-0.010895624910786012,14.0,14.0,,,
D_OB,100,4.89231662600907,4.915608524147473,-0.023291898138403284,11.0,11.0,,,
D_OB,101,6.521562550769815,6.554824165764226,-0.03326161499441105,15.0,15.0,,,
D_OB,102,7.866984083613412,7.8881676123572175,-0.021183528743806433,20.0,20.0,,,
D_OB,103,6.1123194423074745,6.146936411498695,-0.03461696919122125,20.0,20.0,,,
D_OB,104,8.881075997532296,8.908003012232312,-0.026927014700015493,26.0,26.0,,,
D_OB,105,8.313171985898357,8.354112347464389,-0.040940361566030335,26.0,26.0,,,
D_OB,106,9.430946587047236,9.453080459648787,-0.02213387260154964,26.0,26.0,,,
D_OB,107,6.825856789908052,6.837268941008151,-0.011412151100099549,20.0,20.0,,,
D_OB,108,8.669847789367685,8.65611072646909,0.01373706289859655,23.0,23.0,,,
D_OB,109,7.814870473712735,7.866519066283651,-0.05164859257091583,23.0,23.0,,,
D_OB,110,5.811092794494673,5.887597403780767,-0.07650460928609365,23.0,23.0,,,
D_OB,111,8.417466768822552,8.447118425167533,-0.029651656344982128,26.0,26.0,,,
D_OB,112,5.474934292547455,5.478501224163894,-0.0035669316164395103,13.0,13.0,,,
D_OB,113,8.514040832750762,8.484293595210284,0.029747237540478786,23.0,23.0,,,
D_OB,114,5.968637257530576,5.978650057252753,-0.01001279972217701,23.0,23.0,,,
D_OB,115,9.405490464605634,9.38412887271728,0.02136159188835326,23.0,23.0,,,
D_OB,116,8.00431666280709,7.984681817864169,0.019634844942921018,23.600000000000136,23.600000000000136,,,
D_OB,117,7.644988611077188,7.642194886820699,0.00279372425648877,20.0,20.0,,,
D_OB,118,8.606433696544634,8.627760588771745,-0.02132689222710995,26.0,26.0,,,
D_OB,119,6.4772730449733045,6.539168426824599,-0.061895381851294604,20.0,20.0,,,
D_OB,120,6.183999230193861,6.194156847069355,-0.010157616875493302,20.0,20.0,,,
D_OB,121,6.170704752586795,6.207875142187224,-0.037170389600428365,19.0,19.0,,,
D_OB,122,8.566143970792078,8.613496131398282,-0.04735216060620497,23.0,23.0,,,
D_OB,123,6.596200601402679,6.648139614570251,-0.05193901316757165,23.0,23.0,,,
D_OB,124,10.241829612023746,10.287968723279125,-0.046139111255378416,33.600000000000364,33.600000000000364,,,
D_OB,125,6.362689679281579,6.389447373924432,-0.026757694642852853,24.0,24.0,,,
D_OB,126,6.030703155002144,6.079416296146264,-0.04871314114411976,23.0,23.0,,,
D_OB,127,8.308704624557077,8.277636078190922,0.031068546366156552,26.0,26.0,,,
D_OB,128,7.175126903553299,7.2039501604997564,-0.02882325694645722,23.0,23.0,,,
D_OB,129,7.130489335006273,7.136347401246821,-0.005858066240547592,15.0,15.0,,,
D_OB,130,9.576232369217896,9.633101820337185,-0.05686945111928714,26.0,26.0,,,
D_OB,131,8.275262267270348,8.24698173002219,0.02828053724815656,23.0,23.0,,,
D_OB,132,7.5244380779544615,7.56527833644528,-0.04084025849081793,23.0,23.0,,,
D_OB,133,8.891693630550481,8.882313959637344,0.009379670913137536,23.0,23.0,,,
D_OB,134,7.768499660556687,7.787000424669295,-0.018500764112608495,24.0,24.0,,,
D_OB,135,8.305082154821914,8.378365835724821,-0.07328368090290706,26.0,26.0,,,
D_OB,136,4.854836974697613,4.904812168390414,-0.04997519369280145,12.800000000000182,12.800000000000182,,,
D_OB,137,6.823922362702801,6.892465201415665,-0.06854283871286426,23.0,23.0,,,
D_OB,138,5.310472080201814,5.336635189923373,-0.026163109721559465,15.0,15.0,,,
D_OB,139,7.163793103448276,7.185307980542896,-0.021514877094619574,26.0,26.0,,,
D_OB,140,8.367088003871368,8.39831031880428,-0.031222314932911666,23.0,23.0,,,
D_OB,141,8.392854722460026,8.38240820003526,0.010446522424767308,24.0,24.0,,,
D_OB,142,9.131757180544266,9.178090594526605,-0.0463334139823395,23.0,23.0,,,
D_OB,143,8.535893161550607,8.565720874484223,-0.029827712933615882,26.0,26.0,,,
D_OB,144,7.802145513524851,7.818702013247198,-0.016556499722346265,23.0,23.0,,,
D_OB,145,9.046457693923092,9.058254685643815,-0.011796991720723144,28.0,25.708197355270386,,,
D_OB,146,8.54315595675364,8.576756711163897,-0.03360075441025596,23.0,23.0,,,
D_OB,147,8.228143225551731,8.258111441315481,-0.029968215763748952,23.0,23.0,,,
D_OB,148,6.966935114948,6.957238128409967,0.009696986538032276,24.0,24.0,,,
D_OB,149,8.938888888888888,8.9490387459596,-0.010149857070710923,23.0,23.0,,,
D_OB,150,6.298653712040374,6.352315329275705,-0.05366161723533128,15.0,15.0,,,
D_OB,151,7.427719923907412,7.4592265811509,-0.03150665724348879,23.0,23.0,,,
D_OB,152,6.104120267260579,6.106297605287259,-0.0021773380266797036,23.0,23.0,,,
D_OB,153,8.634684383666665,8.646635755137165,-0.011951371470502117,23.0,23.0,,,
D_OB,154,8.299965774893362,8.346580160740626,-0.04661438584726391,24.0,24.0,,,
D_OB,155,6.287888268983797,6.250339437396613,0.03754883158718399,15.0,15.0,,,
D_OB,156,3.9319018404907977,3.93770037121568,-0.005798530724882348,13.0,13.0,,,
D_OB,157,8.275336522240423,8.303197498625387,-0.02786097638496412,24.0,24.0,,,
D_OB,158,6.843034026289077,6.864907658651254,-0.02187363236217728,23.0,23.0,,,
D_OB,159,7.186203033689325,7.203500185720917,-0.017297152031591656,23.0,23.0,,,
D_OB,160,8.124425385086411,8.14181052793668,-0.017385142850269337,28.0,28.0,,,
D_OB,161,9.369671133660477,9.3866785605952,-0.01700742693472458,36.0,36.0,,,
D_OB,162,8.879735150611868,8.919270723912062,-0.03953557330019334,23.0,23.0,,,
D_OB,163,10.667223640715095,10.73670170588582,-0.06947806517072318,24.0,24.0,,,
D_OB,164,7.965865992414665,7.923012559694225,0.04285343272043993,23.0,23.0,,,
D_OB,165,7.588410007536828,7.64201197557516,-0.05360196803833221,23.0,23.0,,,
D_OB,166,7.214217225399763,7.264473410824824,-0.05025618542506042,23.0,23.0,,,
D_OB,167,7.18924965690164,7.256291573468377,-0.06704191656673655,23.0,23.0,,,
D_OB,168,5.039509536784741,5.068145128134486,-0.028635591349744666,13.0,13.0,,,
D_OB,169,8.054294973541708,8.051090748590582,0.003204224951126996,26.0,26.0,,,
D_OB,170,9.632772915747422,9.645591857333484,-0.012818941586063295,28.0,28.0,,,
D_OB,171,7.313020565258428,7.3275281380032835,-0.014507572744854976,23.0,23.0,,,
D_OB,172,8.108857914435365,8.15964016634215,-0.05078225190678486,23.0,23.0,,,
D_OB,173,11.266551335177732,11.26393866570664,0.0026126694710922748,26.0,26.0,,,
D_OB,174,8.051753294527087,8.083429780846494,-0.031676486319407046,20.0,20.0,,,
D_OB,175,6.2182519224138275,6.276371601818617,-0.058119679404790014,23.0,23.0,,,
D_OB,176,6.699366944928803,6.714713382412813,-0.015346437484009906,23.0,23.0,,,
D_OB,177,5.386767086419621,5.3728029414482625,0.013964144971358214,23.0,23.0,,,
D_OB,178,8.108657757117955,8.138765094586406,-0.03010733746845039,26.0,25.703617334365845,,,
D_OB,179,7.408201390923056,7.409555918002088,-0.001354527079032206,23.0,23.0,,,
D_OB,180,7.203628747793777,7.254681884433667,-0.05105313663989042,23.0,23.0,,,
D_OB,181,7.284707513652589,7.287053861366339,-0.002346347713750129,23.0,23.0,,,
D_OB,182,4.359038457808811,4.371174726957157,-0.012136269148344996,13.0,13.0,,,
D_OB,183,7.302317056347404,7.273369112427821,0.02894794391958337,23.0,23.0,,,
D_OB,184,4.858999693487573,4.880441568699677,-0.021441875212104035,19.0,19.0,,,
D_OB,185,4.949449761579653,5.020350166571651,-0.0709004049919986,17.0,17.0,,,
D_OB,186,9.064506134185743,9.11962895369722,-0.05512281951147506,23.0,23.0,,,
D_OB,187,7.812609919437446,7.84277855472969,-0.030168635292243482,23.0,23.0,,,
D_OB,188,7.094639373224411,7.092176130025902,0.002463243198508715,23.0,23.0,,,
D_OB,189,7.259115231154395,7.272387579933541,-0.013272348779146789,23.0,23.0,,,
D_OB,190,7.722048386549338,7.754884582939217,-0.03283619638987787,23.0,23.0,,,
D_OB,191,3.576853526220615,3.5969474547019993,-0.020093928481384242,11.0,11.0,,,
D_OB,192,8.610617890435416,8.628705018496015,-0.018087128060599766,24.0,24.0,,,
D_OB,193,7.470497368562101,7.408829274402323,0.06166809415977812,23.0,23.0,,,
D_OB,194,6.394140643818898,6.428042088408147,-0.03390144458924881,15.0,15.0,,,
D_OB,195,6.941686164381619,6.990238391735141,-0.04855222735352202,26.0,25.651022911071777,,,
D_OB,196,9.79866780203338,9.864289993327986,-0.06562219129460732,36.0,36.0,,,
D_OB,197,8.622106230147532,8.684711838808386,-0.06260560866085539,23.0,23.0,,,
D_OB,198,6.152830070060688,6.163466973750146,-0.01063690368945782,19.0,19.0,,,
D_OB,199,6.521059426574819,6.547655037054236,-0.026595610479416505,23.0,23.0,,,
D_OB,200,5.58867049324741,5.632242974998448,-0.04357248175103877,15.0,15.0,,,
D_OB,201,7.860234904690624,7.938577589202008,-0.07834268451138378,23.0,23.0,,,
D_OB,202,7.905851187546143,7.943761219185112,-0.037910031638968826,24.0,24.0,,,
D_OB,203,8.12243560623871,8.1562485870974,-0.033812980858689876,23.0,23.0,,,
D_OB,204,6.537469782994497,6.543600363828233,-0.006130580833735859,13.0,13.0,,,
D_OB,205,5.337629503802341,5.321783530935961,0.015845972866379513,23.0,23.0,,,
D_OB,206,9.460375297969003,9.496052074761751,-0.03567677679274718,23.0,23.0,,,
D_OB,207,9.832886456136436,9.903305498894472,-0.07041904275803561,26.0,26.0,,,
D_OB,208,6.939271255060729,6.9910187209666015,-0.05174746590587292,24.0,24.0,,,
D_OB,209,6.336341361217131,6.4028492784411215,-0.06650791722399023,19.0,19.0,,,
D_OB,210,7.664373835281314,7.706415584005576,-0.04204174872426247,26.0,26.0,,,
D_OB,211,8.222148978246539,8.241950077058142,-0.01980109881160286,26.0,26.0,,,
D_OB,212,6.794704163162579,6.783026557690992,0.011677605471587534,20.0,20.0,,,
D_OB,213,5.864735077175926,5.915433299144936,-0.05069822196900969,23.0,23.0,,,
D_OB,214,6.109830097087379,6.130399403930868,-0.020569306843489118,15.0,15.0,,,
D_OB,215,9.14426224193221,9.170924347852203,-0.02666210591999305,24.0,24.0,,,
D_OB,216,8.154153339597254,8.156871599222313,-0.0027182596250580346,24.0,24.0,,,
D_OB,217,6.73304511931751,6.753364571484839,-0.020319452167329725,23.0,23.0,,,
D_OB,218,5.0433972176062465,5.06895579258734,-0.025558574981093075,13.0,13.0,,,
D_OB,219,6.714757764095894,6.735439864526724,-0.02068210043083035,23.0,23.0,,,
D_OB,220,8.630162152156016,8.619449701333517,0.010712450822498328,24.0,24.0,,,
D_OB,221,5.727872693581702,5.766321785900423,-0.038449092318721914,13.0,13.0,,,
D_OB,222,7.226774565000178,7.194561604751273,0.032212960248904805,24.0,24.0,,,
D_OB,223,8.31602358674043,8.355926723608235,-0.03990313686780481,23.0,23.0,,,
D_OB,224,8.38610289038754,8.385622222002114,0.0004806683854264516,26.0,26.0,,,
D_OB,225,8.606234868265362,8.658902953093953,-0.05266808482859006,23.0,23.0,,,
D_OB,226,6.006342056021755,6.033194885530252,-0.02685282950849663,24.0,24.0,,,
D_OB,227,8.465713466717817,8.523599840073942,-0.05788637335612395,23.0,23.0,,,
D_OB,228,8.58021712907117,8.573476269104225,0.006740859966945303,26.0,26.0,,,
D_OB,229,8.779505394425065,8.82402259380765,-0.04451719938258307,23.0,23.0,,,
D_OB,230,10.158377248320363,10.203581083735688,-0.04520383541532558,24.0,24.0,,,
D_OB,231,6.750859497535613,6.770816744655691,-0.019957247120077893,20.0,20.0,,,
D_OB,232,6.35522329456666,6.342133985284497,0.01308930928216261,23.0,23.0,,,
D_OB,233,8.38977280440815,8.388680662445843,0.0010921419623063848,26.0,25.69894051551819,,,
D_OB,234,6.4178821309834255,6.458043541684247,-0.04016141070082151,20.0,20.0,,,
D_OB,235,6.493525377357246,6.527764825106103,-0.034239447748857184,20.0,20.0,,,
D_OB,236,5.929842618111067,5.967431603619087,-0.03758898550801952,20.0,20.0,,,
D_OB,237,5.15933943407526,5.168220439684316,-0.008881005609055916,20.0,20.0,,,
D_OB,238,6.913555672098735,6.928009384045564,-0.014453711946829127,23.0,23.0,,,
D_OB,239,7.532252678084359,7.541251883111977,-0.008999205027617781,23.0,23.0,,,
D_OB,240,6.470341541237634,6.481578915600795,-0.011237374363160942,23.0,23.0,,,
D_OB,241,7.089192937425788,7.089525536966083,-0.00033259954029492354,23.0,23.0,,,
D_OB,242,6.652015704861069,6.668152118128916,-0.016136413267846362,23.0,23.0,,,
D_OB,243,7.412741948981091,7.422384829273051,-0.009642880291960358,23.0,23.0,,,
D_OB,244,9.131873998932194,9.133801041983437,-0.001927043051243592,23.0,23.0,,,
D_OB,245,7.732318261619842,7.707076246490573,0.02524201512926876,23.0,23.0,,,
D_OB,246,8.460766650394563,8.49511146818826,-0.03434481779369739,28.0,28.0,,,
D_OB,247,3.145973296026678,3.1047565345952517,0.041216761431426364,8.0,8.0,,,
D_OB,248,8.652786716078497,8.675930208613158,-0.023143492534661747,26.0,26.0,,,
D_OB,249,7.178030948965203,7.215913962344734,-0.03788301337953089,13.0,13.0,,,
D_OB,250,6.4190782457236155,6.504223656767621,-0.08514541104400526,20.0,20.0,,,
D_OB,251,6.906091370558376,6.925632847898503,-0.019541477340127004,23.0,23.0,,,
D_OB,252,7.935638873143629,7.930750733343038,0.004888139800591902,23.0,23.0,,,
D_OB,253,8.210143312145172,8.21708521560429,-0.006941903459117663,24.0,24.0,,,
D_OB,254,6.87420703675831,6.92235133699454,-0.04814430023623001,20.0,20.0,,,
D_OB,255,7.851816277821858,7.880909324169159,-0.02909304634730021,23.0,23.0,,,
D_OB,256,7.403020800386695,7.419783332794512,-0.01676253240781598,23.0,23.0,,,
D_OB,257,10.101412135705793,10.074655974357738,0.026756161348056102,26.0,26.0,,,
D_OB,258,6.085763463368061,6.117986642562591,-0.03222317919453042,20.0,20.0,,,
D_OB,259,4.410844616000018,4.4995638629677615,-0.0887192469677438,13.0,13.0,,,
D_OB,260,9.770332187857962,9.76536557150051,0.004966616357451588,23.0,23.0,,,
D_OB,261,9.562611275964391,9.540139390877517,0.02247188508687458,23.0,23.0,,,
D_OB,262,7.9702287631794215,7.9841928456929585,-0.013964082513536726,24.0,24.0,,,
D_OB,263,5.372413447662772,5.38031077121059,-0.007897323547818549,23.0,23.0,,,
D_OB,264,8.952974194364826,8.995564636787584,-0.042590442422759785,23.0,23.0,,,
D_OB,265,8.835033646411583,8.858126305908453,-0.023092659496870196,26.0,26.0,,,
D_OB,266,5.6942633342302935,5.752332644891574,-0.05806931066128072,23.0,23.0,,,
D_OB,267,9.368840180211148,9.40979723433894,-0.04095705412779247,23.0,23.0,,,
D_OB,268,6.282135794330916,6.299301502024098,-0.017165707693181702,24.0,24.0,,,
D_OB,269,8.290345313601128,8.307784620013516,-0.017439306412388354,23.0,23.0,,,
D_OB,270,7.981237171023748,7.981252373965591,-1.5202941843904877e-05,23.0,23.0,,,
D_OB,271,6.970859419586312,7.00240567810515,-0.03154625851883847,23.0,23.0,,,
D_OB,272,9.892269823111986,9.923280383411207,-0.03101056029922084,26.0,26.0,,,
D_OB,273,7.687943730196795,7.726226513521807,-0.038282783325012025,23.0,23.0,,,
D_OB,274,7.080996884735202,7.114746986371334,-0.03375010163613198,23.0,23.0,,,
D_OB,275,8.110916686772924,8.148065540804353,-0.03714885403142986,23.0,23.0,,,
D_OB,276,5.348991358210543,5.399555804814295,-0.05056444660375173,20.0,20.0,,,
D_OB,277,8.286971980480415,8.263437595126492,0.023534385353922143,23.0,23.0,,,
D_OB,278,6.105019438187633,6.1435890917756915,-0.038569653588058674,23.0,23.0,,,
D_OB,279,10.588901830294047,10.589270557840186,-0.00036872754614037203,28.0,26.0,,,
D_OB,280,6.911893966988847,6.949482933516652,-0.03758896652780491,14.0,14.0,,,
D_OB,281,9.76521227237321,9.773325147369476,-0.008112874996265977,26.0,26.0,,,
D_OB,282,6.29673816988377,6.33524167791018,-0.03850350802641025,20.0,20.0,,,
D_OB,283,4.688526508173433,4.7271639747042355,-0.038637466530802814,15.0,15.0,,,
D_OB,284,7.596157560310516,7.603804703931206,-0.0076471436206902305,20.0,20.0,,,
D_OB,285,10.312697597391741,10.339530475393556,-0.026832878001813117,24.0,24.0,,,
D_OB,286,9.423439764286544,9.492694112035622,-0.06925434774907839,23.0,23.0,,,
D_OB,287,9.811294137675144,9.857763382535296,-0.046469244860150485,24.0,24.0,,,
D_OB,288,6.841761827079935,6.8447280802630805,-0.002966253183146026,20.0,20.0,,,
D_OB,289,8.50461440454173,8.494048039118448,0.010566365423281331,26.0,26.0,,,
D_OB,290,7.689182259097244,7.714162601991133,-0.024980342893889455,23.0,23.0,,,
D_OB,291,8.233013461177114,8.31819004281222,-0.08517658163510651,23.0,23.0,,,
D_OB,292,7.396935219189487,7.416391562063913,-0.019456342874425134,24.0,24.0,,,
D_OB,293,6.288775293145457,6.357477769167256,-0.06870247602179946,20.0,20.0,,,
D_OB,294,6.815566787179911,6.832404370441513,-0.016837583261602194,23.0,23.0,,,
D_OB,295,6.589754741493313,6.6484129306913795,-0.05865818919806645,23.0,23.0,,,
D_OB,296,6.829812224529967,6.898763650580298,-0.06895142605033101,23.0,23.0,,,
D_OB,297,7.248584371460929,7.268065906462016,-0.019481535001087298,23.0,23.0,,,
D_OB,298,8.470290945748152,8.489504505789109,-0.019213560040957613,23.0,23.0,,,
D_OB,299,7.255735719800338,7.261372812319378,-0.005637092519039529,23.0,23.0,,,
D_OB,300,10.035652788520329,10.039548773923705,-0.0038959854033771965,23.0,23.0,,,
D_OB,301,6.416461929650642,6.427478829793429,-0.011016900142787906,23.0,23.0,,,
D_OB,302,5.2274726802363904,5.277245865793415,-0.04977318555702495,13.0,13.0,,,
D_OB,303,10.273891350973395,10.285280037630653,-0.011388686657258158,28.0,28.0,,,
D_OB,304,5.930306900516938,5.948896133995885,-0.01858923347894632,19.0,19.0,,,
D_OB,305,6.564791743991939,6.582131443284546,-0.017339699292607588,19.0,19.0,,,
D_OB,306,5.927592253724668,5.9290664329571126,-0.001474179232444488,13.0,13.0,,,
D_OB,307,8.456910460597866,8.510290576599456,-0.05338011600159027,23.0,23.0,,,
D_OB,308,8.204395563926377,8.215082231676355,-0.010686667749978463,26.0,26.0,,,
D_OB,309,5.588777644692645,5.599660696313023,-0.010883051620377773,19.0,19.0,,,
D_OB,310,8.042615723732549,8.019712824054189,0.02290289967836132,26.0,25.708197355270386,,,
D_OB,311,6.605226911351532,6.612465198557188,-0.007238287205656233,15.0,15.0,,,
D_OB,312,5.6751301104571965,5.685287419277402,-0.0101573088202059,23.0,23.0,,,
D_OB,313,7.9025955137121615,7.933649463943704,-0.031053950231542032,23.0,23.0,,,
D_OB,314,6.006137826711016,6.0878440274302,-0.08170620071918458,24.0,24.0,,,
D_OB,315,6.683942489326,6.71798801380727,-0.034045524481270045,23.0,23.0,,,
D_OB,316,6.530728504338805,6.5381267176606945,-0.007398213321889455,19.0,19.0,,,
D_OB,317,7.650647506137609,7.656919367601514,-0.006271861463903906,20.0,20.0,,,
D_OB,318,5.567123603767612,5.54845193106571,0.018671672701902117,19.0,19.0,,,
D_OB,319,7.501779235228543,7.485010192151318,0.016769043077224804,23.0,23.0,,,
D_OB,320,7.66713268387141,7.682600157698585,-0.015467473827175024,23.0,23.0,,,
D_OB,321,7.947611382927661,7.99543610610415,-0.047824723176489024,23.0,23.0,,,
D_OB,322,11.503085768248932,11.514872015611022,-0.011786247362090864,28.0,28.0,,,
D_OB,323,7.307712733290578,7.343090012176649,-0.0353772788860719,26.0,26.0,,,
D_OB,324,8.191708456909124,8.20897556027112,-0.017267103361997157,24.0,24.0,,,
D_OB,325,8.020470400628795,8.083412990429663,-0.06294258980086814,23.0,23.0,,,
D_OB,326,6.0395657996910845,6.069825409602568,-0.030259609911483146,23.0,23.0,,,
D_OB,327,6.328040765135707,6.348247942388573,-0.020207177252865662,23.0,23.0,,,
D_OB,328,8.608328643781654,8.600268181080086,0.008060462701568861,26.0,26.0,,,
D_OB,329,7.571830747646993,7.598905631683392,-0.0270748840363998,23.0,23.0,,,
D_OB,330,9.307162537258883,9.332442976172414,-0.02528043891353186,25.200000000000273,24.99061374664329,,,
D_OB,331,5.224233263659843,5.2389542664771325,-0.014721002817289473,14.0,14.0,,,
D_OB,332,9.384004916109252,9.41413718066693,-0.03013226455767846,26.0,25.79887657165526,,,
D_OB,333,5.667959686325082,5.716113087444171,-0.04815340111908924,23.0,23.0,,,
D_OB,334,7.318624935864546,7.318013714178211,0.0006112216863343507,23.0,23.0,,,
D_OB,335,6.588445767913897,6.560206530566615,0.02823923734728277,23.0,23.0,,,
D_OB,336,7.5254309469423735,7.525256614701511,0.00017433224086311783,26.0,26.0,,,
D_OB,337,8.778554778554778,8.784545848836432,-0.005991070281653415,26.0,26.0,,,
D_OB,338,8.25407513388851,8.266142619732495,-0.012067485843985546,26.0,26.0,,,
D_OB,339,7.45962588990753,7.482186113320403,-0.022560223412873157,23.0,23.0,,,
D_OB,340,8.314466182804043,8.367293416608595,-0.05282723380455208,23.0,23.0,,,
D_OB,341,6.373521206203201,6.391179013930292,-0.017657807727089747,23.0,23.0,,,
D_OB,342,8.42119882377998,8.412808015863732,0.008390807916247656,26.0,25.703617334365845,,,
D_OB,343,6.675249455734404,6.671839229827182,0.003410225907222932,24.0,24.0,,,
D_OB,344,4.3229477360162045,4.332491526498743,-0.009543790482538644,15.0,15.0,,,
D_OB,345,9.417236806205361,9.38218925656753,0.03504754963783096,24.0,24.0,,,
D_OB,346,8.816626741298162,8.840859131928118,-0.024232390629957534,23.0,23.0,,,
D_OB,347,6.255944575072094,6.267434476362512,-0.01148990129041702,19.0,19.0,,,
D_OB,348,8.428069049137532,8.465210145905306,-0.03714109676777437,23.0,23.0,,,
D_OB,349,10.17001629549158,10.175998550857427,-0.005982255365847246,23.0,23.0,,,
D_OB,350,9.736121985620546,9.756262355434322,-0.02014036981377592,23.0,23.0,,,
D_OB,351,8.150791006757501,8.157453978828519,-0.006662972071017438,24.0,24.0,,,
D_OB,352,9.450541266694048,9.449252870364127,0.0012883963299209944,28.0,28.0,,,
D_OB,353,7.553368616316323,7.61665165053002,-0.06328303421369724,15.0,15.0,,,
D_OB,354,7.4175315372599,7.480998486242954,-0.0634669489830545,15.0,15.0,,,
D_OB,355,9.44140917786928,9.45863043123069,-0.01722125336140982,23.0,23.0,,,
D_OB,356,9.55908776779544,9.579122946191509,-0.020035178396070753,26.0,26.0,,,
D_OB,357,6.5688606383782755,6.599469313846333,-0.030608675468056727,14.0,14.0,,,
D_OB,358,7.960540655091053,7.96715112977285,-0.006610474681796485,23.0,23.0,,,
D_OB,359,9.527483881704065,9.55289622633519,-0.025412344631123872,26.0,26.0,,,
D_OB,360,7.4856379024707635,7.5355079720696185,-0.04987006959885452,20.0,20.0,,,
D_OB,361,11.422350380102474,11.457555287800565,-0.03520490769809081,36.0,36.0,,,
D_OB,362,8.17570100992477,8.1949744024186,-0.019273392493830675,24.0,24.0,,,
D_OB,363,7.627807596901757,7.640513897186545,-0.012706300284787975,23.0,23.0,,,
D_OB,364,6.446796434286524,6.483173809119714,-0.03637737483318997,20.0,20.0,,,
D_OB,365,7.804472433647116,7.803697138801174,0.0007752948459420531,28.0,25.703617334365845,,,
D_OB,366,8.83159962118882,8.818564654489553,0.013034966699266714,24.0,24.0,,,
D_OB,367,9.168022058316199,9.194395503391226,-0.026373445075027233,28.0,28.0,,,
D_OB,368,6.2236358277312895,6.228101615188514,-0.0044657874572243865,23.0,23.0,,,
D_OB,369,7.629523930467013,7.653714673122153,-0.02419074265514003,23.0,23.0,,,
D_OB,370,8.881254581425116,8.892360741733643,-0.011106160308527305,26.0,26.0,,,
D_OB,371,5.71886219441441,5.787000550686863,-0.06813835627245336,20.0,20.0,,,
D_OB,372,7.281849682996863,7.308686555938676,-0.02683687294181272,23.0,23.0,,,
D_OB,373,9.862698024492653,9.891084579539523,-0.02838655504687079,28.0,28.0,,,
D_OB,374,7.335600232811614,7.335525521885749,7.471092586410779e-05,24.0,24.0,,,
D_OB,375,8.753093060785368,8.788416757193735,-0.035323696408366696,23.0,23.0,,,
D_OB,376,7.643912405693413,7.6828567017517,-0.03894429605828684,26.0,25.703617334365845,,,
D_OB,377,7.244734520295019,7.259432158190688,-0.014697637895670275,23.0,23.0,,,
D_OB,378,6.837897829869214,6.862150949730593,-0.02425311986137839,13.0,13.0,,,
D_OB,379,8.01953787001494,8.091099515418026,-0.07156164540308659,23.0,23.0,,,
D_OB,380,5.2693497999266246,5.310376003579802,-0.04102620365317732,23.0,23.0,,,
D_OB,381,6.42293952227177,6.414916624199456,0.008022898072313779,23.0,23.0,,,
D_OB,382,5.756159137980645,5.746170270268248,0.009988867712397183,15.0,15.0,,,
D_OB,383,7.1607969344360205,7.172298683773997,-0.011501749337975816,14.0,14.0,,,
D_OB,384,6.842754703479133,6.869232561215574,-0.026477857736440805,23.0,23.0,,,
D_OB,385,5.3373022470474245,5.355080547741482,-0.01777830069405692,14.0,14.0,,,
D_OB,386,5.974873414657784,5.977373322100724,-0.0024999074429392747,15.0,15.0,,,
D_OB,387,8.305846330562195,8.346329094063153,-0.040482763500956746,26.0,26.0,,,
D_OB,388,4.6747247104843455,4.706240820972359,-0.03151611048801273,13.0,13.0,,,
D_OB,389,8.04338753153342,8.062325991344638,-0.018938459811219974,23.0,23.0,,,
D_OB,390,7.077198342128574,7.119633505606527,-0.042435163477952564,23.0,23.0,,,
D_OB,391,8.566838046272494,8.56437343083188,0.0024646154406138127,26.0,26.0,,,
D_OB,392,7.326546626498578,7.342316569366815,-0.015769942868237227,20.0,20.0,,,
D_OB,393,7.07885040891798,7.095162906929066,-0.016312498011087116,23.0,23.0,,,
D_OB,394,7.8743270353014365,7.9263616794821035,-0.05203464418066659,20.0,20.0,,,
D_OB,395,8.772083614295347,8.802003562570984,-0.029919948275637483,24.0,24.0,,,
D_OB,396,6.857971015999189,6.873439365741028,-0.015468349741839213,23.0,23.0,,,
D_OB,397,7.685165562363584,7.7225390264004945,-0.037373464036911115,23.0,23.0,,,
D_OB,398,7.7220084073007,7.78489239690323,-0.06288398960253058,23.0,23.0,,,
D_OB,399,10.78089144670495,10.792760719273526,-0.011869272568574354,28.0,26.0,,,
D_OB,400,4.992226695408622,5.01978176316563,-0.027555067757008226,20.0,20.0,,,
D_OB,401,7.086136359743681,7.127040864332159,-0.04090450458847784,23.0,23.0,,,
D_OB,402,7.911395108585722,7.912576232230264,-0.0011811236445413251,23.0,23.0,,,
D_OB,403,6.761558067473672,6.796474751529051,-0.03491668405537934,23.0,23.0,,,
D_OB,404,8.258286321944674,8.254817829047727,0.0034684928969463623,24.0,24.0,,,
D_OB,405,6.304729496308356,6.357636070139728,-0.05290657383137163,19.0,19.0,,,
D_OB,406,10.402713113771359,10.428299584355154,-0.02558647058379482,36.0,36.0,,,
D_OB,407,7.585147247119078,7.58423281998091,0.000914427138168589,26.0,26.0,,,
D_OB,408,8.874917709019092,8.89484526720229,-0.019927558183199173,24.0,24.0,,,
D_OB,409,6.9047972420640855,6.953226747289425,-0.04842950522533955,23.0,23.0,,,
D_OB,410,8.904553088022713,8.91809622506994,-0.013543137047226886,23.0,23.0,,,
D_OB,411,7.198302652467396,7.227388357009147,-0.0290857045417516,20.0,20.0,,,
D_OB,412,5.75160568232314,5.786882192378493,-0.035276510055353254,23.0,23.0,,,
D_OB,413,6.73074778427747,6.803193481709866,-0.0724456974323964,23.0,23.0,,,
D_OB,414,8.267623206487835,8.271650524490413,-0.0040273180025782495,24.0,24.0,,,
D_OB,415,6.191583581357875,6.166677572803725,0.02490600855415013,13.0,13.0,,,
D_OB,416,7.284671060420197,7.34670749977506,-0.06203643935486253,24.0,24.0,,,
D_OB,417,6.2992547166633495,6.321558006609163,-0.02230328994581335,20.0,20.0,,,
D_OB,418,8.824391508163512,8.841928690232809,-0.017537182069298246,23.0,23.0,,,
D_OB,419,10.829801946878433,10.84837934973928,-0.018577402860847945,26.0,26.0,,,
D_OB,420,7.050306935259637,7.049436341448033,0.0008705938116033027,20.0,20.0,,,
D_OB,421,6.09569161430931,6.157791621356128,-0.062100007046817986,20.0,20.0,,,
D_OB,422,5.724712303941203,5.758404496616666,-0.03369219267546241,13.900000000000091,13.900000000000091,,,
D_OB,423,7.2215927430896105,7.240470761167459,-0.018878018077848138,26.0,26.0,,,
D_OB,424,6.304353464497741,6.287656396504783,0.01669706799295774,19.0,19.0,,,
D_OB,425,7.823147625909686,7.831380128860474,-0.00823250295078687,24.0,24.0,,,
D_OB,426,5.192648699346263,5.215343067732562,-0.022694368386298455,15.0,15.0,,,
D_OB,427,7.730827999301863,7.789462565441369,-0.05863456613950524,26.0,25.71268081665039,,,
D_OB,428,7.293465027117838,7.3248508545361695,-0.03138582741833169,23.0,23.0,,,
D_OB,429,3.9588342537082144,3.9716137903688495,-0.012779536660635162,11.0,11.0,,,
D_OB,430,9.250666666666667,9.24965166012446,0.0010150065422058106,28.0,28.0,,,
D_OB,431,5.561127167491234,5.609873019501754,-0.04874585201051943,23.0,23.0,,,
D_OB,432,6.543133968037444,6.592102581494815,-0.048968613457370115,20.0,20.0,,,
D_OB,433,7.435519963826637,7.500621480080248,-0.0651015162536115,23.0,23.0,,,
D_OB,434,10.191234646980416,10.217196683605486,-0.025962036625070517,26.0,26.0,,,
D_OB,435,7.165885553177313,7.2469094591695065,-0.08102390599219299,23.0,23.0,,,
D_OB,436,5.229081010655738,5.264477191524701,-0.03539618086896252,24.0,24.0,,,
D_OB,437,5.682024726755599,5.749212999247078,-0.06718827249147953,19.0,19.0,,,
D_OB,438,6.85242287603719,6.846000154029466,0.006422722007724912,23.0,23.0,,,
D_OB,439,7.304419761750756,7.360692231856006,-0.056272470105249446,23.0,23.0,,,
D_OB,440,6.614531582708476,6.6427699435083545,-0.02823836079987941,23.0,23.0,,,
D_OB,441,8.742561896386674,8.725377936442896,0.017183959943776264,26.0,25.708197355270386,,,
D_OB,442,7.152970932411713,7.188950452045422,-0.0359795196337091,23.0,23.0,,,
D_OB,443,8.223941669710145,8.242449129682209,-0.01850745997206292,23.0,23.0,,,
D_OB,444,8.256536003484031,8.280374209195417,-0.023838205711385736,23.0,23.0,,,
D_OB,445,9.285619872873369,9.233004244530072,0.05261562834329746,26.0,26.0,,,
D_OB,446,5.608631708636974,5.645269817826133,-0.03663810918915947,20.0,20.0,,,
D_OB,447,6.103981375207707,6.164266406273355,-0.06028503106564891,13.0,13.0,,,
D_OB,448,5.436055469953775,5.439202219508034,-0.0031467495542584043,23.0,23.0,,,
D_OB,449,8.128012173291221,8.119182009201545,0.008830164089675777,20.0,20.0,,,
D_OB,450,8.179605815673687,8.23960401321821,-0.05999819754452323,23.0,23.0,,,
D_OB,451,10.181308411214953,10.18996970854073,-0.008661297325776002,28.0,28.0,,,
D_OB,452,5.514710063716253,5.549578435847829,-0.03486837213157743,19.0,19.0,,,
D_OB,453,8.987379955369223,9.025327925678994,-0.03794797030977093,23.0,23.0,,,
D_OB,454,6.905443737228736,6.95790710214221,-0.052463364913474,23.0,23.0,,,
D_OB,455,6.571778697611552,6.591734760859729,-0.019956063248176736,20.0,20.0,,,
D_OB,456,8.468003152945581,8.484569562469055,-0.016566409523473095,24.0,24.0,,,
D_OB,457,11.741312508994397,11.762647468061113,-0.02133495906671396,43.0,43.0,,,
D_OB,458,6.615455601901655,6.6471763684462815,-0.0317207665446274,23.0,23.0,,,
D_OB,459,7.910694597574421,7.95439662284073,-0.04370202526630877,23.0,23.0,,,
D_OB,460,6.112211896348977,6.054433042777839,0.057778853571138704,15.0,15.0,,,
D_OB,461,6.712053571428571,6.698454473699842,0.013599097728729248,23.0,23.0,,,
D_OB,462,8.057576383016015,8.050308439406788,0.00726794360922581,23.0,23.0,,,
D_OB,463,8.99825038122207,8.970717447457226,0.02753293376484345,36.0,36.0,,,
D_OB,464,5.960570071258907,5.999704246792827,-0.03913417553391989,23.0,23.0,,,
D_OB,465,8.383778437768186,8.397328663411274,-0.01355022564308761,20.0,20.0,,,
D_OB,466,8.220502901353965,8.252582857333637,-0.032079955979672496,23.0,23.0,,,
D_OB,467,8.458283671036948,8.48333965296967,-0.02505598193272078,26.0,26.0,,,
D_OB,468,8.612787545429425,8.612119353342264,0.0006681920871628196,24.0,24.0,,,
D_OB,469,8.929378531073446,8.95363117543991,-0.0242526443664637,26.0,26.0,,,
D_OB,470,5.778677842523783,5.803396453790614,-0.024718611266831524,20.0,20.0,,,
D_OB,471,8.753655797138785,8.787364426337684,-0.033708629198898235,23.0,23.0,,,
D_OB,472,7.263754190696968,7.294907493133087,-0.031153302436118368,24.0,24.0,,,
D_OB,473,6.456215542733507,6.450326063002812,0.005889479730694431,19.0,19.0,,,
D_OB,474,9.60493442576589,9.659745716177348,-0.05481129041145806,23.0,23.0,,,
D_OB,475,6.208888888888889,6.221406657563316,-0.012517768674426609,23.0,23.0,,,
D_OB,476,6.989621299541358,7.0288638294104375,-0.03924252986907959,23.0,23.0,,,
D_OB,477,7.349354891872467,7.407230046120207,-0.057875154247739535,23.0,23.0,,,
D_OB,478,8.02530713692349,8.025176530296092,0.00013060662739788258,23.0,23.0,,,
D_OB,479,6.9724627726825315,7.042894432864972,-0.07043166018244046,23.0,23.0,,,
D_OB,480,8.969478720364792,9.026068929100283,-0.05659020873549071,24.0,24.0,,,
D_OB,481,9.262955988802123,9.24674682855916,0.016209160242961193,28.0,25.708197355270386,,,
D_OB,482,7.0557863412812205,7.092450664185061,-0.03666432290384085,23.0,23.0,,,
D_OB,483,7.366110907978118,7.374985875740443,-0.008874967762324364,23.0,23.0,,,
D_OB,484,7.309598761224804,7.358518881612386,-0.0489201203875814,24.0,24.0,,,
D_OB,485,9.758262090738826,9.810811533118194,-0.05254944237936761,28.0,25.69894051551819,,,
D_OB,486,7.543108497594259,7.585231776104873,-0.04212327851061377,26.0,26.0,,,
D_OB,487,9.289316027879169,9.306321491229452,-0.017005463350282926,26.0,26.0,,,
D_OB,488,8.116521222909599,8.126634082511346,-0.010112859601746982,23.0,23.0,,,
D_OB,489,9.406533742065065,9.40516221851253,0.0013715235525341126,23.0,23.0,,,
D_OB,490,6.665543905605574,6.694572763183444,-0.029028857577870295,23.0,23.0,,,
D_OB,491,8.202113949074958,8.212931614928703,-0.01081766585374556,26.0,26.0,,,
D_OB,492,6.759271873771491,6.787669711949329,-0.028397838177837784,23.0,23.0,,,
D_OB,493,6.88476893500747,6.929008537363783,-0.044239602356313544,23.0,23.0,,,
D_OB,494,6.181969026548672,6.205936603973397,-0.023967577424724544,23.0,23.0,,,
D_OB,495,8.338873088499096,8.317040198317198,0.021832890181897956,24.0,24.0,,,
D_OB,496,7.0621826940141945,7.077161975007142,-0.014979280992946794,23.0,23.0,,,
D_OB,497,6.746952135090737,6.747021366817537,-6.923172680020406e-05,24.0,24.0,,,
D_OB,498,9.725901111784886,9.793989042428732,-0.06808793064384673,24.0,24.0,,,
D_OB,499,9.118421052631579,9.082031107038484,0.036389945593095364,23.0,23.0,,,
D_OB,500,7.525352124810032,7.563586831279196,-0.038234706469163604,23.0,23.0,,,
D_OB,501,11.545384707372605,11.542068827054425,0.003315880318179919,25.0,24.82551145553589,,,
D_OB,502,6.517179532712868,6.564548252535871,-0.04736871982300296,26.0,26.0,,,
D_OB,503,9.66294227188082,9.65616582551408,0.006776446366739302,26.0,26.0,,,
D_OB,504,10.221130244784645,10.215135392044596,0.005994852740049227,24.0,24.0,,,
D_OB,505,10.82022756929372,10.823120414667411,-0.0028928453736906078,23.0,23.0,,,
D_OB,506,9.470470131081257,9.45879880222155,0.011671328859707333,26.0,26.0,,,
D_OB,507,6.654313645429081,6.682387227431322,-0.028073582002240367,23.0,23.0,,,
D_OB,508,7.634678298800436,7.65229013636952,-0.017611837569083875,26.0,26.0,,,
D_OB,509,6.7549643659852245,6.793227061403109,-0.038262695417884775,23.0,23.0,,,
D_OB,510,6.00107211895563,6.002672870126036,-0.0016007511704056352,20.0,20.0,,,
D_OB,511,6.365972284367126,6.416995034263146,-0.05102274989602018,20.0,20.0,,,
D_OB,512,9.493650295342396,9.512557655331902,-0.018907359989505573,26.0,26.0,,,
D_OB,513,5.951961299107694,5.914479501274329,0.03748179783336491,13.0,13.0,,,
D_OB,514,6.923276983094929,6.97758430296795,-0.05430731987302108,23.0,23.0,,,
D_OB,515,8.787247103960524,8.832853769774928,-0.04560666581440399,24.0,24.0,,,
D_OB,516,7.259229264172026,7.25467612302592,0.004553141146106123,24.0,24.0,,,
D_OB,517,4.984884443793766,4.983031688413465,0.0018527553803003294,15.0,15.0,,,
D_OB,518,10.67899333173903,10.661562062767395,0.017431268971634148,26.0,25.707281351089478,,,
D_OB,519,8.103784403669724,8.112612279319983,-0.008827875650257146,23.0,23.0,,,
D_OB,520,8.429685471938537,8.427359334412996,0.0023261375255412883,26.0,26.0,,,
D_OB,521,7.864698158848479,7.852177759630148,0.01252039921833005,24.0,24.0,,,
D_OB,522,7.381664122735834,7.366600352353443,0.015063770382390545,24.0,24.0,,,
D_OB,523,6.269766698616968,6.280269900780235,-0.010503202163267835,23.0,23.0,,,
D_OB,524,10.031172055344735,10.031490640808444,-0.00031858546371011466,43.0,43.0,,,
D_OB,525,10.091224922428864,10.095562566145475,-0.004337643716610075,26.0,25.704991340637207,,,
D_OB,526,9.535418827944987,9.573804225076094,-0.03838539713110654,23.0,23.0,,,
D_OB,527,5.418489363798049,5.45303972942537,-0.034550365627321424,17.60000000000082,17.60000000000082,,,
D_OB,528,7.05066299145844,7.06395374973923,-0.013290758280791053,20.0,20.0,,,
D_OB,529,7.360818350898946,7.3802144007141814,-0.019396049815235267,24.0,24.0,,,
D_OB,530,5.876076872100729,5.942652435315374,-0.06657556321464524,20.0,20.0,,,
D_OB,531,10.610091390152892,10.60020946671149,0.0098819234414015,26.0,26.0,,,
D_OB,532,5.843541540327471,5.880007403340753,-0.036465863013281974,19.0,19.0,,,
D_OB,533,9.311394834137616,9.354550871927943,-0.04315603779032784,24.0,24.0,,,
D_OB,534,6.065715171341731,6.091649990471705,-0.025934819129974175,23.0,23.0,,,
D_OB,535,7.437587614147548,7.489101232061761,-0.05151361791421304,24.0,24.0,,,
D_OB,536,5.650969177000829,5.6773203501242975,-0.026351173123468026,23.0,23.0,,,
D_OB,537,8.555146944998336,8.576450738981578,-0.02130379398324211,23.0,23.0,,,
D_OB,538,7.049184202120222,7.070038485115972,-0.020854282995750165,23.0,23.0,,,
D_OB,539,8.834909090909091,8.787249381672252,0.0476597092368386,28.0,28.0,,,
D_OB,540,4.53270509977827,4.547776062446264,-0.015070962667993855,13.0,13.0,,,
D_OB,541,9.616797909878269,9.676173552900257,-0.059375643021989576,26.0,26.0,,,
D_OB,542,7.143990252545402,7.1251821690165436,0.018808083528858814,23.0,23.0,,,
D_OB,543,7.036472509526401,7.04809877972403,-0.011626270197627981,24.0,24.0,,,
D_OB,544,6.828875255350973,6.84557905822408,-0.016703802873106563,20.0,20.0,,,
D_OB,545,7.682798527091005,7.708438989427577,-0.02564046233657283,23.0,23.0,,,
D_OB,546,7.56495151356994,7.534615782866273,0.030335730703667095,20.0,20.0,,,
D_OB,547,6.067848281174574,6.072078327039826,-0.004230045865251804,20.0,20.0,,,
D_OB,548,7.306472293087196,7.306059859197456,0.0004124338897398026,23.0,23.0,,,
D_OB,549,10.443450706234914,10.465098259365819,-0.021647553130905,26.0,25.71268081665039,,,
D_OB,550,8.19953790474199,8.222372251072269,-0.022834346330280017,20.0,20.0,,,
D_OB,551,8.853368176010846,8.90925405474365,-0.055885878732803845,26.0,26.0,,,
D_OB,552,8.631544241155225,8.64905545023798,-0.017511209082755667,26.0,26.0,,,
D_OB,553,6.56568555539968,6.585945173185699,-0.020259617786018216,23.0,23.0,,,
D_OB,554,5.568227295329467,5.56963939368373,-0.0014120983542630354,11.0,11.0,,,
D_OB,555,8.894405666638317,8.923574879475895,-0.029169212837577986,28.0,28.0,,,
D_OB,556,8.451327433628318,8.438829093339738,0.012498340288581614,15.0,15.0,,,
D_OB,557,5.872096513246034,5.912637919754356,-0.040541406508322594,23.0,23.0,,,
D_OB,558,6.7668238861063985,6.8214127365914745,-0.0545888504850755,23.0,23.0,,,
D_OB,559,10.155847363229341,10.19369925656545,-0.037851893336109055,28.0,28.0,,,
D_OB,560,8.08242944760269,8.099919872337512,-0.017490424734822818,23.0,23.0,,,
D_OB,561,5.1178988298479675,5.112528384968142,0.0053704448798255755,13.0,13.0,,,
D_OB,562,11.323819978046103,11.33872600889363,-0.014906030847526407,26.0,26.0,,,
D_OB,563,6.42788947425213,6.447374048755515,-0.01948457450338475,23.0,23.0,,,
D_OB,564,7.318685136691457,7.331163460135882,-0.012478323444425005,23.0,23.0,,,
D_OB,565,5.564033463202504,5.552013220202387,0.012020243000117482,19.0,19.0,,,
D_OB,566,7.978178288985881,8.012645191898477,-0.034466902912596124,26.0,26.0,,,
D_OB,567,7.741790115320081,7.749786857016119,-0.00799674169603749,20.0,20.0,,,
D_OB,568,6.789947601106076,6.809014902285548,-0.019067301179471967,20.0,20.0,,,
D_OB,569,6.00481761871989,5.992286379060004,0.012531239659886317,19.0,19.0,,,
D_OB,570,5.318990172820461,5.335606623497098,-0.016616450676636238,13.0,13.0,,,
D_OB,571,6.628902219578121,6.655278469359076,-0.026376249780955735,23.0,23.0,,,
D_OB,572,8.290264887378965,8.29360208080565,-0.0033371934266847986,23.0,23.0,,,
D_OB,573,4.751669781124336,4.80322534973192,-0.051555568607585214,15.0,15.0,,,
D_OB,574,8.290139794081785,8.34227387382743,-0.052134079745646274,23.0,23.0,,,
D_OB,575,7.167364139533438,7.216039733206779,-0.048675593673340296,23.0,23.0,,,
D_OB,576,9.019854423746898,9.03617925949551,-0.016324835748612983,23.0,23.0,,,
D_OB,577,7.204239101825092,7.250051048221799,-0.04581194639670686,23.0,23.0,,,
D_OB,578,4.793681867068369,4.8049577517044595,-0.011275884636090085,15.0,15.0,,,
D_OB,579,6.2423435419440745,6.3009185164016035,-0.05857497445752872,19.0,19.0,,,
D_OB,580,5.465398631878753,5.497612781557506,-0.03221414967875256,20.0,20.0,,,
D_OB,581,7.264232673267327,7.283986350244815,-0.019753676977488074,23.0,23.0,,,
D_OB,582,10.399472222262078,10.42394004161276,-0.024467819350681225,28.0,28.0,,,
D_OB,583,7.3491734952808345,7.40497887226089,-0.05580537698005546,23.0,23.0,,,
D_OB,584,9.802893421131506,9.83695840864453,-0.03406498751302404,36.0,36.0,,,
D_OB,585,7.515151515151516,7.4686925936793545,0.046458921472160714,23.0,23.0,,,
D_OB,586,7.151361563389347,7.161157013702631,-0.009795450313283865,23.0,23.0,,,
D_OB,587,8.849650189498576,8.868867995826209,-0.01921780632763374,23.0,23.0,,,
D_OB,588,7.343450009550678,7.33676338835394,0.0066866211967381165,23.0,23.0,,,
D_OB,589,5.580643223153206,5.590642865276798,-0.009999642123591829,20.0,20.0,,,
D_OB,590,6.6441966900986635,6.70827224899144,-0.06407555889277643,23.0,23.0,,,
D_OB,591,8.825644819198116,8.816273110213517,0.009371708984598735,23.0,23.0,,,
D_OB,592,8.269469946283758,8.28309333399786,-0.01362338771410145,26.0,26.0,,,
D_OB,593,5.93471331652599,5.987404308581473,-0.05269099205548277,20.0,20.0,,,
D_OB,594,7.944434006228194,7.968266021682299,-0.02383201545410556,23.0,23.0,,,
D_OB,595,5.9682305177052815,5.968045165475491,0.00018535222979070161,15.0,15.0,,,
D_OB,596,7.3138243885584595,7.294879300557476,0.0189450880009836,24.0,24.0,,,
D_OB,597,3.54216174692948,3.577337977190404,-0.035176230260924035,13.0,13.0,,,
D_OB,598,9.348369654809465,9.338712472501008,0.009657182308457654,28.0,28.0,,,
D_OB,599,6.554512258737611,6.5289057281157845,0.025606530621826617,20.0,20.0,,,
D_OB,600,8.899728372134494,8.868124332220408,0.03160403991408619,23.0,23.0,,,
D_OB,601,6.331428506959381,6.3793732139538015,-0.047944706994420064,19.0,19.0,,,
D_OB,602,7.836751464433162,7.871605485170376,-0.03485402073721386,23.0,23.0,,,
D_OB,603,7.414368961263241,7.399364154756324,0.015004806506917417,20.0,20.0,,,
D_OB,604,8.117748970595303,8.096271607906452,0.021477362688849953,23.0,23.0,,,
D_OB,605,8.671825648075732,8.67566339213392,-0.0038377440581887456,28.0,28.0,,,
D_OB,606,6.1317759341564075,6.127537170309653,0.004238763846754682,19.0,19.0,,,
D_OB,607,7.559975139838409,7.578987534258068,-0.019012394419658844,23.0,23.0,,,
D_OB,608,6.0244312393484485,6.037872467046579,-0.01344122769813137,15.0,15.0,,,
D_OB,609,7.427840336933818,7.444971830924627,-0.017131493990809033,23.0,23.0,,,
D_OB,610,9.715723958421261,9.72037095433854,-0.00464699591727967,28.0,26.0,,,
D_OB,611,7.185281238187024,7.217063898655064,-0.03178266046803966,23.0,23.0,,,
D_OB,612,6.5736144913405905,6.590273196377406,-0.01665870503681462,19.0,19.0,,,
D_OB,613,6.803975681401202,6.777874795570734,0.026100885830467057,26.0,25.70636534690857,,,
D_OB,614,8.368111682586333,8.383392113258871,-0.01528043067253836,19.0,19.0,,,
D_OB,615,8.5354049050614,8.548308414422227,-0.01290350936082785,24.0,24.0,,,
D_OB,616,9.741498903554563,9.799522318503202,-0.05802341494864044,26.0,26.0,,,
D_OB,617,7.192070598382528,7.253660152144978,-0.06158955376245095,24.0,24.0,,,
D_OB,618,8.873680643722183,8.876237753523954,-0.0025571098017708707,26.0,26.0,,,
D_OB,619,7.849801675707996,7.878672460006602,-0.028870784298605883,23.0,23.0,,,
D_OB,620,7.544509042955757,7.567973723787881,-0.023464680832123087,24.0,24.0,,,
D_OB,621,8.29824862668204,8.361504422418506,-0.06325579573646442,23.0,23.0,,,
D_OB,622,7.8922154877465465,7.933766247860033,-0.04155076011348664,24.0,24.0,,,
D_OB,623,8.46325596317203,8.490247021819965,-0.026991058647935502,24.0,24.0,,,
D_OB,624,6.612580834803057,6.603858522076526,0.00872231272653157,23.0,23.0,,,
D_OB,625,7.254439548596552,7.275045597417382,-0.020606048820829705,23.0,23.0,,,
D_OB,626,6.554994388327722,6.581780565306795,-0.026786176979073505,23.0,23.0,,,
D_OB,627,9.400109893412859,9.451477051077239,-0.05136715766437893,26.0,26.0,,,
D_OB,628,7.703448459889629,7.748067478142162,-0.04461901825253326,26.0,26.0,,,
D_OB,629,6.017631055857311,6.0617489216986185,-0.04411786584130725,20.0,20.0,,,
D_OB,630,6.1309044595666835,6.173322801074466,-0.04241834150778281,23.0,23.0,,,
D_OB,631,4.3234299423558245,4.347093200923361,-0.023663258567536725,8.0,8.0,,,
D_OB,632,8.732893500477076,8.718969715759158,0.013923784717917442,28.0,26.856340408325195,,,
D_OB,633,10.28316032295271,10.30134579150872,-0.018185468556009225,23.0,23.0,,,
D_OB,634,7.044727350226962,7.057665940517416,-0.012938590290454717,23.0,23.0,,,
D_OB,635,6.429382422059069,6.45834517371426,-0.028962751655191552,19.0,19.0,,,
D_OB,636,8.140381239384373,8.086429217049032,0.05395202233534202,24.0,24.0,,,
D_OB,637,11.54328498600674,11.556008557513021,-0.012723571506282073,23.0,23.0,,,
D_OB,638,7.319237602216082,7.379746443471386,-0.06050884125530372,23.0,23.0,,,
D_OB,639,6.02592977593524,6.0570981558558215,-0.03116837992058099,19.0,19.0,,,
D_OB,640,6.693360047985776,6.71838716639235,-0.02502711840657313,19.0,19.0,,,
D_OB,641,9.55671267217408,9.56983341089848,-0.01312073872440122,24.0,24.0,,,
D_OB,642,8.178455800635028,8.165035353798121,0.01342044683690577,24.0,24.0,,,
D_OB,643,4.525563702378168,4.512171018161153,0.013392684217014693,15.0,15.0,,,
D_OB,644,10.000726469387912,9.997325098875796,0.003401370512114631,24.0,24.0,,,
D_OB,645,8.709990800904833,8.734125619233007,-0.02413481832817285,23.0,23.0,,,
D_OB,646,7.266995482243046,7.271622711707226,-0.004627229464180181,20.0,20.0,,,
D_OB,647,6.698666172808614,6.717900591549174,-0.01923441874056027,23.0,23.0,,,
D_OB,648,6.958096356922384,6.984802683960066,-0.02670632703768088,20.0,20.0,,,
D_OB,649,6.134607197918748,6.092623865092084,0.04198333282666454,20.0,20.0,,,
D_OB,650,7.613148788927336,7.6104761171505935,0.0026726717767418464,15.0,15.0,,,
D_OB,651,7.507614098964003,7.4790555386636015,0.028558560300401038,23.0,23.0,,,
D_OB,652,7.923413309343358,7.951010454306628,-0.027597144963269565,26.0,26.0,,,
D_OB,653,10.254718063778933,10.23167178213967,0.023046281639262572,23.0,23.0,,,
D_OB,654,5.4885649317142216,5.511684556919174,-0.02311962520495161,19.0,19.0,,,
D_OB,655,7.378300531407069,7.393121149068045,-0.014820617660976474,20.0,20.0,,,
D_OB,656,7.661581137309293,7.668888197692522,-0.007307060383229249,15.0,15.0,,,
D_OB,657,9.134082941679162,9.113546012367983,0.020536929311179005,24.0,24.0,,,
D_OB,658,6.608993936876517,6.645106758348693,-0.03611282147217726,19.0,19.0,,,
D_OB,659,7.478123900878369,7.559312511628597,-0.08118861075022712,23.0,23.0,,,
D_OB,660,7.561771210135826,7.6002678893511515,-0.03849667921532582,24.0,24.0,,,
D_OB,661,7.584112276056762,7.573818045021385,0.010294231035376107,23.0,23.0,,,
D_OB,662,6.248245521181342,6.280369494714084,-0.032123973532741955,13.0,13.0,,,
D_OB,663,5.2901386302475135,5.307328200738109,-0.017189570490594986,20.0,20.0,,,
D_OB,664,8.93665842217819,8.956570157200156,-0.019911735021966668,23.0,23.0,,,
D_OB,665,6.660577572895665,6.694646747125224,-0.03406917422955915,24.0,24.0,,,
D_OB,666,6.287426895298664,6.3555351878511965,-0.06810829255253217,20.0,20.0,,,
D_OB,667,5.297211710379518,5.329422376273537,-0.03221066589401961,14.0,14.0,,,
D_OB,668,7.6457600449667495,7.629098177562069,0.016661867404680845,20.0,20.0,,,
D_OB,669,6.529880488469527,6.506522612053617,0.023357876415910393,15.0,15.0,,,
D_OB,670,7.480577976729119,7.535487995890984,-0.05491001916186455,26.0,26.0,,,
D_OB,671,6.014877141820894,6.017144140983609,-0.0022669991627155147,15.0,15.0,,,
D_OB,672,4.441729910256221,4.5106795301421885,-0.06894961988596769,15.0,15.0,,,
D_OB,673,7.860160815686995,7.936729962699079,-0.076569147012084,26.0,26.0,,,
D_OB,674,4.8348642940592335,4.851226484559723,-0.01636219050048893,20.0,20.0,,,
D_OB,675,5.618386150460217,5.62951160899842,-0.01112545853820295,20.0,20.0,,,
D_OB,676,8.429610951107417,8.505667585730942,-0.07605663462352566,24.0,24.0,,,
D_OB,677,9.08707902492452,9.078275236164032,0.008803788760487754,26.0,26.0,,,
D_OB,678,6.935472288936899,6.98281708202864,-0.04734479309174053,23.0,23.0,,,
D_OB,679,7.882334973764775,7.933527210214298,-0.05119223644952325,23.0,23.0,,,
D_OB,680,7.28931615720494,7.246579569181833,0.04273658802310754,26.0,25.708197355270386,,,
D_OB,681,8.625618039719802,8.649508096572369,-0.023890056852566992,23.0,23.0,,,
D_OB,682,7.711829857392744,7.692500764502742,0.019329092890002852,15.0,15.0,,,
D_OB,683,10.829818219582354,10.870688300892436,-0.040870081310082296,23.0,23.0,,,
D_OB,684,6.44771328853463,6.46994636585186,-0.022233077317229972,23.0,23.0,,,
D_OB,685,7.877049232759783,7.885124248227766,-0.008075015467982139,23.0,23.0,,,
D_OB,686,8.211865757757158,8.231606977519704,-0.019741219762545913,24.0,24.0,,,
D_OB,687,9.372037479362772,9.384030219343105,-0.0119927399803332,26.0,26.0,,,
D_OB,688,8.687508063387751,8.735211242653566,-0.0477031792658141,23.0,23.0,,,
D_OB,689,6.987876991655842,7.005835071599709,-0.01795807994386685,23.0,23.0,,,
D_OB,690,8.361485693232629,8.361520056193017,-3.436296038815073e-05,23.0,23.0,,,
D_OB,691,7.2112290813743725,7.204582176594376,0.006646904779996486,23.0,23.0,,,
D_OB,692,8.558384953994855,8.588176535194881,-0.029791581200025646,23.0,23.0,,,
D_OB,693,7.297934457404855,7.310923717176901,-0.012989259772045174,14.0,14.0,,,
D_OB,694,5.353855672585537,5.369467066850049,-0.015611394264512125,14.0,14.0,,,
D_OB,695,8.804108781199302,8.786776666008548,0.017332115190753252,24.0,24.0,,,
D_OB,696,8.10616751298255,8.1348166749184,-0.02864916193584957,26.0,26.0,,,
D_OB,697,5.613283118898315,5.666674919027303,-0.05339180012898786,20.0,20.0,,,
D_OB,698,5.817266564339915,5.848456180807867,-0.031189616467951396,23.0,23.0,,,
D_OB,699,8.304715161863196,8.354071081458748,-0.049355919595552064,26.0,26.0,,,
D_OB,700,7.26744650830981,7.30716511625145,-0.03971860794164016,23.0,23.0,,,
D_OB,701,10.684761469590597,10.70206795102835,-0.017306481437754144,24.0,24.0,,,
D_OB,702,8.199745165916308,8.238847529286359,-0.03910236337005044,23.0,23.0,,,
D_OB,703,8.837268666241226,8.87948376202781,-0.042215095786585805,26.0,26.0,,,
D_OB,704,4.477175926732034,4.484702185103574,-0.007526258371539952,11.0,11.0,,,
D_OB,705,9.285396270103563,9.325503587587697,-0.04010731748413432,23.0,23.0,,,
D_OB,706,8.059707473221149,8.0995424420526,-0.039834968831451066,23.0,23.0,,,
D_OB,707,8.080540658258329,8.103907950972296,-0.0233672927139671,24.0,24.0,,,
D_OB,708,7.878827521048491,7.896295113174467,-0.017467592125976487,23.0,23.0,,,
D_OB,709,6.557151406343507,6.558715789065541,-0.001564382722033918,14.0,14.0,,,
D_OB,710,5.422800670339151,5.458772131010412,-0.03597146067126044,15.0,15.0,,,
D_OB,711,4.7275413711583925,4.774932027567645,-0.04739065640925234,15.0,15.0,,,
D_OB,712,8.606818181818182,8.62564469612006,-0.018826514301878032,26.0,26.0,,,
D_OB,713,6.908528263022413,6.929662647823743,-0.021134384801329287,15.0,15.0,,,
D_OB,714,6.80301752886738,6.8653032588398855,-0.062285729972505914,15.0,15.0,,,
D_OB,715,8.086032876053697,8.099863128592133,-0.013830252538437114,23.0,23.0,,,
D_OB,716,5.946404506196238,5.961182317806287,-0.014777811610049017,19.0,19.0,,,
D_OB,717,10.149837892195757,10.161456721389994,-0.011618829194237203,24.0,24.0,,,
D_OB,718,8.39417435838696,8.376006344522509,0.018168013864451132,26.0,26.0,,,
D_OB,719,8.53940091357135,8.58660455344774,-0.047203639876389134,26.0,25.704991340637207,,,
D_OB,720,8.385761068659797,8.401906768204606,-0.01614569954480846,28.0,26.0,,,
D_OB,721,6.420948328647187,6.419535821409729,0.0014125072374576476,15.0,15.0,,,
D_OB,722,9.09077020711706,9.104081706447067,-0.013311499330006778,23.0,23.0,,,
D_OB,723,9.47851477711594,9.477906748395082,0.0006080287208579849,26.0,25.708197355270386,,,
D_OB,724,8.086182200794402,8.136964333628693,-0.0507821328342913,26.0,26.0,,,
D_OB,725,5.41009204961283,5.432252653376406,-0.022160603763575974,18.500000000000227,18.500000000000227,,,
D_OB,726,5.853275582024906,5.829934855054764,0.023340726970141813,23.0,23.0,,,
D_OB,727,6.3122814057178696,6.386540047891586,-0.07425864217371662,23.0,23.0,,,
D_OB,728,9.502019834975009,9.542066463947581,-0.040046628972572315,26.0,26.0,,,
D_OB,729,8.830485730315699,8.839456350008646,-0.008970619692946925,23.0,23.0,,,
D_OB,730,3.748958404040804,3.75446364365372,-0.005505239612915937,7.0,7.0,,,
D_OB,731,8.440443927239508,8.472785491931447,-0.03234156469193791,20.0,20.0,,,
D_OB,732,7.059576837416481,7.052180185217104,0.007396652199377727,23.0,23.0,,,
D_OB,733,9.374312270993533,9.423395250333876,-0.04908297934034251,24.0,24.0,,,
D_OB,734,8.002286320891828,8.01244084157411,-0.010154520682281626,26.0,26.0,,,
D_OB,735,7.775647983107935,7.803375824666036,-0.02772784155810092,23.0,23.0,,,
D_OB,736,8.058320130711108,8.053494259178814,0.004825871532293899,23.0,23.0,,,
D_OB,737,7.85146804835924,7.895906333890398,-0.044438285531157654,23.0,23.0,,,
D_OB,738,7.964282888472081,7.94900843128562,0.015274457186460495,23.0,23.0,,,
D_OB,739,7.258790653661466,7.290415864631231,-0.03162521096976562,23.0,23.0,,,
D_OB,740,6.718480138169257,6.701472177269408,0.017007960899849354,23.0,23.0,,,
D_OB,741,10.549594886711233,10.621067638545073,-0.07147275183383976,28.0,28.0,,,
D_OB,742,8.493755203258257,8.49262883264648,0.0011263706117781026,26.0,26.0,,,
D_OB,743,9.720556716973286,9.732617346309869,-0.01206062933658263,26.0,25.651022911071777,,,
D_OB,744,7.866229051045509,7.860425951719867,0.005803099325641735,24.0,24.0,,,
D_OB,745,10.248526177861011,10.277627276805893,-0.029101098944880582,23.0,23.0,,,
D_OB,746,6.675576334579495,6.699712324592833,-0.02413599001333874,23.0,23.0,,,
D_OB,747,5.332695660001837,5.343025354030722,-0.010329694028884645,11.0,11.0,,,
D_OB,748,6.605806811836962,6.568823487581587,0.036983324255376204,23.0,23.0,,,
D_OB,749,8.691933240611961,8.737503414028046,-0.04557017341608464,26.0,26.0,,,
D_OB,750,7.097907578169668,7.130119120058723,-0.03221154188905409,23.0,23.0,,,
D_OB,751,6.605265361227487,6.6346653030106895,-0.02939994178320232,19.0,19.0,,,
D_OB,752,4.777007498027046,4.799439139268249,-0.02243164124120261,15.0,15.0,,,
D_OB,753,9.781063257492926,9.78597466300252,-0.004911405509594812,28.0,28.0,,,
D_OB,754,9.055192027982388,9.023809652070742,0.03138237591164704,28.0,28.0,,,
D_OB,755,8.006701745848725,8.090469559504895,-0.0837678136561699,20.0,20.0,,,
D_OB,756,7.296847899081343,7.359737542726226,-0.06288964364488246,23.0,23.0,,,
D_OB,757,8.85104014636989,8.869477545385893,-0.018437399016002973,23.0,23.0,,,
D_OB,758,7.8102409638554215,7.861557023640138,-0.05131605978471687,20.0,20.0,,,
D_OB,759,10.534777242446614,10.57357650296796,-0.03879926052134642,36.0,36.0,,,
D_OB,760,9.166174183444085,9.21970236991721,-0.053528186473124274,24.0,24.0,,,
D_OB,761,7.519976498237368,7.5504374174898015,-0.030460919252433733,20.0,20.0,,,
D_OB,762,8.143836751907736,8.15857177235923,-0.014735020451493316,23.0,23.0,,,
D_OB,763,6.41400816812056,6.449945970027373,-0.03593780190681263,23.0,23.0,,,
D_OB,764,7.781656108897553,7.791216526735766,-0.00956041783821292,23.0,23.0,,,
D_OB,765,10.703061801787195,10.71978873352246,-0.016726931735264825,28.0,28.0,,,
D_OB,766,8.73748520508255,8.781202845813073,-0.043717640730523574,26.0,26.0,,,
D_OB,767,9.357652930058272,9.365784718626154,-0.008131788567882164,28.0,26.856340408325195,,,
D_OB,768,8.552,8.559217308362324,-0.007217308362325032,28.0,28.0,,,
D_OB,769,9.259676473967883,9.314395721753439,-0.054719247785555265,26.0,26.0,,,
D_OB,770,6.691676161304832,6.722624231373899,-0.030948070069067343,15.0,15.0,,,
D_OB,771,5.894386355279531,5.915867789200681,-0.021481433921150914,23.0,23.0,,,
D_OB,772,8.115336094938797,8.133398104828517,-0.018062009889719535,23.0,23.0,,,
D_OB,773,9.394072019057377,9.416073960195016,-0.022001941137638623,23.0,23.0,,,
D_OB,774,10.626472558273989,10.64051247919307,-0.014039920919081744,26.200000000000273,26.0,,,
D_OB,775,5.144101065241385,5.141769929959498,0.002331135281887031,23.0,23.0,,,
D_OB,776,10.048059927523333,10.037987952052005,0.010071975471329516,28.0,28.0,,,
D_OB,777,7.686223097769497,7.713989009117258,-0.027765911347760356,24.0,24.0,,,
D_OB,778,7.222435946997394,7.230037364303895,-0.007601417306501066,26.0,26.0,,,
D_OB,779,7.628848087170279,7.631144062086755,-0.0022959749164762158,24.0,24.0,,,
D_OB,780,8.223917933540386,8.239879706972523,-0.015961773432137675,23.0,23.0,,,
D_OB,781,8.90850927703135,8.937224931619294,-0.028715654587943968,26.0,26.0,,,
D_OB,782,8.130826194668586,8.140238215629067,-0.00941202096048111,20.0,20.0,,,
D_OB,783,5.073725721051206,5.101089390531615,-0.027363669480409664,23.0,23.0,,,
D_OB,784,8.127489583377532,8.135405663819236,-0.007916080441704408,19.0,19.0,,,
D_OB,785,8.086363933143225,8.13704897651066,-0.05068504336743566,23.0,23.0,,,
D_OB,786,7.315274404469055,7.406693801029357,-0.0914193965603022,24.0,24.0,,,
D_OB,787,5.788995796067703,5.760593834850523,0.028401961217179965,15.0,15.0,,,
D_OB,788,6.554385804256289,6.597411822240131,-0.04302601798384273,23.0,23.0,,,
D_OB,789,7.076619749910691,7.091878804293546,-0.015259054382854605,23.0,23.0,,,
D_OB,790,7.323917137476459,7.342553480271641,-0.018636342795181036,23.0,23.0,,,
D_OB,791,6.330118694709423,6.314764811059455,0.015353883649967166,15.0,15.0,,,
D_OB,792,5.4954560868898215,5.52926786213505,-0.03381177524522859,20.0,20.0,,,
D_OB,793,6.507628032198638,6.539018139623434,-0.03139010742479577,23.0,23.0,,,
D_OB,794,6.420955960916798,6.457492739416675,-0.036536778499877534,15.0,15.0,,,
D_OB,795,8.668708382820597,8.700648155637044,-0.03193977281644747,24.0,24.0,,,
D_OB,796,10.081967264583701,10.101787102380985,-0.019819837797284502,26.0,26.0,,,
D_OB,797,6.531386175201934,6.549160603180672,-0.01777442797873784,23.0,23.0,,,
D_OB,798,6.301510386045842,6.32415209169741,-0.02264170565156855,20.0,20.0,,,
D_OB,799,10.263810779142966,10.290680127788384,-0.026869348645419528,26.0,26.0,,,
D_OB,800,6.886920030950785,6.921526983014496,-0.034606952063710845,23.0,23.0,,,
D_OB,801,6.386486810247219,6.377234359152619,0.00925245109460007,20.0,20.0,,,
D_OB,802,8.80964970257766,8.775843018029434,0.033806684548226086,26.0,26.0,,,
D_OB,803,8.038172555001877,8.072341902419664,-0.03416934741778778,20.0,20.0,,,
D_OB,804,9.919653893695921,9.927151377327805,-0.007497483631883769,28.0,28.0,,,
D_OB,805,8.49407894736842,8.5285273101769,-0.0344483628084785,24.0,24.0,,,
D_OB,806,6.928481914794729,6.941684518948158,-0.013202604153428216,23.0,23.0,,,
D_OB,807,4.40880207738816,4.457680915704341,-0.04887883831617957,13.0,13.0,,,
D_OB,808,4.808014430751324,4.817541037386621,-0.009526606635296997,20.0,20.0,,,
D_OB,809,6.765337696180579,6.792303132794401,-0.02696543661382257,23.0,23.0,,,
D_OB,810,6.426014849513396,6.400925771901833,0.025089077611563104,20.0,20.0,,,
D_OB,811,7.529650448877342,7.574221236031671,-0.0445707871543296,20.0,20.0,,,
D_OB,812,9.065948855989232,9.090844957696959,-0.024896101707725472,20.0,20.0,,,
D_OB,813,5.832534629879058,5.8468071311492436,-0.014272501270185657,11.0,11.0,,,
D_OB,814,9.995790264937813,10.010247729155953,-0.014457464218139648,28.0,28.0,,,
D_OB,815,7.384266263237519,7.395407519434295,-0.011141256196776606,28.0,25.70314965248108,,,
D_OB,816,9.374684744451013,9.409157696155876,-0.03447295170486441,28.0,28.0,,,
D_OB,817,4.535577574686648,4.559288208247215,-0.023710633560567303,14.0,14.0,,,
D_OB,818,6.039138752838661,5.955910487907434,0.08322826493122734,23.0,23.0,,,
D_OB,819,9.120247011475412,9.167298834835492,-0.04705182336008057,23.0,23.0,,,
D_OB,820,5.2973242719711795,5.2942721946777835,0.003052077293395996,13.0,13.0,,,
D_OB,821,5.936837043128554,5.978895976781712,-0.042058933653157896,23.0,23.0,,,
D_OB,822,7.235459887635695,7.273867579331076,-0.03840769169538029,23.0,23.0,,,
D_OB,823,7.925785076495892,7.93909440345626,-0.01330932696036855,26.0,26.0,,,
D_OB,824,8.766341477226295,8.798377679478575,-0.03203620225228046,24.0,24.0,,,
D_OB,825,5.162689704762732,5.216140424919609,-0.05345072015687767,15.0,15.0,,,
D_OB,826,5.360631899422698,5.406697035826132,-0.046065136403433384,19.0,19.0,,,
D_OB,827,7.844877746938928,7.885533194015363,-0.04065544707643474,24.0,24.0,,,
D_OB,828,8.987436530755602,9.101369629780054,-0.11393309902445112,26.0,26.0,,,
D_OB,829,7.252671965701549,7.263732173620895,-0.011060207919344875,26.0,25.651022911071777,,,
D_OB,830,5.296266328504978,5.2955675533062605,0.00069877519871734,14.0,14.0,,,
D_OB,831,7.127717391304348,7.142744046028541,-0.015026654724193655,24.0,24.0,,,
D_OB,832,8.388371367828634,8.4112368390094,-0.022865471180765002,19.0,19.0,,,
D_OB,833,6.217004282822299,6.23682602707517,-0.019821744252871407,20.0,20.0,,,
D_OB,834,7.289599963123837,7.345182307182797,-0.055582344058960204,15.0,15.0,,,
D_OB,835,8.184386665706013,8.220638494298916,-0.03625182859290195,23.0,23.0,,,
D_OB,836,8.059598853868195,8.038145743126856,0.021453110741339303,23.0,23.0,,,
D_OB,837,9.091672407636894,9.076921512654101,0.014750894982793814,26.0,26.0,,,
D_OB,838,5.407080518961632,5.445875550810768,-0.0387950318491357,15.0,15.0,,,
D_OB,839,4.703471979998902,4.760257800153438,-0.05678582015453569,15.0,15.0,,,
D_OB,840,5.4171369170470545,5.492860040322547,-0.07572312327549291,13.0,13.0,,,
D_OB,841,5.697220223979065,5.762564857281062,-0.06534463330199687,20.0,20.0,,,
D_OB,842,7.009848004579544,7.030867076501614,-0.021019071922069643,13.0,13.0,,,
D_OB,843,6.173896399018991,6.237585305493342,-0.0636889064743508,15.0,15.0,,,
D_OB,844,6.173556958211997,6.169267355635152,0.004289602576845681,15.000000000000227,15.000000000000227,,,
D_OB,845,6.895373502336816,6.928780180184225,-0.03340667784740873,24.0,24.0,,,
D_OB,846,7.2620276180010865,7.3025221837096055,-0.04049456570851896,26.0,26.0,,,
D_OB,847,7.034484745846597,7.017306459451571,0.01717828639502664,23.0,23.0,,,
D_OB,848,8.138114221340306,8.187625403872127,-0.04951118253182195,20.0,20.0,,,
D_OB,849,7.492004264392324,7.493147528374881,-0.0011432639825572845,23.0,23.0,,,
D_OB,850,6.252719723690323,6.251710615938867,0.0010091077514559205,20.0,20.0,,,
D_OB,851,5.883558424914502,5.892627822839045,-0.009069397924543544,15.0,15.0,,,
D_OB,852,9.930771070915265,9.955310330941128,-0.02453926002586281,23.0,23.0,,,
D_OB,853,5.5828402366863905,5.618743502999669,-0.035903266313278226,20.0,20.0,,,
D_OB,854,6.370289549675114,6.374300147101792,-0.0040105974266784064,23.0,23.0,,,
D_OB,855,5.810716365754223,5.804237369055239,0.0064789966989827145,20.0,20.0,,,
D_OB,856,6.917039377848307,6.9549328770955405,-0.03789349924723307,23.0,23.0,,,
D_OB,857,9.679314004412541,9.712415335855136,-0.03310133144259453,26.0,26.0,,,
D_OB,858,5.837339295695919,5.843659725450417,-0.006320429754497087,20.0,20.0,,,
D_OB,859,9.582582948927952,9.593452808518094,-0.010869859590143116,23.0,23.0,,,
D_OB,860,8.759669109100312,8.778062944118203,-0.018393835017892057,26.0,26.0,,,
D_OB,861,7.288805416710125,7.332805970876089,-0.044000554165964635,23.0,23.0,,,
D_OB,862,8.179830729729728,8.158357446819858,0.021473282909869884,23.0,23.0,,,
D_OB,863,4.397497724660401,4.424440812850335,-0.026943088189934277,15.0,15.0,,,
D_OB,864,8.40493737647259,8.41453882496835,-0.009601448495758527,23.0,23.0,,,
D_OB,865,8.00055329108068,8.009178625771474,-0.008625334690794552,26.0,26.0,,,
D_OB,866,8.519902940081735,8.514500655611696,0.005402284470039215,26.0,26.0,,,
D_OB,867,5.40827806817683,5.42023749370951,-0.011959425532680073,15.0,15.0,,,
D_OB,868,6.324360877410932,6.3436938743699685,-0.019332996959036047,19.0,19.0,,,
D_OB,869,7.865107982440457,7.857238224461417,0.007869757979039651,26.0,26.0,,,
D_OB,870,7.474165114598797,7.5470130811874085,-0.07284796658861081,23.0,23.0,,,
D_OB,871,8.039450430211758,8.074412020743967,-0.03496159053220898,24.0,24.0,,,
D_OB,872,8.757009345794392,8.762198682302467,-0.005189336508074812,20.0,20.0,,,
D_OB,873,8.791975308641975,8.802926395263201,-0.010951086621225617,24.0,24.0,,,
D_OB,874,7.479776062771651,7.547198014522481,-0.06742195175082992,23.0,23.0,,,
D_OB,875,5.204898443954399,5.2471821141202595,-0.042283670165860536,15.0,15.0,,,
D_OB,876,7.593282383170713,7.622535953734444,-0.02925357056373114,23.0,23.0,,,
D_OB,877,8.702395964691046,8.68687507288453,0.015520891806517093,15.0,15.0,,,
D_OB,878,10.407812643448002,10.43082870457145,-0.023016061123446223,26.0,26.0,,,
D_OB,879,5.64465326270299,5.625721831326704,0.018931431376285633,15.0,15.0,,,
D_OB,880,5.2463402576224745,5.244762636478558,0.0015776211439177048,15.0,15.0,,,
D_OB,881,7.572820462859594,7.612934269727423,-0.040113806867828734,20.0,20.0,,,
D_OB,882,9.13935838925718,9.18559582752927,-0.04623743827208812,26.0,26.0,,,
D_OB,883,6.648834086488361,6.700286345101573,-0.051452258613211975,24.0,24.0,,,
D_OB,884,9.036734533649044,9.034764737868986,0.001969795780056676,24.0,24.0,,,
D_OB,885,8.063713692262995,8.12345647332407,-0.059742781061074605,24.0,24.0,,,
D_OB,886,5.854911499172839,5.873304785387323,-0.01839328621448487,19.0,19.0,,,
D_OB,887,9.55417162195191,9.575519687684295,-0.02134806573238519,26.0,26.0,,,
D_OB,888,7.268407805834075,7.294436380619681,-0.02602857478560565,23.0,23.0,,,
D_OB,889,6.1654645279870515,6.1566352162844895,0.008829311702562416,19.0,19.0,,,
D_OB,890,5.185844248231715,5.231866887436918,-0.046022639205202984,13.0,13.0,,,
D_OB,891,5.946399108589796,5.982486450703603,-0.036087342113806896,23.0,23.0,,,
D_OB,892,10.484132449660036,10.51918659210205,-0.035054142442014484,28.0,26.0,,,
D_OB,893,4.522728953369157,4.584686391433887,-0.06195743806473015,14.0,14.0,,,
D_OB,894,7.036701172092748,7.099190229488818,-0.062489057396070635,23.0,23.0,,,
D_OB,895,7.749968376678353,7.767248514556178,-0.01728013787782384,23.0,23.0,,,
D_OB,896,9.082839700225247,9.126788565206146,-0.04394886498089859,19.0,19.0,,,
D_OB,897,5.633825059528091,5.647362160110226,-0.01353710058213518,15.0,15.0,,,
D_OB,898,6.506330908193677,6.499243722832978,0.007087185360698877,20.0,20.0,,,
D_OB,899,8.241784285181131,8.258379409900263,-0.016595124719130935,24.0,24.0,,,
D_OB,900,7.577493261455525,7.601827578563896,-0.024334317108370224,24.0,24.0,,,
D_OB,901,6.1858150339395985,6.223567565282186,-0.03775253134258723,15.0,15.0,,,
D_OB,902,5.428666224286662,5.487645626226323,-0.05897940193966041,24.0,24.0,,,
D_OB,903,9.243203384590272,9.260292655768648,-0.017089271178377066,23.0,23.0,,,
D_OB,904,6.50920116352079,6.548914051712237,-0.03971288819144687,20.0,20.0,,,
D_OB,905,9.408325998682617,9.454203180809463,-0.045877182126846265,20.0,20.0,,,
D_OB,906,6.907421133345452,6.9168620723226795,-0.009440938977227694,23.0,23.0,,,
D_OB,907,5.572837065480238,5.585921740385652,-0.01308467490541423,23.0,23.0,,,
D_OB,908,8.937930622412882,8.957819489879805,-0.01988886746692329,26.0,26.0,,,
D_OB,909,7.920605143266065,7.912808055590306,0.00779708767575877,23.0,23.0,,,
D_OB,910,7.52977674781032,7.551775192927892,-0.021998445117571624,23.0,23.0,,,
D_OB,911,7.8481340495729155,7.888616833813079,-0.04048278424016327,26.0,26.0,,,
D_OB,912,5.990261061088941,6.023060474401083,-0.03279941331214116,20.0,20.0,,,
D_OB,913,7.5616438653919245,7.5955953864784505,-0.03395152108652608,26.0,26.0,,,
D_OB,914,6.920277284907148,6.9455854808117365,-0.02530819590458818,23.0,23.0,,,
D_OB,915,7.147906408084386,7.221446260674351,-0.07353985258996523,19.0,19.0,,,
D_OB,916,7.532540675844806,7.536919630364572,-0.004378954519765995,23.0,23.0,,,
D_OB,917,8.238807518841867,8.258123805633137,-0.019316286791270086,26.0,25.71268081665039,,,
D_OB,918,6.383306284720095,6.364958364740682,0.018347919979412944,15.0,15.0,,,
D_OB,919,6.965951772239117,6.984614742578864,-0.018662970339746485,23.0,23.0,,,
D_OB,920,7.7743050435902346,7.7954913784606,-0.021186334870365614,26.0,26.0,,,
D_OB,921,6.00761411229581,6.0202640948984865,-0.012649982602675379,19.0,19.0,,,
D_OB,922,6.950587214572965,6.969597045730495,-0.01900983115752947,23.0,23.0,,,
D_OB,923,9.992289206490446,10.010334188614658,-0.0180449821242136,26.0,26.0,,,
D_OB,924,6.144865184933215,6.2041907285526765,-0.059325543619462046,23.0,23.0,,,
D_OB,925,8.029710146629414,8.06723382179206,-0.03752367516264531,26.0,26.0,,,
D_OB,926,8.139825218476904,8.200422837493125,-0.0605976190162211,23.0,23.0,,,
D_OB,927,7.124862830281622,7.186648864629436,-0.061786034347814156,15.0,15.0,,,
D_OB,928,8.236367003518808,8.208838216494174,0.02752878702463318,19.0,19.0,,,
D_OB,929,7.277184903251876,7.331468267758149,-0.054283364506273434,23.0,23.0,,,
D_OB,930,6.2455884190124324,6.277740944836435,-0.03215252582400227,19.0,19.0,,,
D_OB,931,9.23319864071416,9.200896716691801,0.03230192402235936,26.0,26.0,,,
D_OB,932,6.629538715570074,6.637270175283108,-0.0077314597130343195,15.0,15.0,,,
D_OB,933,8.082475355337989,8.141265132994247,-0.05878977765625806,23.0,23.0,,,
D_OB,934,7.566980402936016,7.614315397671998,-0.04733499473598192,23.0,23.0,,,
D_OB,935,7.755423032064194,7.7541348015841995,0.001288230479994782,23.0,23.0,,,
D_OB,936,11.053225744807522,11.064992107188974,-0.011766362381452105,26.0,26.0,,,
D_OB,937,6.382794478849068,6.395342523293534,-0.012548044444465755,20.0,20.0,,,
D_OB,938,10.466738294031542,10.491885109612086,-0.02514681558054483,26.0,26.0,,,
D_OB,939,8.276961628898093,8.297819098689525,-0.020857469791433405,26.0,26.0,,,
D_OB,940,5.906881538472434,5.87519975595696,0.031681782515474065,20.0,20.0,,,
D_OB,941,6.444455816986827,6.464667980856464,-0.02021216386963666,23.0,23.0,,,
D_OB,942,6.573427421221427,6.605478167139403,-0.03205074591797602,26.0,25.69894051551819,,,
D_OB,943,7.636933918487611,7.660428524157663,-0.023494605670051058,24.0,24.0,,,
D_OB,944,9.264264612491226,9.281596869553818,-0.017332257062592178,28.0,26.39887657165517,,,
D_OB,945,8.312638549389508,8.296166626643329,0.0164719227461787,23.0,23.0,,,
D_OB,946,6.804261132906576,6.863458477885675,-0.059197344979098905,23.0,23.0,,,
D_OB,947,4.7212141435391946,4.774532981942035,-0.05331883840284093,13.0,13.0,,,
D_OB,948,7.560145845455406,7.599039592272714,-0.03889374681730789,26.0,26.0,,,
D_OB,949,7.0279913652753105,7.065654427599599,-0.037663062324288316,23.0,23.0,,,
D_OB,950,8.886346936855887,8.953470026543751,-0.06712308968786485,26.0,26.0,,,
D_OB,951,6.933338866999504,6.970023533694115,-0.036684666694611234,24.0,24.0,,,
D_OB,952,7.556272648302324,7.600979408310966,-0.04470676000864228,24.0,24.0,,,
D_OB,953,8.285405770003424,8.350218356704929,-0.06481258670150523,24.0,24.0,,,
D_OB,954,7.47447344389138,7.507008973012843,-0.03253552912146214,23.0,23.0,,,
D_OB,955,8.166107382550335,8.159690657584726,0.006416724965609693,26.0,25.69894051551819,,,
D_OB,956,7.179263538093243,7.15968240537111,0.019581132722132414,23.0,23.0,,,
D_OB,957,6.360289858393586,6.398887712142371,-0.03859785374878459,19.0,19.0,,,
D_OB,958,7.568225496476617,7.578426207738531,-0.010200711261913,24.0,24.0,,,
D_OB,959,5.6192822736936945,5.683597213903967,-0.06431494021027219,23.0,23.0,,,
D_OB,960,6.06818820435252,6.074342201605488,-0.006153997252969181,23.0,23.0,,,
D_OB,961,10.336780150864525,10.373754168408732,-0.03697401754420806,26.0,26.0,,,
D_OB,962,5.96707291579586,5.992616610876963,-0.025543695081102887,23.0,23.0,,,
D_OB,963,7.59415578039507,7.668102939527231,-0.07394715913216075,23.0,23.0,,,
D_OB,964,7.8736075432410795,7.936992020452982,-0.06338447721190207,23.200000000000045,23.200000000000045,,,
D_OB,965,6.982821497304142,7.013492935137178,-0.030671437833035876,23.0,23.0,,,
D_OB,966,5.757621488709381,5.770201317418088,-0.012579828708708062,23.0,23.0,,,
D_OB,967,8.39031052686391,8.398996486281462,-0.008685959417552604,23.0,23.0,,,
D_OB,968,4.966417420275738,5.007868076280328,-0.04145065600459019,11.400000000000091,11.400000000000091,,,
D_OB,969,5.035199901629178,5.054765997674263,-0.019566096045085062,19.0,19.0,,,
D_OB,970,6.273917236550262,6.295082813725388,-0.021165577175126245,23.0,23.0,,,
D_OB,971,5.392537003782179,5.393058526462743,-0.0005215226805635861,23.0,23.0,,,
D_OB,972,7.1884441959173655,7.230422285316214,-0.041978089398847965,26.0,26.0,,,
D_OB,973,6.39820594164933,6.391077852572607,0.007128089076721985,23.0,23.0,,,
D_OB,974,6.814441510255296,6.829769244403885,-0.015327734148589789,19.0,19.0,,,
D_OB,975,7.71618799891653,7.743674751474887,-0.02748675255835811,20.0,20.0,,,
D_OB,976,9.339614713406927,9.371076211849958,-0.0314614984430321,28.0,28.0,,,
D_OB,977,7.875050261038513,7.89094711599746,-0.015896854958946483,20.0,20.0,,,
D_OB,978,10.71260506842765,10.687423643468135,0.02518142495951403,26.0,26.0,,,
D_OB,979,8.519434488018609,8.531785610398524,-0.012351122379915093,20.0,20.0,,,
D_OB,980,8.555927481341897,8.587973684741195,-0.03204620339929732,26.0,25.770144653320326,,,
D_OB,981,8.959658103750165,8.99839336330116,-0.038735259550994626,23.0,23.0,,,
D_OB,982,7.57171449415001,7.5861781230315035,-0.014463628881494123,20.0,20.0,,,
D_OB,983,9.258281032938353,9.306438563843848,-0.048157530905495224,26.0,26.0,,,
D_OB,984,9.747578426127976,9.784224372682337,-0.036645946554359654,43.0,43.0,,,
D_OB,985,7.055685051772294,7.077386079972295,-0.021701028200001242,23.0,23.0,,,
D_OB,986,7.921767143203931,8.011557166044618,-0.08979002284068688,23.0,23.0,,,
D_OB,987,8.385384060087658,8.42044366520845,-0.03505960512079183,20.0,20.0,,,
D_OB,988,8.644172088902582,8.609840972319631,0.03433111658295121,20.0,20.0,,,
D_OB,989,7.099820681410639,7.105988337618822,-0.00616765620818198,23.0,23.0,,,
D_OB,990,8.514024390243902,8.543296515069358,-0.02927212482545434,24.0,24.0,,,
D_OB,991,9.389270406162218,9.44740304114938,-0.058132634987160925,23.0,23.0,,,
D_OB,992,8.223487513888742,8.225040520742997,-0.0015530068542539458,26.0,25.69894051551819,,,
D_OB,993,8.59537914691943,8.61268809494249,-0.017308948023059358,23.0,23.0,,,
D_OB,994,7.84844306411957,7.8750363411671795,-0.02659327704760978,23.0,23.0,,,
D_OB,995,10.482796211088953,10.515850283237842,-0.033054072148890064,26.0,26.0,,,
D_OB,996,4.46688528757829,4.477347759833703,-0.010462472255413349,13.0,13.0,,,
D_OB,997,6.762970014166819,6.765369123040398,-0.0023991088735785633,23.0,23.0,,,
D_OB,998,9.8190352083396,9.858522683596439,-0.039487475256839814,26.0,26.0,,,
D_OB,999,7.084371526736134,7.09662712085172,-0.01225559411558715,20.400000000000546,20.400000000000546,,,
D_OB,1000,11.068171511124762,11.045624020987574,0.02254749013718708,26.0,26.0,,,
D_OB,1001,7.67984541934548,7.763540629485641,-0.08369521014016083,26.0,26.0,,,
D_OB,1002,8.973132042455745,8.996493638440565,-0.023361595984819156,26.0,26.0,,,
D_OB,1003,5.451685934343882,5.481659256836824,-0.029973322492942475,23.0,23.0,,,
D_OB,1004,8.98981392496037,9.00630690185529,-0.01649297689491848,27.0,26.0,,,
D_OB,1005,7.675926167363654,7.7204390161459235,-0.04451284878227014,14.0,14.0,,,
D_OB,1006,5.886467889908257,5.897059068083763,-0.010591178175506241,23.0,23.0,,,
D_OB,1007,8.407092029370633,8.393230437022176,0.013861592348456988,23.0,23.0,,,
D_OB,1008,5.265958040288856,5.332995470914583,-0.0670374306257277,15.0,15.0,,,
D_OB,1009,8.603442522262684,8.571745540279709,0.03169698198297573,26.0,25.703617334365845,,,
D_OB,1010,5.944835139661663,6.029841320438898,-0.08500618077723496,20.0,20.0,,,
D_OB,1011,7.068088153113238,7.098779522662497,-0.030691369549258725,23.0,23.0,,,
D_OB,1012,8.147236150012297,8.20220248895533,-0.054966338943032655,23.0,23.0,,,
D_OB,1013,7.501337436115979,7.559158313220651,-0.0578208771046714,20.0,20.0,,,
D_OB,1014,7.348651205440384,7.339588614430526,0.00906259100985761,23.0,23.0,,,
D_OB,1015,8.2377789000467,8.227742362438162,0.010036537608538345,24.0,24.0,,,
D_OB,1016,7.218324785640466,7.256385971799888,-0.03806118615942193,19.0,19.0,,,
D_OB,1017,7.706896551724138,7.734489974595704,-0.027593422871565847,25.400000000000546,25.400000000000546,,,
D_OB,1018,5.243124319804655,5.219482508508426,0.023641811296228974,13.0,13.0,,,
D_OB,1019,7.2489304743550145,7.287128555411757,-0.03819808105674225,20.0,20.0,,,
D_OB,1020,7.78724626611332,7.813252815861388,-0.026006549748067324,23.0,23.0,,,
D_OB,1021,5.94694632942628,5.956426433249067,-0.009480103822786965,23.0,23.0,,,
D_OB,1022,7.93239625167336,7.901366119084748,0.031030132588612508,26.0,25.651022911071777,,,
D_OB,1023,10.144414690525636,10.136066465706065,0.008348224819570349,24.0,24.0,,,
D_OB,1024,6.372270120506682,6.367912707931025,0.004357412575657154,24.0,24.0,,,
D_OB,1025,9.542094765153042,9.51596648732689,0.026128277826150785,26.0,26.0,,,
D_OB,1026,7.8105591206637515,7.850485167662203,-0.03992604699845137,23.0,23.0,,,
D_OB,1027,7.6562073643906885,7.691227128786515,-0.03501976439582613,19.0,19.0,,,
D_OB,1028,5.225989452149243,5.235750929924565,-0.00976147777532201,23.0,23.0,,,
D_OB,1029,7.318038203174237,7.3616465837045,-0.04360838053026353,23.0,23.0,,,
D_OB,1030,7.444829170982839,7.458912514068268,-0.01408334308542894,23.0,23.0,,,
D_OB,1031,7.535128144801495,7.548812972479983,-0.013684827678488413,23.0,23.0,,,
D_OB,1032,6.072309759884504,6.077646015775301,-0.00533625589079688,23.0,23.0,,,
D_OB,1033,7.8771253392218465,7.8875576627619,-0.010432323540053579,23.0,23.0,,,
D_OB,1034,7.1937283434406405,7.1524701493786225,0.041258194062017625,24.0,24.0,,,
D_OB,1035,5.940631827388901,5.9745381836431575,-0.033906356254255914,23.0,23.0,,,
D_OB,1036,8.676670077204834,8.713273085612979,-0.036603008408144296,24.0,24.0,,,
D_OB,1037,8.632545007689275,8.652838390153393,-0.020293382464117556,23.0,23.0,,,
D_OB,1038,7.961262650366099,7.999912557174575,-0.03864990680847528,23.0,23.0,,,
D_OB,1039,5.506867006776565,5.504842469493933,0.0020245372826325977,13.0,13.0,,,
D_OB,1040,7.36902236130278,7.391834131218095,-0.02281176991531554,20.0,20.0,,,
D_OB,1041,10.279763283616429,10.322470824380815,-0.04270754076438701,28.0,28.0,,,
D_OB,1042,8.053765967479274,8.088152894523745,-0.03438692704447096,23.0,23.0,,,
D_OB,1043,3.6764323367437513,3.708238579782987,-0.03180624303923582,11.0,11.0,,,
D_OB,1044,5.289892548171829,5.302372369110236,-0.012479820938407408,13.0,13.0,,,
D_OB,1045,8.970994917381224,8.977373414161057,-0.006378496779833019,23.0,23.0,,,
D_OB,1046,4.9317101467809366,4.951594420863736,-0.01988427408279911,13.0,13.0,,,
D_OB,1047,10.193556961450138,10.238896099754099,-0.04533913830395977,28.0,28.0,,,
D_OB,1048,5.265335008433687,5.288282205909111,-0.022947197475423634,23.0,23.0,,,
D_OB,1049,7.149212800233414,7.167549651986442,-0.018336851753027388,23.0,23.0,,,
D_OB,1050,7.92261781413963,7.936370666899171,-0.01375285275954033,20.0,20.0,,,
D_OB,1051,7.757505773672055,7.77529814199267,-0.017792368320614857,26.0,26.0,,,
D_OB,1052,7.822744696646206,7.842373812799507,-0.019629116153301627,15.0,15.0,,,
D_OB,1053,5.101615664468895,5.125012290700506,-0.023396626231611456,13.0,13.0,,,
D_OB,1054,6.708500199728576,6.756429832974559,-0.047929633245982976,19.0,19.0,,,
D_OB,1055,6.607817734238476,6.61755296257947,-0.009735228340993718,20.0,20.0,,,
D_OB,1056,6.913097812515103,6.942298751546851,-0.029200939031747673,23.0,23.0,,,
D_OB,1057,6.839429101384717,6.85748412285322,-0.018055021468503976,26.0,25.708645701408386,,,
D_OB,1058,8.203697660018616,8.245845912038817,-0.04214825202020256,24.0,24.0,,,
D_OB,1059,7.494842578499382,7.5037850626431,-0.008942484143718473,23.0,23.0,,,
D_OB,1060,8.284376494257959,8.335198081149416,-0.05082158689145689,23.0,23.0,,,
D_OB,1061,6.844286929080782,6.819407947205038,0.024878981875743993,26.0,25.70544934272766,,,
D_OB,1062,8.192052529356951,8.19265224060448,-0.0005997112475281275,24.0,24.0,,,
D_OB,1063,5.472621442253747,5.529477080916266,-0.05685563866251861,10.0,10.0,,,
D_OB,1064,10.309309229716218,10.316205859922658,-0.006896630206439549,28.0,26.0,,,
D_OB,1065,7.79938877010525,7.822332329519575,-0.02294355941432419,26.0,25.702681970596313,,,
D_OB,1066,5.8524612892371275,5.894479254853199,-0.04201796561607111,13.0,13.0,,,
D_OB,1067,6.9046866451134665,6.934610551491496,-0.029923906378030347,23.0,23.0,,,
D_OB,1068,5.438089512044289,5.464814187439739,-0.026724675395449655,13.0,13.0,,,
D_OB,1069,5.506660867736368,5.531031362111305,-0.024370494374936637,13.0,13.0,,,
D_OB,1070,5.974999243492592,5.999657009826096,-0.024657766333504565,23.600000000000364,23.600000000000364,,,
D_OB,1071,8.735390133065806,8.695687942201594,0.03970219086421252,26.0,26.0,,,
D_OB,1072,8.023581819955483,8.049535747206173,-0.02595392725069064,24.0,24.0,,,
D_OB,1073,7.678640153944836,7.7416478131657005,-0.06300765922086372,20.0,20.0,,,
D_OB,1074,6.184094699532468,6.184929909906727,-0.0008352103742580969,14.600000000000136,14.600000000000136,,,
D_OB,1075,11.092399453794634,11.106982089670636,-0.014582635876001832,36.0,36.0,,,
D_OB,1076,6.777486094095094,6.793949601299967,-0.01646350720487352,23.0,23.0,,,
D_OB,1077,7.173463128760377,7.233003771866654,-0.059540643106277456,24.0,24.0,,,
D_OB,1078,9.659485917903007,9.692514172344342,-0.03302825444133569,28.0,28.0,,,
D_OB,1079,7.883806356323053,7.914579096139061,-0.03077273981600747,19.0,19.0,,,
D_OB,1080,11.341894731055309,11.350726232860843,-0.008831501805534797,28.0,28.0,,,
D_OB,1081,9.946550868403072,9.966920069507625,-0.02036920110455203,24.0,24.0,,,
D_OB,1082,7.291769263914126,7.290893860276639,0.0008754036374874529,23.0,23.0,,,
D_OB,1083,8.051620935549204,8.065906582216476,-0.014285646667272583,20.0,20.0,,,
D_OB,1084,7.251063829787234,7.289147803462144,-0.03808397367490944,26.0,26.0,,,
D_OB,1085,7.6800659877893045,7.702512324069481,-0.02244633628017712,23.0,23.0,,,
D_OB,1086,6.751172332833199,6.712581589618836,0.03859074321436274,24.0,24.0,,,
D_OB,1087,9.760218521813366,9.802182894258113,-0.041964372444747024,24.0,24.0,,,
D_OB,1088,6.228525150330176,6.231347182372693,-0.0028220320425179054,20.0,20.0,,,
D_OB,1089,5.271707840631291,5.317016204531771,-0.04530836390047984,19.0,19.0,,,
D_OB,1090,8.33936379276484,8.386760182609253,-0.0473963898444144,26.0,25.71223247051239,,,
D_OB,1091,7.2916227091628665,7.323120886927208,-0.031498177764342,23.0,23.0,,,
D_OB,1092,9.480002614998691,9.472883219970198,0.007119395028493191,23.200000000000045,23.200000000000045,,,
D_OB,1093,6.901126776457646,6.931742077231814,-0.030615300774167423,15.0,15.0,,,
D_OB,1094,6.869499123126799,6.882792388968189,-0.01329326584138943,26.0,25.71223247051239,,,
D_OB,1095,5.840627713013862,5.867174904499579,-0.026547191485717027,15.0,15.0,,,
D_OB,1096,6.1616306511240495,6.179711032239508,-0.01808038111545858,15.0,15.0,,,
D_OB,1097,5.990916491474753,6.069993015577555,-0.07907652410280283,14.0,14.0,,,
D_OB,1098,6.77160412962037,6.831048827915523,-0.059444698295152254,20.0,20.0,,,
D_OB,1099,6.415428405736154,6.447815313900545,-0.03238690816439115,23.0,23.0,,,
D_OB,1100,8.876473830241828,8.949787933816507,-0.07331410357467896,26.0,26.0,,,
D_OB,1101,7.212791110329241,7.2502133443283885,-0.037422233999147375,24.0,24.0,,,
D_OB,1102,7.537974351068895,7.531803650276683,0.00617070079221161,24.0,24.0,,,
D_OB,1103,11.910628720977396,11.893852802801806,0.016775918175589363,23.0,23.0,,,
D_OB,1104,5.223577235772358,5.2410594298310675,-0.017482194058709582,11.0,11.0,,,
D_OB,1105,7.603390754510125,7.683318542905747,-0.07992778839562226,19.0,19.0,,,
D_OB,1106,8.137162630315606,8.150001264907218,-0.012838634591611962,24.0,24.0,,,
D_OB,1107,7.948105429079833,7.959106384513826,-0.011000955433992677,23.0,23.0,,,
D_OB,1108,9.9330419176797,10.018448458547178,-0.08540654086747695,36.0,36.0,,,
D_OB,1109,5.467734021931215,5.517691655798173,-0.04995763386695835,19.0,19.0,,,
D_OB,1110,7.925777368709959,7.905634064372928,0.02014330433703017,23.0,23.0,,,
D_OB,1111,6.031446286148026,6.039545926513222,-0.008099640365195485,15.0,15.0,,,
D_OB,1112,4.025014839894685,4.034799907916725,-0.00978506802204019,10.0,10.0,,,
D_OB,1113,9.519161600416357,9.516302306814627,0.0028592936017296532,24.0,24.0,,,
D_OB,1114,9.469292389853138,9.51125715460096,-0.041964764747823353,28.0,28.0,,,
D_OB,1115,7.300187617260788,7.3319370631801855,-0.0317494459193971,23.0,23.0,,,
D_OB,1116,6.338704088629869,6.341546119331682,-0.0028420307018138745,23.0,23.0,,,
D_OB,1117,6.795979881450482,6.8236786671930165,-0.027698785742533576,15.0,15.0,,,
D_OB,1118,8.539861895794099,8.558337255760476,-0.018475359966376257,24.0,24.0,,,
D_OB,1119,6.569499008672338,6.614959393728507,-0.04546038505616882,23.0,23.0,,,
D_OB,1120,7.487094614599899,7.552442144912064,-0.06534753031216443,23.0,23.0,,,
D_OB,1121,6.28892857991685,6.304367406836523,-0.01543882691967319,23.0,23.0,,,
D_OB,1122,7.807837644735365,7.832510087738787,-0.024672443003422702,23.0,23.0,,,
D_OB,1123,6.747921702613809,6.8171540101831,-0.0692323075692921,23.0,23.0,,,
D_OB,1124,7.49083735322343,7.547142934702993,-0.056305581479563195,23.0,23.0,,,
D_OB,1125,8.771562861315946,8.807747874546353,-0.0361850132304072,24.0,24.0,,,
D_OB,1126,7.48718402295427,7.48601673963528,0.0011672833189890729,24.0,24.0,,,
D_OB,1127,5.7597921933092024,5.807586753911763,-0.047794560602560564,23.0,23.0,,,
D_OB,1128,7.8980328884720805,7.897631956040859,0.0004009324312210083,23.0,23.0,,,
D_OB,1129,5.571524064171123,5.634288213310395,-0.0627641491392717,15.0,15.0,,,
D_OB,1130,9.188565732640695,9.194802688902195,-0.006236956261500558,23.0,23.0,,,
D_OB,1131,6.827371813404945,6.862199430773335,-0.03482761736839048,24.0,24.0,,,
D_OB,1132,8.76775558837231,8.787006718822862,-0.019251130450552312,23.0,23.0,,,
D_OB,1133,5.776803681801507,5.819806988478633,-0.043003306677125916,19.0,19.0,,,
D_OB,1134,8.115032679738562,8.11558405776429,-0.0005513780257281135,26.0,26.0,,,
D_OB,1135,5.352745436207044,5.371789709317591,-0.019044273110546697,23.0,23.0,,,
D_OB,1136,7.276825164789808,7.256869536494442,0.01995562829536663,20.0,20.0,,,
D_OB,1137,7.24607483559501,7.299257870827112,-0.053183035232101286,23.0,23.0,,,
D_OB,1138,7.336200281553668,7.338754784672358,-0.002554503118689666,23.0,23.0,,,
D_OB,1139,5.673405520915985,5.73783468157053,-0.06442916065454483,14.0,14.0,,,
D_OB,1140,4.261044176706827,4.272404997497882,-0.011360820791055194,15.0,15.0,,,
D_OB,1141,7.427726269768269,7.458810400148578,-0.031084130380309365,23.0,23.0,,,
D_OB,1142,4.675684756849419,4.7174860217506,-0.041801264901180635,19.0,19.0,,,
D_OB,1143,10.668895622557105,10.707930861665739,-0.03903523910863359,28.0,28.0,,,
D_OB,1144,7.3187816341718035,7.291374572747046,0.02740706142475851,20.0,20.0,,,
D_OB,1145,6.913934471479768,6.945744807178565,-0.03181033569879681,23.0,23.0,,,
D_OB,1146,6.622942472822103,6.606534462029011,0.016408010793091662,20.0,20.0,,,
D_OB,1147,9.532266666666667,9.501957709884644,0.03030895678202311,26.0,26.0,,,
D_OB,1148,8.94375846831655,8.946542882430874,-0.002784414114323224,28.0,26.0,,,
D_OB,1149,7.418842850051259,7.464670109709519,-0.04582725965825983,23.0,23.0,,,
D_OB,1150,5.831646854960762,5.829899026316847,0.0017478286439154345,23.0,23.0,,,
D_OB,1151,5.925837070087946,5.9547812588339815,-0.028944188746035517,23.0,23.0,,,
D_OB,1152,5.046066368863882,5.021820601609235,0.02424576725464701,23.0,23.0,,,
D_OB,1153,6.620422051084523,6.65309216211809,-0.0326701110335672,20.0,20.0,,,
D_OB,1154,6.4514248704663215,6.415308935036931,0.036115935429390233,22.800000000000182,22.800000000000182,,,
D_OB,1155,8.829083768536849,8.866745365213374,-0.03766159667652481,23.299999999999955,23.299999999999955,,,
D_OB,1156,6.883866481223922,6.848736053879304,0.03513042734461799,24.0,24.0,,,
D_OB,1157,6.996896937671328,6.994899730151149,0.001997207520178838,23.0,23.0,,,
D_OB,1158,9.482296351163361,9.482299321350702,-2.9701873420044096e-06,26.0,26.0,,,
D_OB,1159,9.040005658850465,9.065151224832823,-0.025145565982356736,23.0,23.0,,,
D_OB,1160,8.331086187255783,8.386786625067591,-0.05570043781180756,24.0,24.0,,,
D_OB,1161,6.575840951616819,6.591997359752388,-0.016156408135568703,23.0,23.0,,,
D_OB,1162,5.723321600964195,5.743574878573417,-0.020253277609222815,19.0,19.0,,,
D_OB,1163,6.203797991001683,6.195795789113186,0.008002201888497464,19.0,19.0,,,
D_OB,1164,7.829137467991762,7.817949439603758,0.01118802838800359,26.0,26.0,,,
D_OB,1165,5.8850953096900485,5.907144287635719,-0.02204897794567171,23.0,23.0,,,
D_OB,1166,5.456542017092517,5.451668220992535,0.004873796099982593,13.0,13.0,,,
D_OB,1167,6.506586608069632,6.56983297941325,-0.06324637134361755,20.0,20.0,,,
D_OB,1168,10.862129154467999,10.890131697083806,-0.028002542615807948,24.0,24.0,,,
D_OB,1169,6.2277994123264335,6.291783288195359,-0.06398387586892541,23.0,23.0,,,
D_OB,1170,7.4401024983984625,7.44456714303886,-0.004464644640397751,24.0,24.0,,,
D_OB,1171,8.38031801255448,8.396093996485915,-0.01577598393143484,26.0,26.0,,,
D_OB,1172,6.962081292882734,6.9383927635467595,0.023688529335974075,23.0,23.0,,,
D_OB,1173,7.110567332600518,7.119793881329415,-0.009226548728897131,23.0,23.0,,,
D_OB,1174,8.657057921253905,8.664188398958064,-0.007130477704158446,26.0,26.0,,,
D_OB,1175,5.971129998935396,5.999762085094974,-0.02863208615957801,13.0,13.0,,,
D_OB,1176,6.1283314118101035,6.153739087224945,-0.025407675414841676,23.0,23.0,,,
D_OB,1177,7.8160225224817514,7.790385055219408,0.02563746726234314,23.0,23.0,,,
D_OB,1178,9.184204519847858,9.19360537447481,-0.009400854626951734,28.0,28.0,,,
D_OB,1179,8.119174961428026,8.116723455108321,0.0024515063197047145,28.0,28.0,,,
D_OB,1180,4.94105579793967,4.97515126202127,-0.034095464081599795,13.0,13.0,,,
D_OB,1181,8.914625432403671,8.890625725227617,0.02399970717605378,25.199999999999818,24.495306873321457,,,
D_OB,1182,8.158002700184644,8.184602766552096,-0.02660006636745216,20.0,20.0,,,
D_OB,1183,6.108067070652216,6.13443435584235,-0.02636728519013413,23.0,23.0,,,
D_OB,1184,8.397058823529411,8.383214643135428,0.013844180393983973,19.0,19.0,,,
D_OB,1185,8.652051982374136,8.661953901890099,-0.009901919515963593,26.0,26.0,,,
D_OB,1186,7.623028654079278,7.624103480386564,-0.00107482630728544,24.0,24.0,,,
D_OB,1187,7.33892429796429,7.370812867519265,-0.03188856955497495,23.0,23.0,,,
D_OB,1188,7.804663441483936,7.811632452367926,-0.006969010883988707,24.0,24.0,,,
D_OB,1189,6.520562588410404,6.522737822194737,-0.0021752337843342164,23.0,23.0,,,
D_OB,1190,6.380198168055135,6.38161183346291,-0.0014136654077743997,13.0,13.0,,,
D_OB,1191,5.594785039478695,5.622896319637603,-0.028111280158908406,20.0,20.0,,,
D_OB,1192,6.649361345361402,6.678399001850801,-0.029037656489398884,19.799999999999955,19.799999999999955,,,
D_OB,1193,7.396449839445821,7.4219244825651,-0.025474643119278894,23.0,23.0,,,
D_OB,1194,6.096430807764558,6.077371146728191,0.019059661036367782,15.0,15.0,,,
D_OB,1195,8.241813871474285,8.308702679450128,-0.06688880797584329,24.800000000000182,24.800000000000182,,,
D_OB,1196,4.187144450793513,4.174700697432173,0.012443753361339627,11.0,11.0,,,
D_OB,1197,5.620931100191356,5.61782046606943,0.003110634121926114,15.0,15.0,,,
D_OB,1198,7.329361114435177,7.3428846349540144,-0.013523520518836514,23.0,23.0,,,
D_OB,1199,6.545490669036118,6.5232841653851334,0.022206503650984092,23.0,23.0,,,
D_OB,1200,10.500155091038554,10.531210227925445,-0.031055136886891942,26.0,26.0,,,
D_OB,1201,10.119194336225522,10.15425704677633,-0.035062710550807466,26.0,26.0,,,
D_OB,1202,7.761887178720852,7.815261931032748,-0.05337475231189591,20.0,20.0,,,
D_OB,1203,6.994036154805517,6.988546405394384,0.005489749411132438,23.0,23.0,,,
D_OB,1204,7.987385624825792,7.993148669754777,-0.005763044928984681,23.0,23.0,,,
D_OB,1205,5.416540414944355,5.4596070926647755,-0.043066677720420936,14.0,14.0,,,
D_OB,1206,7.765931467625259,7.809659613155439,-0.043728145530180604,15.0,15.0,,,
D_OB,1207,3.579580812691794,3.6461666562237633,-0.06658584353196946,8.0,8.0,,,
D_OB,1208,10.81413612565445,10.823528815470441,-0.009392689815990589,43.0,43.0,,,
D_OB,1209,9.788957638967604,9.81933637417498,-0.030378735207376027,26.0,26.0,,,
D_OB,1210,8.07551310599411,8.058308296066395,0.01720480992771607,23.0,23.0,,,
D_OB,1211,9.485447767110971,9.520794618900005,-0.03534685178903433,26.0,26.0,,,
D_OB,1212,7.948079415517327,7.957325284589759,-0.009245869072432224,24.0,24.0,,,
D_OB,1213,6.404685369575813,6.419913818708354,-0.015228449132540248,21.80000000000041,21.80000000000041,,,
D_OB,1214,6.383056517733292,6.411685786198155,-0.028629268464863047,23.0,23.0,,,
D_OB,1215,6.566328585820934,6.616528333953513,-0.05019974813257885,19.0,19.0,,,
D_OB,1216,9.86369613641662,9.879588976955466,-0.01589284053884731,23.0,23.0,,,
D_OB,1217,7.933255269320843,7.951707107959363,-0.018451838638520072,26.0,26.0,,,
D_OB,1218,6.177824684296654,6.267428298568011,-0.08960361427135682,23.0,23.0,,,
D_OB,1219,6.9139482564679415,6.945384123059842,-0.03143586659190089,23.0,23.0,,,
D_OB,1220,9.164678199836777,9.183890989257781,-0.019212789421005197,28.0,28.0,,,
D_OB,1221,6.314975247524752,6.31643439298219,-0.001459145457437723,20.0,20.0,,,
D_OB,1222,8.410802962535467,8.390220615191337,0.020582347344129514,23.0,23.0,,,
D_OB,1223,7.116947977517839,7.133884113338475,-0.016936135820635835,15.0,15.0,,,
D_OB,1224,6.4875457105238254,6.518128045800277,-0.03058233527645139,20.0,20.0,,,
D_OB,1225,9.508368269635298,9.551051519298028,-0.04268324966273032,26.0,26.0,,,
D_OB,1226,6.8936623021877015,6.938656282158537,-0.04499397997083611,26.0,26.0,,,
D_OB,1227,6.808695652173913,6.8115602613791175,-0.0028646092052045076,23.0,23.0,,,
D_OB,1228,7.074716078900179,7.0713128570447195,0.003403221855459994,23.0,23.0,,,
D_OB,1229,5.560868635054954,5.586061791821692,-0.025193156766738157,15.0,15.0,,,
D_OB,1230,6.172610289840907,6.179740608655489,-0.007130318814581567,19.0,19.0,,,
D_OB,1231,6.389381456663242,6.435029107638356,-0.04564765097511499,23.0,23.0,,,
D_OB,1232,8.507751937984496,8.53905197209034,-0.03130003410584375,24.0,24.0,,,
D_OB,1233,9.322252044391801,9.37093915146004,-0.04868710706824068,23.0,23.0,,,
D_OB,1234,6.5168143391233135,6.516651072336672,0.00016326678664150299,15.0,15.0,,,
D_OB,1235,7.210197226896376,7.231065601923098,-0.020868375026721987,23.0,23.0,,,
D_OB,1236,7.501381701130448,7.568453624818545,-0.06707192368809743,23.0,23.0,,,
D_OB,1237,5.745129906351722,5.735093953871198,0.010035952480524402,24.0,24.0,,,
D_OB,1238,8.185233531400675,8.202187311771276,-0.016953780370600083,20.0,20.0,,,
D_OB,1239,7.955886996848673,8.01546442056004,-0.05957742371136629,26.0,25.699408197402956,,,
D_OB,1240,5.016337395297001,5.030266314890611,-0.013928919593609673,20.0,20.0,,,
D_OB,1241,5.389810051673498,5.402611300731317,-0.012801249057818681,20.0,20.0,,,
D_OB,1242,7.390072692072753,7.426340248398106,-0.03626755632535376,15.0,15.0,,,
D_OB,1243,6.140381224542359,6.154204361620837,-0.013823137078478683,20.0,20.0,,,
D_OB,1244,8.398460642527668,8.411441690263118,-0.012981047735449251,20.0,20.0,,,
D_OB,1245,5.379087549097398,5.435814279247733,-0.05672673015033498,15.0,15.0,,,
D_OB,1246,5.690650950582688,5.7250610398707416,-0.03441008928805421,19.0,19.0,,,
D_OB,1247,7.9725475319290675,7.989696240232837,-0.01714870830376943,24.59999999999991,24.495306873321457,,,
D_OB,1248,8.468805897615209,8.438783133764403,0.030022763850806773,28.0,28.0,,,
D_OB,1249,9.670410264508305,9.678794088482544,-0.008383823974238919,36.0,36.0,,,
D_OB,1250,7.766184259724701,7.779379056283526,-0.01319479655882495,20.0,20.0,,,
D_OB,1251,6.871183869434379,6.8442595656155145,0.02692430381886443,20.0,20.0,,,
D_OB,1252,8.51683781948193,8.537095960562791,-0.02025814108086149,23.0,23.0,,,
D_OB,1253,9.41562156988227,9.454887399466141,-0.03926582958387292,24.0,24.0,,,
D_OB,1254,8.281572164948454,8.272528878960413,0.009043285988040805,24.0,24.0,,,
D_OB,1255,7.236175532277499,7.275685872794164,-0.03951034051666525,23.0,23.0,,,
D_OB,1256,6.358048763543713,6.365924520692662,-0.007875757148949104,23.0,23.0,,,
D_OB,1257,7.4405982167791365,7.436872098450044,0.00372611832909299,26.0,25.71268081665039,,,
D_OB,1258,6.5574429560882725,6.594357759262956,-0.03691480317468309,24.0,24.0,,,
D_OB,1259,4.606629594799778,4.66323272818965,-0.056603133389871566,23.0,23.0,,,
D_OB,1260,10.095790233393354,10.14592529695726,-0.050135063563906866,23.0,23.0,,,
D_OB,1261,11.560009730604293,11.579541097022274,-0.019531366417981227,28.0,28.0,,,
D_OB,1262,6.525611175785797,6.504044521257403,0.021566654528394704,23.0,23.0,,,
D_OB,1263,6.204740104149169,6.267937580542846,-0.06319747639367607,15.0,15.0,,,
D_OB,1264,5.7519832813739775,5.768196514546871,-0.016213233172893523,19.0,19.0,,,
D_OB,1265,10.020812793183573,10.056556997993559,-0.03574420480998521,23.0,23.0,,,
D_OB,1266,8.218523185819251,8.232516375170452,-0.013993189351199425,26.0,25.71268081665039,,,
D_OB,1267,8.641338543962801,8.687102306097188,-0.045763762134386786,23.0,23.0,,,
D_OB,1268,3.8643457343914367,3.895463682181083,-0.031117947789646636,11.0,11.0,,,
D_OB,1269,5.8689741207827195,5.898952055320465,-0.02997793453774578,23.0,23.0,,,
D_OB,1270,11.493355745325344,11.50263460907879,-0.009278863753445544,26.0,26.0,,,
D_OB,1271,5.733756913678278,5.750347088047811,-0.016590174369532206,13.0,13.0,,,
D_OB,1272,7.213516909760374,7.226431704668344,-0.012914794907969663,24.0,24.0,,,
D_OB,1273,6.333135931859918,6.37533035338749,-0.04219442152757249,23.0,23.0,,,
D_OB,1274,7.507896672458451,7.536581217076616,-0.028684544618165397,23.0,23.0,,,
D_OB,1275,7.517626607478572,7.519487287066309,-0.0018606795877369527,23.0,23.0,,,
D_OB,1276,7.931530157229718,7.91468663999109,0.01684351723862775,20.0,20.0,,,
D_OB,1277,5.888981416519615,5.906597542279772,-0.017616125760157465,13.0,13.0,,,
D_OB,1278,8.79582556501954,8.789873159432833,0.005952405586706853,26.0,26.0,,,
D_OB,1279,7.31359890825987,7.313871274190567,-0.00027236593069658463,23.0,23.0,,,
D_OB,1280,6.362177626904344,6.422708236331469,-0.060530609427124245,23.0,23.0,,,
D_OB,1281,6.7415124943847395,6.772325896761134,-0.030813402376394718,20.0,20.0,,,
D_OB,1282,8.535846724351051,8.544191626300034,-0.008344901948983059,28.0,26.0,,,
D_OB,1283,5.3781804128675,5.441564801873578,-0.06338438900607786,15.0,15.0,,,
D_OB,1284,7.359972550145098,7.374653872274755,-0.014681322129656013,23.0,23.0,,,
D_OB,1285,9.558835426706803,9.638792112245815,-0.07995668553901139,23.0,23.0,,,
D_OB,1286,5.452871743517643,5.447183951826006,0.005687791691637381,10.0,10.0,,,
D_OB,1287,11.38746178540408,11.389192722415219,-0.0017309370111386903,26.0,26.0,,,
D_OB,1288,10.001808683989927,10.0072477549554,-0.005439070965474563,26.0,26.0,,,
D_OB,1289,7.837820914214151,7.8455388051835016,-0.00771789096934988,23.0,23.0,,,
D_OB,1290,6.671871739970751,6.704366817384289,-0.032495077413538694,23.0,23.0,,,
D_OB,1291,6.304530804438877,6.314182136113362,-0.009651331674484979,15.0,15.0,,,
D_OB,1292,7.379858657243816,7.398735893067538,-0.018877235823722274,26.0,26.0,,,
D_OB,1293,6.156159584639503,6.185500263798063,-0.029340679158560194,23.0,23.0,,,
D_OB,1294,4.980692410119841,4.991438504065401,-0.01074609394556038,19.0,19.0,,,
D_OB,1295,6.95604102062904,6.969338336856566,-0.013297316227526685,23.0,23.0,,,
D_OB,1296,10.00145855718011,10.055700363248787,-0.05424180606867643,28.0,28.0,,,
D_OB,1297,6.600032223855069,6.629367753324958,-0.029335529469888925,23.0,23.0,,,
D_OB,1298,7.1644474034620504,7.20329530261328,-0.038847899151229354,19.0,19.0,,,
D_OB,1299,6.927144509250835,6.953139292234082,-0.025994782983246496,13.0,13.0,,,
D_OB,1300,7.1809643080776455,7.163012493530063,0.01795181454758235,23.0,23.0,,,
D_OB,1301,9.00937755302217,9.037216177201572,-0.02783862417940275,26.0,26.0,,,
D_OB,1302,9.778877881153734,9.810168862689173,-0.03129098153543777,24.0,24.0,,,
D_OB,1303,9.023298778142397,9.03417909012512,-0.010880311982722575,23.0,23.0,,,
D_OB,1304,7.337091507627782,7.356817902220845,-0.019726394593063856,23.0,23.0,,,
D_OB,1305,7.410991156296415,7.410825034211519,0.00016612208489579387,24.0,24.0,,,
D_OB,1306,9.40273606129077,9.406416606670046,-0.0036805453792751455,28.0,28.0,,,
D_OB,1307,5.907720108210887,5.959856902906137,-0.05213679469525044,19.0,19.0,,,
D_OB,1308,4.440296513135316,4.519821635230643,-0.0795251220953269,13.0,13.0,,,
D_OB,1309,9.374112501393148,9.370111607949557,0.004000893443591322,26.0,26.0,,,
D_OB,1310,6.8903110017061815,6.923655498086381,-0.03334449638019909,13.0,13.0,,,
D_OB,1311,5.81917571741512,5.8397498421085485,-0.020574124693428484,15.0,15.0,,,
D_OB,1312,7.638177517684509,7.725026788199581,-0.08684927051507153,23.0,23.0,,,
D_OB,1313,6.5354001295473925,6.548772513046995,-0.013372383499601539,24.0,24.0,,,
D_OB,1314,8.719863195120144,8.73115391157348,-0.011290716453337334,23.0,23.0,,,
D_OB,1315,8.938377931489418,8.994271878171805,-0.05589394668238846,28.0,25.708197355270386,,,
D_OB,1316,7.045349277189075,7.082733826361891,-0.037384549172815945,26.0,26.0,,,
D_OB,1317,5.120835971703748,5.108998405579929,0.011837566123818451,10.600000000000136,10.600000000000136,,,
D_OB,1318,5.1398425238473076,5.15827663067409,-0.018434106826782228,15.0,15.0,,,
D_OB,1319,4.3912252843594715,4.397840110407745,-0.006614826048273311,13.0,13.0,,,
D_OB,1320,8.303249464157226,8.356958194794343,-0.05370873063711803,23.0,23.0,,,
D_OB,1321,8.311413163839406,8.29752512739093,0.013888036448476828,23.0,23.0,,,
D_OB,1322,6.586427578493633,6.621501147035767,-0.0350735685421345,23.0,23.0,,,
D_OB,1323,10.77843137254902,10.78617167722166,-0.007740304672640134,26.0,26.0,,,
D_OB,1324,4.187337068304958,4.199612491446805,-0.012275423141847173,10.0,10.0,,,
D_OB,1325,6.512447872035683,6.5632981541761115,-0.05085028214042897,26.0,26.0,,,
D_OB,1326,8.63431952662722,8.65403608443469,-0.01971655780747092,23.0,23.0,,,
D_OB,1327,7.802821117562997,7.8275089431647675,-0.024687825601770515,23.0,23.0,,,
D_OB,1328,9.816222442505989,9.823832266058009,-0.0076098235520204085,24.0,24.0,,,
D_OB,1329,6.218538067557595,6.251939579579599,-0.0334015120220039,23.0,23.0,,,
D_OB,1330,7.487043900006059,7.498802138895228,-0.011758238889169001,26.0,25.69894051551819,,,
D_OB,1331,6.680147238737027,6.699445344287263,-0.019298105550235544,26.0,25.655814671516424,,,
D_OB,1332,7.667564139827605,7.688421975105039,-0.020857835277434317,24.0,24.0,,,
D_OB,1333,7.964314278338185,7.989887120642023,-0.02557284230383757,23.0,23.0,,,
D_OB,1334,5.956557325619672,5.995741858945361,-0.03918453332568918,19.0,19.0,,,
D_OB,1335,11.13459793977935,11.11622207739361,0.018375862385740457,23.0,23.0,,,
D_OB,1336,7.76443257941503,7.797516753917726,-0.03308417450269686,20.0,20.0,,,
D_OB,1337,8.823515376429404,8.854943027034883,-0.03142765060547859,26.0,26.0,,,
D_OB,1338,5.816357469923909,5.850306222814439,-0.03394875289053051,23.0,23.0,,,
D_OB,1339,8.032556095746049,8.065982753732904,-0.033426657986854624,24.0,24.0,,,
D_OB,1340,5.466584917228694,5.477598791397254,-0.011013874168559716,20.0,20.0,,,
D_OB,1341,7.21765350877193,7.221178407993233,-0.00352489922130317,23.0,23.0,,,
D_OB,1342,6.794927837066753,6.854791864111859,-0.05986402704510638,14.0,14.0,,,
D_OB,1343,8.507073346778167,8.561380584530585,-0.05430723775241892,23.0,23.0,,,
D_OB,1344,4.926684571850684,4.953278872137245,-0.026594300286561113,20.0,20.0,,,
D_OB,1345,7.546138281349051,7.532217694830484,0.013920586518567018,23.0,23.0,,,
D_OB,1346,7.539329285448697,7.563048768228818,-0.023719482780120534,23.0,23.0,,,
D_OB,1347,4.098184343472148,4.136438406147638,-0.03825406267548916,8.0,8.0,,,
D_OB,1348,5.041356843354686,5.132783235619399,-0.09142639226471351,13.0,13.0,,,
D_OB,1349,5.69413484959027,5.7083133321354484,-0.014178482545177873,14.0,14.0,,,
D_OB,1350,7.834348355663825,7.836105648115114,-0.0017572924512893361,24.0,24.0,,,
D_OB,1351,5.480244738044567,5.472657296601243,0.007587441443324223,14.0,14.0,,,
D_OB,1352,5.962865578993526,5.951652477356311,0.011213101637214512,20.0,20.0,,,
D_OB,1353,7.025237969541896,7.023036428774582,0.0022015407673135826,23.0,23.0,,,
D_OB,1354,7.75671703681694,7.78964147410377,-0.032924437286830185,23.0,23.0,,,
D_OB,1355,7.457110609480813,7.457487183822735,-0.0003765743419225275,20.0,20.0,,,
D_OB,1356,8.285612305535954,8.329654737835774,-0.044042432299819696,26.0,26.0,,,
D_OB,1357,5.039932846501143,5.092509867922823,-0.052577021421679415,15.0,15.0,,,
D_OB,1358,7.891773521683433,7.927484206286343,-0.035710684602910825,20.0,20.0,,,
D_OB,1359,8.491162962745875,8.472476873081177,0.018686089664697647,25.0,24.82551145553589,,,
D_OB,1360,6.821267346882935,6.874773027317653,-0.053505680434718594,20.0,20.0,,,
D_OB,1361,7.455884637304142,7.489078949872464,-0.03319431256832251,23.0,23.0,,,
D_OB,1362,6.339099104515644,6.3651021934869725,-0.026003088971328043,23.0,23.0,,,
D_OB,1363,5.743054783385971,5.741392796305285,0.0016619870806860364,20.0,20.0,,,
D_OB,1364,6.096344412156998,6.140172311470798,-0.04382789931380078,20.0,20.0,,,
D_OB,1365,6.745180521974275,6.787071597827753,-0.041891075853477254,24.0,24.0,,,
D_OB,1366,9.182564287152049,9.248724659657507,-0.06616037250545695,24.0,24.0,,,
D_OB,1367,7.507566938300349,7.522518455496489,-0.014951517196140135,23.0,23.0,,,
D_OB,1368,9.283367556468173,9.29183300091419,-0.008465444446018018,28.0,28.0,,,
D_OB,1369,7.693008823562613,7.713716711209751,-0.02070788764713846,23.0,23.0,,,
D_OB,1370,7.867878787878788,7.8743296906442355,-0.006450902765447443,26.0,25.655814671516424,,,
D_OB,1371,7.79446829422122,7.797552574562663,-0.003084280341442933,26.0,26.0,,,
D_OB,1372,5.950206517778703,5.9760068860819375,-0.025800368303234775,15.0,15.0,,,
D_OB,1373,3.881274476250768,3.9092535514147757,-0.027979075164007532,13.0,13.0,,,
D_OB,1374,7.299843418598175,7.331902959536422,-0.03205954093824733,20.0,20.0,,,
D_OB,1375,8.125780483131154,8.154525002994268,-0.028744519863114503,26.0,25.69894051551819,,,
D_OB,1376,7.592734143470511,7.589267941746429,0.003466201724082021,20.0,20.0,,,
D_OB,1377,7.7681195046253135,7.851398921104226,-0.0832794164789134,26.0,26.0,,,
D_OB,1378,10.197372703339644,10.219423391105263,-0.022050687765619557,28.0,28.0,,,
D_OB,1379,8.620839006339802,8.628704863716575,-0.007865857376771816,24.0,24.0,,,
D_OB,1380,5.970863880959986,6.028236115287979,-0.05737223432799238,20.0,20.0,,,
D_OB,1381,9.61999566738422,9.608057591191335,0.011938076192886074,26.0,26.0,,,
D_OB,1382,8.19789123617597,8.219384776111461,-0.021493539935490566,23.0,23.0,,,
D_OB,1383,8.087801242504812,8.079757447468406,0.008043795036405014,20.0,20.0,,,
D_OB,1384,5.8016116505962305,5.809226064493427,-0.007614413897196452,20.0,20.0,,,
D_OB,1385,7.5956043609579185,7.614149709257822,-0.018545348299903407,23.0,23.0,,,
D_OB,1386,9.39681668496158,9.388409331653566,0.00840735330801502,26.0,26.0,,,
D_OB,1387,7.34704860559959,7.410188929783463,-0.06314032418387276,20.0,20.0,,,
D_OB,1388,5.299519386485362,5.346056312171165,-0.04653692568580287,23.0,23.0,,,
D_OB,1389,8.283464571530503,8.326200625599748,-0.04273605406924433,23.0,23.0,,,
D_OB,1390,7.076844993272821,7.126345025516436,-0.049500032243615315,23.0,23.0,,,
D_OB,1391,7.495351934817308,7.511692418404262,-0.016340483586954262,23.0,23.0,,,
D_OB,1392,9.983106991767333,10.009157495008887,-0.02605050324155496,26.0,26.0,,,
D_OB,1393,6.8278273504207085,6.864991700466044,-0.03716435004533608,23.0,23.0,,,
D_OB,1394,7.120088663241442,7.135335839636186,-0.015247176394743078,23.0,23.0,,,
D_OB,1395,7.892359910720406,7.9272935143399295,-0.034933603619524134,23.0,23.0,,,
D_OB,1396,5.806198809606136,5.832193135305794,-0.025994325699657674,20.0,20.0,,,
D_OB,1397,6.354653263092041,6.35007016328444,0.0045830998076013775,23.0,23.0,,,
D_OB,1398,5.351113341300684,5.406919182143392,-0.05580584084270792,15.0,15.0,,,
D_OB,1399,7.019008797710472,7.02155818024126,-0.002549382530787764,23.0,23.0,,,
D_OB,1400,7.156154694134676,7.196451189548155,-0.04029649541347842,23.0,23.0,,,
D_OB,1401,6.638262921717109,6.664183625889459,-0.025920704172350085,24.0,24.0,,,
D_OB,1402,7.7615163085588526,7.791697548616572,-0.03018124005771962,23.0,23.0,,,
D_OB,1403,8.365193950034923,8.394986653589637,-0.0297927035547143,23.0,23.0,,,
D_OB,1404,4.856202165110503,4.869611663224284,-0.013409498113781509,15.0,15.0,,,
D_OB,1405,6.849362567530738,6.850475938187705,-0.001113370656967163,23.0,23.0,,,
D_OB,1406,6.589231517727814,6.62289500116636,-0.0336634834385451,23.0,23.0,,,
D_OB,1407,9.035777167148948,9.057089015945353,-0.021311848796404718,26.0,25.71088743209839,,,
D_OB,1408,10.739867608187057,10.750871918418191,-0.011004310231133838,20.0,20.0,,,
D_OB,1409,6.9812767011346155,7.024341163449363,-0.04306446231474766,19.0,19.0,,,
D_OB,1410,8.454453511804234,8.415040198125338,0.039413313678895535,28.0,25.69894051551819,,,
D_OB,1411,6.929380930857604,6.903762664902344,0.02561826595526016,24.0,24.0,,,
D_OB,1412,8.964830921782928,8.983110457699315,-0.01827953591638682,28.0,28.0,,,
D_OB,1413,10.609175755007437,10.572586418528173,0.03658933647926317,24.0,24.0,,,
D_OB,1414,6.33958372821374,6.3431045081977535,-0.003520779984013088,15.0,15.0,,,
D_OB,1415,6.446040958131906,6.440680233673989,0.005360724457917065,23.0,23.0,,,
D_OB,1416,6.8876079535607,6.906799662515325,-0.01919170895462516,23.0,23.0,,,
D_OB,1417,5.509949170468024,5.517315882112366,-0.007366711644342154,13.0,13.0,,,
D_OB,1418,7.722760690059586,7.778806869063295,-0.056046179003709236,26.0,26.0,,,
D_OB,1419,5.532066414975391,5.529148027003162,0.0029183879722299365,13.0,13.0,,,
D_OB,1420,7.566541829024435,7.589800598277631,-0.02325876925319649,23.0,23.0,,,
D_OB,1421,8.474454347770289,8.458853958879157,0.01560038889113092,24.0,24.0,,,
D_OB,1422,8.773425606023876,8.805280753946679,-0.03185514792280337,24.0,24.0,,,
D_OB,1423,6.484618273853728,6.492522584586225,-0.007904310732496289,14.0,14.0,,,
D_OB,1424,10.824885389512264,10.848870341989452,-0.02398495247718871,36.0,36.0,,,
D_OB,1425,8.453242908468132,8.461836996295647,-0.008594087827514803,23.0,23.0,,,
D_OB,1426,10.307987766133415,10.328127544335645,-0.02013977820223028,26.0,26.0,,,
D_OB,1427,7.4463529120177485,7.45805827892008,-0.011705366902331593,24.0,24.0,,,
D_OB,1428,9.130771863851729,9.129220729596188,0.0015511342555404601,23.0,23.0,,,
D_OB,1429,7.606923491458947,7.692891002720238,-0.08596751126129064,23.0,23.0,,,
D_OB,1430,9.311235681008757,9.398373622870475,-0.08713794186171818,26.0,26.0,,,
D_OB,1431,6.939192924267551,6.957679893510522,-0.018486969242971073,24.0,24.0,,,
D_OB,1432,9.952478798201485,10.004725253785034,-0.052246455583549185,24.0,24.0,,,
D_OB,1433,10.143849615033428,10.139919228640798,0.003930386392630595,24.0,24.0,,,
D_OB,1434,7.046729695645338,7.074319103571374,-0.027589407926036112,23.0,23.0,,,
D_OB,1435,8.141317879755006,8.162265324026764,-0.020947444271758407,23.0,23.0,,,
D_OB,1436,6.788535300598195,6.774350032856524,0.014185267741670747,19.0,19.0,,,
D_OB,1437,8.004396868429641,8.037294720248262,-0.03289785181862,26.0,26.0,,,
D_OB,1438,9.055473950485778,9.074885573106654,-0.01941162262087554,28.0,25.708197355270386,,,
D_OB,1439,7.701098777704838,7.669791732471027,0.031307045233811386,24.0,24.0,,,
D_OB,1440,8.10975456114976,8.186140252786993,-0.07638569163723447,26.0,26.0,,,
D_OB,1441,9.306633768858863,9.29577155016801,0.010862218690853492,24.0,24.0,,,
D_OB,1442,10.93877422355018,10.927664251577196,0.01110997197298279,26.0,25.70544934272766,,,
D_OB,1443,6.589073478269722,6.617547025361684,-0.028473547091962356,23.0,23.0,,,
D_OB,1444,7.392548139447251,7.430269070290615,-0.037720930843364225,23.0,23.0,,,
D_OB,1445,6.077243689010883,6.10642934766309,-0.029185658652206948,23.0,23.0,,,
D_OB,1446,5.83180727008962,5.8743278547441315,-0.04252058465451126,23.0,23.0,,,
D_OB,1447,6.461408306906206,6.503832867494476,-0.04242456058826988,23.0,23.0,,,
D_OB,1448,6.3843311824836455,6.376430234082245,0.007900948401399988,24.0,24.0,,,
D_OB,1449,8.760402772204285,8.781098911769904,-0.020696139565618093,26.0,26.0,,,
D_OB,1450,7.144217424898824,7.145993259454953,-0.0017758345561291963,15.0,15.0,,,
D_OB,1451,6.709235658952258,6.778140029412868,-0.06890437046061038,19.0,19.0,,,
D_OB,1452,5.362821262154803,5.360150780853809,0.0026704813009940536,19.0,19.0,,,
D_OB,1453,6.445986661240955,6.511327585258461,-0.0653409240175059,23.0,23.0,,,
D_OB,1454,10.52281553318097,10.547058226673483,-0.024242693492513373,23.799999999999955,23.799999999999955,,,
D_OB,1455,8.849347612765847,8.8546491457376,-0.005301532971752857,24.0,24.0,,,
D_OB,1456,7.627897652355803,7.657111028593281,-0.029213376237478262,26.0,26.0,,,
D_OB,1457,6.054098259470705,6.0383098443998335,0.015788415070870934,19.0,19.0,,,
D_OB,1458,4.023906791574882,4.061194204182845,-0.037287412607963026,13.0,13.0,,,
D_OB,1459,7.037778580944961,7.048429772926923,-0.010651191981962045,19.0,19.0,,,
D_OB,1460,9.943085316679266,9.978955813711233,-0.035870497031967236,28.0,26.0,,,
D_OB,1461,8.989124243625541,9.003314932038572,-0.014190688413031836,24.0,24.0,,,
D_OB,1462,5.767065997497277,5.859364753023741,-0.09229875552646419,13.0,13.0,,,
D_OB,1463,9.013375290754547,9.041060803170403,-0.027685512415854745,23.0,23.0,,,
D_OB,1464,6.569575502311955,6.551419082857224,0.018156419454731208,23.0,23.0,,,
D_OB,1465,10.644681113389519,10.649475734899505,-0.004794621509988419,26.0,26.0,,,
D_OB,1466,5.355859346506072,5.385158067669874,-0.02929872116380127,20.0,20.0,,,
D_OB,1467,8.314778132166,8.32003023396147,-0.005252101795470461,24.200000000000273,23.955716037750502,,,
D_OB,1468,9.819776004292377,9.797386851923763,0.022389152368614385,26.0,26.0,,,
D_OB,1469,10.239963156086157,10.263938180750612,-0.023975024664454524,28.0,26.0,,,
D_OB,1470,6.960143058799034,7.008751527899611,-0.048608469100577575,23.0,23.0,,,
D_OB,1471,8.826751582447613,8.815896775497164,0.010854806950450022,23.0,23.0,,,
D_OB,1472,7.295454545454546,7.3146936638642295,-0.019239118409684015,23.0,23.0,,,
D_OB,1473,7.293029380509578,7.299845659671755,-0.006816279162177323,23.0,23.0,,,
D_OB,1474,7.507523668707544,7.51537366276622,-0.007849994058675987,26.0,25.708197355270386,,,
D_OB,1475,6.720508485964288,6.754709781852958,-0.03420129588866943,23.0,23.0,,,
D_OB,1476,4.442791138613934,4.496658900844734,-0.05386776223079938,11.0,11.0,,,
D_OB,1477,6.140449043789208,6.1591204688867505,-0.018671425097542407,14.0,14.0,,,
D_OB,1478,9.392235972936962,9.42903375283178,-0.036797779894816814,23.0,23.0,,,
D_OB,1479,4.593523185819252,4.592902128827082,0.0006210569921693846,13.0,13.0,,,
D_OB,1480,7.638785007980851,7.666597310630409,-0.027812302649558127,23.0,23.0,,,
D_OB,1481,7.520466796453222,7.530088934373752,-0.009622137920529234,24.0,24.0,,,
D_OB,1482,8.473232436272884,8.470921428750925,0.0023110075219595944,24.0,24.0,,,
D_OB,1483,5.843165336121617,5.819628399157923,0.023536936963693824,13.0,13.0,,,
D_OB,1484,8.310652761108024,8.356464311138424,-0.045811550030400265,23.0,23.0,,,
D_OB,1485,8.087556737948844,8.132365037084009,-0.0448082991351652,20.0,20.0,,,
D_OB,1486,6.5531578947368425,6.562465602473209,-0.009307707736366674,14.0,14.0,,,
D_OB,1487,6.572736000417305,6.603292689372304,-0.03055668895499853,23.0,23.0,,,
D_OB,1488,8.424984813682617,8.45255707764121,-0.027572263958592896,26.0,26.0,,,
D_OB,1489,6.148741418764302,6.150540336455033,-0.0017989176907310224,20.0,20.0,,,
D_OB,1490,5.861993898068621,5.939021373185955,-0.07702747511733425,20.0,20.0,,,
D_OB,1491,8.0144081682592,8.01020881221011,0.0041993560490908325,25.0,25.0,,,
D_OB,1492,7.534309552081454,7.535572060612689,-0.0012625085312350393,14.0,14.0,,,
D_OB,1493,7.711185634911965,7.699392577055478,0.011793057856487349,19.0,19.0,,,
D_OB,1494,7.041821817336903,7.073551640774697,-0.03172982343779361,23.0,23.0,,,
D_OB,1495,5.923257233169668,5.977508189625729,-0.0542509564560608,19.0,19.0,,,
D_OB,1496,7.72569651175971,7.80103270999617,-0.07533619823645912,19.0,19.0,,,
D_OB,1497,9.41854061714445,9.446091071024371,-0.027550453879921215,26.0,26.0,,,
D_OB,1498,6.677684523842552,6.7029612213224326,-0.025276697479880653,23.0,23.0,,,
D_OB,1499,8.818350898946063,8.824443866803051,-0.006092967856987174,26.0,26.0,,,
D_OB,1500,5.725942775127934,5.733733209535187,-0.007790434407252892,13.0,13.0,,,
D_OB,1501,8.438087226905278,8.444048261415546,-0.005961034510266935,23.0,23.0,,,
D_OB,1502,6.944317325163691,6.974294483305126,-0.029977158141434354,23.0,23.0,,,
D_OB,1503,6.07057371175719,6.1118642386569775,-0.041290526899787766,15.0,15.0,,,
D_OB,1504,8.498686425334968,8.528186111387008,-0.029499686052039852,26.0,26.0,,,
D_OB,1505,8.785631641801238,8.784372527305393,0.0012591144958439087,26.0,26.0,,,
D_OB,1506,6.008640425433937,6.059360021203952,-0.05071959577001504,20.0,20.0,,,
D_OB,1507,8.598887728552087,8.597331790693394,0.00155593785869324,23.0,23.0,,,
D_OB,1508,10.142941243716312,10.117810742374699,0.025130501341613466,26.0,26.0,,,
D_OB,1509,7.480465249700861,7.472954725240131,0.007510524460730214,20.0,20.0,,,
D_OB,1510,7.155932542882989,7.20024871042369,-0.04431616754070129,23.0,23.0,,,
D_OB,1511,10.450855382708307,10.462108131518935,-0.011252748810630025,26.0,25.709094047546387,,,
D_OB,1512,5.416650484966976,5.39031984065621,0.02633064431076484,14.0,14.0,,,
D_OB,1513,7.832482944488525,7.879177265803019,-0.04669432131449382,19.0,19.0,,,
D_OB,1514,6.502903316002686,6.535172596688077,-0.03226928068539138,23.0,23.0,,,
D_OB,1515,8.21086595744049,8.24964171184777,-0.03877575440727985,24.0,24.0,,,
D_OB,1516,6.56271159865377,6.5872318024496765,-0.024520203795906418,26.0,25.71223247051239,,,
D_OB,1517,7.536753179436406,7.612498172952692,-0.07574499351628552,24.0,24.0,,,
D_OB,1518,6.306144431007631,6.333083758864439,-0.026939327856808,23.0,23.0,,,
D_OB,1519,7.264018007822318,7.287994979865967,-0.02397697204364941,24.0,24.0,,,
D_OB,1520,5.826337015498452,5.861340620827704,-0.03500360532925167,24.0,24.0,,,
D_OB,1521,6.148446840768332,6.163265886018564,-0.014819045250232404,23.0,23.0,,,
D_OB,1522,6.3216656608328305,6.303590318130742,0.018075342702088618,20.0,20.0,,,
D_OB,1523,7.664726739841083,7.721691384984147,-0.056964645143063826,23.0,23.0,,,
D_OB,1524,7.7207048133461775,7.74460171425414,-0.02389690090796191,20.0,20.0,,,
D_OB,1525,12.888415101097852,12.920789021123511,-0.03237392002566023,36.0,36.0,,,
D_OB,1526,10.564580146461497,10.59720869046038,-0.03262854399888412,24.0,24.0,,,
D_OB,1527,9.42289949674948,9.47459949701539,-0.05170000026591049,25.200000000000273,25.200000000000273,,,
D_OB,1528,4.79661332207285,4.802159861330584,-0.005546539257734249,23.0,23.0,,,
D_OB,1529,5.079830368582372,5.092717585077745,-0.012887216495372947,15.0,15.0,,,
D_OB,1530,7.593930648540055,7.60197285519145,-0.008042206651395463,24.0,24.0,,,
D_OB,1531,8.962025316455696,8.991125367785358,-0.029100051329661654,24.0,24.0,,,
D_OB,1532,7.284961414055006,7.278875837507881,0.006085576547124839,26.0,26.0,,,
D_OB,1533,10.155755796276063,10.18189538733332,-0.02613959105725727,28.0,28.0,,,
D_OB,1534,6.549209636852598,6.590503367443522,-0.04129373059092437,19.799999999999955,19.799999999999955,,,
D_OB,1535,8.672274562584118,8.713265479012101,-0.040990916427981965,23.0,23.0,,,
D_OB,1536,8.630599185573008,8.670560115988412,-0.03996093041540371,23.0,23.0,,,
D_OB,1537,9.138028190838986,9.223390809847759,-0.08536261900877341,26.0,26.0,,,
D_OB,1538,7.281325856421856,7.3039705918190325,-0.02264473539717654,24.0,24.0,,,
D_OB,1539,5.991820592167271,6.031346099573685,-0.03952550740641379,20.0,20.0,,,
D_OB,1540,6.850469723949588,6.829442184630448,0.021027539319139185,23.0,23.0,,,
D_OB,1541,5.279307557980923,5.27842073004506,0.0008868279358630335,20.0,20.0,,,
D_OB,1542,8.21949357080023,8.26288578621983,-0.043392215419598784,23.0,23.0,,,
D_OB,1543,4.8786281861526275,4.891551791564932,-0.012923605412303502,13.0,13.0,,,
D_OB,1544,6.779512189087638,6.818576251577765,-0.03906406249012731,20.0,20.0,,,
D_OB,1545,5.268426492265314,5.2928204628137445,-0.024393970548430125,13.0,13.0,,,
D_OB,1546,8.401125636186066,8.400204003235542,0.000921632950524684,26.0,26.0,,,
D_OB,1547,9.38966434825442,9.400806806744225,-0.011142458489803431,26.0,26.0,,,
D_OB,1548,5.943015932149729,5.9358487191989076,0.007167212950821665,19.0,19.0,,,
D_OB,1549,7.141824086026673,7.127200782803555,0.01462330322311752,24.0,24.0,,,
D_OB,1550,7.588995759514557,7.606420561774024,-0.017424802259467114,24.0,24.0,,,
D_OB,1551,6.34964144423604,6.361637555658818,-0.011996111422777176,26.0,26.0,,,
D_OB,1552,6.621253136884082,6.6422536007382655,-0.02100046385418285,23.0,23.0,,,
D_OB,1553,6.4274662054546186,6.40948434455587,0.017981860898748918,20.0,20.0,,,
D_OB,1554,8.16595485051861,8.175672501598356,-0.009717651079746918,23.0,23.0,,,
D_OB,1555,7.468301532753648,7.511815562790326,-0.04351403003667766,23.0,23.0,,,
D_OB,1556,6.184633849836459,6.2365402557288006,-0.05190640589234176,20.0,20.0,,,
D_OB,1557,6.490902815716395,6.483380611320857,0.007522204395537073,20.0,20.0,,,
D_OB,1558,8.377777777777778,8.401244957265797,-0.023467179488020334,26.0,26.0,,,
D_OB,1559,5.180507210343113,5.204622559734744,-0.024115349391631853,23.0,23.0,,,
D_OB,1560,4.862817764852879,4.83987952328687,0.022938241566009304,13.0,13.0,,,
D_OB,1561,5.755422609398164,5.807730009832485,-0.05230740043432106,15.0,15.0,,,
D_OB,1562,9.353041316158949,9.37946197485075,-0.0264206586918013,20.0,20.0,,,
D_OB,1563,7.427724817293522,7.426821231685598,0.0009035856079241735,23.0,23.0,,,
D_OB,1564,7.670329178643431,7.715148838201703,-0.04481965955827161,26.0,26.0,,,
D_OB,1565,10.17636200132181,10.159901802668152,0.016460198653656093,26.0,26.0,,,
D_OB,1566,7.444541250809539,7.4598858517259075,-0.015344600916368195,26.0,26.0,,,
D_OB,1567,6.519748653625383,6.533548137870608,-0.013799484245225452,13.0,13.0,,,
D_OB,1568,7.255393586005831,7.266923896772869,-0.011530310767037527,24.0,24.0,,,
D_OB,1569,7.239040947430818,7.27410578080964,-0.03506483337882121,23.0,23.0,,,
D_OB,1570,7.238987709553447,7.28280509396474,-0.043817384411292494,23.0,23.0,,,
D_OB,1571,8.723577235772357,8.698977616520656,0.024599619251702114,28.0,26.0,,,
D_OB,1572,6.671077760457993,6.696393302977085,-0.02531554251909256,15.0,15.0,,,
D_OB,1573,7.108369464038784,7.141382625469794,-0.03301316143101097,19.0,19.0,,,
D_OB,1574,8.096009975062344,8.132899069577975,-0.03688909451563162,26.0,26.0,,,
D_OB,1575,8.413182993901186,8.475179915969399,-0.061996922068212224,24.0,24.0,,,
D_OB,1576,7.620799796242843,7.667987471625628,-0.0471876753827855,23.0,23.0,,,
D_OB,1577,7.435158262303565,7.383916390992565,0.051241871311000504,23.0,23.0,,,
D_OB,1578,6.351985909735743,6.430943035402509,-0.07895712566676576,20.0,20.0,,,
D_OB,1579,6.180551684064032,6.234207134258557,-0.053655450194524223,15.0,15.0,,,
D_OB,1580,7.329248301142213,7.368364278980763,-0.03911597783854931,23.0,23.0,,,
D_OB,1581,7.109546704480877,7.157772003189992,-0.048225298709115065,20.0,20.0,,,
D_OB,1582,9.018204645323289,9.040411976845999,-0.022207331522709907,23.0,23.0,,,
D_OB,1583,7.248213485536596,7.2774654890649755,-0.029252003528379946,23.0,23.0,,,
D_OB,1584,5.898039578845587,5.922513379051676,-0.024473800206088855,15.0,15.0,,,
D_OB,1585,9.755051653398384,9.808280265412064,-0.05322861201367992,26.0,25.689356994628906,,,
D_OB,1586,9.997461055066976,10.072516958390732,-0.0750559033237557,24.0,24.0,,,
D_OB,1587,8.590567924264388,8.652796680058227,-0.06222875579384004,23.0,23.0,,,
D_OB,1588,6.860220691281787,6.955793325907617,-0.09557263462583004,23.0,23.0,,,
D_OB,1589,8.398495196655578,8.439035264219667,-0.04054006756408954,20.0,20.0,,,
D_OB,1590,6.074287809937903,6.026993298993527,0.047294510944375714,23.0,23.0,,,
D_OB,1591,7.547508947907876,7.602592083183328,-0.05508313527545213,23.0,23.0,,,
D_OB,1592,8.54845077395805,8.568610971584285,-0.020160197626234493,23.0,23.0,,,
D_OB,1593,8.177752569833592,8.202470043157167,-0.02471747332357475,23.200000000000045,23.200000000000045,,,
D_OB,1594,7.414336000384464,7.4704281271817425,-0.056092126797278805,23.0,23.0,,,
D_OB,1595,5.310352621903901,5.337793255060132,-0.0274406331562313,15.0,15.0,,,
D_OB,1596,8.817396687252664,8.81399177066087,0.003404916591793928,23.0,23.0,,,
D_OB,1597,5.575613987527668,5.645478933708619,-0.06986494618095031,20.0,20.0,,,
D_OB,1598,5.920973326639345,5.931894352493903,-0.010921025854557993,15.0,15.0,,,
D_OB,1599,9.158817573557508,9.144305901070858,0.014511672486650183,26.0,26.0,,,
D_OB,1600,8.850582156783277,8.884347698173945,-0.033765541390668105,23.0,23.0,,,
D_OB,1601,5.691265942406951,5.701272829343591,-0.010006886936639566,13.0,13.0,,,
D_OB,1602,6.663353901713791,6.732711694469263,-0.06935779275547183,20.0,20.0,,,
D_OB,1603,6.356042099708603,6.373544864001728,-0.017502764293125698,23.0,23.0,,,
D_OB,1604,6.654218348742695,6.7042481900555115,-0.0500298413128162,23.0,23.0,,,
D_OB,1605,6.987240567614325,7.014702802848376,-0.027462235234050465,23.0,23.0,,,
D_OB,1606,5.727874035994041,5.747656922463316,-0.019782886469274535,23.0,23.0,,,
D_OB,1607,6.5102555275650955,6.560951236519955,-0.05069570895485854,14.0,14.0,,,
D_OB,1608,8.457358940981761,8.473003997366844,-0.01564505638508255,23.0,23.0,,,
D_OB,1609,6.219427479469749,6.314602646899278,-0.09517516742952976,15.0,15.0,,,
D_OB,1610,6.604778191947614,6.6182149037457645,-0.013436711798150907,19.0,19.0,,,
D_OB,1611,9.203092272024017,9.258603056991644,-0.05551078496762621,28.0,28.0,,,
D_OB,1612,7.272945266908029,7.29913422362682,-0.026188956718790568,24.0,24.0,,,
D_OB,1613,5.391436158219347,5.404376144439264,-0.012939986219917562,20.0,20.0,,,
D_OB,1614,7.031534624661618,7.074633476245065,-0.043098851583447124,23.0,23.0,,,
D_OB,1615,5.482073974415275,5.56450140670326,-0.08242743228798483,15.0,15.0,,,
D_OB,1616,6.1863691194209895,6.188864201918442,-0.0024950824974529417,23.0,23.0,,,
D_OB,1617,9.121144026746865,9.147929421109765,-0.026785394362900835,26.0,26.0,,,
D_OB,1618,7.339418721716996,7.389222251497812,-0.04980352978081669,20.0,20.0,,,
D_OB,1619,5.258358520628458,5.289785439709583,-0.03142691908112492,19.0,19.0,,,
D_OB,1620,6.448490077162973,6.419135801813672,0.02935427534930055,20.0,20.0,,,
D_OB,1621,7.641793044218376,7.630985551663299,0.010807492555077396,23.0,23.0,,,
D_OB,1622,9.448561155734284,9.461672733210255,-0.013111577475969999,26.0,26.0,,,
D_OB,1623,4.86362074711154,4.862460958087339,0.0011597890242011147,20.0,20.0,,,
D_OB,1624,6.65216884615889,6.658279079854774,-0.0061102336958835,20.0,20.0,,,
D_OB,1625,7.6470548364177215,7.627216893355404,0.01983794306231811,23.0,23.0,,,
D_OB,1626,9.326460481099657,9.321630460290155,0.004830020809501307,26.0,26.0,,,
D_OB,1627,8.114280779967682,8.129044712014549,-0.014763932046867606,23.0,23.0,,,
D_OB,1628,6.505082592121982,6.522390750796549,-0.017308158674567295,20.0,20.0,,,
D_OB,1629,9.059477226065406,9.002562307144839,0.056914918920568235,26.0,26.0,,,
D_OB,1630,6.573865528064598,6.620232138327061,-0.0463666102624631,24.0,24.0,,,
D_OB,1631,6.365966730198617,6.365594530221048,0.00037219997756994956,13.900000000000091,13.900000000000091,,,
D_OB,1632,6.840964820716954,6.908441416975818,-0.06747659625886362,23.0,23.0,,,
D_OB,1633,7.9600104146015385,7.975456687815323,-0.01544627321378526,23.0,23.0,,,
D_OB,1634,7.452403150250352,7.482111891396611,-0.029708741146259793,23.0,23.0,,,
D_OB,1635,7.614917127071823,7.60871884625261,0.0061982808192131925,23.0,23.0,,,
D_OB,1636,7.856058310193254,7.857943610870469,-0.0018853006772150624,23.0,23.0,,,
D_OB,1637,8.228282828282829,8.239726290397773,-0.011443462114944201,24.0,24.0,,,
D_OB,1638,10.594868925854353,10.60014288489883,-0.005273959044477347,28.0,26.0,,,
D_OB,1639,9.2417622942076,9.285377845578923,-0.04361555137132343,23.0,23.0,,,
D_OB,1640,7.171268375894457,7.203111274803724,-0.0318428989092662,23.0,23.0,,,
D_OB,1641,6.155060636818478,6.171176938174643,-0.016116301356164917,23.0,23.0,,,
D_OB,1642,8.449090246798205,8.46093016866673,-0.011839921868524509,24.0,24.0,,,
D_OB,1643,8.707041792911074,8.711538682396572,-0.004496889485497384,23.0,23.0,,,
D_OB,1644,3.4012303600824967,3.42776130136338,-0.026530941280883145,11.0,11.0,,,
D_OB,1645,5.2041647472737,5.213235815711643,-0.009071068437943548,19.0,19.0,,,
D_OB,1646,7.369668246445498,7.378887785428947,-0.009219538983449991,23.0,23.0,,,
D_OB,1647,10.632538082086628,10.627207494078313,0.005330588008314274,26.0,26.0,,,
D_OB,1648,7.664834392521291,7.632609692603868,0.03222469991742313,23.0,23.0,,,
D_OB,1649,7.424784741231373,7.406028334034203,0.018756407197169995,23.0,23.0,,,
D_OB,1650,6.273083254484548,6.289455882020345,-0.016372627535797175,23.0,23.0,,,
D_OB,1651,6.955685288311019,6.9642951838313145,-0.008609895520295462,23.0,23.0,,,
D_OB,1652,6.5699489710118,6.554615787561163,0.015333183450636521,23.0,23.0,,,
D_OB,1653,6.608653728272326,6.642274442111164,-0.03362071383883721,20.0,20.0,,,
D_OB,1654,11.077548472632762,11.117479680927257,-0.03993120829449467,23.0,23.0,,,
D_OB,1655,6.835562666511203,6.835178716594157,0.00038394991704573955,19.0,19.0,,,
D_OB,1656,7.5453436085633845,7.587065181131398,-0.041721572568013975,23.0,23.0,,,
D_OB,1657,9.708055600696863,9.784278739597204,-0.07622313890034021,24.0,24.0,,,
D_OB,1658,5.885700354986845,5.943096729499334,-0.05739637451248888,20.0,20.0,,,
D_OB,1659,9.587808835258556,9.600129387404232,-0.01232055214567611,23.0,23.0,,,
D_OB,1660,8.817711700064642,8.825675318298142,-0.007963618233501333,23.0,23.0,,,
D_OB,1661,4.568554927753689,4.608819142302582,-0.04026421454889278,13.0,13.0,,,
D_OB,1662,6.356786241447023,6.323635178155303,0.033151063291719435,20.0,20.0,,,
D_OB,1663,7.467430639324487,7.48853900909999,-0.021108369775502903,23.0,23.0,,,
D_OB,1664,7.062086668826422,7.054004706603296,0.008081962223125686,15.0,15.0,,,
D_OB,1665,7.386723883555486,7.403317145127517,-0.016593261572030876,24.0,24.0,,,
D_OB,1666,7.883927921026707,7.925618382414646,-0.041690461387939075,24.0,24.0,,,
D_OB,1667,9.292490118577074,9.336050158118699,-0.04356003954162396,26.0,26.0,,,
D_OB,1668,6.44406970207982,6.443981793169361,8.790891045864677e-05,23.0,23.0,,,
D_OB,1669,5.8644812639904815,5.891309251091903,-0.02682798710142188,19.0,19.0,,,
D_OB,1670,9.992623838984185,10.026913018779558,-0.034289179795371404,23.0,23.0,,,
D_OB,1671,7.219822204343735,7.297031486265121,-0.07720928192138672,23.0,23.0,,,
D_OB,1672,8.206815148866227,8.241862799273942,-0.03504765040771556,23.0,23.0,,,
D_OB,1673,6.704375816240466,6.732540720978197,-0.02816490473773153,20.0,20.0,,,
D_OB,1674,6.020306676451923,6.031127115299827,-0.010820438847904316,23.0,23.0,,,
D_OB,1675,7.666164479676328,7.677819834014356,-0.011655354338027606,23.0,23.0,,,
D_OB,1676,7.110132728508991,7.138058665281882,-0.027925936772890715,23.0,23.0,,,
D_OB,1677,5.8156162771344695,5.817355277841953,-0.0017390007074833788,23.0,23.0,,,
D_OB,1678,6.212640862322391,6.2361327146327366,-0.02349185231034514,23.0,23.0,,,
D_OB,1679,8.81347874749863,8.801150762755736,0.012327984742895018,24.0,24.0,,,
D_OB,1680,5.07695614493593,5.144684323076117,-0.0677281781401865,14.0,14.0,,,
D_OB,1681,5.772746914358281,5.7967967149333575,-0.024049800575076052,19.0,19.0,,,
D_OB,1682,6.143176887510055,6.123340387365876,0.019836500144179633,19.0,19.0,,,
D_OB,1683,6.174426657029952,6.1741669977720255,0.0002596592579266619,19.0,19.0,,,
D_OB,1684,6.715376871113872,6.729858874059012,-0.014482002945140793,19.0,19.0,,,
D_OB,1685,6.489467888644295,6.484250989159604,0.0052168994846910535,23.0,23.0,,,
D_OB,1686,6.849669272399279,6.836614876430004,0.013054395969273882,26.0,26.0,,,
D_OB,1687,6.425642744251518,6.439102818676873,-0.013460074425355375,23.0,23.0,,,
D_OB,1688,6.363308011685698,6.414818321934904,-0.051510310249206735,23.0,23.0,,,
D_OB,1689,7.817944596803843,7.834567956822015,-0.016623360018172526,23.0,23.0,,,
D_OB,1690,7.631210191082802,7.663560656833042,-0.0323504657502387,24.0,24.0,,,
D_OB,1691,8.53150191157537,8.522244345934133,0.009257565641237054,24.0,24.0,,,
D_OB,1692,8.54998318284387,8.596953956942112,-0.04697077409824273,23.0,23.0,,,
D_OB,1693,8.307751223362914,8.391124197467022,-0.08337297410410843,26.0,26.0,,,
D_OB,1694,6.573919425775975,6.585452511789555,-0.011533086013579876,20.0,20.0,,,
D_OB,1695,8.690941216117333,8.696044493492083,-0.005103277374751232,24.0,24.0,,,
D_OB,1696,8.158066908773357,8.146239696824452,0.011827211948906175,24.0,24.0,,,
D_OB,1697,4.828115746560419,4.847495396139878,-0.019379649579458987,13.0,13.0,,,
D_OB,1698,7.853982498275936,7.863859774168178,-0.009877275892241839,23.0,23.0,,,
D_OB,1699,6.0299175290113,6.070820205778048,-0.04090267676674859,19.0,19.0,,,
D_OB,1700,6.844369456001946,6.875938422543866,-0.03156896654192034,23.0,23.0,,,
D_OB,1701,7.025401683648427,7.023497797677546,0.0019038859708809558,23.0,23.0,,,
D_OB,1702,7.878104393191996,7.9448207553625805,-0.06671636217058434,23.0,23.0,,,
D_OB,1703,8.023004087768715,8.051214735674812,-0.028210647906096953,24.0,24.0,,,
D_OB,1704,4.4404506321179875,4.456581357680354,-0.01613072556236603,15.0,15.0,,,
D_OB,1705,5.694209465715621,5.6763771304819315,0.017832335233688355,15.0,15.0,,,
D_OB,1706,7.289338320143083,7.29131050825119,-0.001972188108107623,23.0,23.0,,,
D_OB,1707,6.77510803418216,6.804879460191059,-0.029771426008899964,23.0,23.0,,,
D_OB,1708,8.671686821012102,8.705224010789182,-0.03353718977708083,24.0,24.0,,,
D_OB,1709,9.346693983230496,9.387520706668258,-0.040826723437760885,26.0,26.0,,,
D_OB,1710,4.859016018861313,4.8924511678790426,-0.03343514901772946,14.0,14.0,,,
D_OB,1711,7.44671458297395,7.467046091300574,-0.02033150832662427,23.0,23.0,,,
D_OB,1712,9.344011219839254,9.373562103246941,-0.02955088340768627,24.0,24.0,,,
D_OB,1713,9.156553331097049,9.121561177702166,0.03499215339488317,28.0,25.71268081665039,,,
D_OB,1714,5.565907390912374,5.593581727714765,-0.02767433680239178,19.0,19.0,,,
D_OB,1715,10.258673327375751,10.247706849753703,0.010966477622049416,26.0,26.0,,,
D_OB,1716,8.793612858450306,8.878585795535967,-0.08497293708566217,28.0,28.0,,,
D_OB,1717,5.501237623762377,5.525192697006877,-0.023955073244500868,23.0,23.0,,,
D_OB,1718,9.403551468259181,9.436239929599001,-0.03268846133982031,36.0,36.0,,,
D_OB,1719,6.658612584258535,6.689603185144181,-0.030990600885646587,23.0,23.0,,,
D_OB,1720,6.812883627479845,6.805019729906093,0.007863897573752481,23.0,23.0,,,
D_OB,1721,4.1690101104351145,4.207187498137898,-0.03817738770278411,8.0,8.0,,,
D_OB,1722,8.035820561047416,8.021652239787427,0.014168321259988943,23.0,23.0,,,
D_OB,1723,5.802097374735685,5.767692165116174,0.03440520961951101,19.0,19.0,,,
D_OB,1724,10.677072677081636,10.717302336547386,-0.040229659465751015,26.0,26.0,,,
D_OB,1725,5.704646208228912,5.747741902735144,-0.043095694506232116,20.0,20.0,,,
D_OB,1726,7.208650725836306,7.1842915505325236,0.024359175303782548,23.0,23.0,,,
D_OB,1727,9.495977011494253,9.491285781202645,0.0046912302916077364,26.0,26.0,,,
D_OB,1728,9.267285782568933,9.348690959030131,-0.08140517646119795,26.0,26.0,,,
D_OB,1729,5.900925832770023,5.9105052490211625,-0.009579416251139906,23.0,23.0,,,
D_OB,1730,4.84958097672511,4.857249728166887,-0.0076687514417768735,23.0,23.0,,,
D_OB,1731,8.533654917944839,8.550344308167789,-0.01668939022295042,26.0,26.0,,,
D_OB,1732,7.511461475654024,7.538227816748834,-0.02676634109480915,23.0,23.0,,,
D_OB,1733,5.449449390142392,5.46258372661395,-0.013134336471557618,23.0,23.0,,,
D_OB,1734,8.00671535174251,8.036277296995475,-0.029561945252964926,24.0,24.0,,,
D_OB,1735,8.722911910649987,8.694088883338868,0.028823027311119093,24.0,24.0,,,
D_OB,1736,4.862243522472423,4.912237495440861,-0.04999397296843858,23.0,23.0,,,
D_OB,1737,7.007755959322708,7.07256484856655,-0.064808889243842,23.0,23.0,,,
D_OB,1738,6.745394066306207,6.77128631459385,-0.02589224828764402,20.0,20.0,,,
D_OB,1739,9.447724815322859,9.483630036056407,-0.03590522073354886,26.0,26.0,,,
D_OB,1740,8.275014500716978,8.36037558406557,-0.08536108334859212,24.0,24.0,,,
D_OB,1741,5.877230712851962,5.910085298241795,-0.03285458538983319,13.0,13.0,,,
D_OB,1742,5.757010291650812,5.806165290099603,-0.0491549984487907,19.0,19.0,,,
D_OB,1743,8.77632296781233,8.795314807938672,-0.01899184012634144,23.0,23.0,,,
D_OB,1744,8.53008703000028,8.55983179722882,-0.029744767228541143,20.0,20.0,,,
D_OB,1745,6.991807033534205,7.024234319684584,-0.032427286150377634,20.0,20.0,,,
D_OB,1746,7.3930075501286705,7.404537409666299,-0.011529859537628216,24.0,24.0,,,
D_OB,1747,6.212834858286913,6.236730656046777,-0.02389579775986398,23.0,23.0,,,
D_OB,1748,6.476843507465719,6.500387193985733,-0.023543686520014307,19.0,19.0,,,
D_OB,1749,8.48953461336053,8.506870476799723,-0.017335863439192682,28.0,28.0,,,
D_OB,1750,8.392993886281179,8.421276367627657,-0.028282481346478518,24.0,24.0,,,
D_OB,1751,6.152452191496207,6.153039346758411,-0.0005871552622042025,23.0,23.0,,,
D_OB,1752,8.03526861818531,8.03290000942689,0.002368608758419375,26.0,25.651022911071777,,,
D_OB,1753,8.516293929712461,8.540103685360746,-0.02380975564828696,24.0,24.0,,,
D_OB,1754,9.275904775040704,9.285139997175405,-0.009235222134700112,23.0,23.0,,,
D_OB,1755,8.394080754187593,8.411142777439743,-0.017062023252149092,26.0,26.0,,,
D_OB,1756,7.939481652289389,7.949857331170827,-0.010375678881438264,20.0,20.0,,,
D_OB,1757,8.280767775423557,8.314556977985402,-0.03378920256184574,23.0,23.0,,,
D_OB,1758,6.463558158660546,6.485233957950886,-0.02167579929033915,23.0,23.0,,,
D_OB,1759,8.481684460240174,8.495517442032314,-0.013832981792139399,23.0,23.0,,,
D_OB,1760,12.1748624980084,12.244266925706453,-0.06940442769805347,28.0,28.0,,,
D_OB,1761,7.1205455357541965,7.115170657484597,0.0053748782695991265,20.0,20.0,,,
D_OB,1762,9.814898300654077,9.812219263104565,0.0026790375495123063,23.0,23.0,,,
D_OB,1763,3.678764147470714,3.717274025881015,-0.038509878410300624,11.0,11.0,,,
D_OB,1764,7.74042006333669,7.7608772120270855,-0.020457148690395378,24.0,24.0,,,
D_OB,1765,7.131044594386644,7.1204795801297855,0.010565014256858516,26.0,26.0,,,
D_OB,1766,8.854652340247457,8.864035509948636,-0.009383169701178027,28.0,28.0,,,
D_OB,1767,7.060150781442275,7.092660432043372,-0.032509650601097735,23.700000000000045,23.700000000000045,,,
D_OB,1768,7.449579483651692,7.4806807219175555,-0.031101238265863047,23.0,23.0,,,
D_OB,1769,7.0218746928342455,7.026985788869014,-0.005111096034768589,20.0,20.0,,,
D_OB,1770,5.2758690816681595,5.3254196396728855,-0.04955055800472655,19.0,19.0,,,
D_OB,1771,5.046391752577319,5.070897650104208,-0.024505897526888504,20.0,20.0,,,
D_OB,1772,8.818892893083708,8.844296204741815,-0.025403311658106897,24.0,24.0,,,
D_OB,1773,6.680080427290431,6.69245953866396,-0.012379111373529587,23.0,23.0,,,
D_OB,1774,11.18212729577519,11.25327538458769,-0.07114808881249966,43.0,43.0,,,
D_OB,1775,4.330120362218065,4.349323304864543,-0.019202942646478014,20.0,20.0,,,
D_OB,1776,8.002802354467057,8.030828336896263,-0.028025982429205527,23.0,23.0,,,
D_OB,1777,7.900391717963067,7.921075195057404,-0.020683477094337537,23.0,23.0,,,
D_OB,1778,8.74020328753717,8.781088891450468,-0.04088560391329761,24.0,24.0,,,
D_OB,1779,5.493321702421739,5.516286748526175,-0.02296504610443514,24.0,24.0,,,
D_OB,1780,9.418414322250639,9.423829309897654,-0.0054149876470151155,23.0,23.0,,,
D_OB,1781,5.845025468310085,5.834027853444082,0.010997614866002984,20.0,20.0,,,
D_OB,1782,9.9780292942743,10.008520847471672,-0.030491553197370548,24.0,24.0,,,
D_OB,1783,6.8087098664871535,6.853769888972292,-0.045060022485138164,23.0,23.0,,,
D_OB,1784,7.591943617437369,7.609323850422602,-0.017380232985233546,23.0,23.0,,,
D_OB,1785,8.051896740886045,8.103901834185976,-0.05200509329992953,23.0,23.0,,,
D_OB,1786,4.544323483670295,4.5811101981183295,-0.03678671444803399,13.0,13.0,,,
D_OB,1787,8.086885900388028,8.179103231186925,-0.09221733079889613,23.0,23.0,,,
D_OB,1788,4.892838088699279,4.889399047359652,0.003439041339627355,23.0,23.0,,,
D_OB,1789,8.840345656822969,8.881854935233672,-0.04150927841070453,23.0,23.0,,,
D_OB,1790,8.844709027005436,8.874013410271386,-0.029304383265950813,23.0,23.0,,,
D_OB,1791,7.279698368704756,7.332631778398796,-0.05293340969403938,23.0,23.0,,,
D_OB,1792,5.809085000136803,5.884959149360657,-0.0758741492238538,15.0,15.0,,,
D_OB,1793,7.554158385351019,7.547733384904997,0.006425000446022682,23.0,23.0,,,
D_OB,1794,8.64576004496675,8.671652614388714,-0.0258925694219645,23.0,23.0,,,
D_OB,1795,4.706884346774937,4.718148545229313,-0.011264198454375141,14.0,14.0,,,
D_OB,1796,7.32571559799784,7.338135936531582,-0.012420338533741632,20.0,20.0,,,
D_OB,1797,11.989385144331566,11.997164585061077,-0.007779440729510936,43.0,43.0,,,
D_OB,1798,5.1099655826645085,5.118116564188664,-0.008150981524155757,13.0,13.0,,,
D_OB,1799,7.092901254731943,7.105383347814862,-0.012482093082918666,24.0,24.0,,,
D_OB,1800,5.663191163107815,5.708259419607252,-0.04506825649943723,19.0,19.0,,,
D_OB,1801,7.775087632273519,7.7360184618206915,0.03906917045282763,23.0,23.0,,,
D_OB,1802,7.292091836734694,7.315446117702796,-0.023354280968101656,23.0,23.0,,,
D_OB,1803,10.017186505410567,10.056976593200908,-0.03979008779034047,26.0,26.0,,,
D_OB,1804,7.924958935527132,7.894940118290426,0.030018817236705738,23.0,23.0,,,
D_OB,1805,7.012879086302405,7.038279472319521,-0.02540038601711554,19.0,19.0,,,
D_OB,1806,6.9299654988220345,6.942010954149458,-0.012045455327423132,23.0,23.0,,,
D_OB,1807,6.175349802662981,6.2029538419511585,-0.027604039288177402,23.0,23.0,,,
D_OB,1808,7.279833305209058,7.2293067956505865,0.05052650955847077,26.0,26.0,,,
D_OB,1809,6.057485786481364,6.054241844618238,0.003243941863126869,13.0,13.0,,,
D_OB,1810,7.537558718773218,7.583693030981526,-0.04613431220830873,23.0,23.0,,,
D_OB,1811,5.96921102188949,6.015509918761483,-0.046298896871992214,23.0,23.0,,,
D_OB,1812,7.697927742472672,7.752571114139295,-0.05464337166662327,23.0,23.0,,,
D_OB,1813,8.088159858482504,8.077304465430123,0.010855393052380313,23.0,23.0,,,
D_OB,1814,7.726384364820847,7.7587690208944515,-0.03238465607360442,26.0,26.0,,,
D_OB,1815,4.737834127744039,4.755546233292782,-0.017712105548743046,13.0,13.0,,,
D_OB,1816,7.8479685452162515,7.820369768736403,0.02759877647984856,24.0,24.0,,,
D_OB,1817,7.800097558259193,7.809525776681005,-0.009428218421812582,23.0,23.0,,,
D_OB,1818,8.470245795601553,8.479030772754477,-0.008784977152924334,26.0,25.710439085960388,,,
D_OB,1819,5.75203069560668,5.783645061044132,-0.03161436543745153,20.0,20.0,,,
D_OB,1820,9.128844204694033,9.154836120009422,-0.025991915315389632,23.0,23.0,,,
D_OB,1821,7.188723395895928,7.232865593099535,-0.044142197203606626,20.0,20.0,,,
D_OB,1822,7.112059765208111,7.13877745041089,-0.026717685202778722,24.0,24.0,,,
D_OB,1823,4.501881980604352,4.514383286875687,-0.012501306271334308,10.0,10.0,,,
D_OB,1824,7.910317452972758,7.957235292449895,-0.04691783947713678,26.0,26.0,,,
D_OB,1825,6.735504877839056,6.761939241793592,-0.02643436395453584,20.0,20.0,,,
D_OB,1826,8.332744711796568,8.384520413425191,-0.05177570162862461,23.0,23.0,,,
D_OB,1827,6.693187099151327,6.741403459244674,-0.04821636009334704,23.0,23.0,,,
D_OB,1828,7.032710909216028,7.0552636392493,-0.02255273003327219,23.0,23.0,,,
D_OB,1829,7.923115631986484,7.967188524438216,-0.04407289245173182,24.0,24.0,,,
D_OB,1830,7.611004790377362,7.632065531763459,-0.021060741386096815,15.0,15.0,,,
D_OB,1831,7.186853872701382,7.18716628543866,-0.0003124127372766074,21.400000000000546,21.400000000000546,,,
D_OB,1832,7.181041951537986,7.194169418766276,-0.013127467228290859,24.0,24.0,,,
D_OB,1833,7.344654027259711,7.342192418786474,0.0024616084732375777,23.0,23.0,,,
D_OB,1834,8.502,8.518507106145224,-0.016507106145222984,23.0,23.0,,,
D_OB,1835,5.633452775801721,5.679191416846244,-0.04573864104452263,14.0,14.0,,,
D_OB,1836,9.28377155083352,9.249534323433918,0.03423722739960173,28.0,28.0,,,
D_OB,1837,4.928893093183614,4.926316530352115,0.0025765628314996436,20.0,20.0,,,
D_OB,1838,8.107180311727118,8.131879519200528,-0.024699207473409073,23.0,23.0,,,
D_OB,1839,4.704614581426703,4.709863229745129,-0.005248648318426335,19.0,19.0,,,
D_OB,1840,5.77861958840934,5.798152392081793,-0.019532803672453317,19.0,19.0,,,
D_OB,1841,8.11492233601549,8.131764147320496,-0.01684181130500752,26.0,26.0,,,
D_OB,1842,7.7909274690821295,7.840722914620953,-0.04979544553882269,23.0,23.0,,,
D_OB,1843,9.365045756803898,9.401857273672283,-0.03681151686838386,26.0,25.885072326660197,,,
D_OB,1844,7.572086734436044,7.602504209638399,-0.03041747520235461,23.0,23.0,,,
D_OB,1845,4.5962282117327735,4.618607988645291,-0.02237977691251656,13.0,13.0,,,
D_OB,1846,6.369532671550776,6.364959369436473,0.004573302114303213,23.0,23.0,,,
D_OB,1847,10.972073927466035,11.016075848048532,-0.04400192058249695,26.0,26.0,,,
D_OB,1848,8.407911802853437,8.419872085408015,-0.011960282554576988,24.0,24.0,,,
D_OB,1849,7.5590354452787905,7.5840540092843804,-0.025018564005589855,28.0,28.0,,,
D_OB,1850,7.667334669338677,7.691486084867336,-0.024151415528658637,24.0,24.0,,,
D_OB,1851,6.169895733227723,6.192472651661494,-0.022576918433770396,14.0,14.0,,,
D_OB,1852,4.520149789212189,4.541204247997079,-0.021054458784890342,19.0,19.0,,,
D_OB,1853,9.51528085088553,9.531825651049761,-0.016544800164230967,28.0,28.0,,,
D_OB,1854,10.64981469364416,10.67933833280204,-0.029523639157880893,26.0,26.0,,,
D_OB,1855,9.113520819951383,9.127859140082164,-0.014338320130780262,23.0,23.0,,,
D_OB,1856,8.074894327531782,8.084433255446585,-0.009538927914803489,23.0,23.0,,,
D_OB,1857,7.541715529349369,7.570216766204748,-0.02850123685537895,23.0,23.0,,,
D_OB,1858,8.591066347994754,8.636887754215687,-0.045821406220933815,23.0,23.0,,,
D_OB,1859,7.540644995014952,7.5321044650241085,0.008540529990843645,23.0,23.0,,,
D_OB,1860,7.4498726868398775,7.459295319506711,-0.009422632666833712,23.0,23.0,,,
D_OB,1861,8.00666496159362,8.027083784530543,-0.02041882293692387,23.0,23.0,,,
D_OB,1862,8.007602147055495,8.077396244958418,-0.06979409790292362,23.0,23.0,,,
D_OB,1863,8.165768947112742,8.188469626946363,-0.022700679833620927,24.0,24.0,,,
D_OB,1864,4.33633002641918,4.3697930652566805,-0.03346303883750034,11.0,11.0,,,
D_OB,1865,5.273564515224168,5.281780923285136,-0.008216408060967288,13.0,13.0,,,
D_OB,1866,8.458624434620454,8.458792262261497,-0.0001678276410431354,23.0,23.0,,,
D_OB,1867,8.22140138681982,8.214690635394945,0.006710751424875082,23.0,23.0,,,
D_OB,1868,9.000490133107434,9.018875928628429,-0.018385795520994112,26.0,26.0,,,
D_OB,1869,7.261508850667339,7.298948095395015,-0.03743924472767573,23.0,23.0,,,
D_OB,1870,6.639860962308393,6.6561044555639475,-0.016243493255554714,23.0,23.0,,,
D_OB,1871,6.242834865032531,6.259597356665126,-0.016762491632595283,15.0,15.0,,,
D_OB,1872,8.48863234363333,8.508088919368104,-0.019456575734771952,26.0,26.0,,,
D_OB,1873,5.839074954286322,5.804675293413354,0.03439966087296848,20.0,20.0,,,
D_OB,1874,5.583968785335851,5.628811874084694,-0.04484308874884317,19.0,19.0,,,
D_OB,1875,5.18243626062323,5.207291007109472,-0.024854746486242363,11.0,11.0,,,
D_OB,1876,8.411971050985628,8.462188621157223,-0.05021757017159653,26.0,26.0,,,
D_OB,1877,6.527483291958021,6.505802706360273,0.021680585597748082,23.0,23.0,,,
D_OB,1878,6.6171770972037285,6.6161929999147056,0.0009840972890231645,20.0,20.0,,,
D_OB,1879,8.756913721959037,8.779408534126906,-0.022494812167869183,23.0,23.0,,,
D_OB,1880,6.552564102564102,6.519114639514532,0.03344946304957072,20.0,20.0,,,
D_OB,1881,11.186498702843785,11.183223330989536,0.00327537185424843,36.0,36.0,,,
D_OB,1882,5.296476376953946,5.34507409318516,-0.0485977162312151,18.500000000000227,18.500000000000227,,,
D_OB,1883,7.028385570668243,7.051472384431953,-0.023086813763709267,23.0,23.0,,,
D_OB,1884,5.701295755619143,5.72967197761909,-0.02837622199994638,23.0,23.0,,,
D_OB,1885,4.87911247169872,4.891779365357682,-0.012666893658961955,20.0,20.0,,,
D_OB,1886,7.254755254389201,7.242375902343819,0.012379352045382118,20.0,20.0,,,
D_OB,1887,6.20466131519131,6.19196104583929,0.012700269352020045,23.0,23.0,,,
D_OB,1888,6.425665387089852,6.478679770045648,-0.05301438295579553,23.0,23.0,,,
D_OB,1889,8.219006719011249,8.24404200679296,-0.025035287781711265,26.0,25.709542393684387,,,
D_OB,1890,7.137683281870038,7.16266691717064,-0.02498363530060162,23.0,23.0,,,
D_OB,1891,6.147163547575474,6.165260564731924,-0.018097017156450373,23.0,23.0,,,
D_OB,1892,9.982124018212657,9.985383846622854,-0.003259828410197779,28.0,26.0,,,
D_OB,1893,5.401562767747955,5.457613280333357,-0.056050512585401134,15.0,15.0,,,
D_OB,1894,8.704305615176693,8.725583536046281,-0.02127792086958734,24.0,24.0,,,
D_OB,1895,7.532661917655734,7.542853025071968,-0.01019110741623382,23.0,23.0,,,
D_OB,1896,8.925139974283672,8.939271867348733,-0.014131893065060993,26.0,26.0,,,
D_OB,1897,4.956561397705505,4.9819881047182415,-0.02542670701273638,14.0,14.0,,,
D_OB,1898,5.8216575972180955,5.833577651243943,-0.01192005402584798,13.0,13.0,,,
D_OB,1899,7.230511231266214,7.266989290945931,-0.036478059679716575,23.0,23.0,,,
D_OB,1900,6.30560671218375,6.365978836132585,-0.06037212394883442,23.0,23.0,,,
D_OB,1901,6.3326931979460275,6.382265436055779,-0.049572238109751095,20.0,20.0,,,
D_OB,1902,7.509334778472586,7.514440203398895,-0.005105424926309305,24.0,24.0,,,
D_OB,1903,5.252197802197802,5.27965666776175,-0.027458865563948075,23.0,23.0,,,
D_OB,1904,8.053443223812693,8.11981705775274,-0.06637383394004885,23.0,23.0,,,
D_OB,1905,8.490058658596325,8.506544337319681,-0.016485678723355258,23.0,23.0,,,
D_OB,1906,9.728735787073772,9.749495107862684,-0.020759320788913304,26.0,25.7040753364563,,,
D_OB,1907,6.825174672914588,6.825624099952587,-0.00044942703799924987,15.0,15.0,,,
D_OB,1908,9.063869208027988,9.126244854260158,-0.06237564623216927,23.0,23.0,,,
D_OB,1909,7.653018414109375,7.650289418596344,0.002728995513030421,23.0,23.0,,,
D_OB,1910,5.765040831759645,5.769918704708221,-0.004877872948576077,23.0,23.0,,,
D_OB,1911,5.707875288534764,5.754525675038326,-0.04665038650356169,11.0,11.0,,,
D_OB,1912,4.885895510808921,4.9285896962071645,-0.042694185398243094,15.0,15.0,,,
D_OB,1913,6.657689791635251,6.67719017396393,-0.019500382328679275,23.0,23.0,,,
D_OB,1914,5.702541323498053,5.679055040519788,0.02348628297826543,15.0,15.0,,,
D_OB,1915,6.429173289936716,6.4517582396930475,-0.022584949756331716,15.0,15.0,,,
D_OB,1916,6.500463885503443,6.531818245518324,-0.03135436001488122,23.0,23.0,,,
D_OB,1917,8.199054841307907,8.19677485832581,0.0022799829820970875,23.0,23.0,,,
D_OB,1918,5.419642857142857,5.482522900919525,-0.06288004377666785,14.299999999999955,14.299999999999955,,,
D_OB,1919,8.861894432393347,8.938059205174532,-0.07616477278118451,26.0,26.0,,,
D_OB,1920,6.706638311414128,6.734908445684507,-0.028270134270378826,23.0,23.0,,,
D_OB,1921,8.277848911651729,8.23726390968059,0.040585001971138575,26.0,25.69894051551819,,,
D_OB,1922,9.939965883347313,9.936747971739912,0.003217911607400171,24.0,24.0,,,
D_OB,1923,5.9638014082555415,5.9891854127248125,-0.025384004469271058,23.0,23.0,,,
D_OB,1924,7.5836379622102,7.581687264433893,0.0019506977763064806,26.0,26.0,,,
D_OB,1925,7.052526182507815,7.078239220598517,-0.025713038090701516,24.0,24.0,,,
D_OB,1926,6.987165508906839,6.997337454048009,-0.010171945141169404,23.0,23.0,,,
D_OB,1927,8.995987350884679,8.979172754536721,0.01681459634795824,15.0,15.0,,,
D_OB,1928,6.547418967587035,6.530377088617735,0.017041878969300123,20.0,20.0,,,
D_OB,1929,9.683710437859668,9.730034739284193,-0.04632430142452338,26.0,26.0,,,
D_OB,1930,6.042167869652565,6.113593311495444,-0.07142544184287969,14.0,14.0,,,
D_OB,1931,9.809337417979071,9.861053648735712,-0.05171623075664236,24.0,24.0,,,
D_OB,1932,8.558030669037242,8.537259935462561,0.02077073357468037,26.0,26.0,,,
D_OB,1933,4.601889614150515,4.616956638762324,-0.015067024611809159,13.0,13.0,,,
D_OB,1934,4.99256586386495,4.983400293779781,0.009165570085168323,15.0,15.0,,,
D_OB,1935,6.493891175400029,6.5041418384324325,-0.010250663032402864,23.0,23.0,,,
D_OB,1936,5.710811933735254,5.739513442097174,-0.028701508361919915,13.0,13.0,,,
D_OB,1937,6.871589653367842,6.909488681688201,-0.03789902832035816,23.0,23.0,,,
D_OB,1938,4.84407738169695,4.836651373221019,0.0074260084759311265,15.0,15.0,,,
D_OB,1939,6.84483807105493,6.868331869942638,-0.023493798887708243,23.0,23.0,,,
D_OB,1940,9.81655172413793,9.824547613242578,-0.007995889104645828,28.0,25.7040753364563,,,
D_OB,1941,5.827402135231317,5.87836258012629,-0.050960444894973915,23.0,23.0,,,
D_OB,1942,4.33308941077746,4.3640677163070185,-0.03097830552955812,10.0,10.0,,,
D_OB,1943,9.302128327876428,9.306561652583257,-0.004433324706829814,28.0,26.0,,,
D_OB,1944,9.906653116158823,9.942408812467132,-0.035755696308307904,24.0,24.0,,,
D_OB,1945,6.047335565233805,6.086837253800358,-0.03950168856655259,20.0,20.0,,,
D_OB,1946,7.264299802761341,7.290951502785567,-0.02665170002422546,23.0,23.0,,,
D_OB,1947,4.790356394129979,4.808527149744254,-0.018170755614274704,19.0,19.0,,,
D_OB,1948,9.11685075441296,9.094261961361385,0.022588793051575424,26.0,26.0,,,
D_OB,1949,8.773582617896723,8.813689051864484,-0.04010643396776065,23.0,23.0,,,
D_OB,1950,7.259502047564076,7.244050880730328,0.015451166833748156,26.0,25.651022911071777,,,
D_OB,1951,8.196294151708164,8.21721312774698,-0.02091897603881518,24.0,24.0,,,
D_OB,1952,4.915303738317757,4.913529711488251,0.0017740268295056351,11.0,11.0,,,
D_OB,1953,5.723598408100122,5.72574269077091,-0.0021442826707881763,23.0,23.0,,,
D_OB,1954,5.523808848947098,5.50422272932001,0.019586119627087846,13.0,13.0,,,
D_OB,1955,6.668134099599815,6.706110894719006,-0.0379767951191914,23.0,23.0,,,
D_OB,1956,6.815353815187544,6.779763219473879,0.03559059571366449,23.0,23.0,,,
D_OB,1957,9.76285901286905,9.775941985402461,-0.01308297253341126,26.0,26.0,,,
D_OB,1958,8.866365482768074,8.883610498709757,-0.017245015941682408,23.0,23.0,,,
D_OB,1959,8.168486102412075,8.213874799939655,-0.04538869752757875,24.0,24.0,,,
D_OB,1960,12.06412360521319,12.051008761007227,0.013114844205963814,28.0,28.0,,,
D_OB,1961,6.910045961917269,6.892590418506906,0.0174555434103632,14.0,14.0,,,
D_OB,1962,7.73855230447947,7.755726242525402,-0.017173938045931016,26.0,26.0,,,
D_OB,1963,9.236209002459997,9.231016938376754,0.005192064083243187,26.0,26.0,,,
D_OB,1964,6.734337663230854,6.779676447082537,-0.04533878385168229,20.899999999999864,20.899999999999864,,,
D_OB,1965,6.299129703837745,6.356832545320943,-0.05770284148319712,23.0,23.0,,,
D_OB,1966,6.937394247038917,6.955515613814094,-0.018121366775177054,23.0,23.0,,,
D_OB,1967,6.681958791648458,6.7067629801126385,-0.024804188464180855,23.0,23.0,,,
D_OB,1968,11.123923127899271,11.123570653284679,0.00035247461459271713,43.0,43.0,,,
D_OB,1969,3.9332411907534324,3.978766722580739,-0.045525531827306454,11.0,11.0,,,
D_OB,1970,4.389555629078798,4.40249957238126,-0.01294394330246242,14.0,14.0,,,
D_OB,1971,6.109657454966141,6.148812440725473,-0.03915498575933299,19.0,19.0,,,
D_OB,1972,10.945296423531127,10.98608019776728,-0.04078377423615291,49.30000000000064,49.30000000000064,,,
D_OB,1973,10.85489901789399,10.862213189241498,-0.007314171347507211,28.0,28.0,,,
D_OB,1974,7.0587644745184726,7.11116177076734,-0.05239729624886753,13.0,13.0,,,
D_OB,1975,8.743127093166112,8.791424237042666,-0.04829714387655258,26.200000000000273,26.0,,,
D_OB,1976,6.606654600342421,6.62624367652875,-0.01958907618632879,23.0,23.0,,,
D_OB,1977,7.368912066781611,7.443442454108106,-0.07453038732649489,23.0,23.0,,,
D_OB,1978,9.85822885807787,9.868691062249164,-0.010462204171292608,26.0,25.69987587928772,,,
D_OB,1979,11.882159315339038,11.886060203981682,-0.0039008886426432185,50.0,50.0,,,
D_OB,1980,8.13722483435443,8.200617736022089,-0.06339290166765915,26.0,26.0,,,
D_OB,1981,9.009993383505929,9.017959907871537,-0.007966524365606693,23.0,23.0,,,
D_OB,1982,7.690531999266305,7.706053312228364,-0.015521312962059214,23.0,23.0,,,
D_OB,1983,6.247582115270385,6.312079540898452,-0.06449742562806786,19.0,19.0,,,
D_OB,1984,7.6507180191979085,7.682158751675413,-0.031440732477504944,19.0,19.0,,,
D_OB,1985,8.627795767324097,8.614259041711955,0.013536725612140385,24.0,24.0,,,
D_OB,1986,8.879287322828928,8.843821642193035,0.03546568063589243,23.0,23.0,,,
D_OB,1987,4.955243668673691,4.946324255672799,0.008919413000891198,19.799999999999955,19.799999999999955,,,
D_OB,1988,6.6307211576639355,6.647490447276347,-0.016769289612412093,24.0,24.0,,,
D_OB,1989,7.211998294249936,7.261529057978305,-0.049530763728369336,23.0,23.0,,,
D_OB,1990,8.463572267920094,8.444352623718746,0.01921964420134817,28.0,25.71268081665039,,,
D_OB,1991,8.88140448140954,8.919958752951953,-0.03855427154241372,23.600000000000136,23.600000000000136,,,
D_OB,1992,6.853199769671146,6.908326127638038,-0.0551263579668907,23.0,23.0,,,
D_OB,1993,9.223670375018177,9.242499152244939,-0.01882877722676261,26.0,26.0,,,
D_OB,1994,6.960728127399539,7.0057587757402535,-0.04503064834071395,24.0,24.0,,,
D_OB,1995,8.744919284110063,8.74720248492428,-0.0022832008142168736,23.0,23.0,,,
D_OB,1996,5.747210517033072,5.786906548891186,-0.039696031858113184,23.0,23.0,,,
D_OB,1997,6.477552077771514,6.478509496963517,-0.0009574191920030893,23.0,23.0,,,
D_OB,1998,6.5823296855103965,6.575804059683085,0.006525625827311025,26.0,26.0,,,
D_OB,1999,6.114168817881917,6.134077168206709,-0.01990835032479129,23.0,23.0,,,
D_TX,0,5.101522590007101,4.95,0.15152259000710078,11.0,11.0,,,
D_TX,1,4.838918210985313,4.751735184196476,0.0871830267888368,11.0,11.0,,,
D_TX,2,3.2767629704848753,3.1734104046242773,0.10335256586059795,10.0,10.0,,,
D_TX,3,5.278093719702416,5.350634371395617,-0.07254065169320112,11.0,11.0,,,
D_TX,4,5.332221100423243,5.2524675324675325,0.07975356795571067,11.0,11.0,,,
D_TX,5,7.08054568896992,7.112373737373737,-0.03182804840381699,18.0,18.0,,,
D_TX,6,4.85554040814729,4.806614349775785,0.0489260583715054,11.0,11.0,,,
D_TX,7,4.085169875237249,3.978885630498534,0.10628424473871584,9.0,9.0,,,
D_TX,8,6.610038677800964,6.478757133798351,0.13128154400261277,11.0,11.0,,,
D_TX,9,5.368516193938426,5.35799522673031,0.010520967208115753,11.0,11.0,,,
D_TX,10,5.050472653850686,5.201527614571093,-0.15105496072040742,9.0,10.0,,,
D_TX,11,3.767113357242289,3.683141131246568,0.08397222599572103,8.0,9.0,,,
D_TX,12,5.595842188144165,5.624484991171277,-0.02864280302711204,11.0,11.0,,,
D_TX,13,6.758976431993338,6.6520710059171595,0.10690542607617802,11.0,11.0,,,
D_TX,14,4.418194502789453,4.52317880794702,-0.1049843051575667,9.0,10.0,,,
D_TX,15,5.806791053614884,5.594626168224299,0.2121648853905847,11.0,11.0,,,
D_TX,16,5.453435295946289,5.311178247734139,0.14225704821214935,11.0,11.0,,,
D_TX,17,3.520245652976216,3.6691449814126393,-0.14889932843642353,9.0,10.0,,,
D_TX,18,4.886311688009097,4.891316526610645,-0.005004838601547797,13.478731155395508,14.0,,,
D_TX,19,7.002888356912427,6.991463414634146,0.011424942278280491,13.733492136001587,16.0,,,
D_TX,20,4.208599844153917,4.1151279199110125,0.09347192424290438,9.299999999999955,10.0,,,
D_TX,21,4.847953125905012,4.917411888479747,-0.06945876257473516,11.0,11.0,,,
D_TX,22,3.2568714363548588,3.3848181338956245,-0.12794669754076582,8.790834665298462,10.0,,,
D_TX,23,4.805925503338084,4.772941176470588,0.032984326867496264,10.0,11.0,,,
D_TX,24,4.669697048958768,4.667977528089888,0.0017195208688800254,11.0,11.0,,,
D_TX,25,6.448040824603124,6.329028635597979,0.11901218900514546,15.0,15.0,,,
D_TX,26,3.6811769627443645,3.6927207637231505,-0.011543800978785768,9.0,10.0,,,
D_TX,27,3.7095692896073866,3.5049853372434017,0.2045839523639847,11.0,11.0,,,
D_TX,28,7.349532932063253,7.286391333784699,0.06314159827855445,18.0,18.0,,,
D_TX,29,5.061902462403373,5.103341584158416,-0.04143912175504288,10.0,11.0,,,
D_TX,30,5.128655461912854,4.8689696247766525,0.259685837136201,10.0,11.0,,,
D_TX,31,5.928026794515168,5.947664603263928,-0.019637808748759377,13.504147291183472,14.0,,,
D_TX,32,4.419231652297513,4.425356750823271,-0.006125098525758109,11.0,11.0,,,
D_TX,33,4.075476744657831,4.121518987341772,-0.0460422426839418,8.0,10.0,,,
D_TX,34,4.736487628237436,4.573468447719945,0.16301918051749098,11.0,11.0,,,
D_TX,35,5.3290976934861245,5.286418400876232,0.04267929260989269,11.0,11.0,,,
D_TX,36,3.987635486773837,3.9292274446245274,0.058408042149309336,11.0,11.0,,,
D_TX,37,5.568538383604002,5.51357220412595,0.054966179478052,11.0,11.0,,,
D_TX,38,4.18711610171764,4.066548881036513,0.12056722068112646,11.0,11.0,,,
D_TX,39,5.381052035179322,5.229289150187066,0.15176288499225593,11.0,11.0,,,
D_TX,40,7.114912099897126,6.925925925925926,0.18898617397119968,11.0,11.0,,,
D_TX,41,4.6818648621788554,4.663467306538692,0.01839755564016286,10.0,11.0,,,
D_TX,42,5.53786100163803,5.545348156816852,-0.0074871551788222935,8.79195523262024,11.0,,,
D_TX,43,3.9265884788024543,3.824876237623762,0.10171224117869197,8.676522731781006,9.0,,,
D_TX,44,4.584141560198433,4.530548302872063,0.05359325732637012,11.0,11.0,,,
D_TX,45,4.148141866476706,4.263044647660032,-0.1149027811833259,11.0,11.0,,,
D_TX,46,5.467109759598784,5.301129234629862,0.16598052496892146,11.0,11.0,,,
D_TX,47,4.97587908973033,4.8072550081212775,0.16862408160905162,11.0,11.0,,,
D_TX,48,6.316982114382383,6.350282485875706,-0.03330037149332338,11.0,11.0,,,
D_TX,49,6.275265975505518,6.135180995475113,0.14008498003040504,11.0,11.0,,,
D_TX,50,4.8723032497396375,4.92020202020202,-0.047898770462382924,11.0,11.0,,,
D_TX,51,5.135319981534602,5.065980629539951,0.0693393519946507,10.0,10.0,,,
D_TX,52,3.0058557869724636,3.0209059233449476,-0.0150501363724841,11.0,11.0,,,
D_TX,53,3.6516492178151894,3.625824175824176,0.025825041991013747,7.807004690170292,8.0,,,
D_TX,54,5.643934348682025,5.564993564993565,0.07894078368846054,10.0,11.0,,,
D_TX,55,4.2237471017726635,3.952906976744186,0.27084012502847715,9.0,10.0,,,
D_TX,56,5.529305956567381,5.445848375451264,0.08345758111611744,11.0,11.0,,,
D_TX,57,4.552253664858424,4.389676687464549,0.16257697739387464,10.0,11.0,,,
D_TX,58,4.178567176848758,4.113389626055489,0.06517755079326928,8.0,10.0,,,
D_TX,59,6.252830294361265,6.361154855643044,-0.10832456128177993,11.0,11.0,,,
D_TX,60,5.204707246320375,5.075654152445962,0.1290530938744138,11.0,11.0,,,
D_TX,61,5.654604019191685,5.680442374854482,-0.025838355662797744,12.0,12.0,,,
D_TX,62,4.422967677694379,4.46969696969697,-0.04672929200259122,9.100000000000136,10.0,,,
D_TX,63,3.9577894883247247,3.860746720484359,0.09704276784036522,11.0,11.0,,,
D_TX,64,5.179199473628183,5.04688304997424,0.1323164236539421,11.0,11.0,,,
D_TX,65,7.507828013713543,7.293589743589743,0.21423827012379965,11.0,11.0,,,
D_TX,66,3.7547666922285052,3.8651477832512313,-0.11038109102272635,8.0,10.0,,,
D_TX,67,4.858261639912156,4.783343391671695,0.07491824824045995,11.0,11.0,,,
D_TX,68,5.346179747849368,5.110585452395033,0.23559429545433544,11.0,11.0,,,
D_TX,69,5.242747819941977,5.1397515527950315,0.10299626714694574,11.0,11.0,,,
D_TX,70,3.9894195717119585,3.912111468381565,0.07730810333039344,11.0,11.0,,,
D_TX,71,4.203337916519371,4.252408477842004,-0.04907056132263301,11.0,11.0,,,
D_TX,72,5.481799578636276,5.401785714285714,0.0800138643505622,10.0,11.0,,,
D_TX,73,4.3499573749954745,4.212526766595289,0.13743060840018556,11.0,11.0,,,
D_TX,74,4.71578904909623,4.717805151175812,-0.0020161020795815736,11.0,11.0,,,
D_TX,75,3.6811812269719786,3.4787061994609165,0.202475027511062,9.0,10.0,,,
D_TX,76,4.3785394258362755,4.408140814081408,-0.029601388245132497,11.0,11.0,,,
D_TX,77,4.512415620955244,4.364363221016562,0.1480523999386825,9.0,10.0,,,
D_TX,78,6.138759265441363,6.065583284968079,0.07317598047328425,11.0,11.0,,,
D_TX,79,4.554297838232784,4.259681093394078,0.2946167448387059,8.0,8.0,,,
D_TX,80,4.925221621674836,5.060185185185185,-0.13496356351034983,11.0,11.0,,,
D_TX,81,4.623354831684467,4.6430232558139535,-0.019668424129486085,11.0,11.0,,,
D_TX,82,4.48664255512965,4.545970488081725,-0.05932793295207549,11.0,11.0,,,
D_TX,83,6.840449823387738,6.690270935960591,0.1501788874271468,13.506255149841309,15.0,,,
D_TX,84,4.587026868783829,4.418833044482958,0.16819382430087068,11.0,11.0,,,
D_TX,85,5.009430125483081,4.957264957264957,0.05216516821812361,11.0,11.0,,,
D_TX,86,4.059932104574504,4.108847867600255,-0.04891576302575124,11.0,11.0,,,
D_TX,87,5.251919860098543,5.23844537815126,0.01347448194728178,11.0,11.0,,,
D_TX,88,3.0014353879934084,2.8749279538904897,0.12650743410291865,8.0,9.0,,,
D_TX,89,5.555433044108478,5.546590909090909,0.008842135017568415,11.0,11.0,,,
D_TX,90,3.8588081682213593,3.8069306930693068,0.051877475152052405,10.0,10.0,,,
D_TX,91,5.243646983499172,5.0670487106017195,0.17659827289745253,9.0,10.0,,,
D_TX,92,6.024778985860372,6.042253521126761,-0.017474535266387994,11.0,11.0,,,
D_TX,93,4.1770259018195715,4.107633168588688,0.0693927332308841,11.0,11.0,,,
D_TX,94,3.438660597189879,3.296844181459566,0.14181641573031273,8.854368662834158,9.299999999999955,,,
D_TX,95,5.019388049840927,4.924242424242424,0.09514562559850288,11.0,11.0,,,
D_TX,96,5.2126949648461265,5.074877916440586,0.13781704840554015,11.0,11.0,,,
D_TX,97,4.430352022484295,4.333500250375564,0.09685177210873225,11.0,11.0,,,
D_TX,98,3.040591687995767,3.043026706231454,-0.002435018235686743,8.79055142402649,10.0,,,
D_TX,99,4.267481357841348,4.254457050243112,0.013024307598235606,11.0,11.0,,,
D_TX,100,2.757721902544373,2.5148048452220726,0.24291705732230062,8.0,10.0,,,
D_TX,101,6.106417670058108,6.091954022988506,0.014463647069602178,11.0,11.0,,,
D_TX,102,3.781752177287097,3.6144278606965172,0.16732431659057959,8.675513744354248,9.0,,,
D_TX,103,4.993040819676946,4.990407673860911,0.00263314581603455,10.0,10.0,,,
D_TX,104,5.028230506912646,4.9254108723135275,0.10281963459911901,10.0,10.0,,,
D_TX,105,5.160775097343029,4.994668246445498,0.16610685089753138,12.0,12.0,,,
D_TX,106,5.413303750553109,5.280996523754346,0.1323072267987637,13.73662793636322,14.0,,,
D_TX,107,4.610211465494232,4.407496977025393,0.202714488468839,9.0,10.0,,,
D_TX,108,4.8587799764901805,4.741308190925162,0.1174717855650183,11.0,11.0,,,
D_TX,109,4.180104022134135,3.9773355444997236,0.20276847763441094,11.0,11.0,,,
D_TX,110,3.418773926542105,3.2289617486338797,0.18981217790822513,10.0,11.0,,,
D_TX,111,6.067543287156504,6.1448101265822785,-0.07726683942577507,12.0,12.0,,,
D_TX,112,4.792958127662587,4.728706624605678,0.06425150305690826,9.0,9.0,,,
D_TX,113,5.400999884964951,5.4629171817058095,-0.061917296740858455,11.0,11.0,,,
D_TX,114,3.258526197364253,3.263608870967742,-0.005082673603488553,11.0,11.0,,,
D_TX,115,4.14472391780976,4.093360995850622,0.051362921959137026,11.0,11.0,,,
D_TX,116,4.662972105196871,4.58839190628328,0.07458019891359047,11.0,11.0,,,
D_TX,117,4.561662323634933,4.409722222222222,0.15194010141271133,10.0,10.0,,,
D_TX,118,4.875785392079581,4.807436182019978,0.0683492100596031,11.0,11.0,,,
D_TX,119,4.90592920433811,4.963075060532687,-0.057145856194576974,10.0,11.0,,,
D_TX,120,3.90645787147207,3.849197247706422,0.05726062376564796,11.0,11.0,,,
D_TX,121,4.07995059435395,3.989655172413793,0.09029542194015679,10.0,10.0,,,
D_TX,122,4.860046179329062,4.690767519466074,0.16927865986298932,12.0,12.0,,,
D_TX,123,5.812141549853144,5.725371747211896,0.08676980264124817,11.0,11.0,,,
D_TX,124,8.004637215523578,7.982356647763075,0.022280567760503585,12.0,12.0,,,
D_TX,125,4.585853338110578,4.46978021978022,0.11607311833035815,7.0,8.0,,,
D_TX,126,6.801145080611002,6.651079136690647,0.15006594392035505,11.0,11.0,,,
D_TX,127,6.676670414047599,6.579853862212944,0.09681655183465596,11.0,11.0,,,
D_TX,128,4.123840963422579,4.024955436720143,0.09888552670243661,10.0,11.0,,,
D_TX,129,4.563516316340865,4.634864546525324,-0.07134823018445845,10.0,10.0,,,
D_TX,130,4.692464534695496,4.5625338386572825,0.12993069603821364,10.0,11.0,,,
D_TX,131,5.104658114088403,5.194305694305695,-0.08964758021729095,11.0,11.0,,,
D_TX,132,4.596578346136414,4.435133457479826,0.1614448886565878,11.0,11.0,,,
D_TX,133,5.237880368664329,5.169277632724108,0.06860273594022108,11.0,11.0,,,
D_TX,134,4.41140032349146,4.335041639974375,0.07635868351708461,11.0,11.0,,,
D_TX,135,3.1949038538723173,3.0395102949360044,0.1553935589363128,8.0,9.0,,,
D_TX,136,4.922945709748396,4.915592028135991,0.007353681612406079,10.0,10.0,,,
D_TX,137,3.5025378781283187,3.62417943107221,-0.1216415529438912,11.0,11.0,,,
D_TX,138,8.161437940026634,8.185860889395666,-0.024422949369032543,18.0,18.0,,,
D_TX,139,5.584998243493461,5.474863387978142,0.11013485551531849,14.0,14.0,,,
D_TX,140,7.515363534291585,7.426253687315635,0.08910984697595106,12.0,12.0,,,
D_TX,141,4.578756722169591,4.7822290703646635,-0.20347234819507257,11.0,11.0,,,
D_TX,142,5.716791638894962,5.610423116615067,0.10636852227989488,11.0,11.0,,,
D_TX,143,5.235125629263709,5.376593279258401,-0.14146764999469214,11.0,11.0,,,
D_TX,144,3.6367471050847584,3.7348394768133173,-0.09809237172855917,11.0,11.0,,,
D_TX,145,5.889978459903172,5.932503276539974,-0.0425248166368017,12.0,12.0,,,
D_TX,146,6.5303254356840625,6.57470703125,-0.04438159556593746,11.0,11.0,,,
D_TX,147,5.861835475665436,5.915196357427433,-0.053360881761997075,13.48882532119751,14.0,,,
D_TX,148,4.980255791700079,4.784560143626571,0.19569564807350803,8.784138679504395,9.0,,,
D_TX,149,5.747598882265917,5.701443569553806,0.046155312712111186,11.0,11.0,,,
D_TX,150,4.913116285986934,4.86088379705401,0.05223248893292433,11.0,11.0,,,
D_TX,151,4.854433447250359,4.913768461171987,-0.05933501392162772,11.0,11.0,,,
D_TX,152,4.025427688649642,3.8363922391190353,0.189035449530607,11.0,11.0,,,
D_TX,153,4.776215858326735,4.7687366167023555,0.007479241624378801,11.0,11.0,,,
D_TX,154,6.369685516273923,6.291432145090682,0.07825337118324151,18.0,18.0,,,
D_TX,155,6.128107820112471,5.856438693776957,0.27166912633551543,11.0,11.0,,,
D_TX,156,5.040779057728019,5.016250725478816,0.024528332249203602,11.0,11.0,,,
D_TX,157,4.331667620241325,4.3039319872476085,0.027735632993716362,11.0,11.0,,,
D_TX,158,5.550633486907164,5.405032953864589,0.145600533042574,10.0,11.0,,,
D_TX,159,4.737934959751945,4.605846774193548,0.132088185558396,11.0,11.0,,,
D_TX,160,5.250586023086156,5.084330484330485,0.16625553875567228,10.0,11.0,,,
D_TX,161,5.2920519247435145,5.304347826086956,-0.012295901343442392,10.0,11.0,,,
D_TX,162,3.9022938085156818,3.8145348837209303,0.08775892479475154,11.0,11.0,,,
D_TX,163,5.274253486089371,5.224246231155779,0.050007254933592066,11.0,11.0,,,
D_TX,164,4.697306735913198,4.466586393738711,0.2307203421744864,11.0,11.0,,,
D_TX,165,4.73852257342786,4.711326860841424,0.027195712586436844,11.0,11.0,,,
D_TX,166,5.0017281296159055,4.877267876200641,0.12446025341526548,11.0,11.0,,,
D_TX,167,4.846103065327664,4.751968503937008,0.09413456139065686,11.0,11.0,,,
D_TX,168,3.543998349024034,3.5181413112667093,0.02585703775732476,9.0,10.0,,,
D_TX,169,3.4486948606744616,3.330342120022434,0.11835274065202765,9.0,10.0,,,
D_TX,170,4.6130280467487825,4.611409395973155,0.001618650775627802,10.0,11.0,,,
D_TX,171,5.719517969343506,5.52371239163692,0.1958055777065855,11.0,11.0,,,
D_TX,172,6.615636864977498,6.619239631336406,-0.0036027663589073217,11.0,11.0,,,
D_TX,173,4.7644403381167715,4.844025157232704,-0.07958481911593263,11.0,11.0,,,
D_TX,174,6.34596295948956,6.2817809021675455,0.0641820573220144,12.0,12.0,,,
D_TX,175,3.445269197712007,3.4662676822633296,-0.020998484551322864,11.0,11.0,,,
D_TX,176,4.561336854163114,4.5156973751930005,0.04563947897011388,11.0,11.0,,,
D_TX,177,5.296600927160086,5.324590163934427,-0.027989236774340353,11.0,11.0,,,
D_TX,178,5.123395214373023,4.856267409470752,0.26712780490227067,11.0,11.0,,,
D_TX,179,4.702499646536062,4.507042253521127,0.1954573930149347,11.0,11.0,,,
D_TX,180,5.603920248565073,5.389983117613956,0.21393713095111663,11.0,11.0,,,
D_TX,181,4.962539561358946,4.768415178571429,0.19412438278751715,9.867753171920898,10.0,,,
D_TX,182,3.9134751931079843,3.7298342541436464,0.18364093896433795,7.67127799987793,8.0,,,
D_TX,183,3.841816619535287,3.8171875,0.024629119535287222,11.0,11.0,,,
D_TX,184,3.1489583359344175,3.111940298507463,0.03701803742695465,10.0,11.0,,,
D_TX,185,4.442755247595532,4.253551912568306,0.1892033350272257,10.0,10.0,,,
D_TX,186,4.595559334684614,4.553392330383481,0.04216700430113306,11.0,11.0,,,
D_TX,187,5.5720805259192066,5.387743076016499,0.184337449902707,11.0,11.0,,,
D_TX,188,5.8368981303541565,5.801020408163265,0.03587772219089153,11.0,11.0,,,
D_TX,189,4.879012876642405,4.696483652066625,0.1825292245757793,11.0,11.0,,,
D_TX,190,4.679133686502752,4.722064662507091,-0.04293097600433817,11.0,11.0,,,
D_TX,191,5.32655308896845,5.311931818181818,0.01462127078663219,9.0,10.0,,,
D_TX,192,4.6109842394734475,4.563186813186813,0.047797426286634505,11.0,11.0,,,
D_TX,193,3.9603518071847086,4.035790598290598,-0.07543879110588987,11.0,11.0,,,
D_TX,194,4.983575490522289,5.102478231748158,-0.11890274122586925,12.0,12.0,,,
D_TX,195,5.03271293757842,5.1634668129456935,-0.13075387536727395,8.0,10.0,,,
D_TX,196,4.044193970931085,4.059834123222749,-0.015640152291664017,9.0,10.0,,,
D_TX,197,5.084226194724619,5.094123505976095,-0.00989731125147694,11.0,11.0,,,
D_TX,198,3.4227893415805513,3.3945861530452888,0.02820318853526237,10.0,11.0,,,
D_TX,199,5.4215296148749434,5.291960507757405,0.12956910711753855,11.0,11.0,,,
D_TX,200,5.672914119365389,5.6373390557939915,0.035575063571397836,11.0,11.0,,,
D_TX,201,3.4697953726179036,3.260678391959799,0.20911698065810466,9.0,11.0,,,
D_TX,202,5.211607584752232,5.074698795180723,0.13690878957150932,11.0,11.0,,,
D_TX,203,5.865354243384467,5.767222222222222,0.09813202116224501,11.0,11.0,,,
D_TX,204,4.425673426896707,4.349486887115165,0.07618653978154216,7.804616212844849,10.0,,,
D_TX,205,4.344799089349926,4.303775743707094,0.04102334564283183,11.0,11.0,,,
D_TX,206,4.981736263884264,4.900960080848914,0.0807761830353508,11.0,11.0,,,
D_TX,207,4.64142810249548,4.45830937320299,0.1831187292924895,11.0,11.0,,,
D_TX,208,4.545454387670026,4.651673066374109,-0.10621867870408234,11.0,11.0,,,
D_TX,209,4.225272290412961,4.085814360770578,0.1394579296423828,9.0,10.0,,,
D_TX,210,6.179879139199782,5.970095693779904,0.20978344541987734,12.0,12.0,,,
D_TX,211,3.997612154274656,4.033208020050125,-0.03559586577546925,8.782687783241272,10.0,,,
D_TX,212,7.819059801627201,7.886310904872389,-0.06725110324518863,15.0,15.0,,,
D_TX,213,4.244430600801318,4.251606524962926,-0.007175924161608361,11.0,11.0,,,
D_TX,214,4.517644434214727,4.517694063926941,-4.9629712213664294e-05,12.0,12.0,,,
D_TX,215,6.9209889049561175,6.818726183995645,0.10226272096047274,11.0,11.0,,,
D_TX,216,5.122948938288921,5.011771630370807,0.11117730791811525,11.0,11.0,,,
D_TX,217,3.532831285183246,3.4215384615384616,0.11129282364478478,9.0,10.0,,,
D_TX,218,3.8623843214285816,3.717129387113672,0.14525493431490963,10.0,10.0,,,
D_TX,219,4.196689351004843,4.12888198757764,0.06780736342720363,11.0,11.0,,,
D_TX,220,4.534045514006577,4.428051001821494,0.10599451218508342,11.0,11.0,,,
D_TX,221,5.312881923701665,5.132420091324201,0.18046183237746427,9.0,10.0,,,
D_TX,222,4.232897372077148,4.082521783700666,0.15037558837648174,9.0,10.0,,,
D_TX,223,6.803271186867439,6.652671755725191,0.15059943114224889,11.0,11.0,,,
D_TX,224,5.865309743772919,5.770472205618649,0.09483753815426915,13.48882532119751,14.0,,,
D_TX,225,4.675517522692321,4.589511754068716,0.08600576862360498,11.0,11.0,,,
D_TX,226,4.3318720607693235,4.264193367060146,0.06767869370917781,10.0,10.0,,,
D_TX,227,6.583760173010017,6.595837897042716,-0.012077724032699735,11.0,11.0,,,
D_TX,228,3.804241344024395,3.707471264367816,0.09677007965657902,9.0,10.0,,,
D_TX,229,4.242114373934827,4.33939393939394,-0.09727956545911216,11.0,11.0,,,
D_TX,230,5.938635060883875,5.741861793260994,0.1967732676228818,14.0,14.0,,,
D_TX,231,4.186337216018361,4.192235441452723,-0.005898225434362403,10.0,11.0,,,
D_TX,232,4.289657991650195,4.197808535178777,0.09184945647141787,11.0,11.0,,,
D_TX,233,4.8585346818091795,4.856269113149847,0.0022655686593323066,11.0,11.0,,,
D_TX,234,6.303032787785077,6.056563500533618,0.24646928725145925,13.48882532119751,16.0,,,
D_TX,235,3.6615104447705367,3.5756181713628523,0.08589227340768438,10.0,10.0,,,
D_TX,236,3.7312605528092373,3.655780196993261,0.07548035581597644,8.0,10.0,,,
D_TX,237,4.196147347976334,4.210807918673087,-0.014660570696753701,8.12728190422061,8.200000000000045,,,
D_TX,238,4.360427299864979,4.492063492063492,-0.13163619219851333,11.0,11.0,,,
D_TX,239,5.234321246340432,5.169350360910605,0.06497088542982712,11.0,11.0,,,
D_TX,240,4.437756968284279,4.412291169451074,0.025465798833205194,11.0,11.0,,,
D_TX,241,4.890188056618654,4.7972472207517205,0.09294083586693315,11.0,11.0,,,
D_TX,242,4.794602368358702,4.722108495394063,0.0724938729646384,11.0,11.0,,,
D_TX,243,5.622537936729656,5.616085790884719,0.00645214584493765,11.0,11.0,,,
D_TX,244,4.259044856371002,4.155750386797318,0.10329446957368345,11.0,11.0,,,
D_TX,245,5.879382020336086,5.959672706019871,-0.08029068568378496,11.0,11.0,,,
D_TX,246,5.774801535270437,5.743309666848717,0.03149186842172019,11.0,11.0,,,
D_TX,247,3.4823231200080604,3.5074626865671643,-0.025139566559103592,7.872119545936585,10.0,,,
D_TX,248,5.52606583160216,5.5589123867069485,-0.0328465551047887,11.0,11.0,,,
D_TX,249,4.704099755445028,4.700913242009133,0.0031865134358950403,9.0,10.0,,,
D_TX,250,4.6479355764013155,4.716216216216216,-0.06828063981490093,9.0,10.0,,,
D_TX,251,7.486702183941774,7.647340107591154,-0.16063792364937918,11.0,11.0,,,
D_TX,252,5.6609913116573445,5.673924877517692,-0.01293356586034751,11.0,11.0,,,
D_TX,253,4.6727785844677445,4.504288164665523,0.16849041980222132,11.0,11.0,,,
D_TX,254,3.5783158296391675,3.6359223300970873,-0.05760650045792005,10.0,10.0,,,
D_TX,255,4.782464160025119,4.629375,0.15308916002511977,11.0,11.0,,,
D_TX,256,4.739348117768402,4.66632860040568,0.07301951736272227,11.0,11.0,,,
D_TX,257,5.502239174412127,5.34152859433458,0.16071058007754596,11.0,11.0,,,
D_TX,258,5.065448613835676,5.008597285067873,0.056851328767802384,11.0,11.0,,,
D_TX,259,4.0628625939083385,3.7602373887240357,0.30262520518430264,9.0,9.0,,,
D_TX,260,6.447498428828074,6.27799016930639,0.16950825952168438,18.0,18.0,,,
D_TX,261,5.626784657709121,5.441325098259405,0.18545955944971582,11.0,11.0,,,
D_TX,262,4.906635982774253,4.6814856499718625,0.22515033280238989,11.0,11.0,,,
D_TX,263,3.6698027656959473,3.5714938328003654,0.09830893289558199,11.0,11.0,,,
D_TX,264,6.19225875754682,6.0382897255903,0.1539690319565199,15.0,15.0,,,
D_TX,265,4.241135813705416,4.068560840024706,0.17257497368070945,8.66502046585083,11.0,,,
D_TX,266,5.326453324737841,5.6062431544359255,-0.2797898296980842,11.0,11.0,,,
D_TX,267,5.68705206588767,5.690229885057471,-0.003177819169800857,11.0,11.0,,,
D_TX,268,6.34648867327459,6.233725976441414,0.11276269683317597,11.0,11.0,,,
D_TX,269,6.414942768909892,6.5147540983606556,-0.09981132945076364,14.0,14.0,,,
D_TX,270,4.6443888010637036,4.520249221183801,0.12413957987990334,11.0,11.0,,,
D_TX,271,4.9798215786170665,4.955170657157412,0.024650921459654675,11.0,11.0,,,
D_TX,272,4.0699523570730145,4.071672354948806,-0.0017199978757908184,11.0,11.0,,,
D_TX,273,5.286765810172034,5.289040318001136,-0.00227450782910184,11.0,11.0,,,
D_TX,274,6.191950475484797,6.3886283704572095,-0.19667789497241325,11.0,11.0,,,
D_TX,275,5.354568763679424,5.410115172759139,-0.055546409079714545,11.0,11.0,,,
D_TX,276,4.924479191602483,4.984817813765182,-0.06033862216269922,11.0,11.0,,,
D_TX,277,6.10324192937038,5.979387186629526,0.12385474274085424,11.0,11.0,,,
D_TX,278,5.011711114097455,5.121784776902887,-0.1100736628054321,11.0,11.0,,,
D_TX,279,5.298284219238568,5.454597372929754,-0.1563131536911856,11.0,11.0,,,
D_TX,280,5.159736818890316,5.1569532602423545,0.002783558647961405,10.0,10.0,,,
D_TX,281,3.5037024508606427,3.4854368932038833,0.018265557656759267,11.0,11.0,,,
D_TX,282,4.6206813209237705,4.536768963520556,0.08391235740321457,8.0,8.0,,,
D_TX,283,5.650918084240682,5.550378567268492,0.10053951697219023,10.0,10.0,,,
D_TX,284,4.145428639112022,4.185527747551687,-0.04009910843966446,10.0,10.0,,,
D_TX,285,4.4069143381163975,4.412796208530806,-0.005881870414408462,11.0,11.0,,,
D_TX,286,6.199080027689567,6.101273499090357,0.09780652859920874,11.0,11.0,,,
D_TX,287,6.34185832527156,6.236604455147502,0.10525387012405901,11.0,11.0,,,
D_TX,288,5.994138308951533,5.861009890681936,0.13312841826959676,14.0,15.0,,,
D_TX,289,4.357916538638535,4.265187533016376,0.09272900562215847,11.0,11.0,,,
D_TX,290,5.238324996313191,5.117883841288097,0.12044115502509391,11.0,11.0,,,
D_TX,291,5.693122440714184,5.3777383066903495,0.31538413402383464,11.0,11.0,,,
D_TX,292,3.4862548847539716,3.4090067859346083,0.0772480988193632,10.0,10.0,,,
D_TX,293,4.401582033848495,4.380337078651685,0.02124495519680923,8.0,8.0,,,
D_TX,294,4.734707399398153,4.609071274298056,0.12563612510009667,11.0,11.0,,,
D_TX,295,4.1756975731211465,4.072905331882481,0.10279224123866566,11.0,11.0,,,
D_TX,296,6.131540120312266,6.177304964539007,-0.045764844226740535,11.0,11.0,,,
D_TX,297,5.619032390742379,5.462032085561497,0.15700030518088112,11.0,11.0,,,
D_TX,298,4.754842858958098,4.765030674846626,-0.010187815888527713,11.0,11.0,,,
D_TX,299,7.51844640243727,7.528798683488755,-0.01035228105148508,14.0,14.0,,,
D_TX,300,5.496625134900173,5.493833780160858,0.0027913547393144294,11.0,11.0,,,
D_TX,301,4.16213576844398,4.09869976359338,0.0634360048505995,11.0,11.0,,,
D_TX,302,3.2249102628138306,2.9557151406343505,0.26919512217947994,8.677531719207764,9.0,,,
D_TX,303,5.641091035848729,5.513761467889908,0.1273295679588201,11.0,11.0,,,
D_TX,304,4.4259222373760565,4.261610817166373,0.16431142020968392,7.875549554824829,10.0,,,
D_TX,305,3.400436407444247,3.2531120331950207,0.14732437424922598,8.676320934295655,10.0,,,
D_TX,306,3.1860218178598503,2.9368421052631577,0.24917971259669253,8.0,10.0,,,
D_TX,307,4.520181338944865,4.418447107868682,0.10173423107618339,11.0,11.0,,,
D_TX,308,5.4201765510706865,5.267554479418886,0.1526220716518005,9.0,11.0,,,
D_TX,309,6.038891875950869,6.144024514811032,-0.10513263886016284,11.0,11.0,,,
D_TX,310,3.964831196249889,3.8364389233954452,0.12839227285444366,8.662397146224976,10.0,,,
D_TX,311,4.206038986109389,4.091037071797278,0.11500191431211117,8.7879319190979,11.0,,,
D_TX,312,5.842129566186377,5.814309120699072,0.02782044548730522,10.0,10.0,,,
D_TX,313,4.87371539756264,4.705882352941177,0.167833044621464,11.0,11.0,,,
D_TX,314,5.296179168952439,5.304790419161677,-0.008611250209237286,11.0,11.0,,,
D_TX,315,4.242448153144324,4.108910891089109,0.13353726205521554,11.0,11.0,,,
D_TX,316,5.7554480912545305,5.530519110096977,0.2249289811575542,11.0,11.0,,,
D_TX,317,4.478736213635449,4.347014925373134,0.13172128826231505,9.0,10.0,,,
D_TX,318,4.837225031297086,4.685381355932203,0.15184367536488225,11.0,11.0,,,
D_TX,319,6.443480579840845,6.48605577689243,-0.04257519705158509,11.0,11.0,,,
D_TX,320,4.153721076317845,4.1120736329182455,0.041647443399599714,11.0,11.0,,,
D_TX,321,5.202933145546967,5.225512528473804,-0.022579382926836644,11.0,11.0,,,
D_TX,322,7.790747360200771,7.681724845995893,0.10902251420487777,14.0,15.0,,,
D_TX,323,5.460599269566937,5.517241379310345,-0.05664210974340791,10.0,11.0,,,
D_TX,324,3.2394730945654504,3.194760820045558,0.044712274519892105,11.0,11.0,,,
D_TX,325,4.424549443179853,4.295540032240731,0.1290094109391218,9.0,10.0,,,
D_TX,326,5.717618783139972,5.659140969162996,0.05847781397697684,11.0,11.0,,,
D_TX,327,4.300271296773416,4.2909189777052745,0.009352319068141188,11.0,11.0,,,
D_TX,328,4.29838432875803,4.293168370091447,0.005215958666583426,11.0,11.0,,,
D_TX,329,4.261615248220677,4.183500793231095,0.07811445498958207,8.79195523262024,11.0,,,
D_TX,330,5.201233170133956,5.1861702127659575,0.015062957367998488,11.0,11.0,,,
D_TX,331,3.974612470489135,3.9823529411764707,-0.007740470687335826,8.789713072776795,10.0,,,
D_TX,332,3.757430071932825,3.7296636085626913,0.027766463370133613,11.0,11.0,,,
D_TX,333,3.8691250043910936,3.7456043956043956,0.12352060878669822,11.0,11.0,,,
D_TX,334,4.743791052480317,4.720466699076325,0.023324353403991787,11.0,11.0,,,
D_TX,335,4.537032906532804,4.597184623714131,-0.060151717181327086,10.0,11.0,,,
D_TX,336,4.738331399645124,4.852747252747252,-0.11441585310212858,11.0,11.0,,,
D_TX,337,3.9040603943933068,3.750826901874311,0.15323349251899593,11.0,11.0,,,
D_TX,338,4.298735686138934,4.125677139761647,0.1730585463772874,11.0,11.0,,,
D_TX,339,5.830956839524673,5.794658753709199,0.036298085815474966,11.0,11.0,,,
D_TX,340,5.495809337131293,5.498103666245259,-0.002294329113966294,13.48882532119751,15.0,,,
D_TX,341,4.2958674227605105,4.243715846994536,0.05215157576597453,11.0,11.0,,,
D_TX,342,3.9176089957754683,3.99502796768179,-0.07741897190632177,11.0,11.0,,,
D_TX,343,5.429690069005319,5.755387303436226,-0.3256972344309074,11.400000000000091,11.400000000000091,,,
D_TX,344,5.259956590552247,5.2671883733929565,-0.007231782840709569,13.504147291183472,16.0,,,
D_TX,345,4.780960409603213,4.71051183269125,0.07044857691196406,11.0,11.0,,,
D_TX,346,5.171367098710367,5.029575892857143,0.1417912058532238,11.0,11.0,,,
D_TX,347,4.941542518687547,4.8332337118948,0.10830880679274774,10.0,11.0,,,
D_TX,348,5.252193474742834,5.2620650953984285,-0.009871620655594986,10.900000000000091,11.0,,,
D_TX,349,5.938047484113024,5.732467532467532,0.20557995164549195,11.0,11.0,,,
D_TX,350,5.473511822323382,5.333333333333333,0.14017848899004878,13.477931022644043,14.0,,,
D_TX,351,3.8939165635542436,3.9330730619074177,-0.03915649835317413,11.0,11.0,,,
D_TX,352,5.052030959168788,5.024822695035461,0.027208264133327116,10.0,10.0,,,
D_TX,353,3.176965566616825,3.1025794841031793,0.07438608251364559,8.791259527206421,10.0,,,
D_TX,354,4.949600610086958,4.890887290167866,0.05871331991909219,10.0,10.0,,,
D_TX,355,3.9808131728937597,3.9229629629629628,0.05785020993079668,11.0,11.0,,,
D_TX,356,5.739862884592823,5.3713910761154855,0.3684718084773366,10.0,10.0,,,
D_TX,357,3.415396412376212,3.3448275862068964,0.07056882616931552,8.0,10.0,,,
D_TX,358,3.7473553180151487,3.8211845102505695,-0.07382919223542093,11.0,11.0,,,
D_TX,359,5.058202004514609,5.098510882016036,-0.04030887750142765,11.0,11.0,,,
D_TX,360,5.446462280585118,5.219064535227946,0.2273977453571724,9.0,10.0,,,
D_TX,361,4.6531506888899745,4.503176620076239,0.14997406881373598,11.0,11.0,,,
D_TX,362,4.5474132841065025,4.5204236006051435,0.02698968350135853,13.478571128845214,14.0,,,
D_TX,363,6.090263540501883,5.893175074183977,0.197088466317906,13.477931022644043,14.0,,,
D_TX,364,5.311017927111194,5.44804469273743,-0.13702676562623606,9.0,10.0,,,
D_TX,365,5.761548500814762,5.82821075740944,-0.06666225659467778,11.0,11.0,,,
D_TX,366,4.645749159193978,4.652709359605911,-0.006960200411932809,13.499550700187683,15.0,,,
D_TX,367,4.874186883087201,4.83249581239531,0.041691070691890916,11.0,11.0,,,
D_TX,368,3.2985243492480616,3.174005305039788,0.12451904420827364,8.0,10.0,,,
D_TX,369,3.44031893783805,3.5638543107422778,-0.12353537290422749,9.0,10.0,,,
D_TX,370,4.007614346310883,4.11495673671199,-0.10734239040110698,11.0,11.0,,,
D_TX,371,4.106425562377804,4.02038567493113,0.08603988744667411,10.0,11.0,,,
D_TX,372,6.026144644442336,5.979421579532814,0.04672306490952234,11.0,11.0,,,
D_TX,373,3.8906104319811985,3.779342723004695,0.11126770897650383,7.881571507453919,10.0,,,
D_TX,374,4.5983712337475655,4.518065887353879,0.08030534639368656,11.0,11.0,,,
D_TX,375,4.768232031769331,4.5703285420944555,0.19790348967487562,11.0,11.0,,,
D_TX,376,4.961180361750893,4.887665198237886,0.07351516351300715,10.0,11.0,,,
D_TX,377,6.227605782267945,6.175550405561993,0.05205537670595207,12.0,12.0,,,
D_TX,378,5.647598866984106,5.603245663122552,0.04435320386155464,10.0,11.0,,,
D_TX,379,4.176857604985794,4.147962032384143,0.028895572601650626,10.0,11.0,,,
D_TX,380,5.312013652713375,5.339563862928349,-0.027550210214973364,11.0,11.0,,,
D_TX,381,5.77555123977702,5.8079186730872125,-0.03236743331019288,11.0,11.0,,,
D_TX,382,5.255633366924972,5.244468429573664,0.011164937351307094,10.0,10.0,,,
D_TX,383,2.9412239407210072,2.796860986547085,0.144362954173922,7.0,7.0,,,
D_TX,384,5.858772823450296,5.812411179535765,0.04636164391453037,11.0,11.0,,,
D_TX,385,4.7593489078237265,4.856223175965665,-0.09687426814193889,8.0,10.0,,,
D_TX,386,4.575134673588712,4.64192849404117,-0.06679382045245764,12.0,12.0,,,
D_TX,387,4.367059309507124,4.281647486371896,0.0854118231352281,11.0,11.0,,,
D_TX,388,6.31418871354061,6.346867749419953,-0.03267903587934313,10.0,10.0,,,
D_TX,389,6.114970311768558,6.048318042813456,0.06665226895510239,11.0,11.0,,,
D_TX,390,3.9066738623748005,3.7117296222664016,0.19494424010839898,11.0,11.0,,,
D_TX,391,6.388364157399636,6.233639143730887,0.15472501366874858,10.0,11.0,,,
D_TX,392,4.352491272223723,4.284784784784785,0.06770648743893888,8.791468238830566,10.0,,,
D_TX,393,5.499235349156719,5.6113831089351285,-0.11214775977840914,11.0,11.0,,,
D_TX,394,5.403073697339748,5.477099236641221,-0.07402553930147393,12.0,12.0,,,
D_TX,395,7.014183044127536,6.813222079589217,0.20096096453831958,14.0,14.0,,,
D_TX,396,5.202262174004855,5.15392303848076,0.04833913552409586,11.0,11.0,,,
D_TX,397,3.7242258825484025,3.822343324250681,-0.09811744170227882,11.0,11.0,,,
D_TX,398,5.786828972407909,5.543073341094296,0.24375563131361264,11.0,11.0,,,
D_TX,399,5.68564090382128,5.7648136835675015,-0.07917277974622164,11.0,11.0,,,
D_TX,400,4.526090545762362,4.360906515580736,0.16518403018162542,11.0,11.0,,,
D_TX,401,5.992394345550655,5.897528321318228,0.09486602423242634,12.0,12.0,,,
D_TX,402,4.8741578285510725,4.89002849002849,-0.015870661477417686,11.0,11.0,,,
D_TX,403,4.460660539920813,4.225395206527282,0.23526533339353073,11.0,11.0,,,
D_TX,404,4.388313479421149,4.338476854156297,0.04983662526485278,11.0,11.0,,,
D_TX,405,4.6202479254212685,4.60178970917226,0.018458216249009375,9.0,10.0,,,
D_TX,406,5.634151398071924,5.551883674818242,0.08226772325368252,8.0,10.0,,,
D_TX,407,3.2690175368621186,3.097297297297297,0.17172023956482116,10.0,10.0,,,
D_TX,408,5.439450501071899,5.367674275138803,0.07177622593309613,11.0,11.0,,,
D_TX,409,4.781681921614191,4.929287598944591,-0.14760567733039956,11.0,11.0,,,
D_TX,410,5.580269682887877,5.401151631477927,0.17911805140995019,11.0,11.0,,,
D_TX,411,4.044993131847705,3.7835723598435465,0.2614207720041586,8.0,8.0,,,
D_TX,412,3.927722062886764,3.8667576170986813,0.06096444578808294,11.0,11.0,,,
D_TX,413,4.507547569976502,4.474513925380977,0.03303364459552454,11.0,11.0,,,
D_TX,414,3.671513198056224,3.5149735760422782,0.15653962201394547,9.0,10.0,,,
D_TX,415,5.596187313444474,5.5464705882352945,0.049716725209180045,8.788100719451904,11.0,,,
D_TX,416,3.8155567789133333,3.772727272727273,0.04282950618606069,8.0,9.0,,,
D_TX,417,5.119430683326192,4.977839335180056,0.14159134814613744,8.0,10.0,,,
D_TX,418,5.171054761480434,5.1869328493647915,-0.015878087884357173,12.0,12.0,,,
D_TX,419,4.031933746688549,3.9686558167570825,0.06327792993146587,11.0,11.0,,,
D_TX,420,3.957607943178369,3.887202832574608,0.07040511060376088,8.64891715049744,9.0,,,
D_TX,421,4.51512653004463,4.553203040173724,-0.03807651012909399,10.0,10.0,,,
D_TX,422,4.836279165387478,4.775476839237057,0.06080232615042123,8.791676950454711,10.0,,,
D_TX,423,3.2818297560852354,3.218371837183718,0.06345791890151692,8.0,8.0,,,
D_TX,424,5.577688867154881,5.573014991671294,0.004673875483587542,10.0,10.0,,,
D_TX,425,3.8025031733942316,3.8879252835223483,-0.08542211012811642,8.0,8.0,,,
D_TX,426,4.937085986067226,4.96233078281342,-0.025244796746193905,9.0,10.0,,,
D_TX,427,5.526170267251822,5.286153846153846,0.24001642109797552,11.600000000000136,11.600000000000136,,,
D_TX,428,4.419964283769686,4.315359477124183,0.10460480664550349,10.0,11.0,,,
D_TX,429,4.512910658646027,4.409588327253778,0.10332233139224944,11.0,11.0,,,
D_TX,430,3.355146435021007,3.1293157564344005,0.22583067858660663,8.0,8.0,,,
D_TX,431,6.339358146977449,6.32901296111665,0.010345185860798342,13.478331089019775,14.0,,,
D_TX,432,4.341508570192218,4.3727990285367335,-0.0312904583445157,11.0,11.0,,,
D_TX,433,5.090763241052628,5.088900862068965,0.0018623789836620462,11.0,11.0,,,
D_TX,434,3.4207762679769034,3.341492537313433,0.07928373066347037,11.0,11.0,,,
D_TX,435,4.86825034364929,4.816440049443758,0.05181029420553238,11.0,11.0,,,
D_TX,436,3.3022753590518987,3.279395900755124,0.02287945829677479,8.0,10.0,,,
D_TX,437,3.8482719713382507,3.9300306435137897,-0.08175867217553892,11.0,11.0,,,
D_TX,438,4.4257306102889675,4.261325966850829,0.16440464343813901,11.0,11.0,,,
D_TX,439,4.880416027335233,4.724101479915434,0.15631454741980005,11.0,11.0,,,
D_TX,440,5.0670017914457635,5.048901098901099,0.018100692544664655,11.0,11.0,,,
D_TX,441,4.864964132072988,4.691611345805673,0.17335278626731454,10.0,10.0,,,
D_TX,442,4.161001241169517,4.218191377497371,-0.05719013632785384,9.0,10.0,,,
D_TX,443,5.740049459560974,5.778162911611785,-0.03811345205081122,12.0,12.0,,,
D_TX,444,4.9878504606393665,4.861538461538461,0.1263119991009052,11.0,11.0,,,
D_TX,445,6.933580088788394,6.9619105199516325,-0.028330431163238932,11.0,11.0,,,
D_TX,446,4.830622247911232,4.668439716312057,0.16218253159917556,11.0,11.0,,,
D_TX,447,6.66083574430852,6.767721518987342,-0.10688577467882181,10.0,10.0,,,
D_TX,448,4.170592941674106,4.175862068965517,-0.005269127291411602,11.0,11.0,,,
D_TX,449,6.6934899190162644,6.731900452488688,-0.03841053347242364,9.0,10.299999999999955,,,
D_TX,450,5.0260302477725185,4.907844212835984,0.11818603493653349,11.0,11.0,,,
D_TX,451,7.979460553970922,8.053719008264462,-0.0742584542935404,18.0,18.0,,,
D_TX,452,5.78883892022938,5.741918388977212,0.04692053125216712,11.0,11.0,,,
D_TX,453,4.883697227932213,4.719853836784409,0.16384339114780402,11.0,11.0,,,
D_TX,454,3.9495075783771503,3.9008797653958944,0.048627812981255944,11.0,11.0,,,
D_TX,455,4.9723587989807125,5.094050991501416,-0.12169219252070354,11.0,11.0,,,
D_TX,456,3.894045075172274,3.8165024630541873,0.07754261211808679,8.688409638404847,10.0,,,
D_TX,457,3.5769792356444907,3.7530266343825667,-0.17604739873807598,10.0,10.0,,,
D_TX,458,3.5191904330823203,3.4516496018202503,0.06754083126206989,11.0,11.0,,,
D_TX,459,4.499476644810574,4.256370254810192,0.2431063900003815,11.0,11.0,,,
D_TX,460,6.527169699213478,6.480337078651686,0.04683262056179261,14.0,15.0,,,
D_TX,461,4.755191612268895,4.732133403917417,0.023058208351478555,10.0,10.0,,,
D_TX,462,6.059946014051852,6.209782608695652,-0.14983659464380014,11.0,11.0,,,
D_TX,463,4.909417710645729,4.921355498721228,-0.011937788075498303,9.0,10.0,,,
D_TX,464,3.672122724458825,3.6355817111815303,0.03654101327729473,11.0,11.0,,,
D_TX,465,5.752785065382586,5.531390134529148,0.22139493085343742,14.0,14.0,,,
D_TX,466,7.7637072731636545,7.756200846944949,0.007506426218705543,13.724665403366089,16.0,,,
D_TX,467,4.794378657823199,4.8162921348314605,-0.021913477008262378,8.0,10.0,,,
D_TX,468,4.9056111204165145,4.882147024504084,0.02346409591243036,11.0,11.0,,,
D_TX,469,4.463413998075371,4.545503500269252,-0.08208950219388027,11.0,11.0,,,
D_TX,470,4.267232565564404,4.118954974986103,0.1482775905783008,10.0,10.0,,,
D_TX,471,4.588577878233978,4.587859424920127,0.0007184533138498584,11.0,11.0,,,
D_TX,472,4.9047165213993615,4.961714285714286,-0.05699776431492397,8.0,10.0,,,
D_TX,473,4.403712713140614,4.189413265306122,0.21429944783449173,11.0,11.0,,,
D_TX,474,6.597877627042071,6.6959798994974875,-0.09810227245541674,11.0,11.0,,,
D_TX,475,4.461468876978369,4.361433087460485,0.10003578951788401,11.0,11.0,,,
D_TX,476,5.355604299074501,5.471741637831603,-0.11613733875710247,11.0,11.0,,,
D_TX,477,4.724662921024849,4.833031946955997,-0.10836902593114851,11.0,11.0,,,
D_TX,478,4.53949534066333,4.385918475383801,0.15357686527952938,11.0,11.0,,,
D_TX,479,4.691951252470081,4.5542505592841165,0.13770069318596415,11.0,11.0,,,
D_TX,480,4.31875599098554,4.403166869671133,-0.0844108786855923,8.784138679504395,10.0,,,
D_TX,481,4.858078864146984,4.722564734895191,0.1355141292517929,10.0,11.0,,,
D_TX,482,5.083044040217103,4.981786133960047,0.10125790625705562,11.0,11.0,,,
D_TX,483,5.599598688999769,5.535233996772458,0.06436469222731074,11.0,11.0,,,
D_TX,484,5.376236419634038,5.300114547537228,0.07612187209681001,11.0,11.0,,,
D_TX,485,3.7086355877968686,3.683120048750762,0.0255155390461068,8.693071603775024,11.0,,,
D_TX,486,5.71852400302887,5.688,0.03052400302886963,12.0,12.0,,,
D_TX,487,4.642332370163964,4.6251366120218576,0.01719575814210652,11.0,11.0,,,
D_TX,488,5.6962768731673075,5.583435582822086,0.11284129034522121,11.0,11.0,,,
D_TX,489,6.823558833669214,6.683257918552036,0.1403009151171775,11.0,11.0,,,
D_TX,490,3.249036433269378,3.42284963887065,-0.17381320560127203,9.0,11.0,,,
D_TX,491,4.103847147619671,4.06649778340722,0.03734936421245166,10.0,10.0,,,
D_TX,492,7.466789614756445,7.276754890678942,0.1900347240775035,12.0,12.0,,,
D_TX,493,4.727768721448051,4.540555555555556,0.18721316589249504,11.0,11.0,,,
D_TX,494,5.5405509058501226,5.687270822420115,-0.14671991656999303,12.0,12.0,,,
D_TX,495,3.710684161472003,3.5571587125416206,0.15352544893038259,8.78961992263794,10.0,,,
D_TX,496,5.823217963291661,5.648021108179419,0.17519685511224187,11.0,11.0,,,
D_TX,497,4.949953978280421,4.7045585689555685,0.2453954093248529,10.0,10.0,,,
D_TX,498,4.9532503480776775,5.018801410105758,-0.06555106202808025,11.0,11.0,,,
D_TX,499,5.83792437398618,5.712841854934601,0.1250825190515779,11.0,11.0,,,
D_TX,500,5.466138989933683,5.404773744405769,0.06136524552791525,11.0,11.0,,,
D_TX,501,5.799803691460947,5.540919282511211,0.2588844089497365,11.0,11.0,,,
D_TX,502,4.905299088241329,4.971577726218097,-0.06627863797676813,10.0,10.0,,,
D_TX,503,4.750163416219782,4.842260153031194,-0.0920967368114128,11.0,11.0,,,
D_TX,504,4.392462518050041,4.237554112554113,0.1549084054959285,11.0,11.0,,,
D_TX,505,6.5122517656533,6.424242424242424,0.08800934141087545,13.494954109191896,16.0,,,
D_TX,506,4.747106498621759,4.608333333333333,0.13877316528842562,10.0,11.0,,,
D_TX,507,4.195523418102068,4.00360824742268,0.19191517067938735,11.0,11.0,,,
D_TX,508,4.382501237946228,4.005173305742369,0.37732793220385824,11.0,11.0,,,
D_TX,509,4.218321992420903,4.2433831990794015,-0.025061206658498328,11.0,11.0,,,
D_TX,510,4.8942110178281935,4.877144438295518,0.01706657953267607,10.0,10.0,,,
D_TX,511,3.9647775109070453,3.7972472207517205,0.16753029015532495,10.0,11.0,,,
D_TX,512,4.416085475854599,4.190415335463259,0.22567014039134065,7.84191427230835,8.0,,,
D_TX,513,4.89099559120878,4.846153846153846,0.04484174505493345,10.0,10.0,,,
D_TX,514,4.238212128164135,4.1713586291309666,0.066853499033168,11.0,11.0,,,
D_TX,515,4.14980830297567,4.049706039551042,0.10010226342462716,11.0,11.0,,,
D_TX,516,5.127976881963809,4.910414333706607,0.21756254825720195,10.0,10.0,,,
D_TX,517,4.566702136765549,4.46969696969697,0.09700516706857926,13.478731155395508,14.0,,,
D_TX,518,4.395115408655892,4.254416961130742,0.14069844752515023,11.0,11.0,,,
D_TX,519,4.5993020372045175,4.44889129259059,0.15041074461392803,11.0,11.0,,,
D_TX,520,4.015612122815559,4.014814814814815,0.0007973080007438986,8.788944721221924,10.0,,,
D_TX,521,3.66875464744146,3.721769499417928,-0.05301485197646793,10.0,11.0,,,
D_TX,522,4.068619062367393,4.044833242208857,0.023785820158535566,10.0,11.0,,,
D_TX,523,4.453673835828064,4.230537115268557,0.22313672055950637,9.0,10.0,,,
D_TX,524,4.656629690284893,4.702023298589822,-0.04539360830492947,11.0,11.0,,,
D_TX,525,4.319827901686135,4.197214484679666,0.1226134170064687,11.0,11.0,,,
D_TX,526,5.9655474135535105,5.862285714285714,0.1032616992677961,11.0,11.0,,,
D_TX,527,4.553134001228258,4.6085313174946005,-0.05539731626634206,9.0,9.0,,,
D_TX,528,5.766670789983538,5.625308641975309,0.14136214800822883,10.0,10.0,,,
D_TX,529,4.984482327283231,4.966062024575775,0.018420302707455604,11.0,11.0,,,
D_TX,530,3.857781721293963,3.784083898827884,0.07369782246607899,9.0,10.0,,,
D_TX,531,4.446069443407808,4.744488411531939,-0.2984189681241309,11.0,11.0,,,
D_TX,532,4.668292710188465,4.355670103092783,0.31262260709568124,11.0,11.0,,,
D_TX,533,5.343816938053572,5.193705914270212,0.15011102378336036,11.0,11.0,,,
D_TX,534,3.82636323980383,3.908108108108108,-0.0817448683042784,11.0,11.0,,,
D_TX,535,4.0689073530265265,3.7985714285714285,0.27033592445509774,8.79055142402649,10.0,,,
D_TX,536,4.794490651198515,4.738389182833627,0.05610146836488826,11.0,11.0,,,
D_TX,537,5.625215463161468,5.484666666666667,0.14054879649480184,13.504358077049256,14.0,,,
D_TX,538,3.994496997844341,3.9046511627906977,0.08984583505364352,11.0,11.0,,,
D_TX,539,5.840952417563871,5.882513661202186,-0.041561243638314836,8.0,10.0,,,
D_TX,540,4.688449008375579,4.711649973642594,-0.02320096526701449,9.0,10.0,,,
D_TX,541,6.515140972966734,6.429813664596273,0.08532730837045989,12.0,12.0,,,
D_TX,542,6.101537946901005,6.076045627376426,0.025492319524579563,11.0,11.0,,,
D_TX,543,4.925085164992212,5.079710144927536,-0.15462497993532423,11.0,11.0,,,
D_TX,544,5.220710958476404,5.102206736353078,0.1185042221233266,8.0,9.0,,,
D_TX,545,4.960145703024068,4.875754527162978,0.08439117586109,11.0,11.0,,,
D_TX,546,4.207057060126964,4.124724061810155,0.08233299831680904,11.0,11.0,,,
D_TX,547,4.207530131860941,4.155709342560554,0.05182078930038776,9.0,10.0,,,
D_TX,548,4.225578200691625,4.207894736842105,0.017683463849519427,9.0,10.0,,,
D_TX,549,5.313880426914349,5.178311906092789,0.13556852082156015,12.0,12.0,,,
D_TX,550,6.562640775557488,6.567741935483871,-0.005101159926383726,11.0,11.0,,,
D_TX,551,4.423732485876119,4.286097691894794,0.13763479398132586,11.0,11.0,,,
D_TX,552,5.6171470069832825,5.417262231995602,0.19988477498768056,7.871738433837891,10.0,,,
D_TX,553,7.498149049825742,7.425472747497219,0.07267630232852346,11.0,11.0,,,
D_TX,554,4.619673742247479,4.559151785714286,0.06052195653319359,9.0,10.0,,,
D_TX,555,3.928337478210677,4.010149253731344,-0.08181177552066632,11.0,11.0,,,
D_TX,556,5.113296136612329,5.13035143769968,-0.017055301087352034,10.0,10.0,,,
D_TX,557,5.0836758390670145,5.002373042240152,0.08130279682686276,11.0,11.0,,,
D_TX,558,5.134096325876091,5.139864448552064,-0.005768122675972666,11.0,11.0,,,
D_TX,559,5.172735089875101,4.988518316019683,0.18421677385541896,11.0,11.0,,,
D_TX,560,3.956277093080335,3.771687067589143,0.18459002549119172,11.0,11.0,,,
D_TX,561,4.050725937314637,4.095068330362448,-0.04434239304781102,10.0,10.0,,,
D_TX,562,4.895333916732315,4.73869610935857,0.15663780737374483,11.0,11.0,,,
D_TX,563,4.855862417296973,4.599204093234793,0.2566583240621804,11.0,11.0,,,
D_TX,564,4.707686077234261,4.655288192501399,0.05239788473286172,11.0,11.0,,,
D_TX,565,4.130529764834759,3.935147654892878,0.19538210994188124,11.0,11.0,,,
D_TX,566,5.136272247053341,5.100470035252644,0.035802211800697405,13.477931022644043,14.0,,,
D_TX,567,5.736712307242434,5.8178633975481615,-0.08115109030572698,10.0,11.0,,,
D_TX,568,4.783678995955522,4.657643312101911,0.12603568385361105,8.791047096252441,10.0,,,
D_TX,569,5.613111096852785,5.472727272727273,0.14038382412551284,11.0,11.0,,,
D_TX,570,3.754627036761873,3.795193883123976,-0.04056684636210302,10.0,10.0,,,
D_TX,571,6.420535428540253,6.463069669984285,-0.04253424144403169,11.0,11.0,,,
D_TX,572,6.323495081737281,6.239832535885167,0.08366254585211357,15.0,15.0,,,
D_TX,573,6.2559536569829035,6.086142322097379,0.16981133488552527,11.0,11.0,,,
D_TX,574,4.908611606762784,4.798826040554963,0.10978556620782061,10.0,11.0,,,
D_TX,575,4.653205671720965,4.618382780686446,0.034822891034519625,11.0,11.0,,,
D_TX,576,5.986817941691494,5.861246612466124,0.1255713292253696,18.0,18.0,,,
D_TX,577,4.41898566223704,4.456561922365989,-0.03757626012894965,11.0,11.0,,,
D_TX,578,4.183329294207885,4.127010537992235,0.05631875621565038,11.0,11.0,,,
D_TX,579,3.7620929027425833,3.8282131661442005,-0.06612026340161745,8.0,10.0,,,
D_TX,580,5.309226572025285,5.281813216821409,0.027413355203875424,11.0,11.0,,,
D_TX,581,4.260732066638292,4.117027501462844,0.14370456517544875,11.0,11.0,,,
D_TX,582,4.38600756741599,4.3128904031800115,0.07311716423597883,11.0,11.0,,,
D_TX,583,4.838135792924675,4.973244147157191,-0.1351083542325159,11.0,11.0,,,
D_TX,584,4.111460498283649,4.231034482758621,-0.11957398447497138,8.78123688697815,10.0,,,
D_TX,585,5.175439083313092,5.127900396151669,0.04753868716142241,11.0,11.0,,,
D_TX,586,5.52530936118277,5.527186761229315,-0.0018774000465447175,13.481985759735108,14.0,,,
D_TX,587,4.9258602254353745,4.850660539919587,0.07519968551578773,11.0,11.0,,,
D_TX,588,5.401308140065421,5.280474649406688,0.12083349065873229,11.0,11.0,,,
D_TX,589,5.045248398893192,5.016393442622951,0.028854956270241348,11.0,11.0,,,
D_TX,590,6.813774391903597,6.8223529411764705,-0.008578549272873822,18.0,18.0,,,
D_TX,591,6.749101097296391,6.685267857142857,0.06383324015353407,11.0,11.0,,,
D_TX,592,3.6955905648185,3.716435881998796,-0.02084531718029594,10.0,11.0,,,
D_TX,593,6.5712037415905815,6.57014293276866,0.0010608088219209977,11.0,11.0,,,
D_TX,594,4.161097990567663,4.1792336217552535,-0.018135631187589856,10.0,10.0,,,
D_TX,595,4.989952114730956,4.878599661208357,0.11135245352259872,8.78123688697815,10.0,,,
D_TX,596,3.635913054952466,3.6790331646992693,-0.043120109746803255,8.0,8.0,,,
D_TX,597,5.502967034266219,5.532518065591995,-0.029551031325776553,10.0,10.0,,,
D_TX,598,5.84121650996042,5.817483756645009,0.0237327533154113,11.0,11.0,,,
D_TX,599,4.725839941625101,4.481573705179283,0.2442662364458183,9.0,10.0,,,
D_TX,600,6.116900078956582,6.119770773638969,-0.002870694682386338,14.0,15.0,,,
D_TX,601,4.541998435034268,4.567536231884058,-0.025537796849789827,9.0,10.0,,,
D_TX,602,6.053689235321491,6.014069828035435,0.03961940728605508,15.0,15.0,,,
D_TX,603,3.4779534728285193,3.2382608695652175,0.23969260326330213,8.0,9.0,,,
D_TX,604,3.800021388133367,3.7717948717948717,0.028226516338495107,9.0,10.0,,,
D_TX,605,3.7520787511396216,3.7380541162924583,0.01402463484716333,10.0,10.0,,,
D_TX,606,5.982071369951898,5.985164835164835,-0.0030934652129372396,14.0,14.0,,,
D_TX,607,5.287723779117029,4.879340788699235,0.4083829904177948,11.0,11.0,,,
D_TX,608,4.355927952043303,4.483516483516484,-0.12758853147318075,8.0,10.0,,,
D_TX,609,4.714182911993383,4.732967032967033,-0.018784120973649916,11.0,11.0,,,
D_TX,610,4.310954277077131,4.285533796588756,0.02542048048837533,9.0,10.0,,,
D_TX,611,4.8569519268906705,4.6994063680518074,0.15754555883886232,11.0,11.0,,,
D_TX,612,3.876106503361337,3.9500860585197937,-0.07397955515845644,11.0,11.0,,,
D_TX,613,4.00890717135252,4.0112893642305405,-0.0023821928780204966,7.874787330627441,8.0,,,
D_TX,614,6.818776496970932,6.642661179698217,0.1761153172727148,13.727313423156739,15.0,,,
D_TX,615,4.63912299545055,4.376615746180963,0.26250724926958635,11.0,11.0,,,
D_TX,616,4.2033449177953655,3.9614882506527413,0.24185666714262402,9.0,10.0,,,
D_TX,617,5.087202468241354,4.947068867387593,0.14013360085376095,10.0,11.0,,,
D_TX,618,6.627370103786345,6.711379529561348,-0.08400942577500292,11.0,11.0,,,
D_TX,619,4.239498880419578,4.22427871529668,0.015220165122898623,10.0,10.0,,,
D_TX,620,4.784308716846764,4.780971258671952,0.0033374581748123093,11.0,11.0,,,
D_TX,621,5.746296356414041,5.60188784008884,0.14440851632520135,11.0,11.0,,,
D_TX,622,4.117169664809593,4.116158711903393,0.0010109529062000207,11.0,11.0,,,
D_TX,623,4.368747732763183,4.245848955543653,0.12289877721953021,11.0,11.0,,,
D_TX,624,4.610713421604201,4.405435385468663,0.20527803613553758,11.0,11.0,,,
D_TX,625,4.693034815788269,4.6164772727272725,0.07655754306099631,11.0,11.0,,,
D_TX,626,3.445441700545566,3.360862703840084,0.08457899670548216,9.0,10.0,,,
D_TX,627,5.315421358204558,5.401639344262295,-0.08621798605773712,11.0,11.0,,,
D_TX,628,4.279021154416614,4.08071472581639,0.19830642860022432,13.477931022644043,15.0,,,
D_TX,629,3.1416922446194757,2.995597138139791,0.14609510647968466,8.0,9.0,,,
D_TX,630,4.24230512369505,4.09875904860393,0.14354607509112038,11.0,11.0,,,
D_TX,631,5.614977288542941,5.391819798458803,0.2231574900841388,10.0,10.0,,,
D_TX,632,3.663481348541031,3.5907673112913288,0.07271403724970256,10.0,11.0,,,
D_TX,633,5.439079011532067,5.369553226696084,0.06952578483598376,11.0,11.0,,,
D_TX,634,3.770275381518082,3.6771830985915495,0.09309228292653259,10.0,11.0,,,
D_TX,635,5.202690408671912,5.07395498392283,0.12873542474908206,12.0,12.0,,,
D_TX,636,4.9265296230701,4.7774274905422445,0.14910213252785529,11.0,11.0,,,
D_TX,637,5.304017984181234,5.175342465753425,0.12867551842780964,11.0,11.0,,,
D_TX,638,4.303018775516086,4.2,0.10301877551608615,11.0,11.0,,,
D_TX,639,4.835602293735497,4.96619545175169,-0.13059315801619312,11.0,11.0,,,
D_TX,640,5.113392498298437,5.013347570742125,0.10004492755631235,9.0,10.0,,,
D_TX,641,4.424708029220665,4.22896174863388,0.19574628058678464,11.0,11.0,,,
D_TX,642,4.878531376520793,4.878632478632479,-0.00010110211168598926,11.0,11.0,,,
D_TX,643,4.432328035095651,4.268036072144288,0.164291962951362,9.0,9.0,,,
D_TX,644,5.975357834517101,5.828947368421052,0.14641046609604758,11.0,11.0,,,
D_TX,645,3.862018297499969,3.7977591036414564,0.06425919385851264,11.0,11.0,,,
D_TX,646,6.307121039901213,6.472920156337242,-0.16579911643602807,12.0,12.0,,,
D_TX,647,4.722910097019225,4.4868894601542415,0.23602063686498334,11.0,11.0,,,
D_TX,648,5.281250056545291,5.2076696165191745,0.07358044002611729,11.0,11.0,,,
D_TX,649,4.585447731152387,4.595223515003062,-0.009775783850675117,11.0,11.0,,,
D_TX,650,4.217594500112688,3.943042071197411,0.27455242891527687,13.498018503189089,16.0,,,
D_TX,651,5.675226770914518,5.739596469104666,-0.06436969819014791,11.0,11.0,,,
D_TX,652,4.632393180873592,4.442695214105793,0.18969796676779874,11.0,11.0,,,
D_TX,653,6.740046641141448,6.8738621586475945,-0.13381551750614676,11.899999999999864,11.899999999999864,,,
D_TX,654,3.047434939143614,2.8778004073319754,0.16963453181163843,8.783268141746522,10.0,,,
D_TX,655,5.1418621717105895,5.33292757151552,-0.1910653998049308,11.0,11.0,,,
D_TX,656,4.847254447173327,4.7109375,0.1363169471733272,9.0,11.0,,,
D_TX,657,6.002672616000841,6.1020282728948985,-0.09935565689405783,11.0,11.0,,,
D_TX,658,5.232904385611862,4.991339491916859,0.24156489369500317,10.0,11.0,,,
D_TX,659,6.139593671475138,6.119047619047619,0.020546052427518936,11.0,11.0,,,
D_TX,660,3.713555212014906,3.8385481852315393,-0.12499297321663333,10.0,11.0,,,
D_TX,661,3.66516279162561,3.579754601226994,0.08540819039861605,10.0,11.0,,,
D_TX,662,5.334708617533695,5.382169222032936,-0.04746060449924068,10.0,11.0,,,
D_TX,663,3.017817040974189,2.9328107502799554,0.08500629069423356,10.0,10.0,,,
D_TX,664,5.87315069815657,5.7326302729528535,0.1405204252037162,11.0,11.0,,,
D_TX,665,3.4725049825604977,3.4558991981672396,0.016605784393258112,10.0,10.0,,,
D_TX,666,5.799310924226393,5.936659192825112,-0.13734826859871901,10.0,10.0,,,
D_TX,667,4.827974999539477,4.736509758897818,0.09146524064165854,10.0,10.0,,,
D_TX,668,5.952148455740457,5.845180722891566,0.10696773284889129,13.504147291183472,15.0,,,
D_TX,669,5.19680833640357,5.2580049261083746,-0.06119658970480482,10.0,11.0,,,
D_TX,670,4.218798455078445,4.244910179640718,-0.02611172456227377,10.0,11.0,,,
D_TX,671,3.824261429225952,3.659477866061294,0.16478356316465795,10.900000000000091,11.0,,,
D_TX,672,3.4720606263592946,3.4285714285714284,0.04348919778786607,9.0,11.0,,,
D_TX,673,3.797045356341848,3.742792538157151,0.0542528181846968,8.790693044662476,10.0,,,
D_TX,674,4.332071778734263,4.189120488052873,0.14295129068139004,9.0,10.0,,,
D_TX,675,4.834692807758556,4.917542016806722,-0.08284920904816699,11.0,11.0,,,
D_TX,676,6.205384556403072,5.937267080745341,0.26811747565772964,11.0,11.0,,,
D_TX,677,4.647735268322389,4.763789746917586,-0.11605447859519646,9.0,11.0,,,
D_TX,678,4.738095075063054,4.8252477829942615,-0.08715270793120812,11.0,11.0,,,
D_TX,679,4.693277502342089,4.44792899408284,0.24534850825924845,11.0,11.0,,,
D_TX,680,5.216081132363835,5.259327217125382,-0.043246084761546656,8.788944721221924,10.0,,,
D_TX,681,5.71192839375366,5.533554817275747,0.17837357647791258,11.0,11.0,,,
D_TX,682,4.337493548221817,4.149800266311584,0.18769328191023216,10.0,10.0,,,
D_TX,683,7.4317410147118235,7.385130609511052,0.04661040520077173,15.0,15.0,,,
D_TX,684,4.503642143590759,4.478407178911946,0.025234964678813015,11.0,11.0,,,
D_TX,685,5.743013193090278,5.622289156626506,0.12072403646377196,11.0,11.0,,,
D_TX,686,4.460572614740322,4.370875995449374,0.08969661929094751,10.0,10.0,,,
D_TX,687,4.784073216714696,4.614344503233392,0.1697287134813043,11.0,11.0,,,
D_TX,688,4.300786859448851,4.237189646064448,0.0635972133844036,11.0,11.0,,,
D_TX,689,5.3949661388125065,5.567776456599287,-0.17281031778678033,11.0,11.0,,,
D_TX,690,4.807384557567579,4.804202972834444,0.003181584733134963,11.0,11.0,,,
D_TX,691,5.4515270526873465,5.455689277899343,-0.004162225211997001,14.0,15.0,,,
D_TX,692,4.889998931897079,5.00322788896062,-0.1132289570635407,12.0,12.0,,,
D_TX,693,3.4369482210184263,3.510359869138495,-0.07341164812006894,9.0,10.0,,,
D_TX,694,4.555725105513372,4.569962182603998,-0.014237077090625567,11.0,11.0,,,
D_TX,695,5.593082766805613,5.489890236857308,0.10319252994830452,11.0,11.0,,,
D_TX,696,5.49523176928929,5.604,-0.1087682307107108,14.0,14.0,,,
D_TX,697,4.554370132468479,4.594923320994183,-0.04055318852570371,10.0,11.0,,,
D_TX,698,4.838146076616594,4.6991525423728815,0.138993534243713,11.0,11.0,,,
D_TX,699,4.437576703735939,4.4906651108518085,-0.05308840711586951,11.0,11.0,,,
D_TX,700,3.689973617530718,3.4408725602755452,0.2491010572551723,11.0,11.0,,,
D_TX,701,5.1614884147833,5.233100233100233,-0.07161181831693315,11.0,11.0,,,
D_TX,702,5.3494483570993685,5.182501341921632,0.16694701517773647,11.0,11.0,,,
D_TX,703,4.716066031705434,4.588199513381995,0.12786651832343887,9.0,10.0,,,
D_TX,704,3.15084892802642,3.3420738974970203,-0.19122496947060041,6.0,6.0,,,
D_TX,705,5.131878816144716,4.994617868675996,0.13726094746871964,11.0,11.0,,,
D_TX,706,4.693307870494446,4.558773424190801,0.13453444630364544,11.0,11.0,,,
D_TX,707,5.826420635274313,5.731189320388349,0.09523131488596351,19.0,19.0,,,
D_TX,708,3.9861538816933932,4.126328217237308,-0.14017433554391512,11.0,11.0,,,
D_TX,709,2.9705463398708387,3.1376404494382024,-0.16709410956736362,7.639951634407044,8.0,,,
D_TX,710,5.341541763509984,5.237240605720696,0.10430115778928918,12.0,12.0,,,
D_TX,711,3.931637173403818,3.812989921612542,0.1186472517912759,11.0,11.0,,,
D_TX,712,3.853690576788903,3.952011291460833,-0.0983207146719298,9.0,10.0,,,
D_TX,713,5.971769366713577,5.87911464245176,0.09265472426181755,13.478912591934204,14.0,,,
D_TX,714,5.543159683594247,5.4705159705159705,0.07264371307827623,10.0,11.0,,,
D_TX,715,5.1021860952035025,5.10418743768694,-0.0020013424834368354,11.0,11.0,,,
D_TX,716,4.574739922464421,4.519174041297935,0.05556588116648626,11.0,11.0,,,
D_TX,717,5.548080914231457,5.405935050391937,0.14214586383952005,11.0,11.0,,,
D_TX,718,5.107103083292994,4.99723909442297,0.10986398887002356,11.0,11.0,,,
D_TX,719,3.2318671569032413,2.97845507094062,0.25341208596262127,9.0,9.0,,,
D_TX,720,4.417811068198771,4.285435630689207,0.13237543750956401,9.299999999999955,11.0,,,
D_TX,721,5.198816249555755,5.218446601941747,-0.019630352385993144,9.0,9.0,,,
D_TX,722,5.248445924920811,5.3314745972738535,-0.08302867235304255,13.482327222824097,15.0,,,
D_TX,723,5.581737350835373,5.591709256104486,-0.009971905269113743,11.0,11.0,,,
D_TX,724,5.248938040233849,5.276492082825822,-0.02755404259197314,11.0,11.0,,,
D_TX,725,4.900812553378927,4.956709956709957,-0.05589740333102998,10.0,10.0,,,
D_TX,726,3.778040682927507,3.7464139344262297,0.03162674850127736,11.0,11.0,,,
D_TX,727,3.8717809775536254,3.573546180159635,0.2982347973939902,10.700000000000045,11.0,,,
D_TX,728,4.814701578049689,4.599208592425099,0.21549298562459046,11.0,11.0,,,
D_TX,729,5.09974771734613,5.064050778995961,0.03569693835016901,11.0,11.0,,,
D_TX,730,4.404007965204667,4.482374768089054,-0.07836680288438673,9.0,10.0,,,
D_TX,731,3.740013082822164,3.5952380952380953,0.14477498758406865,8.0,8.0,,,
D_TX,732,6.340444418902641,6.090669478123353,0.24977494077928833,11.0,11.0,,,
D_TX,733,5.990956612425654,6.1524208009563655,-0.1614641885307116,11.0,11.0,,,
D_TX,734,3.9332722351994627,4.046511627906977,-0.11323939270751421,9.0,11.0,,,
D_TX,735,4.810959530119994,4.84234693877551,-0.03138740865551696,11.0,11.0,,,
D_TX,736,5.449610978861099,5.4472807991120975,0.0023301797490008795,11.0,11.0,,,
D_TX,737,5.457704241837534,5.444625407166124,0.013078834671409847,11.0,11.0,,,
D_TX,738,5.901549621672751,5.963593658250147,-0.06204403657739609,11.0,11.0,,,
D_TX,739,4.933493348219741,4.832979851537646,0.10051349668209525,12.0,12.0,,,
D_TX,740,4.403896280149261,4.26404800872886,0.1398482714204013,11.0,11.0,,,
D_TX,741,5.953223807471139,6.102990033222591,-0.14976622575145226,12.0,12.0,,,
D_TX,742,5.108497768341498,5.1293199554069115,-0.020822187065413698,11.0,11.0,,,
D_TX,743,6.532178182391484,6.571044133476857,-0.03886595108537294,11.0,11.0,,,
D_TX,744,4.186293841098194,4.047453703703703,0.13884013739449005,7.754397153854369,9.0,,,
D_TX,745,4.622162758814911,4.530480656506448,0.09168210230846338,11.0,11.0,,,
D_TX,746,5.17036218664464,5.12994980479643,0.04041238184820921,11.0,11.0,,,
D_TX,747,5.151284830285869,5.131138694009714,0.020146136276154535,11.0,11.0,,,
D_TX,748,3.5581504041521304,3.419798835362626,0.13835156878950483,10.0,11.0,,,
D_TX,749,6.125825084780083,6.163934426229508,-0.03810934144942487,12.0,12.0,,,
D_TX,750,5.570774073435551,5.393166506256016,0.17760756717953577,11.0,11.0,,,
D_TX,751,7.017233778439944,7.166044776119403,-0.14881099767945893,11.0,11.0,,,
D_TX,752,5.812039105930198,5.739179954441913,0.07285915148828459,13.506255149841309,15.0,,,
D_TX,753,4.659510772461564,4.793025871766029,-0.13351509930446526,11.0,11.0,,,
D_TX,754,4.6957132573855125,4.50146113383986,0.1942521235456528,8.0,10.0,,,
D_TX,755,4.40798329571147,4.269753086419753,0.13823020929171714,8.788100719451904,10.0,,,
D_TX,756,5.04022534187855,4.958690176322418,0.08153516555613174,11.0,11.0,,,
D_TX,757,5.461987748579071,5.326039387308534,0.13594836127053725,11.0,11.0,,,
D_TX,758,4.823277118686135,4.967963386727689,-0.144686268041554,8.777889013290405,10.0,,,
D_TX,759,4.495193434116963,4.493224932249323,0.001968501867640632,10.0,11.0,,,
D_TX,760,4.879039664495559,4.7592592592592595,0.11978040523629971,11.0,11.0,,,
D_TX,761,5.67599572713538,5.532474804031355,0.14352092310402453,14.0,14.0,,,
D_TX,762,4.57275003052251,4.513251454427925,0.059498576094584844,11.0,11.0,,,
D_TX,763,3.7364897244702773,3.6226415094339623,0.11384821503631509,10.0,10.0,,,
D_TX,764,5.927141882905623,5.807717041800643,0.11942484110497968,11.0,11.0,,,
D_TX,765,5.461485271698961,5.317757009345795,0.14372826235316624,10.0,10.0,,,
D_TX,766,7.123122947453295,7.22997572815534,-0.10685278070204467,11.0,11.0,,,
D_TX,767,5.300737176011039,5.234006734006734,0.06673044200430547,11.0,11.0,,,
D_TX,768,5.448271303700093,5.341645885286783,0.10662541841330968,10.0,11.0,,,
D_TX,769,4.974624768394948,4.850383631713555,0.12424113668139329,10.0,11.0,,,
D_TX,770,2.9407953090480343,2.8759048603929678,0.06489044865506635,7.0,7.0,,,
D_TX,771,4.671553062623547,4.75,-0.07844693737645303,11.0,11.0,,,
D_TX,772,4.747101180885915,4.6626936829559,0.08440749793001523,11.0,11.0,,,
D_TX,773,6.102471420895678,5.898483080513419,0.20398834038225883,11.0,11.0,,,
D_TX,774,4.847330542659653,4.983164983164984,-0.13583444050533067,11.0,11.0,,,
D_TX,775,4.864988846043146,4.700116009280743,0.16487283676240394,11.0,11.0,,,
D_TX,776,4.521436765141291,4.552681388012618,-0.031244622871326722,12.0,12.0,,,
D_TX,777,6.898724076367807,6.844057971014493,0.05466610535331394,13.48882532119751,14.0,,,
D_TX,778,3.4381391482558947,3.4036045876570182,0.03453456059887655,8.78961992263794,10.0,,,
D_TX,779,5.503562356021306,5.6726027397260275,-0.1690403837047211,11.0,11.0,,,
D_TX,780,5.86533817667553,5.932672233820459,-0.06733405714492957,11.0,11.0,,,
D_TX,781,6.263430282653966,6.154358353510895,0.10907192914306973,11.0,11.0,,,
D_TX,782,5.161576183773022,5.2048591938155715,-0.0432830100425497,9.0,9.0,,,
D_TX,783,2.9777798987385156,3.004981884057971,-0.027201985319455464,9.0,10.0,,,
D_TX,784,6.103330925088116,6.0494296577946765,0.05390126729343932,12.0,12.0,,,
D_TX,785,4.447750851045791,4.4509169363538295,-0.0031660853080379154,11.0,11.0,,,
D_TX,786,5.103076621517095,5.098331346841478,0.004745274675617059,11.0,11.0,,,
D_TX,787,5.387938428047515,5.331431831146606,0.05650659690090948,11.0,11.0,,,
D_TX,788,4.806369264690862,4.533893851812927,0.27247541287793525,10.0,11.0,,,
D_TX,789,4.766879190482649,4.69386720729853,0.07301198318411842,11.0,11.0,,,
D_TX,790,6.085095035065157,5.924985233313644,0.16010980175151251,11.0,11.0,,,
D_TX,791,3.740954281435627,3.4705882352941178,0.2703660461415096,9.0,10.0,,,
D_TX,792,4.568527523264082,4.428485214242607,0.14004230902147494,10.0,10.0,,,
D_TX,793,6.092381178143284,6.080376940133037,0.012004238010245786,11.0,11.0,,,
D_TX,794,5.883314642314782,5.933575505967825,-0.05026086365304342,9.0,10.0,,,
D_TX,795,4.293631329528028,4.09700176366843,0.19662956585959782,10.0,10.0,,,
D_TX,796,7.40681181065137,7.213986849970113,0.19282496068125632,18.0,18.0,,,
D_TX,797,5.324800171846643,5.212729357798165,0.11207081404847836,11.0,11.0,,,
D_TX,798,3.689325059338755,3.6783216783216783,0.011003381017076513,7.882601976394653,9.0,,,
D_TX,799,5.056580261061234,5.096540178571429,-0.03995991751019444,11.0,11.0,,,
D_TX,800,4.392399828945154,4.474700052164841,-0.08230022321968695,11.0,11.0,,,
D_TX,801,3.2487410901342195,3.171695008228195,0.07704608190602413,10.0,10.0,,,
D_TX,802,4.825013487399849,4.743621655258245,0.08139183214160324,11.0,11.0,,,
D_TX,803,5.077313152675495,4.9515615041427665,0.12575164853272885,10.0,10.0,,,
D_TX,804,4.717420111164424,4.713526284701713,0.003893826462711305,10.0,11.0,,,
D_TX,805,4.953896447332966,5.08364312267658,-0.12974667534361395,8.791047096252441,11.0,,,
D_TX,806,4.910799026788778,4.694095477386934,0.21670354940184397,11.0,11.0,,,
D_TX,807,3.997692149595875,3.8049972840847364,0.19269486551113843,8.0,9.0,,,
D_TX,808,4.982661731529723,4.864961636828644,0.11770009470107916,11.0,11.0,,,
D_TX,809,5.929360002044048,5.920461445051609,0.008898556992438756,11.0,11.0,,,
D_TX,810,3.6567254063756445,3.67197271176805,-0.01524730539240574,8.0,9.0,,,
D_TX,811,4.637753568175766,4.704861111111111,-0.0671075429353449,8.777889013290405,10.0,,,
D_TX,812,5.682551793913823,5.609709962168979,0.07284183174484464,8.662397146224976,11.0,,,
D_TX,813,3.5404807165885654,3.3587556447566485,0.18172507183191708,7.670577812194824,8.0,,,
D_TX,814,7.803259683111557,7.761162296243799,0.0420973868677584,14.0,15.0,,,
D_TX,815,4.882387376071049,4.847202295552368,0.03518508051868149,10.0,10.0,,,
D_TX,816,5.965234113186852,5.95793064241046,0.0073034707763914766,13.726430749893188,16.0,,,
D_TX,817,3.4635689094928757,3.5167410714285716,-0.05317216193569558,8.0,10.0,,,
D_TX,818,4.612682907706513,4.624105011933175,-0.011422104226660899,10.0,11.0,,,
D_TX,819,7.3847864396479785,7.379271070615034,0.005515369032944525,11.0,11.0,,,
D_TX,820,5.983760131032843,6.125458996328029,-0.14169886529518605,11.700000000000045,11.700000000000045,,,
D_TX,821,4.7639072434351215,4.93495505023797,-0.17104780680284748,11.0,11.0,,,
D_TX,822,3.3456234685180757,3.1882293252156266,0.1573941433024491,10.0,10.0,,,
D_TX,823,4.417843147620677,4.393060295790671,0.024782851830006187,8.0,10.0,,,
D_TX,824,4.734794325158569,4.398001175778954,0.33679314937961585,11.0,11.0,,,
D_TX,825,5.469201659646567,5.363420427553444,0.1057812320931224,11.0,11.0,,,
D_TX,826,5.733978397775404,5.707920792079208,0.026057605696196605,11.0,11.0,,,
D_TX,827,5.760825568246425,5.839067055393586,-0.07824148714716163,11.0,11.0,,,
D_TX,828,4.189856660721425,4.2120596205962055,-0.022202959874781165,11.0,11.0,,,
D_TX,829,5.252414072237231,5.08125,0.1711640722372315,11.0,11.0,,,
D_TX,830,3.730906657110224,3.7621761658031088,-0.031269508692884695,10.0,10.0,,,
D_TX,831,5.2448375343971545,4.9923273657289,0.25251016866825426,11.0,11.0,,,
D_TX,832,5.441569638420951,5.371462264150943,0.0701073742700073,9.0,10.0,,,
D_TX,833,4.698398617103417,4.548954895489549,0.14944372161386824,9.0,10.0,,,
D_TX,834,5.482319867559069,5.082660037290243,0.3996598302688267,10.0,10.0,,,
D_TX,835,5.553476715164022,5.534858967535923,0.018617747628098792,11.0,11.0,,,
D_TX,836,5.751413220723817,5.813762971054069,-0.06234975033025153,11.0,11.0,,,
D_TX,837,5.160327269552539,5.091671324762437,0.06865594479010184,11.0,11.0,,,
D_TX,838,4.869848791199762,4.767567567567568,0.1022812236321939,11.0,11.0,,,
D_TX,839,4.490118011962785,4.629536921151439,-0.1394189091886537,11.0,11.0,,,
D_TX,840,4.320488055836071,4.2284848484848485,0.09200320735122218,8.0,9.0,,,
D_TX,841,4.788366140546025,4.616554054054054,0.1718120864919714,10.0,10.0,,,
D_TX,842,4.098814680878156,3.9204413472706157,0.17837333360753962,7.0,7.0,,,
D_TX,843,6.098091496645256,5.895074946466809,0.20301655017844614,11.0,11.0,,,
D_TX,844,4.016309229261948,3.8289141414141414,0.18739508784780598,9.0,10.0,,,
D_TX,845,5.820867434577387,5.85738255033557,-0.03651511575818329,11.0,11.0,,,
D_TX,846,4.946026195072496,4.782501540357363,0.16352465471513317,8.79036512374878,11.0,,,
D_TX,847,5.300560035354908,5.424954792043399,-0.12439475668849105,13.724665403366089,14.0,,,
D_TX,848,6.660692090885957,6.448091091761554,0.21260099912440306,13.477931022644043,14.0,,,
D_TX,849,6.165860211940678,6.105882352941176,0.0599778589995011,13.737255096435547,16.0,,,
D_TX,850,4.726830994533473,4.622987229317046,0.10384376521642708,10.0,11.0,,,
D_TX,851,4.257750649105622,4.233294255568581,0.024456393537040613,10.0,10.0,,,
D_TX,852,4.403764988752858,4.260869565217392,0.1428954235354664,11.0,11.0,,,
D_TX,853,3.4434434733065187,3.382132834424696,0.06131063888182252,11.0,11.0,,,
D_TX,854,3.8483149995328247,3.873490813648294,-0.025175814115469226,10.0,11.0,,,
D_TX,855,4.881124045880355,4.774779735682819,0.10634431019753611,8.79055142402649,10.0,,,
D_TX,856,5.097328870261328,5.036603965429588,0.06072490483173939,11.0,11.0,,,
D_TX,857,5.648631108994155,5.666463042150275,-0.0178319331561201,11.0,11.0,,,
D_TX,858,3.7748701293269264,3.6695050558807876,0.1053650734461388,8.63796353340149,10.0,,,
D_TX,859,5.201410563341815,5.12416311625076,0.07724744709105442,11.0,11.0,,,
D_TX,860,6.588186212292981,6.643533123028392,-0.05534691073541009,15.0,15.0,,,
D_TX,861,3.9866751891904766,3.8204851752021565,0.16619001398832006,11.0,11.0,,,
D_TX,862,6.237884605580193,6.090428344791116,0.14745626078907742,11.0,11.0,,,
D_TX,863,4.359365658572295,4.369331742243436,-0.009966083671141922,9.0,10.0,,,
D_TX,864,3.6537693685519717,3.499716392512762,0.15405297603920923,10.0,11.0,,,
D_TX,865,5.6024220342398126,5.421180766889836,0.18124126734997684,11.0,11.0,,,
D_TX,866,2.5442837554138977,2.632034632034632,-0.08775087662073441,7.876634812355041,8.0,,,
D_TX,867,4.429410898632338,4.647358370464672,-0.21794747183233368,8.775130033493042,10.0,,,
D_TX,868,5.151260706636612,4.889306824288017,0.26195388234859507,11.0,11.0,,,
D_TX,869,3.784180771424266,3.788485607008761,-0.0043048355844948856,9.0,10.0,,,
D_TX,870,5.641541138202344,5.58363201911589,0.05790911908645356,11.0,11.0,,,
D_TX,871,5.319355973450893,5.030629608621668,0.28872636482922515,11.0,11.0,,,
D_TX,872,6.2589542433090015,6.358502538071066,-0.09954829476206435,14.0,14.0,,,
D_TX,873,5.657261905329169,5.696365767878078,-0.03910386254890862,13.482327222824097,14.0,,,
D_TX,874,4.747989122209878,4.645402298850574,0.1025868233593031,10.0,11.0,,,
D_TX,875,3.9348701028711894,3.770010672358591,0.16485943051259824,8.789113521575928,9.0,,,
D_TX,876,3.919528553838148,3.655068078668684,0.26446047516946414,8.0,9.0,,,
D_TX,877,4.300327244123582,4.2601431980906925,0.04018404603288964,10.5,11.0,,,
D_TX,878,5.078131434143773,5.033112582781457,0.045018851362316814,11.0,11.0,,,
D_TX,879,3.4277712677657575,3.384348687469044,0.043422580296713385,9.0,10.0,,,
D_TX,880,5.652600041570118,5.730726872246696,-0.07812683067657875,11.0,11.0,,,
D_TX,881,4.384863967356616,4.537671232876712,-0.15280726552009583,10.0,10.0,,,
D_TX,882,6.386781117780422,6.336720867208672,0.05006025057174972,10.0,11.0,,,
D_TX,883,5.7905050201105155,5.764260768335274,0.02624425177524198,10.0,11.0,,,
D_TX,884,7.284718404515251,7.26020942408377,0.024508980431481805,11.0,11.0,,,
D_TX,885,5.044242235436719,5.179652285898261,-0.1354100504615425,11.0,11.0,,,
D_TX,886,4.875324472822156,4.885286783042394,-0.00996231022023798,10.0,10.0,,,
D_TX,887,3.4085521028702517,3.246987951807229,0.16156415106302285,10.0,11.0,,,
D_TX,888,5.636968474736256,5.691924778761062,-0.054956304024806064,11.0,11.0,,,
D_TX,889,6.471142995071827,6.484204793028322,-0.013061797956495763,18.0,18.0,,,
D_TX,890,5.128813209199503,5.051265412070085,0.07754779712941877,10.0,10.0,,,
D_TX,891,4.300520269619603,4.226160758861708,0.07435951075789575,11.0,11.0,,,
D_TX,892,4.392029618408193,4.407045009784736,-0.01501539137654264,11.0,11.0,,,
D_TX,893,5.321020449868035,5.175967823026647,0.1450526268413883,11.0,11.0,,,
D_TX,894,5.598013370125382,5.893518518518518,-0.29550514839313646,11.0,11.0,,,
D_TX,895,5.401799900917753,5.138515488018703,0.2632844128990508,11.0,11.0,,,
D_TX,896,5.740206201754296,5.557975279576222,0.1822309221780742,11.0,11.0,,,
D_TX,897,3.9200076296499278,3.6828971393791843,0.2371104902707435,9.0,10.0,,,
D_TX,898,3.651024037413409,3.6423099587507366,0.00871407866267225,8.0,9.400000000000091,,,
D_TX,899,4.992870185601349,4.798748194511314,0.19412199109003528,11.0,11.0,,,
D_TX,900,7.533450025463953,7.520330368487929,0.013119656976023653,14.0,14.0,,,
D_TX,901,4.334767158431646,4.370567375886525,-0.03580021745487871,9.0,11.0,,,
D_TX,902,6.022376143414041,5.834782608695652,0.1875935347183891,10.0,10.0,,,
D_TX,903,5.661441933103877,5.657368101879928,0.004073831223949944,11.0,11.0,,,
D_TX,904,5.756877993459756,5.67909604519774,0.0777819482620153,14.0,15.0,,,
D_TX,905,4.611279457149882,4.756678281068525,-0.14539882391864276,9.0,10.0,,,
D_TX,906,3.9174765381857615,3.777899945024739,0.1395765931610225,11.0,11.0,,,
D_TX,907,5.362717374745342,5.345486111111111,0.017231263634231355,11.0,11.0,,,
D_TX,908,5.682412255585943,5.443411700382723,0.23900055520322036,12.0,12.0,,,
D_TX,909,6.4298560162164895,6.2324352879028,0.19742072831368987,11.0,11.0,,,
D_TX,910,5.6687831994412985,5.648312611012433,0.02047058842886546,13.477931022644043,14.0,,,
D_TX,911,4.731043588403219,4.659466327827192,0.07157726057602762,11.0,11.0,,,
D_TX,912,5.933351996994019,5.9808,-0.04744800300598145,11.0,11.0,,,
D_TX,913,4.742987938708946,4.698360655737705,0.04462728297124143,11.0,11.0,,,
D_TX,914,5.1647662064722555,5.034725990233316,0.13004021623893983,11.0,11.0,,,
D_TX,915,5.018880144046371,5.005790387955993,0.013089756090377339,9.0,10.0,,,
D_TX,916,7.135520590582429,6.8613569321533925,0.2741636584290361,11.0,11.0,,,
D_TX,917,6.338671335034228,6.1610854503464205,0.17758588468780695,12.0,12.0,,,
D_TX,918,4.771015981556357,4.777104784978801,-0.006088803422443799,10.0,10.0,,,
D_TX,919,4.418681544044831,4.447798119742702,-0.029116575697871024,11.0,11.0,,,
D_TX,920,4.772333714390219,4.705698184095178,0.06663553029504059,11.0,11.0,,,
D_TX,921,2.785975433919462,2.6440582959641254,0.14191713795533628,7.0,7.0,,,
D_TX,922,3.377038668008792,3.2418655097613884,0.1351731582474036,9.0,10.0,,,
D_TX,923,4.321948329749562,4.301785714285714,0.020162615463847205,11.0,11.0,,,
D_TX,924,5.380982461782532,5.376673040152964,0.004309421629568359,11.0,11.0,,,
D_TX,925,3.959819433525523,3.81214848143982,0.1476709520857031,10.0,11.0,,,
D_TX,926,4.200323928511747,4.075382803297997,0.12494112521374885,9.0,11.0,,,
D_TX,927,3.962845161392496,3.999418266433973,-0.036573105041477275,8.662397146224976,10.0,,,
D_TX,928,5.17179805498302,4.955837870538415,0.21596018444460519,11.0,11.0,,,
D_TX,929,5.52560456724877,5.429255319148936,0.09634924809983436,11.0,11.0,,,
D_TX,930,6.369669248080102,6.370734528629265,-0.0010652805491635537,13.478767442703248,14.0,,,
D_TX,931,5.452777618979231,5.300617283950618,0.15216033502861306,10.0,10.0,,,
D_TX,932,3.6286206008239112,3.5523316062176167,0.07628899460629478,8.78961992263794,11.0,,,
D_TX,933,6.526799154375543,6.384110308601445,0.1426888457740989,11.0,11.0,,,
D_TX,934,7.077692810272473,7.179848320693391,-0.10215551042091808,14.0,14.0,,,
D_TX,935,4.923360425528777,4.896432681242808,0.026927744285969793,11.0,11.0,,,
D_TX,936,3.6497437947010134,3.591385331781141,0.05835846291987249,9.0,11.0,,,
D_TX,937,3.9575278029293086,3.7898763978811068,0.16765140504820197,8.66502046585083,9.0,,,
D_TX,938,5.22512018883065,5.121095890410959,0.10402429841969112,11.0,11.0,,,
D_TX,939,4.175498196046992,4.034362259755388,0.14113593629160523,10.0,11.0,,,
D_TX,940,3.6618458789353276,3.7426470588235294,-0.0808011798882017,7.763806581497192,10.0,,,
D_TX,941,3.225641772923424,3.167086059386009,0.058555713537414886,8.0,8.0,,,
D_TX,942,4.000077410492358,3.9098208770846203,0.09025653340773791,8.0,9.0,,,
D_TX,943,3.3900994020953883,3.172832689122032,0.21726671297335612,7.879167079925537,9.0,,,
D_TX,944,6.146122556640336,5.974698102357677,0.17142445428265862,11.0,11.0,,,
D_TX,945,5.4586719792149845,5.5114268066707846,-0.05275482745579984,11.0,11.0,,,
D_TX,946,4.509592706047211,4.480381760339342,0.029210945707869303,11.0,11.0,,,
D_TX,947,3.923679231829085,3.852846401718582,0.0708328301105028,7.5071364164352925,7.900000000000091,,,
D_TX,948,6.0022841856176825,5.824686940966011,0.1775972446516716,14.243858242035026,16.0,,,
D_TX,949,4.418750920339509,4.2425715829281465,0.17617933741136219,11.0,11.0,,,
D_TX,950,3.8776928591265905,3.630470914127424,0.24722194499916647,11.0,11.0,,,
D_TX,951,6.006672532096798,5.824142156862745,0.18253037523405224,12.0,12.0,,,
D_TX,952,4.63428668259468,4.414733178654292,0.21955350394038756,9.0,9.0,,,
D_TX,953,4.538479176107443,4.558490566037736,-0.020011389930293246,10.0,10.0,,,
D_TX,954,4.90660715727579,4.7375,0.16910715727579026,11.0,11.0,,,
D_TX,955,4.678050466342807,4.698043363299841,-0.019992896957034347,10.0,11.0,,,
D_TX,956,3.7900251457612772,3.485862665897288,0.30416247986398953,10.0,11.0,,,
D_TX,957,6.69290802351252,6.820414847161572,-0.12750682364905244,18.0,18.0,,,
D_TX,958,5.008235304912077,4.67885435709933,0.32938094781274696,10.0,10.0,,,
D_TX,959,4.606014790754053,4.398184912081679,0.2078298786723742,11.0,11.0,,,
D_TX,960,6.165644573610883,6.038054968287526,0.127589605323356,13.330137920379773,14.700000000000273,,,
D_TX,961,4.930267411350319,4.920466595970307,0.009800815380011485,11.0,11.0,,,
D_TX,962,4.675314462321074,4.578400830737279,0.09691363158379512,11.0,11.0,,,
D_TX,963,5.860248432938734,5.797766019988242,0.0624824129504922,10.0,11.0,,,
D_TX,964,4.32400316918875,4.242764323685765,0.08123884550298521,11.0,11.0,,,
D_TX,965,4.6998396654494945,4.605515587529976,0.09432407791951863,11.0,11.0,,,
D_TX,966,4.227433301748277,4.062851303014819,0.16458199873345813,11.0,11.0,,,
D_TX,967,8.54823691255813,8.43338861249309,0.11484830006504006,11.0,11.0,,,
D_TX,968,2.9541177040592754,2.8927725118483414,0.06134519221093417,7.654064607620239,9.0,,,
D_TX,969,4.228723379205035,4.071204188481675,0.15751919072335926,10.0,10.0,,,
D_TX,970,4.113275527834052,4.160624370594159,-0.04734884276010719,11.0,11.0,,,
D_TX,971,4.878949435126973,4.734224598930481,0.14472483619649143,11.0,11.0,,,
D_TX,972,5.1955114228812525,5.142694063926941,0.05281735895431205,10.0,11.0,,,
D_TX,973,3.55827288836384,3.4981313400961027,0.06014154826773722,10.0,10.0,,,
D_TX,974,3.088290602261451,2.9428076256499134,0.14548297661153792,8.79195523262024,9.0,,,
D_TX,975,4.560534871389067,4.423990498812351,0.13654437257671584,8.676926326751708,10.0,,,
D_TX,976,4.499206111802684,4.402597402597403,0.09660870920528065,11.0,11.0,,,
D_TX,977,7.633343690303915,7.688545688545688,-0.05520199824177314,16.0,16.0,,,
D_TX,978,5.270211746529287,5.07762312633833,0.19258862019095738,10.0,10.0,,,
D_TX,979,5.508821414858284,5.394289185905225,0.11453222895305908,10.0,10.0,,,
D_TX,980,3.9626411903202015,3.747533372025537,0.21510781829466463,11.0,11.0,,,
D_TX,981,4.532112449504865,4.356909684439608,0.17520276506525648,11.0,11.0,,,
D_TX,982,5.711221220799748,5.571786833855799,0.1394343869439487,10.0,11.0,,,
D_TX,983,5.0936029168981065,4.901022054868209,0.19258086202989796,11.0,11.0,,,
D_TX,984,3.691708866168152,3.659659090909091,0.032049775259061296,9.0,11.0,,,
D_TX,985,3.5312012889967535,3.7240143369175627,-0.1928130479208091,11.0,11.0,,,
D_TX,986,5.269749700195259,5.252893518518518,0.016856181676740998,11.0,11.0,,,
D_TX,987,4.8715126192142595,4.714440825190011,0.15707179402424898,9.0,10.0,,,
D_TX,988,5.47894281960098,5.340236686390533,0.13870613321044742,14.0,14.0,,,
D_TX,989,5.011671340826786,4.921436588103255,0.09023475272353115,11.0,11.0,,,
D_TX,990,5.739229064848688,5.727430555555555,0.011798509293132357,11.0,11.0,,,
D_TX,991,6.114196595363607,6.102114492006189,0.012082103357418349,11.0,11.0,,,
D_TX,992,4.62899297158264,4.55541947336191,0.07357349822072988,9.0,10.0,,,
D_TX,993,4.648011634146312,4.550028264556246,0.09798336959006491,10.0,11.0,,,
D_TX,994,4.966045740366546,4.851654846335697,0.11439089403084829,10.0,11.0,,,
D_TX,995,4.907827758169794,4.652302243211334,0.2555255149584593,11.0,11.0,,,
D_TX,996,2.9767613999997566,2.9271037181996085,0.049657681800148026,8.0,9.0,,,
D_TX,997,5.4939789700411,5.541242362525458,-0.047263392484358034,12.0,12.0,,,
D_TX,998,4.836684730378374,4.70873786407767,0.1279468663007038,10.0,11.0,,,
D_TX,999,5.291382089562077,5.213598074608905,0.0777840149531726,10.0,11.0,,,
D_TX,1000,5.165805480851572,5.15576694411415,0.010038536737421605,11.0,11.0,,,
D_TX,1001,5.677657409590118,5.644657863145258,0.03299954644485968,12.738965511322021,13.5,,,
D_TX,1002,5.1260155500346025,5.243546030199708,-0.1175304801651053,11.0,11.0,,,
D_TX,1003,5.433678293427454,5.312957157784744,0.1207211356427104,11.0,11.0,,,
D_TX,1004,3.932241139227809,3.7688864017907107,0.16335473743709827,8.0,10.0,,,
D_TX,1005,4.347839618181165,4.242890995260663,0.10494862292050185,7.6838154792785645,10.0,,,
D_TX,1006,5.070649596875169,4.881872618399565,0.18877697847560496,11.0,11.0,,,
D_TX,1007,4.6933376753380225,4.855602156980228,-0.16226448164220483,11.0,11.0,,,
D_TX,1008,5.8257761050649695,5.831479421579533,-0.00570331651456364,12.0,12.0,,,
D_TX,1009,5.15772759035153,5.180674671240709,-0.02294708088917893,11.0,11.0,,,
D_TX,1010,4.39036627594474,4.342758222735141,0.04760805320959867,10.799999999999955,10.799999999999955,,,
D_TX,1011,4.330832844257095,3.87778381314503,0.45304903111206585,11.0,11.0,,,
D_TX,1012,4.729093235561586,4.6023424428332405,0.12675079272834536,11.0,11.0,,,
D_TX,1013,3.0847607206907903,3.0897513644633112,-0.004990643772520825,8.12728190422061,10.0,,,
D_TX,1014,6.379662495098746,6.273809523809524,0.10585297128922204,11.0,11.0,,,
D_TX,1015,5.09389777085103,4.9827981651376145,0.11109960571341558,10.0,11.0,,,
D_TX,1016,5.544187124273344,5.286589099816289,0.2575980244570544,8.0,9.0,,,
D_TX,1017,3.100094607406642,2.9898132427843804,0.11028136462226182,8.0,8.0,,,
D_TX,1018,3.7297407532537448,3.7888268156424583,-0.05908606238871313,8.0,10.0,,,
D_TX,1019,4.320230930993649,4.226383454443823,0.09384747654982557,9.0,10.0,,,
D_TX,1020,3.9629709876608104,3.8525390625,0.11043192516081035,10.0,11.0,,,
D_TX,1021,6.139989038701662,6.108265424912689,0.03172361378897333,11.0,11.0,,,
D_TX,1022,4.625691031028402,4.583123425692695,0.04256760533570643,9.0,10.0,,,
D_TX,1023,4.770640049515688,4.639381797366915,0.1312582521487729,11.0,11.0,,,
D_TX,1024,4.305722912290582,4.17650462962963,0.1292182826609523,9.0,10.0,,,
D_TX,1025,4.782160381042281,4.647535870243294,0.13462451079898674,11.0,11.0,,,
D_TX,1026,4.55079749483426,4.502361275088548,0.04843621974571255,13.481302833557129,14.0,,,
D_TX,1027,5.405825220230657,5.299091544374563,0.10673367585609378,12.0,12.0,,,
D_TX,1028,3.833041872258354,3.8825198637911464,-0.049477991532792295,11.0,11.0,,,
D_TX,1029,4.570696584412972,4.532946758039009,0.037749826373963465,9.400000000000091,11.0,,,
D_TX,1030,4.990485661178645,4.883108935128519,0.10737672605012592,11.0,11.0,,,
D_TX,1031,4.571960221959031,4.598173515981735,-0.026213294022703823,11.0,11.0,,,
D_TX,1032,6.350704581195797,6.439666238767651,-0.08896165757185381,13.478731155395508,14.0,,,
D_TX,1033,5.042570523729912,5.039142091152815,0.003428432577097384,11.0,11.0,,,
D_TX,1034,4.016315147869493,4.052887537993921,-0.036572390124428235,11.0,11.0,,,
D_TX,1035,3.510376911582707,3.443746430611079,0.06663048097162776,11.0,11.0,,,
D_TX,1036,4.566149652161345,4.345282024248814,0.22086762791253042,11.0,11.0,,,
D_TX,1037,4.215467551093557,3.980769230769231,0.23469832032432644,11.0,11.0,,,
D_TX,1038,3.756215298755533,3.7344885410844046,0.021726757671128045,11.0,11.0,,,
D_TX,1039,5.438529125070543,5.401693889897157,0.03683523517338637,10.0,11.0,,,
D_TX,1040,6.913556405092332,6.900948991696323,0.012607413396009489,15.0,15.0,,,
D_TX,1041,4.093438990524745,3.9035087719298245,0.18993021859492046,9.0,11.0,,,
D_TX,1042,6.104589385193435,6.084295612009238,0.020293773184197055,11.0,11.0,,,
D_TX,1043,4.11801197653593,4.140116279069767,-0.02210430253383725,8.662397146224976,10.0,,,
D_TX,1044,5.452735648873975,5.3756127450980395,0.07712290377593507,10.0,11.0,,,
D_TX,1045,4.8201935831925375,4.7129396984924625,0.10725388470007546,13.477931022644043,14.0,,,
D_TX,1046,5.802282415280223,5.552969993876301,0.2493124214039211,11.0,11.0,,,
D_TX,1047,5.660554960995057,5.658940397350993,0.00161456364406392,11.0,11.0,,,
D_TX,1048,2.894522501165724,2.9107752315943443,-0.01625273042862035,11.0,11.0,,,
D_TX,1049,4.543020363574285,4.629976580796253,-0.08695621722196807,11.0,11.0,,,
D_TX,1050,7.089687445261105,6.844532279314888,0.2451551659462166,11.0,11.0,,,
D_TX,1051,3.9590072249012005,3.6925177498634625,0.2664894750377378,7.0,7.0,,,
D_TX,1052,7.610109265316168,7.620710059171597,-0.010600793855430106,18.0,18.0,,,
D_TX,1053,4.07320112587045,4.193474527761878,-0.12027340189142778,10.0,11.0,,,
D_TX,1054,5.370052776612099,5.338146811070999,0.031905965541100534,11.0,11.0,,,
D_TX,1055,4.8512320261095185,4.817339149400218,0.03389287670930053,10.0,11.0,,,
D_TX,1056,4.811641097619265,4.607491021036429,0.2041500765828367,11.0,11.0,,,
D_TX,1057,3.806553433223556,3.6664733178654294,0.14008011535812698,8.79195523262024,10.0,,,
D_TX,1058,4.3009132318171455,4.328258221680877,-0.027344989863731392,9.0,10.0,,,
D_TX,1059,5.58527237590144,5.667083073079326,-0.08181069717788458,11.0,11.0,,,
D_TX,1060,4.069608500171266,3.9949832775919734,0.07462522257929263,11.0,11.0,,,
D_TX,1061,3.2338175505841473,3.2001140250855187,0.033703525498628345,8.784138679504395,9.0,,,
D_TX,1062,4.589821958337985,4.468198824158204,0.12162313417978048,11.0,11.0,,,
D_TX,1063,6.033247039986477,5.993555316863588,0.039691723122888684,10.0,10.0,,,
D_TX,1064,6.175326040681142,6.241779497098646,-0.06645345641750432,11.0,11.0,,,
D_TX,1065,4.392299600367276,4.381485849056604,0.010813751310672401,10.0,11.0,,,
D_TX,1066,4.473427833597846,4.268178785857238,0.205249047740608,9.0,10.0,,,
D_TX,1067,5.100958790968765,4.8642045454545455,0.23675424551421945,11.0,11.0,,,
D_TX,1068,4.3558244842570275,4.2568359375,0.0989885467570275,11.0,11.0,,,
D_TX,1069,3.8798928385916747,3.7617924528301887,0.1181003857614859,10.0,11.0,,,
D_TX,1070,5.583498929492734,5.368068251066423,0.21543067842631133,9.0,11.0,,,
D_TX,1071,3.658664654776268,3.5562130177514795,0.10245163702478854,9.0,11.0,,,
D_TX,1072,3.5187044396400453,3.4225,0.09620443964004517,10.0,10.0,,,
D_TX,1073,5.98863572406364,5.967252880533657,0.021382843529982883,11.200000000000045,11.200000000000045,,,
D_TX,1074,5.783904659596264,5.721043056397817,0.06286160319844761,13.73474645614624,14.200000000000045,,,
D_TX,1075,4.433645377988401,4.401880141010576,0.03176523697782487,8.791188716888428,10.0,,,
D_TX,1076,4.394228464730944,4.453173777315296,-0.058945312584352046,11.0,11.0,,,
D_TX,1077,4.920488174913963,4.903116147308782,0.01737202760518104,11.0,11.0,,,
D_TX,1078,4.945929469412596,4.792989417989418,0.1529400514231788,11.0,11.0,,,
D_TX,1079,5.9963141906298585,5.9545171339563865,0.0417970566734718,10.0,11.0,,,
D_TX,1080,7.274153733798782,7.233163913595934,0.040989820202848054,11.0,11.0,,,
D_TX,1081,5.325219648234627,5.332387975042541,-0.007168326807914643,11.0,11.0,,,
D_TX,1082,4.446187823952528,4.384050880626223,0.06213694332630434,11.0,11.0,,,
D_TX,1083,3.7229059793202364,3.6139438085327784,0.108962170787458,7.878805327415467,8.0,,,
D_TX,1084,4.382057402520738,4.308510638297872,0.07354676422286541,9.0,9.0,,,
D_TX,1085,6.3462400867697895,6.223033707865168,0.12320637890462126,11.0,11.0,,,
D_TX,1086,3.715301061653033,3.835608646188851,-0.12030758453581791,10.0,10.0,,,
D_TX,1087,4.481242711371635,4.425631981187537,0.05561073018409868,11.0,11.0,,,
D_TX,1088,3.279543615419939,3.192849949647533,0.08669366577240635,8.0,9.5,,,
D_TX,1089,4.533258609136893,4.447590660705415,0.08566794843147835,10.0,11.0,,,
D_TX,1090,4.613601348319951,4.710460772104608,-0.09685942378465741,10.0,11.0,,,
D_TX,1091,3.551999920034176,3.2859468258274553,0.26605309420672046,8.0,10.0,,,
D_TX,1092,5.4459356287891945,5.334269662921348,0.1116659658678462,11.0,11.0,,,
D_TX,1093,4.187748658687562,3.9290281329923276,0.2587205256952349,12.0,12.0,,,
D_TX,1094,4.176432256744596,4.2652200120554555,-0.08878775531085878,9.0,10.0,,,
D_TX,1095,6.248478469566021,6.3038930854154565,-0.05541461584943453,13.478912591934204,16.0,,,
D_TX,1096,4.441965174223492,4.436163714111179,0.005801460112313635,9.0,10.0,,,
D_TX,1097,4.345365348456496,4.3016255267910894,0.04373982166540615,10.0,10.0,,,
D_TX,1098,4.57984388794588,4.526630434782609,0.05321345316327136,11.0,11.0,,,
D_TX,1099,3.9227929053007067,3.838799332962757,0.08399357233794945,11.0,11.0,,,
D_TX,1100,3.1751390048048713,3.138068181818182,0.03707082298668948,9.0,10.0,,,
D_TX,1101,6.2502466383557085,6.232721382289417,0.01752525606629143,13.482327222824097,14.0,,,
D_TX,1102,4.77845230376876,4.580071174377224,0.1983811293915356,11.0,11.0,,,
D_TX,1103,6.109244357164603,6.071668533034715,0.03757582412988848,11.0,11.0,,,
D_TX,1104,5.602303681800812,5.606010016694491,-0.0037063348936782524,10.0,11.0,,,
D_TX,1105,3.8044309332041384,3.717363751584284,0.08706718161985448,7.776049470901487,10.0,,,
D_TX,1106,5.883462211030619,5.97921760391198,-0.09575539288136078,11.0,11.0,,,
D_TX,1107,5.029332476998653,5.005151983513652,0.024180493485000194,11.0,11.0,,,
D_TX,1108,3.7785854268901358,3.6694006309148266,0.10918479597530907,8.0,8.0,,,
D_TX,1109,3.375404443231861,3.1769662921348316,0.19843815109702978,7.570499420166025,8.0,,,
D_TX,1110,5.355475043156706,5.469142545057346,-0.1136675019006401,11.0,11.0,,,
D_TX,1111,5.284268577537195,5.1692825112107625,0.11498606632643217,11.0,11.0,,,
D_TX,1112,7.001478520711593,6.927867151011935,0.0736113696996573,11.0,11.0,,,
D_TX,1113,3.9332099670285423,3.7340599455040873,0.1991500215244553,11.0,11.0,,,
D_TX,1114,5.00821351929936,4.945843828715366,0.062369690583995364,9.299999999999955,11.0,,,
D_TX,1115,5.510480827089641,5.615429573348918,-0.10494874625927798,11.0,11.0,,,
D_TX,1116,3.7614824352130083,3.7364185110663986,0.025063924146610007,11.0,11.0,,,
D_TX,1117,4.668163091290381,4.5522580645161295,0.11590502677425261,9.0,10.0,,,
D_TX,1118,3.907370896600231,3.6444708680142686,0.2629000285859624,11.0,11.0,,,
D_TX,1119,4.201814127838717,4.249446902654867,-0.04763277481615016,10.0,11.0,,,
D_TX,1120,4.48271298836165,4.406390134529148,0.07632285383250147,11.0,11.0,,,
D_TX,1121,4.411917981613113,4.380722891566265,0.03119509004684816,11.0,11.0,,,
D_TX,1122,4.749122974162037,4.7533748701973,-0.004251896035262729,11.0,11.0,,,
D_TX,1123,4.433163782522802,4.261785912368275,0.17137787015452627,11.0,11.0,,,
D_TX,1124,5.236365697546029,5.068639798488665,0.1677258990573643,11.0,11.0,,,
D_TX,1125,5.349325067055123,5.196762771876581,0.1525622951785422,11.0,11.0,,,
D_TX,1126,5.618206475736908,5.589861751152074,0.028344724584834367,9.0,10.0,,,
D_TX,1127,4.274694095462355,4.1208089409260245,0.15388515453632998,10.0,10.0,,,
D_TX,1128,5.032854978562527,5.123376623376624,-0.09052164481409607,11.0,11.0,,,
D_TX,1129,5.765921693232415,5.460961898813242,0.30495979441917365,18.0,18.0,,,
D_TX,1130,5.748666713158583,5.758566157090143,-0.009899443931559481,11.0,11.0,,,
D_TX,1131,4.1926211289203525,4.037575757575757,0.15504537134459526,8.775262451171875,10.0,,,
D_TX,1132,4.774412773942444,4.725790987535954,0.048621786406490515,11.0,11.0,,,
D_TX,1133,5.063449731858974,4.953059071729958,0.11039066012901595,11.0,11.0,,,
D_TX,1134,4.652099198586232,4.495085995085995,0.15701320350023687,9.0,11.0,,,
D_TX,1135,4.44738930861998,4.4040296924708375,0.043359616149141834,10.0,11.0,,,
D_TX,1136,4.596335987483038,4.592554818969913,0.003781168513125391,11.0,11.0,,,
D_TX,1137,4.574246476876354,4.637696903856599,-0.06345042698024603,11.0,11.0,,,
D_TX,1138,4.64748431655231,4.59891196834817,0.04857234820414014,11.0,11.0,,,
D_TX,1139,5.355091146182331,5.2249403341288785,0.1301508120534528,10.0,10.0,,,
D_TX,1140,3.99449659209298,3.7187839305103148,0.2757126615826651,9.0,10.0,,,
D_TX,1141,5.113286650350631,5.005698005698005,0.10758864465262476,11.0,11.0,,,
D_TX,1142,3.098429361067183,2.930601092896175,0.16782826817100815,8.0,10.0,,,
D_TX,1143,6.114056930734883,6.124925639500297,-0.010868708765414554,11.0,11.0,,,
D_TX,1144,4.185526438070203,4.439679817038307,-0.25415337896810525,10.0,11.0,,,
D_TX,1145,4.100018695896379,4.0939632545931754,0.006055441303203112,11.0,11.0,,,
D_TX,1146,4.602092039252995,4.538233550681683,0.06385848857131171,10.0,10.0,,,
D_TX,1147,4.697512020581362,4.516046867040244,0.18146515354111797,11.0,11.0,,,
D_TX,1148,4.37965070274302,4.292223572296476,0.0874271304465441,10.0,11.0,,,
D_TX,1149,3.723142717076444,3.7403343782654126,-0.01719166118896867,10.0,10.0,,,
D_TX,1150,4.214575623656496,4.0210905349794235,0.19348508867707273,11.0,11.0,,,
D_TX,1151,4.228191469026648,4.140664961636829,0.08752650738981983,7.874025106430055,10.0,,,
D_TX,1152,5.023945075126342,4.7860082304526745,0.23793684467366694,11.0,11.0,,,
D_TX,1153,6.544941829120527,6.58094262295082,-0.03600079383029312,11.0,11.0,,,
D_TX,1154,5.6572924010290855,5.553439803439804,0.1038525975892819,15.0,15.0,,,
D_TX,1155,5.513138279951953,5.528426092160383,-0.0152878122084302,11.0,11.0,,,
D_TX,1156,4.38225378020335,4.164928292046936,0.2173254881564144,10.0,10.0,,,
D_TX,1157,3.106201566615766,2.947689182326054,0.15851238428971198,7.0,8.0,,,
D_TX,1158,5.68104382957651,5.64612676056338,0.03491706901312994,11.0,11.0,,,
D_TX,1159,7.2453299596516665,7.253187613843352,-0.007857654191684781,11.0,11.0,,,
D_TX,1160,5.2950655391234545,5.17796110783736,0.11710443128609418,11.0,11.0,,,
D_TX,1161,3.6831174836672114,3.650241028387788,0.032876455279423324,10.0,10.0,,,
D_TX,1162,4.788564476463366,4.651552795031056,0.13701168143230935,9.0,11.0,,,
D_TX,1163,4.820113911272779,4.865501008742434,-0.045387097469655635,10.0,10.0,,,
D_TX,1164,4.771003873526196,4.989125061789422,-0.21812118826322607,10.0,11.0,,,
D_TX,1165,3.0927411564701104,3.161189358372457,-0.06844820190234674,8.0,10.0,,,
D_TX,1166,4.301466490875491,4.186489607390301,0.11497688348519058,7.6827942609786986,10.0,,,
D_TX,1167,4.606016800420914,4.669491525423729,-0.0634747250028153,9.0,10.0,,,
D_TX,1168,6.083165251159668,6.040533333333333,0.04263191782633464,12.0,12.0,,,
D_TX,1169,8.311783849736418,8.125515615792574,0.18626823394384254,13.478803730010986,14.0,,,
D_TX,1170,4.106092874046114,3.9800965018094088,0.1259963722367051,9.0,9.0,,,
D_TX,1171,4.383984320037376,4.659562211981567,-0.27557789194419086,10.0,11.0,,,
D_TX,1172,5.213628060308792,5.186119873817034,0.02750818649175666,11.0,11.0,,,
D_TX,1173,4.718286599778482,4.665723981900452,0.05256261787802925,11.0,11.0,,,
D_TX,1174,4.893202915577283,4.901797175866496,-0.008594260289213012,11.0,11.0,,,
D_TX,1175,4.365549081627135,4.269140164899882,0.0964089167272525,8.775527286529542,11.0,,,
D_TX,1176,3.912107078136764,3.8371596369460756,0.07494744119068804,9.0,10.0,,,
D_TX,1177,5.5992698480806915,5.636998254799302,-0.037728406718610816,11.0,11.0,,,
D_TX,1178,4.019640273474605,3.9092896174863387,0.1103506559882659,9.0,10.0,,,
D_TX,1179,5.142086981770644,5.112893982808023,0.02919299896262095,11.0,11.0,,,
D_TX,1180,4.172837265348876,4.0328879753340185,0.139949290014857,7.757085561752319,8.0,,,
D_TX,1181,3.4291291392772014,3.498500299940012,-0.06937116066281067,7.851781654357911,10.0,,,
D_TX,1182,4.098728767002871,3.9671814671814674,0.13154729982140442,8.0,8.0,,,
D_TX,1183,5.3969331754432925,5.3368131868131865,0.06011998863010616,11.0,11.0,,,
D_TX,1184,5.081941038631884,4.9040150564617315,0.17792598217015285,11.0,11.0,,,
D_TX,1185,5.546673165637688,5.569334147831399,-0.022660982193710894,11.0,11.0,,,
D_TX,1186,6.3614587368356705,6.32265317594154,0.03880556089413039,11.0,11.0,,,
D_TX,1187,4.533379388711958,4.532444959443801,0.0009344292681573578,11.0,11.0,,,
D_TX,1188,2.9093866731854456,2.915492957746479,-0.006106284561033239,9.0,10.0,,,
D_TX,1189,7.828900918774648,7.630160550458716,0.19874036831593295,11.0,11.0,,,
D_TX,1190,4.984296499220359,5.018551765409934,-0.034255266189575195,11.0,11.0,,,
D_TX,1191,4.495334009946114,4.3740136770120985,0.12132033293401487,8.0,8.0,,,
D_TX,1192,4.570186466283073,4.470488081725312,0.0996983845577608,10.0,11.0,,,
D_TX,1193,3.9059487911432287,3.985539488320356,-0.07959069717712741,9.0,10.0,,,
D_TX,1194,6.225946028558713,6.1137971698113205,0.11214885874739233,11.0,11.0,,,
D_TX,1195,5.043102554060819,4.803046789989119,0.2400557640717001,11.0,11.0,,,
D_TX,1196,5.668719200263346,5.6882591093117405,-0.01953990904839484,8.784897327423096,10.0,,,
D_TX,1197,6.115218127110584,6.1084745762711865,0.006743550839397193,18.0,18.0,,,
D_TX,1198,4.352668135074907,4.3797846889952154,-0.027116553920307797,11.0,11.0,,,
D_TX,1199,5.154574572060743,5.0575027382256295,0.09707183383511296,11.0,11.0,,,
D_TX,1200,5.496311941833794,5.391304347826087,0.10500759400770619,10.0,10.0,,,
D_TX,1201,4.397027223901877,4.252719129878439,0.1443080940234379,11.0,11.0,,,
D_TX,1202,5.254901027579162,5.16403785488959,0.09086317268957224,10.0,11.0,,,
D_TX,1203,3.706741562452907,3.77475390851187,-0.06801234605896314,11.0,11.0,,,
D_TX,1204,5.026488601604354,5.0472481827622016,-0.02075958115784674,11.0,11.0,,,
D_TX,1205,5.306466203718191,5.3416041546451245,-0.035137950926933136,8.0,10.0,,,
D_TX,1206,4.825538761467183,4.599406528189911,0.22613223327727275,10.0,10.0,,,
D_TX,1207,5.647229882453948,5.622683885457608,0.024545996996340358,10.0,10.0,,,
D_TX,1208,4.724830575962996,4.552745219000617,0.1720853569623793,9.0,10.0,,,
D_TX,1209,4.926963022179134,4.842015855039637,0.08494716713949615,11.0,11.0,,,
D_TX,1210,5.194775570320791,5.322511974454497,-0.12773640413370585,11.0,11.0,,,
D_TX,1211,4.69186738567044,4.748845265588915,-0.056977879918475076,10.0,11.0,,,
D_TX,1212,4.449723563987602,4.432098765432099,0.017624798555503095,10.0,11.0,,,
D_TX,1213,4.338687102521519,4.104415274463007,0.23427182805851138,9.0,11.0,,,
D_TX,1214,4.400323885332627,4.40193842645382,-0.0016145411211925058,11.0,11.0,,,
D_TX,1215,5.234741291215508,5.309296781883194,-0.07455549066768642,12.0,12.0,,,
D_TX,1216,6.972064826537459,6.757767245918905,0.2142975806185545,11.0,11.0,,,
D_TX,1217,4.0411356603428965,3.868246968026461,0.17288869231643592,10.0,10.0,,,
D_TX,1218,4.7132543914206,4.63319791062101,0.0800564807995903,11.0,11.0,,,
D_TX,1219,7.3922775370084635,7.184322033898305,0.20795550311015823,18.0,18.0,,,
D_TX,1220,5.974780775387085,5.99435736677116,-0.01957659138407453,11.0,11.0,,,
D_TX,1221,3.0760114490811894,2.983654407472271,0.09235704160891843,8.0,9.0,,,
D_TX,1222,5.408404535958261,5.327878787878788,0.08052574807947332,11.0,11.0,,,
D_TX,1223,3.6983719831817305,3.4939091915836102,0.2044627915981204,7.657658576965332,9.0,,,
D_TX,1224,4.1510934461953335,3.9551804423748544,0.19591300382047927,8.0,8.0,,,
D_TX,1225,4.340027539995668,4.240284974093265,0.0997425659024036,11.0,11.0,,,
D_TX,1226,4.62565435793769,4.677821522309712,-0.05216716437202113,9.0,10.0,,,
D_TX,1227,3.3174616151523098,3.1808290155440413,0.13663259960826815,11.0,11.0,,,
D_TX,1228,5.780951877513935,5.909812819058423,-0.12886094154448788,11.0,11.0,,,
D_TX,1229,5.519315918477682,5.450721153846154,0.06859476463152812,11.0,11.0,,,
D_TX,1230,5.046960266381189,4.89727463312369,0.14968563325750003,9.0,10.0,,,
D_TX,1231,6.13159785297784,6.097727272727273,0.033870580250566655,11.0,11.0,,,
D_TX,1232,5.510285604969375,5.692185850052798,-0.1819002450834232,10.0,11.0,,,
D_TX,1233,6.586827260442078,6.366071428571429,0.22075583187064954,11.0,11.0,,,
D_TX,1234,6.136879941500586,6.1081402257872845,0.028739715713301514,15.0,16.0,,,
D_TX,1235,4.82075731069134,4.743372216330859,0.07738509436048101,11.0,11.0,,,
D_TX,1236,6.676887323898551,6.595685840707965,0.08120148319058713,15.0,16.0,,,
D_TX,1237,4.075071051295867,4.112994350282486,-0.03792329898661813,8.790622234344482,11.0,,,
D_TX,1238,3.8916464244499713,3.902291917973462,-0.01064549352349073,10.0,10.0,,,
D_TX,1239,4.434015066974012,4.443783462224866,-0.009768395250854855,8.0,8.0,,,
D_TX,1240,4.473974668962925,4.375409069658719,0.09856559930420636,11.0,11.0,,,
D_TX,1241,5.7023073061351806,5.804381049414162,-0.10207374327898147,11.0,11.0,,,
D_TX,1242,4.678678660733359,4.722619047619047,-0.043940386885688416,9.0,10.0,,,
D_TX,1243,4.891750045612972,4.901455767077268,-0.009705721464295937,10.0,10.0,,,
D_TX,1244,6.808564220780557,6.701711491442543,0.10685272933801404,18.0,18.0,,,
D_TX,1245,3.45196757528517,3.338888888888889,0.11307868639628092,8.0,10.0,,,
D_TX,1246,6.10756350827166,6.202355460385439,-0.09479195211377849,15.0,16.0,,,
D_TX,1247,6.535857967355034,6.125,0.41085796735503455,10.0,10.0,,,
D_TX,1248,4.669672102459241,4.6909323116219666,-0.021260209162725495,12.0,12.0,,,
D_TX,1249,4.4869006761420325,4.646699266503667,-0.1597985903616348,11.0,11.0,,,
D_TX,1250,5.973195744511297,6.035215946843854,-0.06202020233255684,12.0,12.0,,,
D_TX,1251,4.870285620603861,4.90695067264574,-0.03666505204187915,9.0,9.0,,,
D_TX,1252,4.778470485245324,4.763844684914067,0.014625800331256558,11.0,11.0,,,
D_TX,1253,4.984613343794769,4.84696261682243,0.13765072697233932,11.0,11.0,,,
D_TX,1254,5.418823965231866,5.32183908045977,0.09698488477209591,8.0,9.0,,,
D_TX,1255,4.007193881256939,4.025205479452055,-0.01801159819511518,11.0,11.0,,,
D_TX,1256,5.130874338574435,5.052879581151832,0.07799475742260199,11.0,11.0,,,
D_TX,1257,5.416311197832596,5.3713498622589535,0.044961335573643034,11.0,11.0,,,
D_TX,1258,6.092367445653016,6.0730816077953715,0.019285837857644827,12.0,12.0,,,
D_TX,1259,3.1759405785568378,2.8930753564154785,0.2828652221413591,9.0,9.0,,,
D_TX,1260,5.589028544899245,5.586919104991394,0.002109439907850921,11.0,11.0,,,
D_TX,1261,5.099519549533522,5.014713896457765,0.0848056530757561,11.0,11.0,,,
D_TX,1262,3.7345122436704288,3.4608599779492835,0.27365226572114554,10.0,10.0,,,
D_TX,1263,4.048368491839349,3.83530106257379,0.21306742926555935,9.0,10.0,,,
D_TX,1264,3.639209801100549,3.486904761904762,0.15230503919578733,8.0,10.0,,,
D_TX,1265,5.9261793617519345,5.769277845777234,0.1569015159747008,11.0,11.0,,,
D_TX,1266,4.014914579551978,3.8550488599348536,0.159865719617125,11.0,11.0,,,
D_TX,1267,5.887130854988447,5.842778793418647,0.04435206156979967,12.0,12.0,,,
D_TX,1268,4.550174800306559,4.284375,0.2657998003065586,11.0,11.0,,,
D_TX,1269,6.012179205594991,5.980124929017603,0.032054276577387936,11.0,11.0,,,
D_TX,1270,3.6377816786974493,3.6227738801942797,0.015007798503169611,10.0,10.0,,,
D_TX,1271,5.547121925150744,5.501152073732719,0.04596985141802493,11.0,11.0,,,
D_TX,1272,5.3680175647233375,5.1327990841442475,0.23521848057909017,11.0,11.0,,,
D_TX,1273,5.458902483281022,5.426916712630998,0.03198577065002307,9.0,10.0,,,
D_TX,1274,4.053680039419417,3.90625,0.1474300394194168,11.0,11.0,,,
D_TX,1275,4.732246844035106,4.795081967213115,-0.06283512317800935,11.0,11.0,,,
D_TX,1276,4.74235354523802,4.535407725321888,0.20694581991613167,11.0,11.0,,,
D_TX,1277,4.265208652431327,4.211438474870017,0.053770177561309834,10.0,10.0,,,
D_TX,1278,5.024464908011055,5.183438155136268,-0.15897324712521374,11.0,11.0,,,
D_TX,1279,4.24285559416091,4.159012629161883,0.083842964999027,11.0,11.0,,,
D_TX,1280,6.6105168285849984,6.576659038901602,0.03385778968339654,11.0,11.0,,,
D_TX,1281,4.503705347149537,4.349137931034483,0.15456741611505376,11.0,11.0,,,
D_TX,1282,7.352146313601718,7.266899766899767,0.08524654670195146,18.0,18.0,,,
D_TX,1283,4.936346490578574,4.7029508196721315,0.23339567090644212,7.0,7.0,,,
D_TX,1284,5.95396591164072,5.921348314606742,0.03261759703397878,11.0,11.0,,,
D_TX,1285,6.983649725515407,7.061919504643963,-0.07826977912855591,13.498018503189089,15.0,,,
D_TX,1286,3.461227804563029,3.264813843733613,0.19641396082941626,9.0,10.0,,,
D_TX,1287,6.4349134988434775,6.494720965309201,-0.05980746646572322,11.0,11.0,,,
D_TX,1288,3.426735591186049,3.352973267866885,0.07376232331916405,7.849899768829346,9.0,,,
D_TX,1289,4.786343229592904,4.734319526627219,0.0520237029656856,11.0,11.0,,,
D_TX,1290,4.536954369055027,4.535654126895003,0.0013002421600238987,11.0,11.0,,,
D_TX,1291,5.586715364204179,5.576629477392836,0.010085886811342088,11.0,11.0,,,
D_TX,1292,3.673472789515342,3.6417410714285716,0.031731718086770604,8.78961992263794,9.0,,,
D_TX,1293,4.252144540003888,4.168081494057725,0.08406304594616332,11.0,11.0,,,
D_TX,1294,6.399481776038707,6.279156327543424,0.12032544849528272,11.0,11.0,,,
D_TX,1295,4.569811783259428,4.514959723820484,0.05485205943894469,11.0,11.0,,,
D_TX,1296,6.642942499348257,6.793950850661625,-0.15100835131336926,11.0,11.0,,,
D_TX,1297,4.8178557976610685,4.807449856733524,0.010405940927543749,11.0,11.0,,,
D_TX,1298,6.161801737148564,5.966271080574641,0.19553065657392285,14.0,16.0,,,
D_TX,1299,5.741521630709684,5.637468354430379,0.10405327627930461,9.0,10.0,,,
D_TX,1300,4.4140010392869575,4.268709487330583,0.14529155195637458,11.0,11.0,,,
D_TX,1301,4.841953909441885,4.64017521902378,0.20177869041810495,10.0,10.0,,,
D_TX,1302,4.587831616799036,4.565555555555555,0.022276061243481107,11.0,11.0,,,
D_TX,1303,6.327582909921894,6.179372197309417,0.14821071261247712,13.478858160972596,14.0,,,
D_TX,1304,4.161052987048153,4.257488479262673,-0.0964354922145193,9.0,11.0,,,
D_TX,1305,4.978027915899337,5.032444959443801,-0.05441704354446429,11.0,11.0,,,
D_TX,1306,5.154512113933948,5.217867435158501,-0.06335532122455344,11.0,11.0,,,
D_TX,1307,4.101731151053049,4.129854368932039,-0.028123217878989804,11.0,11.0,,,
D_TX,1308,3.7532313135096995,3.826511912034209,-0.07328059852450959,7.880541038513184,9.0,,,
D_TX,1309,4.461344553709909,4.193259610321221,0.2680849433886873,11.0,11.0,,,
D_TX,1310,4.094100063221263,3.89982628836132,0.19427377485994252,8.788607120513916,10.0,,,
D_TX,1311,4.296547791871814,4.379511059371362,-0.08296326749954845,11.0,11.0,,,
D_TX,1312,3.990272342328218,3.912647374062165,0.07762496826605271,11.0,11.0,,,
D_TX,1313,7.335185424964896,7.401248581157775,-0.06606315619287913,14.0,16.0,,,
D_TX,1314,6.55955700105979,6.449004224502112,0.11055277655767834,11.0,11.0,,,
D_TX,1315,4.871751551568187,4.707959305804907,0.1637922457632799,11.0,11.0,,,
D_TX,1316,4.338171981623399,4.311288483466362,0.026883498157035803,11.0,11.0,,,
D_TX,1317,5.311511001291201,5.2806201550387595,0.030890846252441408,10.0,10.0,,,
D_TX,1318,4.413446965752022,4.40968443960827,0.0037625261437516737,10.0,10.0,,,
D_TX,1319,4.4663908335436435,4.598332515939186,-0.1319416823955422,8.7818172454834,10.0,,,
D_TX,1320,6.148143116787767,6.108757870635375,0.039385246152391966,11.0,11.0,,,
D_TX,1321,5.537329436087106,5.485130111524164,0.052199324562942524,11.0,11.0,,,
D_TX,1322,5.250680487057528,5.235161107970605,0.015519379086923033,11.0,11.0,,,
D_TX,1323,4.418750554249972,4.328624078624078,0.0901264756258934,11.0,11.0,,,
D_TX,1324,2.913301728837501,2.9474654377880185,-0.03416370895051737,7.838398313522339,9.0,,,
D_TX,1325,6.072867990775429,5.924222797927461,0.14864519284796837,8.789113521575928,11.0,,,
D_TX,1326,5.558486737808708,5.434025828186412,0.1244609096222952,11.0,11.0,,,
D_TX,1327,4.207754596660012,3.953157894736842,0.2545967019231696,11.0,11.0,,,
D_TX,1328,4.231552665050213,4.194474539544962,0.037078125505251074,11.0,11.0,,,
D_TX,1329,5.024062872282059,4.993655441678868,0.030407430603191177,10.0,11.0,,,
D_TX,1330,5.7349392433851465,5.771823204419889,-0.036883961034743167,11.247793102264742,11.30000000000041,,,
D_TX,1331,4.337356439281299,4.2961301177790245,0.04122632150227477,10.799999999999955,11.0,,,
D_TX,1332,4.95978215453848,4.786706948640483,0.1730752058979968,11.0,11.0,,,
D_TX,1333,5.1448098414051335,5.014775413711584,0.13003442769354961,11.0,11.0,,,
D_TX,1334,4.850712936473951,4.783298097251586,0.06741483922236566,11.0,11.0,,,
D_TX,1335,4.5339053747454665,4.480908152734778,0.05299722201068827,11.0,11.0,,,
D_TX,1336,4.5241150999273865,4.301655426118946,0.22245967380844106,9.0,11.0,,,
D_TX,1337,4.561722292123298,4.37156802928615,0.19015426283714756,10.0,11.0,,,
D_TX,1338,4.68913908594918,4.674986999479979,0.014152086469200955,11.0,11.0,,,
D_TX,1339,4.182266042428316,4.030797101449275,0.15146894097904076,8.0,9.0,,,
D_TX,1340,5.013164683841104,4.8147720715522215,0.1983926122888828,7.796454286575315,8.0,,,
D_TX,1341,4.417613299487141,4.404837013669821,0.012776285817319788,11.0,11.0,,,
D_TX,1342,4.792568011192759,4.671337579617834,0.12123043157492473,10.0,10.0,,,
D_TX,1343,5.36608841843663,5.36661384046487,-0.0005254220282408024,11.0,11.0,,,
D_TX,1344,5.132121977019128,4.981541802388708,0.15058017463042087,11.0,11.0,,,
D_TX,1345,4.158528289864886,3.9520316027088036,0.20649668715608308,11.0,11.0,,,
D_TX,1346,5.506297825600393,5.437920489296636,0.0683773363037576,11.0,11.0,,,
D_TX,1347,3.7165441187422865,3.702731655061596,0.01381246368069028,8.0,9.0,,,
D_TX,1348,6.214406290985163,6.0798035604665435,0.13460273051861973,14.0,14.0,,,
D_TX,1349,3.7084458328761665,3.7253176930596283,-0.01687186018346225,8.0,10.0,,,
D_TX,1350,4.011439415876121,4.122908251586844,-0.11146883571072252,11.0,11.0,,,
D_TX,1351,3.9634187601522597,3.8608742004264394,0.10254455972582038,8.0,8.0,,,
D_TX,1352,4.6611572015083444,4.680225988700565,-0.019068787192220743,11.0,11.0,,,
D_TX,1353,5.60050118560161,5.607352157698455,-0.006850972096845071,11.0,11.0,,,
D_TX,1354,9.371191287305294,9.438964241676942,-0.06777295437164871,17.700000000000273,17.700000000000273,,,
D_TX,1355,4.381199845807482,4.387667560321716,-0.006467714514233791,12.0,12.0,,,
D_TX,1356,7.344303151441059,7.324803149606299,0.01950000183475925,11.0,11.0,,,
D_TX,1357,2.9158734608036525,2.9756387403446225,-0.059765279540970294,8.0,10.0,,,
D_TX,1358,5.209088185069625,5.102461362335432,0.10662682273419298,13.478912591934204,14.0,,,
D_TX,1359,4.026228786986551,4.019753086419753,0.006475700566798081,10.0,10.0,,,
D_TX,1360,4.471031102950167,4.607717041800643,-0.13668593885047642,9.0,10.0,,,
D_TX,1361,5.0235228790659745,4.864864864864865,0.15865801420110934,11.0,11.0,,,
D_TX,1362,4.9575771171572,4.82373074729036,0.13384636986684065,11.0,11.0,,,
D_TX,1363,2.849483990173015,2.922894985808893,-0.07341099563587807,8.0,9.0,,,
D_TX,1364,2.7778211516264264,2.7941912869303955,-0.01637013530396914,7.0,8.0,,,
D_TX,1365,6.329782976430339,6.351132686084142,-0.02134970965380293,13.506255149841309,15.0,,,
D_TX,1366,4.469859115932806,4.255982192543128,0.21387692338967892,11.0,11.0,,,
D_TX,1367,6.602712763256614,6.592388306674021,0.010324456582592787,15.0,15.0,,,
D_TX,1368,5.268917441445662,5.3643461288223815,-0.09542868737671852,11.0,11.0,,,
D_TX,1369,4.578137666500543,4.568033273915627,0.01010439258491575,11.0,11.0,,,
D_TX,1370,5.466828568455809,5.502017291066283,-0.035188722610473636,11.0,11.0,,,
D_TX,1371,5.092485313313257,4.957104557640751,0.13538075567250596,10.0,11.0,,,
D_TX,1372,5.015069996410945,4.9077568134171905,0.1073131829937549,10.0,10.0,,,
D_TX,1373,3.219825179765939,3.1961894953656023,0.023635684400336504,7.0,7.0,,,
D_TX,1374,5.334744931678854,5.28794402583423,0.04680090584462374,10.299999999999955,11.0,,,
D_TX,1375,5.576482316722041,5.618357487922705,-0.041875171200664724,11.0,11.0,,,
D_TX,1376,4.4495530667404335,4.377083333333333,0.07246973340710004,9.0,10.0,,,
D_TX,1377,4.418374032659216,4.406006006006006,0.012368026653209607,11.0,11.0,,,
D_TX,1378,4.899383074776147,4.843197071384991,0.05618600339115648,11.0,11.0,,,
D_TX,1379,5.550082345347732,5.595970900951315,-0.04588855560358236,11.0,11.0,,,
D_TX,1380,5.190220587062101,5.090759075907591,0.09946151115451053,11.0,11.0,,,
D_TX,1381,4.749636719607617,4.656649972175849,0.09298674743176834,11.0,11.0,,,
D_TX,1382,6.25549226612848,6.276358873608382,-0.020866607479902367,12.591172409057751,12.800000000000182,,,
D_TX,1383,2.6993755308547733,2.762594093804285,-0.06321856294951138,8.0,8.0,,,
D_TX,1384,4.293112243381604,4.3381180223285485,-0.04500577894694497,14.0,15.0,,,
D_TX,1385,3.8217802913008407,3.8370757180156656,-0.015295426714824945,11.0,11.0,,,
D_TX,1386,4.206382568239227,4.33753280839895,-0.13115024015972307,11.0,11.0,,,
D_TX,1387,5.522466008761781,5.502120890774125,0.020345117987656012,11.0,11.0,,,
D_TX,1388,4.104055018010899,3.853489611081513,0.250565406929386,11.0,11.0,,,
D_TX,1389,4.290388016615595,4.189285714285714,0.10110230232988085,11.0,11.0,,,
D_TX,1390,5.172805521965584,5.123759486281378,0.04904603568420588,11.0,11.0,,,
D_TX,1391,4.676173579131395,4.857612267250821,-0.18143868811942662,11.0,11.0,,,
D_TX,1392,4.7882488841363235,4.586754241926656,0.20149464220966742,10.0,11.0,,,
D_TX,1393,4.219867776837533,4.131232361241769,0.08863541559576428,11.0,11.0,,,
D_TX,1394,5.791594257932396,5.710600112170499,0.08099414576189744,11.0,11.0,,,
D_TX,1395,5.396776114680087,5.296004501969612,0.10077161271047512,11.0,11.0,,,
D_TX,1396,6.217171232784429,6.184698147041243,0.0324730857431853,11.0,11.0,,,
D_TX,1397,5.738248349053519,5.667428571428571,0.07081977762494768,15.0,16.0,,,
D_TX,1398,4.264726075615382,4.259278897136798,0.0054471784785848154,10.0,10.0,,,
D_TX,1399,4.6309761639755544,4.603817235396183,0.02715892857937126,11.0,11.0,,,
D_TX,1400,4.668167332211891,4.657863145258103,0.010304186953788473,10.0,11.0,,,
D_TX,1401,3.8272827938041525,3.7304439746300213,0.09683881917413142,8.623764443397585,10.0,,,
D_TX,1402,3.9581700574824743,4.018518518518518,-0.06034846103604407,11.0,11.0,,,
D_TX,1403,6.322300473936025,6.340087623220153,-0.017787149284128813,11.0,11.0,,,
D_TX,1404,5.330458280744817,5.330371144798746,8.713594607140341e-05,11.0,11.0,,,
D_TX,1405,4.997804488955426,4.913865546218488,0.08393894273693822,11.0,11.0,,,
D_TX,1406,5.943187256430865,6.000535045478865,-0.057347789048000475,12.0,12.0,,,
D_TX,1407,5.376539890526631,5.352371239163692,0.024168651362939005,11.0,11.0,,,
D_TX,1408,7.711761439891205,7.831829896907217,-0.12006845701601088,18.0,18.0,,,
D_TX,1409,6.460778678860881,6.373527762198542,0.08725091666233921,13.50108289718628,16.0,,,
D_TX,1410,7.448646346268626,7.5745664739884395,-0.125920127719813,13.506255149841309,15.0,,,
D_TX,1411,6.677573410290391,6.54865671641791,0.12891669387248025,13.48096137046814,15.0,,,
D_TX,1412,4.491810862788089,4.397208121827411,0.09460274096067786,11.0,11.0,,,
D_TX,1413,6.03868982790568,6.100614868641699,-0.06192504073601984,11.0,11.0,,,
D_TX,1414,3.6147322324035294,3.675913396481732,-0.06118116407820272,9.0,11.0,,,
D_TX,1415,3.9484605560759585,3.905280348394121,0.043180207681837585,10.0,10.0,,,
D_TX,1416,6.555218484477599,6.542261251372119,0.012957233105480475,12.0,12.0,,,
D_TX,1417,4.841464565095896,4.995064774830352,-0.15360020973445604,10.0,10.0,,,
D_TX,1418,3.808062132876285,3.6065879428216285,0.201474190054657,11.0,11.0,,,
D_TX,1419,4.405395978665924,4.355270496374791,0.05012548229113279,10.0,11.0,,,
D_TX,1420,3.8298559822745224,3.9850560398505603,-0.15520005757603816,10.0,10.0,,,
D_TX,1421,6.454421944042254,6.400116144018583,0.054305800023671504,11.0,11.0,,,
D_TX,1422,6.397283883998296,6.386473429951691,0.01081045404660465,12.0,12.0,,,
D_TX,1423,3.6567880607949697,3.54458408138839,0.11220397940657939,9.0,10.0,,,
D_TX,1424,4.564483044385762,4.286157666045934,0.27832537833982784,11.0,11.0,,,
D_TX,1425,4.398308290887773,4.337894110648423,0.06041418023934895,11.0,11.0,,,
D_TX,1426,5.4401499842455285,5.297604790419162,0.14254519382636704,11.0,11.0,,,
D_TX,1427,6.786469237857119,6.629388816644994,0.15708042121212565,11.0,11.0,,,
D_TX,1428,5.78373275373293,5.692934782608695,0.0907979711242344,11.0,11.0,,,
D_TX,1429,4.404457535336751,4.567901234567901,-0.16344369923115032,11.0,11.0,,,
D_TX,1430,4.64541920785707,4.624778761061947,0.020640446795123165,11.0,11.0,,,
D_TX,1431,4.753174717754032,4.666841552990556,0.08633316476347563,10.0,10.0,,,
D_TX,1432,4.016064341706987,3.9486143187066975,0.06745002300028988,11.0,11.0,,,
D_TX,1433,5.715072850788876,5.716328963051252,-0.0012561122623757327,11.0,11.0,,,
D_TX,1434,4.4092255110908445,4.22360953461975,0.18561597647109448,11.0,11.0,,,
D_TX,1435,6.408942636908317,6.538775510204082,-0.12983287329576454,11.0,11.0,,,
D_TX,1436,6.552014204183422,6.486907730673317,0.06510647351010482,12.0,12.0,,,
D_TX,1437,3.8226872409714594,3.7666666666666666,0.05602057430479262,8.0,8.100000000000136,,,
D_TX,1438,6.775631487591116,6.756505576208179,0.01912591138293752,13.481302833557129,14.0,,,
D_TX,1439,4.118234784254142,4.186961869618696,-0.06872708536455406,9.0,10.0,,,
D_TX,1440,4.052691235363556,4.048972188633615,0.003719046729940025,9.0,10.0,,,
D_TX,1441,5.72250507957375,5.3381336405529956,0.38437143902075455,11.0,11.0,,,
D_TX,1442,6.266980732590945,6.182999458581484,0.08398127400946089,11.0,11.0,,,
D_TX,1443,4.393025714169354,4.108733371891266,0.28429234227808725,11.0,11.0,,,
D_TX,1444,4.649508110587044,4.637649619151252,0.011858491435792942,11.0,11.0,,,
D_TX,1445,5.297103184372632,5.5262816353017525,-0.22917845092912065,11.0,11.0,,,
D_TX,1446,4.875004083978329,4.7895256916996045,0.08547839227872403,11.0,11.0,,,
D_TX,1447,4.757373643235984,4.908707124010554,-0.15133348077456996,11.0,11.0,,,
D_TX,1448,4.1426878215973835,4.1152882205513786,0.02739960104600529,9.0,10.0,,,
D_TX,1449,4.510419752581924,4.426408237431859,0.08401151515006441,10.0,11.0,,,
D_TX,1450,3.98880689554085,3.92420814479638,0.06459875074447011,8.68219368457794,10.0,,,
D_TX,1451,5.292302017270422,5.259509202453987,0.03279281481643396,14.0,16.0,,,
D_TX,1452,5.375879822584687,5.4338624338624335,-0.05798261127774677,11.0,11.0,,,
D_TX,1453,3.772904249823409,3.7376294591484465,0.03527479067496244,11.0,11.0,,,
D_TX,1454,6.260851389159315,6.333139872315728,-0.07228848315641344,11.0,11.0,,,
D_TX,1455,3.7250886361252227,3.785794813979707,-0.060706177854484206,10.0,10.0,,,
D_TX,1456,3.827340576198551,3.866057019903174,-0.038716443704622544,10.0,11.0,,,
D_TX,1457,4.7882605658196375,4.821963394342762,-0.03370282852312491,9.0,10.0,,,
D_TX,1458,4.754440773837058,4.664036076662908,0.09040469717414967,8.0,10.0,,,
D_TX,1459,4.3600849330543605,4.464592984778292,-0.10450805172393213,10.0,10.0,,,
D_TX,1460,3.83189032300871,3.642105263157895,0.18978505985081545,8.0,10.0,,,
D_TX,1461,6.386083985138618,6.523131672597865,-0.13704768745924653,11.0,11.0,,,
D_TX,1462,3.3832552327376146,3.2043076923076925,0.17894754042992225,8.0,8.600000000000136,,,
D_TX,1463,4.2808702329335,4.088219472834857,0.19265076009864254,11.0,11.0,,,
D_TX,1464,4.108800831647706,4.295503211991434,-0.1867023803437292,9.0,10.0,,,
D_TX,1465,7.313935726645303,7.226553672316384,0.08738205432891846,11.0,11.0,,,
D_TX,1466,4.178890780871173,4.094377510040161,0.08451327083101234,11.0,11.0,,,
D_TX,1467,6.411791258322033,6.2599750623441395,0.15181619597789356,11.0,11.0,,,
D_TX,1468,4.4907025526454065,4.411978221415608,0.07872433122979895,10.0,10.0,,,
D_TX,1469,5.0256394887451314,4.906880189798339,0.11875929894679241,10.0,10.0,,,
D_TX,1470,5.403745361634129,5.475271411338962,-0.07152604970483355,11.0,11.0,,,
D_TX,1471,3.729958988399768,3.7521902377972465,-0.022231249397478354,10.0,11.0,,,
D_TX,1472,7.385589993789221,7.673054587688734,-0.2874645938995131,12.0,12.0,,,
D_TX,1473,3.5091119585670247,3.4608269858541894,0.04828497271283537,11.0,11.0,,,
D_TX,1474,4.1046691297128755,3.8836608066184075,0.22100832309446758,7.7000000000000455,7.7000000000000455,,,
D_TX,1475,3.5645406465128153,3.5413774693005875,0.023163177212227874,8.784138679504395,11.0,,,
D_TX,1476,4.406418323516846,4.420023696682464,-0.013605373165618752,12.0,12.0,,,
D_TX,1477,2.299254466798451,2.1664785553047405,0.13277591149371043,7.0,7.0,,,
D_TX,1478,5.18766000112444,5.122565864833906,0.06509413629053384,11.0,11.0,,,
D_TX,1479,3.7209732248976426,3.8064864864864867,-0.08551326158884409,8.0,8.0,,,
D_TX,1480,7.303879021916681,7.116066323613493,0.18781269830318775,18.0,18.0,,,
D_TX,1481,3.227109064873773,3.1867905056759547,0.04031855919781853,8.666332125663757,10.0,,,
D_TX,1482,4.969619013820772,4.747703612982241,0.22191540083853073,11.0,11.0,,,
D_TX,1483,4.970264061316168,5.003647416413374,-0.03338335509720544,9.0,10.0,,,
D_TX,1484,4.247620947306393,4.1689567430025445,0.07866420430384823,11.0,11.0,,,
D_TX,1485,5.021125430532584,5.160073037127206,-0.13894760659462202,10.0,11.0,,,
D_TX,1486,5.184088166739216,5.059535822401615,0.12455234433760196,11.0,11.0,,,
D_TX,1487,5.490113224503556,5.528778913394298,-0.03866568889074136,10.0,11.0,,,
D_TX,1488,5.460121832598373,5.546865301055245,-0.08674346845687213,9.0,10.0,,,
D_TX,1489,6.0193928669947185,6.0223555070883314,-0.002962640093613087,13.478858160972596,14.0,,,
D_TX,1490,5.706275404140514,5.703533026113671,0.0027423780268421554,8.677128124237061,10.0,,,
D_TX,1491,3.7038479087624703,3.7486157253599113,-0.044767816597441105,9.0,11.0,,,
D_TX,1492,3.661841345954088,3.4773363178511474,0.18450502810294092,9.0,10.0,,,
D_TX,1493,5.322481975998989,5.234625322997416,0.08785665300157335,10.0,10.0,,,
D_TX,1494,5.640888195741157,5.523390203632361,0.11749799210879588,11.0,11.0,,,
D_TX,1495,5.782911552490515,5.636050516647532,0.1468610358429831,10.0,11.0,,,
D_TX,1496,7.360106257567728,7.328320802005012,0.03178545556271584,18.0,18.0,,,
D_TX,1497,3.6666761294898538,3.518166573504751,0.14850955598510265,9.0,10.0,,,
D_TX,1498,3.0902024505241066,2.963157894736842,0.12704455578726445,8.0,8.0,,,
D_TX,1499,6.191029924326387,6.109015910430171,0.08201401389621607,11.0,11.0,,,
D_TX,1500,4.68240719872552,4.719503287070855,-0.037096088345334684,8.639930486679077,10.0,,,
D_TX,1501,5.864160133259637,5.83609693877551,0.02806319448412681,11.0,11.0,,,
D_TX,1502,5.400641650115888,5.330051813471503,0.07058983664438515,11.0,11.0,,,
D_TX,1503,6.01129583998507,6.016014234875445,-0.00471839489037456,12.0,12.0,,,
D_TX,1504,4.786860536361757,4.626019945602901,0.1608405907588554,8.668955445289612,11.0,,,
D_TX,1505,5.8915505827988905,5.8172678888231815,0.07428269397570916,11.0,11.0,,,
D_TX,1506,4.97341268382152,4.891908585546633,0.08150409827488599,11.0,11.0,,,
D_TX,1507,5.2707317251908155,5.123803827751196,0.146927897439619,11.0,11.0,,,
D_TX,1508,4.840636943047975,4.86013986013986,-0.01950291709188537,11.0,11.0,,,
D_TX,1509,3.2341186045030077,3.066410537870472,0.16770806663253565,8.776454210281372,10.0,,,
D_TX,1510,6.306962032084983,6.06878908470722,0.2381729473777628,12.0,12.0,,,
D_TX,1511,7.597837577082256,7.5844614479105354,0.013376129171720598,12.0,12.0,,,
D_TX,1512,4.260512623411374,4.34964200477327,-0.08912938136189535,10.0,10.0,,,
D_TX,1513,5.893018693462398,5.678189817724702,0.21482887573769677,13.739763736724854,16.0,,,
D_TX,1514,2.987804966047406,2.7921875,0.1956174660474062,11.0,11.0,,,
D_TX,1515,4.321960140634509,4.376820388349515,-0.0548602477150056,11.0,11.0,,,
D_TX,1516,4.620581005774119,4.512893982808023,0.10768702296609524,9.0,10.0,,,
D_TX,1517,4.894288869862704,4.598453608247422,0.29583526161528123,11.0,11.0,,,
D_TX,1518,3.4959198228407145,3.4704821991888237,0.025437623651890454,10.0,11.0,,,
D_TX,1519,4.551654142695432,4.541644277270285,0.01000986542514676,11.0,11.0,,,
D_TX,1520,6.9699093579146005,7.049019607843137,-0.07911024992853713,9.0,10.0,,,
D_TX,1521,5.133138077775228,4.880412371134021,0.252725706641207,11.0,11.0,,,
D_TX,1522,6.018893683645885,5.81682884945621,0.20206483418967428,11.0,11.0,,,
D_TX,1523,4.8769741084278095,4.833764888658726,0.043209219769083235,11.0,11.0,,,
D_TX,1524,4.653993637182496,4.651136363636364,0.0028572735461321742,9.100000000000136,10.0,,,
D_TX,1525,5.875839407588187,5.794135613927917,0.08170379366027049,11.0,11.0,,,
D_TX,1526,7.216828248289784,7.192583732057416,0.024244516232367338,14.0,14.0,,,
D_TX,1527,6.044418392586092,6.15559655596556,-0.11117816337946743,11.0,11.0,,,
D_TX,1528,3.3767314259045076,3.346109175377468,0.030622250527039638,11.0,11.0,,,
D_TX,1529,4.741927035057798,4.549468085106383,0.19245894995141535,8.663708806037905,10.0,,,
D_TX,1530,5.644569696326654,5.602820211515864,0.04174948481078994,13.506044363975525,15.0,,,
D_TX,1531,3.7859175084665058,3.7534766118836917,0.032440896582814446,11.0,11.0,,,
D_TX,1532,5.14804121760052,5.052404438964242,0.09563677863627856,10.0,11.0,,,
D_TX,1533,3.2587752896716857,3.0948131622978248,0.1639621273738608,8.791259527206421,11.0,,,
D_TX,1534,4.516589225176068,4.275175644028103,0.24141358114796443,8.0,10.0,,,
D_TX,1535,5.4612719239008545,5.202651515151516,0.25862040874933956,11.0,11.0,,,
D_TX,1536,5.800738694923925,5.78405315614618,0.016685538777745312,11.0,11.0,,,
D_TX,1537,5.571992329188755,5.472154963680388,0.09983736550836816,11.0,11.0,,,
D_TX,1538,5.2285628869904945,5.102735901730877,0.12582698525961786,11.0,11.0,,,
D_TX,1539,5.350454245613755,5.151417870518994,0.19903637509476124,11.0,11.0,,,
D_TX,1540,5.137402268811791,5.125061064973131,0.012341203838659602,11.0,11.0,,,
D_TX,1541,6.020211108490135,6.051868377021751,-0.03165726853161635,10.0,11.0,,,
D_TX,1542,6.016560180406419,5.856702619414484,0.15985756099193477,11.0,11.0,,,
D_TX,1543,2.8456444181478826,2.7990105132962277,0.046633904851655125,7.0,7.0,,,
D_TX,1544,7.381112195994403,7.4324324324324325,-0.05132023643802952,11.0,11.0,,,
D_TX,1545,3.4785634916684747,3.305044510385757,0.17351898128271812,7.67127799987793,9.0,,,
D_TX,1546,5.525148952654166,5.46843853820598,0.056710414448185746,11.0,11.0,,,
D_TX,1547,4.933102648072648,4.788915094339623,0.14418755373302497,10.0,11.0,,,
D_TX,1548,3.432055637329541,3.4214246873300707,0.01063094999947063,8.0,10.0,,,
D_TX,1549,3.531630569339348,3.2995391705069124,0.23209139883243543,10.0,11.0,,,
D_TX,1550,4.444141411962127,4.377573131094258,0.066568280867869,11.0,11.0,,,
D_TX,1551,5.463912194143924,5.482290436835892,-0.018378242691967816,7.750009703636169,9.0,,,
D_TX,1552,6.276582702180835,6.227030625832223,0.049552076348610787,11.0,11.0,,,
D_TX,1553,4.9636846626474,4.911798396334479,0.051886266312921446,10.0,11.0,,,
D_TX,1554,4.850580986069335,4.779386218876665,0.0711947671926705,10.0,11.0,,,
D_TX,1555,4.202502440541021,4.30510752688172,-0.10260508634069915,11.0,11.0,,,
D_TX,1556,3.608844594365838,3.5444177671068426,0.06442682725899503,8.0,8.0,,,
D_TX,1557,4.7260778317626,4.723140495867769,0.0029373358948312374,11.0,11.0,,,
D_TX,1558,6.91924920962285,6.748337028824833,0.17091218079801673,11.0,11.0,,,
D_TX,1559,4.3303976148225685,4.276777251184834,0.05362036363773436,10.0,10.0,,,
D_TX,1560,4.995987000328906,4.915947296683326,0.08003970364558052,11.0,11.0,,,
D_TX,1561,7.192855003185906,7.077790973871734,0.11506402931417252,13.730844116210937,14.0,,,
D_TX,1562,5.154603112985089,5.00181598062954,0.15278713235554914,10.0,10.0,,,
D_TX,1563,4.867437857054012,4.855905998763141,0.011531858290871059,11.0,11.0,,,
D_TX,1564,3.143236224663043,2.923076923076923,0.2201593015861199,9.0,9.799999999999955,,,
D_TX,1565,4.942435503134163,4.974193548387097,-0.0317580452529333,11.0,11.0,,,
D_TX,1566,5.945442276949414,5.956070774862721,-0.010628497913307064,10.0,11.0,,,
D_TX,1567,3.893513102858034,3.695342465753425,0.19817063710460925,9.0,10.0,,,
D_TX,1568,4.167781498888819,4.130289532293987,0.037491966594831984,10.0,11.0,,,
D_TX,1569,5.549579000058381,5.387246376811595,0.16233262324678724,11.0,11.0,,,
D_TX,1570,4.316738324718504,4.444444444444445,-0.1277061197259411,11.0,11.0,,,
D_TX,1571,5.309098826750034,5.332740213523132,-0.023641386773096993,11.0,11.0,,,
D_TX,1572,5.854337069073209,5.586635127143702,0.26770194192950647,11.0,11.0,,,
D_TX,1573,5.5888535199130445,5.375249500998004,0.2136040189150406,8.63953709602356,10.0,,,
D_TX,1574,5.638229354222616,5.7392330383480825,-0.10100368412546704,12.0,12.0,,,
D_TX,1575,4.613002273947634,4.559840425531915,0.0531618484157197,8.776454210281372,11.0,,,
D_TX,1576,4.906694743870845,4.759231158320688,0.14746358555015676,11.0,11.0,,,
D_TX,1577,3.2375826090407025,3.234567901234568,0.003014707806134465,11.0,11.0,,,
D_TX,1578,5.662157758257931,5.738765727980827,-0.07660796972289637,10.200000000000045,11.0,,,
D_TX,1579,3.7914742047541607,3.810747663551402,-0.019273458797240926,9.0,9.0,,,
D_TX,1580,4.635148950864191,4.486575342465754,0.1485736083984375,11.0,11.0,,,
D_TX,1581,4.651048224162439,4.492995689655173,0.15805253450726642,11.0,11.0,,,
D_TX,1582,5.779459894731739,5.612730517549078,0.1667293771826604,11.0,11.0,,,
D_TX,1583,5.813346282233641,5.710801393728223,0.10254488850541825,11.0,11.0,,,
D_TX,1584,4.064304794584002,3.8195201744820064,0.24478462010199528,10.0,11.0,,,
D_TX,1585,6.044471199093238,6.142095914742451,-0.0976247156492135,11.0,11.0,,,
D_TX,1586,4.254288306292746,4.060913705583756,0.19337460070898893,11.0,11.0,,,
D_TX,1587,5.046257075843753,4.86140617096611,0.18485090487764289,11.0,11.0,,,
D_TX,1588,6.262178998887732,6.218040233614536,0.04413876527319629,12.0,12.0,,,
D_TX,1589,4.880829566883572,4.879007238883144,0.0018223280004286348,10.0,10.0,,,
D_TX,1590,4.348973513748873,4.371757925072046,-0.02278441132317359,11.0,11.0,,,
D_TX,1591,4.725280323092491,4.6118220597196835,0.11345826337280832,11.0,11.0,,,
D_TX,1592,6.040600777363031,5.856894553881808,0.1837062234812236,11.0,11.0,,,
D_TX,1593,5.993088318281435,6.045292014302741,-0.052203696021306215,11.0,11.0,,,
D_TX,1594,3.7749291410469947,3.8234413965087284,-0.04851225546173324,11.0,11.0,,,
D_TX,1595,4.9586162019211475,4.890984089569829,0.06763211235131807,11.0,11.0,,,
D_TX,1596,6.656271950358306,6.71919770773639,-0.06292575737808359,11.0,11.0,,,
D_TX,1597,5.374280671332596,5.268332428028246,0.10594824330435053,10.0,10.0,,,
D_TX,1598,4.959017804519615,4.851130653266332,0.10788715125328333,11.0,11.0,,,
D_TX,1599,3.8342234739740446,3.807770961145194,0.02645251282885031,10.0,10.0,,,
D_TX,1600,6.091585140059573,6.08955223880597,0.0020329012536027275,11.0,11.0,,,
D_TX,1601,3.071710593668489,3.097322348094748,-0.025611754426258845,8.0,10.0,,,
D_TX,1602,3.7721889579776944,3.753273965426925,0.018914992550769484,8.0,10.0,,,
D_TX,1603,4.087808579423029,3.9413079932923423,0.146500586130687,9.0,10.0,,,
D_TX,1604,5.537007405912721,5.385974025974026,0.15103337993869534,11.0,11.0,,,
D_TX,1605,4.421933773140671,4.415226781857451,0.00670699128321901,11.0,11.0,,,
D_TX,1606,3.8737607867349255,4.110030706243603,-0.2362699195086773,10.0,10.700000000000045,,,
D_TX,1607,4.722055233305649,4.539500337609724,0.18255489569592523,8.78961992263794,11.0,,,
D_TX,1608,4.230111561730089,4.020738820479585,0.20937274125050356,11.0,11.0,,,
D_TX,1609,4.700756439715948,4.539760348583878,0.1609960911320705,11.0,11.0,,,
D_TX,1610,4.04472239979121,3.912762520193861,0.13195987959734906,10.0,10.0,,,
D_TX,1611,5.204456656658939,5.198577356253705,0.005879300405234363,11.0,11.0,,,
D_TX,1612,3.240915156536289,3.2659758203799654,-0.02506066384367649,8.0,10.0,,,
D_TX,1613,3.6422500865749083,3.7151406343506883,-0.07289054777577993,10.0,10.0,,,
D_TX,1614,4.328002594365664,4.298057259713701,0.029945334651962623,11.0,11.0,,,
D_TX,1615,6.00668786928832,5.9537389100126745,0.05294895927564575,14.0,14.0,,,
D_TX,1616,4.614102621299774,4.461799660441426,0.15230296085834774,11.0,11.0,,,
D_TX,1617,4.552600467625639,4.486045286993154,0.06655518063248428,11.0,11.0,,,
D_TX,1618,5.225334414445573,5.2503090234857845,-0.02497460904021198,12.0,12.0,,,
D_TX,1619,4.221859728248374,4.19131924614506,0.03054048210331401,8.0,10.0,,,
D_TX,1620,5.082327157725906,5.135602377093463,-0.053275219367556415,8.693071603775024,10.0,,,
D_TX,1621,5.232962319510324,5.2702857142857145,-0.03732339477539062,11.0,11.0,,,
D_TX,1622,5.655647910765634,5.549365692222835,0.10628221854279861,11.0,11.0,,,
D_TX,1623,4.266979763688576,4.160436137071651,0.1065436266169246,8.0,10.0,,,
D_TX,1624,4.938493568928246,4.749576031656303,0.18891753727194277,9.0,10.0,,,
D_TX,1625,5.245588863434977,5.155625657202944,0.08996320623203281,11.0,11.0,,,
D_TX,1626,4.618114598704788,4.359323882224645,0.2587907164801428,11.0,11.0,,,
D_TX,1627,6.744142586760068,6.669477234401349,0.07466535235871888,11.0,11.0,,,
D_TX,1628,3.967212837514342,3.7777777777777777,0.18943505973656402,8.0,10.0,,,
D_TX,1629,4.651849299127405,4.531818181818182,0.12003111730922353,10.0,11.0,,,
D_TX,1630,5.922791931715357,5.7620481927710845,0.16074373894427196,13.724665403366089,16.0,,,
D_TX,1631,4.470826658510393,4.598502304147465,-0.12767564563707273,12.0,12.0,,,
D_TX,1632,5.5195712656049585,5.651343283582089,-0.13177201797713095,11.0,11.0,,,
D_TX,1633,6.245736838892598,6.2233065442020665,0.022430294690531788,11.0,11.0,,,
D_TX,1634,7.11096723445227,6.980136561142148,0.1308306733101218,11.0,11.0,,,
D_TX,1635,4.677069100933125,4.825721784776903,-0.14865268384377786,11.0,11.0,,,
D_TX,1636,4.346504603920218,4.159114315139032,0.18739028878118671,11.0,11.0,,,
D_TX,1637,4.678632924709043,4.61606578115117,0.06256714355787245,11.0,11.0,,,
D_TX,1638,5.118991179701615,4.884826325411335,0.23416485429028053,11.0,11.0,,,
D_TX,1639,6.046936431490258,5.965822038892163,0.0811143925980954,11.0,11.0,,,
D_TX,1640,4.253279964184091,4.236514522821577,0.016765441362513765,11.0,11.0,,,
D_TX,1641,4.633658318000781,4.520503007107709,0.1131553108930718,10.0,10.0,,,
D_TX,1642,5.919384897153306,5.762598664238008,0.1567862329152981,11.0,11.0,,,
D_TX,1643,3.5976265062898194,3.569539666993144,0.028086839296675336,11.0,11.0,,,
D_TX,1644,4.873736533131729,4.7393469839513,0.13438954918042822,10.0,10.0,,,
D_TX,1645,5.437765038284231,5.546884100174723,-0.1091190618904927,12.0,12.0,,,
D_TX,1646,3.7346914911437787,3.7132094424912103,0.021482048652568454,11.0,11.0,,,
D_TX,1647,3.6933699342939588,3.7160493827160495,-0.022679448422090506,11.0,11.0,,,
D_TX,1648,5.264217574600472,5.450824332006822,-0.18660675740635077,10.0,11.0,,,
D_TX,1649,4.902172324311643,4.989094874591058,-0.08692255027941555,11.0,11.0,,,
D_TX,1650,4.415898422686443,4.403458213256484,0.012440209429958025,10.0,11.0,,,
D_TX,1651,4.637821606594882,4.610996916752312,0.02682468984256913,11.0,11.0,,,
D_TX,1652,4.884317771680789,4.988523735002608,-0.10420596332181911,10.0,11.0,,,
D_TX,1653,5.36560878730427,5.1927449918787225,0.17286379542554722,11.0,11.0,,,
D_TX,1654,6.438919263484096,6.553191489361702,-0.11427222587760592,13.733492136001587,16.0,,,
D_TX,1655,4.960400945585068,4.8832876712328765,0.07711327435219124,11.0,11.0,,,
D_TX,1656,4.087898328029055,4.105947026486756,-0.01804869845770169,10.0,11.0,,,
D_TX,1657,5.077619131441832,5.101347017318794,-0.023727885876962052,11.0,11.0,,,
D_TX,1658,4.272114494382733,4.092171717171717,0.17994277721101587,11.0,11.0,,,
D_TX,1659,5.396758163351165,5.326591314693634,0.07016684865752974,12.0,12.0,,,
D_TX,1660,5.102348910746291,4.889025137952177,0.21332377279411424,11.0,11.0,,,
D_TX,1661,5.181345250322411,5.169833045480714,0.011512204841697222,11.0,11.0,,,
D_TX,1662,4.082110685894611,4.008390141583639,0.07372054431097133,8.0,10.0,,,
D_TX,1663,5.705344072265062,5.6435868331441545,0.061757239120907734,11.0,11.0,,,
D_TX,1664,4.541071789789716,4.637184115523466,-0.09611232573374945,9.0,10.0,,,
D_TX,1665,6.3695848017069645,6.421387283236994,-0.05180248153002965,13.48882532119751,14.0,,,
D_TX,1666,5.82249374848413,5.606997084548105,0.21549666393602554,11.0,11.0,,,
D_TX,1667,4.619801727871727,4.827458256029685,-0.20765652815795785,11.0,11.0,,,
D_TX,1668,4.668120554353019,4.674430915828481,-0.006310361475462381,11.0,11.0,,,
D_TX,1669,3.653368802156728,3.5372460496613995,0.11612275249532868,8.674202084541323,9.0,,,
D_TX,1670,5.436669066743559,5.1784934497816595,0.2581756169618998,11.0,11.0,,,
D_TX,1671,5.269558560094114,5.212287104622871,0.05727145547124301,13.477931022644043,14.0,,,
D_TX,1672,6.061674001306479,5.8771733034212,0.18450069788527904,12.0,12.0,,,
D_TX,1673,4.555814690105681,4.59552495697074,-0.039710266865058935,8.0,10.0,,,
D_TX,1674,5.759546591665002,5.536923931149362,0.22262266051564067,11.0,11.0,,,
D_TX,1675,4.115739023090101,4.167828106852497,-0.052089083762395946,11.0,11.0,,,
D_TX,1676,5.375950498423972,5.286038592508513,0.0899119059154584,11.0,11.0,,,
D_TX,1677,6.815308382904378,6.813725490196078,0.0015828927082998942,15.0,15.0,,,
D_TX,1678,5.4157448015668,5.370907390084191,0.04483741148260846,11.0,11.0,,,
D_TX,1679,5.122742762885921,4.9594423320659065,0.16330043082001544,12.443379306793146,12.599999999999909,,,
D_TX,1680,4.026029252088987,4.035009861932939,-0.008980609843951945,11.0,11.0,,,
D_TX,1681,4.22295137573691,4.271764705882353,-0.04881333014544319,11.0,11.0,,,
D_TX,1682,3.9000058994498303,3.736559139784946,0.16344675966488417,11.0,11.0,,,
D_TX,1683,3.2413182292532055,3.1943081452404316,0.04701008401277372,7.647556376457214,8.0,,,
D_TX,1684,4.5873194415748335,4.50595947556615,0.08135996600868307,11.0,11.0,,,
D_TX,1685,4.806200476100259,4.742574257425742,0.06362621867451711,11.0,11.0,,,
D_TX,1686,4.381985430136618,4.462889518413598,-0.08090408827697927,8.79195523262024,11.0,,,
D_TX,1687,5.664035628671232,5.942028985507246,-0.2779933568360149,11.0,11.0,,,
D_TX,1688,5.221491759786239,5.2890625,-0.06757074021376096,11.0,11.0,,,
D_TX,1689,6.821616250696317,6.751549295774648,0.07006695492166869,13.504147291183472,16.0,,,
D_TX,1690,5.305558816826064,5.187612748045701,0.11794606878036343,10.0,11.0,,,
D_TX,1691,4.613617247763253,4.657310704960835,-0.043693457197582754,11.0,11.0,,,
D_TX,1692,5.0570981922100655,4.8227360308285165,0.2343621613815494,11.0,11.0,,,
D_TX,1693,4.962585865159306,5.016988869361453,-0.05440300420214715,11.0,11.0,,,
D_TX,1694,5.454708910218759,5.447128287707998,0.007580622510761583,10.0,10.0,,,
D_TX,1695,4.510418378107646,4.508284023668639,0.00213435443900746,11.0,11.0,,,
D_TX,1696,4.504139604946462,4.446341463414634,0.057798141531827975,10.0,10.0,,,
D_TX,1697,4.841590213004134,4.79384133611691,0.047748876887223915,11.0,11.0,,,
D_TX,1698,5.534375046252893,5.527723418134377,0.006651628118516259,14.0,14.0,,,
D_TX,1699,5.74793143367617,5.63478717813978,0.11314425553639061,11.0,11.0,,,
D_TX,1700,5.173628831731862,5.221264367816092,-0.04763553608422992,10.0,10.100000000000136,,,
D_TX,1701,4.117334021523941,3.9662790697674417,0.15105495175649952,11.0,11.0,,,
D_TX,1702,5.419296404384259,5.361216730038023,0.0580796743462359,11.0,11.0,,,
D_TX,1703,4.779977457380677,4.663170882171499,0.11680657520917814,11.0,11.0,,,
D_TX,1704,3.275135323461924,3.181083650190114,0.09405167327181015,9.0,10.0,,,
D_TX,1705,5.424815595999243,5.452770448548812,-0.02795485254957053,11.0,11.0,,,
D_TX,1706,4.844314696207768,4.791036414565826,0.05327828164194144,11.0,11.0,,,
D_TX,1707,4.445853847987353,4.430184804928132,0.015669043059221774,11.0,11.0,,,
D_TX,1708,4.617169099161271,4.514285714285714,0.10288338487555666,10.0,11.0,,,
D_TX,1709,4.98867855695791,4.9529069767441865,0.03577158021372418,11.0,11.0,,,
D_TX,1710,4.86225547221265,4.8081824279007375,0.05407304431191233,11.0,11.0,,,
D_TX,1711,4.35834105014801,4.550531914893617,-0.19219086474560676,11.0,11.0,,,
D_TX,1712,5.348604566638124,5.417550058892815,-0.0689454922546908,11.0,11.0,,,
D_TX,1713,4.779255517732675,4.628938906752412,0.15031661098026386,11.0,11.0,,,
D_TX,1714,5.099831661613751,5.175546831183399,-0.07571516956964772,10.0,10.0,,,
D_TX,1715,4.455048305751051,4.351334951456311,0.10371335429473988,9.0,10.0,,,
D_TX,1716,5.1710607575186085,5.037552998182919,0.13350775933568945,12.0,12.0,,,
D_TX,1717,4.790581148458029,4.666861826697892,0.1237193217601374,10.0,10.0,,,
D_TX,1718,6.844630217491673,7.0,-0.15536978250832728,14.0,14.0,,,
D_TX,1719,4.972933142399888,4.986285032796661,-0.013351890396773283,11.0,11.0,,,
D_TX,1720,3.317044497900773,3.4323621227887617,-0.11531762488798843,11.0,11.0,,,
D_TX,1721,7.409250444428533,7.44957264957265,-0.040322205144116004,8.662397146224976,10.0,,,
D_TX,1722,3.4602144010994094,3.462952326249282,-0.002737925149872685,8.0,10.0,,,
D_TX,1723,4.434355399034319,4.286496350364963,0.14785904866935562,10.0,10.0,,,
D_TX,1724,5.295469242743207,5.199071686436308,0.09639755630689899,11.0,11.0,,,
D_TX,1725,5.7070539985812685,5.654716981132076,0.05233701744919303,11.0,11.0,,,
D_TX,1726,4.27323821257085,4.25095680699836,0.022281405572489744,11.0,11.0,,,
D_TX,1727,7.330746271274164,7.22852422907489,0.10222204219927347,11.0,11.0,,,
D_TX,1728,5.7961201066669545,5.571081409477522,0.22503869718943303,9.0,11.0,,,
D_TX,1729,4.90518967265965,4.848961257720382,0.05622841493926779,11.0,11.0,,,
D_TX,1730,5.397417686655176,5.468901846452867,-0.0714841597976907,11.0,11.0,,,
D_TX,1731,3.328075661329424,3.2151230949589684,0.11295256637045535,11.0,11.0,,,
D_TX,1732,6.908411145270382,6.742309631870903,0.16610151339947907,11.0,11.0,,,
D_TX,1733,4.084051966377973,3.9417758369723437,0.14227612940562923,10.0,11.0,,,
D_TX,1734,6.58385336900789,6.425607587433314,0.15824578157457714,11.0,11.0,,,
D_TX,1735,5.126264593418672,5.020725388601036,0.1055392048176363,11.0,11.0,,,
D_TX,1736,3.6803076472608076,3.5392456676860347,0.14106197957477318,10.0,11.0,,,
D_TX,1737,4.365245274060678,4.346069868995633,0.019175405065045087,11.0,11.0,,,
D_TX,1738,4.027932253998595,3.865974025974026,0.1619582280245694,10.0,10.0,,,
D_TX,1739,5.5350178144891995,5.507177033492823,0.027840780996376373,11.0,11.0,,,
D_TX,1740,3.3503387396601956,3.1673024523160764,0.1830362873441192,10.0,11.0,,,
D_TX,1741,4.73891486033477,4.762326169405815,-0.023411309071045307,10.0,11.0,,,
D_TX,1742,4.355974442197795,4.22568578553616,0.13028865666163533,8.445486664772062,10.0,,,
D_TX,1743,5.849260385751599,5.770163415919874,0.07909696983172508,11.400000000000091,11.400000000000091,,,
D_TX,1744,7.607610518225039,7.3803393797542425,0.22727113847079647,18.0,18.0,,,
D_TX,1745,4.450919000009982,4.289337175792507,0.16158182421747477,8.0,10.0,,,
D_TX,1746,5.4285600266813,5.499355670103093,-0.0707956434217925,12.0,12.0,,,
D_TX,1747,4.145865582161956,4.116906474820144,0.028959107341812097,11.0,11.0,,,
D_TX,1748,3.62771517856101,3.630510153541357,-0.002794974980347224,11.0,11.0,,,
D_TX,1749,6.334704834868599,6.375962107756068,-0.041257272887469894,14.0,14.0,,,
D_TX,1750,5.0217335869352775,5.175931582162493,-0.15419799522721483,8.791259527206421,10.0,,,
D_TX,1751,3.987220484300876,3.9520316027088036,0.03518888159207243,10.0,10.0,,,
D_TX,1752,4.148545173885451,4.117008443908324,0.03153672997712802,11.0,11.0,,,
D_TX,1753,4.008911157313448,3.8311298076923075,0.17778134962114003,11.0,11.0,,,
D_TX,1754,4.773198327502689,4.767767767767768,0.005430559734921079,11.0,11.0,,,
D_TX,1755,5.781116499999847,5.650094398993077,0.13102210100676895,11.0,11.0,,,
D_TX,1756,3.1970724572041167,3.11147362697118,0.08559883023293657,8.0,8.0,,,
D_TX,1757,5.187048906266827,5.3140877598152425,-0.12703885354841554,11.0,11.0,,,
D_TX,1758,6.782783668443381,6.801204819277109,-0.018421150833727366,12.0,12.0,,,
D_TX,1759,4.427023990125607,4.4167143674871205,0.01030962263848622,11.0,11.0,,,
D_TX,1760,6.09784466312706,5.912107101280559,0.18573756184650106,11.0,11.0,,,
D_TX,1761,4.869452640679383,4.89976275207592,-0.03031011139653614,9.0,11.0,,,
D_TX,1762,6.555185410024461,6.512062726176116,0.04312268384834538,13.817834615707385,14.0,,,
D_TX,1763,4.493581845982869,4.387733333333333,0.10584851264953614,8.653410482406619,9.0,,,
D_TX,1764,4.84713989854978,4.924351187189398,-0.07721128863961838,11.0,11.0,,,
D_TX,1765,3.275808264914247,3.1757731958762885,0.10003506903795852,7.879510569572449,10.0,,,
D_TX,1766,4.90828928477128,4.83184789067142,0.07644139409986055,11.0,11.0,,,
D_TX,1767,3.383151226819342,3.201419213973799,0.18173201284554327,10.0,11.0,,,
D_TX,1768,4.3281079778333265,4.243606998654105,0.08450097917922145,11.0,11.0,,,
D_TX,1769,5.111951318498171,4.849165227403569,0.26278609109460177,10.0,11.0,,,
D_TX,1770,3.9828675478966167,3.883572567783094,0.0992949801135228,10.0,10.0,,,
D_TX,1771,4.728288950756658,4.829607550919026,-0.10131860016236777,10.0,11.0,,,
D_TX,1772,4.2254731566565376,4.059428571428572,0.1660445852279663,11.0,11.0,,,
D_TX,1773,4.219653560505908,4.096774193548387,0.12287936695752014,10.0,11.0,,,
D_TX,1774,8.50448342692107,8.43359375,0.07088967692106962,19.0,19.0,,,
D_TX,1775,3.4777513002456093,3.3296829971181556,0.14806830312745373,10.0,10.0,,,
D_TX,1776,4.909649629276979,4.794513457556936,0.11513617172004273,11.0,11.0,,,
D_TX,1777,3.56303656005961,3.445924347362813,0.11711221269679692,11.0,11.0,,,
D_TX,1778,3.9767886039092306,3.8394123606889563,0.1373762432202742,11.0,11.0,,,
D_TX,1779,4.353286111811728,4.330512692882031,0.022773418929696736,9.0,9.0,,,
D_TX,1780,3.434590401877211,3.1309699655342196,0.30362043634299163,10.0,10.0,,,
D_TX,1781,3.997974543825164,3.8192182410423454,0.17875630278281876,8.662397146224976,10.0,,,
D_TX,1782,5.64019206458447,5.518659076533839,0.12153298805063092,11.0,11.0,,,
D_TX,1783,4.951816598997048,4.942671394799055,0.009145204197994078,11.0,11.0,,,
D_TX,1784,5.029157985033877,5.081180811808118,-0.05202282677424057,13.48061990737915,14.0,,,
D_TX,1785,5.172369777720231,5.159819921215532,0.012549856504698986,11.0,11.0,,,
D_TX,1786,4.19760620917803,4.239506172839506,-0.04189996366147642,10.0,10.0,,,
D_TX,1787,5.476745442047028,5.470341521869383,0.0064039201776448515,9.0,11.0,,,
D_TX,1788,4.199405612150828,4.128095238095238,0.07131037405558995,11.0,11.0,,,
D_TX,1789,6.250038992467019,6.200554016620498,0.049484975846520424,11.0,11.0,,,
D_TX,1790,5.234529150513409,5.165727170236753,0.06880198027665613,11.0,11.0,,,
D_TX,1791,6.130431847184613,6.070221752903907,0.060210094280706165,11.0,11.0,,,
D_TX,1792,4.14609133382858,4.224463240078074,-0.0783719062494937,8.0,10.0,,,
D_TX,1793,4.656024072545298,4.63876404494382,0.017260027601477806,10.0,11.0,,,
D_TX,1794,4.799173900692297,4.610311750599521,0.18886215009277674,11.0,11.0,,,
D_TX,1795,5.216177055183142,5.178861788617886,0.03731526656525568,8.742306661605847,10.0,,,
D_TX,1796,5.8328233434881644,5.6923076923076925,0.14051565118047185,11.0,11.0,,,
D_TX,1797,6.120749478397454,5.996204933586338,0.12454454481111607,12.0,12.0,,,
D_TX,1798,4.820058928197519,4.858959537572255,-0.0389006093747354,9.0,10.100000000000136,,,
D_TX,1799,6.137974417149788,5.941996653653096,0.19597776349669252,12.0,12.0,,,
D_TX,1800,5.603798061274411,5.391573033707865,0.21222502756654546,9.0,10.0,,,
D_TX,1801,4.93715558931281,4.903654485049834,0.03350110426297616,11.0,11.0,,,
D_TX,1802,5.827746576812707,5.638604930847865,0.18914164596484215,10.0,11.0,,,
D_TX,1803,3.796865106489684,3.7129963898916967,0.08386871659798742,8.674202084541323,11.0,,,
D_TX,1804,5.5638032792919905,5.472850678733032,0.09095260055895844,11.0,11.0,,,
D_TX,1805,5.224413522178909,5.002698327037237,0.22171519514167237,14.0,14.0,,,
D_TX,1806,3.613194384989649,3.511085844229676,0.10210854075997305,11.0,11.0,,,
D_TX,1807,3.9070488065726945,3.82737768004398,0.07967112652871423,11.0,11.0,,,
D_TX,1808,5.125938730234249,5.171479080730701,-0.04554035049645284,15.0,15.0,,,
D_TX,1809,3.913394532635112,3.7480780603193375,0.16531647231577418,9.0,9.0,,,
D_TX,1810,6.028333864737542,5.968691296180338,0.0596425685572042,11.0,11.0,,,
D_TX,1811,5.0578686286788574,5.047788510421962,0.010080118256895204,10.0,10.0,,,
D_TX,1812,4.718823432922363,4.518987341772152,0.1998360911502114,11.0,11.0,,,
D_TX,1813,6.908234792209305,6.907632743362832,0.0006020488464726811,12.0,12.0,,,
D_TX,1814,6.130412667104514,6.1299504950495045,0.0004621720550083878,9.0,11.0,,,
D_TX,1815,5.539693901856921,5.464652223489168,0.07504167836775394,10.0,10.0,,,
D_TX,1816,2.7906214352412326,2.779204892966361,0.011416542274871733,8.0,9.600000000000136,,,
D_TX,1817,7.288073592699491,7.214769230769231,0.0733043619302603,11.0,11.0,,,
D_TX,1818,5.463753898767954,5.421213979153893,0.04253991961406097,11.0,11.0,,,
D_TX,1819,4.564657616668043,4.479535398230088,0.0851222184379544,11.0,11.0,,,
D_TX,1820,5.870481045202313,5.868405453467694,0.002075591734618779,11.0,11.0,,,
D_TX,1821,4.736144481830194,4.730633802816901,0.005510679013292555,9.0,10.0,,,
D_TX,1822,5.841523581121226,5.5764944275582575,0.26502915356296897,11.0,11.0,,,
D_TX,1823,4.91875209753224,4.778034682080925,0.14071741545131441,10.0,10.0,,,
D_TX,1824,4.316238173885622,4.369855072463768,-0.05361689857814623,9.0,9.0,,,
D_TX,1825,3.564019889362975,3.5052023121387283,0.05881757722424634,9.0,9.0,,,
D_TX,1826,6.0798850927352905,5.939,0.14088509273529054,11.0,11.0,,,
D_TX,1827,3.86348121031065,3.772063120981882,0.0914180893287681,10.0,11.0,,,
D_TX,1828,3.9243284104343408,3.8642284569138274,0.06009995352051301,11.0,11.0,,,
D_TX,1829,3.6187714615837816,3.5424610051993066,0.0763104563844748,8.0,8.0,,,
D_TX,1830,4.315375451540254,4.293624161073826,0.02175129046642807,9.0,10.0,,,
D_TX,1831,4.870381195053494,4.9412470023980815,-0.07086580734458758,12.0,12.0,,,
D_TX,1832,4.211511570817969,4.005056179775281,0.20645539104268792,8.0,9.0,,,
D_TX,1833,3.9109544368506004,3.6716335540838854,0.2393208827667152,10.0,10.0,,,
D_TX,1834,4.139613895410269,3.9918341708542715,0.147779724555998,10.0,11.0,,,
D_TX,1835,4.124686879049491,4.173728813559322,-0.04904193450983154,8.636409521102905,10.0,,,
D_TX,1836,6.009645940764347,6.097620500305064,-0.08797455954071659,15.0,15.0,,,
D_TX,1837,4.307203910613703,4.197349739706579,0.10985417090712482,8.7871732711792,11.0,,,
D_TX,1838,5.230572531797196,5.0236941303177165,0.2068784014794797,11.0,11.0,,,
D_TX,1839,4.167066762907996,4.150743099787686,0.01632366312031027,10.0,10.0,,,
D_TX,1840,3.676746515892702,3.675118858954041,0.0016276569386606675,8.0,9.799999999999955,,,
D_TX,1841,4.548938780562429,4.499141385231826,0.04979739533060267,9.0,10.0,,,
D_TX,1842,5.462231771820744,5.362144420131291,0.10008735168945346,11.0,11.0,,,
D_TX,1843,4.490586585589818,4.591428571428572,-0.10084198583875384,11.0,11.0,,,
D_TX,1844,3.6009206935509686,3.5090609555189456,0.09185973803202312,11.0,11.0,,,
D_TX,1845,4.08796664530999,4.133299022130726,-0.04533237682073557,8.0,10.0,,,
D_TX,1846,4.318707556166547,4.100531914893617,0.21817564127293038,10.0,11.0,,,
D_TX,1847,6.61408402788801,6.525103366804489,0.08898066108352111,11.0,11.0,,,
D_TX,1848,5.476017395655314,5.411764705882353,0.06425268977296118,11.0,11.0,,,
D_TX,1849,2.9657951078548908,2.8313989004276117,0.13439620742727942,7.0,7.0,,,
D_TX,1850,5.6612955200016986,5.672141503474416,-0.01084598347271686,11.0,11.0,,,
D_TX,1851,5.123181963665916,5.325047801147227,-0.20186583748131212,10.0,11.0,,,
D_TX,1852,4.703387621314861,4.56979280261723,0.1335948186976309,11.0,11.0,,,
D_TX,1853,4.709077289843601,4.609958506224066,0.09911878361953527,10.0,11.0,,,
D_TX,1854,5.27762710394836,5.276722734671731,0.0009043692766294102,11.0,11.0,,,
D_TX,1855,4.389530000776082,4.621915103652517,-0.23238510287643538,11.0,11.0,,,
D_TX,1856,6.804770268396983,6.653517422748192,0.15125284564879127,18.0,18.0,,,
D_TX,1857,7.49444878006083,7.486414491209377,0.008034288851453956,11.0,11.0,,,
D_TX,1858,6.528011061208097,6.436897880539499,0.09111318066859751,12.0,12.0,,,
D_TX,1859,5.418274298084124,5.4086565486228215,0.009617749461302132,11.0,11.0,,,
D_TX,1860,4.7779320739992865,4.622102425876011,0.15582964812327588,11.0,11.0,,,
D_TX,1861,5.943007825892133,5.987964989059081,-0.044957163166947645,11.0,11.0,,,
D_TX,1862,5.629644094490857,5.595652173913043,0.03399192057781338,11.0,11.0,,,
D_TX,1863,5.877506320224786,5.87639751552795,0.001108804696835346,11.100000000000136,11.100000000000136,,,
D_TX,1864,2.9084338793315077,2.9653121902874133,-0.05687831095590582,7.694412088394164,9.0,,,
D_TX,1865,4.327763977318793,4.365339578454333,-0.03757560113553979,7.872881770133972,9.0,,,
D_TX,1866,6.137939153163656,6.105052526263131,0.03288662690052454,11.0,11.0,,,
D_TX,1867,5.043722400690118,4.804166666666666,0.23955573402345182,11.0,11.0,,,
D_TX,1868,5.822050316985947,5.839205637411915,-0.017155320425968304,11.0,11.0,,,
D_TX,1869,4.600124766632002,4.613378684807256,-0.01325391817525401,11.0,11.0,,,
D_TX,1870,4.169610578937721,4.135302525011911,0.03430805392581091,11.0,11.0,,,
D_TX,1871,4.948861641069588,4.778137128072445,0.1707245129971424,10.0,10.5,,,
D_TX,1872,10.74492093337036,10.739792387543252,0.005128545827106621,28.0,28.0,,,
D_TX,1873,3.6448267542398893,3.7285714285714286,-0.08374467433153927,11.0,11.0,,,
D_TX,1874,4.424687296103071,4.505211190345584,-0.0805238942425132,10.0,11.0,,,
D_TX,1875,3.5590339242742304,3.4499732477260565,0.10906067654817356,8.644423818588258,10.0,,,
D_TX,1876,3.7775842826955337,3.6996735582154514,0.07791072448008209,7.868929624557495,8.0,,,
D_TX,1877,3.458317474814512,3.3838604143947655,0.07445706041974616,9.0,10.0,,,
D_TX,1878,3.5509602703644565,3.5630094043887146,-0.012049134024258317,8.0,10.0,,,
D_TX,1879,5.24301506017355,5.085910652920962,0.1571044072525881,11.0,11.0,,,
D_TX,1880,5.164842271256721,4.9987900786448884,0.1660521926118328,10.0,10.0,,,
D_TX,1881,4.5655042166387485,4.611506524317912,-0.046002307679163884,11.0,11.0,,,
D_TX,1882,4.658336850090393,4.803500846979108,-0.1451639968887148,8.0,10.0,,,
D_TX,1883,5.628941680010877,5.551282051282051,0.07765962872882617,11.0,11.0,,,
D_TX,1884,4.856595695115792,4.585458491589799,0.27113720352599235,11.0,11.0,,,
D_TX,1885,3.34581706006762,3.390422535211268,-0.04460547514364753,7.0,7.0,,,
D_TX,1886,5.839861512055961,5.825806451612904,0.014055060443057809,11.0,11.0,,,
D_TX,1887,4.643144747374894,4.592207792207792,0.050936955167101575,11.0,11.0,,,
D_TX,1888,4.278327595874188,4.327653359298929,-0.049325763424740564,11.0,11.0,,,
D_TX,1889,6.219637199116048,6.102471678681772,0.11716552043427646,11.0,11.0,,,
D_TX,1890,5.1111387248156745,4.895790554414784,0.21534817040088974,11.0,11.0,,,
D_TX,1891,3.973886275366182,3.9853709508881923,-0.01148467552201003,11.0,11.0,,,
D_TX,1892,6.5334358838659385,6.4403606102635225,0.09307527360241555,18.0,18.0,,,
D_TX,1893,3.5361789530436196,3.416,0.1201789530436198,9.0,10.0,,,
D_TX,1894,5.732002596940823,5.707784431137725,0.024218165803098393,11.0,11.0,,,
D_TX,1895,5.412878625102911,5.391819160387514,0.02105946471539714,12.0,12.0,,,
D_TX,1896,4.584976248869123,4.561843640606768,0.02313260826235474,11.0,11.0,,,
D_TX,1897,5.709490789423473,5.453590192644484,0.2559005967789899,11.0,11.0,,,
D_TX,1898,4.170870873002027,4.060814687320711,0.11005618568131517,9.0,10.0,,,
D_TX,1899,3.361504409313202,3.227894736842105,0.13360967247109665,11.0,11.0,,,
D_TX,1900,5.773521286949279,5.806984126984127,-0.03346284003484817,11.0,11.0,,,
D_TX,1901,3.7830203627074517,3.6698918611269207,0.11312850158053091,8.0,8.0,,,
D_TX,1902,5.776658150330669,5.771361225692399,0.005296924638270489,14.0,15.0,,,
D_TX,1903,5.092610278728719,4.915368639667705,0.17724163906101373,11.0,11.0,,,
D_TX,1904,5.648877574269753,5.575192802056555,0.07368477221319791,11.0,11.0,,,
D_TX,1905,6.014021841749627,5.980244044160372,0.03377779758925496,12.0,12.0,,,
D_TX,1906,5.354794789369775,5.268253968253968,0.08654082111580662,11.0,11.0,,,
D_TX,1907,5.244343763632271,5.22495894909688,0.019384814535390503,12.0,12.0,,,
D_TX,1908,5.4823256226888315,5.293502202643172,0.1888234200456594,11.0,11.0,,,
D_TX,1909,4.013923820009274,4.0790929203539825,-0.06516910034470853,11.0,11.0,,,
D_TX,1910,4.996804889711245,4.953882078225336,0.04292281148590961,11.0,11.0,,,
D_TX,1911,4.892375669224346,4.95273631840796,-0.06036064918361493,9.0,10.0,,,
D_TX,1912,4.799779427863063,4.84037558685446,-0.04059615899139727,11.0,11.0,,,
D_TX,1913,6.14310655186971,6.212266666666666,-0.06916011479695638,11.0,11.0,,,
D_TX,1914,4.5852786336509945,4.672551252847381,-0.08727261919638563,9.0,10.0,,,
D_TX,1915,4.480747671040276,4.388476896748431,0.09227077429184422,10.0,10.0,,,
D_TX,1916,3.512706343807391,3.502830674215131,0.009875669592260026,10.0,11.0,,,
D_TX,1917,3.3066531812579614,3.3249571673329528,-0.018303986074991188,10.0,11.0,,,
D_TX,1918,3.606608010368141,3.420515896820636,0.18609211354750535,10.0,10.0,,,
D_TX,1919,4.874868589062845,4.925403225806452,-0.05053463674360706,11.0,11.0,,,
D_TX,1920,5.0460438851611205,5.169678714859438,-0.1236348296983175,11.0,11.0,,,
D_TX,1921,5.312187993919457,5.316849816849817,-0.004661822930360451,12.0,12.0,,,
D_TX,1922,4.993289247756043,4.873487903225806,0.11980134453023633,11.0,11.0,,,
D_TX,1923,4.155967069928378,3.952743074416078,0.2032239955122998,9.0,10.0,,,
D_TX,1924,3.2220650595500477,3.1634723788049603,0.05859268074508719,8.791259527206421,10.0,,,
D_TX,1925,4.368940439831646,4.4763200870985305,-0.10737964726688425,11.0,11.0,,,
D_TX,1926,4.281053024428312,4.41701122268163,-0.1359581982533184,11.0,11.0,,,
D_TX,1927,5.562899495942673,5.515789473684211,0.04711002225846329,8.782977962493897,10.0,,,
D_TX,1928,6.129710013633953,6.187074829931973,-0.05736481629801986,11.0,11.0,,,
D_TX,1929,7.051925809551571,6.807350326022525,0.24457548352904623,12.0,12.0,,,
D_TX,1930,3.8088765744860646,3.6904899135446687,0.11838666094139605,8.0,10.0,,,
D_TX,1931,4.366196485845054,4.39390243902439,-0.027705953179336176,10.0,11.0,,,
D_TX,1932,3.245442417459252,3.0408163265306123,0.20462609092864006,7.6827942609786986,9.0,,,
D_TX,1933,3.0191250819699484,2.921417565485362,0.09770751648458628,7.832178640365601,10.0,,,
D_TX,1934,4.548812283853266,4.545297172533179,0.0035151113200861802,10.0,10.0,,,
D_TX,1935,4.67054279992475,4.626531699520512,0.04401110040423841,11.0,11.0,,,
D_TX,1936,3.607482228942164,3.4688332445391583,0.1386489844030056,9.0,10.0,,,
D_TX,1937,4.019082181437775,3.9465478841870825,0.07253429725069245,11.0,11.0,,,
D_TX,1938,6.195488442666829,6.161830357142857,0.03365808552397149,13.478731155395508,15.0,,,
D_TX,1939,3.998590233232963,3.9508196721311477,0.04777056110181534,11.0,11.0,,,
D_TX,1940,6.040517829469925,5.883040935672515,0.1574768937974103,10.0,10.0,,,
D_TX,1941,3.3036565555288755,3.221476510067114,0.08218004546176134,10.0,10.0,,,
D_TX,1942,4.678784734536047,4.712731229597389,-0.033946495061340995,9.0,10.0,,,
D_TX,1943,4.289034700986021,4.140993788819876,0.1480409121661453,11.0,11.0,,,
D_TX,1944,4.902978044389654,4.718624641833811,0.1843534025558428,11.0,11.0,,,
D_TX,1945,3.485357825619486,3.5104934770277936,-0.02513565140830747,8.0,8.0,,,
D_TX,1946,5.922994857960195,5.784919653893696,0.13807520406649934,11.0,11.0,,,
D_TX,1947,3.7273255485397474,3.5544455544455547,0.17287999409419316,7.680060648918152,8.900000000000091,,,
D_TX,1948,4.817917739991728,4.694004135079256,0.12391360491247197,11.0,11.0,,,
D_TX,1949,5.056227445343266,4.897282608695652,0.1589448366476142,11.0,11.0,,,
D_TX,1950,4.088046131864372,4.300776914539401,-0.21273078267502865,10.0,10.0,,,
D_TX,1951,6.86914452560677,6.822038567493113,0.04710595811365721,12.0,12.0,,,
D_TX,1952,4.624614002691448,4.479005524861878,0.14560847782956962,9.0,10.0,,,
D_TX,1953,4.541329997494681,4.567745197168858,-0.026415199674176253,11.0,11.0,,,
D_TX,1954,3.642105767968286,3.743909041689226,-0.10180327372094006,10.0,10.0,,,
D_TX,1955,4.522320475064072,4.5661764705882355,-0.04385599552416334,11.0,11.0,,,
D_TX,1956,5.546247995218491,5.468983957219251,0.07726403799923984,11.0,11.0,,,
D_TX,1957,4.991042813213392,4.827586206896552,0.1634566063168405,11.0,11.0,,,
D_TX,1958,4.864399523665217,4.66265690376569,0.2017426198995263,11.0,11.0,,,
D_TX,1959,5.741008677652904,5.635119047619048,0.10588963003385635,11.0,11.0,,,
D_TX,1960,7.424016200760264,7.538271604938272,-0.11425540417800716,11.0,11.0,,,
D_TX,1961,5.715059080460076,5.562770562770563,0.1522885176895132,9.0,10.0,,,
D_TX,1962,5.798878582147451,5.8067692307692305,-0.007890648621779222,10.0,11.0,,,
D_TX,1963,4.4308021283243635,4.490151941474395,-0.05934981315003128,11.0,11.0,,,
D_TX,1964,5.089198276283969,5.046426708398539,0.04277156788542921,12.0,12.0,,,
D_TX,1965,5.489680716530012,5.546569994422756,-0.05688927789274302,11.0,11.0,,,
D_TX,1966,3.009408678673906,2.8762720942688804,0.13313658440502557,10.0,10.0,,,
D_TX,1967,3.5040137500927164,3.557810578105781,-0.05379682801306468,10.0,11.0,,,
D_TX,1968,5.680478586940645,5.549685534591195,0.13079305234945046,12.0,12.0,,,
D_TX,1969,3.4658552791772235,3.6276987888362298,-0.16184350965900632,7.867725849151611,10.0,,,
D_TX,1970,2.973270090446952,2.9101071262226363,0.06316296422431565,7.6649849891662605,8.0,,,
D_TX,1971,5.870735910289731,5.949134199134199,-0.07839828884446776,11.7433793067931,11.899999999999864,,,
D_TX,1972,3.6139477606533337,3.4979591836734696,0.11598857697986421,8.776454210281372,10.0,,,
D_TX,1973,7.219779777925327,7.140389972144847,0.07938980578047984,12.0,12.0,,,
D_TX,1974,4.596805640007263,4.552511415525114,0.04429422448214875,11.799999999999955,11.799999999999955,,,
D_TX,1975,5.188303097642721,5.212514757969304,-0.024211660326582764,9.0,10.0,,,
D_TX,1976,4.1545950881124405,4.033277870216306,0.12131721789613407,10.0,11.0,,,
D_TX,1977,4.2430913757173,4.192629815745394,0.05046155997190577,11.0,11.0,,,
D_TX,1978,3.8948137699626386,3.8994140625,-0.0046002925373613834,11.0,11.0,,,
D_TX,1979,5.333039489972531,5.383793969849246,-0.050754479876714734,11.0,11.0,,,
D_TX,1980,5.468118386697856,5.467850581751378,0.00026780494647893306,11.0,11.0,,,
D_TX,1981,4.935394742597338,4.791868344627299,0.14352639797003894,11.0,11.0,,,
D_TX,1982,4.815406845475114,4.605368360936608,0.21003848453850693,10.0,11.0,,,
D_TX,1983,4.3262840559114375,4.489136817381092,-0.16285276146965452,10.0,11.0,,,
D_TX,1984,4.149549457462643,4.004394224733208,0.14515523272943587,9.0,10.0,,,
D_TX,1985,4.605475779997416,4.638351030605872,-0.032875250608454934,11.0,11.0,,,
D_TX,1986,7.362244623369641,7.2122222222222225,0.15002240114741855,15.0,15.0,,,
D_TX,1987,4.477233698129512,4.304322084073417,0.17291161405609654,11.0,11.0,,,
D_TX,1988,4.234185922118689,4.103644646924829,0.1305412751938596,11.0,11.0,,,
D_TX,1989,5.727550273124642,5.819383259911894,-0.09183298678725227,11.0,11.0,,,
D_TX,1990,5.58197752946168,5.704927211646137,-0.12294968218445644,11.0,11.0,,,
D_TX,1991,5.372976355566336,5.124928366762178,0.24804798880415865,11.0,11.0,,,
D_TX,1992,5.972366945499274,5.871207784773898,0.10115916072537576,11.0,11.0,,,
D_TX,1993,5.6482753926977995,5.587049480757483,0.06122591194031657,11.0,11.0,,,
D_TX,1994,4.86817280502647,4.707997852925389,0.16017495210108038,8.0,9.0,,,
D_TX,1995,6.148469939069102,6.302182428651371,-0.15371248958226882,11.0,11.0,,,
D_TX,1996,3.646679767138675,3.6477893691008445,-0.0011096019621696035,8.0,10.0,,,
D_TX,1997,7.360030880926077,7.3050411522633745,0.05498972866270277,11.0,11.0,,,
D_TX,1998,3.664308254849421,3.690068493150685,-0.0257602383012641,9.0,10.0,,,
D_TX,1999,4.399333386006231,4.094500800854244,0.304832585151986,11.0,11.0,,,
